t,MV,MVP,MVI,MVD,MVFF,SP,PV,DV,Man
0.000000000000000000e+00,6.000000000000000000e+01,1.097328464296937369e+02,-1.546748355141035915e+02,1.049419890844098546e+02,0.000000000000000000e+00,5.985000000000000142e+01,2.315399999999999991e+01,5.000000000000000000e+01,1.000000000000000000e+00
1.000000000000000000e+00,6.000000000000001421e+01,1.098285367252504869e+02,-1.502803463846908585e+02,1.004518096594403858e+02,0.000000000000000000e+00,5.985000000000000142e+01,2.312199999999999989e+01,5.000000000000000000e+01,1.000000000000000000e+00
2.000000000000000000e+00,5.999999999999998579e+01,1.097328464296937369e+02,-1.457074896244825482e+02,9.597464319478879702e+01,0.000000000000000000e+00,5.985000000000000142e+01,2.315399999999999991e+01,5.000000000000000000e+01,1.000000000000000000e+00
3.000000000000000000e+00,5.999999999999998579e+01,1.097328464296937369e+02,-1.415173055613602173e+02,9.178445913166646619e+01,0.000000000000000000e+00,5.985000000000000142e+01,2.315399999999999991e+01,5.000000000000000000e+01,1.000000000000000000e+00
4.000000000000000000e+00,6.000000000000001421e+01,1.097328464296937369e+02,-1.375100619281096215e+02,8.777721549841589876e+01,0.000000000000000000e+00,5.985000000000000142e+01,2.315399999999999991e+01,5.000000000000000000e+01,1.000000000000000000e+00
5.000000000000000000e+00,6.000000000000001421e+01,1.097328464296937369e+02,-1.336777716768165760e+02,8.394492524712285331e+01,0.000000000000000000e+00,5.985000000000000142e+01,2.315399999999999991e+01,5.000000000000000000e+01,1.000000000000000000e+00
6.000000000000000000e+00,6.000000000000000000e+01,1.097328464296937369e+02,-1.300127964683483128e+02,8.027995003865457591e+01,0.000000000000000000e+00,5.985000000000000142e+01,2.315399999999999991e+01,5.000000000000000000e+01,1.000000000000000000e+00
7.000000000000000000e+00,6.000000000000000000e+01,1.097328464296937369e+02,-1.265078314479783046e+02,7.677498501828456767e+01,0.000000000000000000e+00,5.985000000000000142e+01,2.315399999999999991e+01,5.000000000000000000e+01,1.000000000000000000e+00
8.000000000000000000e+00,6.000000000000000000e+01,1.097328464296937369e+02,-1.231558906856964200e+02,7.342304425600268303e+01,0.000000000000000000e+00,5.985000000000000142e+01,2.315399999999999991e+01,5.000000000000000000e+01,1.000000000000000000e+00
9.000000000000000000e+00,6.000000000000000000e+01,1.097328464296937369e+02,-1.199502932521845935e+02,7.021744682249085656e+01,0.000000000000000000e+00,5.985000000000000142e+01,2.315399999999999991e+01,5.000000000000000000e+01,1.000000000000000000e+00
1.000000000000000000e+01,6.000000000000000000e+01,1.095384755168441160e+02,-1.165043941716062221e+02,6.696591865476210614e+01,0.000000000000000000e+00,5.985000000000000142e+01,2.321900000000000119e+01,5.000000000000000000e+01,1.000000000000000000e+00
1.100000000000000000e+01,6.000000000000000000e+01,1.094427852212873802e+02,-1.133935073875975519e+02,6.395072216631017170e+01,0.000000000000000000e+00,5.985000000000000142e+01,2.325100000000000122e+01,5.000000000000000000e+01,1.000000000000000000e+00
1.200000000000000000e+01,6.000000000000000711e+01,1.097328464296937369e+02,-1.111689232929944637e+02,6.143607686330073392e+01,0.000000000000000000e+00,5.985000000000000142e+01,2.315399999999999991e+01,5.000000000000000000e+01,1.000000000000000000e+00
1.300000000000000000e+01,5.999999999999999289e+01,1.091527240128810092e+02,-1.073517511504522872e+02,5.819902713757127088e+01,0.000000000000000000e+00,5.985000000000000142e+01,2.334799999999999898e+01,5.000000000000000000e+01,1.000000000000000000e+00
1.400000000000000000e+01,6.000000000000000711e+01,1.090570337173242450e+02,-1.046236205601175300e+02,5.556658684279329208e+01,0.000000000000000000e+00,5.985000000000000142e+01,2.337999999999999901e+01,5.000000000000000000e+01,1.000000000000000000e+00
1.500000000000000000e+01,5.999999999999999289e+01,1.089613434217675234e+02,-1.020104204243604613e+02,5.304907700259293080e+01,0.000000000000000000e+00,5.985000000000000142e+01,2.341199999999999903e+01,5.000000000000000000e+01,1.000000000000000000e+00
1.600000000000000000e+01,6.000000000000000000e+01,1.087669725089178883e+02,-9.931408005235805092e+01,5.054710754344016266e+01,0.000000000000000000e+00,5.985000000000000142e+01,2.347700000000000031e+01,5.000000000000000000e+01,1.000000000000000000e+00
1.700000000000000000e+01,6.000000000000000000e+01,1.087669725089178883e+02,-9.710722960295774442e+01,4.834025709403985616e+01,0.000000000000000000e+00,5.985000000000000142e+01,2.347700000000000031e+01,5.000000000000000000e+01,1.000000000000000000e+00
1.800000000000000000e+01,6.000000000000000000e+01,1.084799016222476524e+02,-9.443512019644035149e+01,4.595521857419269907e+01,0.000000000000000000e+00,5.985000000000000142e+01,2.357300000000000040e+01,5.000000000000000000e+01,1.000000000000000000e+00
1.900000000000000000e+01,5.999999999999999289e+01,1.083842113266909308e+02,-9.224154550343851611e+01,4.385733417674757817e+01,0.000000000000000000e+00,5.985000000000000142e+01,2.360500000000000043e+01,5.000000000000000000e+01,1.000000000000000000e+00
2.000000000000000000e+01,6.000000000000000711e+01,1.079984598227277957e+02,-8.957210438550009712e+01,4.157364456277230857e+01,0.000000000000000000e+00,5.985000000000000142e+01,2.373400000000000176e+01,5.000000000000000000e+01,1.000000000000000000e+00
2.100000000000000000e+01,6.000000000000000000e+01,1.078040889098781747e+02,-8.737677316056151255e+01,3.957268425068333784e+01,0.000000000000000000e+00,5.985000000000000142e+01,2.379899999999999949e+01,5.000000000000000000e+01,1.000000000000000000e+00
2.200000000000000000e+01,6.000000000000000711e+01,1.077083986143214389e+02,-8.546185533685815017e+01,3.775345672253671836e+01,0.000000000000000000e+00,5.985000000000000142e+01,2.383099999999999952e+01,5.000000000000000000e+01,1.000000000000000000e+00
2.300000000000000000e+01,6.000000000000000000e+01,1.073226471103583037e+02,-8.305890512923214430e+01,3.573625801887384057e+01,0.000000000000000000e+00,5.985000000000000142e+01,2.396000000000000085e+01,5.000000000000000000e+01,1.000000000000000000e+00
2.400000000000000000e+01,6.000000000000000000e+01,1.071312665192448179e+02,-8.112428010083121421e+01,3.399301358158639630e+01,0.000000000000000000e+00,5.985000000000000142e+01,2.402400000000000091e+01,5.000000000000000000e+01,1.000000000000000000e+00
2.500000000000000000e+01,6.000000000000000711e+01,1.068412053108384470e+02,-7.907271096420467416e+01,3.223150565336623430e+01,0.000000000000000000e+00,5.985000000000000142e+01,2.412099999999999866e+01,5.000000000000000000e+01,1.000000000000000000e+00
2.600000000000000000e+01,6.000000000000000000e+01,1.066468343979888260e+02,-7.728525082136242474e+01,3.063841642337359872e+01,0.000000000000000000e+00,5.985000000000000142e+01,2.418599999999999994e+01,5.000000000000000000e+01,1.000000000000000000e+00
2.700000000000000000e+01,5.999999999999999289e+01,1.060697023029122334e+02,-7.481853252545374744e+01,2.874883022254150688e+01,0.000000000000000000e+00,5.985000000000000142e+01,2.437900000000000134e+01,5.000000000000000000e+01,1.000000000000000000e+00
2.800000000000000000e+01,6.000000000000000000e+01,1.059740120073554692e+02,-7.337617640284707932e+01,2.740216439549161009e+01,0.000000000000000000e+00,5.985000000000000142e+01,2.441100000000000136e+01,5.000000000000000000e+01,1.000000000000000000e+00
2.900000000000000000e+01,6.000000000000000000e+01,1.057796410945058483e+02,-7.179956183442446616e+01,2.601992073991861787e+01,0.000000000000000000e+00,5.985000000000000142e+01,2.447599999999999909e+01,5.000000000000000000e+01,1.000000000000000000e+00
3.000000000000000000e+01,6.000000000000000000e+01,1.050111284083157699e+02,-6.916007810350281204e+01,2.414894969518704571e+01,0.000000000000000000e+00,5.985000000000000142e+01,2.473300000000000054e+01,5.000000000000000000e+01,1.000000000000000000e+00
3.100000000000000000e+01,6.000000000000000000e+01,1.050111284083157699e+02,-6.810575228591633845e+01,2.309462387760057211e+01,0.000000000000000000e+00,5.985000000000000142e+01,2.473300000000000054e+01,5.000000000000000000e+01,1.000000000000000000e+00
3.200000000000000000e+01,6.000000000000000000e+01,1.048167574954661490e+02,-6.671720184598116532e+01,2.190044435051501637e+01,0.000000000000000000e+00,5.985000000000000142e+01,2.479799999999999827e+01,5.000000000000000000e+01,1.000000000000000000e+00
3.300000000000000000e+01,6.000000000000000711e+01,1.041439351048327779e+02,-6.444477432009139761e+01,2.030083921525862678e+01,0.000000000000000000e+00,5.985000000000000142e+01,2.502299999999999969e+01,5.000000000000000000e+01,1.000000000000000000e+00
3.400000000000000000e+01,6.000000000000000000e+01,1.039495641919831570e+02,-6.317819851406220266e+01,1.922863432207904566e+01,0.000000000000000000e+00,5.985000000000000142e+01,2.508800000000000097e+01,5.000000000000000000e+01,1.000000000000000000e+00
3.500000000000000000e+01,6.000000000000000000e+01,1.034681223924633002e+02,-6.139682594000351656e+01,1.792870354754021633e+01,0.000000000000000000e+00,5.985000000000000142e+01,2.524899999999999878e+01,5.000000000000000000e+01,1.000000000000000000e+00
3.600000000000000000e+01,6.000000000000000000e+01,1.029866805929434292e+02,-5.967220741090208946e+01,1.668552681795865666e+01,0.000000000000000000e+00,5.985000000000000142e+01,2.541000000000000014e+01,5.000000000000000000e+01,1.000000000000000000e+00
3.700000000000000000e+01,6.000000000000000000e+01,1.027923096800938083e+02,-5.856347355026703383e+01,1.577116387017322907e+01,0.000000000000000000e+00,5.985000000000000142e+01,2.547500000000000142e+01,5.000000000000000000e+01,1.000000000000000000e+00
3.800000000000000000e+01,6.000000000000000000e+01,1.022151775850172157e+02,-5.674584883404897084e+01,1.453067124903175689e+01,0.000000000000000000e+00,5.985000000000000142e+01,2.566799999999999926e+01,5.000000000000000000e+01,1.000000000000000000e+00
3.900000000000000000e+01,6.000000000000000000e+01,1.019251163766108448e+02,-5.554399160004850700e+01,1.361887522343766221e+01,0.000000000000000000e+00,5.985000000000000142e+01,2.576500000000000057e+01,5.000000000000000000e+01,1.000000000000000000e+00
4.000000000000000000e+01,6.000000000000000000e+01,1.014436745770910022e+02,-5.400753708341233050e+01,1.256386250632132651e+01,0.000000000000000000e+00,5.985000000000000142e+01,2.592599999999999838e+01,5.000000000000000000e+01,1.000000000000000000e+00
4.100000000000000000e+01,6.000000000000000000e+01,1.010579230731278670e+02,-5.270434648653145615e+01,1.164642341340358733e+01,0.000000000000000000e+00,5.985000000000000142e+01,2.605499999999999972e+01,5.000000000000000000e+01,1.000000000000000000e+00
4.200000000000000000e+01,6.000000000000000000e+01,1.005764812736080103e+02,-5.125400780074972573e+01,1.067752652714171369e+01,0.000000000000000000e+00,5.985000000000000142e+01,2.621600000000000108e+01,5.000000000000000000e+01,1.000000000000000000e+00
4.300000000000000000e+01,6.000000000000000000e+01,1.000950394740881393e+02,-4.984597045786939162e+01,9.750930983781250561e+00,0.000000000000000000e+00,5.985000000000000142e+01,2.637699999999999889e+01,5.000000000000000000e+01,1.000000000000000000e+00
4.400000000000000000e+01,6.000000000000000000e+01,9.951790737901154671e+01,-4.829118479014506704e+01,8.773277411133520332e+00,0.000000000000000000e+00,5.985000000000000142e+01,2.657000000000000028e+01,5.000000000000000000e+01,1.000000000000000000e+00
4.500000000000000000e+01,6.000000000000000000e+01,9.922784617060517576e+01,-4.734069124035978859e+01,8.112845069754611060e+00,0.000000000000000000e+00,5.985000000000000142e+01,2.666700000000000159e+01,5.000000000000000000e+01,1.000000000000000000e+00
4.600000000000000000e+01,6.000000000000000000e+01,9.903646557949168994e+01,-4.661208460239483742e+01,7.575619022903147481e+00,0.000000000000000000e+00,5.985000000000000142e+01,2.673100000000000165e+01,5.000000000000000000e+01,1.000000000000000000e+00
4.700000000000000000e+01,6.000000000000000000e+01,9.816927227600871220e+01,-4.458481294160166186e+01,6.415540665592951441e+00,0.000000000000000000e+00,5.985000000000000142e+01,2.702100000000000080e+01,5.000000000000000000e+01,1.000000000000000000e+00
4.800000000000000000e+01,6.000000000000000000e+01,9.797490136315909126e+01,-4.392445930798960063e+01,5.949557944830512035e+00,0.000000000000000000e+00,5.985000000000000142e+01,2.708599999999999852e+01,5.000000000000000000e+01,1.000000000000000000e+00
4.900000000000000000e+01,6.000000000000000000e+01,9.720339835523284933e+01,-4.215538312868204684e+01,4.951984773449200183e+00,0.000000000000000000e+00,5.985000000000000142e+01,2.734400000000000119e+01,5.000000000000000000e+01,1.000000000000000000e+00
5.000000000000000000e+01,6.000000000000000000e+01,9.720339835523284933e+01,-4.193918302636525652e+01,4.735784671132404533e+00,0.000000000000000000e+00,5.985000000000000142e+01,2.734400000000000119e+01,5.000000000000000000e+01,1.000000000000000000e+00
5.100000000000000000e+01,6.000000000000000000e+01,9.643189534730663581e+01,-4.022309931734358202e+01,3.791203970036949311e+00,0.000000000000000000e+00,5.985000000000000142e+01,2.760200000000000031e+01,5.000000000000000000e+01,1.000000000000000000e+00
5.200000000000000000e+01,6.000000000000000000e+01,9.575907295667326480e+01,-3.874130823365995013e+01,2.982235276986688888e+00,0.000000000000000000e+00,5.985000000000000142e+01,2.782700000000000173e+01,5.000000000000000000e+01,1.000000000000000000e+00
5.300000000000000000e+01,6.000000000000000000e+01,9.537332145271017225e+01,-3.785644460709829673e+01,2.483123154388126252e+00,0.000000000000000000e+00,5.985000000000000142e+01,2.795599999999999952e+01,5.000000000000000000e+01,1.000000000000000000e+00
5.400000000000000000e+01,6.000000000000000000e+01,9.517895053986053711e+01,-3.736777750064059234e+01,2.188826960780053454e+00,0.000000000000000000e+00,5.985000000000000142e+01,2.802100000000000080e+01,5.000000000000000000e+01,1.000000000000000000e+00
5.500000000000000000e+01,6.000000000000000000e+01,9.441043785367045871e+01,-3.576874222606227249e+01,1.358304372391817338e+00,0.000000000000000000e+00,5.985000000000000142e+01,2.827799999999999869e+01,5.000000000000000000e+01,1.000000000000000000e+00
5.600000000000000000e+01,6.000000000000000000e+01,9.354324455018748097e+01,-3.401291406218437174e+01,4.696695119968901100e-01,0.000000000000000000e+00,5.985000000000000142e+01,2.856800000000000139e+01,5.000000000000000000e+01,1.000000000000000000e+00
5.700000000000000000e+01,6.000000000000000000e+01,9.334887363733784582e+01,-3.361215289716434995e+01,2.632792598265076833e-01,0.000000000000000000e+00,5.985000000000000142e+01,2.863299999999999912e+01,5.000000000000000000e+01,1.000000000000000000e+00
5.800000000000000000e+01,6.000000000000000000e+01,9.306180275066762420e+01,-3.303904984918216314e+01,-2.275290148545905389e-02,0.000000000000000000e+00,5.985000000000000142e+01,2.872899999999999920e+01,5.000000000000000000e+01,1.000000000000000000e+00
5.900000000000000000e+01,6.000000000000000000e+01,9.238599003829814649e+01,-3.171792329794543974e+01,-6.680667403527080772e-01,0.000000000000000000e+00,5.985000000000000142e+01,2.895499999999999829e+01,5.000000000000000000e+01,1.000000000000000000e+00
6.000000000000000000e+01,6.000000000000000000e+01,9.190454823877827550e+01,-3.080522641702062714e+01,-1.099321821757647921e+00,0.000000000000000000e+00,5.985000000000000142e+01,2.911599999999999966e+01,5.000000000000000000e+01,1.000000000000000000e+00
6.100000000000000000e+01,6.000000000000000711e+01,9.142310643925841873e+01,-2.991135782353812900e+01,-1.511748615720289290e+00,0.000000000000000000e+00,5.985000000000000142e+01,2.927700000000000102e+01,5.000000000000000000e+01,1.000000000000000000e+00
6.200000000000000000e+01,6.000000000000000000e+01,9.065160343133219101e+01,-2.846803693541346547e+01,-2.183566495918725536e+00,0.000000000000000000e+00,5.985000000000000142e+01,2.953500000000000014e+01,5.000000000000000000e+01,1.000000000000000000e+00
6.300000000000000000e+01,5.999999999999999289e+01,9.036154222292580585e+01,-2.799591132942212468e+01,-2.365630893503682497e+00,0.000000000000000000e+00,5.985000000000000142e+01,2.963200000000000145e+01,5.000000000000000000e+01,1.000000000000000000e+00
6.400000000000000000e+01,6.000000000000000000e+01,8.978441012784921327e+01,-2.697012606001125334e+01,-2.814284067837959480e+00,0.000000000000000000e+00,5.985000000000000142e+01,2.982499999999999929e+01,5.000000000000000000e+01,1.000000000000000000e+00
6.500000000000000000e+01,6.000000000000000000e+01,8.930296832832935650e+01,-2.615113148776161012e+01,-3.151836840567746822e+00,0.000000000000000000e+00,5.985000000000000142e+01,2.998600000000000065e+01,5.000000000000000000e+01,1.000000000000000000e+00
6.600000000000000000e+01,6.000000000000000000e+01,8.853146532040312877e+01,-2.477941567482250917e+01,-3.752049645580620485e+00,0.000000000000000000e+00,5.985000000000000142e+01,3.024399999999999977e+01,5.000000000000000000e+01,1.000000000000000000e+00
6.700000000000000000e+01,6.000000000000000000e+01,8.833709440755349362e+01,-2.456297173927273292e+01,-3.774122668280760262e+00,0.000000000000000000e+00,5.985000000000000142e+01,3.030900000000000105e+01,5.000000000000000000e+01,1.000000000000000000e+00
6.800000000000000000e+01,6.000000000000000000e+01,8.756858172136341523e+01,-2.322427456727200124e+01,-4.344307154091413103e+00,0.000000000000000000e+00,5.985000000000000142e+01,3.056599999999999895e+01,5.000000000000000000e+01,1.000000000000000000e+00
6.900000000000000000e+01,6.000000000000000000e+01,8.689276900899392331e+01,-2.209182397412593346e+01,-4.800945034867990735e+00,0.000000000000000000e+00,5.985000000000000142e+01,3.079200000000000159e+01,5.000000000000000000e+01,1.000000000000000000e+00
7.000000000000000000e+01,6.000000000000000711e+01,8.660270780058755236e+01,-2.173397123725906255e+01,-4.868736563328490696e+00,0.000000000000000000e+00,5.985000000000000142e+01,3.088899999999999935e+01,5.000000000000000000e+01,1.000000000000000000e+00
7.100000000000000000e+01,5.999999999999999289e+01,8.592988540995420976e+01,-2.063026694402957872e+01,-5.299618465924631039e+00,0.000000000000000000e+00,5.985000000000000142e+01,3.111400000000000077e+01,5.000000000000000000e+01,1.000000000000000000e+00
7.200000000000000000e+01,6.000000000000000000e+01,8.563982420154783881e+01,-2.029418593138027305e+01,-5.345638270167566652e+00,0.000000000000000000e+00,5.985000000000000142e+01,3.121099999999999852e+01,5.000000000000000000e+01,1.000000000000000000e+00
7.300000000000000000e+01,6.000000000000000000e+01,8.477263089806486107e+01,-1.883104709341031580e+01,-5.941583804654545276e+00,0.000000000000000000e+00,5.985000000000000142e+01,3.150100000000000122e+01,5.000000000000000000e+01,1.000000000000000000e+00
7.400000000000000000e+01,5.999999999999999289e+01,8.458125030695137525e+01,-1.871604673649516570e+01,-5.865203570456211324e+00,0.000000000000000000e+00,5.985000000000000142e+01,3.156500000000000128e+01,5.000000000000000000e+01,1.000000000000000000e+00
7.500000000000000000e+01,6.000000000000000711e+01,8.371405700346839751e+01,-1.727559174676419929e+01,-6.438465256704200002e+00,0.000000000000000000e+00,5.985000000000000142e+01,3.185500000000000043e+01,5.000000000000000000e+01,1.000000000000000000e+00
7.600000000000000000e+01,6.000000000000000000e+01,8.351968609061876236e+01,-1.717643478937809220e+01,-6.343251301240671047e+00,0.000000000000000000e+00,5.985000000000000142e+01,3.192000000000000171e+01,5.000000000000000000e+01,1.000000000000000000e+00
7.700000000000000000e+01,5.999999999999999289e+01,8.265249278713579884e+01,-1.575685102058910481e+01,-6.895641766546694029e+00,0.000000000000000000e+00,5.985000000000000142e+01,3.221000000000000085e+01,5.000000000000000000e+01,1.000000000000000000e+00
7.800000000000000000e+01,6.000000000000000711e+01,8.217105098761592785e+01,-1.511604559722038310e+01,-7.055005390395544751e+00,0.000000000000000000e+00,5.985000000000000142e+01,3.237100000000000222e+01,5.000000000000000000e+01,1.000000000000000000e+00
7.900000000000000000e+01,5.999999999999999289e+01,8.178529948365282110e+01,-1.466940069679481695e+01,-7.115898786858003255e+00,0.000000000000000000e+00,5.985000000000000142e+01,3.250000000000000000e+01,5.000000000000000000e+01,1.000000000000000000e+00
8.000000000000000000e+01,6.000000000000000711e+01,8.149523827524645014e+01,-1.441261717983393531e+01,-7.082621095412514833e+00,0.000000000000000000e+00,5.985000000000000142e+01,3.259700000000000131e+01,5.000000000000000000e+01,1.000000000000000000e+00
8.100000000000000000e+01,6.000000000000000000e+01,8.072672558905637175e+01,-1.321836667541910160e+01,-7.508358913637270149e+00,0.000000000000000000e+00,5.985000000000000142e+01,3.285399999999999920e+01,5.000000000000000000e+01,1.000000000000000000e+00
8.200000000000000000e+01,6.000000000000000711e+01,8.014660317224361563e+01,-1.241125913345225307e+01,-7.735344038791362564e+00,0.000000000000000000e+00,5.985000000000000142e+01,3.304800000000000182e+01,5.000000000000000000e+01,1.000000000000000000e+00
8.300000000000000000e+01,6.000000000000000000e+01,7.985654196383723047e+01,-1.218152015175844838e+01,-7.675021812078782979e+00,0.000000000000000000e+00,5.985000000000000142e+01,3.314500000000000313e+01,5.000000000000000000e+01,1.000000000000000000e+00
8.400000000000000000e+01,6.000000000000000000e+01,7.908802927764715207e+01,-1.101313343760454089e+01,-8.074895840042611184e+00,0.000000000000000000e+00,5.985000000000000142e+01,3.340200000000000102e+01,5.000000000000000000e+01,1.000000000000000000e+00
8.500000000000000000e+01,6.000000000000000000e+01,7.870227777368404531e+01,-1.061101622247151965e+01,-8.091261551212525660e+00,0.000000000000000000e+00,5.985000000000000142e+01,3.353099999999999881e+01,5.000000000000000000e+01,1.000000000000000000e+00
8.600000000000000000e+01,6.000000000000000711e+01,7.831652626972093856e+01,-1.020961352254629873e+01,-8.106912747174639833e+00,0.000000000000000000e+00,5.985000000000000142e+01,3.365999999999999659e+01,5.000000000000000000e+01,1.000000000000000000e+00
8.700000000000000000e+01,6.000000000000000000e+01,7.735364267068121080e+01,-8.679827125651385700e+00,-8.673815545029825103e+00,0.000000000000000000e+00,5.985000000000000142e+01,3.398199999999999932e+01,5.000000000000000000e+01,1.000000000000000000e+00
8.800000000000000000e+01,6.000000000000000000e+01,7.706358146227483985e+01,-8.491061136596428582e+00,-8.572520325678411268e+00,0.000000000000000000e+00,5.985000000000000142e+01,3.407900000000000063e+01,5.000000000000000000e+01,1.000000000000000000e+00
8.900000000000000000e+01,6.000000000000000000e+01,7.658213966275498308e+01,-7.923467028012236568e+00,-8.658672634742746510e+00,0.000000000000000000e+00,5.985000000000000142e+01,3.424000000000000199e+01,5.000000000000000000e+01,1.000000000000000000e+00
9.000000000000000000e+01,6.000000000000000000e+01,7.600201724594224117e+01,-7.166581357795280383e+00,-8.835435888146960792e+00,0.000000000000000000e+00,5.985000000000000142e+01,3.443399999999999750e+01,5.000000000000000000e+01,1.000000000000000000e+00
9.100000000000000000e+01,5.999999999999999289e+01,7.571494635927200534e+01,-6.990721685134085206e+00,-8.724224674137920132e+00,0.000000000000000000e+00,5.985000000000000142e+01,3.453000000000000114e+01,5.000000000000000000e+01,1.000000000000000000e+00
9.200000000000000000e+01,5.999999999999999289e+01,7.503913364690252763e+01,-6.049495148461382144e+00,-8.989638498441145487e+00,0.000000000000000000e+00,5.985000000000000142e+01,3.475600000000000023e+01,5.000000000000000000e+01,1.000000000000000000e+00
9.300000000000000000e+01,6.000000000000000711e+01,7.455769184738265665e+01,-5.500112120030939522e+00,-9.057579727351717125e+00,0.000000000000000000e+00,5.985000000000000142e+01,3.491700000000000159e+01,5.000000000000000000e+01,1.000000000000000000e+00
9.400000000000000000e+01,6.000000000000000711e+01,7.407625004786279987e+01,-4.953695356909070924e+00,-9.122554690953728951e+00,0.000000000000000000e+00,5.985000000000000142e+01,3.507800000000000296e+01,5.000000000000000000e+01,1.000000000000000000e+00
9.500000000000000000e+01,6.000000000000000000e+01,7.330474703993658636e+01,-3.842656801517181364e+00,-9.462090238419404997e+00,0.000000000000000000e+00,5.985000000000000142e+01,3.533599999999999852e+01,5.000000000000000000e+01,1.000000000000000000e+00
9.600000000000000000e+01,6.000000000000000000e+01,7.301468583153020120e+01,-3.688306320013511552e+00,-9.326379511516689647e+00,0.000000000000000000e+00,5.985000000000000142e+01,3.543299999999999983e+01,5.000000000000000000e+01,1.000000000000000000e+00
9.700000000000000000e+01,6.000000000000000000e+01,7.224617314534012280e+01,-2.592016698220295012e+00,-9.654156447119827789e+00,0.000000000000000000e+00,5.985000000000000142e+01,3.568999999999999773e+01,5.000000000000000000e+01,1.000000000000000000e+00
9.800000000000000000e+01,5.999999999999999289e+01,7.205180223249047344e+01,-2.633254511051283941e+00,-9.418547721439189502e+00,0.000000000000000000e+00,5.985000000000000142e+01,3.575500000000000256e+01,5.000000000000000000e+01,1.000000000000000000e+00
9.900000000000000000e+01,5.999999999999999289e+01,7.128029922456425993e+01,-1.535138799004778676e+00,-9.745160425559481254e+00,0.000000000000000000e+00,5.985000000000000142e+01,3.601299999999999812e+01,5.000000000000000000e+01,1.000000000000000000e+00
1.000000000000000000e+02,5.999999999999999289e+01,7.089454772060112475e+01,-1.205944137313517572e+00,-9.688603583287607179e+00,0.000000000000000000e+00,5.985000000000000142e+01,3.614200000000000301e+01,5.000000000000000000e+01,1.000000000000000000e+00
1.010000000000000000e+02,5.999999999999999289e+01,7.050879621663801800e+01,-8.742802444664548034e-01,-9.634515972171563192e+00,0.000000000000000000e+00,5.985000000000000142e+01,3.627100000000000080e+01,5.000000000000000000e+01,1.000000000000000000e+00
1.020000000000000000e+02,6.000000000000000711e+01,6.983597382600467540e+01,2.135353906849424277e-02,-9.857327365073169645e+00,0.000000000000000000e+00,5.985000000000000142e+01,3.649600000000000222e+01,5.000000000000000000e+01,1.000000000000000000e+00
1.030000000000000000e+02,6.000000000000000000e+01,6.935453202648483284e+01,5.328538941209739477e-01,-9.887385920605806788e+00,0.000000000000000000e+00,5.985000000000000142e+01,3.665699999999999648e+01,5.000000000000000000e+01,1.000000000000000000e+00
1.040000000000000000e+02,6.000000000000000711e+01,6.906447081807846189e+01,6.686362712765330230e-01,-9.733107089354994912e+00,0.000000000000000000e+00,5.985000000000000142e+01,3.675399999999999778e+01,5.000000000000000000e+01,1.000000000000000000e+00
1.050000000000000000e+02,6.000000000000000000e+01,6.829296781015221995e+01,1.753018547006250927e+00,-1.004598635715847088e+01,0.000000000000000000e+00,5.985000000000000142e+01,3.701200000000000045e+01,5.000000000000000000e+01,1.000000000000000000e+00
1.060000000000000000e+02,5.999999999999999289e+01,6.790721630618911320e+01,2.069079364356914752e+00,-9.976295670546027949e+00,0.000000000000000000e+00,5.985000000000000142e+01,3.714099999999999824e+01,5.000000000000000000e+01,1.000000000000000000e+00
1.070000000000000000e+02,6.000000000000000000e+01,6.733008421111249220e+01,2.762588470012728337e+00,-1.009267268112522054e+01,0.000000000000000000e+00,5.985000000000000142e+01,3.733400000000000318e+01,5.000000000000000000e+01,1.000000000000000000e+00
1.080000000000000000e+02,6.000000000000000000e+01,6.723439391555577060e+01,2.509152443391503340e+00,-9.743546358947273944e+00,0.000000000000000000e+00,5.985000000000000142e+01,3.736599999999999966e+01,5.000000000000000000e+01,1.000000000000000000e+00
1.090000000000000000e+02,6.000000000000000000e+01,6.646289090762952867e+01,3.593078948100666636e+00,-1.005596985573019531e+01,0.000000000000000000e+00,5.985000000000000142e+01,3.762400000000000233e+01,5.000000000000000000e+01,1.000000000000000000e+00
1.100000000000000000e+02,6.000000000000000000e+01,6.617282969922317193e+01,3.721501071602286714e+00,-9.894330770825458643e+00,0.000000000000000000e+00,5.985000000000000142e+01,3.772099999999999653e+01,5.000000000000000000e+01,1.000000000000000000e+00
1.110000000000000000e+02,6.000000000000000000e+01,6.588575881255293609e+01,3.851130153409229706e+00,-9.736888965962165798e+00,0.000000000000000000e+00,5.985000000000000142e+01,3.781700000000000017e+01,5.000000000000000000e+01,1.000000000000000000e+00
1.120000000000000000e+02,6.000000000000000000e+01,6.550000730858982934e+01,4.180685941091951463e+00,-9.680693249681780799e+00,0.000000000000000000e+00,5.985000000000000142e+01,3.794599999999999795e+01,5.000000000000000000e+01,1.000000000000000000e+00
1.130000000000000000e+02,6.000000000000000000e+01,6.501856550906995835e+01,4.699898014893092224e+00,-9.718463523963050577e+00,0.000000000000000000e+00,5.985000000000000142e+01,3.810699999999999932e+01,5.000000000000000000e+01,1.000000000000000000e+00
1.140000000000000000e+02,6.000000000000000000e+01,6.443844309225720224e+01,5.410513975253069319e+00,-9.848957067510271557e+00,0.000000000000000000e+00,5.985000000000000142e+01,3.830100000000000193e+01,5.000000000000000000e+01,1.000000000000000000e+00
1.150000000000000000e+02,6.000000000000000711e+01,6.434275279670048064e+01,5.167718397464051705e+00,-9.510471194164532349e+00,0.000000000000000000e+00,5.985000000000000142e+01,3.833299999999999841e+01,5.000000000000000000e+01,1.000000000000000000e+00
1.160000000000000000e+02,6.000000000000000000e+01,6.395700129273734547e+01,5.507159422615938382e+00,-9.464160715353283848e+00,0.000000000000000000e+00,5.985000000000000142e+01,3.846200000000000330e+01,5.000000000000000000e+01,1.000000000000000000e+00
1.170000000000000000e+02,6.000000000000000711e+01,6.357124978877423160e+01,5.848622330046381990e+00,-9.419872118820613593e+00,0.000000000000000000e+00,5.985000000000000142e+01,3.859100000000000108e+01,5.000000000000000000e+01,1.000000000000000000e+00
1.180000000000000000e+02,6.000000000000000711e+01,6.318549828481112485e+01,6.192018845825771223e+00,-9.377517130636896070e+00,0.000000000000000000e+00,5.985000000000000142e+01,3.871999999999999886e+01,5.000000000000000000e+01,1.000000000000000000e+00
1.190000000000000000e+02,6.000000000000000000e+01,6.260836618973453227e+01,6.911670192929358691e+00,-9.520036382663890961e+00,0.000000000000000000e+00,5.985000000000000142e+01,3.891299999999999670e+01,5.000000000000000000e+01,1.000000000000000000e+00
1.200000000000000000e+02,5.999999999999999289e+01,6.241399527688488291e+01,6.876287965885623521e+00,-9.290283242770506433e+00,0.000000000000000000e+00,5.985000000000000142e+01,3.897800000000000153e+01,5.000000000000000000e+01,1.000000000000000000e+00
1.210000000000000000e+02,6.000000000000000711e+01,6.174117288625154032e+01,7.786950703410157715e+00,-9.528123589661698034e+00,0.000000000000000000e+00,5.985000000000000142e+01,3.920300000000000296e+01,5.000000000000000000e+01,1.000000000000000000e+00
1.220000000000000000e+02,5.999999999999999289e+01,6.145111167784518358e+01,7.938418216175376685e+00,-9.389529894020560263e+00,0.000000000000000000e+00,5.985000000000000142e+01,3.929999999999999716e+01,5.000000000000000000e+01,1.000000000000000000e+00
1.230000000000000000e+02,6.000000000000000000e+01,6.077828928721184099e+01,8.844747916112657649e+00,-9.623037203324498634e+00,0.000000000000000000e+00,5.985000000000000142e+01,3.952499999999999858e+01,5.000000000000000000e+01,1.000000000000000000e+00
1.240000000000000000e+02,6.000000000000000000e+01,6.058391837436219163e+01,8.804868747138701934e+00,-9.388787121500893562e+00,0.000000000000000000e+00,5.985000000000000142e+01,3.959000000000000341e+01,5.000000000000000000e+01,1.000000000000000000e+00
1.250000000000000000e+02,6.000000000000000711e+01,6.039253778324870581e+01,8.769366680499375732e+00,-9.161904463748081540e+00,0.000000000000000000e+00,5.985000000000000142e+01,3.965400000000000347e+01,5.000000000000000000e+01,1.000000000000000000e+00
1.260000000000000000e+02,6.000000000000000000e+01,5.971672507087922099e+01,9.691484431579072023e+00,-9.408209502458293017e+00,0.000000000000000000e+00,5.985000000000000142e+01,3.988000000000000256e+01,5.000000000000000000e+01,1.000000000000000000e+00
1.270000000000000000e+02,6.000000000000000000e+01,5.962103477532249229e+01,9.467931576257832660e+00,-9.088966351580324954e+00,0.000000000000000000e+00,5.985000000000000142e+01,3.991199999999999903e+01,5.000000000000000000e+01,1.000000000000000000e+00
1.280000000000000000e+02,6.000000000000000711e+01,5.884953176739625036e+01,1.058043657444824426e+01,-9.429968341844494617e+00,0.000000000000000000e+00,5.985000000000000142e+01,4.017000000000000171e+01,5.000000000000000000e+01,1.000000000000000000e+00
1.290000000000000000e+02,6.000000000000000000e+01,5.817371905502676555e+01,1.149085084893757980e+01,-9.664569903964345343e+00,0.000000000000000000e+00,5.985000000000000142e+01,4.039600000000000080e+01,5.000000000000000000e+01,1.000000000000000000e+00
1.300000000000000000e+02,6.000000000000000711e+01,5.779095787279979390e+01,1.181771394680975540e+01,-9.608671819609549303e+00,0.000000000000000000e+00,5.985000000000000142e+01,4.052400000000000091e+01,5.000000000000000000e+01,1.000000000000000000e+00
1.310000000000000000e+02,6.000000000000000000e+01,5.759658695995017297e+01,1.177846196018203884e+01,-9.375048920132211805e+00,0.000000000000000000e+00,5.985000000000000142e+01,4.058899999999999864e+01,5.000000000000000000e+01,1.000000000000000000e+00
1.320000000000000000e+02,6.000000000000000000e+01,5.672939365646720233e+01,1.306567962014884898e+01,-9.795073276616051317e+00,0.000000000000000000e+00,5.985000000000000142e+01,4.087899999999999778e+01,5.000000000000000000e+01,1.000000000000000000e+00
1.330000000000000000e+02,6.000000000000000000e+01,5.643933244806082428e+01,1.320549230110961503e+01,-9.644824749170439304e+00,0.000000000000000000e+00,5.985000000000000142e+01,4.097599999999999909e+01,5.000000000000000000e+01,1.000000000000000000e+00
1.340000000000000000e+02,6.000000000000000711e+01,5.567081976187074588e+01,1.428787883230122446e+01,-9.958698594171970342e+00,0.000000000000000000e+00,5.985000000000000142e+01,4.123299999999999699e+01,5.000000000000000000e+01,1.000000000000000000e+00
1.350000000000000000e+02,6.000000000000000000e+01,5.518638764061471846e+01,1.480080348039271954e+01,-9.987191121007437999e+00,0.000000000000000000e+00,5.985000000000000142e+01,4.139500000000000313e+01,5.000000000000000000e+01,1.000000000000000000e+00
1.360000000000000000e+02,6.000000000000000000e+01,5.480362645838775393e+01,1.511358116739927659e+01,-9.917207625787030523e+00,0.000000000000000000e+00,5.985000000000000142e+01,4.152300000000000324e+01,5.000000000000000000e+01,1.000000000000000000e+00
1.370000000000000000e+02,6.000000000000000711e+01,5.451356524998139719e+01,1.524806155030271704e+01,-9.761626800284114225e+00,0.000000000000000000e+00,5.985000000000000142e+01,4.161999999999999744e+01,5.000000000000000000e+01,1.000000000000000000e+00
1.380000000000000000e+02,5.999999999999999289e+01,5.412781374601826911e+01,1.557653730188759589e+01,-9.704351047905865002e+00,0.000000000000000000e+00,5.985000000000000142e+01,4.174900000000000233e+01,5.000000000000000000e+01,1.000000000000000000e+00
1.390000000000000000e+02,5.999999999999999289e+01,5.383775253761191237e+01,1.572031085026348585e+01,-9.558063387875398220e+00,0.000000000000000000e+00,5.985000000000000142e+01,4.184599999999999653e+01,5.000000000000000000e+01,1.000000000000000000e+00
1.400000000000000000e+02,6.000000000000000711e+01,5.316493014697856268e+01,1.661928249877650643e+01,-9.784212645755070881e+00,0.000000000000000000e+00,5.985000000000000142e+01,4.207099999999999795e+01,5.000000000000000000e+01,1.000000000000000000e+00
1.410000000000000000e+02,6.000000000000000000e+01,5.287486893857218462e+01,1.675956934708850810e+01,-9.634438285660690937e+00,0.000000000000000000e+00,5.985000000000000142e+01,4.216799999999999926e+01,5.000000000000000000e+01,1.000000000000000000e+00
1.420000000000000000e+02,6.000000000000000000e+01,5.287486893857218462e+01,1.633893668394042464e+01,-9.213805622512607485e+00,0.000000000000000000e+00,5.985000000000000142e+01,4.216799999999999926e+01,5.000000000000000000e+01,1.000000000000000000e+00
1.430000000000000000e+02,6.000000000000000000e+01,5.268348834745870590e+01,1.631107418400324249e+01,-8.994562531461948396e+00,0.000000000000000000e+00,5.985000000000000142e+01,4.223199999999999932e+01,5.000000000000000000e+01,1.000000000000000000e+00
1.440000000000000000e+02,6.000000000000000711e+01,5.200767563508921398e+01,1.724049796378402988e+01,-9.248173598873243861e+00,0.000000000000000000e+00,5.985000000000000142e+01,4.245799999999999841e+01,5.000000000000000000e+01,1.000000000000000000e+00
1.450000000000000000e+02,6.000000000000000000e+01,5.162192413112608591e+01,1.759139071375611962e+01,-9.213314844882207311e+00,0.000000000000000000e+00,5.985000000000000142e+01,4.258700000000000330e+01,5.000000000000000000e+01,1.000000000000000000e+00
1.460000000000000000e+02,6.000000000000000000e+01,5.094611141875660110e+01,1.851126392448081859e+01,-9.457375343237419685e+00,0.000000000000000000e+00,5.985000000000000142e+01,4.281300000000000239e+01,5.000000000000000000e+01,1.000000000000000000e+00
1.470000000000000000e+02,6.000000000000000000e+01,5.065904053208638658e+01,1.865997016675455455e+01,-9.319010698840939355e+00,0.000000000000000000e+00,5.985000000000000142e+01,4.290899999999999892e+01,5.000000000000000000e+01,1.000000000000000000e+00
1.480000000000000000e+02,5.999999999999999289e+01,5.017759873256652270e+01,1.919497304122963754e+01,-9.372571773796162020e+00,0.000000000000000000e+00,5.985000000000000142e+01,4.307000000000000028e+01,5.000000000000000000e+01,1.000000000000000000e+00
1.490000000000000000e+02,6.000000000000000711e+01,4.998322781971689466e+01,1.916602901320784724e+01,-9.149256832924741900e+00,0.000000000000000000e+00,5.985000000000000142e+01,4.313499999999999801e+01,5.000000000000000000e+01,1.000000000000000000e+00
1.500000000000000000e+02,6.000000000000000000e+01,4.940609572464028076e+01,1.989564604114006841e+01,-9.301741765780349169e+00,0.000000000000000000e+00,5.985000000000000142e+01,4.332800000000000296e+01,5.000000000000000000e+01,1.000000000000000000e+00
1.510000000000000000e+02,6.000000000000000000e+01,4.902034422067717401e+01,2.024420004337841306e+01,-9.264544264055588840e+00,0.000000000000000000e+00,5.985000000000000142e+01,4.345700000000000074e+01,5.000000000000000000e+01,1.000000000000000000e+00
1.520000000000000000e+02,6.000000000000000000e+01,4.844321212560058143e+01,2.096878370478249565e+01,-9.411995830383075301e+00,0.000000000000000000e+00,5.985000000000000142e+01,4.364999999999999858e+01,5.000000000000000000e+01,1.000000000000000000e+00
1.530000000000000000e+02,5.999999999999999289e+01,4.805746062163745336e+01,2.131252409366412337e+01,-9.369984715301574951e+00,0.000000000000000000e+00,5.985000000000000142e+01,4.377900000000000347e+01,5.000000000000000000e+01,1.000000000000000000e+00
1.540000000000000000e+02,6.000000000000000000e+01,4.795878000434457533e+01,2.109649019329582487e+01,-9.055270197640400198e+00,0.000000000000000000e+00,5.985000000000000142e+01,4.381199999999999761e+01,5.000000000000000000e+01,1.000000000000000000e+00
1.550000000000000000e+02,6.000000000000000000e+01,4.786308970878782532e+01,2.088834641480022469e+01,-8.751436123588048233e+00,0.000000000000000000e+00,5.985000000000000142e+01,4.384400000000000119e+01,5.000000000000000000e+01,1.000000000000000000e+00
1.560000000000000000e+02,6.000000000000000000e+01,4.738164790926796144e+01,2.144812918801409651e+01,-8.829777097282057952e+00,0.000000000000000000e+00,5.985000000000000142e+01,4.400500000000000256e+01,5.000000000000000000e+01,1.000000000000000000e+00
1.570000000000000000e+02,6.000000000000000711e+01,4.709158670086160470e+01,2.163008600759515332e+01,-8.721672708456758016e+00,0.000000000000000000e+00,5.985000000000000142e+01,4.410199999999999676e+01,5.000000000000000000e+01,1.000000000000000000e+00
1.580000000000000000e+02,6.000000000000000000e+01,4.641876431022826210e+01,2.256557387308780349e+01,-8.984338183316065596e+00,0.000000000000000000e+00,5.985000000000000142e+01,4.432699999999999818e+01,5.000000000000000000e+01,1.000000000000000000e+00
1.590000000000000000e+02,5.999999999999999289e+01,4.612870310182188405e+01,2.274078266654533564e+01,-8.869485768367217915e+00,0.000000000000000000e+00,5.985000000000000142e+01,4.442399999999999949e+01,5.000000000000000000e+01,1.000000000000000000e+00
1.600000000000000000e+02,6.000000000000000000e+01,4.603301280626513403e+01,2.254075010293736625e+01,-8.573762909202498506e+00,0.000000000000000000e+00,5.985000000000000142e+01,4.445600000000000307e+01,5.000000000000000000e+01,1.000000000000000000e+00
1.610000000000000000e+02,5.999999999999999289e+01,4.545588071118854145e+01,2.329549278268061840e+01,-8.751373493869161635e+00,0.000000000000000000e+00,5.985000000000000142e+01,4.464900000000000091e+01,5.000000000000000000e+01,1.000000000000000000e+00
1.620000000000000000e+02,6.000000000000000000e+01,4.516581950278216340e+01,2.348087264733462831e+01,-8.646692150116789932e+00,0.000000000000000000e+00,5.985000000000000142e+01,4.474600000000000222e+01,5.000000000000000000e+01,1.000000000000000000e+00
1.630000000000000000e+02,5.999999999999999289e+01,4.497144858993253536e+01,2.348362000288707208e+01,-8.455068592819607431e+00,0.000000000000000000e+00,5.985000000000000142e+01,4.481099999999999994e+01,5.000000000000000000e+01,1.000000000000000000e+00
1.640000000000000000e+02,5.999999999999999289e+01,4.429862619929919276e+01,2.443074761278844420e+01,-8.729373812087636963e+00,0.000000000000000000e+00,5.985000000000000142e+01,4.503600000000000136e+01,5.000000000000000000e+01,1.000000000000000000e+00
1.650000000000000000e+02,6.000000000000000000e+01,4.372149410422260019e+01,2.517869643215762210e+01,-8.900190536380222284e+00,0.000000000000000000e+00,5.985000000000000142e+01,4.522899999999999920e+01,5.000000000000000000e+01,1.000000000000000000e+00
1.660000000000000000e+02,6.000000000000000711e+01,4.343143289581622213e+01,2.535757905150710201e+01,-8.789011947323325913e+00,0.000000000000000000e+00,5.985000000000000142e+01,4.532600000000000051e+01,5.000000000000000000e+01,1.000000000000000000e+00
1.670000000000000000e+02,5.999999999999999289e+01,4.304568139185310827e+01,2.572851846975191137e+01,-8.774199861605017858e+00,0.000000000000000000e+00,5.985000000000000142e+01,4.545499999999999829e+01,5.000000000000000000e+01,1.000000000000000000e+00
1.680000000000000000e+02,6.000000000000000000e+01,4.294999109629635825e+01,2.553264602046856169e+01,-8.482637116764919938e+00,0.000000000000000000e+00,5.985000000000000142e+01,4.548700000000000188e+01,5.000000000000000000e+01,1.000000000000000000e+00
1.690000000000000000e+02,5.999999999999999289e+01,4.236986867948362345e+01,2.629721727510052176e+01,-8.667085954584145213e+00,0.000000000000000000e+00,5.985000000000000142e+01,4.568099999999999739e+01,5.000000000000000000e+01,1.000000000000000000e+00
1.700000000000000000e+02,6.000000000000000711e+01,4.227417838392687344e+01,2.610602134214687453e+01,-8.380199726073747968e+00,0.000000000000000000e+00,5.985000000000000142e+01,4.571300000000000097e+01,5.000000000000000000e+01,1.000000000000000000e+00
1.710000000000000000e+02,6.000000000000000711e+01,4.179273658440700956e+01,2.668201203012588252e+01,-8.474748614532892077e+00,0.000000000000000000e+00,5.985000000000000142e+01,4.587400000000000233e+01,5.000000000000000000e+01,1.000000000000000000e+00
1.720000000000000000e+02,6.000000000000000711e+01,4.131129478488716700e+01,2.725387478147055020e+01,-8.565169566357718978e+00,0.000000000000000000e+00,5.985000000000000142e+01,4.603499999999999659e+01,5.000000000000000000e+01,1.000000000000000000e+00
1.730000000000000000e+02,5.999999999999999289e+01,4.131129478488716700e+01,2.687992562344084746e+01,-8.191220408328014457e+00,0.000000000000000000e+00,5.985000000000000142e+01,4.603499999999999659e+01,5.000000000000000000e+01,1.000000000000000000e+00
1.740000000000000000e+02,6.000000000000000711e+01,4.121560448933041698e+01,2.670950563881830675e+01,-7.925110128148724620e+00,0.000000000000000000e+00,5.985000000000000142e+01,4.606700000000000017e+01,5.000000000000000000e+01,1.000000000000000000e+00
1.750000000000000000e+02,6.000000000000000000e+01,4.092554328092403892e+01,2.693095956920191369e+01,-7.856502850125952619e+00,0.000000000000000000e+00,5.985000000000000142e+01,4.616400000000000148e+01,5.000000000000000000e+01,1.000000000000000000e+00
1.760000000000000000e+02,6.000000000000000000e+01,4.073117236807441799e+01,2.696820602265619371e+01,-7.699378390730612587e+00,0.000000000000000000e+00,5.985000000000000142e+01,4.622899999999999920e+01,5.000000000000000000e+01,1.000000000000000000e+00
1.770000000000000000e+02,5.999999999999999289e+01,4.005834997744106829e+01,2.794832652459702871e+01,-8.006676502038098775e+00,0.000000000000000000e+00,5.985000000000000142e+01,4.645400000000000063e+01,5.000000000000000000e+01,1.000000000000000000e+00
1.780000000000000000e+02,6.000000000000000000e+01,3.967259847347796153e+01,2.835342214708211728e+01,-8.026020620560078811e+00,0.000000000000000000e+00,5.985000000000000142e+01,4.658299999999999841e+01,5.000000000000000000e+01,1.000000000000000000e+00
1.790000000000000000e+02,6.000000000000000711e+01,3.948121788236447571e+01,2.837741748813213150e+01,-7.858635370496605432e+00,0.000000000000000000e+00,5.985000000000000142e+01,4.664699999999999847e+01,5.000000000000000000e+01,1.000000000000000000e+00
1.800000000000000000e+02,6.000000000000000711e+01,3.919115667395809766e+01,2.860177365874129762e+01,-7.792930332699394391e+00,0.000000000000000000e+00,5.985000000000000142e+01,4.674399999999999977e+01,5.000000000000000000e+01,1.000000000000000000e+00
1.810000000000000000e+02,6.000000000000000000e+01,3.841965366603185572e+01,2.977086265965131773e+01,-8.190516325683173449e+00,0.000000000000000000e+00,5.985000000000000142e+01,4.700200000000000244e+01,5.000000000000000000e+01,1.000000000000000000e+00
1.820000000000000000e+02,6.000000000000000711e+01,3.822827307491837701e+01,2.978767623623610206e+01,-8.015949311154477286e+00,0.000000000000000000e+00,5.985000000000000142e+01,4.706600000000000250e+01,5.000000000000000000e+01,1.000000000000000000e+00
1.830000000000000000e+02,6.000000000000000000e+01,3.793821186651202026e+01,3.000516419306386595e+01,-7.943376059575885328e+00,0.000000000000000000e+00,5.985000000000000142e+01,4.716299999999999670e+01,5.000000000000000000e+01,1.000000000000000000e+00
1.840000000000000000e+02,6.000000000000000000e+01,3.793821186651202026e+01,2.965836209342313623e+01,-7.596573959935158271e+00,0.000000000000000000e+00,5.985000000000000142e+01,4.716299999999999670e+01,5.000000000000000000e+01,1.000000000000000000e+00
1.850000000000000000e+02,5.999999999999999289e+01,3.774384095366237091e+01,2.970695685573246436e+01,-7.450797809394834381e+00,0.000000000000000000e+00,5.985000000000000142e+01,4.722800000000000153e+01,5.000000000000000000e+01,1.000000000000000000e+00
1.860000000000000000e+02,6.000000000000000000e+01,3.745677006699215639e+01,2.994326883347803658e+01,-7.400038900470191194e+00,0.000000000000000000e+00,5.985000000000000142e+01,4.732399999999999807e+01,5.000000000000000000e+01,1.000000000000000000e+00
1.870000000000000000e+02,6.000000000000000000e+01,3.745677006699215639e+01,2.962018844437668719e+01,-7.076958511368841798e+00,0.000000000000000000e+00,5.985000000000000142e+01,4.732399999999999807e+01,5.000000000000000000e+01,1.000000000000000000e+00
1.880000000000000000e+02,5.999999999999999289e+01,3.687664765017940027e+01,3.044613061839046964e+01,-7.322778268569869020e+00,0.000000000000000000e+00,5.985000000000000142e+01,4.751800000000000068e+01,5.000000000000000000e+01,1.000000000000000000e+00
1.890000000000000000e+02,6.000000000000000000e+01,3.649388646795243574e+01,3.087523465890274466e+01,-7.369121126855180393e+00,0.000000000000000000e+00,5.985000000000000142e+01,4.764600000000000080e+01,5.000000000000000000e+01,1.000000000000000000e+00
1.900000000000000000e+02,6.000000000000000000e+01,3.649388646795243574e+01,3.055350411761490648e+01,-7.047390585567340437e+00,0.000000000000000000e+00,5.985000000000000142e+01,4.764600000000000080e+01,5.000000000000000000e+01,1.000000000000000000e+00
1.910000000000000000e+02,6.000000000000000711e+01,3.629951555510280770e+01,3.062607583202743911e+01,-6.925591387130245025e+00,0.000000000000000000e+00,5.985000000000000142e+01,4.771099999999999852e+01,5.000000000000000000e+01,1.000000000000000000e+00
1.920000000000000000e+02,6.000000000000000000e+01,3.629951555510280770e+01,3.032370948095746854e+01,-6.623225036060276238e+00,0.000000000000000000e+00,5.985000000000000142e+01,4.771099999999999852e+01,5.000000000000000000e+01,1.000000000000000000e+00
1.930000000000000000e+02,5.999999999999999289e+01,3.591376405113967962e+01,3.078920560186464428e+01,-6.702969653004324790e+00,0.000000000000000000e+00,5.985000000000000142e+01,4.784000000000000341e+01,5.000000000000000000e+01,1.000000000000000000e+00
1.940000000000000000e+02,6.000000000000000000e+01,3.552801254717656576e+01,3.125122013001024257e+01,-6.779232677186809219e+00,0.000000000000000000e+00,5.985000000000000142e+01,4.796900000000000119e+01,5.000000000000000000e+01,1.000000000000000000e+00
1.950000000000000000e+02,6.000000000000000000e+01,3.543232225161983706e+01,3.114244651667287656e+01,-6.574768768292715393e+00,0.000000000000000000e+00,5.985000000000000142e+01,4.800099999999999767e+01,5.000000000000000000e+01,1.000000000000000000e+00
1.960000000000000000e+02,6.000000000000000000e+01,3.552801254717656576e+01,3.066819400797304951e+01,-6.196206555149616158e+00,0.000000000000000000e+00,5.985000000000000142e+01,4.796900000000000119e+01,5.000000000000000000e+01,1.000000000000000000e+00
1.970000000000000000e+02,6.000000000000000000e+01,3.552801254717656576e+01,3.039767207535687632e+01,-5.925684622533441193e+00,0.000000000000000000e+00,5.985000000000000142e+01,4.796900000000000119e+01,5.000000000000000000e+01,1.000000000000000000e+00
1.980000000000000000e+02,5.999999999999999289e+01,3.552801254717656576e+01,3.013896093622781791e+01,-5.666973483404382783e+00,0.000000000000000000e+00,5.985000000000000142e+01,4.796900000000000119e+01,5.000000000000000000e+01,1.000000000000000000e+00
1.990000000000000000e+02,6.000000000000000000e+01,3.533663195606308705e+01,3.026595058274454786e+01,-5.602582538807635792e+00,0.000000000000000000e+00,5.985000000000000142e+01,4.803300000000000125e+01,5.000000000000000000e+01,1.000000000000000000e+00
2.000000000000000000e+02,6.000000000000000000e+01,3.524094166050635124e+01,3.020854867023967572e+01,-5.449490330746026956e+00,0.000000000000000000e+00,5.985000000000000142e+01,4.806499999999999773e+01,5.000000000000000000e+01,1.000000000000000000e+00
2.010000000000000000e+02,5.999999999999999289e+01,3.466081924369359513e+01,3.110554493736265513e+01,-5.766364181056251148e+00,0.000000000000000000e+00,5.985000000000000142e+01,4.825900000000000034e+01,5.000000000000000000e+01,1.000000000000000000e+00
2.020000000000000000e+02,6.000000000000000000e+01,3.437374835702338061e+01,3.141539807879379254e+01,-5.789146435817173142e+00,0.000000000000000000e+00,5.985000000000000142e+01,4.835499999999999687e+01,5.000000000000000000e+01,1.000000000000000000e+00
2.030000000000000000e+02,6.000000000000000000e+01,3.398799685306025253e+01,3.191730947296264631e+01,-5.905306326022897956e+00,0.000000000000000000e+00,5.985000000000000142e+01,4.848400000000000176e+01,5.000000000000000000e+01,1.000000000000000000e+00
2.040000000000000000e+02,6.000000000000000711e+01,3.388931623576736030e+01,3.185254094527344648e+01,-5.741857181040807667e+00,0.000000000000000000e+00,5.985000000000000142e+01,4.851700000000000301e+01,5.000000000000000000e+01,1.000000000000000000e+00
2.050000000000000000e+02,6.000000000000000711e+01,3.360224534909714578e+01,3.216346404474226262e+01,-5.765709393839408392e+00,0.000000000000000000e+00,5.985000000000000142e+01,4.861299999999999955e+01,5.000000000000000000e+01,1.000000000000000000e+00
2.060000000000000000e+02,6.000000000000000000e+01,3.331218414069076772e+01,3.247919586188428553e+01,-5.791380002575050590e+00,0.000000000000000000e+00,5.985000000000000142e+01,4.871000000000000085e+01,5.000000000000000000e+01,1.000000000000000000e+00
2.070000000000000000e+02,6.000000000000000000e+01,3.263637142832128291e+01,3.354846829269440889e+01,-6.184839721015690017e+00,0.000000000000000000e+00,5.985000000000000142e+01,4.893599999999999994e+01,5.000000000000000000e+01,1.000000000000000000e+00
2.080000000000000000e+02,6.000000000000000000e+01,3.244499083720779709e+01,3.365284827082963659e+01,-6.097839108037431899e+00,0.000000000000000000e+00,5.985000000000000142e+01,4.900000000000000000e+01,5.000000000000000000e+01,1.000000000000000000e+00
2.090000000000000000e+02,6.000000000000000000e+01,3.225361024609431126e+01,3.376102663330730991e+01,-6.014636879401624725e+00,0.000000000000000000e+00,5.985000000000000142e+01,4.906400000000000006e+01,5.000000000000000000e+01,1.000000000000000000e+00
2.100000000000000000e+02,6.000000000000000000e+01,3.167348782928155515e+01,3.463334900759070933e+01,-6.306836836872267149e+00,0.000000000000000000e+00,5.985000000000000142e+01,4.925800000000000267e+01,5.000000000000000000e+01,1.000000000000000000e+00
2.110000000000000000e+02,6.000000000000000000e+01,3.148210723816807288e+01,3.473240267917670110e+01,-6.214509917344772205e+00,0.000000000000000000e+00,5.985000000000000142e+01,4.932200000000000273e+01,5.000000000000000000e+01,1.000000000000000000e+00
2.120000000000000000e+02,6.000000000000000711e+01,3.128773632531844839e+01,3.484133736599836340e+01,-6.129073691316814454e+00,0.000000000000000000e+00,5.985000000000000142e+01,4.938700000000000045e+01,5.000000000000000000e+01,1.000000000000000000e+00
2.130000000000000000e+02,6.000000000000000000e+01,3.071060423024185582e+01,3.570281342300754091e+01,-6.413417653249400274e+00,0.000000000000000000e+00,5.985000000000000142e+01,4.957999999999999829e+01,5.000000000000000000e+01,1.000000000000000000e+00
2.140000000000000000e+02,6.000000000000000000e+01,3.022916243072199194e+01,3.636467240518231137e+01,-6.593834835904305969e+00,0.000000000000000000e+00,5.985000000000000142e+01,4.974099999999999966e+01,5.000000000000000000e+01,1.000000000000000000e+00
2.150000000000000000e+02,6.000000000000000000e+01,3.013347213516523837e+01,3.626399312857832058e+01,-6.397465263743557173e+00,0.000000000000000000e+00,5.985000000000000142e+01,4.977300000000000324e+01,5.000000000000000000e+01,1.000000000000000000e+00
2.160000000000000000e+02,6.000000000000000000e+01,2.984341092675888518e+01,3.655214293770507794e+01,-6.395553864463961347e+00,0.000000000000000000e+00,5.985000000000000142e+01,4.986999999999999744e+01,5.000000000000000000e+01,1.000000000000000000e+00
2.170000000000000000e+02,6.000000000000000000e+01,2.974772063120213161e+01,3.646012046605385848e+01,-6.207841097255990093e+00,0.000000000000000000e+00,5.985000000000000142e+01,4.990200000000000102e+01,5.000000000000000000e+01,1.000000000000000000e+00
2.180000000000000000e+02,6.000000000000000000e+01,2.964904001390923582e+01,3.638214348731172976e+01,-6.031183501220964693e+00,0.000000000000000000e+00,5.985000000000000142e+01,4.993500000000000227e+01,5.000000000000000000e+01,1.000000000000000000e+00
2.190000000000000000e+02,6.000000000000000000e+01,2.955334971835250713e+01,3.630602916429548088e+01,-5.859378882647984454e+00,0.000000000000000000e+00,5.985000000000000142e+01,4.996699999999999875e+01,5.000000000000000000e+01,1.000000000000000000e+00
2.200000000000000000e+02,6.000000000000000000e+01,2.974772063120213161e+01,3.566995715509835208e+01,-5.417677786300484577e+00,0.000000000000000000e+00,5.985000000000000142e+01,4.990200000000000102e+01,5.000000000000000000e+01,1.000000000000000000e+00
2.210000000000000000e+02,6.000000000000000000e+01,2.974772063120213161e+01,3.543342522996043442e+01,-5.181145861162566035e+00,0.000000000000000000e+00,5.985000000000000142e+01,4.990200000000000102e+01,5.000000000000000000e+01,1.000000000000000000e+00
2.220000000000000000e+02,6.000000000000000000e+01,2.955334971835250713e+01,3.558747585006908309e+01,-5.140825568421591107e+00,0.000000000000000000e+00,5.985000000000000142e+01,4.996699999999999875e+01,5.000000000000000000e+01,1.000000000000000000e+00
2.230000000000000000e+02,6.000000000000000000e+01,2.955334971835250713e+01,3.536303109413107393e+01,-4.916380812483581053e+00,0.000000000000000000e+00,5.985000000000000142e+01,4.996699999999999875e+01,5.000000000000000000e+01,1.000000000000000000e+00
2.240000000000000000e+02,6.000000000000000000e+01,2.888052732771916098e+01,3.646465527362568793e+01,-5.345182601344848017e+00,0.000000000000000000e+00,5.985000000000000142e+01,5.019200000000000017e+01,5.000000000000000000e+01,1.000000000000000000e+00
2.250000000000000000e+02,5.999999999999999289e+01,2.878184671042626519e+01,3.642434134588493322e+01,-5.206188056311196632e+00,0.000000000000000000e+00,5.985000000000000142e+01,5.022500000000000142e+01,5.000000000000000000e+01,1.000000000000000000e+00
2.260000000000000000e+02,6.000000000000000711e+01,2.830040491090640487e+01,3.713890710611308066e+01,-5.439312017019481971e+00,0.000000000000000000e+00,5.985000000000000142e+01,5.038600000000000279e+01,5.000000000000000000e+01,1.000000000000000000e+00
2.270000000000000000e+02,5.999999999999999289e+01,2.781896311138656586e+01,3.784329484147570355e+01,-5.662257952862270294e+00,0.000000000000000000e+00,5.985000000000000142e+01,5.054699999999999704e+01,5.000000000000000000e+01,1.000000000000000000e+00
2.280000000000000000e+02,6.000000000000000711e+01,2.781896311138656586e+01,3.759608472174421223e+01,-5.415047833130776311e+00,0.000000000000000000e+00,5.985000000000000142e+01,5.054699999999999704e+01,5.000000000000000000e+01,1.000000000000000000e+00
2.290000000000000000e+02,6.000000000000000711e+01,2.762758252027308004e+01,3.773407326140323192e+01,-5.361655781676311960e+00,0.000000000000000000e+00,5.985000000000000142e+01,5.061099999999999710e+01,5.000000000000000000e+01,1.000000000000000000e+00
2.300000000000000000e+02,6.000000000000000711e+01,2.724183101630995196e+01,3.825464859082089220e+01,-5.496479607130842382e+00,0.000000000000000000e+00,5.985000000000000142e+01,5.074000000000000199e+01,5.000000000000000000e+01,1.000000000000000000e+00
2.310000000000000000e+02,5.999999999999999289e+01,2.704746010346032392e+01,3.839493196582252921e+01,-5.442392069282853129e+00,0.000000000000000000e+00,5.985000000000000142e+01,5.080499999999999972e+01,5.000000000000000000e+01,1.000000000000000000e+00
2.320000000000000000e+02,6.000000000000000711e+01,2.685607951234684165e+01,3.853172667574977339e+01,-5.387806188096611493e+00,0.000000000000000000e+00,5.985000000000000142e+01,5.086899999999999977e+01,5.000000000000000000e+01,1.000000000000000000e+00
2.330000000000000000e+02,5.999999999999999289e+01,2.714614072075321971e+01,3.772904037059405624e+01,-4.875181091347278617e+00,0.000000000000000000e+00,5.985000000000000142e+01,5.077199999999999847e+01,5.000000000000000000e+01,1.000000000000000000e+00
2.340000000000000000e+02,6.000000000000000000e+01,2.704746010346032392e+01,3.770924637156862502e+01,-4.756706475028946279e+00,0.000000000000000000e+00,5.985000000000000142e+01,5.080499999999999972e+01,5.000000000000000000e+01,1.000000000000000000e+00
2.350000000000000000e+02,6.000000000000000000e+01,2.724183101630995196e+01,3.712131624855566514e+01,-4.363147264865618880e+00,0.000000000000000000e+00,5.985000000000000142e+01,5.074000000000000199e+01,5.000000000000000000e+01,1.000000000000000000e+00
2.360000000000000000e+02,5.999999999999999289e+01,2.695176980790357391e+01,3.749828292195484636e+01,-4.450052729858419376e+00,0.000000000000000000e+00,5.985000000000000142e+01,5.083700000000000330e+01,5.000000000000000000e+01,1.000000000000000000e+00
2.370000000000000000e+02,6.000000000000000000e+01,2.685607951234684165e+01,3.749119963400511324e+01,-4.347279146351954005e+00,0.000000000000000000e+00,5.985000000000000142e+01,5.086899999999999977e+01,5.000000000000000000e+01,1.000000000000000000e+00
2.380000000000000000e+02,5.999999999999999289e+01,2.647032800838373134e+01,3.805606191953793171e+01,-4.526389927921665723e+00,0.000000000000000000e+00,5.985000000000000142e+01,5.099799999999999756e+01,5.000000000000000000e+01,1.000000000000000000e+00
2.390000000000000000e+02,5.999999999999999289e+01,2.598888620886387102e+01,3.880030717831797205e+01,-4.789193387181843953e+00,0.000000000000000000e+00,5.985000000000000142e+01,5.115899999999999892e+01,5.000000000000000000e+01,1.000000000000000000e+00
2.400000000000000000e+02,5.999999999999999289e+01,2.589319591330711745e+01,3.877841725259220595e+01,-4.671613165899321629e+00,0.000000000000000000e+00,5.985000000000000142e+01,5.119100000000000250e+01,5.000000000000000000e+01,1.000000000000000000e+00
2.410000000000000000e+02,5.999999999999999289e+01,2.521738320093763264e+01,3.989657790009440674e+01,-5.113961101032037604e+00,0.000000000000000000e+00,5.985000000000000142e+01,5.141700000000000159e+01,5.000000000000000000e+01,1.000000000000000000e+00
2.420000000000000000e+02,6.000000000000000000e+01,2.502600260982414682e+01,4.004771167045667823e+01,-5.073714280280825051e+00,0.000000000000000000e+00,5.985000000000000142e+01,5.148100000000000165e+01,5.000000000000000000e+01,1.000000000000000000e+00
2.430000000000000000e+02,6.000000000000000000e+01,2.454157048856814427e+01,4.077391122887132724e+01,-5.315481717439467069e+00,0.000000000000000000e+00,5.985000000000000142e+01,5.164300000000000068e+01,5.000000000000000000e+01,1.000000000000000000e+00
2.440000000000000000e+02,6.000000000000000000e+01,2.444588019301141202e+01,4.072904393224164465e+01,-5.174924125253059337e+00,0.000000000000000000e+00,5.985000000000000142e+01,5.167499999999999716e+01,5.000000000000000000e+01,1.000000000000000000e+00
2.450000000000000000e+02,6.000000000000000711e+01,2.435018989745466200e+01,4.069031327924125208e+01,-5.040503176695916743e+00,0.000000000000000000e+00,5.985000000000000142e+01,5.170700000000000074e+01,5.000000000000000000e+01,1.000000000000000000e+00
2.460000000000000000e+02,6.000000000000000000e+01,2.396443839349155169e+01,4.122490990097551844e+01,-5.189348294467063916e+00,0.000000000000000000e+00,5.985000000000000142e+01,5.183599999999999852e+01,5.000000000000000000e+01,1.000000000000000000e+00
2.470000000000000000e+02,6.000000000000000000e+01,2.367437718508517364e+01,4.156580523019532336e+01,-5.240182415280496997e+00,0.000000000000000000e+00,5.985000000000000142e+01,5.193299999999999983e+01,5.000000000000000000e+01,1.000000000000000000e+00
2.480000000000000000e+02,6.000000000000000000e+01,2.386874809793479812e+01,4.095676689450964147e+01,-4.825514992444437823e+00,0.000000000000000000e+00,5.985000000000000142e+01,5.186800000000000210e+01,5.000000000000000000e+01,1.000000000000000000e+00
2.490000000000000000e+02,5.999999999999999289e+01,2.357868688952842007e+01,4.131354692465690448e+01,-4.892233814185325436e+00,0.000000000000000000e+00,5.985000000000000142e+01,5.196500000000000341e+01,5.000000000000000000e+01,1.000000000000000000e+00
2.500000000000000000e+02,6.000000000000000711e+01,2.377305780237806587e+01,4.071969977525291284e+01,-4.492757577630977828e+00,0.000000000000000000e+00,5.985000000000000142e+01,5.189999999999999858e+01,5.000000000000000000e+01,1.000000000000000000e+00
2.510000000000000000e+02,6.000000000000000000e+01,2.377305780237806587e+01,4.052354920282459716e+01,-4.296607005202659479e+00,0.000000000000000000e+00,5.985000000000000142e+01,5.189999999999999858e+01,5.000000000000000000e+01,1.000000000000000000e+00
2.520000000000000000e+02,6.000000000000000000e+01,2.396443839349155169e+01,3.996155678072823036e+01,-3.925995174219774952e+00,0.000000000000000000e+00,5.985000000000000142e+01,5.183599999999999852e+01,5.000000000000000000e+01,1.000000000000000000e+00
2.530000000000000000e+02,6.000000000000000000e+01,2.386874809793479812e+01,3.997735346966304348e+01,-3.846101567597839388e+00,0.000000000000000000e+00,5.985000000000000142e+01,5.186800000000000210e+01,5.000000000000000000e+01,1.000000000000000000e+00
2.540000000000000000e+02,6.000000000000000711e+01,2.396443839349155169e+01,3.962223261321334888e+01,-3.586671006704896136e+00,0.000000000000000000e+00,5.985000000000000142e+01,5.183599999999999852e+01,5.000000000000000000e+01,1.000000000000000000e+00
2.550000000000000000e+02,6.000000000000000000e+01,2.348299659397169137e+01,4.040750532587519217e+01,-3.890501919846881318e+00,0.000000000000000000e+00,5.985000000000000142e+01,5.199699999999999989e+01,5.000000000000000000e+01,1.000000000000000000e+00
2.560000000000000000e+02,5.999999999999999289e+01,2.367437718508517364e+01,3.986324316043793914e+01,-3.537620345523113219e+00,0.000000000000000000e+00,5.985000000000000142e+01,5.193299999999999983e+01,5.000000000000000000e+01,1.000000000000000000e+00
2.570000000000000000e+02,6.000000000000000000e+01,2.309724509000858106e+01,4.083786021123889043e+01,-3.935105301247477705e+00,0.000000000000000000e+00,5.985000000000000142e+01,5.212599999999999767e+01,5.000000000000000000e+01,1.000000000000000000e+00
2.580000000000000000e+02,6.000000000000000000e+01,2.300155479445182749e+01,4.085325915856391532e+01,-3.854813953015740147e+00,0.000000000000000000e+00,5.985000000000000142e+01,5.215800000000000125e+01,5.000000000000000000e+01,1.000000000000000000e+00
2.590000000000000000e+02,6.000000000000000000e+01,2.271149358604544943e+01,4.125241929964543175e+01,-3.963912885690879406e+00,0.000000000000000000e+00,5.985000000000000142e+01,5.225500000000000256e+01,5.000000000000000000e+01,1.000000000000000000e+00
2.600000000000000000e+02,6.000000000000000000e+01,2.232574208208234268e+01,4.183401908106557698e+01,-4.159761163147922325e+00,0.000000000000000000e+00,5.985000000000000142e+01,5.238400000000000034e+01,5.000000000000000000e+01,1.000000000000000000e+00
2.610000000000000000e+02,6.000000000000000000e+01,2.203867119541212460e+01,4.221401535757189549e+01,-4.252686552984018320e+00,0.000000000000000000e+00,5.985000000000000142e+01,5.247999999999999687e+01,5.000000000000000000e+01,1.000000000000000000e+00
2.620000000000000000e+02,6.000000000000000000e+01,2.193999057811923237e+01,4.222139902347130658e+01,-4.161389601590539833e+00,0.000000000000000000e+00,5.985000000000000142e+01,5.251299999999999812e+01,5.000000000000000000e+01,1.000000000000000000e+00
2.630000000000000000e+02,6.000000000000000711e+01,2.174860998700575010e+01,4.241412138205935634e+01,-4.162731369065108211e+00,0.000000000000000000e+00,5.985000000000000142e+01,5.257699999999999818e+01,5.000000000000000000e+01,1.000000000000000000e+00
2.640000000000000000e+02,6.000000000000000000e+01,2.107279727463626173e+01,4.355449944370479898e+01,-4.627296718341058934e+00,0.000000000000000000e+00,5.985000000000000142e+01,5.280299999999999727e+01,5.000000000000000000e+01,1.000000000000000000e+00
2.650000000000000000e+02,5.999999999999999289e+01,2.097710697907950816e+01,4.353967781038489449e+01,-4.516784789464400873e+00,0.000000000000000000e+00,5.985000000000000142e+01,5.283500000000000085e+01,5.000000000000000000e+01,1.000000000000000000e+00
2.660000000000000000e+02,6.000000000000000711e+01,2.107279727463626173e+01,4.315527540566244369e+01,-4.228072680298700980e+00,0.000000000000000000e+00,5.985000000000000142e+01,5.280299999999999727e+01,5.000000000000000000e+01,1.000000000000000000e+00
2.670000000000000000e+02,6.000000000000000000e+01,2.020560397115326978e+01,4.466720635546823814e+01,-4.872810326621504373e+00,0.000000000000000000e+00,5.985000000000000142e+01,5.309300000000000352e+01,5.000000000000000000e+01,1.000000000000000000e+00
2.680000000000000000e+02,6.000000000000000000e+01,2.010991367559653753e+01,4.464166577415899440e+01,-4.751579449755528373e+00,0.000000000000000000e+00,5.985000000000000142e+01,5.312500000000000000e+01,5.000000000000000000e+01,1.000000000000000000e+00
2.690000000000000000e+02,6.000000000000000000e+01,2.010991367559653753e+01,4.443421522449019534e+01,-4.544128900086735534e+00,0.000000000000000000e+00,5.985000000000000142e+01,5.312500000000000000e+01,5.000000000000000000e+01,1.000000000000000000e+00
2.700000000000000000e+02,5.999999999999999289e+01,1.981985246719015947e+01,4.480328036954420412e+01,-4.623132836734364481e+00,0.000000000000000000e+00,5.985000000000000142e+01,5.322200000000000131e+01,5.000000000000000000e+01,1.000000000000000000e+00
2.710000000000000000e+02,5.999999999999999289e+01,1.972416217163343077e+01,4.478864052830775222e+01,-4.512802699941181217e+00,0.000000000000000000e+00,5.985000000000000142e+01,5.325399999999999778e+01,5.000000000000000000e+01,1.000000000000000000e+00
2.720000000000000000e+02,6.000000000000000711e+01,1.924272037211356690e+01,4.553347899571301838e+01,-4.776199367826582609e+00,0.000000000000000000e+00,5.985000000000000142e+01,5.341499999999999915e+01,5.000000000000000000e+01,1.000000000000000000e+00
2.730000000000000000e+02,6.000000000000000000e+01,1.905133978100008463e+01,4.569935920101370641e+01,-4.750698982013790150e+00,0.000000000000000000e+00,5.985000000000000142e+01,5.347899999999999920e+01,5.000000000000000000e+01,1.000000000000000000e+00
2.740000000000000000e+02,6.000000000000000711e+01,1.914703007655681688e+01,4.530474427047060004e+01,-4.451774347027416923e+00,0.000000000000000000e+00,5.985000000000000142e+01,5.344700000000000273e+01,5.000000000000000000e+01,1.000000000000000000e+00
2.750000000000000000e+02,5.999999999999999289e+01,1.856690765974408208e+01,4.624530010161312532e+01,-4.812207761357204738e+00,0.000000000000000000e+00,5.985000000000000142e+01,5.364099999999999824e+01,5.000000000000000000e+01,1.000000000000000000e+00
2.760000000000000000e+02,6.000000000000000000e+01,1.885696886815046014e+01,4.546774401079524353e+01,-4.324712878945701888e+00,0.000000000000000000e+00,5.985000000000000142e+01,5.354399999999999693e+01,5.000000000000000000e+01,1.000000000000000000e+00
2.770000000000000000e+02,6.000000000000000711e+01,1.847121736418732851e+01,4.603359152337248617e+01,-4.504808887559810238e+00,0.000000000000000000e+00,5.985000000000000142e+01,5.367300000000000182e+01,5.000000000000000000e+01,1.000000000000000000e+00
2.780000000000000000e+02,6.000000000000000000e+01,1.847121736418732851e+01,4.583691479939911062e+01,-4.308132163586432029e+00,0.000000000000000000e+00,5.985000000000000142e+01,5.367300000000000182e+01,5.000000000000000000e+01,1.000000000000000000e+00
2.790000000000000000e+02,6.000000000000000000e+01,1.818115615578095046e+01,4.621628339264853480e+01,-4.397439548429491474e+00,0.000000000000000000e+00,5.985000000000000142e+01,5.377000000000000313e+01,5.000000000000000000e+01,1.000000000000000000e+00
2.800000000000000000e+02,6.000000000000000000e+01,1.808546586022421820e+01,4.621149715845170647e+01,-4.296963018675923784e+00,0.000000000000000000e+00,5.985000000000000142e+01,5.380199999999999960e+01,5.000000000000000000e+01,1.000000000000000000e+00
2.810000000000000000e+02,6.000000000000000000e+01,1.789408526911073594e+01,4.639830047891943821e+01,-4.292385748030170589e+00,0.000000000000000000e+00,5.985000000000000142e+01,5.386599999999999966e+01,5.000000000000000000e+01,1.000000000000000000e+00
2.820000000000000000e+02,6.000000000000000000e+01,1.789408526911073594e+01,4.621089799681105603e+01,-4.104983265921791968e+00,0.000000000000000000e+00,5.985000000000000142e+01,5.386599999999999966e+01,5.000000000000000000e+01,1.000000000000000000e+00
2.830000000000000000e+02,6.000000000000000000e+01,1.779839497355398237e+01,4.621888019408044102e+01,-4.017275167634425159e+00,0.000000000000000000e+00,5.985000000000000142e+01,5.389800000000000324e+01,5.000000000000000000e+01,1.000000000000000000e+00
2.840000000000000000e+02,6.000000000000000000e+01,1.731396285229797982e+01,4.699120312619167805e+01,-4.305165978489656098e+00,0.000000000000000000e+00,5.985000000000000142e+01,5.406000000000000227e+01,5.000000000000000000e+01,1.000000000000000000e+00
2.850000000000000000e+02,6.000000000000000000e+01,1.721827255674124757e+01,4.699044548985505543e+01,-4.208718046596302109e+00,0.000000000000000000e+00,5.985000000000000142e+01,5.409199999999999875e+01,5.000000000000000000e+01,1.000000000000000000e+00
2.860000000000000000e+02,5.999999999999999289e+01,1.721827255674124757e+01,4.680669587956235489e+01,-4.024968436303604236e+00,0.000000000000000000e+00,5.985000000000000142e+01,5.409199999999999875e+01,5.000000000000000000e+01,1.000000000000000000e+00
2.870000000000000000e+02,6.000000000000000000e+01,1.712258226118449755e+01,4.681817146688477038e+01,-3.940753728069264827e+00,0.000000000000000000e+00,5.985000000000000142e+01,5.412400000000000233e+01,5.000000000000000000e+01,1.000000000000000000e+00
2.880000000000000000e+02,6.000000000000000000e+01,1.712258226118449755e+01,4.664612098648306215e+01,-3.768703247667558376e+00,0.000000000000000000e+00,5.985000000000000142e+01,5.412400000000000233e+01,5.000000000000000000e+01,1.000000000000000000e+00
2.890000000000000000e+02,6.000000000000000000e+01,1.693120167007101173e+01,4.685598774954338808e+01,-3.787189419614400698e+00,0.000000000000000000e+00,5.985000000000000142e+01,5.418800000000000239e+01,5.000000000000000000e+01,1.000000000000000000e+00
2.900000000000000000e+02,6.000000000000000000e+01,1.721827255674124757e+01,4.612903331227859383e+01,-3.347305869019844504e+00,0.000000000000000000e+00,5.985000000000000142e+01,5.409199999999999875e+01,5.000000000000000000e+01,1.000000000000000000e+00
2.910000000000000000e+02,6.000000000000000000e+01,1.654545016610790498e+01,4.729916217804333201e+01,-3.844612344151238315e+00,0.000000000000000000e+00,5.985000000000000142e+01,5.431700000000000017e+01,5.000000000000000000e+01,1.000000000000000000e+00
2.920000000000000000e+02,6.000000000000000000e+01,1.625538895770152692e+01,4.769876771404854310e+01,-3.954156671750070906e+00,0.000000000000000000e+00,5.985000000000000142e+01,5.441400000000000148e+01,5.000000000000000000e+01,1.000000000000000000e+00
2.930000000000000000e+02,6.000000000000000000e+01,1.625538895770152692e+01,4.752613207074192303e+01,-3.781521028443447729e+00,0.000000000000000000e+00,5.985000000000000142e+01,5.441400000000000148e+01,5.000000000000000000e+01,1.000000000000000000e+00
2.940000000000000000e+02,6.000000000000000000e+01,1.625538895770152692e+01,4.736103357576146777e+01,-3.616422533462993361e+00,0.000000000000000000e+00,5.985000000000000142e+01,5.441400000000000148e+01,5.000000000000000000e+01,1.000000000000000000e+00
2.950000000000000000e+02,6.000000000000000000e+01,1.586963745373841661e+01,4.795780453664657728e+01,-3.827441990385000103e+00,0.000000000000000000e+00,5.985000000000000142e+01,5.454299999999999926e+01,5.000000000000000000e+01,1.000000000000000000e+00
2.960000000000000000e+02,6.000000000000000000e+01,1.625538895770152692e+01,4.703603979138694058e+01,-3.291428749088463945e+00,0.000000000000000000e+00,5.985000000000000142e+01,5.441400000000000148e+01,5.000000000000000000e+01,1.000000000000000000e+00
2.970000000000000000e+02,6.000000000000000000e+01,1.596532774929514709e+01,4.745979692626090696e+01,-3.425124675556055376e+00,0.000000000000000000e+00,5.985000000000000142e+01,5.451100000000000279e+01,5.000000000000000000e+01,1.000000000000000000e+00
2.980000000000000000e+02,6.000000000000000000e+01,1.596532774929514709e+01,4.731025844034444106e+01,-3.275586189639586365e+00,0.000000000000000000e+00,5.985000000000000142e+01,5.451100000000000279e+01,5.000000000000000000e+01,1.000000000000000000e+00
2.990000000000000000e+02,6.000000000000000000e+01,1.596532774929514709e+01,4.716724869743396198e+01,-3.132576446729110398e+00,0.000000000000000000e+00,5.985000000000000142e+01,5.451100000000000279e+01,5.000000000000000000e+01,1.000000000000000000e+00
3.000000000000000000e+02,6.000000000000000000e+01,1.557957624533203855e+01,4.778514403132166422e+01,-3.364720276653698772e+00,0.000000000000000000e+00,5.985000000000000142e+01,5.464000000000000057e+01,5.000000000000000000e+01,1.000000000000000000e+00
3.010000000000000000e+02,6.000000000000000000e+01,1.567825686262493257e+01,4.744518984848803456e+01,-3.123446711112967566e+00,0.000000000000000000e+00,5.985000000000000142e+01,5.460699999999999932e+01,5.000000000000000000e+01,1.000000000000000000e+00
3.020000000000000000e+02,6.000000000000000711e+01,1.615969866214479467e+01,4.636695821056287770e+01,-2.526656872707669699e+00,0.000000000000000000e+00,5.985000000000000142e+01,5.444599999999999795e+01,5.000000000000000000e+01,1.000000000000000000e+00
3.030000000000000000e+02,6.000000000000000000e+01,1.606101804485189888e+01,4.644969909393161345e+01,-2.510717138783511437e+00,0.000000000000000000e+00,5.985000000000000142e+01,5.447899999999999920e+01,5.000000000000000000e+01,1.000000000000000000e+00
3.040000000000000000e+02,6.000000000000000000e+01,1.606101804485189888e+01,4.634008298501223067e+01,-2.401101029864129544e+00,0.000000000000000000e+00,5.985000000000000142e+01,5.447899999999999920e+01,5.000000000000000000e+01,1.000000000000000000e+00
3.050000000000000000e+02,5.999999999999999289e+01,1.586963745373841661e+01,4.660965827969064179e+01,-2.479295733429059290e+00,0.000000000000000000e+00,5.985000000000000142e+01,5.454299999999999926e+01,5.000000000000000000e+01,1.000000000000000000e+00
3.060000000000000000e+02,6.000000000000000000e+01,1.538819565421855451e+01,4.744327820227707804e+01,-2.831473856495635211e+00,0.000000000000000000e+00,5.985000000000000142e+01,5.470400000000000063e+01,5.000000000000000000e+01,1.000000000000000000e+00
3.070000000000000000e+02,6.000000000000000000e+01,1.538819565421855451e+01,4.731965808519515804e+01,-2.707853739413712546e+00,0.000000000000000000e+00,5.985000000000000142e+01,5.470400000000000063e+01,5.000000000000000000e+01,1.000000000000000000e+00
3.080000000000000000e+02,6.000000000000000000e+01,1.529250535866182403e+01,4.738863795519571909e+01,-2.681143313857549781e+00,0.000000000000000000e+00,5.985000000000000142e+01,5.473599999999999710e+01,5.000000000000000000e+01,1.000000000000000000e+00
3.090000000000000000e+02,6.000000000000000000e+01,1.500244415025544598e+01,4.783903971431143987e+01,-2.841483864566881401e+00,0.000000000000000000e+00,5.985000000000000142e+01,5.483299999999999841e+01,5.000000000000000000e+01,1.000000000000000000e+00
3.100000000000000000e+02,6.000000000000000000e+01,1.490675385469869241e+01,4.790218538892323608e+01,-2.808939243621927595e+00,0.000000000000000000e+00,5.985000000000000142e+01,5.486500000000000199e+01,5.000000000000000000e+01,1.000000000000000000e+00
3.110000000000000000e+02,6.000000000000000000e+01,1.490675385469869241e+01,4.777954911687150741e+01,-2.686302971570201148e+00,0.000000000000000000e+00,5.985000000000000142e+01,5.486500000000000199e+01,5.000000000000000000e+01,1.000000000000000000e+00
3.120000000000000000e+02,6.000000000000000000e+01,1.432663143788595939e+01,4.879718416159678185e+01,-3.123815599482740346e+00,0.000000000000000000e+00,5.985000000000000142e+01,5.505899999999999750e+01,5.000000000000000000e+01,1.000000000000000000e+00
3.130000000000000000e+02,5.999999999999999289e+01,1.413525084677247534e+01,4.903520625669042232e+01,-3.170457103462900328e+00,0.000000000000000000e+00,5.985000000000000142e+01,5.512299999999999756e+01,5.000000000000000000e+01,1.000000000000000000e+00
3.140000000000000000e+02,6.000000000000000000e+01,1.423094114232920582e+01,4.870958355279142893e+01,-2.940524695120637855e+00,0.000000000000000000e+00,5.985000000000000142e+01,5.509100000000000108e+01,5.000000000000000000e+01,1.000000000000000000e+00
3.150000000000000000e+02,6.000000000000000000e+01,1.403956055121572177e+01,4.895560799726411716e+01,-2.995168548479837600e+00,0.000000000000000000e+00,5.985000000000000142e+01,5.515500000000000114e+01,5.000000000000000000e+01,1.000000000000000000e+00
3.160000000000000000e+02,6.000000000000000000e+01,1.365380904725261324e+01,4.957950246140356398e+01,-3.233311508656181221e+00,0.000000000000000000e+00,5.985000000000000142e+01,5.528399999999999892e+01,5.000000000000000000e+01,1.000000000000000000e+00
3.170000000000000000e+02,6.000000000000000000e+01,1.432663143788595939e+01,4.812206856231372143e+01,-2.448700000199681259e+00,0.000000000000000000e+00,5.985000000000000142e+01,5.505899999999999750e+01,5.000000000000000000e+01,1.000000000000000000e+00
3.180000000000000000e+02,6.000000000000000000e+01,1.432663143788595939e+01,4.801516007716958256e+01,-2.341791515055539730e+00,0.000000000000000000e+00,5.985000000000000142e+01,5.505899999999999750e+01,5.000000000000000000e+01,1.000000000000000000e+00
3.190000000000000000e+02,6.000000000000000000e+01,1.452100235073558387e+01,4.753266340868418638e+01,-2.053665759419769365e+00,0.000000000000000000e+00,5.985000000000000142e+01,5.499399999999999977e+01,5.000000000000000000e+01,1.000000000000000000e+00
3.200000000000000000e+02,6.000000000000000000e+01,1.481106355914196193e+01,4.687554328250450908e+01,-1.686606841646470123e+00,0.000000000000000000e+00,5.985000000000000142e+01,5.489699999999999847e+01,5.000000000000000000e+01,1.000000000000000000e+00
3.210000000000000000e+02,5.999999999999999289e+01,1.529250535866182403e+01,4.586004304239322238e+01,-1.152548401055050187e+00,0.000000000000000000e+00,5.985000000000000142e+01,5.473599999999999710e+01,5.000000000000000000e+01,1.000000000000000000e+00
3.220000000000000000e+02,5.999999999999999289e+01,1.529250535866182403e+01,4.580972360612008032e+01,-1.102228964781905240e+00,0.000000000000000000e+00,5.985000000000000142e+01,5.473599999999999710e+01,5.000000000000000000e+01,1.000000000000000000e+00
3.230000000000000000e+02,5.999999999999999289e+01,1.529250535866182403e+01,4.576160108033202079e+01,-1.054106438993846373e+00,0.000000000000000000e+00,5.985000000000000142e+01,5.473599999999999710e+01,5.000000000000000000e+01,1.000000000000000000e+00
3.240000000000000000e+02,6.000000000000000000e+01,1.519382474136893002e+01,4.590863245912847646e+01,-1.102457200497407364e+00,0.000000000000000000e+00,5.985000000000000142e+01,5.476899999999999835e+01,5.000000000000000000e+01,1.000000000000000000e+00
3.250000000000000000e+02,5.999999999999999289e+01,1.471238294184906792e+01,4.680236416422473411e+01,-1.514747106073805805e+00,0.000000000000000000e+00,5.985000000000000142e+01,5.492999999999999972e+01,5.000000000000000000e+01,1.000000000000000000e+00
3.260000000000000000e+02,5.999999999999999289e+01,1.471238294184906792e+01,4.673623139235655088e+01,-1.448614334205623688e+00,0.000000000000000000e+00,5.985000000000000142e+01,5.492999999999999972e+01,5.000000000000000000e+01,1.000000000000000000e+00
3.270000000000000000e+02,5.999999999999999289e+01,1.413525084677247534e+01,4.780205294681608308e+01,-1.937303793588560641e+00,0.000000000000000000e+00,5.985000000000000142e+01,5.512299999999999756e+01,5.000000000000000000e+01,1.000000000000000000e+00
3.280000000000000000e+02,6.000000000000000000e+01,1.413525084677247534e+01,4.771747165314202732e+01,-1.852722499914503995e+00,0.000000000000000000e+00,5.985000000000000142e+01,5.512299999999999756e+01,5.000000000000000000e+01,1.000000000000000000e+00
3.290000000000000000e+02,6.000000000000000000e+01,1.345943813440298875e+01,4.895870304465649525e+01,-2.418141179059480450e+00,0.000000000000000000e+00,5.985000000000000142e+01,5.534899999999999665e+01,5.000000000000000000e+01,1.000000000000000000e+00
3.300000000000000000e+02,6.000000000000000000e+01,1.336374783884623518e+01,4.904033155718259707e+01,-2.404079396028831805e+00,0.000000000000000000e+00,5.985000000000000142e+01,5.538100000000000023e+01,5.000000000000000000e+01,1.000000000000000000e+00
3.310000000000000000e+02,6.000000000000000000e+01,1.326805754328950471e+01,4.912257399706689398e+01,-2.390631540356397355e+00,0.000000000000000000e+00,5.985000000000000142e+01,5.541299999999999670e+01,5.000000000000000000e+01,1.000000000000000000e+00
3.320000000000000000e+02,6.000000000000000000e+01,1.336374783884623518e+01,4.883099791775302378e+01,-2.194745756599259412e+00,0.000000000000000000e+00,5.985000000000000142e+01,5.538100000000000023e+01,5.000000000000000000e+01,1.000000000000000000e+00
3.330000000000000000e+02,6.000000000000000711e+01,1.355811875169586145e+01,4.835492116158116715e+01,-1.913039913277023274e+00,0.000000000000000000e+00,5.985000000000000142e+01,5.531600000000000250e+01,5.000000000000000000e+01,1.000000000000000000e+00
3.340000000000000000e+02,6.000000000000000000e+01,1.345943813440298875e+01,4.846445212114789314e+01,-1.923890255550882333e+00,0.000000000000000000e+00,5.985000000000000142e+01,5.534899999999999665e+01,5.000000000000000000e+01,1.000000000000000000e+00
3.350000000000000000e+02,6.000000000000000000e+01,1.345943813440298875e+01,4.838045645292077523e+01,-1.839894587323762654e+00,0.000000000000000000e+00,5.985000000000000142e+01,5.534899999999999665e+01,5.000000000000000000e+01,1.000000000000000000e+00
3.360000000000000000e+02,6.000000000000000000e+01,1.336374783884623518e+01,4.848733079676846813e+01,-1.851078635614707979e+00,0.000000000000000000e+00,5.985000000000000142e+01,5.538100000000000023e+01,5.000000000000000000e+01,1.000000000000000000e+00
3.370000000000000000e+02,6.000000000000000000e+01,1.288230603932637486e+01,4.934837822711964606e+01,-2.230684266446018249e+00,0.000000000000000000e+00,5.985000000000000142e+01,5.554200000000000159e+01,5.000000000000000000e+01,1.000000000000000000e+00
3.380000000000000000e+02,6.000000000000000000e+01,1.269092544821289081e+01,4.962539379542026552e+01,-2.316319243633160774e+00,0.000000000000000000e+00,5.985000000000000142e+01,5.560600000000000165e+01,5.000000000000000000e+01,1.000000000000000000e+00
3.390000000000000000e+02,6.000000000000000000e+01,1.240086423980651276e+01,5.009172351169227966e+01,-2.492587751498791082e+00,0.000000000000000000e+00,5.985000000000000142e+01,5.570300000000000296e+01,5.000000000000000000e+01,1.000000000000000000e+00
3.400000000000000000e+02,6.000000000000000000e+01,1.230517394424978050e+01,5.017010174027869596e+01,-2.475275684528476017e+00,0.000000000000000000e+00,5.985000000000000142e+01,5.573499999999999943e+01,5.000000000000000000e+01,1.000000000000000000e+00
3.410000000000000000e+02,6.000000000000000711e+01,1.211080303140015602e+01,5.044228871092317235e+01,-2.553091742323324809e+00,0.000000000000000000e+00,5.985000000000000142e+01,5.579999999999999716e+01,5.000000000000000000e+01,1.000000000000000000e+00
3.420000000000000000e+02,6.000000000000000000e+01,1.172505152743702617e+01,5.108548393124337395e+01,-2.810535458680396559e+00,0.000000000000000000e+00,5.985000000000000142e+01,5.592900000000000205e+01,5.000000000000000000e+01,1.000000000000000000e+00
3.430000000000000000e+02,5.999999999999999289e+01,1.153367093632354212e+01,5.133718361251587936e+01,-2.870854548839423259e+00,0.000000000000000000e+00,5.985000000000000142e+01,5.599300000000000210e+01,5.000000000000000000e+01,1.000000000000000000e+00
3.440000000000000000e+02,6.000000000000000000e+01,1.143798064076680987e+01,5.139904698412483697e+01,-2.837027624891644173e+00,0.000000000000000000e+00,5.985000000000000142e+01,5.602499999999999858e+01,5.000000000000000000e+01,1.000000000000000000e+00
3.450000000000000000e+02,6.000000000000000000e+01,1.133930002347391586e+01,5.146823730313438716e+01,-2.807537326608303019e+00,0.000000000000000000e+00,5.985000000000000142e+01,5.605799999999999983e+01,5.000000000000000000e+01,1.000000000000000000e+00
3.460000000000000000e+02,6.000000000000000711e+01,1.124360972791716407e+01,5.153286505923789917e+01,-2.776474787155056578e+00,0.000000000000000000e+00,5.985000000000000142e+01,5.609000000000000341e+01,5.000000000000000000e+01,1.000000000000000000e+00
3.470000000000000000e+02,6.000000000000000000e+01,1.114791943236043359e+01,5.159884898352750326e+01,-2.746768415887931969e+00,0.000000000000000000e+00,5.985000000000000142e+01,5.612199999999999989e+01,5.000000000000000000e+01,1.000000000000000000e+00
3.480000000000000000e+02,6.000000000000000000e+01,1.057078733728383924e+01,5.260799406216515450e+01,-3.178781399448995071e+00,0.000000000000000000e+00,5.985000000000000142e+01,5.631499999999999773e+01,5.000000000000000000e+01,1.000000000000000000e+00
3.490000000000000000e+02,6.000000000000000711e+01,1.066647763284057149e+01,5.228200792547583120e+01,-2.948485558316397803e+00,0.000000000000000000e+00,5.985000000000000142e+01,5.628300000000000125e+01,5.000000000000000000e+01,1.000000000000000000e+00
3.500000000000000000e+02,6.000000000000000000e+01,1.047210671999094522e+01,5.253353489254379127e+01,-3.005641612534740048e+00,0.000000000000000000e+00,5.985000000000000142e+01,5.634799999999999898e+01,5.000000000000000000e+01,1.000000000000000000e+00
3.510000000000000000e+02,6.000000000000000000e+01,1.047210671999094522e+01,5.240231073619304425e+01,-2.874417456183990360e+00,0.000000000000000000e+00,5.985000000000000142e+01,5.634799999999999898e+01,5.000000000000000000e+01,1.000000000000000000e+00
3.520000000000000000e+02,6.000000000000000000e+01,1.047210671999094522e+01,5.227681573235939538e+01,-2.748922452350344603e+00,0.000000000000000000e+00,5.985000000000000142e+01,5.634799999999999898e+01,5.000000000000000000e+01,1.000000000000000000e+00
3.530000000000000000e+02,6.000000000000000000e+01,1.037641642443419343e+01,5.234400257181869165e+01,-2.720418996252887744e+00,0.000000000000000000e+00,5.985000000000000142e+01,5.638000000000000256e+01,5.000000000000000000e+01,1.000000000000000000e+00
3.540000000000000000e+02,6.000000000000000000e+01,1.018503583332070939e+01,5.259963667318508840e+01,-2.784672506505796452e+00,0.000000000000000000e+00,5.985000000000000142e+01,5.644400000000000261e+01,5.000000000000000000e+01,1.000000000000000000e+00
3.550000000000000000e+02,6.000000000000000000e+01,1.008635521602783669e+01,5.267111277910018430e+01,-2.757467995128024540e+00,0.000000000000000000e+00,5.985000000000000142e+01,5.647699999999999676e+01,5.000000000000000000e+01,1.000000000000000000e+00
3.560000000000000000e+02,6.000000000000000000e+01,1.047210671999094522e+01,5.179606233080105682e+01,-2.268169050792006036e+00,0.000000000000000000e+00,5.985000000000000142e+01,5.634799999999999898e+01,5.000000000000000000e+01,1.000000000000000000e+00
3.570000000000000000e+02,6.000000000000000000e+01,1.057078733728383924e+01,5.150398278774783734e+01,-2.074770125031674795e+00,0.000000000000000000e+00,5.985000000000000142e+01,5.631499999999999773e+01,5.000000000000000000e+01,1.000000000000000000e+00
3.580000000000000000e+02,6.000000000000000000e+01,1.047210671999094522e+01,5.160645272230569702e+01,-2.078559442296642690e+00,0.000000000000000000e+00,5.985000000000000142e+01,5.634799999999999898e+01,5.000000000000000000e+01,1.000000000000000000e+00
3.590000000000000000e+02,6.000000000000000000e+01,1.028072612887746295e+01,5.189010995128394654e+01,-2.170836080161411275e+00,0.000000000000000000e+00,5.985000000000000142e+01,5.641199999999999903e+01,5.000000000000000000e+01,1.000000000000000000e+00
3.600000000000000000e+02,6.000000000000000000e+01,1.047210671999094522e+01,5.142092716260167151e+01,-1.893033882592619177e+00,0.000000000000000000e+00,5.985000000000000142e+01,5.634799999999999898e+01,5.000000000000000000e+01,1.000000000000000000e+00
3.610000000000000000e+02,6.000000000000000000e+01,9.703594033800868601e+00,5.284175132136401487e+01,-2.545345355164881695e+00,0.000000000000000000e+00,5.985000000000000142e+01,5.660499999999999687e+01,5.000000000000000000e+01,1.000000000000000000e+00
3.620000000000000000e+02,6.000000000000000000e+01,9.604913416507974588e+00,5.292367627899705695e+01,-2.528589695505035095e+00,0.000000000000000000e+00,5.985000000000000142e+01,5.663799999999999812e+01,5.000000000000000000e+01,1.000000000000000000e+00
3.630000000000000000e+02,6.000000000000000000e+01,9.703594033800868601e+00,5.262022695743921474e+01,-2.323820991240085121e+00,0.000000000000000000e+00,5.985000000000000142e+01,5.660499999999999687e+01,5.000000000000000000e+01,1.000000000000000000e+00
3.640000000000000000e+02,5.999999999999999289e+01,1.008635521602783669e+01,5.176995931437260623e+01,-1.856314530400446694e+00,0.000000000000000000e+00,5.985000000000000142e+01,5.647699999999999676e+01,5.000000000000000000e+01,1.000000000000000000e+00
3.650000000000000000e+02,6.000000000000000000e+01,9.990664920471084898e+00,5.187611677528636989e+01,-1.866781695757452342e+00,0.000000000000000000e+00,5.985000000000000142e+01,5.650900000000000034e+01,5.000000000000000000e+01,1.000000000000000000e+00
3.660000000000000000e+02,6.000000000000000000e+01,9.604913416507974588e+00,5.254927579983390729e+01,-2.154189216341881430e+00,0.000000000000000000e+00,5.985000000000000142e+01,5.663799999999999812e+01,5.000000000000000000e+01,1.000000000000000000e+00
3.670000000000000000e+02,6.000000000000000711e+01,9.509223120951222796e+00,5.264242826567510036e+01,-2.151651386626322271e+00,0.000000000000000000e+00,5.985000000000000142e+01,5.667000000000000171e+01,5.000000000000000000e+01,1.000000000000000000e+00
3.680000000000000000e+02,6.000000000000000711e+01,9.509223120951222796e+00,5.254848870987661513e+01,-2.057711830827835708e+00,0.000000000000000000e+00,5.985000000000000142e+01,5.667000000000000171e+01,5.000000000000000000e+01,1.000000000000000000e+00
3.690000000000000000e+02,6.000000000000000000e+01,9.413532825394492320e+00,5.264585330914984240e+01,-2.059386134544335611e+00,0.000000000000000000e+00,5.985000000000000142e+01,5.670199999999999818e+01,5.000000000000000000e+01,1.000000000000000000e+00
3.700000000000000000e+02,5.999999999999999289e+01,9.219161912544844739e+00,5.293619771915910377e+01,-2.155359631703952061e+00,0.000000000000000000e+00,5.985000000000000142e+01,5.676700000000000301e+01,5.000000000000000000e+01,1.000000000000000000e+00
3.710000000000000000e+02,6.000000000000000000e+01,9.317842529837738752e+00,5.264904335440608207e+01,-1.966885884243825711e+00,0.000000000000000000e+00,5.985000000000000142e+01,5.673400000000000176e+01,5.000000000000000000e+01,1.000000000000000000e+00
3.720000000000000000e+02,6.000000000000000000e+01,8.833410408581736206e+00,5.351088481154088328e+01,-2.344295220122618151e+00,0.000000000000000000e+00,5.985000000000000142e+01,5.689600000000000080e+01,5.000000000000000000e+01,1.000000000000000000e+00
3.730000000000000000e+02,6.000000000000000000e+01,8.833410408581736206e+00,5.340853456418778933e+01,-2.241944972769523314e+00,0.000000000000000000e+00,5.985000000000000142e+01,5.689600000000000080e+01,5.000000000000000000e+01,1.000000000000000000e+00
3.740000000000000000e+02,5.999999999999999289e+01,8.642029817468252162e+00,5.368505849812952846e+01,-2.327088315597781065e+00,0.000000000000000000e+00,5.985000000000000142e+01,5.696000000000000085e+01,5.000000000000000000e+01,1.000000000000000000e+00
3.750000000000000000e+02,6.000000000000000000e+01,8.642029817468252162e+00,5.358345949188257862e+01,-2.225489309350832112e+00,0.000000000000000000e+00,5.985000000000000142e+01,5.696000000000000085e+01,5.000000000000000000e+01,1.000000000000000000e+00
3.760000000000000000e+02,6.000000000000000000e+01,8.546339521911519910e+00,5.367349904681852024e+01,-2.219838568730037043e+00,0.000000000000000000e+00,5.985000000000000142e+01,5.699199999999999733e+01,5.000000000000000000e+01,1.000000000000000000e+00
3.770000000000000000e+02,6.000000000000000000e+01,8.546339521911519910e+00,5.357658248757152109e+01,-2.122922009483042771e+00,0.000000000000000000e+00,5.985000000000000142e+01,5.699199999999999733e+01,5.000000000000000000e+01,1.000000000000000000e+00
3.780000000000000000e+02,6.000000000000000000e+01,8.546339521911519910e+00,5.348389723576669752e+01,-2.030236757678215209e+00,0.000000000000000000e+00,5.985000000000000142e+01,5.699199999999999733e+01,5.000000000000000000e+01,1.000000000000000000e+00
3.790000000000000000e+02,6.000000000000000000e+01,8.450649226354768118e+00,5.358246137702118261e+01,-2.033110603375954728e+00,0.000000000000000000e+00,5.985000000000000142e+01,5.702400000000000091e+01,5.000000000000000000e+01,1.000000000000000000e+00
3.800000000000000000e+02,6.000000000000000000e+01,8.450649226354768118e+00,5.349369722677015915e+01,-1.944346453124927487e+00,0.000000000000000000e+00,5.985000000000000142e+01,5.702400000000000091e+01,5.000000000000000000e+01,1.000000000000000000e+00
3.810000000000000000e+02,6.000000000000000000e+01,8.450649226354768118e+00,5.340880845563362556e+01,-1.859457681988397892e+00,0.000000000000000000e+00,5.985000000000000142e+01,5.702400000000000091e+01,5.000000000000000000e+01,1.000000000000000000e+00
3.820000000000000000e+02,6.000000000000000000e+01,8.351968609061874105e+00,5.352067877697491838e+01,-1.872647386036787376e+00,0.000000000000000000e+00,5.985000000000000142e+01,5.705700000000000216e+01,5.000000000000000000e+01,1.000000000000000000e+00
3.830000000000000000e+02,6.000000000000000000e+01,7.679146218428550164e+00,5.475519017408596767e+01,-2.434336392514516056e+00,0.000000000000000000e+00,5.985000000000000142e+01,5.728199999999999648e+01,5.000000000000000000e+01,1.000000000000000000e+00
3.840000000000000000e+02,6.000000000000000000e+01,7.966217105098765572e+00,5.408730032935526566e+01,-2.053517434454026791e+00,0.000000000000000000e+00,5.985000000000000142e+01,5.718599999999999994e+01,5.000000000000000000e+01,1.000000000000000000e+00
3.850000000000000000e+02,6.000000000000000000e+01,7.870526809542012892e+00,5.418484805296486684e+01,-2.055374862506881506e+00,0.000000000000000000e+00,5.985000000000000142e+01,5.721800000000000352e+01,5.000000000000000000e+01,1.000000000000000000e+00
3.860000000000000000e+02,6.000000000000000000e+01,7.679146218428550164e+00,5.446951750406250170e+01,-2.148663722491050088e+00,0.000000000000000000e+00,5.985000000000000142e+01,5.728199999999999648e+01,5.000000000000000000e+01,1.000000000000000000e+00
3.870000000000000000e+02,6.000000000000000000e+01,7.870526809542012892e+00,5.400130274460818924e+01,-1.871829554150203245e+00,0.000000000000000000e+00,5.985000000000000142e+01,5.721800000000000352e+01,5.000000000000000000e+01,1.000000000000000000e+00
3.880000000000000000e+02,6.000000000000000000e+01,8.546339521911519910e+00,5.259746008266117911e+01,-1.143799604572695916e+00,0.000000000000000000e+00,5.985000000000000142e+01,5.699199999999999733e+01,5.000000000000000000e+01,1.000000000000000000e+00
3.890000000000000000e+02,6.000000000000000000e+01,8.450649226354768118e+00,5.273472543402971269e+01,-1.185374660384483025e+00,0.000000000000000000e+00,5.985000000000000142e+01,5.702400000000000091e+01,5.000000000000000000e+01,1.000000000000000000e+00
3.900000000000000000e+02,6.000000000000000000e+01,8.256278313505143629e+00,5.306322855792524962e+01,-1.319506871430389694e+00,0.000000000000000000e+00,5.985000000000000142e+01,5.708899999999999864e+01,5.000000000000000000e+01,1.000000000000000000e+00
3.910000000000000000e+02,6.000000000000000000e+01,8.450649226354768118e+00,5.262536410352372229e+01,-1.076013329878489078e+00,0.000000000000000000e+00,5.985000000000000142e+01,5.702400000000000091e+01,5.000000000000000000e+01,1.000000000000000000e+00
3.920000000000000000e+02,6.000000000000000000e+01,8.450649226354768118e+00,5.257838613354665824e+01,-1.029035359901426805e+00,0.000000000000000000e+00,5.985000000000000142e+01,5.702400000000000091e+01,5.000000000000000000e+01,1.000000000000000000e+00
3.930000000000000000e+02,6.000000000000000000e+01,8.546339521911519910e+00,5.234625636656934233e+01,-8.925958884808633531e-01,0.000000000000000000e+00,5.985000000000000142e+01,5.699199999999999733e+01,5.000000000000000000e+01,1.000000000000000000e+00
3.940000000000000000e+02,5.999999999999999289e+01,8.642029817468252162e+00,5.212008344902329071e+01,-7.621132664915492017e-01,0.000000000000000000e+00,5.985000000000000142e+01,5.696000000000000085e+01,5.000000000000000000e+01,1.000000000000000000e+00
3.950000000000000000e+02,6.000000000000000711e+01,9.509223120951222796e+00,5.039028456108081144e+01,1.004923179679693135e-01,0.000000000000000000e+00,5.985000000000000142e+01,5.667000000000000171e+01,5.000000000000000000e+01,1.000000000000000000e+00
3.960000000000000000e+02,6.000000000000000711e+01,9.509223120951222796e+00,5.039467198358324396e+01,9.610489546553825646e-02,0.000000000000000000e+00,5.985000000000000142e+01,5.667000000000000171e+01,5.000000000000000000e+01,1.000000000000000000e+00
3.970000000000000000e+02,6.000000000000000000e+01,9.604913416507974588e+00,5.021166503290280048e+01,1.834215505892233811e-01,0.000000000000000000e+00,5.985000000000000142e+01,5.663799999999999812e+01,5.000000000000000000e+01,1.000000000000000000e+00
3.980000000000000000e+02,6.000000000000000711e+01,9.509223120951222796e+00,5.040687590766663817e+01,8.390097138214573647e-02,0.000000000000000000e+00,5.985000000000000142e+01,5.667000000000000171e+01,5.000000000000000000e+01,1.000000000000000000e+00
3.990000000000000000e+02,6.000000000000000000e+01,9.123471616988114263e+00,5.116520033790855138e+01,-2.886719548966607540e-01,0.000000000000000000e+00,5.985000000000000142e+01,5.679899999999999949e+01,5.000000000000000000e+01,1.000000000000000000e+00
4.000000000000000000e+02,6.000000000000000000e+01,9.509223120951222796e+00,5.039793575344307897e+01,9.284112560570423334e-02,0.000000000000000000e+00,5.985000000000000142e+01,5.667000000000000171e+01,5.000000000000000000e+01,1.000000000000000000e+00
4.010000000000000000e+02,6.000000000000000000e+01,9.123471616988114263e+00,5.115665050440411221e+01,-2.801221213922257536e-01,0.000000000000000000e+00,5.985000000000000142e+01,5.679899999999999949e+01,5.000000000000000000e+01,1.000000000000000000e+00
4.020000000000000000e+02,6.000000000000000000e+01,8.546339521911519910e+00,5.227348759051897531e+01,-8.198271124304979951e-01,0.000000000000000000e+00,5.985000000000000142e+01,5.699199999999999733e+01,5.000000000000000000e+01,1.000000000000000000e+00
4.030000000000000000e+02,6.000000000000000000e+01,8.450649226354768118e+00,5.242489734845445781e+01,-8.755465748092269296e-01,0.000000000000000000e+00,5.985000000000000142e+01,5.702400000000000091e+01,5.000000000000000000e+01,1.000000000000000000e+00
4.040000000000000000e+02,6.000000000000000000e+01,8.546339521911519910e+00,5.219946879171093457e+01,-7.458083136224543663e-01,0.000000000000000000e+00,5.985000000000000142e+01,5.699199999999999733e+01,5.000000000000000000e+01,1.000000000000000000e+00
4.050000000000000000e+02,6.000000000000000000e+01,8.160588017948390060e+00,5.292156870985968453e+01,-1.082156727808073704e+00,0.000000000000000000e+00,5.985000000000000142e+01,5.712100000000000222e+01,5.000000000000000000e+01,1.000000000000000000e+00
4.060000000000000000e+02,6.000000000000000000e+01,7.583455922871797483e+00,5.400338954049281881e+01,-1.586845463364619402e+00,0.000000000000000000e+00,5.985000000000000142e+01,5.731400000000000006e+01,5.000000000000000000e+01,1.000000000000000000e+00
4.070000000000000000e+02,6.000000000000000000e+01,7.679146218428550164e+00,5.374690618460935809e+01,-1.426052403037908256e+00,0.000000000000000000e+00,5.985000000000000142e+01,5.728199999999999648e+01,5.000000000000000000e+01,1.000000000000000000e+00
4.080000000000000000e+02,6.000000000000000000e+01,7.870526809542012892e+00,5.331024011691167175e+01,-1.180766926453685084e+00,0.000000000000000000e+00,5.985000000000000142e+01,5.721800000000000352e+01,5.000000000000000000e+01,1.000000000000000000e+00
4.090000000000000000e+02,6.000000000000000000e+01,7.583455922871797483e+00,5.382029714445818058e+01,-1.403753067329981397e+00,0.000000000000000000e+00,5.985000000000000142e+01,5.731400000000000006e+01,5.000000000000000000e+01,1.000000000000000000e+00
4.100000000000000000e+02,6.000000000000000000e+01,7.583455922871797483e+00,5.375901029268685249e+01,-1.342466215558652642e+00,0.000000000000000000e+00,5.985000000000000142e+01,5.731400000000000006e+01,5.000000000000000000e+01,1.000000000000000000e+00
4.110000000000000000e+02,5.999999999999999289e+01,8.064897722391659585e+00,5.275853498540057984e+01,-8.234327077922438676e-01,0.000000000000000000e+00,5.985000000000000142e+01,5.715299999999999869e+01,5.000000000000000000e+01,1.000000000000000000e+00
4.120000000000000000e+02,5.999999999999999289e+01,8.064897722391659585e+00,5.272258450416521924e+01,-7.874822265568827140e-01,0.000000000000000000e+00,5.985000000000000142e+01,5.715299999999999869e+01,5.000000000000000000e+01,1.000000000000000000e+00
4.130000000000000000e+02,6.000000000000000000e+01,7.966217105098765572e+00,5.288125650478226447e+01,-8.474736098810262686e-01,0.000000000000000000e+00,5.985000000000000142e+01,5.718599999999999994e+01,5.000000000000000000e+01,1.000000000000000000e+00
4.140000000000000000e+02,6.000000000000000000e+01,8.256278313505143629e+00,5.227679786244684124e+01,-5.330761759519822007e-01,0.000000000000000000e+00,5.985000000000000142e+01,5.708899999999999864e+01,5.000000000000000000e+01,1.000000000000000000e+00
4.150000000000000000e+02,6.000000000000000000e+01,8.256278313505143629e+00,5.225352413907002358e+01,-5.098024525751655434e-01,0.000000000000000000e+00,5.985000000000000142e+01,5.708899999999999864e+01,5.000000000000000000e+01,1.000000000000000000e+00
4.160000000000000000e+02,6.000000000000000000e+01,8.256278313505143629e+00,5.223126652975768280e+01,-4.875448432628224360e-01,0.000000000000000000e+00,5.985000000000000142e+01,5.708899999999999864e+01,5.000000000000000000e+01,1.000000000000000000e+00
4.170000000000000000e+02,6.000000000000000711e+01,8.351968609061874105e+00,5.202277785023458279e+01,-3.747464592964513952e-01,0.000000000000000000e+00,5.985000000000000142e+01,5.705700000000000216e+01,5.000000000000000000e+01,1.000000000000000000e+00
4.180000000000000000e+02,6.000000000000000000e+01,7.870526809542012892e+00,5.294828088418229584e+01,-8.188076937243098374e-01,0.000000000000000000e+00,5.985000000000000142e+01,5.721800000000000352e+01,5.000000000000000000e+01,1.000000000000000000e+00
4.190000000000000000e+02,6.000000000000000000e+01,7.583455922871797483e+00,5.347414079213550053e+01,-1.057596715007302679e+00,0.000000000000000000e+00,5.985000000000000142e+01,5.731400000000000006e+01,5.000000000000000000e+01,1.000000000000000000e+00
4.200000000000000000e+02,6.000000000000000000e+01,7.583455922871797483e+00,5.342796687835038227e+01,-1.011422801222179535e+00,0.000000000000000000e+00,5.985000000000000142e+01,5.731400000000000006e+01,5.000000000000000000e+01,1.000000000000000000e+00
4.210000000000000000e+02,6.000000000000000000e+01,7.583455922871797483e+00,5.338380888451279560e+01,-9.672648073845964145e-01,0.000000000000000000e+00,5.985000000000000142e+01,5.731400000000000006e+01,5.000000000000000000e+01,1.000000000000000000e+00
4.220000000000000000e+02,5.999999999999999289e+01,7.484775305578903470e+00,5.353463170663919612e+01,-1.019407012218101150e+00,0.000000000000000000e+00,5.985000000000000142e+01,5.734700000000000131e+01,5.000000000000000000e+01,1.000000000000000000e+00
4.230000000000000000e+02,6.000000000000000000e+01,7.099023801615794937e+00,5.424478650190560813e+01,-1.343810303521401739e+00,0.000000000000000000e+00,5.985000000000000142e+01,5.747599999999999909e+01,5.000000000000000000e+01,1.000000000000000000e+00
4.240000000000000000e+02,6.000000000000000000e+01,7.003333506059042257e+00,5.437331952965937631e+01,-1.376653035718420348e+00,0.000000000000000000e+00,5.985000000000000142e+01,5.750800000000000267e+01,5.000000000000000000e+01,1.000000000000000000e+00
4.250000000000000000e+02,6.000000000000000000e+01,6.716262619388826849e+00,5.487482431021746265e+01,-1.591086929606288169e+00,0.000000000000000000e+00,5.985000000000000142e+01,5.760399999999999920e+01,5.000000000000000000e+01,1.000000000000000000e+00
4.260000000000000000e+02,6.000000000000000000e+01,6.617582002095932836e+00,5.499841150606025053e+01,-1.615993508156178704e+00,0.000000000000000000e+00,5.985000000000000142e+01,5.763700000000000045e+01,5.000000000000000000e+01,1.000000000000000000e+00
4.270000000000000000e+02,6.000000000000000000e+01,6.521891706539201472e+00,5.511506121038243577e+01,-1.636952916921638357e+00,0.000000000000000000e+00,5.985000000000000142e+01,5.766899999999999693e+01,5.000000000000000000e+01,1.000000000000000000e+00
4.280000000000000000e+02,6.000000000000000711e+01,6.040449907019340259e+00,5.598545721598333813e+01,-2.025907123002676613e+00,0.000000000000000000e+00,5.985000000000000142e+01,5.782999999999999829e+01,5.000000000000000000e+01,1.000000000000000000e+00
4.290000000000000000e+02,6.000000000000000000e+01,5.654698403056209521e+00,5.665166893854483732e+01,-2.306367341601045950e+00,0.000000000000000000e+00,5.985000000000000142e+01,5.795900000000000318e+01,5.000000000000000000e+01,1.000000000000000000e+00
4.300000000000000000e+02,6.000000000000000000e+01,5.654698403056209521e+00,5.655097459515594238e+01,-2.205672998212153235e+00,0.000000000000000000e+00,5.985000000000000142e+01,5.795900000000000318e+01,5.000000000000000000e+01,1.000000000000000000e+00
4.310000000000000000e+02,6.000000000000000000e+01,5.559008107499478157e+00,5.664187931601861692e+01,-2.200887423518098185e+00,0.000000000000000000e+00,5.985000000000000142e+01,5.799099999999999966e+01,5.000000000000000000e+01,1.000000000000000000e+00
4.320000000000000000e+02,6.000000000000000000e+01,5.654698403056209521e+00,5.635858732871052723e+01,-2.013285731766735420e+00,0.000000000000000000e+00,5.985000000000000142e+01,5.795900000000000318e+01,5.000000000000000000e+01,1.000000000000000000e+00
4.330000000000000000e+02,6.000000000000000711e+01,6.040449907019340259e+00,5.551602734410254669e+01,-1.556477251121882288e+00,0.000000000000000000e+00,5.985000000000000142e+01,5.782999999999999829e+01,5.000000000000000000e+01,1.000000000000000000e+00
4.340000000000000000e+02,6.000000000000000000e+01,6.040449907019340259e+00,5.544807266404161794e+01,-1.488522571060956645e+00,0.000000000000000000e+00,5.985000000000000142e+01,5.782999999999999829e+01,5.000000000000000000e+01,1.000000000000000000e+00
4.350000000000000000e+02,6.000000000000000000e+01,5.654698403056209521e+00,5.613774621058452396e+01,-1.792444613640731488e+00,0.000000000000000000e+00,5.985000000000000142e+01,5.795900000000000318e+01,5.000000000000000000e+01,1.000000000000000000e+00
4.360000000000000000e+02,6.000000000000000000e+01,5.654698403056209521e+00,5.605948936477512490e+01,-1.714187767831330422e+00,0.000000000000000000e+00,5.985000000000000142e+01,5.795900000000000318e+01,5.000000000000000000e+01,1.000000000000000000e+00
4.370000000000000000e+02,6.000000000000000000e+01,5.559008107499478157e+00,5.617185197817116205e+01,-1.730860085670639537e+00,0.000000000000000000e+00,5.985000000000000142e+01,5.799099999999999966e+01,5.000000000000000000e+01,1.000000000000000000e+00
4.380000000000000000e+02,6.000000000000000000e+01,5.173256603536369624e+00,5.685094524269564431e+01,-2.024201846232014823e+00,0.000000000000000000e+00,5.985000000000000142e+01,5.811999999999999744e+01,5.000000000000000000e+01,1.000000000000000000e+00
4.390000000000000000e+02,6.000000000000000000e+01,4.978885690686722931e+00,5.714282577348901526e+01,-2.121711464175736417e+00,0.000000000000000000e+00,5.985000000000000142e+01,5.818500000000000227e+01,5.000000000000000000e+01,1.000000000000000000e+00
4.400000000000000000e+02,6.000000000000000000e+01,4.691814804016507523e+00,5.761180183761644003e+01,-2.303616641632947104e+00,0.000000000000000000e+00,5.985000000000000142e+01,5.828099999999999881e+01,5.000000000000000000e+01,1.000000000000000000e+00
4.410000000000000000e+02,6.000000000000000000e+01,4.691814804016507523e+00,5.751122758781460931e+01,-2.203042391831121272e+00,0.000000000000000000e+00,5.985000000000000142e+01,5.828099999999999881e+01,5.000000000000000000e+01,1.000000000000000000e+00
4.420000000000000000e+02,6.000000000000000000e+01,4.691814804016507523e+00,5.741504433760029968e+01,-2.106859141616809428e+00,0.000000000000000000e+00,5.985000000000000142e+01,5.828099999999999881e+01,5.000000000000000000e+01,1.000000000000000000e+00
4.430000000000000000e+02,6.000000000000000000e+01,4.691814804016507523e+00,5.732306037908191598e+01,-2.014875183098423506e+00,0.000000000000000000e+00,5.985000000000000142e+01,5.828099999999999881e+01,5.000000000000000000e+01,1.000000000000000000e+00
4.440000000000000000e+02,6.000000000000000000e+01,4.691814804016507523e+00,5.723509237419686713e+01,-1.926907178213377758e+00,0.000000000000000000e+00,5.985000000000000142e+01,5.828099999999999881e+01,5.000000000000000000e+01,1.000000000000000000e+00
4.450000000000000000e+02,6.000000000000000711e+01,4.306063300053398990e+00,5.790562636331851110e+01,-2.211689663371907422e+00,0.000000000000000000e+00,5.985000000000000142e+01,5.840999999999999659e+01,5.000000000000000000e+01,1.000000000000000000e+00
4.460000000000000000e+02,6.000000000000000000e+01,4.596124508459754843e+00,5.724160702686946678e+01,-1.837731535329216515e+00,0.000000000000000000e+00,5.985000000000000142e+01,5.831300000000000239e+01,5.000000000000000000e+01,1.000000000000000000e+00
4.470000000000000000e+02,6.000000000000000000e+01,3.920311796090268253e+00,5.848349291314217879e+01,-2.403804709232445269e+00,0.000000000000000000e+00,5.985000000000000142e+01,5.853900000000000148e+01,5.000000000000000000e+01,1.000000000000000000e+00
4.480000000000000000e+02,6.000000000000000000e+01,4.016002091647020933e+00,5.819134170272646145e+01,-2.207343794373489487e+00,0.000000000000000000e+00,5.985000000000000142e+01,5.850699999999999790e+01,5.000000000000000000e+01,1.000000000000000000e+00
4.490000000000000000e+02,6.000000000000000000e+01,4.210373004496646310e+00,5.771471492526407587e+01,-1.925087929760722627e+00,0.000000000000000000e+00,5.985000000000000142e+01,5.844200000000000017e+01,5.000000000000000000e+01,1.000000000000000000e+00
4.500000000000000000e+02,6.000000000000000000e+01,3.725940883240643320e+00,5.857838125110289695e+01,-2.304322134343541162e+00,0.000000000000000000e+00,5.985000000000000142e+01,5.860399999999999920e+01,5.000000000000000000e+01,1.000000000000000000e+00
4.510000000000000000e+02,6.000000000000000000e+01,3.725940883240643320e+00,5.847777619999549614e+01,-2.203717083236139462e+00,0.000000000000000000e+00,5.985000000000000142e+01,5.860399999999999920e+01,5.000000000000000000e+01,1.000000000000000000e+00
4.520000000000000000e+02,6.000000000000000000e+01,3.725940883240643320e+00,5.838156349323850947e+01,-2.107504376479154118e+00,0.000000000000000000e+00,5.985000000000000142e+01,5.860399999999999920e+01,5.000000000000000000e+01,1.000000000000000000e+00
4.530000000000000000e+02,6.000000000000000000e+01,3.725940883240643320e+00,5.828955136422896999e+01,-2.015492247469613751e+00,0.000000000000000000e+00,5.985000000000000142e+01,5.860399999999999920e+01,5.000000000000000000e+01,1.000000000000000000e+00
4.540000000000000000e+02,6.000000000000000000e+01,3.725940883240643320e+00,5.820155641875619779e+01,-1.927497301996845769e+00,0.000000000000000000e+00,5.985000000000000142e+01,5.860399999999999920e+01,5.000000000000000000e+01,1.000000000000000000e+00
4.550000000000000000e+02,6.000000000000000000e+01,3.534560292127159276e+00,5.849180891239765145e+01,-2.026369204524809398e+00,0.000000000000000000e+00,5.985000000000000142e+01,5.866799999999999926e+01,5.000000000000000000e+01,1.000000000000000000e+00
4.560000000000000000e+02,6.000000000000000000e+01,3.725940883240643320e+00,5.802893344385526575e+01,-1.754874327095910624e+00,0.000000000000000000e+00,5.985000000000000142e+01,5.860399999999999920e+01,5.000000000000000000e+01,1.000000000000000000e+00
4.570000000000000000e+02,6.000000000000000000e+01,3.534560292127159276e+00,5.832672253272937724e+01,-1.861282824856540286e+00,0.000000000000000000e+00,5.985000000000000142e+01,5.866799999999999926e+01,5.000000000000000000e+01,1.000000000000000000e+00
4.580000000000000000e+02,6.000000000000000000e+01,3.534560292127159276e+00,5.824546026000752619e+01,-1.780020552134690126e+00,0.000000000000000000e+00,5.985000000000000142e+01,5.866799999999999926e+01,5.000000000000000000e+01,1.000000000000000000e+00
4.590000000000000000e+02,6.000000000000000000e+01,3.534560292127159276e+00,5.816774583980961211e+01,-1.702306131936772937e+00,0.000000000000000000e+00,5.985000000000000142e+01,5.866799999999999926e+01,5.000000000000000000e+01,1.000000000000000000e+00
4.600000000000000000e+02,6.000000000000000000e+01,3.630250587683890640e+00,5.790622155397569770e+01,-1.536472141659589008e+00,0.000000000000000000e+00,5.985000000000000142e+01,5.863600000000000279e+01,5.000000000000000000e+01,1.000000000000000000e+00
4.610000000000000000e+02,6.000000000000000000e+01,3.343179701013675675e+00,5.840074874703353203e+01,-1.743928448047204371e+00,0.000000000000000000e+00,5.985000000000000142e+01,5.873199999999999932e+01,5.000000000000000000e+01,1.000000000000000000e+00
4.620000000000000000e+02,6.000000000000000000e+01,3.725940883240643320e+00,5.757579879634821651e+01,-1.301739679588861609e+00,0.000000000000000000e+00,5.985000000000000142e+01,5.860399999999999920e+01,5.000000000000000000e+01,1.000000000000000000e+00
4.630000000000000000e+02,6.000000000000000000e+01,3.725940883240643320e+00,5.751896577589429427e+01,-1.244906659134940474e+00,0.000000000000000000e+00,5.985000000000000142e+01,5.860399999999999920e+01,5.000000000000000000e+01,1.000000000000000000e+00
4.640000000000000000e+02,6.000000000000000000e+01,4.111692387203752297e+00,5.670995267030984621e+01,-8.216450575136002854e-01,0.000000000000000000e+00,5.985000000000000142e+01,5.847500000000000142e+01,5.000000000000000000e+01,1.000000000000000000e+00
4.650000000000000000e+02,6.000000000000000000e+01,3.824621500533536889e+00,5.723568870099573047e+01,-1.060310201529271135e+00,0.000000000000000000e+00,5.985000000000000142e+01,5.857099999999999795e+01,5.000000000000000000e+01,1.000000000000000000e+00
4.660000000000000000e+02,6.000000000000000000e+01,4.016002091647020933e+00,5.681499067540744363e+01,-8.309927670544666745e-01,0.000000000000000000e+00,5.985000000000000142e+01,5.850699999999999790e+01,5.000000000000000000e+01,1.000000000000000000e+00
4.670000000000000000e+02,6.000000000000000000e+01,3.824621500533536889e+00,5.715311577033725143e+01,-9.777372708707923188e-01,0.000000000000000000e+00,5.985000000000000142e+01,5.857099999999999795e+01,5.000000000000000000e+01,1.000000000000000000e+00
4.680000000000000000e+02,6.000000000000000000e+01,4.111692387203752297e+00,5.654881999819384930e+01,-6.605123853976022641e-01,0.000000000000000000e+00,5.985000000000000142e+01,5.847500000000000142e+01,5.000000000000000000e+01,1.000000000000000000e+00
4.690000000000000000e+02,6.000000000000000000e+01,4.497443891166883034e+00,5.576532112731637625e+01,-2.627650184832598934e-01,0.000000000000000000e+00,5.985000000000000142e+01,5.834599999999999653e+01,5.000000000000000000e+01,1.000000000000000000e+00
4.700000000000000000e+02,6.000000000000000000e+01,4.497443891166883034e+00,5.575384899513496606e+01,-2.512928863018465409e-01,0.000000000000000000e+00,5.985000000000000142e+01,5.834599999999999653e+01,5.000000000000000000e+01,1.000000000000000000e+00
4.710000000000000000e+02,6.000000000000000000e+01,4.497443891166883034e+00,5.574287772801370267e+01,-2.403216191805827295e-01,0.000000000000000000e+00,5.985000000000000142e+01,5.834599999999999653e+01,5.000000000000000000e+01,1.000000000000000000e+00
4.720000000000000000e+02,6.000000000000000000e+01,4.210373004496646310e+00,5.629399392293612436e+01,-5.043669274327663432e-01,0.000000000000000000e+00,5.985000000000000142e+01,5.844200000000000017e+01,5.000000000000000000e+01,1.000000000000000000e+00
4.730000000000000000e+02,6.000000000000000711e+01,4.306063300053398990e+00,5.608477080328743369e+01,-3.908341033408270215e-01,0.000000000000000000e+00,5.985000000000000142e+01,5.840999999999999659e+01,5.000000000000000000e+01,1.000000000000000000e+00
4.740000000000000000e+02,6.000000000000000000e+01,3.920311796090268253e+00,5.682236864077433580e+01,-7.426804368646062748e-01,0.000000000000000000e+00,5.985000000000000142e+01,5.853900000000000148e+01,5.000000000000000000e+01,1.000000000000000000e+00
4.750000000000000000e+02,6.000000000000000000e+01,3.920311796090268253e+00,5.678994374575048454e+01,-7.102555418407529020e-01,0.000000000000000000e+00,5.985000000000000142e+01,5.853900000000000148e+01,5.000000000000000000e+01,1.000000000000000000e+00
4.760000000000000000e+02,6.000000000000000000e+01,3.824621500533536889e+00,5.694613731984374283e+01,-7.707588203772834934e-01,0.000000000000000000e+00,5.985000000000000142e+01,5.857099999999999795e+01,5.000000000000000000e+01,1.000000000000000000e+00
4.770000000000000000e+02,6.000000000000000000e+01,3.824621500533536889e+00,5.691248654274107821e+01,-7.371080432746162092e-01,0.000000000000000000e+00,5.985000000000000142e+01,5.857099999999999795e+01,5.000000000000000000e+01,1.000000000000000000e+00
4.780000000000000000e+02,5.999999999999999289e+01,4.016002091647020933e+00,5.650589929149489166e+01,-5.219013831419135885e-01,0.000000000000000000e+00,5.985000000000000142e+01,5.850699999999999790e+01,5.000000000000000000e+01,1.000000000000000000e+00
4.790000000000000000e+02,6.000000000000000000e+01,3.920311796090268253e+00,5.667031627301885521e+01,-5.906280691091216895e-01,0.000000000000000000e+00,5.985000000000000142e+01,5.853900000000000148e+01,5.000000000000000000e+01,1.000000000000000000e+00
4.800000000000000000e+02,6.000000000000000000e+01,3.725940883240643320e+00,5.702478560637764815e+01,-7.507264896182970215e-01,0.000000000000000000e+00,5.985000000000000142e+01,5.860399999999999920e+01,5.000000000000000000e+01,1.000000000000000000e+00
4.810000000000000000e+02,6.000000000000000000e+01,3.534560292127159276e+00,5.736641506939182023e+01,-9.009753615189778353e-01,0.000000000000000000e+00,5.985000000000000142e+01,5.866799999999999926e+01,5.000000000000000000e+01,1.000000000000000000e+00
4.820000000000000000e+02,6.000000000000000000e+01,3.725940883240643320e+00,5.695267348860068068e+01,-6.786143718413292225e-01,0.000000000000000000e+00,5.985000000000000142e+01,5.860399999999999920e+01,5.000000000000000000e+01,1.000000000000000000e+00
4.830000000000000000e+02,6.000000000000000000e+01,3.725940883240643320e+00,5.692304567201037457e+01,-6.489865552510226676e-01,0.000000000000000000e+00,5.985000000000000142e+01,5.860399999999999920e+01,5.000000000000000000e+01,1.000000000000000000e+00
4.840000000000000000e+02,6.000000000000000000e+01,3.725940883240643320e+00,5.689471138463538580e+01,-6.206522678760303391e-01,0.000000000000000000e+00,5.985000000000000142e+01,5.860399999999999920e+01,5.000000000000000000e+01,1.000000000000000000e+00
4.850000000000000000e+02,6.000000000000000000e+01,3.534560292127159276e+00,5.724201979484669067e+01,-7.765800869738503920e-01,0.000000000000000000e+00,5.985000000000000142e+01,5.866799999999999926e+01,5.000000000000000000e+01,1.000000000000000000e+00
4.860000000000000000e+02,6.000000000000000000e+01,3.630250587683890640e+00,5.702091204395678403e+01,-6.511626316406748938e-01,0.000000000000000000e+00,5.985000000000000142e+01,5.863600000000000279e+01,5.000000000000000000e+01,1.000000000000000000e+00
4.870000000000000000e+02,6.000000000000000000e+01,3.244499083720781663e+00,5.774714412467554325e+01,-9.916432083963238053e-01,0.000000000000000000e+00,5.985000000000000142e+01,5.876500000000000057e+01,5.000000000000000000e+01,1.000000000000000000e+00
4.880000000000000000e+02,6.000000000000000000e+01,2.763057284200920005e+00,5.864571388916141359e+01,-1.408771173362331153e+00,0.000000000000000000e+00,5.985000000000000142e+01,5.892600000000000193e+01,5.000000000000000000e+01,1.000000000000000000e+00
4.890000000000000000e+02,6.000000000000000000e+01,2.858747579757672685e+00,5.839700512901679019e+01,-1.255752708774465543e+00,0.000000000000000000e+00,5.985000000000000142e+01,5.889399999999999835e+01,5.000000000000000000e+01,1.000000000000000000e+00
4.900000000000000000e+02,6.000000000000000000e+01,2.957428197050566254e+00,5.814912695707943868e+01,-1.106555154130009155e+00,0.000000000000000000e+00,5.985000000000000142e+01,5.886099999999999710e+01,5.000000000000000000e+01,1.000000000000000000e+00
4.910000000000000000e+02,6.000000000000000000e+01,3.053118492607297618e+00,5.791361273150414490e+01,-9.667312241114395244e-01,0.000000000000000000e+00,5.985000000000000142e+01,5.882900000000000063e+01,5.000000000000000000e+01,1.000000000000000000e+00
4.920000000000000000e+02,6.000000000000000000e+01,3.534560292127159276e+00,5.692954174436651726e+01,-4.641020364936782605e-01,0.000000000000000000e+00,5.985000000000000142e+01,5.866799999999999926e+01,5.000000000000000000e+01,1.000000000000000000e+00
4.930000000000000000e+02,6.000000000000000000e+01,3.725940883240643320e+00,5.653487373950323303e+01,-2.608146227438813414e-01,0.000000000000000000e+00,5.985000000000000142e+01,5.860399999999999920e+01,5.000000000000000000e+01,1.000000000000000000e+00
4.940000000000000000e+02,6.000000000000000000e+01,4.306063300053398990e+00,5.538856965507356733e+01,3.053670448730407827e-01,0.000000000000000000e+00,5.985000000000000142e+01,5.840999999999999659e+01,5.000000000000000000e+01,1.000000000000000000e+00
4.950000000000000000e+02,6.000000000000000000e+01,4.596124508459754843e+00,5.483444320859814525e+01,5.694322829421032406e-01,0.000000000000000000e+00,5.985000000000000142e+01,5.831300000000000239e+01,5.000000000000000000e+01,1.000000000000000000e+00
4.960000000000000000e+02,6.000000000000000000e+01,4.691814804016507523e+00,5.467210139205754160e+01,6.360838039259478771e-01,0.000000000000000000e+00,5.985000000000000142e+01,5.828099999999999881e+01,5.000000000000000000e+01,1.000000000000000000e+00
4.970000000000000000e+02,6.000000000000000000e+01,4.596124508459754843e+00,5.488707517603125297e+01,5.168003155089970768e-01,0.000000000000000000e+00,5.985000000000000142e+01,5.831300000000000239e+01,5.000000000000000000e+01,1.000000000000000000e+00
4.980000000000000000e+02,6.000000000000000000e+01,4.210373004496646310e+00,5.566429968104619519e+01,1.253273144571599440e-01,0.000000000000000000e+00,5.985000000000000142e+01,5.844200000000000017e+01,5.000000000000000000e+01,1.000000000000000000e+00
4.990000000000000000e+02,6.000000000000000000e+01,3.920311796090268253e+00,5.623722993424047445e+01,-1.575417303307384276e-01,0.000000000000000000e+00,5.985000000000000142e+01,5.853900000000000148e+01,5.000000000000000000e+01,1.000000000000000000e+00
5.000000000000000000e+02,6.003033650449177117e+01,3.920311796090268253e+00,5.626068827981719522e+01,-1.506635714156926154e-01,0.000000000000000000e+00,5.985000000000000142e+01,5.853900000000000148e+01,5.000000000000000000e+01,0.000000000000000000e+00
5.010000000000000000e+02,5.967895390653331589e+01,3.725940883240643320e+00,5.628298354952626426e+01,-3.299705262335917988e-01,0.000000000000000000e+00,5.985000000000000142e+01,5.860399999999999920e+01,5.000000000000000000e+01,0.000000000000000000e+00
5.020000000000000000e+02,5.971565545267436192e+01,3.725940883240643320e+00,5.630527881923533329e+01,-3.155642498016189568e-01,0.000000000000000000e+00,5.985000000000000142e+01,5.860399999999999920e+01,5.000000000000000000e+01,0.000000000000000000e+00
5.030000000000000000e+02,5.937617720580120562e+01,3.534560292127159276e+00,5.632642890655164081e+01,-4.848119928775923571e-01,0.000000000000000000e+00,5.985000000000000142e+01,5.866799999999999926e+01,5.000000000000000000e+01,0.000000000000000000e+00
5.040000000000000000e+02,5.884929961726184899e+01,3.244499083720781663e+00,5.634584332680392293e+01,-7.410427932628546044e-01,0.000000000000000000e+00,5.985000000000000142e+01,5.876500000000000057e+01,5.000000000000000000e+01,0.000000000000000000e+00
5.050000000000000000e+02,5.833774119621148202e+01,2.957428197050566254e+00,5.636353997346706279e+01,-9.832269743061452516e-01,0.000000000000000000e+00,5.985000000000000142e+01,5.886099999999999710e+01,5.000000000000000000e+01,0.000000000000000000e+00
5.060000000000000000e+02,5.820472143283240030e+01,2.858747579757672685e+00,5.638064613545893167e+01,-1.034672282384203612e+00,0.000000000000000000e+00,5.985000000000000142e+01,5.889399999999999835e+01,5.000000000000000000e+01,0.000000000000000000e+00
5.070000000000000000e+02,5.883619486395610210e+01,3.148808788164050299e+00,5.639948796451483304e+01,-7.121018887227803518e-01,0.000000000000000000e+00,5.985000000000000142e+01,5.879699999999999704e+01,5.000000000000000000e+01,0.000000000000000000e+00
5.080000000000000000e+02,5.983087159551177336e+01,3.630250587683890640e+00,5.642121064302752131e+01,-2.205896351996369797e-01,0.000000000000000000e+00,5.985000000000000142e+01,5.863600000000000279e+01,5.000000000000000000e+01,0.000000000000000000e+00
5.090000000000000000e+02,6.005000047189184897e+01,3.725940883240643320e+00,5.644350591273659035e+01,-1.194463240853904235e-01,0.000000000000000000e+00,5.985000000000000142e+01,5.860399999999999920e+01,5.000000000000000000e+01,0.000000000000000000e+00
5.100000000000000000e+02,5.913276563746283898e+01,3.244499083720781663e+00,5.646292033298887247e+01,-5.746537792468150441e-01,0.000000000000000000e+00,5.985000000000000142e+01,5.876500000000000057e+01,5.000000000000000000e+01,0.000000000000000000e+00
5.110000000000000000e+02,5.955868783638801744e+01,3.438869996570406595e+00,5.648349782910879924e+01,-3.636799892911826149e-01,0.000000000000000000e+00,5.985000000000000142e+01,5.870000000000000284e+01,5.000000000000000000e+01,0.000000000000000000e+00
5.120000000000000000e+02,5.865039829496289769e+01,2.957428197050566254e+00,5.650119447577193910e+01,-8.082243778596096551e-01,0.000000000000000000e+00,5.985000000000000142e+01,5.886099999999999710e+01,5.000000000000000000e+01,0.000000000000000000e+00
5.130000000000000000e+02,5.832196263112113854e+01,2.763057284200920005e+00,5.651772804656742721e+01,-9.588226996472082320e-01,0.000000000000000000e+00,5.985000000000000142e+01,5.892600000000000193e+01,5.000000000000000000e+01,0.000000000000000000e+00
5.140000000000000000e+02,5.838035771305835198e+01,2.763057284200920005e+00,5.653426161736291533e+01,-9.169611885054839151e-01,0.000000000000000000e+00,5.985000000000000142e+01,5.892600000000000193e+01,5.000000000000000000e+01,0.000000000000000000e+00
5.150000000000000000e+02,5.787359891347162488e+01,2.475986397530704597e+00,5.654907741456926829e+01,-1.151464898628349776e+00,0.000000000000000000e+00,5.985000000000000142e+01,5.902199999999999847e+01,5.000000000000000000e+01,0.000000000000000000e+00
5.160000000000000000e+02,5.850201307999434874e+01,2.763057284200920005e+00,5.656561098536475640e+01,-8.266551895713272202e-01,0.000000000000000000e+00,5.985000000000000142e+01,5.892600000000000193e+01,5.000000000000000000e+01,0.000000000000000000e+00
5.170000000000000000e+02,5.836686241060705527e+01,2.667366988644188641e+00,5.658157196496386376e+01,-8.820765430009959163e-01,0.000000000000000000e+00,5.985000000000000142e+01,5.895799999999999841e+01,5.000000000000000000e+01,0.000000000000000000e+00
5.180000000000000000e+02,5.860910963187223643e+01,2.763057284200920005e+00,5.659810553575935188e+01,-7.520531880880361175e-01,0.000000000000000000e+00,5.985000000000000142e+01,5.892600000000000193e+01,5.000000000000000000e+01,0.000000000000000000e+00
5.190000000000000000e+02,5.847070189262475282e+01,2.667366988644188641e+00,5.661406651535845924e+01,-8.107316113778957334e-01,0.000000000000000000e+00,5.985000000000000142e+01,5.895799999999999841e+01,5.000000000000000000e+01,0.000000000000000000e+00
5.200000000000000000e+02,5.682034415546564787e+01,1.800173685161218007e+00,5.662483838724037355e+01,-1.604667916935943017e+00,0.000000000000000000e+00,5.985000000000000142e+01,5.924799999999999756e+01,5.000000000000000000e+01,0.000000000000000000e+00
5.210000000000000000e+02,5.747036889693008987e+01,2.090234893567574304e+00,5.663734592618631325e+01,-1.257211922823798345e+00,0.000000000000000000e+00,5.985000000000000142e+01,5.915100000000000335e+01,5.000000000000000000e+01,0.000000000000000000e+00
5.220000000000000000e+02,5.734412201211063120e+01,1.991554276274702051e+00,5.664926298046098907e+01,-1.296695244625065246e+00,0.000000000000000000e+00,5.985000000000000142e+01,5.918399999999999750e+01,5.000000000000000000e+01,0.000000000000000000e+00
5.230000000000000000e+02,5.703710102510670765e+01,1.800173685161218007e+00,5.666003485234290338e+01,-1.423107512397413954e+00,0.000000000000000000e+00,5.985000000000000142e+01,5.924799999999999756e+01,5.000000000000000000e+01,0.000000000000000000e+00
5.240000000000000000e+02,5.711000474994539644e+01,1.800173685161218007e+00,5.667080672422481769e+01,-1.360975659440641472e+00,0.000000000000000000e+00,5.985000000000000142e+01,5.924799999999999756e+01,5.000000000000000000e+01,0.000000000000000000e+00
5.250000000000000000e+02,5.699242043000099045e+01,1.704483389604465549e+00,5.668100600491035124e+01,-1.393068964513824559e+00,0.000000000000000000e+00,5.985000000000000142e+01,5.928000000000000114e+01,5.000000000000000000e+01,0.000000000000000000e+00
5.260000000000000000e+02,5.725121551485503346e+01,1.800173685161218007e+00,5.669177787679226554e+01,-1.240736047098447870e+00,0.000000000000000000e+00,5.985000000000000142e+01,5.924799999999999756e+01,5.000000000000000000e+01,0.000000000000000000e+00
5.270000000000000000e+02,5.598999318044896967e+01,1.124360972791731195e+00,5.669850582334974121e+01,-1.832873615692505842e+00,0.000000000000000000e+00,5.985000000000000142e+01,5.947399999999999665e+01,5.000000000000000000e+01,0.000000000000000000e+00
5.280000000000000000e+02,5.645816188100574351e+01,1.318731885641356349e+00,5.670639684577486150e+01,-1.566966850410475898e+00,0.000000000000000000e+00,5.985000000000000142e+01,5.940899999999999892e+01,5.000000000000000000e+01,0.000000000000000000e+00
5.290000000000000000e+02,5.615304674490393211e+01,1.124360972791731195e+00,5.671312479233233717e+01,-1.684439020220139804e+00,0.000000000000000000e+00,5.985000000000000142e+01,5.947399999999999665e+01,5.000000000000000000e+01,0.000000000000000000e+00
5.300000000000000000e+02,5.585776526523143559e+01,9.329803816782473724e-01,5.671870755649705131e+01,-1.793922672943867314e+00,0.000000000000000000e+00,5.985000000000000142e+01,5.953799999999999670e+01,5.000000000000000000e+01,0.000000000000000000e+00
5.310000000000000000e+02,5.594166940621425965e+01,9.329803816782473724e-01,5.672429032066176546e+01,-1.715601296125752073e+00,0.000000000000000000e+00,5.985000000000000142e+01,5.953799999999999670e+01,5.000000000000000000e+01,0.000000000000000000e+00
5.320000000000000000e+02,5.583437867941768218e+01,8.372900861214948032e-01,5.672930049363009886e+01,-1.732211900333908705e+00,0.000000000000000000e+00,5.985000000000000142e+01,5.957000000000000028e+01,5.000000000000000000e+01,0.000000000000000000e+00
5.330000000000000000e+02,5.610279139380813263e+01,9.329803816782473724e-01,5.673488325779481301e+01,-1.565072245664925976e+00,0.000000000000000000e+00,5.985000000000000142e+01,5.953799999999999670e+01,5.000000000000000000e+01,0.000000000000000000e+00
5.340000000000000000e+02,5.617670408932888648e+01,9.329803816782473724e-01,5.674046602195952715e+01,-1.496742314308886934e+00,0.000000000000000000e+00,5.985000000000000142e+01,5.953799999999999670e+01,5.000000000000000000e+01,0.000000000000000000e+00
5.350000000000000000e+02,5.662318437439241592e+01,1.124360972791731195e+00,5.674719396851700282e+01,-1.248370566916321422e+00,0.000000000000000000e+00,5.985000000000000142e+01,5.947399999999999665e+01,5.000000000000000000e+01,0.000000000000000000e+00
5.360000000000000000e+02,5.668441528423517184e+01,1.124360972791731195e+00,5.675392191507447848e+01,-1.193867603631037833e+00,0.000000000000000000e+00,5.985000000000000142e+01,5.947399999999999665e+01,5.000000000000000000e+01,0.000000000000000000e+00
5.370000000000000000e+02,5.655549122114441474e+01,1.028670677234978736e+00,5.676007727043557338e+01,-1.233256726526138936e+00,0.000000000000000000e+00,5.985000000000000142e+01,5.950600000000000023e+01,5.000000000000000000e+01,0.000000000000000000e+00
5.380000000000000000e+02,5.623993885504183510e+01,8.372900861214948032e-01,5.676508744340390678e+01,-1.362438674483562373e+00,0.000000000000000000e+00,5.985000000000000142e+01,5.957000000000000028e+01,5.000000000000000000e+01,0.000000000000000000e+00
5.390000000000000000e+02,5.630443212303158873e+01,8.372900861214948032e-01,5.677009761637224017e+01,-1.302955579462141911e+00,0.000000000000000000e+00,5.985000000000000142e+01,5.957000000000000028e+01,5.000000000000000000e+01,0.000000000000000000e+00
5.400000000000000000e+02,5.655410381443057588e+01,9.329803816782473724e-01,5.677568038053695432e+01,-1.154556947784626475e+00,0.000000000000000000e+00,5.985000000000000142e+01,5.953799999999999670e+01,5.000000000000000000e+01,0.000000000000000000e+00
5.410000000000000000e+02,5.679786911923816461e+01,1.028670677234978736e+00,5.678183573589804922e+01,-1.012637293894860457e+00,0.000000000000000000e+00,5.985000000000000142e+01,5.950600000000000023e+01,5.000000000000000000e+01,0.000000000000000000e+00
5.420000000000000000e+02,5.647268466699435407e+01,8.372900861214948032e-01,5.678684590886638262e+01,-1.151451327993520790e+00,0.000000000000000000e+00,5.985000000000000142e+01,5.957000000000000028e+01,5.000000000000000000e+01,0.000000000000000000e+00
5.430000000000000000e+02,5.709129261679493794e+01,1.124360972791731195e+00,5.679357385542385828e+01,-8.266422114206577465e-01,0.000000000000000000e+00,5.985000000000000142e+01,5.947399999999999665e+01,5.000000000000000000e+01,0.000000000000000000e+00
5.440000000000000000e+02,5.694633575655283408e+01,1.028670677234978736e+00,5.679972921078495318e+01,-8.820641314670936151e-01,0.000000000000000000e+00,5.985000000000000142e+01,5.950600000000000023e+01,5.000000000000000000e+01,0.000000000000000000e+00
5.450000000000000000e+02,5.680322598638016274e+01,9.329803816782473724e-01,5.680531197494966733e+01,-9.350663702477514105e-01,0.000000000000000000e+00,5.985000000000000142e+01,5.953799999999999670e+01,5.000000000000000000e+01,0.000000000000000000e+00
5.460000000000000000e+02,5.666185766472879948e+01,8.372900861214948032e-01,5.681032214791800072e+01,-9.857545693106910534e-01,0.000000000000000000e+00,5.985000000000000142e+01,5.957000000000000028e+01,5.000000000000000000e+01,0.000000000000000000e+00
5.470000000000000000e+02,5.708545600026682365e+01,1.028670677234978736e+00,5.681647750327909563e+01,-7.596921802472486052e-01,0.000000000000000000e+00,5.985000000000000142e+01,5.950600000000000023e+01,5.000000000000000000e+01,0.000000000000000000e+00
5.480000000000000000e+02,5.731255438382310530e+01,1.124360972791731195e+00,5.682320544983657129e+01,-6.350120388051988529e-01,0.000000000000000000e+00,5.985000000000000142e+01,5.947399999999999665e+01,5.000000000000000000e+01,0.000000000000000000e+00
5.490000000000000000e+02,5.848539493964872804e+01,1.704483389604465549e+00,5.683340473052210484e+01,-5.249318047783635421e-02,0.000000000000000000e+00,5.985000000000000142e+01,5.928000000000000114e+01,5.000000000000000000e+01,0.000000000000000000e+00
5.500000000000000000e+02,5.868566144759236636e+01,1.800173685161218007e+00,5.684417660240401915e+01,4.131116002713058205e-02,0.000000000000000000e+00,5.985000000000000142e+01,5.924799999999999756e+01,5.000000000000000000e+01,0.000000000000000000e+00
5.510000000000000000e+02,5.945159933615500591e+01,2.185925189124326984e+00,5.685725673254633961e+01,4.084174144843406018e-01,0.000000000000000000e+00,5.985000000000000142e+01,5.911899999999999977e+01,5.000000000000000000e+01,0.000000000000000000e+00
5.520000000000000000e+02,6.020381788729554273e+01,2.571676693087435961e+00,5.687264512094906621e+01,7.594960732590416708e-01,0.000000000000000000e+00,5.985000000000000142e+01,5.899000000000000199e+01,5.000000000000000000e+01,0.000000000000000000e+00
5.530000000000000000e+02,5.867210795747799779e+01,1.800173685161218007e+00,5.688341699283098052e+01,-1.148272051420229367e-02,0.000000000000000000e+00,5.985000000000000142e+01,5.924799999999999756e+01,5.000000000000000000e+01,0.000000000000000000e+00
5.540000000000000000e+02,5.868338115669907751e+01,1.800173685161218007e+00,5.689418886471289483e+01,-1.098139317503995377e-02,0.000000000000000000e+00,5.985000000000000142e+01,5.924799999999999756e+01,5.000000000000000000e+01,0.000000000000000000e+00
5.550000000000000000e+02,5.869463246832820857e+01,1.800173685161218007e+00,5.690496073659480913e+01,-1.050195342781897953e-02,0.000000000000000000e+00,5.985000000000000142e+01,5.924799999999999756e+01,5.000000000000000000e+01,0.000000000000000000e+00
5.560000000000000000e+02,5.851808743530133228e+01,1.704483389604465549e+00,5.691516001728034269e+01,-1.015559715834753463e-01,0.000000000000000000e+00,5.985000000000000142e+01,5.928000000000000114e+01,5.000000000000000000e+01,0.000000000000000000e+00
5.570000000000000000e+02,5.739433213758810126e+01,1.124360972791731195e+00,5.692188796383781835e+01,-6.519167990414516112e-01,0.000000000000000000e+00,5.985000000000000142e+01,5.947399999999999665e+01,5.000000000000000000e+01,0.000000000000000000e+00
5.580000000000000000e+02,5.724174689120146553e+01,1.028670677234978736e+00,5.692804331919891325e+01,-7.149671052324225728e-01,0.000000000000000000e+00,5.985000000000000142e+01,5.950600000000000023e+01,5.000000000000000000e+01,0.000000000000000000e+00
5.590000000000000000e+02,5.709134178475020605e+01,9.329803816782473724e-01,5.693362608336362740e+01,-7.752646802916701718e-01,0.000000000000000000e+00,5.985000000000000142e+01,5.953799999999999670e+01,5.000000000000000000e+01,0.000000000000000000e+00
5.600000000000000000e+02,5.694299663596800087e+01,8.372900861214948032e-01,5.693863625633196079e+01,-8.329297064854487287e-01,0.000000000000000000e+00,5.985000000000000142e+01,5.957000000000000028e+01,5.000000000000000000e+01,0.000000000000000000e+00
5.610000000000000000e+02,5.698437192232084669e+01,8.372900861214948032e-01,5.694364642930029419e+01,-7.965645931009376346e-01,0.000000000000000000e+00,5.985000000000000142e+01,5.957000000000000028e+01,5.000000000000000000e+01,0.000000000000000000e+00
5.620000000000000000e+02,5.702415953391413694e+01,8.372900861214948032e-01,5.694865660226862758e+01,-7.617871544759788893e-01,0.000000000000000000e+00,5.985000000000000142e+01,5.957000000000000028e+01,5.000000000000000000e+01,0.000000000000000000e+00
5.630000000000000000e+02,5.668100998052192807e+01,6.429191732718696484e-01,5.695250369936930923e+01,-9.144128921192516968e-01,0.000000000000000000e+00,5.985000000000000142e+01,5.963499999999999801e+01,5.000000000000000000e+01,0.000000000000000000e+00
5.640000000000000000e+02,5.710619849539713755e+01,8.372900861214948032e-01,5.695751387233764262e+01,-6.886054630619948824e-01,0.000000000000000000e+00,5.985000000000000142e+01,5.957000000000000028e+01,5.000000000000000000e+01,0.000000000000000000e+00
5.650000000000000000e+02,5.714127268883018473e+01,8.372900861214948032e-01,5.696252404530597602e+01,-6.585414425972850871e-01,0.000000000000000000e+00,5.985000000000000142e+01,5.957000000000000028e+01,5.000000000000000000e+01,0.000000000000000000e+00
5.660000000000000000e+02,5.736280972136034961e+01,9.329803816782473724e-01,5.696810680947069017e+01,-5.382774697885870374e-01,0.000000000000000000e+00,5.985000000000000142e+01,5.953799999999999670e+01,5.000000000000000000e+01,0.000000000000000000e+00
5.670000000000000000e+02,5.814886292594708550e+01,1.318731885641356349e+00,5.697599783189581046e+01,-1.458667915900799250e-01,0.000000000000000000e+00,5.985000000000000142e+01,5.940899999999999892e+01,5.000000000000000000e+01,0.000000000000000000e+00
5.680000000000000000e+02,5.853867321315945560e+01,1.510112476754840394e+00,5.698503403671369227e+01,4.352669969091960134e-02,0.000000000000000000e+00,5.985000000000000142e+01,5.934499999999999886e+01,5.000000000000000000e+01,0.000000000000000000e+00
5.690000000000000000e+02,5.911500329312534063e+01,1.800173685161218007e+00,5.699580590859560658e+01,3.190236993685118261e-01,0.000000000000000000e+00,5.985000000000000142e+01,5.924799999999999756e+01,5.000000000000000000e+01,0.000000000000000000e+00
5.700000000000000000e+02,6.100133690907954787e+01,2.763057284200920005e+00,5.701233947939109470e+01,1.225940145487535160e+00,0.000000000000000000e+00,5.985000000000000142e+01,5.892600000000000193e+01,5.000000000000000000e+01,0.000000000000000000e+00
5.710000000000000000e+02,6.077657140003563541e+01,2.667366988644188641e+00,5.702830045899020206e+01,1.080903952401240264e+00,0.000000000000000000e+00,5.985000000000000142e+01,5.895799999999999841e+01,5.000000000000000000e+01,0.000000000000000000e+00
5.720000000000000000e+02,6.093311630124778588e+01,2.763057284200920005e+00,5.704483402978569018e+01,1.125224987261177478e+00,0.000000000000000000e+00,5.985000000000000142e+01,5.892600000000000193e+01,5.000000000000000000e+01,0.000000000000000000e+00
5.730000000000000000e+02,6.071274794375209893e+01,2.667366988644188641e+00,5.706079500938479754e+01,9.845859457231141976e-01,0.000000000000000000e+00,5.985000000000000142e+01,5.895799999999999841e+01,5.000000000000000000e+01,0.000000000000000000e+00
5.740000000000000000e+02,5.917178334279395102e+01,1.895863980717949371e+00,5.707213947246309260e+01,2.037798896129121573e-01,0.000000000000000000e+00,5.985000000000000142e+01,5.921600000000000108e+01,5.000000000000000000e+01,0.000000000000000000e+00
5.750000000000000000e+02,5.898645550943676596e+01,1.800173685161218007e+00,5.708291134434500691e+01,1.033704799305430605e-01,0.000000000000000000e+00,5.985000000000000142e+01,5.924799999999999756e+01,5.000000000000000000e+01,0.000000000000000000e+00
5.760000000000000000e+02,5.899271430032995767e+01,1.800173685161218007e+00,5.709368321622692122e+01,9.885739894181595766e-02,0.000000000000000000e+00,5.985000000000000142e+01,5.924799999999999756e+01,5.000000000000000000e+01,0.000000000000000000e+00
5.770000000000000000e+02,5.899917012910111680e+01,1.800173685161218007e+00,5.710445508810883553e+01,9.454135583106422491e-02,0.000000000000000000e+00,5.985000000000000142e+01,5.924799999999999756e+01,5.000000000000000000e+01,0.000000000000000000e+00
5.780000000000000000e+02,5.881803898055724034e+01,1.704483389604465549e+00,5.711465436879436908e+01,-1.098777841592610272e-03,0.000000000000000000e+00,5.985000000000000142e+01,5.928000000000000114e+01,5.000000000000000000e+01,0.000000000000000000e+00
5.790000000000000000e+02,5.825909201346751587e+01,1.414422181198087713e+00,5.712311798241587013e+01,-2.784481501464383668e-01,0.000000000000000000e+00,5.985000000000000142e+01,5.937700000000000244e+01,5.000000000000000000e+01,0.000000000000000000e+00
5.800000000000000000e+02,5.827971247354669515e+01,1.414422181198087713e+00,5.713158159603737118e+01,-2.662913036887601392e-01,0.000000000000000000e+00,5.985000000000000142e+01,5.937700000000000244e+01,5.000000000000000000e+01,0.000000000000000000e+00
5.810000000000000000e+02,5.773060795480425611e+01,1.124360972791731195e+00,5.713830954259484685e+01,-5.320625605823234849e-01,0.000000000000000000e+00,5.985000000000000142e+01,5.947399999999999665e+01,5.000000000000000000e+01,0.000000000000000000e+00
5.820000000000000000e+02,5.757278995835811486e+01,1.028670677234978736e+00,5.714446489795594175e+01,-6.003456168328057396e-01,0.000000000000000000e+00,5.985000000000000142e+01,5.950600000000000023e+01,5.000000000000000000e+01,0.000000000000000000e+00
5.830000000000000000e+02,5.722960514729997072e+01,8.372900861214948032e-01,5.714947507092427514e+01,-7.571600097457950040e-01,0.000000000000000000e+00,5.985000000000000142e+01,5.957000000000000028e+01,5.000000000000000000e+01,0.000000000000000000e+00
5.840000000000000000e+02,5.726767238305551899e+01,8.372900861214948032e-01,5.715448524389260854e+01,-7.241029469585832379e-01,0.000000000000000000e+00,5.985000000000000142e+01,5.957000000000000028e+01,5.000000000000000000e+01,0.000000000000000000e+00
5.850000000000000000e+02,5.786762260914902356e+01,1.124360972791731195e+00,5.716121319045008420e+01,-4.179515540927979944e-01,0.000000000000000000e+00,5.985000000000000142e+01,5.947399999999999665e+01,5.000000000000000000e+01,0.000000000000000000e+00
5.860000000000000000e+02,5.732927178270934832e+01,8.372900861214948032e-01,5.716622336341841759e+01,-6.742416668305580840e-01,0.000000000000000000e+00,5.985000000000000142e+01,5.957000000000000028e+01,5.000000000000000000e+01,0.000000000000000000e+00
5.870000000000000000e+02,5.736371886310449497e+01,8.372900861214948032e-01,5.717123353638675098e+01,-6.448047594037447094e-01,0.000000000000000000e+00,5.985000000000000142e+01,5.957000000000000028e+01,5.000000000000000000e+01,0.000000000000000000e+00
5.880000000000000000e+02,5.739688074924143990e+01,8.372900861214948032e-01,5.717624370935508438e+01,-6.166530462351386133e-01,0.000000000000000000e+00,5.985000000000000142e+01,5.957000000000000028e+01,5.000000000000000000e+01,0.000000000000000000e+00
5.890000000000000000e+02,5.723517015747313508e+01,7.386094688286010124e-01,5.718066339765214678e+01,-6.841027090076114980e-01,0.000000000000000000e+00,5.985000000000000142e+01,5.960300000000000153e+01,5.000000000000000000e+01,0.000000000000000000e+00
5.900000000000000000e+02,5.746310067352973761e+01,8.372900861214948032e-01,5.718567357062048018e+01,-5.598629832122341554e-01,0.000000000000000000e+00,5.985000000000000142e+01,5.957000000000000028e+01,5.000000000000000000e+01,0.000000000000000000e+00
5.910000000000000000e+02,5.749255406266118484e+01,8.372900861214948032e-01,5.719068374358881357e+01,-5.354197670491194216e-01,0.000000000000000000e+00,5.985000000000000142e+01,5.957000000000000028e+01,5.000000000000000000e+01,0.000000000000000000e+00
5.920000000000000000e+02,5.752094027851218527e+01,8.372900861214948032e-01,5.719569391655714696e+01,-5.120437241664540506e-01,0.000000000000000000e+00,5.985000000000000142e+01,5.957000000000000028e+01,5.000000000000000000e+01,0.000000000000000000e+00
5.930000000000000000e+02,5.754830591310249588e+01,8.372900861214948032e-01,5.720070408952548036e+01,-4.896882625444765602e-01,0.000000000000000000e+00,5.985000000000000142e+01,5.957000000000000028e+01,5.000000000000000000e+01,0.000000000000000000e+00
5.940000000000000000e+02,5.757469552427772186e+01,8.372900861214948032e-01,5.720571426249381375e+01,-4.683088243375799764e-01,0.000000000000000000e+00,5.985000000000000142e+01,5.957000000000000028e+01,5.000000000000000000e+01,0.000000000000000000e+00
5.950000000000000000e+02,5.721873291755306212e+01,6.429191732718696484e-01,5.720956135959449540e+01,-6.337476153133027035e-01,0.000000000000000000e+00,5.985000000000000142e+01,5.963499999999999801e+01,5.000000000000000000e+01,0.000000000000000000e+00
5.960000000000000000e+02,5.706247356818388283e+01,5.472288777151170791e-01,5.721283586549879630e+01,-6.975911750300316516e-01,0.000000000000000000e+00,5.985000000000000142e+01,5.966700000000000159e+01,5.000000000000000000e+01,0.000000000000000000e+00
5.970000000000000000e+02,5.672065357896923388e+01,3.558482866016331458e-01,5.721496518901033568e+01,-8.501598966427333925e-01,0.000000000000000000e+00,5.985000000000000142e+01,5.973100000000000165e+01,5.000000000000000000e+01,0.000000000000000000e+00
5.980000000000000000e+02,5.675990027360543877e+01,3.558482866016331458e-01,5.721709451252187506e+01,-8.130425255180701027e-01,0.000000000000000000e+00,5.985000000000000142e+01,5.973100000000000165e+01,5.000000000000000000e+01,0.000000000000000000e+00
5.990000000000000000e+02,5.660388305614262094e+01,2.571676693087393550e-01,5.721863335136215056e+01,-8.719179645282719715e-01,0.000000000000000000e+00,5.985000000000000142e+01,5.976400000000000290e+01,5.000000000000000000e+01,0.000000000000000000e+00
6.000000000000000000e+02,5.626793838241950141e+01,6.578707819525544953e-02,5.721902700780966455e+01,-1.016875703585422341e+00,0.000000000000000000e+00,5.985000000000000142e+01,5.982800000000000296e+01,5.000000000000000000e+01,0.000000000000000000e+00
6.010000000000000000e+02,5.593130929554263275e+01,-1.285838346543696775e-01,5.721825758838952680e+01,-1.158364458192519431e+00,0.000000000000000000e+00,5.985000000000000142e+01,5.989300000000000068e+01,5.000000000000000000e+01,0.000000000000000000e+00
6.020000000000000000e+02,5.598111323727742672e+01,-1.285838346543696775e-01,5.721748816896938905e+01,-1.107791097037589045e+00,0.000000000000000000e+00,5.985000000000000142e+01,5.989300000000000068e+01,5.000000000000000000e+01,0.000000000000000000e+00
6.030000000000000000e+02,5.697932220894330868e+01,3.558482866016331458e-01,5.721961749248092843e+01,-5.961435701392541198e-01,0.000000000000000000e+00,5.985000000000000142e+01,5.973100000000000165e+01,5.000000000000000000e+01,0.000000000000000000e+00
6.040000000000000000e+02,5.719525414567365118e+01,4.515385821583857151e-01,5.722231940718884857e+01,-4.786038436735794432e-01,0.000000000000000000e+00,5.985000000000000142e+01,5.969899999999999807e+01,5.000000000000000000e+01,0.000000000000000000e+00
6.050000000000000000e+02,5.740662697347386967e+01,5.472288777151170791e-01,5.722559391309314947e+01,-3.661958173343911604e-01,0.000000000000000000e+00,5.985000000000000142e+01,5.966700000000000159e+01,5.000000000000000000e+01,0.000000000000000000e+00
6.060000000000000000e+02,5.723811391336852239e+01,4.515385821583857151e-01,5.722829582780106961e+01,-4.417204965909308778e-01,0.000000000000000000e+00,5.985000000000000142e+01,5.969899999999999807e+01,5.000000000000000000e+01,0.000000000000000000e+00
6.070000000000000000e+02,5.744787644069775467e+01,5.472288777151170791e-01,5.723157033370537050e+01,-3.309227707227394566e-01,0.000000000000000000e+00,5.985000000000000142e+01,5.966700000000000159e+01,5.000000000000000000e+01,0.000000000000000000e+00
6.080000000000000000e+02,5.689640457771773896e+01,2.571676693087393550e-01,5.723310917254564600e+01,-5.938722641366471766e-01,0.000000000000000000e+00,5.985000000000000142e+01,5.976400000000000290e+01,5.000000000000000000e+01,0.000000000000000000e+00
6.090000000000000000e+02,5.654832062820449323e+01,6.578707819525544953e-02,5.723350282899315999e+01,-7.509692789839255145e-01,0.000000000000000000e+00,5.985000000000000142e+01,5.982800000000000296e+01,5.000000000000000000e+01,0.000000000000000000e+00
6.100000000000000000e+02,5.676927647723643133e+01,1.614773737520080188e-01,5.723446907663705474e+01,-6.266699731526275130e-01,0.000000000000000000e+00,5.985000000000000142e+01,5.979599999999999937e+01,5.000000000000000000e+01,0.000000000000000000e+00
6.110000000000000000e+02,5.755457231858040501e+01,5.472288777151170791e-01,5.723774358254135564e+01,-2.304001416760637633e-01,0.000000000000000000e+00,5.985000000000000142e+01,5.966700000000000159e+01,5.000000000000000000e+01,0.000000000000000000e+00
6.120000000000000000e+02,5.813710014899297107e+01,8.372900861214948032e-01,5.724275375550968903e+01,5.705630736179134743e-02,0.000000000000000000e+00,5.985000000000000142e+01,5.957000000000000028e+01,5.000000000000000000e+01,0.000000000000000000e+00
6.130000000000000000e+02,5.794597589021172013e+01,7.386094688286010124e-01,5.724717344380675144e+01,-3.980702242363255011e-02,0.000000000000000000e+00,5.985000000000000142e+01,5.960300000000000153e+01,5.000000000000000000e+01,0.000000000000000000e+00
6.140000000000000000e+02,5.814577691885378385e+01,8.372900861214948032e-01,5.725218361677508483e+01,5.630321595720613054e-02,0.000000000000000000e+00,5.985000000000000142e+01,5.957000000000000028e+01,5.000000000000000000e+01,0.000000000000000000e+00
6.150000000000000000e+02,5.814832893380919643e+01,8.372900861214948032e-01,5.725719378974341822e+01,5.384505794428600528e-02,0.000000000000000000e+00,5.985000000000000142e+01,5.957000000000000028e+01,5.000000000000000000e+01,0.000000000000000000e+00
6.160000000000000000e+02,5.852653909550102185e+01,1.028670677234978736e+00,5.726334914510451313e+01,2.345192731615322324e-01,0.000000000000000000e+00,5.985000000000000142e+01,5.950600000000000023e+01,5.000000000000000000e+01,0.000000000000000000e+00
6.170000000000000000e+02,5.852245550765602644e+01,1.028670677234978736e+00,5.726950450046560803e+01,2.242803299554392005e-01,0.000000000000000000e+00,5.985000000000000142e+01,5.950600000000000023e+01,5.000000000000000000e+01,0.000000000000000000e+00
6.180000000000000000e+02,5.908801316435275908e+01,1.318731885641356349e+00,5.727739552289072833e+01,4.918857558206786718e-01,0.000000000000000000e+00,5.985000000000000142e+01,5.940899999999999892e+01,5.000000000000000000e+01,0.000000000000000000e+00
6.190000000000000000e+02,5.869301000062434071e+01,1.124360972791731195e+00,5.728412346944820399e+01,2.845255583843998570e-01,0.000000000000000000e+00,5.985000000000000142e+01,5.947399999999999665e+01,5.000000000000000000e+01,0.000000000000000000e+00
6.200000000000000000e+02,5.963206081038946138e+01,1.605802772311571758e+00,5.729373226546246656e+01,7.325257726154236204e-01,0.000000000000000000e+00,5.985000000000000142e+01,5.931300000000000239e+01,5.000000000000000000e+01,0.000000000000000000e+00
6.210000000000000000e+02,5.810161677380483525e+01,8.372900861214948032e-01,5.729874243843079995e+01,-3.441575074745284457e-02,0.000000000000000000e+00,5.985000000000000142e+01,5.957000000000000028e+01,5.000000000000000000e+01,0.000000000000000000e+00
6.220000000000000000e+02,5.829590492641923305e+01,9.329803816782473724e-01,5.730432520259551410e+01,5.859934214546795583e-02,0.000000000000000000e+00,5.985000000000000142e+01,5.953799999999999670e+01,5.000000000000000000e+01,0.000000000000000000e+00
6.230000000000000000e+02,5.811115387268841204e+01,8.372900861214948032e-01,5.730933537556384749e+01,-3.547158899693046707e-02,0.000000000000000000e+00,5.985000000000000142e+01,5.957000000000000028e+01,5.000000000000000000e+01,0.000000000000000000e+00
6.240000000000000000e+02,5.811771270978260873e+01,8.372900861214948032e-01,5.731434554853218089e+01,-3.392292487106441518e-02,0.000000000000000000e+00,5.985000000000000142e+01,5.957000000000000028e+01,5.000000000000000000e+01,0.000000000000000000e+00
6.250000000000000000e+02,5.849975475863340790e+01,1.028670677234978736e+00,5.732050090389327579e+01,1.505831775051563737e-01,0.000000000000000000e+00,5.985000000000000142e+01,5.950600000000000023e+01,5.000000000000000000e+01,0.000000000000000000e+00
6.260000000000000000e+02,5.812378493518206568e+01,8.372900861214948032e-01,5.732551107686160918e+01,-3.901622780103811139e-02,0.000000000000000000e+00,5.985000000000000142e+01,5.957000000000000028e+01,5.000000000000000000e+01,0.000000000000000000e+00
6.270000000000000000e+02,5.813049852866328138e+01,8.372900861214948032e-01,5.733052124982994258e+01,-3.731280728815062481e-02,0.000000000000000000e+00,5.985000000000000142e+01,5.957000000000000028e+01,5.000000000000000000e+01,0.000000000000000000e+00
6.280000000000000000e+02,5.813713775202705847e+01,8.372900861214948032e-01,5.733553142279827597e+01,-3.568375689270562173e-02,0.000000000000000000e+00,5.985000000000000142e+01,5.957000000000000028e+01,5.000000000000000000e+01,0.000000000000000000e+00
6.290000000000000000e+02,5.776228704525252056e+01,6.429191732718696484e-01,5.733937851989895762e+01,-2.200106479183087105e-01,0.000000000000000000e+00,5.985000000000000142e+01,5.963499999999999801e+01,5.000000000000000000e+01,0.000000000000000000e+00
6.300000000000000000e+02,5.815715845635750014e+01,8.372900861214948032e-01,5.734438869286729101e+01,-2.452032263128145484e-02,0.000000000000000000e+00,5.985000000000000142e+01,5.957000000000000028e+01,5.000000000000000000e+01,0.000000000000000000e+00
6.310000000000000000e+02,5.796959577471309899e+01,7.386094688286010124e-01,5.734880838116435342e+01,-1.178220752798521814e-01,0.000000000000000000e+00,5.985000000000000142e+01,5.960300000000000153e+01,5.000000000000000000e+01,0.000000000000000000e+00
6.320000000000000000e+02,5.797915949028327987e+01,7.386094688286010124e-01,5.735322806946141583e+01,-1.126780480067354900e-01,0.000000000000000000e+00,5.985000000000000142e+01,5.960300000000000153e+01,5.000000000000000000e+01,0.000000000000000000e+00
6.330000000000000000e+02,5.723739697067095733e+01,3.558482866016331458e-01,5.735535739297295521e+01,-4.738087089036320254e-01,0.000000000000000000e+00,5.985000000000000142e+01,5.973100000000000165e+01,5.000000000000000000e+01,0.000000000000000000e+00
6.340000000000000000e+02,5.801131409311294362e+01,7.386094688286010124e-01,5.735977708127001762e+01,-8.707245698567339653e-02,0.000000000000000000e+00,5.985000000000000142e+01,5.960300000000000153e+01,5.000000000000000000e+01,0.000000000000000000e+00
6.350000000000000000e+02,5.745620906442847087e+01,4.515385821583857151e-01,5.736247899597793776e+01,-3.578085137078536593e-01,0.000000000000000000e+00,5.985000000000000142e+01,5.969899999999999807e+01,5.000000000000000000e+01,0.000000000000000000e+00
6.360000000000000000e+02,5.709311383516173066e+01,2.571676693087393550e-01,5.736401783481821326e+01,-5.280716689652228402e-01,0.000000000000000000e+00,5.985000000000000142e+01,5.976400000000000290e+01,5.000000000000000000e+01,0.000000000000000000e+00
6.370000000000000000e+02,5.731135129850061105e+01,3.558482866016331458e-01,5.736614715832975264e+01,-4.106441464307742928e-01,0.000000000000000000e+00,5.985000000000000142e+01,5.973100000000000165e+01,5.000000000000000000e+01,0.000000000000000000e+00
6.380000000000000000e+02,5.676221483119369537e+01,6.578707819525544953e-02,5.736654081477726663e+01,-6.701130617788274568e-01,0.000000000000000000e+00,5.985000000000000142e+01,5.982800000000000296e+01,5.000000000000000000e+01,0.000000000000000000e+00
6.390000000000000000e+02,5.716741596845482576e+01,2.571676693087393550e-01,5.736807965361754214e+01,-4.578313544714568417e-01,0.000000000000000000e+00,5.985000000000000142e+01,5.976400000000000290e+01,5.000000000000000000e+01,0.000000000000000000e+00
6.400000000000000000e+02,5.643197376346378036e+01,-1.285838346543696775e-01,5.736731023419740438e+01,-8.067526360792549589e-01,0.000000000000000000e+00,5.985000000000000142e+01,5.989300000000000068e+01,5.000000000000000000e+01,0.000000000000000000e+00
6.410000000000000000e+02,5.646642658531543191e+01,-1.285838346543696775e-01,5.736654081477726663e+01,-7.715303948074605511e-01,0.000000000000000000e+00,5.985000000000000142e+01,5.989300000000000068e+01,5.000000000000000000e+01,0.000000000000000000e+00
6.420000000000000000e+02,5.649934162938400561e+01,-1.285838346543696775e-01,5.736577139535712888e+01,-7.378459313187518687e-01,0.000000000000000000e+00,5.985000000000000142e+01,5.989300000000000068e+01,5.000000000000000000e+01,0.000000000000000000e+00
6.430000000000000000e+02,5.691220484091104481e+01,6.578707819525544953e-02,5.736616505180464287e+01,-5.197472890888512609e-01,0.000000000000000000e+00,5.985000000000000142e+01,5.982800000000000296e+01,5.000000000000000000e+01,0.000000000000000000e+00
6.440000000000000000e+02,5.731084111641920487e+01,2.571676693087393550e-01,5.736770389064491837e+01,-3.140304435344527523e-01,0.000000000000000000e+00,5.985000000000000142e+01,5.976400000000000290e+01,5.000000000000000000e+01,0.000000000000000000e+00
6.450000000000000000e+02,5.846447873837226439e+01,8.372900861214948032e-01,5.737271406361325177e+01,2.544745886375223143e-01,0.000000000000000000e+00,5.985000000000000142e+01,5.957000000000000028e+01,5.000000000000000000e+01,0.000000000000000000e+00
6.460000000000000000e+02,5.883392955869935292e+01,1.028670677234978736e+00,5.737886941897434667e+01,4.263894624900260721e-01,0.000000000000000000e+00,5.985000000000000142e+01,5.950600000000000023e+01,5.000000000000000000e+01,0.000000000000000000e+00
6.470000000000000000e+02,5.957843868833711554e+01,1.414422181198087713e+00,5.738733303259584773e+01,7.766834745431732134e-01,0.000000000000000000e+00,5.985000000000000142e+01,5.937700000000000244e+01,5.000000000000000000e+01,0.000000000000000000e+00
6.480000000000000000e+02,6.030996249099392514e+01,1.800173685161218007e+00,5.739810490447776203e+01,1.111683901354942439e+00,0.000000000000000000e+00,5.985000000000000142e+01,5.924799999999999756e+01,5.000000000000000000e+01,0.000000000000000000e+00
6.490000000000000000e+02,5.932745399639191675e+01,1.318731885641356349e+00,5.740599592690288233e+01,6.027261838476776212e-01,0.000000000000000000e+00,5.985000000000000142e+01,5.940899999999999892e+01,5.000000000000000000e+01,0.000000000000000000e+00
6.500000000000000000e+02,5.912125501340653955e+01,1.223041590084603891e+00,5.741331435813162187e+01,4.848990651903097859e-01,0.000000000000000000e+00,5.985000000000000142e+01,5.944100000000000250e+01,5.000000000000000000e+01,0.000000000000000000e+00
6.510000000000000000e+02,5.835043346706069656e+01,8.372900861214948032e-01,5.741832453109995527e+01,9.481884983925137345e-02,0.000000000000000000e+00,5.985000000000000142e+01,5.957000000000000028e+01,5.000000000000000000e+01,0.000000000000000000e+00
6.520000000000000000e+02,5.835130391707456710e+01,8.372900861214948032e-01,5.742333470406828866e+01,9.067912688478672878e-02,0.000000000000000000e+00,5.985000000000000142e+01,5.957000000000000028e+01,5.000000000000000000e+01,0.000000000000000000e+00
6.530000000000000000e+02,5.835235510442250728e+01,8.372900861214948032e-01,5.742834487703662205e+01,8.672014126439410442e-02,0.000000000000000000e+00,5.985000000000000142e+01,5.957000000000000028e+01,5.000000000000000000e+01,0.000000000000000000e+00
6.540000000000000000e+02,5.835357913824218912e+01,8.372900861214948032e-01,5.743335505000495544e+01,8.293400211574121494e-02,0.000000000000000000e+00,5.985000000000000142e+01,5.957000000000000028e+01,5.000000000000000000e+01,0.000000000000000000e+00
6.550000000000000000e+02,5.911193810446873442e+01,1.223041590084603891e+00,5.744067348123369499e+01,4.482230331504313825e-01,0.000000000000000000e+00,5.985000000000000142e+01,5.944100000000000250e+01,5.000000000000000000e+01,0.000000000000000000e+00
6.560000000000000000e+02,5.985078909029836325e+01,1.605802772311571758e+00,5.745028227724795755e+01,7.947040407388373806e-01,0.000000000000000000e+00,5.985000000000000142e+01,5.931300000000000239e+01,5.000000000000000000e+01,0.000000000000000000e+00
6.570000000000000000e+02,5.907460002742647731e+01,1.223041590084603891e+00,5.745760070847669709e+01,3.939577288651753828e-01,0.000000000000000000e+00,5.985000000000000142e+01,5.944100000000000250e+01,5.000000000000000000e+01,0.000000000000000000e+00
6.580000000000000000e+02,5.868329973989828829e+01,1.028670677234978736e+00,5.746375606383779200e+01,1.908729988255208621e-01,0.000000000000000000e+00,5.985000000000000142e+01,5.950600000000000023e+01,5.000000000000000000e+01,0.000000000000000000e+00
6.590000000000000000e+02,5.830557089175476193e+01,8.372900861214948032e-01,5.746876623680612539e+01,-4.854311728519355995e-04,0.000000000000000000e+00,5.985000000000000142e+01,5.957000000000000028e+01,5.000000000000000000e+01,0.000000000000000000e+00
6.600000000000000000e+02,5.831060225829982357e+01,8.372900861214948032e-01,5.747377640977445878e+01,-4.642375961266885878e-04,0.000000000000000000e+00,5.985000000000000142e+01,5.957000000000000028e+01,5.000000000000000000e+01,0.000000000000000000e+00
6.610000000000000000e+02,5.831563269954853013e+01,8.372900861214948032e-01,5.747878658274279218e+01,-4.439693157555468219e-04,0.000000000000000000e+00,5.985000000000000142e+01,5.957000000000000028e+01,5.000000000000000000e+01,0.000000000000000000e+00
6.620000000000000000e+02,5.793924344893180489e+01,6.429191732718696484e-01,5.748263367984347383e+01,-1.863094041835385017e-01,0.000000000000000000e+00,5.985000000000000142e+01,5.963499999999999801e+01,5.000000000000000000e+01,0.000000000000000000e+00
6.630000000000000000e+02,5.795122468094805157e+01,6.429191732718696484e-01,5.748648077694415548e+01,-1.781752692679729189e-01,0.000000000000000000e+00,5.985000000000000142e+01,5.963499999999999801e+01,5.000000000000000000e+01,0.000000000000000000e+00
6.640000000000000000e+02,5.758729995714865169e+01,4.515385821583857151e-01,5.748918269165207562e+01,-3.534213166618098145e-01,0.000000000000000000e+00,5.985000000000000142e+01,5.969899999999999807e+01,5.000000000000000000e+01,0.000000000000000000e+00
6.650000000000000000e+02,5.760543199297344330e+01,4.515385821583857151e-01,5.749188460635999576e+01,-3.379911955449392269e-01,0.000000000000000000e+00,5.985000000000000142e+01,5.969899999999999807e+01,5.000000000000000000e+01,0.000000000000000000e+00
6.660000000000000000e+02,5.799844118610211297e+01,6.429191732718696484e-01,5.749573170346067741e+01,-1.402096906304361179e-01,0.000000000000000000e+00,5.985000000000000142e+01,5.963499999999999801e+01,5.000000000000000000e+01,0.000000000000000000e+00
6.670000000000000000e+02,5.838982854466656391e+01,8.372900861214948032e-01,5.750074187642901080e+01,5.179658211605814300e-02,0.000000000000000000e+00,5.985000000000000142e+01,5.957000000000000028e+01,5.000000000000000000e+01,0.000000000000000000e+00
6.680000000000000000e+02,5.839257731602211265e+01,8.372900861214948032e-01,5.750575204939734419e+01,4.953518050327570393e-02,0.000000000000000000e+00,5.985000000000000142e+01,5.957000000000000028e+01,5.000000000000000000e+01,0.000000000000000000e+00
6.690000000000000000e+02,5.839542481854959277e+01,8.372900861214948032e-01,5.751076222236567759e+01,4.737251006242342716e-02,0.000000000000000000e+00,5.985000000000000142e+01,5.957000000000000028e+01,5.000000000000000000e+01,0.000000000000000000e+00
6.700000000000000000e+02,5.858614215437750516e+01,9.329803816782473724e-01,5.751634498653039174e+01,1.368167861688678044e-01,0.000000000000000000e+00,5.985000000000000142e+01,5.953799999999999670e+01,5.000000000000000000e+01,0.000000000000000000e+00
6.710000000000000000e+02,5.839797618315915884e+01,8.372900861214948032e-01,5.752135515949872513e+01,3.933093753894274791e-02,0.000000000000000000e+00,5.985000000000000142e+01,5.957000000000000028e+01,5.000000000000000000e+01,0.000000000000000000e+00
6.720000000000000000e+02,5.840126919561324570e+01,8.372900861214948032e-01,5.752636533246705852e+01,3.761377702469260315e-02,0.000000000000000000e+00,5.985000000000000142e+01,5.957000000000000028e+01,5.000000000000000000e+01,0.000000000000000000e+00
6.730000000000000000e+02,5.840463717806336774e+01,8.372900861214948032e-01,5.753137550543539191e+01,3.597158650648641515e-02,0.000000000000000000e+00,5.985000000000000142e+01,5.957000000000000028e+01,5.000000000000000000e+01,0.000000000000000000e+00
6.740000000000000000e+02,5.840807685737330246e+01,8.372900861214948032e-01,5.753638567840372531e+01,3.440109284808550577e-02,0.000000000000000000e+00,5.985000000000000142e+01,5.957000000000000028e+01,5.000000000000000000e+01,0.000000000000000000e+00
6.750000000000000000e+02,5.841158510330958364e+01,8.372900861214948032e-01,5.754139585137205870e+01,3.289916581603099383e-02,0.000000000000000000e+00,5.985000000000000142e+01,5.957000000000000028e+01,5.000000000000000000e+01,0.000000000000000000e+00
6.760000000000000000e+02,5.841515892230249563e+01,8.372900861214948032e-01,5.754640602434039209e+01,3.146281184061098385e-02,0.000000000000000000e+00,5.985000000000000142e+01,5.957000000000000028e+01,5.000000000000000000e+01,0.000000000000000000e+00
6.770000000000000000e+02,5.936354049642812925e+01,1.318731885641356349e+00,5.755429704676551239e+01,4.905115640212635020e-01,0.000000000000000000e+00,5.985000000000000142e+01,5.940899999999999892e+01,5.000000000000000000e+01,0.000000000000000000e+00
6.780000000000000000e+02,6.029476118084327396e+01,1.800173685161218007e+00,5.756506891864742670e+01,9.295185770346272580e-01,0.000000000000000000e+00,5.985000000000000142e+01,5.924799999999999756e+01,5.000000000000000000e+01,0.000000000000000000e+00
6.790000000000000000e+02,6.026495093855194796e+01,1.800173685161218007e+00,5.757584079052934101e+01,8.889364628613898311e-01,0.000000000000000000e+00,5.985000000000000142e+01,5.924799999999999756e+01,5.000000000000000000e+01,0.000000000000000000e+00
6.800000000000000000e+02,6.099388211453711506e+01,2.185925189124326984e+00,5.758892092067166146e+01,1.219036004741123946e+00,0.000000000000000000e+00,5.985000000000000142e+01,5.911899999999999977e+01,5.000000000000000000e+01,0.000000000000000000e+00
6.810000000000000000e+02,6.057232120036525913e+01,1.991554276274702051e+00,5.760083797494633728e+01,9.799289491442166877e-01,0.000000000000000000e+00,5.985000000000000142e+01,5.918399999999999750e+01,5.000000000000000000e+01,0.000000000000000000e+00
6.820000000000000000e+02,6.129842489207629797e+01,2.377305780237811028e+00,5.761506328748141925e+01,1.306055824357065021e+00,0.000000000000000000e+00,5.985000000000000142e+01,5.905499999999999972e+01,5.000000000000000000e+01,0.000000000000000000e+00
6.830000000000000000e+02,6.049865911208551239e+01,1.991554276274702051e+00,5.762698034175609507e+01,8.801244940547132689e-01,0.000000000000000000e+00,5.985000000000000142e+01,5.918399999999999750e+01,5.000000000000000000e+01,0.000000000000000000e+00
6.840000000000000000e+02,6.047215056241116571e+01,1.991554276274702051e+00,5.763889739603077089e+01,8.416988901056910999e-01,0.000000000000000000e+00,5.985000000000000142e+01,5.918399999999999750e+01,5.000000000000000000e+01,0.000000000000000000e+00
6.850000000000000000e+02,6.007176882171486199e+01,1.800173685161218007e+00,5.764966926791268520e+01,6.219258686409586678e-01,0.000000000000000000e+00,5.985000000000000142e+01,5.924799999999999756e+01,5.000000000000000000e+01,0.000000000000000000e+00
6.860000000000000000e+02,5.986761244372335966e+01,1.704483389604465549e+00,5.765986854859821875e+01,5.032605055206810230e-01,0.000000000000000000e+00,5.985000000000000142e+01,5.928000000000000114e+01,5.000000000000000000e+01,0.000000000000000000e+00
6.870000000000000000e+02,5.928664551218383139e+01,1.414422181198087713e+00,5.766833216221971981e+01,2.038911687660257543e-01,0.000000000000000000e+00,5.985000000000000142e+01,5.937700000000000244e+01,5.000000000000000000e+01,0.000000000000000000e+00
6.880000000000000000e+02,5.909843197100186529e+01,1.318731885641356349e+00,5.767622318464484010e+01,1.034769007156709913e-01,0.000000000000000000e+00,5.985000000000000142e+01,5.940899999999999892e+01,5.000000000000000000e+01,0.000000000000000000e+00
6.890000000000000000e+02,5.853261104655565816e+01,1.028670677234978736e+00,5.768237854000593501e+01,-1.784381706852527227e-01,0.000000000000000000e+00,5.985000000000000142e+01,5.950600000000000023e+01,5.000000000000000000e+01,0.000000000000000000e+00
6.900000000000000000e+02,5.835878147176455855e+01,9.329803816782473724e-01,5.768796130417064916e+01,-2.621602140843380946e-01,0.000000000000000000e+00,5.985000000000000142e+01,5.953799999999999670e+01,5.000000000000000000e+01,0.000000000000000000e+00
6.910000000000000000e+02,5.818803455012392334e+01,8.372900861214948032e-01,5.769297147713898255e+01,-3.422270131365501844e-01,0.000000000000000000e+00,5.985000000000000142e+01,5.957000000000000028e+01,5.000000000000000000e+01,0.000000000000000000e+00
6.920000000000000000e+02,5.820798610894877356e+01,8.372900861214948032e-01,5.769798165010731594e+01,-3.272856272800347410e-01,0.000000000000000000e+00,5.985000000000000142e+01,5.957000000000000028e+01,5.000000000000000000e+01,0.000000000000000000e+00
6.930000000000000000e+02,5.803364194328083414e+01,7.386094688286010124e-01,5.770240133840437835e+01,-4.073688639521431676e-01,0.000000000000000000e+00,5.985000000000000142e+01,5.960300000000000153e+01,5.000000000000000000e+01,0.000000000000000000e+00
6.940000000000000000e+02,5.786807165124322694e+01,6.429191732718696484e-01,5.770624843550506000e+01,-4.810959575337067640e-01,0.000000000000000000e+00,5.985000000000000142e+01,5.963499999999999801e+01,5.000000000000000000e+01,0.000000000000000000e+00
6.950000000000000000e+02,5.808069846533932434e+01,7.386094688286010124e-01,5.771066812380212241e+01,-3.685791272913979677e-01,0.000000000000000000e+00,5.985000000000000142e+01,5.960300000000000153e+01,5.000000000000000000e+01,0.000000000000000000e+00
6.960000000000000000e+02,5.772565922856887966e+01,5.472288777151170791e-01,5.771394262970642330e+01,-5.355122788526606170e-01,0.000000000000000000e+00,5.985000000000000142e+01,5.966700000000000159e+01,5.000000000000000000e+01,0.000000000000000000e+00
6.970000000000000000e+02,5.718311959672734446e+01,2.571676693087393550e-01,5.771548146854669881e+01,-7.895295411280982556e-01,0.000000000000000000e+00,5.985000000000000142e+01,5.976400000000000290e+01,5.000000000000000000e+01,0.000000000000000000e+00
6.980000000000000000e+02,5.835751716812581691e+01,8.372900861214948032e-01,5.772049164151503220e+01,-2.002645595107042098e-01,0.000000000000000000e+00,5.985000000000000142e+01,5.957000000000000028e+01,5.000000000000000000e+01,0.000000000000000000e+00
6.990000000000000000e+02,5.893459698606077524e+01,1.124360972791731195e+00,5.772721958807250786e+01,8.301642519653332219e-02,0.000000000000000000e+00,5.985000000000000142e+01,5.947399999999999665e+01,5.000000000000000000e+01,0.000000000000000000e+00
7.000000000000000000e+02,6.007608893431073227e+01,1.704483389604465549e+00,5.773741886875804141e+01,6.341866759482270854e-01,0.000000000000000000e+00,5.985000000000000142e+01,5.928000000000000114e+01,5.000000000000000000e+01,0.000000000000000000e+00
7.010000000000000000e+02,6.024637549239382395e+01,1.800173685161218007e+00,5.774819074063995572e+01,6.980110665926473335e-01,0.000000000000000000e+00,5.985000000000000142e+01,5.924799999999999756e+01,5.000000000000000000e+01,0.000000000000000000e+00
7.020000000000000000e+02,6.060222352723032202e+01,1.991554276274702051e+00,5.776010779491463154e+01,8.505614560409840985e-01,0.000000000000000000e+00,5.985000000000000142e+01,5.918399999999999750e+01,5.000000000000000000e+01,0.000000000000000000e+00
7.030000000000000000e+02,6.057700567858510965e+01,1.991554276274702051e+00,5.777202484918930736e+01,8.134265531210993494e-01,0.000000000000000000e+00,5.985000000000000142e+01,5.918399999999999750e+01,5.000000000000000000e+01,0.000000000000000000e+00
7.040000000000000000e+02,6.017785828783704716e+01,1.800173685161218007e+00,5.778279672107122167e+01,5.948878816046091478e-01,0.000000000000000000e+00,5.985000000000000142e+01,5.924799999999999756e+01,5.000000000000000000e+01,0.000000000000000000e+00
7.050000000000000000e+02,5.997488236896065672e+01,1.704483389604465549e+00,5.779299600175675522e+01,4.774029775994403924e-01,0.000000000000000000e+00,5.985000000000000142e+01,5.928000000000000114e+01,5.000000000000000000e+01,0.000000000000000000e+00
7.060000000000000000e+02,6.015201399082632605e+01,1.800173685161218007e+00,5.780376787363866953e+01,5.480724320264384053e-01,0.000000000000000000e+00,5.985000000000000142e+01,5.924799999999999756e+01,5.000000000000000000e+01,0.000000000000000000e+00
7.070000000000000000e+02,5.900633695594122230e+01,1.223041590084603891e+00,5.781108630486740907e+01,-2.779093901079154882e-02,0.000000000000000000e+00,5.985000000000000142e+01,5.944100000000000250e+01,5.000000000000000000e+01,0.000000000000000000e+00
7.080000000000000000e+02,5.863344991266120587e+01,1.028670677234978736e+00,5.781724166022850397e+01,-2.124624248022725370e-01,0.000000000000000000e+00,5.985000000000000142e+01,5.950600000000000023e+01,5.000000000000000000e+01,0.000000000000000000e+00
7.090000000000000000e+02,5.883665663771475351e+01,1.124360972791731195e+00,5.782396960678597964e+01,-1.116739418629592445e-01,0.000000000000000000e+00,5.985000000000000142e+01,5.947399999999999665e+01,5.000000000000000000e+01,0.000000000000000000e+00
7.100000000000000000e+02,5.866048477579082032e+01,1.028670677234978736e+00,5.783012496214707454e+01,-1.983108635912299023e-01,0.000000000000000000e+00,5.985000000000000142e+01,5.950600000000000023e+01,5.000000000000000000e+01,0.000000000000000000e+00
7.110000000000000000e+02,5.924449246080202869e+01,1.318731885641356349e+00,5.783801598457219484e+01,8.774459058848052551e-02,0.000000000000000000e+00,5.985000000000000142e+01,5.940899999999999892e+01,5.000000000000000000e+01,0.000000000000000000e+00
7.120000000000000000e+02,6.000552224964408765e+01,1.704483389604465549e+00,5.784821526525772839e+01,4.528235947818955442e-01,0.000000000000000000e+00,5.985000000000000142e+01,5.928000000000000114e+01,5.000000000000000000e+01,0.000000000000000000e+00
7.130000000000000000e+02,6.018372698972864043e+01,1.800173685161218007e+00,5.785898713713964270e+01,5.245661674277800612e-01,0.000000000000000000e+00,5.985000000000000142e+01,5.924799999999999756e+01,5.000000000000000000e+01,0.000000000000000000e+00
7.140000000000000000e+02,6.017159667910024723e+01,1.800173685161218007e+00,5.786975900902155701e+01,5.016639849174688859e-01,0.000000000000000000e+00,5.985000000000000142e+01,5.924799999999999756e+01,5.000000000000000000e+01,0.000000000000000000e+00
7.150000000000000000e+02,6.016046626132865782e+01,1.800173685161218007e+00,5.788053088090347131e+01,4.797616952639683907e-01,0.000000000000000000e+00,5.985000000000000142e+01,5.924799999999999756e+01,5.000000000000000000e+01,0.000000000000000000e+00
7.160000000000000000e+02,6.015029208180914821e+01,1.800173685161218007e+00,5.789130275278538562e+01,4.588156438625416444e-01,0.000000000000000000e+00,5.985000000000000142e+01,5.924799999999999756e+01,5.000000000000000000e+01,0.000000000000000000e+00
7.170000000000000000e+02,5.957183817223820910e+01,1.510112476754840394e+00,5.790033895760326743e+01,1.613867378801022712e-01,0.000000000000000000e+00,5.985000000000000142e+01,5.934499999999999886e+01,5.000000000000000000e+01,0.000000000000000000e+00
7.180000000000000000e+02,5.881685871558205037e+01,1.124360972791731195e+00,5.790706690416074309e+01,-2.145691613704254208e-01,0.000000000000000000e+00,5.985000000000000142e+01,5.947399999999999665e+01,5.000000000000000000e+01,0.000000000000000000e+00
7.190000000000000000e+02,5.864517918511776173e+01,1.028670677234978736e+00,5.791322225952183800e+01,-2.967137516390562224e-01,0.000000000000000000e+00,5.985000000000000142e+01,5.950600000000000023e+01,5.000000000000000000e+01,0.000000000000000000e+00
7.200000000000000000e+02,5.828873802467148835e+01,8.372900861214948032e-01,5.791823243249017139e+01,-4.667844939401726290e-01,0.000000000000000000e+00,5.985000000000000142e+01,5.957000000000000028e+01,5.000000000000000000e+01,0.000000000000000000e+00
7.210000000000000000e+02,5.831412767374218475e+01,8.372900861214948032e-01,5.792324260545850478e+01,-4.464050178378125011e-01,0.000000000000000000e+00,5.985000000000000142e+01,5.957000000000000028e+01,5.000000000000000000e+01,0.000000000000000000e+00
7.220000000000000000e+02,5.833862756950787798e+01,8.372900861214948032e-01,5.792825277842683818e+01,-4.269152950404537794e-01,0.000000000000000000e+00,5.985000000000000142e+01,5.957000000000000028e+01,5.000000000000000000e+01,0.000000000000000000e+00
7.230000000000000000e+02,5.873782738328071673e+01,1.028670677234978736e+00,5.793440813378793308e+01,-2.252514277421971689e-01,0.000000000000000000e+00,5.985000000000000142e+01,5.950600000000000023e+01,5.000000000000000000e+01,0.000000000000000000e+00
7.240000000000000000e+02,5.913523586133312904e+01,1.223041590084603891e+00,5.794172656501667262e+01,-2.953229376815225127e-02,0.000000000000000000e+00,5.985000000000000142e+01,5.944100000000000250e+01,5.000000000000000000e+01,0.000000000000000000e+00
7.250000000000000000e+02,5.895020025701308697e+01,1.124360972791731195e+00,5.794845451157414828e+01,-1.226152273527971737e-01,0.000000000000000000e+00,5.985000000000000142e+01,5.947399999999999665e+01,5.000000000000000000e+01,0.000000000000000000e+00
7.260000000000000000e+02,5.915592489073046067e+01,1.223041590084603891e+00,5.795577294280288783e+01,-2.288964215703183369e-02,0.000000000000000000e+00,5.985000000000000142e+01,5.944100000000000250e+01,5.000000000000000000e+01,0.000000000000000000e+00
7.270000000000000000e+02,5.840727303502512058e+01,8.372900861214948032e-01,5.796078311577122122e+01,-3.908001668675956108e-01,0.000000000000000000e+00,5.985000000000000142e+01,5.957000000000000028e+01,5.000000000000000000e+01,0.000000000000000000e+00
7.280000000000000000e+02,5.842934526289216990e+01,8.372900861214948032e-01,5.796579328873955461e+01,-3.737381119688797937e-01,0.000000000000000000e+00,5.985000000000000142e+01,5.957000000000000028e+01,5.000000000000000000e+01,0.000000000000000000e+00
7.290000000000000000e+02,5.825702917937756098e+01,7.386094688286010124e-01,5.797021297703661702e+01,-4.517932664876574966e-01,0.000000000000000000e+00,5.985000000000000142e+01,5.960300000000000153e+01,5.000000000000000000e+01,0.000000000000000000e+00
7.300000000000000000e+02,5.847481723184839808e+01,8.372900861214948032e-01,5.797522315000495041e+01,-3.376960042780452476e-01,0.000000000000000000e+00,5.985000000000000142e+01,5.957000000000000028e+01,5.000000000000000000e+01,0.000000000000000000e+00
7.310000000000000000e+02,5.811315216311049170e+01,6.429191732718696484e-01,5.797907024710563206e+01,-5.088372572670120109e-01,0.000000000000000000e+00,5.985000000000000142e+01,5.963499999999999801e+01,5.000000000000000000e+01,0.000000000000000000e+00
7.320000000000000000e+02,5.832699014244944635e+01,7.386094688286010124e-01,5.798348993540269447e+01,-3.951092617818496855e-01,0.000000000000000000e+00,5.985000000000000142e+01,5.960300000000000153e+01,5.000000000000000000e+01,0.000000000000000000e+00
7.330000000000000000e+02,5.854230341194379861e+01,8.372900861214948032e-01,5.798850010837102786e+01,-2.834867825487176751e-01,0.000000000000000000e+00,5.985000000000000142e+01,5.957000000000000028e+01,5.000000000000000000e+01,0.000000000000000000e+00
7.340000000000000000e+02,5.855969041444544132e+01,8.372900861214948032e-01,5.799351028133936126e+01,-2.711099530154148507e-01,0.000000000000000000e+00,5.985000000000000142e+01,5.957000000000000028e+01,5.000000000000000000e+01,0.000000000000000000e+00
7.350000000000000000e+02,5.933350668573770292e+01,1.223041590084603891e+00,5.800082871256810080e+01,1.096363830849941823e-01,0.000000000000000000e+00,5.985000000000000142e+01,5.944100000000000250e+01,5.000000000000000000e+01,0.000000000000000000e+00
7.360000000000000000e+02,5.989936470912342514e+01,1.510112476754840394e+00,5.800986491738598261e+01,3.793873149825996993e-01,0.000000000000000000e+00,5.985000000000000142e+01,5.934499999999999886e+01,5.000000000000000000e+01,0.000000000000000000e+00
7.370000000000000000e+02,5.951628631064630781e+01,1.318731885641356349e+00,5.801775593981110291e+01,1.797984851938509154e-01,0.000000000000000000e+00,5.985000000000000142e+01,5.940899999999999892e+01,5.000000000000000000e+01,0.000000000000000000e+00
7.380000000000000000e+02,5.913490865324073553e+01,1.124360972791731195e+00,5.802448388636857857e+01,-1.393620591957769883e-02,0.000000000000000000e+00,5.985000000000000142e+01,5.947399999999999665e+01,5.000000000000000000e+01,0.000000000000000000e+00
7.390000000000000000e+02,5.914224504454987397e+01,1.124360972791731195e+00,5.803121183292605423e+01,-1.332776116791462191e-02,0.000000000000000000e+00,5.985000000000000142e+01,5.947399999999999665e+01,5.000000000000000000e+01,0.000000000000000000e+00
7.400000000000000000e+02,5.858622863361583910e+01,8.372900861214948032e-01,5.803622200589438762e+01,-2.872834584000384939e-01,0.000000000000000000e+00,5.985000000000000142e+01,5.957000000000000028e+01,5.000000000000000000e+01,0.000000000000000000e+00
7.410000000000000000e+02,5.860378139626114802e+01,8.372900861214948032e-01,5.804123217886272101e+01,-2.747408687230614710e-01,0.000000000000000000e+00,5.985000000000000142e+01,5.957000000000000028e+01,5.000000000000000000e+01,0.000000000000000000e+00
7.420000000000000000e+02,5.862078655844007358e+01,8.372900861214948032e-01,5.804624235183105441e+01,-2.627458795124710256e-01,0.000000000000000000e+00,5.985000000000000142e+01,5.957000000000000028e+01,5.000000000000000000e+01,0.000000000000000000e+00
7.430000000000000000e+02,5.844362463368982930e+01,7.386094688286010124e-01,5.805066204012811681e+01,-3.456468752668894751e-01,0.000000000000000000e+00,5.985000000000000142e+01,5.960300000000000153e+01,5.000000000000000000e+01,0.000000000000000000e+00
7.440000000000000000e+02,5.771203336592793676e+01,3.558482866016331458e-01,5.805279136363965620e+01,-6.966062843133513649e-01,0.000000000000000000e+00,5.985000000000000142e+01,5.973100000000000165e+01,5.000000000000000000e+01,0.000000000000000000e+00
7.450000000000000000e+02,5.793235143268031351e+01,4.515385821583857151e-01,5.805549327834757634e+01,-5.746804278256463228e-01,0.000000000000000000e+00,5.985000000000000142e+01,5.969899999999999807e+01,5.000000000000000000e+01,0.000000000000000000e+00
7.460000000000000000e+02,5.739094926292465004e+01,1.614773737520080188e-01,5.805645952599147108e+01,-8.269876368188280313e-01,0.000000000000000000e+00,5.985000000000000142e+01,5.979599999999999937e+01,5.000000000000000000e+01,0.000000000000000000e+00
7.470000000000000000e+02,5.705247037213343475e+01,-2.990321736147588672e-02,5.805628059124260432e+01,-9.739070017476877394e-01,0.000000000000000000e+00,5.985000000000000142e+01,5.985999999999999943e+01,5.000000000000000000e+01,0.000000000000000000e+00
7.480000000000000000e+02,5.690116812402722957e+01,-1.285838346543696775e-01,5.805551117182246657e+01,-1.025759213140863491e+00,0.000000000000000000e+00,5.985000000000000142e+01,5.989300000000000068e+01,5.000000000000000000e+01,0.000000000000000000e+00
7.490000000000000000e+02,5.694518261590312846e+01,-1.285838346543696775e-01,5.805474175240232881e+01,-9.809753018448313933e-01,0.000000000000000000e+00,5.985000000000000142e+01,5.989300000000000068e+01,5.000000000000000000e+01,0.000000000000000000e+00
7.500000000000000000e+02,5.718088526864913490e+01,-2.990321736147588672e-02,5.805456281765346205e+01,-8.437743316428494289e-01,0.000000000000000000e+00,5.985000000000000142e+01,5.985999999999999943e+01,5.000000000000000000e+01,0.000000000000000000e+00
7.510000000000000000e+02,5.702390152153221692e+01,-1.285838346543696775e-01,5.805379339823332430e+01,-9.013080420467395326e-01,0.000000000000000000e+00,5.985000000000000142e+01,5.989300000000000068e+01,5.000000000000000000e+01,0.000000000000000000e+00
7.520000000000000000e+02,5.801309559116223369e+01,3.558482866016331458e-01,5.805592272174486368e+01,-3.986754171842628591e-01,0.000000000000000000e+00,5.985000000000000142e+01,5.973100000000000165e+01,5.000000000000000000e+01,0.000000000000000000e+00
7.530000000000000000e+02,5.783898740304481834e+01,2.571676693087393550e-01,5.805746156058513918e+01,-4.756418268490624213e-01,0.000000000000000000e+00,5.985000000000000142e+01,5.976400000000000290e+01,5.000000000000000000e+01,0.000000000000000000e+00
7.540000000000000000e+02,5.805493581709365714e+01,3.558482866016331458e-01,5.805959088409667856e+01,-3.605033536046568510e-01,0.000000000000000000e+00,5.985000000000000142e+01,5.973100000000000165e+01,5.000000000000000000e+01,0.000000000000000000e+00
7.550000000000000000e+02,5.787916106406760264e+01,2.571676693087393550e-01,5.806112972293695407e+01,-4.391363281780972239e-01,0.000000000000000000e+00,5.985000000000000142e+01,5.976400000000000290e+01,5.000000000000000000e+01,0.000000000000000000e+00
7.560000000000000000e+02,5.771209686726915322e+01,1.614773737520080188e-01,5.806209597058084881e+01,-5.114764770637035829e-01,0.000000000000000000e+00,5.985000000000000142e+01,5.979599999999999937e+01,5.000000000000000000e+01,0.000000000000000000e+00
7.570000000000000000e+02,5.716619959130601814e+01,-1.285838346543696775e-01,5.806132655116071106e+01,-7.665431252003218621e-01,0.000000000000000000e+00,5.985000000000000142e+01,5.989300000000000068e+01,5.000000000000000000e+01,0.000000000000000000e+00
7.580000000000000000e+02,5.833728533401670546e+01,4.515385821583857151e-01,5.806402846586863120e+01,-1.782817140103102327e-01,0.000000000000000000e+00,5.985000000000000142e+01,5.969899999999999807e+01,5.000000000000000000e+01,0.000000000000000000e+00
7.590000000000000000e+02,5.910474053273490824e+01,8.372900861214948032e-01,5.806903863883696459e+01,1.984118077764528976e-01,0.000000000000000000e+00,5.985000000000000142e+01,5.957000000000000028e+01,5.000000000000000000e+01,0.000000000000000000e+00
7.600000000000000000e+02,5.928886360119053478e+01,9.329803816782473724e-01,5.807462140300167874e+01,2.812618165106078316e-01,0.000000000000000000e+00,5.985000000000000142e+01,5.953799999999999670e+01,5.000000000000000000e+01,0.000000000000000000e+00
7.610000000000000000e+02,5.928216667624283076e+01,9.329803816782473724e-01,5.808020416716639289e+01,2.689821273981863325e-01,0.000000000000000000e+00,5.985000000000000142e+01,5.953799999999999670e+01,5.000000000000000000e+01,0.000000000000000000e+00
7.620000000000000000e+02,5.927600587371148322e+01,9.329803816782473724e-01,5.808578693133110704e+01,2.572385607021256959e-01,0.000000000000000000e+00,5.985000000000000142e+01,5.953799999999999670e+01,5.000000000000000000e+01,0.000000000000000000e+00
7.630000000000000000e+02,5.927035778687644552e+01,9.329803816782473724e-01,5.809136969549582119e+01,2.460077097023784798e-01,0.000000000000000000e+00,5.985000000000000142e+01,5.953799999999999670e+01,5.000000000000000000e+01,0.000000000000000000e+00
7.640000000000000000e+02,5.907742461827765368e+01,8.372900861214948032e-01,5.809637986846415458e+01,1.437546636920044030e-01,0.000000000000000000e+00,5.985000000000000142e+01,5.957000000000000028e+01,5.000000000000000000e+01,0.000000000000000000e+00
7.650000000000000000e+02,5.926393397842923605e+01,9.329803816782473724e-01,5.810196263262886873e+01,2.289909641221192227e-01,0.000000000000000000e+00,5.985000000000000142e+01,5.953799999999999670e+01,5.000000000000000000e+01,0.000000000000000000e+00
7.660000000000000000e+02,5.907174374873349620e+01,8.372900861214948032e-01,5.810697280559720213e+01,1.274808570148041054e-01,0.000000000000000000e+00,5.985000000000000142e+01,5.957000000000000028e+01,5.000000000000000000e+01,0.000000000000000000e+00
7.670000000000000000e+02,5.907118819894803607e+01,8.372900861214948032e-01,5.811198297856553552e+01,1.219151342610089311e-01,0.000000000000000000e+00,5.985000000000000142e+01,5.957000000000000028e+01,5.000000000000000000e+01,0.000000000000000000e+00
7.680000000000000000e+02,5.907087564462477758e+01,8.372900861214948032e-01,5.811699315153386891e+01,1.165924069694149190e-01,0.000000000000000000e+00,5.985000000000000142e+01,5.957000000000000028e+01,5.000000000000000000e+01,0.000000000000000000e+00
7.690000000000000000e+02,5.850160125712870496e+01,5.472288777151170791e-01,5.812026765743816981e+01,-1.658952780245875336e-01,0.000000000000000000e+00,5.985000000000000142e+01,5.966700000000000159e+01,5.000000000000000000e+01,0.000000000000000000e+00
7.700000000000000000e+02,5.832434321918636755e+01,4.515385821583857151e-01,5.812296957214608994e+01,-2.501649351181099434e-01,0.000000000000000000e+00,5.985000000000000142e+01,5.969899999999999807e+01,5.000000000000000000e+01,0.000000000000000000e+00
7.710000000000000000e+02,5.795654834850925141e+01,2.571676693087393550e-01,5.812450841098636545e+01,-4.251277317858541682e-01,0.000000000000000000e+00,5.985000000000000142e+01,5.976400000000000290e+01,5.000000000000000000e+01,0.000000000000000000e+00
7.720000000000000000e+02,5.778887254644304505e+01,1.614773737520080188e-01,5.812547465863026019e+01,-4.980794859392222995e-01,0.000000000000000000e+00,5.985000000000000142e+01,5.979599999999999937e+01,5.000000000000000000e+01,0.000000000000000000e+00
7.730000000000000000e+02,5.743603376176559294e+01,-2.990321736147588672e-02,5.812529572388139343e+01,-6.593587447543204361e-01,0.000000000000000000e+00,5.985000000000000142e+01,5.985999999999999943e+01,5.000000000000000000e+01,0.000000000000000000e+00
7.740000000000000000e+02,5.727099856243745535e+01,-1.285838346543696775e-01,5.812452630446125568e+01,-7.249439073694298186e-01,0.000000000000000000e+00,5.985000000000000142e+01,5.989300000000000068e+01,5.000000000000000000e+01,0.000000000000000000e+00
7.750000000000000000e+02,5.730187967388880566e+01,-1.285838346543696775e-01,5.812375688504111793e+01,-6.932933764979385405e-01,0.000000000000000000e+00,5.985000000000000142e+01,5.989300000000000068e+01,5.000000000000000000e+01,0.000000000000000000e+00
7.760000000000000000e+02,5.676805270788875646e+01,-4.156547213245849193e-01,5.812126969203183791e+01,-9.375622628184934193e-01,0.000000000000000000e+00,5.985000000000000142e+01,5.998899999999999721e+01,5.000000000000000000e+01,0.000000000000000000e+00
7.770000000000000000e+02,5.736982504858475806e+01,-1.285838346543696775e-01,5.812050027261170015e+01,-6.220913893725728006e-01,0.000000000000000000e+00,5.985000000000000142e+01,5.989300000000000068e+01,5.000000000000000000e+01,0.000000000000000000e+00
7.780000000000000000e+02,5.683288945491197808e+01,-4.156547213245849193e-01,5.811801307960242013e+01,-8.694689033658540289e-01,0.000000000000000000e+00,5.985000000000000142e+01,5.998899999999999721e+01,5.000000000000000000e+01,0.000000000000000000e+00
7.790000000000000000e+02,5.743168888838910391e+01,-1.285838346543696775e-01,5.811724366018228238e+01,-5.569709371388102959e-01,0.000000000000000000e+00,5.985000000000000142e+01,5.989300000000000068e+01,5.000000000000000000e+01,0.000000000000000000e+00
7.800000000000000000e+02,5.745523642047546531e+01,-1.285838346543696775e-01,5.811647424076214463e+01,-5.326539856323099231e-01,0.000000000000000000e+00,5.985000000000000142e+01,5.989300000000000068e+01,5.000000000000000000e+01,0.000000000000000000e+00
7.810000000000000000e+02,5.747772229190569249e+01,-1.285838346543696775e-01,5.811570482134200688e+01,-5.093986947819419964e-01,0.000000000000000000e+00,5.985000000000000142e+01,5.989300000000000068e+01,5.000000000000000000e+01,0.000000000000000000e+00
7.820000000000000000e+02,5.749919285402233271e+01,-1.285838346543696775e-01,5.811493540192186913e+01,-4.871587132451676294e-01,0.000000000000000000e+00,5.985000000000000142e+01,5.989300000000000068e+01,5.000000000000000000e+01,0.000000000000000000e+00
7.830000000000000000e+02,5.733191702184096528e+01,-2.242741302111010138e-01,5.811359339130535062e+01,-5.574022392532836934e-01,0.000000000000000000e+00,5.985000000000000142e+01,5.992499999999999716e+01,5.000000000000000000e+01,0.000000000000000000e+00
7.840000000000000000e+02,5.754268620573240867e+01,-1.285838346543696775e-01,5.811282397188521287e+01,-4.415539314984348040e-01,0.000000000000000000e+00,5.985000000000000142e+01,5.989300000000000068e+01,5.000000000000000000e+01,0.000000000000000000e+00
7.850000000000000000e+02,5.718564388883932992e+01,-3.199644257678536108e-01,5.811090937007231361e+01,-6.053010554651253594e-01,0.000000000000000000e+00,5.985000000000000142e+01,5.995700000000000074e+01,5.000000000000000000e+01,0.000000000000000000e+00
7.860000000000000000e+02,5.721015629682373316e+01,-3.199644257678536108e-01,5.810899476825941434e+01,-5.788740456678249657e-01,0.000000000000000000e+00,5.985000000000000142e+01,5.995700000000000074e+01,5.000000000000000000e+01,0.000000000000000000e+00
7.870000000000000000e+02,5.723351492052092482e+01,-3.199644257678536108e-01,5.810708016644651508e+01,-5.536008201577333754e-01,0.000000000000000000e+00,5.985000000000000142e+01,5.995700000000000074e+01,5.000000000000000000e+01,0.000000000000000000e+00
7.880000000000000000e+02,5.725577013332508614e+01,-3.199644257678536108e-01,5.810516556463361582e+01,-5.294310055406747928e-01,0.000000000000000000e+00,5.985000000000000142e+01,5.995700000000000074e+01,5.000000000000000000e+01,0.000000000000000000e+00
7.890000000000000000e+02,5.690141928404292315e+01,-5.113450168813374885e-01,5.810210578042795504e+01,-6.893414795036942877e-01,0.000000000000000000e+00,5.985000000000000142e+01,6.002100000000000080e+01,5.000000000000000000e+01,0.000000000000000000e+00
7.900000000000000000e+02,5.749178189223359681e+01,-2.242741302111010138e-01,5.810076376981143653e+01,-3.847077473667392389e-01,0.000000000000000000e+00,5.985000000000000142e+01,5.992499999999999716e+01,5.000000000000000000e+01,0.000000000000000000e+00
7.910000000000000000e+02,5.580552126861469731e+01,-1.091467433694093048e+00,5.809423265147771787e+01,-1.197243949168925070e+00,0.000000000000000000e+00,5.985000000000000142e+01,6.021500000000000341e+01,5.000000000000000000e+01,0.000000000000000000e+00
7.920000000000000000e+02,5.660823059440524929e+01,-7.057159297309626433e-01,5.809000979140441245e+01,-7.760632672681984090e-01,0.000000000000000000e+00,5.985000000000000142e+01,6.008599999999999852e+01,5.000000000000000000e+01,0.000000000000000000e+00
7.930000000000000000e+02,5.606869588015261741e+01,-9.957771381373403674e-01,5.808405126426707454e+01,-1.019578245977117659e+00,0.000000000000000000e+00,5.985000000000000142e+01,6.018299999999999983e+01,5.000000000000000000e+01,0.000000000000000000e+00
7.940000000000000000e+02,5.705786443431392030e+01,-5.113450168813374885e-01,5.808099148006141377e+01,-5.117820288661605321e-01,0.000000000000000000e+00,5.985000000000000142e+01,6.002100000000000080e+01,5.000000000000000000e+01,0.000000000000000000e+00
7.950000000000000000e+02,5.782825033694361139e+01,-1.285838346543696775e-01,5.808022206064127602e+01,-1.233878890432904551e-01,0.000000000000000000e+00,5.985000000000000142e+01,5.989300000000000068e+01,5.000000000000000000e+01,0.000000000000000000e+00
7.960000000000000000e+02,5.802651133853846943e+01,-2.990321736147588672e-02,5.808004312589240925e+01,-2.362856999245810385e-02,0.000000000000000000e+00,5.985000000000000142e+01,5.985999999999999943e+01,5.000000000000000000e+01,0.000000000000000000e+00
7.970000000000000000e+02,5.878433364249079318e+01,3.558482866016331458e-01,5.808217244940394863e+01,3.463129064852107919e-01,0.000000000000000000e+00,5.985000000000000142e+01,5.973100000000000165e+01,5.000000000000000000e+01,0.000000000000000000e+00
7.980000000000000000e+02,5.820214897334624027e+01,6.578707819525544953e-02,5.808256610585146262e+01,5.379578929952028021e-02,0.000000000000000000e+00,5.985000000000000142e+01,5.982800000000000296e+01,5.000000000000000000e+01,0.000000000000000000e+00
7.990000000000000000e+02,5.857574476955092990e+01,2.571676693087393550e-01,5.808410494469173813e+01,2.344721555504482857e-01,0.000000000000000000e+00,5.985000000000000142e+01,5.976400000000000290e+01,5.000000000000000000e+01,0.000000000000000000e+00
8.000000000000000000e+02,5.876069011661245867e+01,3.558482866016331458e-01,5.808623426820327751e+01,3.186075618075485671e-01,0.000000000000000000e+00,5.985000000000000142e+01,5.973100000000000165e+01,5.000000000000000000e+01,0.000000000000000000e+00
8.010000000000000000e+02,5.969365430751499702e+01,8.372900861214948032e-01,5.809124444117161090e+01,7.651197802218943078e-01,0.000000000000000000e+00,5.985000000000000142e+01,5.957000000000000028e+01,5.000000000000000000e+01,0.000000000000000000e+00
8.020000000000000000e+02,5.890829026753994668e+01,4.515385821583857151e-01,5.809394635587953104e+01,3.628053295020312041e-01,0.000000000000000000e+00,5.985000000000000142e+01,5.969899999999999807e+01,5.000000000000000000e+01,0.000000000000000000e+00
8.030000000000000000e+02,5.965212199415119443e+01,8.372900861214948032e-01,5.809895652884786443e+01,7.158753791818357470e-01,0.000000000000000000e+00,5.985000000000000142e+01,5.957000000000000028e+01,5.000000000000000000e+01,0.000000000000000000e+00
8.040000000000000000e+02,5.981365297434295769e+01,9.329803816782473724e-01,5.810453929301257858e+01,7.761332996521300709e-01,0.000000000000000000e+00,5.985000000000000142e+01,5.953799999999999670e+01,5.000000000000000000e+01,0.000000000000000000e+00
8.050000000000000000e+02,6.073009536044453682e+01,1.414422181198087713e+00,5.811300290663407964e+01,1.202670272612365032e+00,0.000000000000000000e+00,5.985000000000000142e+01,5.937700000000000244e+01,5.000000000000000000e+01,0.000000000000000000e+00
8.060000000000000000e+02,6.125524547246902785e+01,1.704483389604465549e+00,5.812320218731961319e+01,1.427559895544951996e+00,0.000000000000000000e+00,5.985000000000000142e+01,5.928000000000000114e+01,5.000000000000000000e+01,0.000000000000000000e+00
8.070000000000000000e+02,6.006473007308910184e+01,1.124360972791731195e+00,5.812993013387708885e+01,8.104389664202791277e-01,0.000000000000000000e+00,5.985000000000000142e+01,5.947399999999999665e+01,5.000000000000000000e+01,0.000000000000000000e+00
8.080000000000000000e+02,6.022971823014313486e+01,1.223041590084603891e+00,5.813724856510582839e+01,8.694280749526991370e-01,0.000000000000000000e+00,5.985000000000000142e+01,5.944100000000000250e+01,5.000000000000000000e+01,0.000000000000000000e+00
8.090000000000000000e+02,5.944210842311843379e+01,8.372900861214948032e-01,5.814225873807416178e+01,4.625595989227819227e-01,0.000000000000000000e+00,5.985000000000000142e+01,5.957000000000000028e+01,5.000000000000000000e+01,0.000000000000000000e+00
8.100000000000000000e+02,5.923328018156338004e+01,7.386094688286010124e-01,5.814667842637122419e+01,3.479922863635541708e-01,0.000000000000000000e+00,5.985000000000000142e+01,5.960300000000000153e+01,5.000000000000000000e+01,0.000000000000000000e+00
8.110000000000000000e+02,5.847140512566880233e+01,3.558482866016331458e-01,5.814880774988276357e+01,-3.325091081559689021e-02,0.000000000000000000e+00,5.985000000000000142e+01,5.973100000000000165e+01,5.000000000000000000e+01,0.000000000000000000e+00
8.120000000000000000e+02,5.847498616009007577e+01,3.558482866016331458e-01,5.815093707339430296e+01,-3.179919990586171225e-02,0.000000000000000000e+00,5.985000000000000142e+01,5.973100000000000165e+01,5.000000000000000000e+01,0.000000000000000000e+00
8.130000000000000000e+02,5.828486041954833041e+01,2.571676693087393550e-01,5.815247591223457846e+01,-1.247831619949878179e-01,0.000000000000000000e+00,5.985000000000000142e+01,5.976400000000000290e+01,5.000000000000000000e+01,0.000000000000000000e+00
8.140000000000000000e+02,5.753487756942527653e+01,-1.285838346543696775e-01,5.815170649281444071e+01,-4.882450887347948298e-01,0.000000000000000000e+00,5.985000000000000142e+01,5.989300000000000068e+01,5.000000000000000000e+01,0.000000000000000000e+00
8.150000000000000000e+02,5.774906797458519492e+01,-2.990321736147588672e-02,5.815152755806557394e+01,-3.725563661188988074e-01,0.000000000000000000e+00,5.985000000000000142e+01,5.985999999999999943e+01,5.000000000000000000e+01,0.000000000000000000e+00
8.160000000000000000e+02,5.757151118917744270e+01,-1.285838346543696775e-01,5.815075813864543619e+01,-4.506631148136215348e-01,0.000000000000000000e+00,5.985000000000000142e+01,5.989300000000000068e+01,5.000000000000000000e+01,0.000000000000000000e+00
8.170000000000000000e+02,5.759041739801357807e+01,-1.285838346543696775e-01,5.814998871922529844e+01,-4.309874865573484759e-01,0.000000000000000000e+00,5.985000000000000142e+01,5.989300000000000068e+01,5.000000000000000000e+01,0.000000000000000000e+00
8.180000000000000000e+02,5.760846458303668527e+01,-1.285838346543696775e-01,5.814921929980516069e+01,-4.121708821141051859e-01,0.000000000000000000e+00,5.985000000000000142e+01,5.989300000000000068e+01,5.000000000000000000e+01,0.000000000000000000e+00
8.190000000000000000e+02,5.743791483594952751e+01,-2.242741302111010138e-01,5.814787728918864218e+01,-4.856883230280132357e-01,0.000000000000000000e+00,5.985000000000000142e+01,5.992499999999999716e+01,5.000000000000000000e+01,0.000000000000000000e+00
8.200000000000000000e+02,5.764555304171103245e+01,-1.285838346543696775e-01,5.814710786976850443e+01,-3.729709934030995822e-01,0.000000000000000000e+00,5.985000000000000142e+01,5.989300000000000068e+01,5.000000000000000000e+01,0.000000000000000000e+00
8.210000000000000000e+02,5.747329185560743525e+01,-2.242741302111010138e-01,5.814576585915198592e+01,-4.481998733334534024e-01,0.000000000000000000e+00,5.985000000000000142e+01,5.992499999999999716e+01,5.000000000000000000e+01,0.000000000000000000e+00
8.220000000000000000e+02,5.749151792989145804e+01,-2.242741302111010138e-01,5.814442384853546741e+01,-4.286317884329068906e-01,0.000000000000000000e+00,5.985000000000000142e+01,5.992499999999999716e+01,5.000000000000000000e+01,0.000000000000000000e+00
8.230000000000000000e+02,5.694556343764636352e+01,-5.113450168813374885e-01,5.814136406432980664e+01,-6.844556098021071788e-01,0.000000000000000000e+00,5.985000000000000142e+01,6.002100000000000080e+01,5.000000000000000000e+01,0.000000000000000000e+00
8.240000000000000000e+02,5.753571273227132110e+01,-2.242741302111010138e-01,5.814002205371328813e+01,-3.800351912308668756e-01,0.000000000000000000e+00,5.985000000000000142e+01,5.992499999999999716e+01,5.000000000000000000e+01,0.000000000000000000e+00
8.250000000000000000e+02,5.755096278544074551e+01,-2.242741302111010138e-01,5.813868004309676962e+01,-3.634431274449220761e-01,0.000000000000000000e+00,5.985000000000000142e+01,5.992499999999999716e+01,5.000000000000000000e+01,0.000000000000000000e+00
8.260000000000000000e+02,5.775326385367014126e+01,-1.285838346543696775e-01,5.813791062367663187e+01,-2.560629353521159945e-01,0.000000000000000000e+00,5.985000000000000142e+01,5.989300000000000068e+01,5.000000000000000000e+01,0.000000000000000000e+00
8.270000000000000000e+02,5.776367395829044682e+01,-1.285838346543696775e-01,5.813714120425649412e+01,-2.448834113116763189e-01,0.000000000000000000e+00,5.985000000000000142e+01,5.989300000000000068e+01,5.000000000000000000e+01,0.000000000000000000e+00
8.280000000000000000e+02,5.777359597291209781e+01,-1.285838346543696775e-01,5.813637178483635637e+01,-2.341919772698883573e-01,0.000000000000000000e+00,5.985000000000000142e+01,5.989300000000000068e+01,5.000000000000000000e+01,0.000000000000000000e+00
8.290000000000000000e+02,5.797669460150051179e+01,-2.990321736147588672e-02,5.813619285008748960e+01,-1.295950312255013115e-01,0.000000000000000000e+00,5.985000000000000142e+01,5.985999999999999943e+01,5.000000000000000000e+01,0.000000000000000000e+00
8.300000000000000000e+02,5.760075488586777936e+01,-2.242741302111010138e-01,5.813485083947097110e+01,-3.098218233920949638e-01,0.000000000000000000e+00,5.985000000000000142e+01,5.992499999999999716e+01,5.000000000000000000e+01,0.000000000000000000e+00
8.310000000000000000e+02,5.780071488643380917e+01,-1.285838346543696775e-01,5.813408142005083334e+01,-2.047826989626505556e-01,0.000000000000000000e+00,5.985000000000000142e+01,5.989300000000000068e+01,5.000000000000000000e+01,0.000000000000000000e+00
8.320000000000000000e+02,5.762111072006470636e+01,-2.242741302111010138e-01,5.813273940943431484e+01,-2.873545591585081604e-01,0.000000000000000000e+00,5.985000000000000142e+01,5.992499999999999716e+01,5.000000000000000000e+01,0.000000000000000000e+00
8.330000000000000000e+02,5.744453899067263336e+01,-3.199644257678536108e-01,5.813082480762141557e+01,-3.663213911809253820e-01,0.000000000000000000e+00,5.985000000000000142e+01,5.995700000000000074e+01,5.000000000000000000e+01,0.000000000000000000e+00
8.340000000000000000e+02,5.764639313063534587e+01,-2.242741302111010138e-01,5.812948279700489707e+01,-2.588155361584480452e-01,0.000000000000000000e+00,5.985000000000000142e+01,5.992499999999999716e+01,5.000000000000000000e+01,0.000000000000000000e+00
8.350000000000000000e+02,5.746857540797493868e+01,-3.199644257678536108e-01,5.812756819519199780e+01,-3.390283614492041742e-01,0.000000000000000000e+00,5.985000000000000142e+01,5.995700000000000074e+01,5.000000000000000000e+01,0.000000000000000000e+00
8.360000000000000000e+02,5.748146254118081089e+01,-3.199644257678536108e-01,5.812565359337909854e+01,-3.242266264304271561e-01,0.000000000000000000e+00,5.985000000000000142e+01,5.995700000000000074e+01,5.000000000000000000e+01,0.000000000000000000e+00
8.370000000000000000e+02,5.673673380896748597e+01,-7.057159297309626433e-01,5.812143073330579313e+01,-6.789809946073421809e-01,0.000000000000000000e+00,5.985000000000000142e+01,6.008599999999999852e+01,5.000000000000000000e+01,0.000000000000000000e+00
8.380000000000000000e+02,5.694993018463200229e+01,-6.100256341742312793e-01,5.811778046442886847e+01,-5.578246456226355621e-01,0.000000000000000000e+00,5.985000000000000142e+01,6.005400000000000205e+01,5.000000000000000000e+01,0.000000000000000000e+00
8.390000000000000000e+02,5.678285872690088354e+01,-7.057159297309626433e-01,5.811355760435556306e+01,-6.249829477237163200e-01,0.000000000000000000e+00,5.985000000000000142e+01,6.008599999999999852e+01,5.000000000000000000e+01,0.000000000000000000e+00
8.400000000000000000e+02,5.699369758658034613e+01,-6.100256341742312793e-01,5.810990733547863840e+01,-5.061841147240629946e-01,0.000000000000000000e+00,5.985000000000000142e+01,6.005400000000000205e+01,5.000000000000000000e+01,0.000000000000000000e+00
8.410000000000000000e+02,5.776911658526933024e+01,-2.242741302111010138e-01,5.810856532486211989e+01,-1.151746093816884420e-01,0.000000000000000000e+00,5.985000000000000142e+01,5.992499999999999716e+01,5.000000000000000000e+01,0.000000000000000000e+00
8.420000000000000000e+02,5.796057842812487593e+01,-1.285838346543696775e-01,5.810779590544198214e+01,-1.863364266273660752e-02,0.000000000000000000e+00,5.985000000000000142e+01,5.989300000000000068e+01,5.000000000000000000e+01,0.000000000000000000e+00
8.430000000000000000e+02,5.834204134714119760e+01,6.578707819525544953e-02,5.810818956188949613e+01,1.680647070564458834e-01,0.000000000000000000e+00,5.985000000000000142e+01,5.982800000000000296e+01,5.000000000000000000e+01,0.000000000000000000e+00
8.440000000000000000e+02,5.852287283172034904e+01,1.614773737520080188e-01,5.810915580953339088e+01,2.522396484349541668e-01,0.000000000000000000e+00,5.985000000000000142e+01,5.979599999999999937e+01,5.000000000000000000e+01,0.000000000000000000e+00
8.450000000000000000e+02,5.851282647728752551e+01,1.614773737520080188e-01,5.811012205717728563e+01,2.412270463582306956e-01,0.000000000000000000e+00,5.985000000000000142e+01,5.979599999999999937e+01,5.000000000000000000e+01,0.000000000000000000e+00
8.460000000000000000e+02,5.888467973212701878e+01,3.558482866016331458e-01,5.811225138068882501e+01,4.165800648365592385e-01,0.000000000000000000e+00,5.985000000000000142e+01,5.973100000000000165e+01,5.000000000000000000e+01,0.000000000000000000e+00
8.470000000000000000e+02,5.848720266192393069e+01,1.614773737520080188e-01,5.811321762833271976e+01,2.125076598392025840e-01,0.000000000000000000e+00,5.985000000000000142e+01,5.979599999999999937e+01,5.000000000000000000e+01,0.000000000000000000e+00
8.480000000000000000e+02,5.904808519723422222e+01,4.515385821583857151e-01,5.811591954304063989e+01,4.806270720351996095e-01,0.000000000000000000e+00,5.985000000000000142e+01,5.969899999999999807e+01,5.000000000000000000e+01,0.000000000000000000e+00
8.490000000000000000e+02,5.846060905918429285e+01,1.614773737520080188e-01,5.811688579068453464e+01,1.822458947477498814e-01,0.000000000000000000e+00,5.985000000000000142e+01,5.979599999999999937e+01,5.000000000000000000e+01,0.000000000000000000e+00
8.500000000000000000e+02,5.883503738878599876e+01,3.558482866016331458e-01,5.811901511419607402e+01,3.601739879882866480e-01,0.000000000000000000e+00,5.985000000000000142e+01,5.973100000000000165e+01,5.000000000000000000e+01,0.000000000000000000e+00
8.510000000000000000e+02,5.844002296742853275e+01,1.614773737520080188e-01,5.811998136183996877e+01,1.585642318365546310e-01,0.000000000000000000e+00,5.985000000000000142e+01,5.979599999999999937e+01,5.000000000000000000e+01,0.000000000000000000e+00
8.520000000000000000e+02,5.919103604676331543e+01,5.472288777151170791e-01,5.812325586774426966e+01,5.205513013039249071e-01,0.000000000000000000e+00,5.985000000000000142e+01,5.966700000000000159e+01,5.000000000000000000e+01,0.000000000000000000e+00
8.530000000000000000e+02,5.898380824367114172e+01,4.515385821583857151e-01,5.812595778245218980e+01,4.063118790605659836e-01,0.000000000000000000e+00,5.985000000000000142e+01,5.969899999999999807e+01,5.000000000000000000e+01,0.000000000000000000e+00
8.540000000000000000e+02,5.972574050554322866e+01,8.372900861214948032e-01,5.813096795542052320e+01,7.574824640012141064e-01,0.000000000000000000e+00,5.985000000000000142e+01,5.957000000000000028e+01,5.000000000000000000e+01,0.000000000000000000e+00
8.550000000000000000e+02,5.912848531797543217e+01,5.472288777151170791e-01,5.813424246132482409e+01,4.470139789354899418e-01,0.000000000000000000e+00,5.985000000000000142e+01,5.966700000000000159e+01,5.000000000000000000e+01,0.000000000000000000e+00
8.560000000000000000e+02,5.948779433959897744e+01,7.386094688286010124e-01,5.813866214962188650e+01,6.105227211484895999e-01,0.000000000000000000e+00,5.985000000000000142e+01,5.960300000000000153e+01,5.000000000000000000e+01,0.000000000000000000e+00
8.570000000000000000e+02,5.965920243822764490e+01,8.372900861214948032e-01,5.814367232259021989e+01,6.782400295159317638e-01,0.000000000000000000e+00,5.985000000000000142e+01,5.957000000000000028e+01,5.000000000000000000e+01,0.000000000000000000e+00
8.580000000000000000e+02,5.906540691849553326e+01,5.472288777151170791e-01,5.814694682849452079e+01,3.712312122859018904e-01,0.000000000000000000e+00,5.985000000000000142e+01,5.966700000000000159e+01,5.000000000000000000e+01,0.000000000000000000e+00
8.590000000000000000e+02,5.962166795564553468e+01,8.372900861214948032e-01,5.815195700146285418e+01,6.324208680611900224e-01,0.000000000000000000e+00,5.985000000000000142e+01,5.957000000000000028e+01,5.000000000000000000e+01,0.000000000000000000e+00
8.600000000000000000e+02,5.921764828028938155e+01,6.429191732718696484e-01,5.815580409856353583e+01,4.189250084539757335e-01,0.000000000000000000e+00,5.985000000000000142e+01,5.963499999999999801e+01,5.000000000000000000e+01,0.000000000000000000e+00
8.610000000000000000e+02,5.958462421905321804e+01,8.372900861214948032e-01,5.816081427153186922e+01,5.865198613998552357e-01,0.000000000000000000e+00,5.985000000000000142e+01,5.957000000000000028e+01,5.000000000000000000e+01,0.000000000000000000e+00
8.620000000000000000e+02,5.918260854871537902e+01,6.429191732718696484e-01,5.816466136863255088e+01,3.750280068109586029e-01,0.000000000000000000e+00,5.985000000000000142e+01,5.963499999999999801e+01,5.000000000000000000e+01,0.000000000000000000e+00
8.630000000000000000e+02,5.917008219210939757e+01,6.429191732718696484e-01,5.816850846573323253e+01,3.586545531042910073e-01,0.000000000000000000e+00,5.985000000000000142e+01,5.963499999999999801e+01,5.000000000000000000e+01,0.000000000000000000e+00
8.640000000000000000e+02,5.915827068874480688e+01,6.429191732718696484e-01,5.817235556283391418e+01,3.429959526390228830e-01,0.000000000000000000e+00,5.985000000000000142e+01,5.963499999999999801e+01,5.000000000000000000e+01,0.000000000000000000e+00
8.650000000000000000e+02,5.801462237103266517e+01,6.578707819525544953e-02,5.817274921928142817e+01,-2.239139264440214161e-01,0.000000000000000000e+00,5.985000000000000142e+01,5.982800000000000296e+01,5.000000000000000000e+01,0.000000000000000000e+00
8.660000000000000000e+02,5.821256736151821087e+01,1.614773737520080188e-01,5.817371546692532291e+01,-1.226254791591185472e-01,0.000000000000000000e+00,5.985000000000000142e+01,5.979599999999999937e+01,5.000000000000000000e+01,0.000000000000000000e+00
8.670000000000000000e+02,5.764969312997482120e+01,-1.285838346543696775e-01,5.817294604750518516e+01,-3.946690828759944480e-01,0.000000000000000000e+00,5.985000000000000142e+01,5.989300000000000068e+01,5.000000000000000000e+01,0.000000000000000000e+00
8.680000000000000000e+02,5.785979807385675855e+01,-2.990321736147588672e-02,5.817276711275631840e+01,-2.830658215380776888e-01,0.000000000000000000e+00,5.985000000000000142e+01,5.985999999999999943e+01,5.000000000000000000e+01,0.000000000000000000e+00
8.690000000000000000e+02,5.767833419547923768e+01,-1.285838346543696775e-01,5.817199769333618065e+01,-3.650796632025719579e-01,0.000000000000000000e+00,5.985000000000000142e+01,5.989300000000000068e+01,5.000000000000000000e+01,0.000000000000000000e+00
8.700000000000000000e+02,5.769350389222144315e+01,-1.285838346543696775e-01,5.817122827391604289e+01,-3.491405470402255684e-01,0.000000000000000000e+00,5.985000000000000142e+01,5.989300000000000068e+01,5.000000000000000000e+01,0.000000000000000000e+00
8.710000000000000000e+02,5.770797769858781834e+01,-1.285838346543696775e-01,5.817045885449590514e+01,-3.338973212537169610e-01,0.000000000000000000e+00,5.985000000000000142e+01,5.989300000000000068e+01,5.000000000000000000e+01,0.000000000000000000e+00
8.720000000000000000e+02,5.772178599665287635e+01,-1.285838346543696775e-01,5.816968943507576739e+01,-3.193196037685163136e-01,0.000000000000000000e+00,5.985000000000000142e+01,5.989300000000000068e+01,5.000000000000000000e+01,0.000000000000000000e+00
8.730000000000000000e+02,5.792860123633784752e+01,-2.990321736147588672e-02,5.816951050032690063e+01,-2.110060466275708868e-01,0.000000000000000000e+00,5.985000000000000142e+01,5.985999999999999943e+01,5.000000000000000000e+01,0.000000000000000000e+00
8.740000000000000000e+02,5.793763467419459801e+01,-2.990321736147588672e-02,5.816933156557803386e+01,-2.017936740219564151e-01,0.000000000000000000e+00,5.985000000000000142e+01,5.985999999999999943e+01,5.000000000000000000e+01,0.000000000000000000e+00
8.750000000000000000e+02,5.870323553876103517e+01,3.558482866016331458e-01,5.817146088908957324e+01,1.759263630698296721e-01,0.000000000000000000e+00,5.985000000000000142e+01,5.973100000000000165e+01,5.000000000000000000e+01,0.000000000000000000e+00
8.760000000000000000e+02,5.774707101688820643e+01,-1.285838346543696775e-01,5.817069146966943549e+01,-2.950366181268604393e-01,0.000000000000000000e+00,5.985000000000000142e+01,5.989300000000000068e+01,5.000000000000000000e+01,0.000000000000000000e+00
8.770000000000000000e+02,5.795282607884233528e+01,-2.990321736147588672e-02,5.817051253492056873e+01,-1.877832387167577832e-01,0.000000000000000000e+00,5.985000000000000142e+01,5.985999999999999943e+01,5.000000000000000000e+01,0.000000000000000000e+00
8.780000000000000000e+02,5.776720223126105935e+01,-1.285838346543696775e-01,5.816974311550043097e+01,-2.739570495850001675e-01,0.000000000000000000e+00,5.985000000000000142e+01,5.989300000000000068e+01,5.000000000000000000e+01,0.000000000000000000e+00
8.790000000000000000e+02,5.777839358007030768e+01,-1.285838346543696775e-01,5.816897369608029322e+01,-2.619962813556121484e-01,0.000000000000000000e+00,5.985000000000000142e+01,5.989300000000000068e+01,5.000000000000000000e+01,0.000000000000000000e+00
8.800000000000000000e+02,5.778906273032013985e+01,-1.285838346543696775e-01,5.816820427666015547e+01,-2.505577116856473885e-01,0.000000000000000000e+00,5.985000000000000142e+01,5.989300000000000068e+01,5.000000000000000000e+01,0.000000000000000000e+00
8.810000000000000000e+02,5.779923248082498333e+01,-1.285838346543696775e-01,5.816743485724001772e+01,-2.396185417606623846e-01,0.000000000000000000e+00,5.985000000000000142e+01,5.989300000000000068e+01,5.000000000000000000e+01,0.000000000000000000e+00
8.820000000000000000e+02,5.743337380969819606e+01,-3.199644257678536108e-01,5.816552025542711846e+01,-4.121820199610674584e-01,0.000000000000000000e+00,5.985000000000000142e+01,5.995700000000000074e+01,5.000000000000000000e+01,0.000000000000000000e+00
8.830000000000000000e+02,5.782500560447049054e+01,-1.285838346543696775e-01,5.816475083600698071e+01,-2.111613968821193510e-01,0.000000000000000000e+00,5.985000000000000142e+01,5.989300000000000068e+01,5.000000000000000000e+01,0.000000000000000000e+00
8.840000000000000000e+02,5.708235368949419097e+01,-5.113450168813374885e-01,5.816169105180131993e+01,-5.679923454257954640e-01,0.000000000000000000e+00,5.985000000000000142e+01,6.002100000000000080e+01,5.000000000000000000e+01,0.000000000000000000e+00
8.850000000000000000e+02,5.785519369421575675e+01,-1.285838346543696775e-01,5.816092163238118218e+01,-1.771441035110508655e-01,0.000000000000000000e+00,5.985000000000000142e+01,5.989300000000000068e+01,5.000000000000000000e+01,0.000000000000000000e+00
8.860000000000000000e+02,5.824357706622649289e+01,6.578707819525544953e-02,5.816131528882869617e+01,1.647469920254138187e-02,0.000000000000000000e+00,5.985000000000000142e+01,5.982800000000000296e+01,5.000000000000000000e+01,0.000000000000000000e+00
8.870000000000000000e+02,5.937577190673621885e+01,6.429191732718696484e-01,5.816516238592937782e+01,5.676903475349731609e-01,0.000000000000000000e+00,5.985000000000000142e+01,5.963499999999999801e+01,5.000000000000000000e+01,0.000000000000000000e+00
8.880000000000000000e+02,5.973625285753018943e+01,8.372900861214948032e-01,5.817017255889771121e+01,7.287902125109881890e-01,0.000000000000000000e+00,5.985000000000000142e+01,5.957000000000000028e+01,5.000000000000000000e+01,0.000000000000000000e+00
8.890000000000000000e+02,6.008499539802537726e+01,1.028670677234978736e+00,5.817632791425880612e+01,8.799968065315910692e-01,0.000000000000000000e+00,5.985000000000000142e+01,5.950600000000000023e+01,5.000000000000000000e+01,0.000000000000000000e+00
8.900000000000000000e+02,6.118525118179237410e+01,1.605802772311571758e+00,5.818593671027306868e+01,1.393511699207736987e+00,0.000000000000000000e+00,5.985000000000000142e+01,5.931300000000000239e+01,5.000000000000000000e+01,0.000000000000000000e+00
8.910000000000000000e+02,6.038291860617723472e+01,1.223041590084603891e+00,5.819325514150180823e+01,9.666218745908234933e-01,0.000000000000000000e+00,5.985000000000000142e+01,5.944100000000000250e+01,5.000000000000000000e+01,0.000000000000000000e+00
8.920000000000000000e+02,5.996661621291502797e+01,1.028670677234978736e+00,5.819941049686290313e+01,7.385350388171466607e-01,0.000000000000000000e+00,5.985000000000000142e+01,5.950600000000000023e+01,5.000000000000000000e+01,0.000000000000000000e+00
8.930000000000000000e+02,5.975275224569624299e+01,9.329803816782473724e-01,5.820499326102761728e+01,6.147786029903776761e-01,0.000000000000000000e+00,5.985000000000000142e+01,5.953799999999999670e+01,5.000000000000000000e+01,0.000000000000000000e+00
8.940000000000000000e+02,5.954371880447791199e+01,8.372900861214948032e-01,5.821000343399595067e+01,4.964252843604679555e-01,0.000000000000000000e+00,5.985000000000000142e+01,5.957000000000000028e+01,5.000000000000000000e+01,0.000000000000000000e+00
8.950000000000000000e+02,5.952705540570045883e+01,8.372900861214948032e-01,5.821501360696428407e+01,4.747517126146846844e-01,0.000000000000000000e+00,5.985000000000000142e+01,5.957000000000000028e+01,5.000000000000000000e+01,0.000000000000000000e+00
8.960000000000000000e+02,5.951133825951533396e+01,8.372900861214948032e-01,5.822002377993261746e+01,4.540243934612220311e-01,0.000000000000000000e+00,5.985000000000000142e+01,5.957000000000000028e+01,5.000000000000000000e+01,0.000000000000000000e+00
8.970000000000000000e+02,5.949652605321324472e+01,8.372900861214948032e-01,5.822503395290095085e+01,4.342020141908055630e-01,0.000000000000000000e+00,5.985000000000000142e+01,5.957000000000000028e+01,5.000000000000000000e+01,0.000000000000000000e+00
8.980000000000000000e+02,5.910116047080133228e+01,6.429191732718696484e-01,5.822888105000163250e+01,2.293602475278321562e-01,0.000000000000000000e+00,5.985000000000000142e+01,5.963499999999999801e+01,5.000000000000000000e+01,0.000000000000000000e+00
8.990000000000000000e+02,5.853166762607180829e+01,3.558482866016331458e-01,5.823101037351317188e+01,-5.519103404299996463e-02,0.000000000000000000e+00,5.985000000000000142e+01,5.973100000000000165e+01,5.000000000000000000e+01,0.000000000000000000e+00
9.000000000000000000e+02,5.853620655053184407e+01,3.558482866016331458e-01,5.823313969702471127e+01,-5.278143309449883497e-02,0.000000000000000000e+00,5.985000000000000142e+01,5.973100000000000165e+01,5.000000000000000000e+01,0.000000000000000000e+00
9.010000000000000000e+02,5.778367064125522035e+01,-2.990321736147588672e-02,5.823296076227584450e+01,-4.193869036591446608e-01,0.000000000000000000e+00,5.985000000000000142e+01,5.985999999999999943e+01,5.000000000000000000e+01,0.000000000000000000e+00
9.020000000000000000e+02,5.798957725048390444e+01,6.578707819525544953e-02,5.823335441872335849e+01,-3.095642464347105327e-01,0.000000000000000000e+00,5.985000000000000142e+01,5.982800000000000296e+01,5.000000000000000000e+01,0.000000000000000000e+00
9.030000000000000000e+02,5.819126167248885650e+01,1.614773737520080188e-01,5.823432066636725324e+01,-2.045363676304018941e-01,0.000000000000000000e+00,5.985000000000000142e+01,5.979599999999999937e+01,5.000000000000000000e+01,0.000000000000000000e+00
9.040000000000000000e+02,5.763196361156765590e+01,-1.285838346543696775e-01,5.823355124694711549e+01,-4.730038007250858545e-01,0.000000000000000000e+00,5.985000000000000142e+01,5.989300000000000068e+01,5.000000000000000000e+01,0.000000000000000000e+00
9.050000000000000000e+02,5.765184519872195779e+01,-1.285838346543696775e-01,5.823278182752697774e+01,-4.523527941506517713e-01,0.000000000000000000e+00,5.985000000000000142e+01,5.989300000000000068e+01,5.000000000000000000e+01,0.000000000000000000e+00
9.060000000000000000e+02,5.767082517774565531e+01,-1.285838346543696775e-01,5.823201240810683998e+01,-4.326033957068153302e-01,0.000000000000000000e+00,5.985000000000000142e+01,5.989300000000000068e+01,5.000000000000000000e+01,0.000000000000000000e+00
9.070000000000000000e+02,5.693784126156042902e+01,-5.113450168813374885e-01,5.822895262390117921e+01,-7.797663454594152554e-01,0.000000000000000000e+00,5.985000000000000142e+01,6.002100000000000080e+01,5.000000000000000000e+01,0.000000000000000000e+00
9.080000000000000000e+02,5.753215175452175600e+01,-2.242741302111010138e-01,5.822761061328466070e+01,-4.711847285518064310e-01,0.000000000000000000e+00,5.985000000000000142e+01,5.992499999999999716e+01,5.000000000000000000e+01,0.000000000000000000e+00
9.090000000000000000e+02,5.755138133109370813e+01,-2.242741302111010138e-01,5.822626860266814219e+01,-4.506131413633311378e-01,0.000000000000000000e+00,5.985000000000000142e+01,5.992499999999999716e+01,5.000000000000000000e+01,0.000000000000000000e+00
9.100000000000000000e+02,5.775748817958906756e+01,-1.285838346543696775e-01,5.822549918324800444e+01,-3.394271690045672640e-01,0.000000000000000000e+00,5.985000000000000142e+01,5.989300000000000068e+01,5.000000000000000000e+01,0.000000000000000000e+00
9.110000000000000000e+02,5.777153790683944123e+01,-1.285838346543696775e-01,5.822472976382786669e+01,-3.246080223340548909e-01,0.000000000000000000e+00,5.985000000000000142e+01,5.989300000000000068e+01,5.000000000000000000e+01,0.000000000000000000e+00
9.120000000000000000e+02,5.778494064077845138e+01,-1.285838346543696775e-01,5.822396034440772894e+01,-3.104358689749093791e-01,0.000000000000000000e+00,5.985000000000000142e+01,5.989300000000000068e+01,5.000000000000000000e+01,0.000000000000000000e+00
9.130000000000000000e+02,5.799136802297612547e+01,-2.990321736147588672e-02,5.822378140965886217e+01,-2.025101693212549292e-01,0.000000000000000000e+00,5.985000000000000142e+01,5.985999999999999943e+01,5.000000000000000000e+01,0.000000000000000000e+00
9.140000000000000000e+02,5.780638714261894506e+01,-1.285838346543696775e-01,5.822301199023872442e+01,-2.880410129654105145e-01,0.000000000000000000e+00,5.985000000000000142e+01,5.989300000000000068e+01,5.000000000000000000e+01,0.000000000000000000e+00
9.150000000000000000e+02,5.781819338716458390e+01,-1.285838346543696775e-01,5.822224257081858667e+01,-2.754653489996307103e-01,0.000000000000000000e+00,5.985000000000000142e+01,5.989300000000000068e+01,5.000000000000000000e+01,0.000000000000000000e+00
9.160000000000000000e+02,5.821086939421097384e+01,6.578707819525544953e-02,5.822263622726610066e+01,-7.755391125038194056e-02,0.000000000000000000e+00,5.985000000000000142e+01,5.982800000000000296e+01,5.000000000000000000e+01,0.000000000000000000e+00
9.170000000000000000e+02,5.783323019181435853e+01,-1.285838346543696775e-01,5.822186680784596291e+01,-2.600527813772365304e-01,0.000000000000000000e+00,5.985000000000000142e+01,5.989300000000000068e+01,5.000000000000000000e+01,0.000000000000000000e+00
9.180000000000000000e+02,5.784381449024952815e+01,-1.285838346543696775e-01,5.822109738842582516e+01,-2.486990635219280543e-01,0.000000000000000000e+00,5.985000000000000142e+01,5.989300000000000068e+01,5.000000000000000000e+01,0.000000000000000000e+00
9.190000000000000000e+02,5.785390309350906790e+01,-1.285838346543696775e-01,5.822032796900568741e+01,-2.378410408422499400e-01,0.000000000000000000e+00,5.985000000000000142e+01,5.989300000000000068e+01,5.000000000000000000e+01,0.000000000000000000e+00
9.200000000000000000e+02,5.786351764328870217e+01,-1.285838346543696775e-01,5.821955854958554966e+01,-2.274570716424797190e-01,0.000000000000000000e+00,5.985000000000000142e+01,5.989300000000000068e+01,5.000000000000000000e+01,0.000000000000000000e+00
9.210000000000000000e+02,5.787267883642324051e+01,-1.285838346543696775e-01,5.821878913016541190e+01,-2.175264590878029369e-01,0.000000000000000000e+00,5.985000000000000142e+01,5.989300000000000068e+01,5.000000000000000000e+01,0.000000000000000000e+00
9.220000000000000000e+02,5.788140646613853590e+01,-1.285838346543696775e-01,5.821801971074527415e+01,-2.080294099523638529e-01,0.000000000000000000e+00,5.985000000000000142e+01,5.989300000000000068e+01,5.000000000000000000e+01,0.000000000000000000e+00
9.230000000000000000e+02,5.788971946150241621e+01,-1.285838346543696775e-01,5.821725029132513640e+01,-1.989469951683465188e-01,0.000000000000000000e+00,5.985000000000000142e+01,5.989300000000000068e+01,5.000000000000000000e+01,0.000000000000000000e+00
9.240000000000000000e+02,5.789763592515317470e+01,-1.285838346543696775e-01,5.821648087190499865e+01,-1.902611120974548597e-01,0.000000000000000000e+00,5.985000000000000142e+01,5.989300000000000068e+01,5.000000000000000000e+01,0.000000000000000000e+00
9.250000000000000000e+02,5.809881656368715852e+01,-2.990321736147588672e-02,5.821630193715613188e+01,-8.758215610749399416e-02,0.000000000000000000e+00,5.985000000000000142e+01,5.985999999999999943e+01,5.000000000000000000e+01,0.000000000000000000e+00
9.260000000000000000e+02,5.790881800873026464e+01,-1.285838346543696775e-01,5.821553251773599413e+01,-1.781306743513584590e-01,0.000000000000000000e+00,5.985000000000000142e+01,5.989300000000000068e+01,5.000000000000000000e+01,0.000000000000000000e+00
9.270000000000000000e+02,5.791582564674919809e+01,-1.285838346543696775e-01,5.821476309831585638e+01,-1.703536169122866206e-01,0.000000000000000000e+00,5.985000000000000142e+01,5.989300000000000068e+01,5.000000000000000000e+01,0.000000000000000000e+00
9.280000000000000000e+02,5.773471833135955222e+01,-2.242741302111010138e-01,5.821342108769933787e+01,-2.544286261286888284e-01,0.000000000000000000e+00,5.985000000000000142e+01,5.992499999999999716e+01,5.000000000000000000e+01,0.000000000000000000e+00
9.290000000000000000e+02,5.793225990467592368e+01,-1.285838346543696775e-01,5.821265166827920012e+01,-1.518079289489027706e-01,0.000000000000000000e+00,5.985000000000000142e+01,5.989300000000000068e+01,5.000000000000000000e+01,0.000000000000000000e+00
9.300000000000000000e+02,5.793811831051632311e+01,-1.285838346543696775e-01,5.821188224885906237e+01,-1.451801036883672846e-01,0.000000000000000000e+00,5.985000000000000142e+01,5.989300000000000068e+01,5.000000000000000000e+01,0.000000000000000000e+00
9.310000000000000000e+02,5.775591193760051567e+01,-2.242741302111010138e-01,5.821054023824254386e+01,-2.303541704309285953e-01,0.000000000000000000e+00,5.985000000000000142e+01,5.992499999999999716e+01,5.000000000000000000e+01,0.000000000000000000e+00
9.320000000000000000e+02,5.795240243745378450e+01,-1.285838346543696775e-01,5.820977081882240611e+01,-1.287845467142484379e-01,0.000000000000000000e+00,5.985000000000000142e+01,5.989300000000000068e+01,5.000000000000000000e+01,0.000000000000000000e+00
9.330000000000000000e+02,5.795725565894436215e+01,-1.285838346543696775e-01,5.820900139940226836e+01,-1.231619058035315212e-01,0.000000000000000000e+00,5.985000000000000142e+01,5.989300000000000068e+01,5.000000000000000000e+01,0.000000000000000000e+00
9.340000000000000000e+02,5.777408798730626671e+01,-2.242741302111010138e-01,5.820765938878574985e+01,-2.092972712683861813e-01,0.000000000000000000e+00,5.985000000000000142e+01,5.992499999999999716e+01,5.000000000000000000e+01,0.000000000000000000e+00
9.350000000000000000e+02,5.778188374538917316e+01,-2.242741302111010138e-01,5.820631737816923135e+01,-2.001595025689615892e-01,0.000000000000000000e+00,5.985000000000000142e+01,5.992499999999999716e+01,5.000000000000000000e+01,0.000000000000000000e+00
9.360000000000000000e+02,5.797705596770730097e+01,-1.285838346543696775e-01,5.820554795874909360e+01,-9.990815638741852578e-02,0.000000000000000000e+00,5.985000000000000142e+01,5.989300000000000068e+01,5.000000000000000000e+01,0.000000000000000000e+00
9.370000000000000000e+02,5.836206727368096381e+01,6.578707819525544953e-02,5.820594161519660759e+01,9.033858028909803883e-02,0.000000000000000000e+00,5.985000000000000142e+01,5.982800000000000296e+01,5.000000000000000000e+01,0.000000000000000000e+00
9.380000000000000000e+02,5.835851681252812284e+01,6.578707819525544953e-02,5.820633527164412158e+01,8.639446268874180490e-02,0.000000000000000000e+00,5.985000000000000142e+01,5.982800000000000296e+01,5.000000000000000000e+01,0.000000000000000000e+00
9.390000000000000000e+02,5.948765900632925252e+01,6.429191732718696484e-01,5.821018236874480323e+01,6.345574643125784231e-01,0.000000000000000000e+00,5.985000000000000142e+01,5.963499999999999801e+01,5.000000000000000000e+01,0.000000000000000000e+00
9.400000000000000000e+02,5.946380177981289705e+01,6.429191732718696484e-01,5.821402946584548488e+01,6.068531406955435248e-01,0.000000000000000000e+00,5.985000000000000142e+01,5.963499999999999801e+01,5.000000000000000000e+01,0.000000000000000000e+00
9.410000000000000000e+02,5.982257291115553954e+01,8.372900861214948032e-01,5.821903963881381827e+01,7.662431862202299104e-01,0.000000000000000000e+00,5.985000000000000142e+01,5.957000000000000028e+01,5.000000000000000000e+01,0.000000000000000000e+00
9.420000000000000000e+02,5.979412945636867960e+01,8.372900861214948032e-01,5.822404981178215166e+01,7.327895584650352401e-01,0.000000000000000000e+00,5.985000000000000142e+01,5.957000000000000028e+01,5.000000000000000000e+01,0.000000000000000000e+00
9.430000000000000000e+02,5.957350316866143203e+01,7.386094688286010124e-01,5.822846950007921407e+01,6.064241997536169437e-01,0.000000000000000000e+00,5.985000000000000142e+01,5.960300000000000153e+01,5.000000000000000000e+01,0.000000000000000000e+00
9.440000000000000000e+02,5.974509020579363749e+01,8.372900861214948032e-01,5.823347967304754746e+01,6.743204466246001116e-01,0.000000000000000000e+00,5.985000000000000142e+01,5.957000000000000028e+01,5.000000000000000000e+01,0.000000000000000000e+00
9.450000000000000000e+02,5.952701663755961192e+01,7.386094688286010124e-01,5.823789936134460987e+01,5.505078073864020372e-01,0.000000000000000000e+00,5.985000000000000142e+01,5.960300000000000153e+01,5.000000000000000000e+01,0.000000000000000000e+00
9.460000000000000000e+02,5.856265650500938591e+01,2.571676693087393550e-01,5.823943820018488537e+01,6.605063551575712788e-02,0.000000000000000000e+00,5.985000000000000142e+01,5.976400000000000290e+01,5.000000000000000000e+01,0.000000000000000000e+00
9.470000000000000000e+02,5.856131162049227612e+01,2.571676693087393550e-01,5.824097703902516088e+01,6.316691215837499929e-02,0.000000000000000000e+00,5.985000000000000142e+01,5.976400000000000290e+01,5.000000000000000000e+01,0.000000000000000000e+00
9.480000000000000000e+02,5.837231722460738581e+01,1.614773737520080188e-01,5.824194328666905562e+01,-3.110343581368003180e-02,0.000000000000000000e+00,5.985000000000000142e+01,5.979599999999999937e+01,5.000000000000000000e+01,0.000000000000000000e+00
9.490000000000000000e+02,5.913161105823123620e+01,5.472288777151170791e-01,5.824521779257335652e+01,3.391643879427642672e-01,0.000000000000000000e+00,5.985000000000000142e+01,5.966700000000000159e+01,5.000000000000000000e+01,0.000000000000000000e+00
9.500000000000000000e+02,5.968927210992512755e+01,8.372900861214948032e-01,5.825022796554168991e+01,6.017540582619445022e-01,0.000000000000000000e+00,5.985000000000000142e+01,5.957000000000000028e+01,5.000000000000000000e+01,0.000000000000000000e+00
9.510000000000000000e+02,5.985578554510982485e+01,9.329803816782473724e-01,5.825581072970640406e+01,6.669944337251734190e-01,0.000000000000000000e+00,5.985000000000000142e+01,5.953799999999999670e+01,5.000000000000000000e+01,0.000000000000000000e+00
9.520000000000000000e+02,6.077699285579409150e+01,1.414422181198087713e+00,5.826427434332790511e+01,1.098296331268105108e+00,0.000000000000000000e+00,5.985000000000000142e+01,5.937700000000000244e+01,5.000000000000000000e+01,0.000000000000000000e+00
9.530000000000000000e+02,6.073750563958520843e+01,1.414422181198087713e+00,5.827273795694940617e+01,1.050345501437718987e+00,0.000000000000000000e+00,5.985000000000000142e+01,5.937700000000000244e+01,5.000000000000000000e+01,0.000000000000000000e+00
9.540000000000000000e+02,6.126930614183100232e+01,1.704483389604465549e+00,5.828293723763493972e+01,1.281885514591599495e+00,0.000000000000000000e+00,5.985000000000000142e+01,5.928000000000000114e+01,5.000000000000000000e+01,0.000000000000000000e+00
9.550000000000000000e+02,6.027879417571296727e+01,1.223041590084603891e+00,5.829025566886367926e+01,7.654969167646810124e-01,0.000000000000000000e+00,5.985000000000000142e+01,5.944100000000000250e+01,5.000000000000000000e+01,0.000000000000000000e+00
9.560000000000000000e+02,5.987127275380866820e+01,1.028670677234978736e+00,5.829641102422477417e+01,5.461910523489160729e-01,0.000000000000000000e+00,5.985000000000000142e+01,5.950600000000000023e+01,5.000000000000000000e+01,0.000000000000000000e+00
9.570000000000000000e+02,5.947803097437774511e+01,8.372900861214948032e-01,5.830142119719310756e+01,3.393196910631444130e-01,0.000000000000000000e+00,5.985000000000000142e+01,5.957000000000000028e+01,5.000000000000000000e+01,0.000000000000000000e+00
9.580000000000000000e+02,5.946822669308537712e+01,8.372900861214948032e-01,5.830643137016144095e+01,3.245052368024425316e-01,0.000000000000000000e+00,5.985000000000000142e+01,5.957000000000000028e+01,5.000000000000000000e+01,0.000000000000000000e+00
9.590000000000000000e+02,5.888987498060965464e+01,5.472288777151170791e-01,5.830970587606574185e+01,3.294022682879044206e-02,0.000000000000000000e+00,5.985000000000000142e+01,5.966700000000000159e+01,5.000000000000000000e+01,0.000000000000000000e+00
9.600000000000000000e+02,5.907948675250480619e+01,6.429191732718696484e-01,5.831355297316642350e+01,1.230146060665098240e-01,0.000000000000000000e+00,5.985000000000000142e+01,5.963499999999999801e+01,5.000000000000000000e+01,0.000000000000000000e+00
9.610000000000000000e+02,5.945938192713055059e+01,8.372900861214948032e-01,5.831856314613475689e+01,3.035286948742987323e-01,0.000000000000000000e+00,5.985000000000000142e+01,5.957000000000000028e+01,5.000000000000000000e+01,0.000000000000000000e+00
9.620000000000000000e+02,5.793720099047671113e+01,6.578707819525544953e-02,5.831895680258227088e+01,-4.475428903008181747e-01,0.000000000000000000e+00,5.985000000000000142e+01,5.982800000000000296e+01,5.000000000000000000e+01,0.000000000000000000e+00
9.630000000000000000e+02,5.833268487373815248e+01,2.571676693087393550e-01,5.832049564142254638e+01,-2.449784369931393424e-01,0.000000000000000000e+00,5.985000000000000142e+01,5.976400000000000290e+01,5.000000000000000000e+01,0.000000000000000000e+00
9.640000000000000000e+02,5.758794966308521168e+01,-1.285838346543696775e-01,5.831972622200240863e+01,-6.031927242628242203e-01,0.000000000000000000e+00,5.985000000000000142e+01,5.989300000000000068e+01,5.000000000000000000e+01,0.000000000000000000e+00
9.650000000000000000e+02,5.742573979257415573e+01,-2.242741302111010138e-01,5.831838421138589013e+01,-6.683702886006316346e-01,0.000000000000000000e+00,5.985000000000000142e+01,5.992499999999999716e+01,5.000000000000000000e+01,0.000000000000000000e+00
9.660000000000000000e+02,5.764135376188404791e+01,-1.285838346543696775e-01,5.831761479196575237e+01,-5.476771954273330634e-01,0.000000000000000000e+00,5.985000000000000142e+01,5.989300000000000068e+01,5.000000000000000000e+01,0.000000000000000000e+00
9.670000000000000000e+02,5.766449553587525401e+01,-1.285838346543696775e-01,5.831684537254561462e+01,-5.237660020159908836e-01,0.000000000000000000e+00,5.985000000000000142e+01,5.989300000000000068e+01,5.000000000000000000e+01,0.000000000000000000e+00
9.680000000000000000e+02,5.768659336431763762e+01,-1.285838346543696775e-01,5.831607595312547687e+01,-5.008987541534650756e-01,0.000000000000000000e+00,5.985000000000000142e+01,5.989300000000000068e+01,5.000000000000000000e+01,0.000000000000000000e+00
9.690000000000000000e+02,5.770769282512487308e+01,-1.285838346543696775e-01,5.831530653370533912e+01,-4.790298739260921979e-01,0.000000000000000000e+00,5.985000000000000142e+01,5.989300000000000068e+01,5.000000000000000000e+01,0.000000000000000000e+00
9.700000000000000000e+02,5.810925631327846475e+01,6.578707819525544953e-02,5.831570019015285311e+01,-2.722309550696435654e-01,0.000000000000000000e+00,5.985000000000000142e+01,5.982800000000000296e+01,5.000000000000000000e+01,0.000000000000000000e+00
9.710000000000000000e+02,5.774011657094039407e+01,-1.285838346543696775e-01,5.831493077073271536e+01,-4.462303651379528890e-01,0.000000000000000000e+00,5.985000000000000142e+01,5.989300000000000068e+01,5.000000000000000000e+01,0.000000000000000000e+00
9.720000000000000000e+02,5.775882924910604288e+01,-1.285838346543696775e-01,5.831416135131257761e+01,-4.267482675521622748e-01,0.000000000000000000e+00,5.985000000000000142e+01,5.989300000000000068e+01,5.000000000000000000e+01,0.000000000000000000e+00
9.730000000000000000e+02,5.777669135286888746e+01,-1.285838346543696775e-01,5.831339193189243986e+01,-4.081167443691802177e-01,0.000000000000000000e+00,5.985000000000000142e+01,5.989300000000000068e+01,5.000000000000000000e+01,0.000000000000000000e+00
9.740000000000000000e+02,5.723041377971528476e+01,-4.156547213245849193e-01,5.831090473888315984e+01,-6.648362378432891573e-01,0.000000000000000000e+00,5.985000000000000142e+01,5.998899999999999721e+01,5.000000000000000000e+01,0.000000000000000000e+00
9.750000000000000000e+02,5.782027909783313646e+01,-1.285838346543696775e-01,5.831013531946302209e+01,-3.612723869755140593e-01,0.000000000000000000e+00,5.985000000000000142e+01,5.989300000000000068e+01,5.000000000000000000e+01,0.000000000000000000e+00
9.760000000000000000e+02,5.783528257162686970e+01,-1.285838346543696775e-01,5.830936590004288433e+01,-3.454994937616410744e-01,0.000000000000000000e+00,5.985000000000000142e+01,5.989300000000000068e+01,5.000000000000000000e+01,0.000000000000000000e+00
9.770000000000000000e+02,5.860656704450751420e+01,2.571676693087393550e-01,5.831090473888315984e+01,3.849463631561239607e-02,0.000000000000000000e+00,5.985000000000000142e+01,5.976400000000000290e+01,5.000000000000000000e+01,0.000000000000000000e+00
9.780000000000000000e+02,5.974481367439987878e+01,8.372900861214948032e-01,5.831591491185149323e+01,5.916086764268961851e-01,0.000000000000000000e+00,5.985000000000000142e+01,5.957000000000000028e+01,5.000000000000000000e+01,0.000000000000000000e+00
9.790000000000000000e+02,5.953035124270961376e+01,7.386094688286010124e-01,5.832033460014855564e+01,4.714071737324584399e-01,0.000000000000000000e+00,5.985000000000000142e+01,5.960300000000000153e+01,5.000000000000000000e+01,0.000000000000000000e+00
9.800000000000000000e+02,5.970783302632747080e+01,8.372900861214948032e-01,5.832534477311688903e+01,5.451981670890920784e-01,0.000000000000000000e+00,5.985000000000000142e+01,5.957000000000000028e+01,5.000000000000000000e+01,0.000000000000000000e+00
9.810000000000000000e+02,5.968904023848308782e+01,8.372900861214948032e-01,5.833035494608522242e+01,5.213952062763733686e-01,0.000000000000000000e+00,5.985000000000000142e+01,5.957000000000000028e+01,5.000000000000000000e+01,0.000000000000000000e+00
9.820000000000000000e+02,5.967128667082991456e+01,8.372900861214948032e-01,5.833536511905355582e+01,4.986314656548685442e-01,0.000000000000000000e+00,5.985000000000000142e+01,5.957000000000000028e+01,5.000000000000000000e+01,0.000000000000000000e+00
9.830000000000000000e+02,5.889755731947195017e+01,4.515385821583857151e-01,5.833806703376147595e+01,1.079517035520892176e-01,0.000000000000000000e+00,5.985000000000000142e+01,5.969899999999999807e+01,5.000000000000000000e+01,0.000000000000000000e+00
9.840000000000000000e+02,5.813857650796660437e+01,6.578707819525544953e-02,5.833846069020898994e+01,-2.656712604376398890e-01,0.000000000000000000e+00,5.985000000000000142e+01,5.982800000000000296e+01,5.000000000000000000e+01,0.000000000000000000e+00
9.850000000000000000e+02,5.776915037406727294e+01,-1.285838346543696775e-01,5.833769127078885219e+01,-4.399570620672096366e-01,0.000000000000000000e+00,5.985000000000000142e+01,5.989300000000000068e+01,5.000000000000000000e+01,0.000000000000000000e+00
9.860000000000000000e+02,5.778758916432175141e+01,-1.285838346543696775e-01,5.833692185136871444e+01,-4.207488523925916879e-01,0.000000000000000000e+00,5.985000000000000142e+01,5.989300000000000068e+01,5.000000000000000000e+01,0.000000000000000000e+00
9.870000000000000000e+02,5.780518933792311742e+01,-1.285838346543696775e-01,5.833615243194857669e+01,-4.023792593710864285e-01,0.000000000000000000e+00,5.985000000000000142e+01,5.989300000000000068e+01,5.000000000000000000e+01,0.000000000000000000e+00
9.880000000000000000e+02,5.782198750827276967e+01,-1.285838346543696775e-01,5.833538301252843894e+01,-3.848116696012997551e-01,0.000000000000000000e+00,5.985000000000000142e+01,5.989300000000000068e+01,5.000000000000000000e+01,0.000000000000000000e+00
9.890000000000000000e+02,5.765024327759667244e+01,-2.242741302111010138e-01,5.833404100191192043e+01,-4.595235941041497241e-01,0.000000000000000000e+00,5.985000000000000142e+01,5.992499999999999716e+01,5.000000000000000000e+01,0.000000000000000000e+00
9.900000000000000000e+02,5.785673915006572088e+01,-1.285838346543696775e-01,5.833327158249178268e+01,-3.479485977716889056e-01,0.000000000000000000e+00,5.985000000000000142e+01,5.989300000000000068e+01,5.000000000000000000e+01,0.000000000000000000e+00
9.910000000000000000e+02,5.768338550412163102e+01,-2.242741302111010138e-01,5.833192957187526417e+01,-4.242699375425350028e-01,0.000000000000000000e+00,5.985000000000000142e+01,5.992499999999999716e+01,5.000000000000000000e+01,0.000000000000000000e+00
9.920000000000000000e+02,5.788834222723858147e+01,-1.285838346543696775e-01,5.833116015245512642e+01,-3.142340905621739400e-01,0.000000000000000000e+00,5.985000000000000142e+01,5.989300000000000068e+01,5.000000000000000000e+01,0.000000000000000000e+00
9.930000000000000000e+02,5.790129204275939401e+01,-1.285838346543696775e-01,5.833039073303498867e+01,-3.005148556212217659e-01,0.000000000000000000e+00,5.985000000000000142e+01,5.989300000000000068e+01,5.000000000000000000e+01,0.000000000000000000e+00
9.940000000000000000e+02,5.791364288632580326e+01,-1.285838346543696775e-01,5.832962131361485092e+01,-2.873945926346757052e-01,0.000000000000000000e+00,5.985000000000000142e+01,5.989300000000000068e+01,5.000000000000000000e+01,0.000000000000000000e+00
9.950000000000000000e+02,5.773764549596300810e+01,-2.242741302111010138e-01,5.832827930299833241e+01,-3.663596768242258772e-01,0.000000000000000000e+00,5.985000000000000142e+01,5.992499999999999716e+01,5.000000000000000000e+01,0.000000000000000000e+00
9.960000000000000000e+02,5.794007389864577107e+01,-1.285838346543696775e-01,5.832750988357819466e+01,-2.588521502780510852e-01,0.000000000000000000e+00,5.985000000000000142e+01,5.989300000000000068e+01,5.000000000000000000e+01,0.000000000000000000e+00
9.970000000000000000e+02,5.738727954040675883e+01,-4.156547213245849193e-01,5.832502269056891464e+01,-5.220884288375671201e-01,0.000000000000000000e+00,5.985000000000000142e+01,5.998899999999999721e+01,5.000000000000000000e+01,0.000000000000000000e+00
9.980000000000000000e+02,5.702616754665176302e+01,-6.100256341742312793e-01,5.832137242169198998e+01,-6.851792408660010159e-01,0.000000000000000000e+00,5.985000000000000142e+01,6.005400000000000205e+01,5.000000000000000000e+01,0.000000000000000000e+00
9.990000000000000000e+02,5.762162593146414480e+01,-3.199644257678536108e-01,5.831945781987909072e+01,-3.778674626470912012e-01,0.000000000000000000e+00,5.985000000000000142e+01,5.995700000000000074e+01,5.000000000000000000e+01,0.000000000000000000e+00
1.000000000000000000e+03,5.726065792664128651e+01,-5.113450168813374885e-01,5.831639803567342994e+01,-5.443950921508102780e-01,0.000000000000000000e+00,5.985000000000000142e+01,6.002100000000000080e+01,5.000000000000000000e+01,0.000000000000000000e+00
1.001000000000000000e+03,5.765691686689392981e+01,-3.199644257678536108e-01,5.831448343386053068e+01,-3.376021411987434329e-01,0.000000000000000000e+00,5.985000000000000142e+01,5.995700000000000074e+01,5.000000000000000000e+01,0.000000000000000000e+00
1.002000000000000000e+03,5.729419090702572959e+01,-5.113450168813374885e-01,5.831142364965486991e+01,-5.058877257478063827e-01,0.000000000000000000e+00,5.985000000000000142e+01,6.002100000000000080e+01,5.000000000000000000e+01,0.000000000000000000e+00
1.003000000000000000e+03,5.750099323062844547e+01,-4.156547213245849193e-01,5.830893645664558989e+01,-3.922885046925569386e-01,0.000000000000000000e+00,5.985000000000000142e+01,5.998899999999999721e+01,5.000000000000000000e+01,0.000000000000000000e+00
1.004000000000000000e+03,5.789118389760070471e+01,-2.242741302111010138e-01,5.830759444602907138e+01,-1.921364182172658197e-01,0.000000000000000000e+00,5.985000000000000142e+01,5.992499999999999716e+01,5.000000000000000000e+01,0.000000000000000000e+00
1.005000000000000000e+03,5.752267959983054624e+01,-4.156547213245849193e-01,5.830510725301979136e+01,-3.667729318646580916e-01,0.000000000000000000e+00,5.985000000000000142e+01,5.998899999999999721e+01,5.000000000000000000e+01,0.000000000000000000e+00
1.006000000000000000e+03,5.772398086253912197e+01,-3.199644257678536108e-01,5.830319265120689209e+01,-2.592473628999154012e-01,0.000000000000000000e+00,5.985000000000000142e+01,5.995700000000000074e+01,5.000000000000000000e+01,0.000000000000000000e+00
1.007000000000000000e+03,5.810893563990989463e+01,-1.285838346543696775e-01,5.830242323178675434e+01,-6.490375722249189239e-02,0.000000000000000000e+00,5.985000000000000142e+01,5.989300000000000068e+01,5.000000000000000000e+01,0.000000000000000000e+00
1.008000000000000000e+03,5.830464326626996296e+01,-2.990321736147588672e-02,5.830224429703788758e+01,3.230218659355384159e-02,0.000000000000000000e+00,5.985000000000000142e+01,5.985999999999999943e+01,5.000000000000000000e+01,0.000000000000000000e+00
1.009000000000000000e+03,5.886638027921203076e+01,2.571676693087393550e-01,5.830378313587816308e+01,3.054294740251223828e-01,0.000000000000000000e+00,5.985000000000000142e+01,5.976400000000000290e+01,5.000000000000000000e+01,0.000000000000000000e+00
1.010000000000000000e+03,5.904822768065858440e+01,3.558482866016331458e-01,5.830591245938970246e+01,3.864669346672435779e-01,0.000000000000000000e+00,5.985000000000000142e+01,5.973100000000000165e+01,5.000000000000000000e+01,0.000000000000000000e+00
1.011000000000000000e+03,5.808287110848598900e+01,-1.285838346543696775e-01,5.830514303996956471e+01,-9.368809682920792303e-02,0.000000000000000000e+00,5.985000000000000142e+01,5.989300000000000068e+01,5.000000000000000000e+01,0.000000000000000000e+00
1.012000000000000000e+03,5.846761085112202494e+01,6.578707819525544953e-02,5.830553669641707870e+01,9.628707650969259291e-02,0.000000000000000000e+00,5.985000000000000142e+01,5.982800000000000296e+01,5.000000000000000000e+01,0.000000000000000000e+00
1.013000000000000000e+03,5.922077031518015389e+01,4.515385821583857151e-01,5.830823861112499884e+01,4.609931218967704969e-01,0.000000000000000000e+00,5.985000000000000142e+01,5.969899999999999807e+01,5.000000000000000000e+01,0.000000000000000000e+00
1.014000000000000000e+03,5.920334560093400000e+01,4.515385821583857151e-01,5.831094052583291898e+01,4.408664929426995838e-01,0.000000000000000000e+00,5.985000000000000142e+01,5.969899999999999807e+01,5.000000000000000000e+01,0.000000000000000000e+00
1.015000000000000000e+03,5.899902418820714445e+01,3.558482866016331458e-01,5.831306984934445836e+01,3.301060522610491099e-01,0.000000000000000000e+00,5.985000000000000142e+01,5.973100000000000165e+01,5.000000000000000000e+01,0.000000000000000000e+00
1.016000000000000000e+03,5.860532251135073523e+01,1.614773737520080188e-01,5.831403609698835311e+01,1.298090406103781513e-01,0.000000000000000000e+00,5.985000000000000142e+01,5.979599999999999937e+01,5.000000000000000000e+01,0.000000000000000000e+00
1.017000000000000000e+03,5.822507056409423143e+01,-2.990321736147588672e-02,5.831385716223948634e+01,-5.888338078377457208e-02,0.000000000000000000e+00,5.985000000000000142e+01,5.985999999999999943e+01,5.000000000000000000e+01,0.000000000000000000e+00
1.018000000000000000e+03,5.803381904119716239e+01,-1.285838346543696775e-01,5.831308774281934859e+01,-1.506848669678116648e-01,0.000000000000000000e+00,5.985000000000000142e+01,5.989300000000000068e+01,5.000000000000000000e+01,0.000000000000000000e+00
1.019000000000000000e+03,5.803962841495722813e+01,-1.285838346543696775e-01,5.831231832339921084e+01,-1.441060737876092845e-01,0.000000000000000000e+00,5.985000000000000142e+01,5.989300000000000068e+01,5.000000000000000000e+01,0.000000000000000000e+00
1.020000000000000000e+03,5.804515056332711964e+01,-1.285838346543696775e-01,5.831154890397907309e+01,-1.378145059975791065e-01,0.000000000000000000e+00,5.985000000000000142e+01,5.989300000000000068e+01,5.000000000000000000e+01,0.000000000000000000e+00
1.021000000000000000e+03,5.805039802636130020e+01,-1.285838346543696775e-01,5.831077948455893534e+01,-1.317976235432613275e-01,0.000000000000000000e+00,5.985000000000000142e+01,5.989300000000000068e+01,5.000000000000000000e+01,0.000000000000000000e+00
1.022000000000000000e+03,5.786760738396386472e+01,-2.242741302111010138e-01,5.830943747394241683e+01,-2.175559597674529555e-01,0.000000000000000000e+00,5.985000000000000142e+01,5.992499999999999716e+01,5.000000000000000000e+01,0.000000000000000000e+00
1.023000000000000000e+03,5.787576371046129253e+01,-2.242741302111010138e-01,5.830809546332589832e+01,-2.080576226535061357e-01,0.000000000000000000e+00,5.985000000000000142e+01,5.992499999999999716e+01,5.000000000000000000e+01,0.000000000000000000e+00
1.024000000000000000e+03,5.807128075903566611e+01,-1.285838346543696775e-01,5.830732604390576057e+01,-1.074614502157224677e-01,0.000000000000000000e+00,5.985000000000000142e+01,5.989300000000000068e+01,5.000000000000000000e+01,0.000000000000000000e+00
1.025000000000000000e+03,5.751187679144995712e+01,-4.156547213245849193e-01,5.830483885089648055e+01,-3.773073381219346767e-01,0.000000000000000000e+00,5.985000000000000142e+01,5.998899999999999721e+01,5.000000000000000000e+01,0.000000000000000000e+00
1.026000000000000000e+03,5.733808715345640650e+01,-5.113450168813374885e-01,5.830177906669081977e+01,-4.523468963530742903e-01,0.000000000000000000e+00,5.985000000000000142e+01,6.002100000000000080e+01,5.000000000000000000e+01,0.000000000000000000e+00
1.027000000000000000e+03,5.754255192286160536e+01,-4.156547213245849193e-01,5.829929187368153976e+01,-3.410852294953521380e-01,0.000000000000000000e+00,5.985000000000000142e+01,5.998899999999999721e+01,5.000000000000000000e+01,0.000000000000000000e+00
1.028000000000000000e+03,5.755495626625425842e+01,-4.156547213245849193e-01,5.829680468067225974e+01,-3.261936930934178913e-01,0.000000000000000000e+00,5.985000000000000142e+01,5.998899999999999721e+01,5.000000000000000000e+01,0.000000000000000000e+00
1.029000000000000000e+03,5.794226128117302466e+01,-2.242741302111010138e-01,5.829546267005574123e+01,-1.289272586716143920e-01,0.000000000000000000e+00,5.985000000000000142e+01,5.992499999999999716e+01,5.000000000000000000e+01,0.000000000000000000e+00
1.030000000000000000e+03,5.813432355482947855e+01,-1.285838346543696775e-01,5.829469325063560348e+01,-3.178586115175401072e-02,0.000000000000000000e+00,5.985000000000000142e+01,5.989300000000000068e+01,5.000000000000000000e+01,0.000000000000000000e+00
1.031000000000000000e+03,5.813494188330187740e+01,-1.285838346543696775e-01,5.829392383121546573e+01,-3.039811325921554924e-02,0.000000000000000000e+00,5.985000000000000142e+01,5.989300000000000068e+01,5.000000000000000000e+01,0.000000000000000000e+00
1.032000000000000000e+03,5.813549962369695834e+01,-1.285838346543696775e-01,5.829315441179532797e+01,-2.907095344400022208e-02,0.000000000000000000e+00,5.985000000000000142e+01,5.989300000000000068e+01,5.000000000000000000e+01,0.000000000000000000e+00
1.033000000000000000e+03,5.813599942124669440e+01,-1.285838346543696775e-01,5.829238499237519022e+01,-2.780173647412212748e-02,0.000000000000000000e+00,5.985000000000000142e+01,5.989300000000000068e+01,5.000000000000000000e+01,0.000000000000000000e+00
1.034000000000000000e+03,5.813644380569415659e+01,-1.285838346543696775e-01,5.829161557295505247e+01,-2.658793260652599424e-02,0.000000000000000000e+00,5.985000000000000142e+01,5.989300000000000068e+01,5.000000000000000000e+01,0.000000000000000000e+00
1.035000000000000000e+03,5.813683519633561758e+01,-1.285838346543696775e-01,5.829084615353491472e+01,-2.542712254492333554e-02,0.000000000000000000e+00,5.985000000000000142e+01,5.989300000000000068e+01,5.000000000000000000e+01,0.000000000000000000e+00
1.036000000000000000e+03,5.983889058407940098e+01,7.386094688286010124e-01,5.829526584183197713e+01,8.050152734188258385e-01,0.000000000000000000e+00,5.985000000000000142e+01,5.960300000000000153e+01,5.000000000000000000e+01,0.000000000000000000e+00
1.037000000000000000e+03,5.980816388311192355e+01,7.386094688286010124e-01,5.829968553012903953e+01,7.698688841542832284e-01,0.000000000000000000e+00,5.985000000000000142e+01,5.960300000000000153e+01,5.000000000000000000e+01,0.000000000000000000e+00
1.038000000000000000e+03,5.997261504258957387e+01,8.372900861214948032e-01,5.830469570309737293e+01,8.306292533707098080e-01,0.000000000000000000e+00,5.985000000000000142e+01,5.957000000000000028e+01,5.000000000000000000e+01,0.000000000000000000e+00
1.039000000000000000e+03,6.031691136362710637e+01,1.028670677234978736e+00,5.831085105845846783e+01,9.773896279336586890e-01,0.000000000000000000e+00,5.985000000000000142e+01,5.950600000000000023e+01,5.000000000000000000e+01,0.000000000000000000e+00
1.040000000000000000e+03,5.990484376375744802e+01,8.372900861214948032e-01,5.831586123142680123e+01,7.516924462091574277e-01,0.000000000000000000e+00,5.985000000000000142e+01,5.957000000000000028e+01,5.000000000000000000e+01,0.000000000000000000e+00
1.041000000000000000e+03,5.987703558383977764e+01,8.372900861214948032e-01,5.832087140439513462e+01,7.188740933231517749e-01,0.000000000000000000e+00,5.985000000000000142e+01,5.957000000000000028e+01,5.000000000000000000e+01,0.000000000000000000e+00
1.042000000000000000e+03,5.965701683535672117e+01,7.386094688286010124e-01,5.832529109269219703e+01,5.931162738359232467e-01,0.000000000000000000e+00,5.985000000000000142e+01,5.960300000000000153e+01,5.000000000000000000e+01,0.000000000000000000e+00
1.043000000000000000e+03,5.982918488698648218e+01,8.372900861214948032e-01,5.833030126566053042e+01,6.615935352044581830e-01,0.000000000000000000e+00,5.985000000000000142e+01,5.957000000000000028e+01,5.000000000000000000e+01,0.000000000000000000e+00
1.044000000000000000e+03,5.904834072859209471e+01,4.515385821583857151e-01,5.833300318036845056e+01,2.637989660652594881e-01,0.000000000000000000e+00,5.985000000000000142e+01,5.969899999999999807e+01,5.000000000000000000e+01,0.000000000000000000e+00
1.045000000000000000e+03,5.885174995704836931e+01,3.558482866016331458e-01,5.833513250387998994e+01,1.607691665667441150e-01,0.000000000000000000e+00,5.985000000000000142e+01,5.973100000000000165e+01,5.000000000000000000e+01,0.000000000000000000e+00
1.046000000000000000e+03,5.922241103941559714e+01,5.472288777151170791e-01,5.833840700978429084e+01,3.367751519161901186e-01,0.000000000000000000e+00,5.985000000000000142e+01,5.966700000000000159e+01,5.000000000000000000e+01,0.000000000000000000e+00
1.047000000000000000e+03,5.807846172620344305e+01,-2.990321736147588672e-02,5.833822807503542407e+01,-2.298631314705021911e-01,0.000000000000000000e+00,5.985000000000000142e+01,5.985999999999999943e+01,5.000000000000000000e+01,0.000000000000000000e+00
1.048000000000000000e+03,5.789467505654881307e+01,-1.285838346543696775e-01,5.833745865561528632e+01,-3.141997644121043431e-01,0.000000000000000000e+00,5.985000000000000142e+01,5.989300000000000068e+01,5.000000000000000000e+01,0.000000000000000000e+00
1.049000000000000000e+03,5.810126676772080145e+01,-2.990321736147588672e-02,5.833727972086641955e+01,-2.061097357841375488e-01,0.000000000000000000e+00,5.985000000000000142e+01,5.985999999999999943e+01,5.000000000000000000e+01,0.000000000000000000e+00
1.050000000000000000e+03,5.829786184881966449e+01,6.578707819525544953e-02,5.833767337731393354e+01,-1.055986066895234915e-01,0.000000000000000000e+00,5.985000000000000142e+01,5.982800000000000296e+01,5.000000000000000000e+01,0.000000000000000000e+00
1.051000000000000000e+03,5.792144705770473934e+01,-1.285838346543696775e-01,5.833690395789379579e+01,-2.868730655346845015e-01,0.000000000000000000e+00,5.985000000000000142e+01,5.989300000000000068e+01,5.000000000000000000e+01,0.000000000000000000e+00
1.052000000000000000e+03,5.774542689784293259e+01,-2.242741302111010138e-01,5.833556194727727728e+01,-3.658609192232411544e-01,0.000000000000000000e+00,5.985000000000000142e+01,5.992499999999999716e+01,5.000000000000000000e+01,0.000000000000000000e+00
1.053000000000000000e+03,5.794783352512668273e+01,-1.285838346543696775e-01,5.833479252785713953e+01,-2.583751680760825731e-01,0.000000000000000000e+00,5.985000000000000142e+01,5.989300000000000068e+01,5.000000000000000000e+01,0.000000000000000000e+00
1.054000000000000000e+03,5.833976338713561915e+01,6.578707819525544953e-02,5.833518618430465352e+01,-6.120987536429320364e-02,0.000000000000000000e+00,5.985000000000000142e+01,5.982800000000000296e+01,5.000000000000000000e+01,0.000000000000000000e+00
1.055000000000000000e+03,5.928757446777408546e+01,5.472288777151170791e-01,5.833846069020895442e+01,4.018848998500119674e-01,0.000000000000000000e+00,5.985000000000000142e+01,5.966700000000000159e+01,5.000000000000000000e+01,0.000000000000000000e+00
1.056000000000000000e+03,5.984249718691808084e+01,8.372900861214948032e-01,5.834347086317728781e+01,6.617362376192996720e-01,0.000000000000000000e+00,5.985000000000000142e+01,5.957000000000000028e+01,5.000000000000000000e+01,0.000000000000000000e+00
1.057000000000000000e+03,5.830467716595054384e+01,6.578707819525544953e-02,5.834386451962480180e+01,-1.049744318695144951e-01,0.000000000000000000e+00,5.985000000000000142e+01,5.982800000000000296e+01,5.000000000000000000e+01,0.000000000000000000e+00
1.058000000000000000e+03,5.830965393077765668e+01,6.578707819525544953e-02,5.834425817607231579e+01,-1.003913234899165285e-01,0.000000000000000000e+00,5.985000000000000142e+01,5.982800000000000296e+01,5.000000000000000000e+01,0.000000000000000000e+00
1.059000000000000000e+03,5.831443060038115078e+01,6.578707819525544953e-02,5.834465183251982978e+01,-9.600831033393693315e-02,0.000000000000000000e+00,5.985000000000000142e+01,5.982800000000000296e+01,5.000000000000000000e+01,0.000000000000000000e+00
1.060000000000000000e+03,5.813124049811433025e+01,-2.990321736147588672e-02,5.834447289777096302e+01,-1.833291822951506611e-01,0.000000000000000000e+00,5.985000000000000142e+01,5.985999999999999943e+01,5.000000000000000000e+01,0.000000000000000000e+00
1.061000000000000000e+03,5.794542218962534008e+01,-1.285838346543696775e-01,5.834370347835082526e+01,-2.696974540711161716e-01,0.000000000000000000e+00,5.985000000000000142e+01,5.989300000000000068e+01,5.000000000000000000e+01,0.000000000000000000e+00
1.062000000000000000e+03,5.758087674222935703e+01,-3.199644257678536108e-01,5.834178887653792600e+01,-4.409477085407123020e-01,0.000000000000000000e+00,5.985000000000000142e+01,5.995700000000000074e+01,5.000000000000000000e+01,0.000000000000000000e+00
1.063000000000000000e+03,5.778598901366598284e+01,-2.242741302111010138e-01,5.834044686592140749e+01,-3.301837220443221699e-01,0.000000000000000000e+00,5.985000000000000142e+01,5.992499999999999716e+01,5.000000000000000000e+01,0.000000000000000000e+00
1.064000000000000000e+03,5.761128717479694217e+01,-3.199644257678536108e-01,5.833853226410850823e+01,-4.072806635437105638e-01,0.000000000000000000e+00,5.985000000000000142e+01,5.995700000000000074e+01,5.000000000000000000e+01,0.000000000000000000e+00
1.065000000000000000e+03,5.725160332922219197e+01,-5.113450168813374885e-01,5.833547247990284745e+01,-5.725241337993218771e-01,0.000000000000000000e+00,5.985000000000000142e+01,6.002100000000000080e+01,5.000000000000000000e+01,0.000000000000000000e+00
1.066000000000000000e+03,5.670434531830282765e+01,-8.014062252877152126e-01,5.833067702863316129e+01,-8.249254850426201990e-01,0.000000000000000000e+00,5.985000000000000142e+01,6.011800000000000210e+01,5.000000000000000000e+01,0.000000000000000000e+00
1.067000000000000000e+03,5.673556552185223012e+01,-8.014062252877152126e-01,5.832588157736347512e+01,-7.889098302235280080e-01,0.000000000000000000e+00,5.985000000000000142e+01,6.011800000000000210e+01,5.000000000000000000e+01,0.000000000000000000e+00
1.068000000000000000e+03,5.619601908812484226e+01,-1.091467433694093048e+00,5.831935045902975645e+01,-1.031863937210818927e+00,0.000000000000000000e+00,5.985000000000000142e+01,6.021500000000000341e+01,5.000000000000000000e+01,0.000000000000000000e+00
1.069000000000000000e+03,5.623453840896010547e+01,-1.091467433694093048e+00,5.831281934069603778e+01,-9.868134980418383773e-01,0.000000000000000000e+00,5.985000000000000142e+01,6.021500000000000341e+01,5.000000000000000000e+01,0.000000000000000000e+00
1.070000000000000000e+03,5.627109085994351290e+01,-1.091467433694093048e+00,5.830628822236231912e+01,-9.437299287247145063e-01,0.000000000000000000e+00,5.985000000000000142e+01,6.021500000000000341e+01,5.000000000000000000e+01,0.000000000000000000e+00
1.071000000000000000e+03,5.630576231320162606e+01,-1.091467433694093048e+00,5.829975710402860045e+01,-9.025273571328819022e-01,0.000000000000000000e+00,5.985000000000000142e+01,6.021500000000000341e+01,5.000000000000000000e+01,0.000000000000000000e+00
1.072000000000000000e+03,5.633863489174557770e+01,-1.091467433694093048e+00,5.829322598569488179e+01,-8.631236602552104786e-01,0.000000000000000000e+00,5.985000000000000142e+01,6.021500000000000341e+01,5.000000000000000000e+01,0.000000000000000000e+00
1.073000000000000000e+03,5.636978713315475886e+01,-1.091467433694093048e+00,5.828669486736116312e+01,-8.254403005123156500e-01,0.000000000000000000e+00,5.985000000000000142e+01,6.021500000000000341e+01,5.000000000000000000e+01,0.000000000000000000e+00
1.074000000000000000e+03,5.639929414611417258e+01,-1.091467433694093048e+00,5.828016374902744445e+01,-7.894021692191802719e-01,0.000000000000000000e+00,5.985000000000000142e+01,6.021500000000000341e+01,5.000000000000000000e+01,0.000000000000000000e+00
1.075000000000000000e+03,5.737197280506624963e+01,-6.100256341742312793e-01,5.827651348015051980e+01,-2.945150409100430466e-01,0.000000000000000000e+00,5.985000000000000142e+01,6.005400000000000205e+01,5.000000000000000000e+01,0.000000000000000000e+00
1.076000000000000000e+03,5.681785461358844458e+01,-8.970965208444465766e-01,5.827114543768445287e+01,-5.561943032515591634e-01,0.000000000000000000e+00,5.985000000000000142e+01,6.014999999999999858e+01,5.000000000000000000e+01,0.000000000000000000e+00
1.077000000000000000e+03,5.796929007295985059e+01,-3.199644257678536108e-01,5.826923083587155361e+01,2.002366285615431174e-02,0.000000000000000000e+00,5.985000000000000142e+01,5.995700000000000074e+01,5.000000000000000000e+01,0.000000000000000000e+00
1.078000000000000000e+03,5.777872583973240950e+01,-4.156547213245849193e-01,5.826674364286227359e+01,-7.236308180527861733e-02,0.000000000000000000e+00,5.985000000000000142e+01,5.998899999999999721e+01,5.000000000000000000e+01,0.000000000000000000e+00
1.079000000000000000e+03,5.739797915998965294e+01,-6.100256341742312793e-01,5.826309337398534893e+01,-2.550885798214712619e-01,0.000000000000000000e+00,5.985000000000000142e+01,6.005400000000000205e+01,5.000000000000000000e+01,0.000000000000000000e+00
1.080000000000000000e+03,5.702991505016854745e+01,-8.014062252877152126e-01,5.825829792271566276e+01,-4.269766472594029860e-01,0.000000000000000000e+00,5.985000000000000142e+01,6.011800000000000210e+01,5.000000000000000000e+01,0.000000000000000000e+00
1.081000000000000000e+03,5.666234228600914946e+01,-9.957771381373403674e-01,5.825233939557832485e+01,-5.942199714318329162e-01,0.000000000000000000e+00,5.985000000000000142e+01,6.018299999999999983e+01,5.000000000000000000e+01,0.000000000000000000e+00
1.082000000000000000e+03,5.649455156382991561e+01,-1.091467433694093048e+00,5.824580827724460619e+01,-6.597892797205962001e-01,0.000000000000000000e+00,5.985000000000000142e+01,6.021500000000000341e+01,5.000000000000000000e+01,0.000000000000000000e+00
1.083000000000000000e+03,5.651682637207092341e+01,-1.091467433694093048e+00,5.823927715891088752e+01,-6.309833531458743927e-01,0.000000000000000000e+00,5.985000000000000142e+01,6.021500000000000341e+01,5.000000000000000000e+01,0.000000000000000000e+00
1.084000000000000000e+03,5.672561894688563910e+01,-9.957771381373403674e-01,5.823331863177354961e+01,-5.119225467505699179e-01,0.000000000000000000e+00,5.985000000000000142e+01,6.018299999999999983e+01,5.000000000000000000e+01,0.000000000000000000e+00
1.085000000000000000e+03,5.655423517819061630e+01,-1.091467433694093048e+00,5.822678751343983095e+01,-5.810849015551254881e-01,0.000000000000000000e+00,5.985000000000000142e+01,6.021500000000000341e+01,5.000000000000000000e+01,0.000000000000000000e+00
1.086000000000000000e+03,5.657307380974880573e+01,-1.091467433694093048e+00,5.822025639510611228e+01,-5.557151516632133914e-01,0.000000000000000000e+00,5.985000000000000142e+01,6.021500000000000341e+01,5.000000000000000000e+01,0.000000000000000000e+00
1.087000000000000000e+03,5.659080481622871162e+01,-1.091467433694093048e+00,5.821372527677239361e+01,-5.314530268495912813e-01,0.000000000000000000e+00,5.985000000000000142e+01,6.021500000000000341e+01,5.000000000000000000e+01,0.000000000000000000e+00
1.088000000000000000e+03,5.679525196840718593e+01,-9.957771381373403674e-01,5.820776674963505570e+01,-4.167376430905305185e-01,0.000000000000000000e+00,5.985000000000000142e+01,6.018299999999999983e+01,5.000000000000000000e+01,0.000000000000000000e+00
1.089000000000000000e+03,5.661971249511051241e+01,-1.091467433694093048e+00,5.820123563130133704e+01,-4.900557024967343023e-01,0.000000000000000000e+00,5.985000000000000142e+01,6.021500000000000341e+01,5.000000000000000000e+01,0.000000000000000000e+00
1.090000000000000000e+03,5.663457685714837453e+01,-1.091467433694093048e+00,5.819470451296761837e+01,-4.686602221251486844e-01,0.000000000000000000e+00,5.985000000000000142e+01,6.021500000000000341e+01,5.000000000000000000e+01,0.000000000000000000e+00
1.091000000000000000e+03,5.664850710786380006e+01,-1.091467433694093048e+00,5.818817339463389970e+01,-4.481988530760079859e-01,0.000000000000000000e+00,5.985000000000000142e+01,6.021500000000000341e+01,5.000000000000000000e+01,0.000000000000000000e+00
1.092000000000000000e+03,5.684931944254754654e+01,-9.957771381373403674e-01,5.818221486749656179e+01,-3.371182868116730513e-01,0.000000000000000000e+00,5.985000000000000142e+01,6.018299999999999983e+01,5.000000000000000000e+01,0.000000000000000000e+00
1.093000000000000000e+03,5.667030384528010245e+01,-1.091467433694093048e+00,5.817568374916284313e+01,-4.139124701886491842e-01,0.000000000000000000e+00,5.985000000000000142e+01,6.021500000000000341e+01,5.000000000000000000e+01,0.000000000000000000e+00
1.094000000000000000e+03,5.686961926108637755e+01,-9.957771381373403674e-01,5.816972522202550522e+01,-3.043288228017841934e-01,0.000000000000000000e+00,5.985000000000000142e+01,6.018299999999999983e+01,5.000000000000000000e+01,0.000000000000000000e+00
1.095000000000000000e+03,5.687694751200628929e+01,-9.957771381373403674e-01,5.816376669488816731e+01,-2.910420447445352110e-01,0.000000000000000000e+00,5.985000000000000142e+01,6.018299999999999983e+01,5.000000000000000000e+01,0.000000000000000000e+00
1.096000000000000000e+03,5.726511447869592075e+01,-8.014062252877152126e-01,5.815897124361848114e+01,-9.245053963484897719e-02,0.000000000000000000e+00,5.985000000000000142e+01,6.011800000000000210e+01,5.000000000000000000e+01,0.000000000000000000e+00
1.097000000000000000e+03,5.745213076431699051e+01,-7.057159297309626433e-01,5.815474838354517573e+01,3.098310502775397657e-03,0.000000000000000000e+00,5.985000000000000142e+01,6.008599999999999852e+01,5.000000000000000000e+01,0.000000000000000000e+00
1.098000000000000000e+03,5.839251767917876634e+01,-2.242741302111010138e-01,5.815340637292865722e+01,4.633854364612078336e-01,0.000000000000000000e+00,5.985000000000000142e+01,5.992499999999999716e+01,5.000000000000000000e+01,0.000000000000000000e+00
1.099000000000000000e+03,5.818316918021006501e+01,-3.199644257678536108e-01,5.815149177111575796e+01,3.516418348621669354e-01,0.000000000000000000e+00,5.985000000000000142e+01,5.995700000000000074e+01,5.000000000000000000e+01,0.000000000000000000e+00
1.100000000000000000e+03,5.854145297350017074e+01,-1.285838346543696775e-01,5.815072235169562020e+01,5.193144564589197154e-01,0.000000000000000000e+00,5.985000000000000142e+01,5.989300000000000068e+01,5.000000000000000000e+01,0.000000000000000000e+00
1.101000000000000000e+03,5.833023524484210043e+01,-2.242741302111010138e-01,5.814938034107910170e+01,4.051290339740967750e-01,0.000000000000000000e+00,5.985000000000000142e+01,5.992499999999999716e+01,5.000000000000000000e+01,0.000000000000000000e+00
1.102000000000000000e+03,5.812343017860887073e+01,-3.199644257678536108e-01,5.814746573926620243e+01,2.959288651105222434e-01,0.000000000000000000e+00,5.985000000000000142e+01,5.995700000000000074e+01,5.000000000000000000e+01,0.000000000000000000e+00
1.103000000000000000e+03,5.829637094752545323e+01,-2.242741302111010138e-01,5.814612372864968393e+01,3.745213490868670725e-01,0.000000000000000000e+00,5.985000000000000142e+01,5.992499999999999716e+01,5.000000000000000000e+01,0.000000000000000000e+00
1.104000000000000000e+03,5.827867760351498561e+01,-2.242741302111010138e-01,5.814478171803316542e+01,3.581700156929224499e-01,0.000000000000000000e+00,5.985000000000000142e+01,5.992499999999999716e+01,5.000000000000000000e+01,0.000000000000000000e+00
1.105000000000000000e+03,5.844947355964952607e+01,-1.285838346543696775e-01,5.814401229861302767e+01,4.340450956908705749e-01,0.000000000000000000e+00,5.985000000000000142e+01,5.989300000000000068e+01,5.000000000000000000e+01,0.000000000000000000e+00
1.106000000000000000e+03,5.842975404276511142e+01,-1.285838346543696775e-01,5.814324287919288992e+01,4.150949982265952354e-01,0.000000000000000000e+00,5.985000000000000142e+01,5.989300000000000068e+01,5.000000000000000000e+01,0.000000000000000000e+00
1.107000000000000000e+03,5.803531104821868070e+01,-3.199644257678536108e-01,5.814132827737999065e+01,2.139471966065436825e-01,0.000000000000000000e+00,5.985000000000000142e+01,5.995700000000000074e+01,5.000000000000000000e+01,0.000000000000000000e+00
1.108000000000000000e+03,5.839960649062348352e+01,-1.285838346543696775e-01,5.814055885795985290e+01,3.876314673180017434e-01,0.000000000000000000e+00,5.985000000000000142e+01,5.989300000000000068e+01,5.000000000000000000e+01,0.000000000000000000e+00
1.109000000000000000e+03,5.763081170881108761e+01,-5.113450168813374885e-01,5.813749907375419212e+01,4.657651938234419475e-03,0.000000000000000000e+00,5.985000000000000142e+01,6.002100000000000080e+01,5.000000000000000000e+01,0.000000000000000000e+00
1.110000000000000000e+03,5.800309940018473753e+01,-3.199644257678536108e-01,5.813558447194129286e+01,1.874793540113013079e-01,0.000000000000000000e+00,5.985000000000000142e+01,5.995700000000000074e+01,5.000000000000000000e+01,0.000000000000000000e+00
1.111000000000000000e+03,5.780522417162561055e+01,-4.156547213245849193e-01,5.813309727893201284e+01,8.778161401818131149e-02,0.000000000000000000e+00,5.985000000000000142e+01,5.998899999999999721e+01,5.000000000000000000e+01,0.000000000000000000e+00
1.112000000000000000e+03,5.779890449632881655e+01,-4.156547213245849193e-01,5.813061008592273282e+01,8.394913173067110324e-02,0.000000000000000000e+00,5.985000000000000142e+01,5.998899999999999721e+01,5.000000000000000000e+01,0.000000000000000000e+00
1.113000000000000000e+03,5.816830296978023540e+01,-2.242741302111010138e-01,5.812926807530621431e+01,2.633090246851217953e-01,0.000000000000000000e+00,5.985000000000000142e+01,5.992499999999999716e+01,5.000000000000000000e+01,0.000000000000000000e+00
1.114000000000000000e+03,5.796768966340120244e+01,-3.199644257678536108e-01,5.812735347349331505e+01,1.603006156757458278e-01,0.000000000000000000e+00,5.985000000000000142e+01,5.995700000000000074e+01,5.000000000000000000e+01,0.000000000000000000e+00
1.115000000000000000e+03,5.833432727703972631e+01,-1.285838346543696775e-01,5.812658405407317730e+01,3.363270576209224094e-01,0.000000000000000000e+00,5.985000000000000142e+01,5.989300000000000068e+01,5.000000000000000000e+01,0.000000000000000000e+00
1.116000000000000000e+03,5.813109864692727058e+01,-2.242741302111010138e-01,5.812524204345665879e+01,2.301307336817122184e-01,0.000000000000000000e+00,5.985000000000000142e+01,5.992499999999999716e+01,5.000000000000000000e+01,0.000000000000000000e+00
1.117000000000000000e+03,5.811970929358970750e+01,-2.242741302111010138e-01,5.812390003284014028e+01,2.200833909606702554e-01,0.000000000000000000e+00,5.985000000000000142e+01,5.992499999999999716e+01,5.000000000000000000e+01,0.000000000000000000e+00
1.118000000000000000e+03,5.829653401268728885e+01,-1.285838346543696775e-01,5.812313061342000253e+01,3.019872339216554402e-01,0.000000000000000000e+00,5.985000000000000142e+01,5.989300000000000068e+01,5.000000000000000000e+01,0.000000000000000000e+00
1.119000000000000000e+03,5.753147839665795971e+01,-5.113450168813374885e-01,5.812007082921434176e+01,-7.724741567504816997e-02,0.000000000000000000e+00,5.985000000000000142e+01,6.002100000000000080e+01,5.000000000000000000e+01,0.000000000000000000e+00
1.120000000000000000e+03,5.809511741717994937e+01,-2.242741302111010138e-01,5.811872881859782325e+01,2.006627287932231662e-01,0.000000000000000000e+00,5.985000000000000142e+01,5.992499999999999716e+01,5.000000000000000000e+01,0.000000000000000000e+00
1.121000000000000000e+03,5.770946379047224184e+01,-4.156547213245849193e-01,5.811624162558854323e+01,8.876886208281198343e-03,0.000000000000000000e+00,5.985000000000000142e+01,5.998899999999999721e+01,5.000000000000000000e+01,0.000000000000000000e+00
1.122000000000000000e+03,5.826991527696179674e+01,-1.285838346543696775e-01,5.811547220616840548e+01,2.830269054477607682e-01,0.000000000000000000e+00,5.985000000000000142e+01,5.989300000000000068e+01,5.000000000000000000e+01,0.000000000000000000e+00
1.123000000000000000e+03,5.693649323564272891e+01,-8.014062252877152126e-01,5.811067675489871931e+01,-3.727772939682783004e-01,0.000000000000000000e+00,5.985000000000000142e+01,6.011800000000000210e+01,5.000000000000000000e+01,0.000000000000000000e+00
1.124000000000000000e+03,5.656655416660495916e+01,-9.957771381373403674e-01,5.810471822776138140e+01,-5.423869230190819790e-01,0.000000000000000000e+00,5.985000000000000142e+01,6.018299999999999983e+01,5.000000000000000000e+01,0.000000000000000000e+00
1.125000000000000000e+03,5.677791925768747916e+01,-8.970965208444465766e-01,5.809935018529531447e+01,-4.243344067633826322e-01,0.000000000000000000e+00,5.985000000000000142e+01,6.014999999999999858e+01,5.000000000000000000e+01,0.000000000000000000e+00
1.126000000000000000e+03,5.659743395666796317e+01,-9.957771381373403674e-01,5.809339165815797656e+01,-5.001805633526689165e-01,0.000000000000000000e+00,5.985000000000000142e+01,6.018299999999999983e+01,5.000000000000000000e+01,0.000000000000000000e+00
1.127000000000000000e+03,5.642553754140229216e+01,-1.091467433694093048e+00,5.808686053982425790e+01,-5.698555647278762404e-01,0.000000000000000000e+00,5.985000000000000142e+01,6.021500000000000341e+01,5.000000000000000000e+01,0.000000000000000000e+00
1.128000000000000000e+03,5.644388590817129625e+01,-1.091467433694093048e+00,5.808032942149053923e+01,-5.449760796251488237e-01,0.000000000000000000e+00,5.985000000000000142e+01,6.021500000000000341e+01,5.000000000000000000e+01,0.000000000000000000e+00
1.129000000000000000e+03,5.627337264181037568e+01,-1.187157729250824190e+00,5.807322571196043981e+01,-6.126953408992412697e-01,0.000000000000000000e+00,5.985000000000000142e+01,6.024699999999999989e+01,5.000000000000000000e+01,0.000000000000000000e+00
1.130000000000000000e+03,5.648079418393505335e+01,-1.091467433694093048e+00,5.806669459362672114e+01,-4.944329759975764071e-01,0.000000000000000000e+00,5.985000000000000142e+01,6.021500000000000341e+01,5.000000000000000000e+01,0.000000000000000000e+00
1.131000000000000000e+03,5.649584965459341390e+01,-1.091467433694093048e+00,5.806016347529300248e+01,-4.728463870054989138e-01,0.000000000000000000e+00,5.985000000000000142e+01,6.021500000000000341e+01,5.000000000000000000e+01,0.000000000000000000e+00
1.132000000000000000e+03,5.650996267026406628e+01,-1.091467433694093048e+00,5.805363235695928381e+01,-4.522022530011226560e-01,0.000000000000000000e+00,5.985000000000000142e+01,6.021500000000000341e+01,5.000000000000000000e+01,0.000000000000000000e+00
1.133000000000000000e+03,5.652317437785560372e+01,-1.091467433694093048e+00,5.804710123862556514e+01,-4.324594270758661541e-01,0.000000000000000000e+00,5.985000000000000142e+01,6.021500000000000341e+01,5.000000000000000000e+01,0.000000000000000000e+00
1.134000000000000000e+03,5.691694293479898903e+01,-8.970965208444465766e-01,5.804173319615949822e+01,-2.276937405160597561e-01,0.000000000000000000e+00,5.985000000000000142e+01,6.014999999999999858e+01,5.000000000000000000e+01,0.000000000000000000e+00
1.135000000000000000e+03,5.710929125034140696e+01,-8.014062252877152126e-01,5.803693774488981205e+01,-1.262402692606887089e-01,0.000000000000000000e+00,5.985000000000000142e+01,6.011800000000000210e+01,5.000000000000000000e+01,0.000000000000000000e+00
1.136000000000000000e+03,5.729778277131488551e+01,-7.057159297309626433e-01,5.803271488481650664e+01,-2.921618377065936245e-02,0.000000000000000000e+00,5.985000000000000142e+01,6.008599999999999852e+01,5.000000000000000000e+01,0.000000000000000000e+00
1.137000000000000000e+03,5.710706005620269110e+01,-8.014062252877152126e-01,5.802791943354682047e+01,-1.194531520564139776e-01,0.000000000000000000e+00,5.985000000000000142e+01,6.011800000000000210e+01,5.000000000000000000e+01,0.000000000000000000e+00
1.138000000000000000e+03,5.710747984384794051e+01,-8.014062252877152126e-01,5.802312398227713430e+01,-1.142379131414784504e-01,0.000000000000000000e+00,5.985000000000000142e+01,6.011800000000000210e+01,5.000000000000000000e+01,0.000000000000000000e+00
1.139000000000000000e+03,5.786464157019203469e+01,-4.156547213245849193e-01,5.802063678926785428e+01,2.596595022487674376e-01,0.000000000000000000e+00,5.985000000000000142e+01,5.998899999999999721e+01,5.000000000000000000e+01,0.000000000000000000e+00
1.140000000000000000e+03,5.803859324227261851e+01,-3.199644257678536108e-01,5.801872218745495502e+01,3.398354805855188232e-01,0.000000000000000000e+00,5.985000000000000142e+01,5.995700000000000074e+01,5.000000000000000000e+01,0.000000000000000000e+00
1.141000000000000000e+03,5.783406625453794447e+01,-4.156547213245849193e-01,5.801623499444567500e+01,2.334859814168565029e-01,0.000000000000000000e+00,5.985000000000000142e+01,5.998899999999999721e+01,5.000000000000000000e+01,0.000000000000000000e+00
1.142000000000000000e+03,5.706441559881069026e+01,-8.014062252877152126e-01,5.801143954317598883e+01,-1.456177190775859720e-01,0.000000000000000000e+00,5.985000000000000142e+01,6.011800000000000210e+01,5.000000000000000000e+01,0.000000000000000000e+00
1.143000000000000000e+03,5.763517193230730840e+01,-5.113450168813374885e-01,5.800837975897032806e+01,1.381371902183184952e-01,0.000000000000000000e+00,5.985000000000000142e+01,6.002100000000000080e+01,5.000000000000000000e+01,0.000000000000000000e+00
1.144000000000000000e+03,5.818940741546762041e+01,-2.242741302111010138e-01,5.800703774835380955e+01,4.066437973249080740e-01,0.000000000000000000e+00,5.985000000000000142e+01,5.992499999999999716e+01,5.000000000000000000e+01,0.000000000000000000e+00
1.145000000000000000e+03,5.798253621575328509e+01,-3.199644257678536108e-01,5.800512314654091028e+01,2.973774949802318046e-01,0.000000000000000000e+00,5.985000000000000142e+01,5.995700000000000074e+01,5.000000000000000000e+01,0.000000000000000000e+00
1.146000000000000000e+03,5.834318915118969073e+01,-1.285838346543696775e-01,5.800435372712077253e+01,4.674192587232872675e-01,0.000000000000000000e+00,5.985000000000000142e+01,5.989300000000000068e+01,5.000000000000000000e+01,0.000000000000000000e+00
1.147000000000000000e+03,5.775868630431038042e+01,-4.156547213245849193e-01,5.800186653411149251e+01,1.724744915234711073e-01,0.000000000000000000e+00,5.985000000000000142e+01,5.998899999999999721e+01,5.000000000000000000e+01,0.000000000000000000e+00
1.148000000000000000e+03,5.774866899874616166e+01,-4.156547213245849193e-01,5.799937934110221249e+01,1.649443789685330619e-01,0.000000000000000000e+00,5.985000000000000142e+01,5.998899999999999721e+01,5.000000000000000000e+01,0.000000000000000000e+00
1.149000000000000000e+03,5.698201082020537456e+01,-8.014062252877152126e-01,5.799458388983252632e+01,-2.111668443394412176e-01,0.000000000000000000e+00,5.985000000000000142e+01,6.011800000000000210e+01,5.000000000000000000e+01,0.000000000000000000e+00
1.150000000000000000e+03,5.736198558717525486e+01,-6.100256341742312793e-01,5.799093362095560167e+01,-1.892239960612107641e-02,0.000000000000000000e+00,5.985000000000000142e+01,6.005400000000000205e+01,5.000000000000000000e+01,0.000000000000000000e+00
1.151000000000000000e+03,5.830390650163759858e+01,-1.285838346543696775e-01,5.799016420153546392e+01,4.423261347565047852e-01,0.000000000000000000e+00,5.985000000000000142e+01,5.989300000000000068e+01,5.000000000000000000e+01,0.000000000000000000e+00
1.152000000000000000e+03,5.828382544052896463e+01,-1.285838346543696775e-01,5.798939478211532617e+01,4.230144930680067583e-01,0.000000000000000000e+00,5.985000000000000142e+01,5.989300000000000068e+01,5.000000000000000000e+01,0.000000000000000000e+00
1.153000000000000000e+03,5.826458751184095775e+01,-1.285838346543696775e-01,5.798862536269518841e+01,4.045459838001381758e-01,0.000000000000000000e+00,5.985000000000000142e+01,5.989300000000000068e+01,5.000000000000000000e+01,0.000000000000000000e+00
1.154000000000000000e+03,5.862757471198386838e+01,6.578707819525544953e-02,5.798901901914270240e+01,5.727686146459101124e-01,0.000000000000000000e+00,5.985000000000000142e+01,5.982800000000000296e+01,5.000000000000000000e+01,0.000000000000000000e+00
1.155000000000000000e+03,5.897851252698047375e+01,2.571676693087393550e-01,5.799055785798297791e+01,7.307869996887549346e-01,0.000000000000000000e+00,5.985000000000000142e+01,5.976400000000000290e+01,5.000000000000000000e+01,0.000000000000000000e+00
1.156000000000000000e+03,6.008653416898577859e+01,8.372900861214948032e-01,5.799556803095131130e+01,1.253676051912978373e+00,0.000000000000000000e+00,5.985000000000000142e+01,5.957000000000000028e+01,5.000000000000000000e+01,0.000000000000000000e+00
1.157000000000000000e+03,5.927984011271232845e+01,4.515385821583857151e-01,5.799826994565923144e+01,8.300315848947101838e-01,0.000000000000000000e+00,5.985000000000000142e+01,5.969899999999999807e+01,5.000000000000000000e+01,0.000000000000000000e+00
1.158000000000000000e+03,6.000327307623314255e+01,8.372900861214948032e-01,5.800328011862756483e+01,1.162702871484088130e+00,0.000000000000000000e+00,5.985000000000000142e+01,5.957000000000000028e+01,5.000000000000000000e+01,0.000000000000000000e+00
1.159000000000000000e+03,5.938832625640743856e+01,5.472288777151170791e-01,5.800655462453186573e+01,8.345427541604504285e-01,0.000000000000000000e+00,5.985000000000000142e+01,5.966700000000000159e+01,5.000000000000000000e+01,0.000000000000000000e+00
1.160000000000000000e+03,5.935516522442304677e+01,5.472288777151170791e-01,5.800982913043616662e+01,7.981072162717592899e-01,0.000000000000000000e+00,5.985000000000000142e+01,5.966700000000000159e+01,5.000000000000000000e+01,0.000000000000000000e+00
1.161000000000000000e+03,5.819107448427224938e+01,-2.990321736147588672e-02,5.800965019568729986e+01,2.113275059464253536e-01,0.000000000000000000e+00,5.985000000000000142e+01,5.985999999999999943e+01,5.000000000000000000e+01,0.000000000000000000e+00
1.162000000000000000e+03,5.818166914223454000e+01,-2.990321736147588672e-02,5.800947126093843309e+01,2.021010986575865476e-01,0.000000000000000000e+00,5.985000000000000142e+01,5.985999999999999943e+01,5.000000000000000000e+01,0.000000000000000000e+00
1.163000000000000000e+03,5.797902322421315091e+01,-1.285838346543696775e-01,5.800870184151829534e+01,9.890521734922509689e-02,0.000000000000000000e+00,5.985000000000000142e+01,5.989300000000000068e+01,5.000000000000000000e+01,0.000000000000000000e+00
1.164000000000000000e+03,5.797393567396490255e+01,-1.285838346543696775e-01,5.800793242209815759e+01,9.458708652111406934e-02,0.000000000000000000e+00,5.985000000000000142e+01,5.989300000000000068e+01,5.000000000000000000e+01,0.000000000000000000e+00
1.165000000000000000e+03,5.796903665021048369e+01,-1.285838346543696775e-01,5.800716300267801984e+01,9.045748218683646868e-02,0.000000000000000000e+00,5.985000000000000142e+01,5.989300000000000068e+01,5.000000000000000000e+01,0.000000000000000000e+00
1.166000000000000000e+03,5.758876709669722516e+01,-3.199644257678536108e-01,5.800524840086512057e+01,-9.651687840003934926e-02,0.000000000000000000e+00,5.985000000000000142e+01,5.995700000000000074e+01,5.000000000000000000e+01,0.000000000000000000e+00
1.167000000000000000e+03,5.721551552722625900e+01,-5.113450168813374885e-01,5.800218861665945980e+01,-2.753280725518649774e-01,0.000000000000000000e+00,5.985000000000000142e+01,6.002100000000000080e+01,5.000000000000000000e+01,0.000000000000000000e+00
1.168000000000000000e+03,5.797557801977148983e+01,-1.285838346543696775e-01,5.800141919723932205e+01,1.027426571865362459e-01,0.000000000000000000e+00,5.985000000000000142e+01,5.989300000000000068e+01,5.000000000000000000e+01,0.000000000000000000e+00
1.169000000000000000e+03,5.759477210433196603e+01,-3.199644257678536108e-01,5.799950459542642278e+01,-8.476806532660309534e-02,0.000000000000000000e+00,5.985000000000000142e+01,5.995700000000000074e+01,5.000000000000000000e+01,0.000000000000000000e+00
1.170000000000000000e+03,5.797210924075404392e+01,-1.285838346543696775e-01,5.799873517600628503e+01,1.019578994021310692e-01,0.000000000000000000e+00,5.985000000000000142e+01,5.989300000000000068e+01,5.000000000000000000e+01,0.000000000000000000e+00
1.171000000000000000e+03,5.796688841259756941e+01,-1.285838346543696775e-01,5.799796575658614728e+01,9.750649066579269997e-02,0.000000000000000000e+00,5.985000000000000142e+01,5.989300000000000068e+01,5.000000000000000000e+01,0.000000000000000000e+00
1.172000000000000000e+03,5.758631110443155876e+01,-3.199644257678536108e-01,5.799605115477324802e+01,-8.977562457383436723e-02,0.000000000000000000e+00,5.985000000000000142e+01,5.995700000000000074e+01,5.000000000000000000e+01,0.000000000000000000e+00
1.173000000000000000e+03,5.796386686729761095e+01,-1.285838346543696775e-01,5.799528173535311026e+01,9.716896659886899157e-02,0.000000000000000000e+00,5.985000000000000142e+01,5.989300000000000068e+01,5.000000000000000000e+01,0.000000000000000000e+00
1.174000000000000000e+03,5.815249851481767962e+01,-2.990321736147588672e-02,5.799510280060424350e+01,1.872989315749124528e-01,0.000000000000000000e+00,5.985000000000000142e+01,5.985999999999999943e+01,5.000000000000000000e+01,0.000000000000000000e+00
1.175000000000000000e+03,5.833191765575788423e+01,6.578707819525544953e-02,5.799549645705175749e+01,2.706341205108701575e-01,0.000000000000000000e+00,5.985000000000000142e+01,5.982800000000000296e+01,5.000000000000000000e+01,0.000000000000000000e+00
1.176000000000000000e+03,5.813272020801469608e+01,-2.990321736147588672e-02,5.799531752230289072e+01,1.673059030732862440e-01,0.000000000000000000e+00,5.985000000000000142e+01,5.985999999999999943e+01,5.000000000000000000e+01,0.000000000000000000e+00
1.177000000000000000e+03,5.793159342326806893e+01,-1.285838346543696775e-01,5.799454810288275297e+01,6.562915503968623498e-02,0.000000000000000000e+00,5.985000000000000142e+01,5.989300000000000068e+01,5.000000000000000000e+01,0.000000000000000000e+00
1.178000000000000000e+03,5.792795868202573217e+01,-1.285838346543696775e-01,5.799377868346261522e+01,6.276383321749048894e-02,0.000000000000000000e+00,5.985000000000000142e+01,5.989300000000000068e+01,5.000000000000000000e+01,0.000000000000000000e+00
1.179000000000000000e+03,5.792444903867838235e+01,-1.285838346543696775e-01,5.799300926404247747e+01,6.002360929027429626e-02,0.000000000000000000e+00,5.985000000000000142e+01,5.989300000000000068e+01,5.000000000000000000e+01,0.000000000000000000e+00
1.180000000000000000e+03,5.792105903154166668e+01,-1.285838346543696775e-01,5.799223984462233972e+01,5.740302157369661651e-02,0.000000000000000000e+00,5.985000000000000142e+01,5.989300000000000068e+01,5.000000000000000000e+01,0.000000000000000000e+00
1.181000000000000000e+03,5.791778343738446466e+01,-1.285838346543696775e-01,5.799147042520220197e+01,5.489684683663615533e-02,0.000000000000000000e+00,5.985000000000000142e+01,5.989300000000000068e+01,5.000000000000000000e+01,0.000000000000000000e+00
1.182000000000000000e+03,5.772684184835760135e+01,-2.242741302111010138e-01,5.799012841458568346e+01,-3.901243601698129587e-02,0.000000000000000000e+00,5.985000000000000142e+01,5.992499999999999716e+01,5.000000000000000000e+01,0.000000000000000000e+00
1.183000000000000000e+03,5.716387685472555091e+01,-5.113450168813374885e-01,5.798706863038002268e+01,-3.118467587731343915e-01,0.000000000000000000e+00,5.985000000000000142e+01,6.002100000000000080e+01,5.000000000000000000e+01,0.000000000000000000e+00
1.184000000000000000e+03,5.717443207626777024e+01,-5.113450168813374885e-01,5.798400884617436191e+01,-2.982317530252568960e-01,0.000000000000000000e+00,5.985000000000000142e+01,6.002100000000000080e+01,5.000000000000000000e+01,0.000000000000000000e+00
1.185000000000000000e+03,5.774771911440921457e+01,-2.242741302111010138e-01,5.798266683555784340e+01,-1.067359093752778820e-02,0.000000000000000000e+00,5.985000000000000142e+01,5.992499999999999716e+01,5.000000000000000000e+01,0.000000000000000000e+00
1.186000000000000000e+03,5.793461851777565386e+01,-1.285838346543696775e-01,5.798189741613770565e+01,8.130493629231792807e-02,0.000000000000000000e+00,5.985000000000000142e+01,5.989300000000000068e+01,5.000000000000000000e+01,0.000000000000000000e+00
1.187000000000000000e+03,5.793029938317070560e+01,-1.285838346543696775e-01,5.798112799671756790e+01,7.775522110750809901e-02,0.000000000000000000e+00,5.985000000000000142e+01,5.989300000000000068e+01,5.000000000000000000e+01,0.000000000000000000e+00
1.188000000000000000e+03,5.792613522658391645e+01,-1.285838346543696775e-01,5.798035857729743014e+01,7.436048394085902069e-02,0.000000000000000000e+00,5.985000000000000142e+01,5.989300000000000068e+01,5.000000000000000000e+01,0.000000000000000000e+00
1.189000000000000000e+03,5.792211928178620894e+01,-1.285838346543696775e-01,5.797958915787729239e+01,7.111395856328960041e-02,0.000000000000000000e+00,5.985000000000000142e+01,5.989300000000000068e+01,5.000000000000000000e+01,0.000000000000000000e+00
1.190000000000000000e+03,5.791824507795720933e+01,-1.285838346543696775e-01,5.797881973845715464e+01,6.800917415442588043e-02,0.000000000000000000e+00,5.985000000000000142e+01,5.989300000000000068e+01,5.000000000000000000e+01,0.000000000000000000e+00
1.191000000000000000e+03,5.753895560146669652e+01,-3.199644257678536108e-01,5.797690513664425538e+01,-1.179851094097038450e-01,0.000000000000000000e+00,5.985000000000000142e+01,5.995700000000000074e+01,5.000000000000000000e+01,0.000000000000000000e+00
1.192000000000000000e+03,5.735441673221946246e+01,-4.156547213245849193e-01,5.797441794363497536e+01,-2.043464900909258142e-01,0.000000000000000000e+00,5.985000000000000142e+01,5.998899999999999721e+01,5.000000000000000000e+01,0.000000000000000000e+00
1.193000000000000000e+03,5.641610611540673403e+01,-8.970965208444465766e-01,5.796904990116890843e+01,-6.558472649177248259e-01,0.000000000000000000e+00,5.985000000000000142e+01,6.014999999999999858e+01,5.000000000000000000e+01,0.000000000000000000e+00
1.194000000000000000e+03,5.662714730663795848e+01,-8.014062252877152126e-01,5.796425444989922227e+01,-5.357009179735496840e-01,0.000000000000000000e+00,5.985000000000000142e+01,6.011800000000000210e+01,5.000000000000000000e+01,0.000000000000000000e+00
1.195000000000000000e+03,5.645796476043798862e+01,-8.970965208444465766e-01,5.795888640743315534e+01,-6.038251261507167067e-01,0.000000000000000000e+00,5.985000000000000142e+01,6.014999999999999858e+01,5.000000000000000000e+01,0.000000000000000000e+00
1.196000000000000000e+03,5.723592892204235483e+01,-5.113450168813374885e-01,5.795582662322749457e+01,-2.085526843038033040e-01,0.000000000000000000e+00,5.985000000000000142e+01,6.002100000000000080e+01,5.000000000000000000e+01,0.000000000000000000e+00
1.197000000000000000e+03,5.724197439840346391e+01,-5.113450168813374885e-01,5.795276683902183379e+01,-1.994474237370348624e-01,0.000000000000000000e+00,5.985000000000000142e+01,6.002100000000000080e+01,5.000000000000000000e+01,0.000000000000000000e+00
1.198000000000000000e+03,5.724762234562096097e+01,-5.113450168813374885e-01,5.794970705481617301e+01,-1.907396923138759137e-01,0.000000000000000000e+00,5.985000000000000142e+01,6.002100000000000080e+01,5.000000000000000000e+01,0.000000000000000000e+00
1.199000000000000000e+03,5.762844094485325996e+01,-3.199644257678536108e-01,5.794779245300327375e+01,6.129176178416850806e-04,0.000000000000000000e+00,5.985000000000000142e+01,5.995700000000000074e+01,5.000000000000000000e+01,0.000000000000000000e+00
1.200000000000000000e+03,0.000000000000000000e+00,-3.022318178724968973e+01,5.882025997526474725e+01,-2.859707818801505752e+01,0.000000000000000000e+00,4.985000000000000142e+01,5.995700000000000074e+01,5.000000000000000000e+01,0.000000000000000000e+00
1.201000000000000000e+03,1.443229390831614722e+00,-3.003180119613620391e+01,5.864055580697565517e+01,-2.716552522000783654e+01,0.000000000000000000e+00,4.985000000000000142e+01,5.989300000000000068e+01,5.000000000000000000e+01,0.000000000000000000e+00
1.202000000000000000e+03,1.886226325263610448e+00,-3.031887208280642199e+01,5.845913386509742082e+01,-2.625403545702738839e+01,0.000000000000000000e+00,4.985000000000000142e+01,5.998899999999999721e+01,5.000000000000000000e+01,0.000000000000000000e+00
1.203000000000000000e+03,3.038812147662127927e+00,-3.022318178724968973e+01,5.827828451441556723e+01,-2.501629057950374957e+01,0.000000000000000000e+00,4.985000000000000142e+01,5.995700000000000074e+01,5.000000000000000000e+01,0.000000000000000000e+00
1.204000000000000000e+03,3.762380682625853012e+00,-3.031887208280642199e+01,5.809686257253733288e+01,-2.401560980710505788e+01,0.000000000000000000e+00,4.985000000000000142e+01,5.998899999999999721e+01,5.000000000000000000e+01,0.000000000000000000e+00
1.205000000000000000e+03,4.060268814860098274e+00,-3.060893329121279649e+01,5.791370496359507314e+01,-2.324450285752217837e+01,0.000000000000000000e+00,4.985000000000000142e+01,6.008599999999999852e+01,5.000000000000000000e+01,0.000000000000000000e+00
1.206000000000000000e+03,4.322755303856297360e+00,-3.089899449961917455e+01,5.772881168758878090e+01,-2.250706188411330899e+01,0.000000000000000000e+00,4.985000000000000142e+01,6.018299999999999983e+01,5.000000000000000000e+01,0.000000000000000000e+00
1.207000000000000000e+03,5.314147595913681243e+00,-3.080031388232628231e+01,5.754450889625375964e+01,-2.143004741801379609e+01,0.000000000000000000e+00,4.985000000000000142e+01,6.014999999999999858e+01,5.000000000000000000e+01,0.000000000000000000e+00
1.208000000000000000e+03,5.684046492502996983e+00,-3.099468479517592812e+01,5.735904302905108665e+01,-2.068031174137216155e+01,0.000000000000000000e+00,4.985000000000000142e+01,6.021500000000000341e+01,5.000000000000000000e+01,0.000000000000000000e+00
1.209000000000000000e+03,6.782887005427838290e+00,-3.080031388232628231e+01,5.717474023771606539e+01,-1.959153934996194479e+01,0.000000000000000000e+00,4.985000000000000142e+01,6.014999999999999858e+01,5.000000000000000000e+01,0.000000000000000000e+00
1.210000000000000000e+03,7.453936765804122899e+00,-3.080031388232628231e+01,5.699043744638104414e+01,-1.873618679825063893e+01,0.000000000000000000e+00,4.985000000000000142e+01,6.014999999999999858e+01,5.000000000000000000e+01,0.000000000000000000e+00
1.211000000000000000e+03,9.220162905070296233e+00,-3.022318178724968973e+01,5.680958809569919055e+01,-1.736624340337920458e+01,0.000000000000000000e+00,4.985000000000000142e+01,5.995700000000000074e+01,5.000000000000000000e+01,0.000000000000000000e+00
1.212000000000000000e+03,9.985286694311831468e+00,-3.012749149169293617e+01,5.662931133621371771e+01,-1.651653315020895008e+01,0.000000000000000000e+00,4.985000000000000142e+01,5.992499999999999716e+01,5.000000000000000000e+01,0.000000000000000000e+00
1.213000000000000000e+03,1.071388533473644422e+01,-3.003180119613620391e+01,5.644960716792462563e+01,-1.570392063705197749e+01,0.000000000000000000e+00,4.985000000000000142e+01,5.989300000000000068e+01,5.000000000000000000e+01,0.000000000000000000e+00
1.214000000000000000e+03,1.141344646870238044e+01,-2.993312057884331168e+01,5.627049348430680453e+01,-1.492392643676111241e+01,0.000000000000000000e+00,4.985000000000000142e+01,5.985999999999999943e+01,5.000000000000000000e+01,0.000000000000000000e+00
1.215000000000000000e+03,1.226145153119094289e+01,-2.974173998772982586e+01,5.609252498308174495e+01,-1.408933346416097621e+01,0.000000000000000000e+00,4.985000000000000142e+01,5.979599999999999937e+01,5.000000000000000000e+01,0.000000000000000000e+00
1.216000000000000000e+03,1.308003202732815318e+01,-2.954736907488020137e+01,5.591571955772433000e+01,-1.328831845551597546e+01,0.000000000000000000e+00,4.985000000000000142e+01,5.973100000000000165e+01,5.000000000000000000e+01,0.000000000000000000e+00
1.217000000000000000e+03,1.385893587711280084e+01,-2.935598848376671910e+01,5.574005931475967657e+01,-1.252513495388015663e+01,0.000000000000000000e+00,4.985000000000000142e+01,5.966700000000000159e+01,5.000000000000000000e+01,0.000000000000000000e+00
1.218000000000000000e+03,1.347314440755946663e+01,-2.974173998772982586e+01,5.556209081353461698e+01,-1.234720641824532450e+01,0.000000000000000000e+00,4.985000000000000142e+01,5.979599999999999937e+01,5.000000000000000000e+01,0.000000000000000000e+00
1.219000000000000000e+03,1.383424607982605004e+01,-2.974173998772982586e+01,5.538412231230955740e+01,-1.180813624475368151e+01,0.000000000000000000e+00,4.985000000000000142e+01,5.979599999999999937e+01,5.000000000000000000e+01,0.000000000000000000e+00
1.220000000000000000e+03,1.360261811545625754e+01,-3.003180119613620391e+01,5.520441814402046532e+01,-1.156999883242800387e+01,0.000000000000000000e+00,4.985000000000000142e+01,5.989300000000000068e+01,5.000000000000000000e+01,0.000000000000000000e+00
1.221000000000000000e+03,1.449724601471129581e+01,-2.974173998772982586e+01,5.502644964279540574e+01,-1.078746364035428407e+01,0.000000000000000000e+00,4.985000000000000142e+01,5.979599999999999937e+01,5.000000000000000000e+01,0.000000000000000000e+00
1.222000000000000000e+03,1.479025043636112535e+01,-2.974173998772982586e+01,5.484848114157034615e+01,-1.031649071747939495e+01,0.000000000000000000e+00,4.985000000000000142e+01,5.979599999999999937e+01,5.000000000000000000e+01,0.000000000000000000e+00
1.223000000000000000e+03,1.468714169278514881e+01,-2.993312057884331168e+01,5.466936745795252506e+01,-1.004910518632406458e+01,0.000000000000000000e+00,4.985000000000000142e+01,5.985999999999999943e+01,5.000000000000000000e+01,0.000000000000000000e+00
1.224000000000000000e+03,1.551009096966983059e+01,-2.964604969217309716e+01,5.449197154792384623e+01,-9.335830886080918489e+00,0.000000000000000000e+00,4.985000000000000142e+01,5.976400000000000290e+01,5.000000000000000000e+01,0.000000000000000000e+00
1.225000000000000000e+03,1.593393413227117783e+01,-2.954736907488020137e+01,5.431516612256643128e+01,-8.833862915415052086e+00,0.000000000000000000e+00,4.985000000000000142e+01,5.973100000000000165e+01,5.000000000000000000e+01,0.000000000000000000e+00
1.226000000000000000e+03,1.670613506176620433e+01,-2.926029818820996553e+01,5.414007847079815861e+01,-8.173645220821990520e+00,0.000000000000000000e+00,4.985000000000000142e+01,5.963499999999999801e+01,5.000000000000000000e+01,0.000000000000000000e+00
1.227000000000000000e+03,1.726932170297469327e+01,-2.906592727536034104e+01,5.396615389489753767e+01,-7.630904916562502471e+00,0.000000000000000000e+00,4.985000000000000142e+01,5.957000000000000028e+01,5.000000000000000000e+01,0.000000000000000000e+00
1.228000000000000000e+03,1.761633237345959913e+01,-2.897023697980358747e+01,5.379280191019329749e+01,-7.206232556930109112e+00,0.000000000000000000e+00,4.985000000000000142e+01,5.953799999999999670e+01,5.000000000000000000e+01,0.000000000000000000e+00
1.229000000000000000e+03,1.813315015726887225e+01,-2.877885638869010521e+01,5.362059510788181882e+01,-6.708588561922843141e+00,0.000000000000000000e+00,4.985000000000000142e+01,5.947399999999999665e+01,5.000000000000000000e+01,0.000000000000000000e+00
1.230000000000000000e+03,1.939222395762636353e+01,-2.819873397187737041e+01,5.345185963969839804e+01,-5.860901710194664105e+00,0.000000000000000000e+00,4.985000000000000142e+01,5.928000000000000114e+01,5.000000000000000000e+01,0.000000000000000000e+00
1.231000000000000000e+03,1.947937125309897510e+01,-2.819873397187737041e+01,5.328312417151497726e+01,-5.605018946538632640e+00,0.000000000000000000e+00,4.985000000000000142e+01,5.928000000000000114e+01,5.000000000000000000e+01,0.000000000000000000e+00
1.232000000000000000e+03,1.974312230335875995e+01,-2.810304367632061684e+01,5.311496129452793724e+01,-5.268795314848559563e+00,0.000000000000000000e+00,4.985000000000000142e+01,5.924799999999999756e+01,5.000000000000000000e+01,0.000000000000000000e+00
1.233000000000000000e+03,1.980499124962449997e+01,-2.810304367632061684e+01,5.294679841754089722e+01,-5.038763491595782185e+00,0.000000000000000000e+00,4.985000000000000142e+01,5.924799999999999756e+01,5.000000000000000000e+01,0.000000000000000000e+00
1.234000000000000000e+03,2.004459258418814471e+01,-2.800735338076388459e+01,5.277920813175023795e+01,-4.727262166798207765e+00,0.000000000000000000e+00,4.985000000000000142e+01,5.921600000000000108e+01,5.000000000000000000e+01,0.000000000000000000e+00
1.235000000000000000e+03,2.084036080522730217e+01,-2.762160187680077783e+01,5.261392610421998484e+01,-4.151963422191903952e+00,0.000000000000000000e+00,4.985000000000000142e+01,5.908700000000000330e+01,5.000000000000000000e+01,0.000000000000000000e+00
1.236000000000000000e+03,2.104412593446852497e+01,-2.752591158124402426e+01,5.244921666788611248e+01,-3.879179152173562795e+00,0.000000000000000000e+00,4.985000000000000142e+01,5.905499999999999972e+01,5.000000000000000000e+01,0.000000000000000000e+00
1.237000000000000000e+03,2.161797289635804020e+01,-2.723585037283764620e+01,5.228624289861627261e+01,-3.432419629420586205e+00,0.000000000000000000e+00,4.985000000000000142e+01,5.895799999999999841e+01,5.000000000000000000e+01,0.000000000000000000e+00
1.238000000000000000e+03,2.179263151811708710e+01,-2.714016007728091395e+01,5.212384172054281350e+01,-3.191050125144813787e+00,0.000000000000000000e+00,4.985000000000000142e+01,5.892600000000000193e+01,5.000000000000000000e+01,0.000000000000000000e+00
1.239000000000000000e+03,2.176954929903020641e+01,-2.714016007728091395e+01,5.196144054246935440e+01,-3.051731166158234920e+00,0.000000000000000000e+00,4.985000000000000142e+01,5.892600000000000193e+01,5.000000000000000000e+01,0.000000000000000000e+00
1.240000000000000000e+03,2.174038451415090378e+01,-2.714016007728091395e+01,5.179903936439589529e+01,-2.918494772964076223e+00,0.000000000000000000e+00,4.985000000000000142e+01,5.892600000000000193e+01,5.000000000000000000e+01,0.000000000000000000e+00
1.241000000000000000e+03,2.208682153090451905e+01,-2.694578916443126815e+01,5.163780126219008082e+01,-2.605190566854293177e+00,0.000000000000000000e+00,4.985000000000000142e+01,5.886099999999999710e+01,5.000000000000000000e+01,0.000000000000000000e+00
1.242000000000000000e+03,2.203932417970596802e+01,-2.694578916443126815e+01,5.147656315998426635e+01,-2.491449815847028848e+00,0.000000000000000000e+00,4.985000000000000142e+01,5.886099999999999710e+01,5.000000000000000000e+01,0.000000000000000000e+00
1.243000000000000000e+03,2.217463640158441152e+01,-2.685009886887453590e+01,5.131589764897483263e+01,-2.291162378515884779e+00,0.000000000000000000e+00,4.985000000000000142e+01,5.882900000000000063e+01,5.000000000000000000e+01,0.000000000000000000e+00
1.244000000000000000e+03,2.324652185379393288e+01,-2.627296677379794332e+01,5.115868557861856658e+01,-1.639196951026690829e+00,0.000000000000000000e+00,4.985000000000000142e+01,5.863600000000000279e+01,5.000000000000000000e+01,0.000000000000000000e+00
1.245000000000000000e+03,2.334865135890830246e+01,-2.617727647824119330e+01,5.100204609945868128e+01,-1.476118262309185525e+00,0.000000000000000000e+00,4.985000000000000142e+01,5.860399999999999920e+01,5.000000000000000000e+01,0.000000000000000000e+00
1.246000000000000000e+03,2.325645814401280731e+01,-2.617727647824119330e+01,5.084540662029879599e+01,-1.411671998044796705e+00,0.000000000000000000e+00,4.985000000000000142e+01,5.860399999999999920e+01,5.000000000000000000e+01,0.000000000000000000e+00
1.247000000000000000e+03,2.486903391034007527e+01,-2.530709285302208045e+01,5.069397414233100108e+01,-5.178473789688466944e-01,0.000000000000000000e+00,4.985000000000000142e+01,5.831300000000000239e+01,5.000000000000000000e+01,0.000000000000000000e+00
1.248000000000000000e+03,2.435879147043213777e+01,-2.550146376587170494e+01,5.054137858849555442e+01,-6.811233521917099409e-01,0.000000000000000000e+00,4.985000000000000142e+01,5.837800000000000011e+01,5.000000000000000000e+01,0.000000000000000000e+00
1.249000000000000000e+03,2.480512749309646381e+01,-2.521140255746532688e+01,5.039051870172414027e+01,-3.739886511623481957e-01,0.000000000000000000e+00,4.985000000000000142e+01,5.828099999999999881e+01,5.000000000000000000e+01,0.000000000000000000e+00
1.250000000000000000e+03,2.448282026984917437e+01,-2.530709285302208045e+01,5.023908622375634536e+01,-4.491731008850907148e-01,0.000000000000000000e+00,4.985000000000000142e+01,5.831300000000000239e+01,5.000000000000000000e+01,0.000000000000000000e+00
1.251000000000000000e+03,2.453877377985920205e+01,-2.521140255746532688e+01,5.008822633698493121e+01,-3.380499996604031110e-01,0.000000000000000000e+00,4.985000000000000142e+01,5.828099999999999881e+01,5.000000000000000000e+01,0.000000000000000000e+00
1.252000000000000000e+03,2.440267291353280754e+01,-2.521140255746532688e+01,4.993736645021351706e+01,-3.232909792153815798e-01,0.000000000000000000e+00,4.985000000000000142e+01,5.828099999999999881e+01,5.000000000000000000e+01,0.000000000000000000e+00
1.253000000000000000e+03,2.464147850428413022e+01,-2.502002196635184461e+01,4.978765174583486441e+01,-1.261512751988880521e-01,0.000000000000000000e+00,4.985000000000000142e+01,5.821699999999999875e+01,5.000000000000000000e+01,0.000000000000000000e+00
1.254000000000000000e+03,2.468504688673171188e+01,-2.492433167079511236e+01,4.963850963265259253e+01,-2.913107512576681990e-02,0.000000000000000000e+00,4.985000000000000142e+01,5.818500000000000227e+01,5.000000000000000000e+01,0.000000000000000000e+00
1.255000000000000000e+03,2.510637083501628553e+01,-2.463427046238873430e+01,4.949110318653434604e+01,2.495381108706732631e-01,0.000000000000000000e+00,4.985000000000000142e+01,5.808800000000000097e+01,5.000000000000000000e+01,0.000000000000000000e+00
1.256000000000000000e+03,2.570503936630117536e+01,-2.424851895842562399e+01,4.934600499867651280e+01,6.075533260502863353e-01,0.000000000000000000e+00,4.985000000000000142e+01,5.795900000000000318e+01,5.000000000000000000e+01,0.000000000000000000e+00
1.257000000000000000e+03,2.553341583612822774e+01,-2.424851895842562399e+01,4.920090681081867956e+01,5.810279837351705057e-01,0.000000000000000000e+00,4.985000000000000142e+01,5.795900000000000318e+01,5.000000000000000000e+01,0.000000000000000000e+00
1.258000000000000000e+03,2.555072579603029226e+01,-2.415282866286887398e+01,4.905638121415722708e+01,6.471732447419373813e-01,0.000000000000000000e+00,4.985000000000000142e+01,5.792699999999999960e+01,5.000000000000000000e+01,0.000000000000000000e+00
1.259000000000000000e+03,2.707965975706644102e+01,-2.328563535938590334e+01,4.891704472521297475e+01,1.448250391239370494e+00,0.000000000000000000e+00,4.985000000000000142e+01,5.763700000000000045e+01,5.000000000000000000e+01,0.000000000000000000e+00
1.260000000000000000e+03,2.744628791474186968e+01,-2.299557415097952529e+01,4.877944390333274782e+01,1.662418162388647591e+00,0.000000000000000000e+00,4.985000000000000142e+01,5.753999999999999915e+01,5.000000000000000000e+01,0.000000000000000000e+00
1.261000000000000000e+03,2.856227096053959968e+01,-2.231976143861003692e+01,4.864588700677695954e+01,2.236145392372677065e+00,0.000000000000000000e+00,4.985000000000000142e+01,5.731400000000000006e+01,5.000000000000000000e+01,0.000000000000000000e+00
1.262000000000000000e+03,2.908218721115864369e+01,-2.193700025638306883e+01,4.851462047500669428e+01,2.504566992535019132e+00,0.000000000000000000e+00,4.985000000000000142e+01,5.718599999999999994e+01,5.000000000000000000e+01,0.000000000000000000e+00
1.263000000000000000e+03,2.922299188840852224e+01,-2.174262934353344434e+01,4.838451701910408076e+01,2.581104212837886713e+00,0.000000000000000000e+00,4.985000000000000142e+01,5.712100000000000222e+01,5.000000000000000000e+01,0.000000000000000000e+00
1.264000000000000000e+03,2.973716890672190871e+01,-2.135687783957031627e+01,4.825672182146187339e+01,2.837324924830351591e+00,0.000000000000000000e+00,4.985000000000000142e+01,5.699199999999999733e+01,5.000000000000000000e+01,0.000000000000000000e+00
1.265000000000000000e+03,2.891630391892476837e+01,-2.164693904797669077e+01,4.812719095675564063e+01,2.436052010145819846e+00,0.000000000000000000e+00,4.985000000000000142e+01,5.708899999999999864e+01,5.000000000000000000e+01,0.000000000000000000e+00
1.266000000000000000e+03,2.924961099087308725e+01,-2.135687783957031627e+01,4.799939575911343326e+01,2.607093071329969813e+00,0.000000000000000000e+00,4.985000000000000142e+01,5.699199999999999733e+01,5.000000000000000000e+01,0.000000000000000000e+00
1.267000000000000000e+03,2.900799198024319381e+01,-2.135687783957031627e+01,4.787160056147122589e+01,2.493269258342284189e+00,0.000000000000000000e+00,4.985000000000000142e+01,5.699199999999999733e+01,5.000000000000000000e+01,0.000000000000000000e+00
1.268000000000000000e+03,2.877134243562336735e+01,-2.135687783957031627e+01,4.774380536382901852e+01,2.384414911364665546e+00,0.000000000000000000e+00,4.985000000000000142e+01,5.699199999999999733e+01,5.000000000000000000e+01,0.000000000000000000e+00
1.269000000000000000e+03,2.872722080635363184e+01,-2.126118754401358402e+01,4.761658275738319190e+01,2.371825592984024844e+00,0.000000000000000000e+00,4.985000000000000142e+01,5.696000000000000085e+01,5.000000000000000000e+01,0.000000000000000000e+00
1.270000000000000000e+03,2.906564021585523250e+01,-2.097112633560720596e+01,4.749109581800139779e+01,2.545670733461041557e+00,0.000000000000000000e+00,4.985000000000000142e+01,5.686299999999999955e+01,5.000000000000000000e+01,0.000000000000000000e+00
1.271000000000000000e+03,2.977375616363722699e+01,-2.048968453608734208e+01,4.736848972807639058e+01,2.894950971648178051e+00,0.000000000000000000e+00,4.985000000000000142e+01,5.670199999999999818e+01,5.000000000000000000e+01,0.000000000000000000e+00
1.272000000000000000e+03,2.914333978435865546e+01,-2.068405544893699144e+01,4.724472056228373162e+01,2.582674671011916612e+00,0.000000000000000000e+00,4.985000000000000142e+01,5.676700000000000301e+01,5.000000000000000000e+01,0.000000000000000000e+00
1.273000000000000000e+03,2.947600711504425419e+01,-2.039399424053061338e+01,4.712268706355510517e+01,2.747314292019760629e+00,0.000000000000000000e+00,4.985000000000000142e+01,5.667000000000000171e+01,5.000000000000000000e+01,0.000000000000000000e+00
1.274000000000000000e+03,2.961544665240378649e+01,-2.019962332768096758e+01,4.700181664069412335e+01,2.813253339390632046e+00,0.000000000000000000e+00,4.985000000000000142e+01,5.660499999999999687e+01,5.000000000000000000e+01,0.000000000000000000e+00
1.275000000000000000e+03,2.899033280019816061e+01,-2.039399424053061338e+01,4.687978314196549690e+01,2.504543898763275322e+00,0.000000000000000000e+00,4.985000000000000142e+01,5.667000000000000171e+01,5.000000000000000000e+01,0.000000000000000000e+00
1.276000000000000000e+03,3.046066738901709314e+01,-1.952680093704764275e+01,4.676293875095407060e+01,3.224529575110664847e+00,0.000000000000000000e+00,4.985000000000000142e+01,5.638000000000000256e+01,5.000000000000000000e+01,0.000000000000000000e+00
1.277000000000000000e+03,3.020304235025402306e+01,-1.952680093704764275e+01,4.664609435994264430e+01,3.083748927359020175e+00,0.000000000000000000e+00,4.985000000000000142e+01,5.638000000000000256e+01,5.000000000000000000e+01,0.000000000000000000e+00
1.278000000000000000e+03,2.995156369356613979e+01,-1.952680093704764275e+01,4.652924996893121801e+01,2.949114661682563199e+00,0.000000000000000000e+00,4.985000000000000142e+01,5.638000000000000256e+01,5.000000000000000000e+01,0.000000000000000000e+00
1.279000000000000000e+03,2.989373848498250652e+01,-1.943111064149088918e+01,4.641297816911617247e+01,2.911870957357221901e+00,0.000000000000000000e+00,4.985000000000000142e+01,5.634799999999999898e+01,5.000000000000000000e+01,0.000000000000000000e+00
1.280000000000000000e+03,2.965033648834429059e+01,-1.943111064149088918e+01,4.629670636930112693e+01,2.784740760534051951e+00,0.000000000000000000e+00,4.985000000000000142e+01,5.634799999999999898e+01,5.000000000000000000e+01,0.000000000000000000e+00
1.281000000000000000e+03,2.960612829919374533e+01,-1.933243002419799694e+01,4.618102505415734527e+01,2.757533269234397011e+00,0.000000000000000000e+00,4.985000000000000142e+01,5.631499999999999773e+01,5.000000000000000000e+01,0.000000000000000000e+00
1.282000000000000000e+03,2.955783047261843066e+01,-1.923673972864126469e+01,4.606591633020994436e+01,2.728653871049750101e+00,0.000000000000000000e+00,4.985000000000000142e+01,5.628300000000000125e+01,5.000000000000000000e+01,0.000000000000000000e+00
1.283000000000000000e+03,2.951136609104422703e+01,-1.914104943308451112e+01,4.595138019745892421e+01,2.701035326669813053e+00,0.000000000000000000e+00,4.985000000000000142e+01,5.625099999999999767e+01,5.000000000000000000e+01,0.000000000000000000e+00
1.284000000000000000e+03,3.022364973878662653e+01,-1.865960763356467211e+01,4.583972491416469808e+01,3.043532458186601897e+00,0.000000000000000000e+00,4.985000000000000142e+01,5.609000000000000341e+01,5.000000000000000000e+01,0.000000000000000000e+00
1.285000000000000000e+03,2.960356518668475445e+01,-1.885098822467815438e+01,4.572692444847771043e+01,2.727628962885199293e+00,0.000000000000000000e+00,4.985000000000000142e+01,5.615400000000000347e+01,5.000000000000000000e+01,0.000000000000000000e+00
1.286000000000000000e+03,2.955945381012609019e+01,-1.875529792912140081e+01,4.561469657398710353e+01,2.700055165260387469e+00,0.000000000000000000e+00,4.985000000000000142e+01,5.612199999999999989e+01,5.000000000000000000e+01,0.000000000000000000e+00
1.287000000000000000e+03,2.989853768395161993e+01,-1.846523672071502631e+01,4.550420436656052203e+01,2.859570038106124645e+00,0.000000000000000000e+00,4.985000000000000142e+01,5.602499999999999858e+01,5.000000000000000000e+01,0.000000000000000000e+00
1.288000000000000000e+03,2.966319870031212247e+01,-1.846523672071502631e+01,4.539371215913394053e+01,2.734723261893206914e+00,0.000000000000000000e+00,4.985000000000000142e+01,5.602499999999999858e+01,5.000000000000000000e+01,0.000000000000000000e+00
1.289000000000000000e+03,2.943331043734847441e+01,-1.846523672071502631e+01,4.528321995170735903e+01,2.615327206356143463e+00,0.000000000000000000e+00,4.985000000000000142e+01,5.602499999999999858e+01,5.000000000000000000e+01,0.000000000000000000e+00
1.290000000000000000e+03,3.015337996545540022e+01,-1.798379492119516243e+01,4.517560859373757154e+01,2.961566292912989784e+00,0.000000000000000000e+00,4.985000000000000142e+01,5.586399999999999721e+01,5.000000000000000000e+01,0.000000000000000000e+00
1.291000000000000000e+03,3.029201957328811901e+01,-1.779241433008168016e+01,4.506914241816054556e+01,3.015291485209254496e+00,0.000000000000000000e+00,4.985000000000000142e+01,5.579999999999999716e+01,5.000000000000000000e+01,0.000000000000000000e+00
1.292000000000000000e+03,2.986613252218222669e+01,-1.788810462563843018e+01,4.496210365138713883e+01,2.792133496433516271e+00,0.000000000000000000e+00,4.985000000000000142e+01,5.583200000000000074e+01,5.000000000000000000e+01,0.000000000000000000e+00
1.293000000000000000e+03,3.039416084250980887e+01,-1.750235312167532342e+01,4.485737314287413824e+01,3.039140821310992724e+00,0.000000000000000000e+00,4.985000000000000142e+01,5.570300000000000296e+01,5.000000000000000000e+01,0.000000000000000000e+00
1.294000000000000000e+03,2.977532481925866037e+01,-1.769672403452494791e+01,4.475147955849349302e+01,2.720569295290116596e+00,0.000000000000000000e+00,4.985000000000000142e+01,5.576800000000000068e+01,5.000000000000000000e+01,0.000000000000000000e+00
1.295000000000000000e+03,3.068904157062277704e+01,-1.711660161771219180e+01,4.464905730824090568e+01,3.156585880094064933e+00,0.000000000000000000e+00,4.985000000000000142e+01,5.557399999999999807e+01,5.000000000000000000e+01,0.000000000000000000e+00
1.296000000000000000e+03,3.120577467788358561e+01,-1.673085011374908504e+01,4.454894331624872450e+01,3.387681475383946594e+00,0.000000000000000000e+00,4.985000000000000142e+01,5.544500000000000028e+01,5.000000000000000000e+01,0.000000000000000000e+00
1.297000000000000000e+03,3.095775694323014093e+01,-1.673085011374908504e+01,4.444882932425654332e+01,3.239777732722683545e+00,0.000000000000000000e+00,4.985000000000000142e+01,5.544500000000000028e+01,5.000000000000000000e+01,0.000000000000000000e+00
1.298000000000000000e+03,3.109174740518626479e+01,-1.653946952263559922e+01,4.434986051465712364e+01,3.281356413164739916e+00,0.000000000000000000e+00,4.985000000000000142e+01,5.538100000000000023e+01,5.000000000000000000e+01,0.000000000000000000e+00
1.299000000000000000e+03,3.198203738646650152e+01,-1.596233742755900664e+01,4.425434514571087874e+01,3.690029668314628530e+00,0.000000000000000000e+00,4.985000000000000142e+01,5.518800000000000239e+01,5.000000000000000000e+01,0.000000000000000000e+00
1.300000000000000000e+03,3.229461218930835287e+01,-1.567227621915262858e+01,4.416056544382865923e+01,3.806322964632321337e+00,0.000000000000000000e+00,4.985000000000000142e+01,5.509100000000000108e+01,5.000000000000000000e+01,0.000000000000000000e+00
1.301000000000000000e+03,3.279162078999434016e+01,-1.528652471518952005e+01,4.406909400020685297e+01,4.009051504977010794e+00,0.000000000000000000e+00,4.985000000000000142e+01,5.496200000000000330e+01,5.000000000000000000e+01,0.000000000000000000e+00
1.302000000000000000e+03,3.309431125366000259e+01,-1.499646350678314199e+01,4.397935822364907210e+01,4.111416536794072485e+00,0.000000000000000000e+00,4.985000000000000142e+01,5.486500000000000199e+01,5.000000000000000000e+01,0.000000000000000000e+00
1.303000000000000000e+03,3.358204361320485276e+01,-1.461071200282001215e+01,4.389193070535170449e+01,4.300824910673161305e+00,0.000000000000000000e+00,4.985000000000000142e+01,5.473599999999999710e+01,5.000000000000000000e+01,0.000000000000000000e+00
1.304000000000000000e+03,3.368239599033416454e+01,-1.441933141170652810e+01,4.380564836944709839e+01,4.296079032593593361e+00,0.000000000000000000e+00,4.985000000000000142e+01,5.467199999999999704e+01,5.000000000000000000e+01,0.000000000000000000e+00
1.305000000000000000e+03,3.340854992616695540e+01,-1.441933141170652810e+01,4.371936603354249229e+01,4.108515304330989437e+00,0.000000000000000000e+00,4.985000000000000142e+01,5.467199999999999704e+01,5.000000000000000000e+01,0.000000000000000000e+00
1.306000000000000000e+03,3.389986239209272867e+01,-1.403357990774341957e+01,4.363539195589829234e+01,4.298050343937853235e+00,0.000000000000000000e+00,4.985000000000000142e+01,5.454299999999999926e+01,5.000000000000000000e+01,0.000000000000000000e+00
1.307000000000000000e+03,3.344046310748635165e+01,-1.412927020330017136e+01,4.355084528705771163e+01,4.018888023728815817e+00,0.000000000000000000e+00,4.985000000000000142e+01,5.457500000000000284e+01,5.000000000000000000e+01,0.000000000000000000e+00
1.308000000000000000e+03,3.336823008361508158e+01,-1.403357990774341957e+01,4.346687120941351168e+01,3.934938781944988584e+00,0.000000000000000000e+00,4.985000000000000142e+01,5.454299999999999926e+01,5.000000000000000000e+01,0.000000000000000000e+00
1.309000000000000000e+03,3.197993894433563966e+01,-1.461071200282001215e+01,4.337944369111614407e+01,3.211207256039508184e+00,0.000000000000000000e+00,4.985000000000000142e+01,5.473599999999999710e+01,5.000000000000000000e+01,0.000000000000000000e+00
1.310000000000000000e+03,3.194008783383952021e+01,-1.451502170726327989e+01,4.329258876401515721e+01,3.162520777087644674e+00,0.000000000000000000e+00,4.985000000000000142e+01,5.470400000000000063e+01,5.000000000000000000e+01,0.000000000000000000e+00
1.311000000000000000e+03,3.171515951861923099e+01,-1.451502170726327989e+01,4.320573383691417035e+01,3.024447388968339201e+00,0.000000000000000000e+00,4.985000000000000142e+01,5.470400000000000063e+01,5.000000000000000000e+01,0.000000000000000000e+00
1.312000000000000000e+03,3.149625938846094897e+01,-1.451502170726327989e+01,4.311887890981318350e+01,2.892402185911046697e+00,0.000000000000000000e+00,4.985000000000000142e+01,5.470400000000000063e+01,5.000000000000000000e+01,0.000000000000000000e+00
1.313000000000000000e+03,3.185231847675738237e+01,-1.422496049885690361e+01,4.303375964977622203e+01,3.043519325838062173e+00,0.000000000000000000e+00,4.985000000000000142e+01,5.460699999999999932e+01,5.000000000000000000e+01,0.000000000000000000e+00
1.314000000000000000e+03,3.163432134658290451e+01,-1.422496049885690361e+01,4.294864038973926057e+01,2.910641455700547109e+00,0.000000000000000000e+00,4.985000000000000142e+01,5.460699999999999932e+01,5.000000000000000000e+01,0.000000000000000000e+00
1.315000000000000000e+03,3.160990098154356076e+01,-1.412927020330017136e+01,4.286409372089867986e+01,2.875077463945055367e+00,0.000000000000000000e+00,4.985000000000000142e+01,5.457500000000000284e+01,5.000000000000000000e+01,0.000000000000000000e+00
1.316000000000000000e+03,3.045508544845537102e+01,-1.461071200282001215e+01,4.277666620260131225e+01,2.289131248674072250e+00,0.000000000000000000e+00,4.985000000000000142e+01,5.473599999999999710e+01,5.000000000000000000e+01,0.000000000000000000e+00
1.317000000000000000e+03,3.121246114716860376e+01,-1.412927020330017136e+01,4.269211953376073154e+01,2.649611816708044909e+00,0.000000000000000000e+00,4.985000000000000142e+01,5.457500000000000284e+01,5.000000000000000000e+01,0.000000000000000000e+00
1.318000000000000000e+03,3.044304010779554659e+01,-1.441933141170652810e+01,4.260583719785612544e+01,2.256534321645952357e+00,0.000000000000000000e+00,4.985000000000000142e+01,5.467199999999999704e+01,5.000000000000000000e+01,0.000000000000000000e+00
1.319000000000000000e+03,3.082743332202711173e+01,-1.412927020330017136e+01,4.252129052901554473e+01,2.435412996311738798e+00,0.000000000000000000e+00,4.985000000000000142e+01,5.457500000000000284e+01,5.000000000000000000e+01,0.000000000000000000e+00
1.320000000000000000e+03,3.139352790138723748e+01,-1.374351869933704151e+01,4.243905211843537018e+01,2.697994482288908813e+00,0.000000000000000000e+00,4.985000000000000142e+01,5.444599999999999795e+01,5.000000000000000000e+01,0.000000000000000000e+00
1.321000000000000000e+03,3.119349698743578969e+01,-1.374351869933704151e+01,4.235681370785519562e+01,2.580201978917634698e+00,0.000000000000000000e+00,4.985000000000000142e+01,5.444599999999999795e+01,5.000000000000000000e+01,0.000000000000000000e+00
1.322000000000000000e+03,3.061719000270225877e+01,-1.393788961218668732e+01,4.227341222140737642e+01,2.281667393481570549e+00,0.000000000000000000e+00,4.985000000000000142e+01,5.451100000000000279e+01,5.000000000000000000e+01,0.000000000000000000e+00
1.323000000000000000e+03,3.081559136184590031e+01,-1.374351869933704151e+01,4.219117381082720186e+01,2.367936250355739958e+00,0.000000000000000000e+00,4.985000000000000142e+01,5.444599999999999795e+01,5.000000000000000000e+01,0.000000000000000000e+00
1.324000000000000000e+03,2.987300092120623773e+01,-1.412927020330017136e+01,4.210662714198662115e+01,1.895643982519788384e+00,0.000000000000000000e+00,4.985000000000000142e+01,5.457500000000000284e+01,5.000000000000000000e+01,0.000000000000000000e+00
1.325000000000000000e+03,3.065043684110196409e+01,-1.364782840378030926e+01,4.202496132260282735e+01,2.273303922279445555e+00,0.000000000000000000e+00,4.985000000000000142e+01,5.441400000000000148e+01,5.000000000000000000e+01,0.000000000000000000e+00
1.326000000000000000e+03,3.046952020349490198e+01,-1.364782840378030926e+01,4.194329550321903355e+01,2.174053104056179020e+00,0.000000000000000000e+00,4.985000000000000142e+01,5.441400000000000148e+01,5.000000000000000000e+01,0.000000000000000000e+00
1.327000000000000000e+03,3.066848761072337837e+01,-1.345644781266682521e+01,4.186277486622800126e+01,2.262160557162199215e+00,0.000000000000000000e+00,4.985000000000000142e+01,5.435000000000000142e+01,5.000000000000000000e+01,0.000000000000000000e+00
1.328000000000000000e+03,3.124617229912319516e+01,-1.307069630870369537e+01,4.178456248749738222e+01,2.532306120329508747e+00,0.000000000000000000e+00,4.985000000000000142e+01,5.422099999999999653e+01,5.000000000000000000e+01,0.000000000000000000e+00
1.329000000000000000e+03,3.143882005899514809e+01,-1.287632539585407088e+01,4.170751318463440782e+01,2.607632270214812920e+00,0.000000000000000000e+00,4.985000000000000142e+01,5.415599999999999881e+01,5.000000000000000000e+01,0.000000000000000000e+00
1.330000000000000000e+03,3.124792340210803587e+01,-1.287632539585407088e+01,4.163046388177143342e+01,2.493784916190672885e+00,0.000000000000000000e+00,4.985000000000000142e+01,5.415599999999999881e+01,5.000000000000000000e+01,0.000000000000000000e+00
1.331000000000000000e+03,3.124977265167633789e+01,-1.278063510029733862e+01,4.155398717010483978e+01,2.476420581868837623e+00,0.000000000000000000e+00,4.985000000000000142e+01,5.412400000000000233e+01,5.000000000000000000e+01,0.000000000000000000e+00
1.332000000000000000e+03,3.125295260681919274e+01,-1.268494480474058683e+01,4.147808304963462689e+01,2.459814361925155346e+00,0.000000000000000000e+00,4.985000000000000142e+01,5.409199999999999875e+01,5.000000000000000000e+01,0.000000000000000000e+00
1.333000000000000000e+03,3.106965475614610739e+01,-1.268494480474058683e+01,4.140217892916441400e+01,2.352420631722281552e+00,0.000000000000000000e+00,4.985000000000000142e+01,5.409199999999999875e+01,5.000000000000000000e+01,0.000000000000000000e+00
1.334000000000000000e+03,3.089104563868208331e+01,-1.268494480474058683e+01,4.132627480869420111e+01,2.249715634728470359e+00,0.000000000000000000e+00,4.985000000000000142e+01,5.409199999999999875e+01,5.000000000000000000e+01,0.000000000000000000e+00
1.335000000000000000e+03,3.109833935466608779e+01,-1.249057389189096057e+01,4.125153376409163997e+01,2.337379482465406610e+00,0.000000000000000000e+00,4.985000000000000142e+01,5.402700000000000102e+01,5.000000000000000000e+01,0.000000000000000000e+00
1.336000000000000000e+03,3.129710082417593853e+01,-1.229919330077747830e+01,4.117793790188184033e+01,2.418356223071575606e+00,0.000000000000000000e+00,4.985000000000000142e+01,5.396300000000000097e+01,5.000000000000000000e+01,0.000000000000000000e+00
1.337000000000000000e+03,3.093014585170012154e+01,-1.239488359633420878e+01,4.110376944847565994e+01,2.221259999558673481e+00,0.000000000000000000e+00,4.985000000000000142e+01,5.399499999999999744e+01,5.000000000000000000e+01,0.000000000000000000e+00
1.338000000000000000e+03,3.057122336773617377e+01,-1.249057389189096057e+01,4.102902840387309880e+01,2.032768855754035986e+00,0.000000000000000000e+00,4.985000000000000142e+01,5.402700000000000102e+01,5.000000000000000000e+01,0.000000000000000000e+00
1.339000000000000000e+03,3.040773309333856389e+01,-1.249057389189096057e+01,4.095428735927053765e+01,1.944019625958988584e+00,0.000000000000000000e+00,4.985000000000000142e+01,5.402700000000000102e+01,5.000000000000000000e+01,0.000000000000000000e+00
1.340000000000000000e+03,3.024811754663905106e+01,-1.249057389189096057e+01,4.087954631466797650e+01,1.859145123862035787e+00,0.000000000000000000e+00,4.985000000000000142e+01,5.402700000000000102e+01,5.000000000000000000e+01,0.000000000000000000e+00
1.341000000000000000e+03,3.084917719209438758e+01,-1.210482238792785203e+01,4.080711352832582151e+01,2.146886051696420328e+00,0.000000000000000000e+00,4.985000000000000142e+01,5.389800000000000324e+01,5.000000000000000000e+01,0.000000000000000000e+00
1.342000000000000000e+03,3.087078831371843890e+01,-1.200913209237110024e+01,4.073525333318004726e+01,2.144667072909493211e+00,0.000000000000000000e+00,4.985000000000000142e+01,5.386599999999999966e+01,5.000000000000000000e+01,0.000000000000000000e+00
1.343000000000000000e+03,3.126861973088184143e+01,-1.172206120570088395e+01,4.066511091162341529e+01,2.325570024959308757e+00,0.000000000000000000e+00,4.985000000000000142e+01,5.377000000000000313e+01,5.000000000000000000e+01,0.000000000000000000e+00
1.344000000000000000e+03,3.090916917789761698e+01,-1.181775150125761620e+01,4.059439589887040256e+01,2.132524780284834165e+00,0.000000000000000000e+00,4.985000000000000142e+01,5.380199999999999960e+01,5.000000000000000000e+01,0.000000000000000000e+00
1.345000000000000000e+03,3.093312507591684835e+01,-1.172206120570088395e+01,4.052425347731377059e+01,2.130932804303959927e+00,0.000000000000000000e+00,4.985000000000000142e+01,5.377000000000000313e+01,5.000000000000000000e+01,0.000000000000000000e+00
1.346000000000000000e+03,3.076994765700099776e+01,-1.172206120570088395e+01,4.045411105575713862e+01,2.037897806944742207e+00,0.000000000000000000e+00,4.985000000000000142e+01,5.377000000000000313e+01,5.000000000000000000e+01,0.000000000000000000e+00
1.347000000000000000e+03,3.061083207932019334e+01,-1.172206120570088395e+01,4.038396863420050664e+01,1.948924650820568427e+00,0.000000000000000000e+00,4.985000000000000142e+01,5.377000000000000313e+01,5.000000000000000000e+01,0.000000000000000000e+00
1.348000000000000000e+03,3.064924440010661399e+01,-1.162338058840798993e+01,4.031441669731514565e+01,1.958208291199457607e+00,0.000000000000000000e+00,4.985000000000000142e+01,5.373700000000000188e+01,5.000000000000000000e+01,0.000000000000000000e+00
1.349000000000000000e+03,3.030055509987355578e+01,-1.172206120570088395e+01,4.024427427575851368e+01,1.778342029815924263e+00,0.000000000000000000e+00,4.985000000000000142e+01,5.377000000000000313e+01,5.000000000000000000e+01,0.000000000000000000e+00
1.350000000000000000e+03,3.015277154119915792e+01,-1.172206120570088395e+01,4.017413185420188171e+01,1.700700892698157718e+00,0.000000000000000000e+00,4.985000000000000142e+01,5.377000000000000313e+01,5.000000000000000000e+01,0.000000000000000000e+00
1.351000000000000000e+03,2.963282691354504550e+01,-1.191344179681436799e+01,4.010284425025248822e+01,1.443424460106927043e+00,0.000000000000000000e+00,4.985000000000000142e+01,5.383400000000000318e+01,5.000000000000000000e+01,0.000000000000000000e+00
1.352000000000000000e+03,2.912296960795742962e+01,-1.210482238792785203e+01,4.003041146391033323e+01,1.197380531974949980e+00,0.000000000000000000e+00,4.985000000000000142e+01,5.389800000000000324e+01,5.000000000000000000e+01,0.000000000000000000e+00
1.353000000000000000e+03,2.899826004667179902e+01,-1.210482238792785203e+01,3.995797867756817823e+01,1.145103757031473934e+00,0.000000000000000000e+00,4.985000000000000142e+01,5.389800000000000324e+01,5.000000000000000000e+01,0.000000000000000000e+00
1.354000000000000000e+03,2.943915908985512075e+01,-1.181775150125761620e+01,3.988726366481516550e+01,1.369646926297571676e+00,0.000000000000000000e+00,4.985000000000000142e+01,5.380199999999999960e+01,5.000000000000000000e+01,0.000000000000000000e+00
1.355000000000000000e+03,2.893309544965696034e+01,-1.200913209237110024e+01,3.981540346966939126e+01,1.126824072358670881e+00,0.000000000000000000e+00,4.985000000000000142e+01,5.386599999999999966e+01,5.000000000000000000e+01,0.000000000000000000e+00
1.356000000000000000e+03,2.881203892397253696e+01,-1.200913209237110024e+01,3.974354327452361701e+01,1.077627741820019969e+00,0.000000000000000000e+00,4.985000000000000142e+01,5.386599999999999966e+01,5.000000000000000000e+01,0.000000000000000000e+00
1.357000000000000000e+03,2.925645651276443004e+01,-1.172206120570088395e+01,3.967340085296698504e+01,1.305116865498328727e+00,0.000000000000000000e+00,4.985000000000000142e+01,5.377000000000000313e+01,5.000000000000000000e+01,0.000000000000000000e+00
1.358000000000000000e+03,2.912933362524009340e+01,-1.172206120570088395e+01,3.960325843141035307e+01,1.248136399530623830e+00,0.000000000000000000e+00,4.985000000000000142e+01,5.377000000000000313e+01,5.000000000000000000e+01,0.000000000000000000e+00
1.359000000000000000e+03,3.014308690323318274e+01,-1.114193878888812961e+01,3.953658734398177899e+01,1.748438348139535137e+00,0.000000000000000000e+00,4.985000000000000142e+01,5.357600000000000051e+01,5.000000000000000000e+01,0.000000000000000000e+00
1.360000000000000000e+03,3.075704988426196351e+01,-1.075618728492501930e+01,3.947222451481361816e+01,2.041012654373364210e+00,0.000000000000000000e+00,4.985000000000000142e+01,5.344700000000000273e+01,5.000000000000000000e+01,0.000000000000000000e+00
1.361000000000000000e+03,3.022215909999884431e+01,-1.095055819777464556e+01,3.940669860977780559e+01,1.766018687995686065e+00,0.000000000000000000e+00,4.985000000000000142e+01,5.351200000000000045e+01,5.000000000000000000e+01,0.000000000000000000e+00
1.362000000000000000e+03,2.970397926078631201e+01,-1.114193878888812961e+01,3.934002752234923150e+01,1.505890527325211448e+00,0.000000000000000000e+00,4.985000000000000142e+01,5.357600000000000051e+01,5.000000000000000000e+01,0.000000000000000000e+00
1.363000000000000000e+03,2.881459244107534090e+01,-1.152769029285123814e+01,3.927104817666025127e+01,1.071234557266331100e+00,0.000000000000000000e+00,4.985000000000000142e+01,5.370499999999999829e+01,5.000000000000000000e+01,0.000000000000000000e+00
1.364000000000000000e+03,2.831742495622604139e+01,-1.172206120570088395e+01,3.920090575510361930e+01,8.385804068233028152e-01,0.000000000000000000e+00,4.985000000000000142e+01,5.377000000000000313e+01,5.000000000000000000e+01,0.000000000000000000e+00
1.365000000000000000e+03,2.821067071576234397e+01,-1.172206120570088395e+01,3.913076333354698733e+01,8.019685879162392617e-01,0.000000000000000000e+00,4.985000000000000142e+01,5.377000000000000313e+01,5.000000000000000000e+01,0.000000000000000000e+00
1.366000000000000000e+03,2.810551492104431404e+01,-1.172206120570088395e+01,3.906062091199035535e+01,7.669552147548394094e-01,0.000000000000000000e+00,4.985000000000000142e+01,5.377000000000000313e+01,5.000000000000000000e+01,0.000000000000000000e+00
1.367000000000000000e+03,2.800188778507752119e+01,-1.172206120570088395e+01,3.899047849043372338e+01,7.334705003446816418e-01,0.000000000000000000e+00,4.985000000000000142e+01,5.377000000000000313e+01,5.000000000000000000e+01,0.000000000000000000e+00
1.368000000000000000e+03,2.789972256771766013e+01,-1.172206120570088395e+01,3.892033606887709141e+01,7.014477045414508893e-01,0.000000000000000000e+00,4.985000000000000142e+01,5.377000000000000313e+01,5.000000000000000000e+01,0.000000000000000000e+00
1.369000000000000000e+03,2.818037424961411475e+01,-1.152769029285123814e+01,3.885135672318811118e+01,8.567078192772442646e-01,0.000000000000000000e+00,4.985000000000000142e+01,5.370499999999999829e+01,5.000000000000000000e+01,0.000000000000000000e+00
1.370000000000000000e+03,2.769257284822928611e+01,-1.172206120570088395e+01,3.878121430163147920e+01,6.334197522986897422e-01,0.000000000000000000e+00,4.985000000000000142e+01,5.377000000000000313e+01,5.000000000000000000e+01,0.000000000000000000e+00
1.371000000000000000e+03,2.759477577474587306e+01,-1.172206120570088395e+01,3.871107188007484723e+01,6.057651003719088934e-01,0.000000000000000000e+00,4.985000000000000142e+01,5.377000000000000313e+01,5.000000000000000000e+01,0.000000000000000000e+00
1.372000000000000000e+03,2.787960489049113733e+01,-1.152769029285123814e+01,3.864209253438586700e+01,7.652026489565110223e-01,0.000000000000000000e+00,4.985000000000000142e+01,5.370499999999999829e+01,5.000000000000000000e+01,0.000000000000000000e+00
1.373000000000000000e+03,2.758944193349671892e+01,-1.162338058840798993e+01,3.857254059750050601e+01,6.402819244042013969e-01,0.000000000000000000e+00,4.985000000000000142e+01,5.373700000000000188e+01,5.000000000000000000e+01,0.000000000000000000e+00
1.374000000000000000e+03,2.767971115983446850e+01,-1.152769029285123814e+01,3.850356125181152578e+01,7.038402008741811988e-01,0.000000000000000000e+00,4.985000000000000142e+01,5.370499999999999829e+01,5.000000000000000000e+01,0.000000000000000000e+00
1.375000000000000000e+03,2.719858384899144710e+01,-1.172206120570088395e+01,3.843341883025489381e+01,4.872262244374372386e-01,0.000000000000000000e+00,4.985000000000000142e+01,5.377000000000000313e+01,5.000000000000000000e+01,0.000000000000000000e+00
1.376000000000000000e+03,2.710716948004523985e+01,-1.172206120570088395e+01,3.836327640869826183e+01,4.659542770478597995e-01,0.000000000000000000e+00,4.985000000000000142e+01,5.377000000000000313e+01,5.000000000000000000e+01,0.000000000000000000e+00
1.377000000000000000e+03,2.701668382906010990e+01,-1.172206120570088395e+01,3.829313398714162986e+01,4.456110476193637648e-01,0.000000000000000000e+00,4.985000000000000142e+01,5.377000000000000313e+01,5.000000000000000000e+01,0.000000000000000000e+00
1.378000000000000000e+03,2.692708634887620889e+01,-1.172206120570088395e+01,3.822299156558499789e+01,4.261559889920940591e-01,0.000000000000000000e+00,4.985000000000000142e+01,5.377000000000000313e+01,5.000000000000000000e+01,0.000000000000000000e+00
1.379000000000000000e+03,2.683833826259358801e+01,-1.172206120570088395e+01,3.815284914402836591e+01,4.075503242661034919e-01,0.000000000000000000e+00,4.985000000000000142e+01,5.377000000000000313e+01,5.000000000000000000e+01,0.000000000000000000e+00
1.380000000000000000e+03,2.675040248628392803e+01,-1.172206120570088395e+01,3.808270672247173394e+01,3.897569695130754241e-01,0.000000000000000000e+00,4.985000000000000142e+01,5.377000000000000313e+01,5.000000000000000000e+01,0.000000000000000000e+00
1.381000000000000000e+03,2.666324355507661537e+01,-1.172206120570088395e+01,3.801256430091510197e+01,3.727404598623969556e-01,0.000000000000000000e+00,4.985000000000000142e+01,5.377000000000000313e+01,5.000000000000000000e+01,0.000000000000000000e+00
1.382000000000000000e+03,2.657682755247184758e+01,-1.172206120570088395e+01,3.794242187935846999e+01,3.564668788142612010e-01,0.000000000000000000e+00,4.985000000000000142e+01,5.377000000000000313e+01,5.000000000000000000e+01,0.000000000000000000e+00
1.383000000000000000e+03,2.649112204273986393e+01,-1.172206120570088395e+01,3.787227945780183802e+01,3.409037906389088546e-01,0.000000000000000000e+00,4.985000000000000142e+01,5.377000000000000313e+01,5.000000000000000000e+01,0.000000000000000000e+00
1.384000000000000000e+03,2.640609600627159281e+01,-1.172206120570088395e+01,3.780213703624520605e+01,3.260201757272702672e-01,0.000000000000000000e+00,4.985000000000000142e+01,5.377000000000000313e+01,5.000000000000000000e+01,0.000000000000000000e+00
1.385000000000000000e+03,2.632171977775184502e+01,-1.172206120570088395e+01,3.773199461468857407e+01,3.117863687641522774e-01,0.000000000000000000e+00,4.985000000000000142e+01,5.377000000000000313e+01,5.000000000000000000e+01,0.000000000000000000e+00
1.386000000000000000e+03,2.605018957437120619e+01,-1.181775150125761620e+01,3.766127960193556135e+01,2.066614736932628205e-01,0.000000000000000000e+00,4.985000000000000142e+01,5.380199999999999960e+01,5.000000000000000000e+01,0.000000000000000000e+00
1.387000000000000000e+03,2.635187067691665064e+01,-1.162338058840798993e+01,3.759172766505020036e+01,3.835236002744418782e-01,0.000000000000000000e+00,4.985000000000000142e+01,5.373700000000000188e+01,5.000000000000000000e+01,0.000000000000000000e+00
1.388000000000000000e+03,2.626557437480932578e+01,-1.162338058840798993e+01,3.752217572816483937e+01,3.667792350524774481e-01,0.000000000000000000e+00,4.985000000000000142e+01,5.373700000000000188e+01,5.000000000000000000e+01,0.000000000000000000e+00
1.389000000000000000e+03,2.618000911967404321e+01,-1.162338058840798993e+01,3.745262379127947838e+01,3.507659168025530905e-01,0.000000000000000000e+00,4.985000000000000142e+01,5.373700000000000188e+01,5.000000000000000000e+01,0.000000000000000000e+00
1.390000000000000000e+03,2.609514299452450103e+01,-1.162338058840798993e+01,3.738307185439411739e+01,3.354517285383725178e-01,0.000000000000000000e+00,4.985000000000000142e+01,5.373700000000000188e+01,5.000000000000000000e+01,0.000000000000000000e+00
1.391000000000000000e+03,2.714346593345645076e+01,-1.104624849333137604e+01,3.731697335816192407e+01,8.727410686259023942e-01,0.000000000000000000e+00,4.985000000000000142e+01,5.354399999999999693e+01,5.000000000000000000e+01,0.000000000000000000e+00
1.392000000000000000e+03,2.760845840795952455e+01,-1.075618728492501930e+01,3.725261052899376324e+01,1.112035163890779721e+00,0.000000000000000000e+00,4.985000000000000142e+01,5.344700000000000273e+01,5.000000000000000000e+01,0.000000000000000000e+00
1.393000000000000000e+03,2.749554492138584649e+01,-1.075618728492501930e+01,3.718824769982560241e+01,1.063484506485264269e+00,0.000000000000000000e+00,4.985000000000000142e+01,5.344700000000000273e+01,5.000000000000000000e+01,0.000000000000000000e+00
1.394000000000000000e+03,2.757252653434156642e+01,-1.066049698936826751e+01,3.712445746185382234e+01,1.108566061856013363e+00,0.000000000000000000e+00,4.985000000000000142e+01,5.341499999999999915e+01,5.000000000000000000e+01,0.000000000000000000e+00
1.395000000000000000e+03,2.821730672975820298e+01,-1.027474548540515897e+01,3.706297548214244841e+01,1.429076733020912870e+00,0.000000000000000000e+00,4.985000000000000142e+01,5.328600000000000136e+01,5.000000000000000000e+01,0.000000000000000000e+00
1.396000000000000000e+03,2.903817733014905755e+01,-9.793303685885296872e+00,3.700437435188786850e+01,1.827106664146489035e+00,0.000000000000000000e+00,4.985000000000000142e+01,5.312500000000000000e+01,5.000000000000000000e+01,0.000000000000000000e+00
1.397000000000000000e+03,2.871203062116833138e+01,-9.888993981442027348e+00,3.694520063043690783e+01,1.655823972173452008e+00,0.000000000000000000e+00,4.985000000000000142e+01,5.315699999999999648e+01,5.000000000000000000e+01,0.000000000000000000e+00
1.398000000000000000e+03,2.876834022575404148e+01,-9.793303685885296872e+00,3.688659950018232792e+01,1.675044411457011995e+00,0.000000000000000000e+00,4.985000000000000142e+01,5.312500000000000000e+01,5.000000000000000000e+01,0.000000000000000000e+00
1.399000000000000000e+03,2.863660785828648159e+01,-9.793303685885296872e+00,3.682799836992774800e+01,1.601913174244031124e+00,0.000000000000000000e+00,4.985000000000000142e+01,5.312500000000000000e+01,5.000000000000000000e+01,0.000000000000000000e+00
1.400000000000000000e+03,2.850806834816629731e+01,-9.793303685885296872e+00,3.676939723967316809e+01,1.531974794378426097e+00,0.000000000000000000e+00,4.985000000000000142e+01,5.312500000000000000e+01,5.000000000000000000e+01,0.000000000000000000e+00
1.401000000000000000e+03,2.838258229753247264e+01,-9.793303685885296872e+00,3.671079610941858817e+01,1.465089873999184222e+00,0.000000000000000000e+00,4.985000000000000142e+01,5.312500000000000000e+01,5.000000000000000000e+01,0.000000000000000000e+00
1.402000000000000000e+03,2.807224098187401395e+01,-9.888993981442027348e+00,3.665162238796762750e+01,1.309612575348414909e+00,0.000000000000000000e+00,4.985000000000000142e+01,5.315699999999999648e+01,5.000000000000000000e+01,0.000000000000000000e+00
1.403000000000000000e+03,2.795589051498882327e+01,-9.888993981442027348e+00,3.659244866651666683e+01,1.252435829914184451e+00,0.000000000000000000e+00,4.985000000000000142e+01,5.315699999999999648e+01,5.000000000000000000e+01,0.000000000000000000e+00
1.404000000000000000e+03,2.802981175644737633e+01,-9.793303685885296872e+00,3.653384753626208692e+01,1.289267906070587610e+00,0.000000000000000000e+00,4.985000000000000142e+01,5.312500000000000000e+01,5.000000000000000000e+01,0.000000000000000000e+00
1.405000000000000000e+03,2.791492211442258053e+01,-9.793303685885296872e+00,3.647524640600750701e+01,1.232979394300372400e+00,0.000000000000000000e+00,4.985000000000000142e+01,5.312500000000000000e+01,5.000000000000000000e+01,0.000000000000000000e+00
1.406000000000000000e+03,2.780248998843645225e+01,-9.793303685885296872e+00,3.641664527575292709e+01,1.179148398568822920e+00,0.000000000000000000e+00,4.985000000000000142e+01,5.312500000000000000e+01,5.000000000000000000e+01,0.000000000000000000e+00
1.407000000000000000e+03,2.769240808510193119e+01,-9.793303685885296872e+00,3.635804414549834718e+01,1.127667625488881109e+00,0.000000000000000000e+00,4.985000000000000142e+01,5.312500000000000000e+01,5.000000000000000000e+01,0.000000000000000000e+00
1.408000000000000000e+03,2.758457379538425513e+01,-9.793303685885296872e+00,3.629944301524376726e+01,1.078434466025787852e+00,0.000000000000000000e+00,4.985000000000000142e+01,5.312500000000000000e+01,5.000000000000000000e+01,0.000000000000000000e+00
1.409000000000000000e+03,2.823585862237357702e+01,-9.407552181922188339e+00,3.624315014324959350e+01,1.400260661046170751e+00,0.000000000000000000e+00,4.985000000000000142e+01,5.299600000000000222e+01,5.000000000000000000e+01,0.000000000000000000e+00
1.410000000000000000e+03,2.793065596190014332e+01,-9.503242477478918815e+00,3.618628468005903898e+01,1.247613759320026272e+00,0.000000000000000000e+00,4.985000000000000142e+01,5.302799999999999869e+01,5.000000000000000000e+01,0.000000000000000000e+00
1.411000000000000000e+03,2.819487140242219425e+01,-9.311861886365434771e+00,3.613056439926124597e+01,1.376168889526384165e+00,0.000000000000000000e+00,4.985000000000000142e+01,5.296399999999999864e+01,5.000000000000000000e+01,0.000000000000000000e+00
1.412000000000000000e+03,2.789129316260457614e+01,-9.407552181922188339e+00,3.607427152726707220e+01,1.224573817259691388e+00,0.000000000000000000e+00,4.985000000000000142e+01,5.299600000000000222e+01,5.000000000000000000e+01,0.000000000000000000e+00
1.413000000000000000e+03,2.778153627634171485e+01,-9.407552181922188339e+00,3.601797865527289844e+01,1.171109802991003201e+00,0.000000000000000000e+00,4.985000000000000142e+01,5.299600000000000222e+01,5.000000000000000000e+01,0.000000000000000000e+00
1.414000000000000000e+03,2.767411359058308662e+01,-9.407552181922188339e+00,3.596168578327872467e+01,1.119979989226551620e+00,0.000000000000000000e+00,4.985000000000000142e+01,5.299600000000000222e+01,5.000000000000000000e+01,0.000000000000000000e+00
1.415000000000000000e+03,2.870144365341873183e+01,-8.830420086845572669e+00,3.590884635193772567e+01,1.623017388326577048e+00,0.000000000000000000e+00,4.985000000000000142e+01,5.280299999999999727e+01,5.000000000000000000e+01,0.000000000000000000e+00
1.416000000000000000e+03,2.838996903470625455e+01,-8.926110382402326238e+00,3.585543432940034592e+01,1.460645087708235756e+00,0.000000000000000000e+00,4.985000000000000142e+01,5.283500000000000085e+01,5.000000000000000000e+01,0.000000000000000000e+00
1.417000000000000000e+03,2.846056170826668463e+01,-8.830420086845572669e+00,3.580259489805934692e+01,1.488386897052908830e+00,0.000000000000000000e+00,4.985000000000000142e+01,5.280299999999999727e+01,5.000000000000000000e+01,0.000000000000000000e+00
1.418000000000000000e+03,2.815496496021010842e+01,-8.926110382402326238e+00,3.574918287552196716e+01,1.331892467090468823e+00,0.000000000000000000e+00,4.985000000000000142e+01,5.283500000000000085e+01,5.000000000000000000e+01,0.000000000000000000e+00
1.419000000000000000e+03,2.823117888081079130e+01,-8.830420086845572669e+00,3.569634344418096816e+01,1.365255523475392474e+00,0.000000000000000000e+00,4.985000000000000142e+01,5.280299999999999727e+01,5.000000000000000000e+01,0.000000000000000000e+00
1.420000000000000000e+03,2.736176374055427019e+01,-9.216171590808704295e+00,3.564119575457955591e+01,9.367395767834205689e-01,0.000000000000000000e+00,4.985000000000000142e+01,5.293200000000000216e+01,5.000000000000000000e+01,0.000000000000000000e+00
1.421000000000000000e+03,2.802268830539954436e+01,-8.830420086845572669e+00,3.558835632323855691e+01,1.264752069006557011e+00,0.000000000000000000e+00,4.985000000000000142e+01,5.280299999999999727e+01,5.000000000000000000e+01,0.000000000000000000e+00
1.422000000000000000e+03,2.715766107385709205e+01,-9.216171590808704295e+00,3.553320863363714466e+01,8.406240310286539064e-01,0.000000000000000000e+00,4.985000000000000142e+01,5.293200000000000216e+01,5.000000000000000000e+01,0.000000000000000000e+00
1.423000000000000000e+03,2.763500656180952930e+01,-8.926110382402326238e+00,3.547979661109976490e+01,1.081320333112091747e+00,0.000000000000000000e+00,4.985000000000000142e+01,5.283500000000000085e+01,5.000000000000000000e+01,0.000000000000000000e+00
1.424000000000000000e+03,2.734660945668092680e+01,-9.021800677959056713e+00,3.542581199736600439e+01,9.425981372739807851e-01,0.000000000000000000e+00,4.985000000000000142e+01,5.286699999999999733e+01,5.000000000000000000e+01,0.000000000000000000e+00
1.425000000000000000e+03,2.725147168455805158e+01,-9.021800677959056713e+00,3.537182738363224388e+01,9.014449788848627465e-01,0.000000000000000000e+00,4.985000000000000142e+01,5.286699999999999733e+01,5.000000000000000000e+01,0.000000000000000000e+00
1.426000000000000000e+03,2.715813062980435433e+01,-9.021800677959056713e+00,3.531784276989848337e+01,8.620885378649277841e-01,0.000000000000000000e+00,4.985000000000000142e+01,5.286699999999999733e+01,5.000000000000000000e+01,0.000000000000000000e+00
1.427000000000000000e+03,2.725428326168917792e+01,-8.926110382402326238e+00,3.526443074736110361e+01,9.159628967304013214e-01,0.000000000000000000e+00,4.985000000000000142e+01,5.283500000000000085e+01,5.000000000000000000e+01,0.000000000000000000e+00
1.428000000000000000e+03,2.716088095625487142e+01,-8.926110382402326238e+00,3.521101872482372386e+01,8.759726138334756884e-01,0.000000000000000000e+00,4.985000000000000142e+01,5.283500000000000085e+01,5.000000000000000000e+01,0.000000000000000000e+00
1.429000000000000000e+03,2.725700001054072175e+01,-8.830420086845572669e+00,3.515817929348272486e+01,9.292408039035668921e-01,0.000000000000000000e+00,4.985000000000000142e+01,5.280299999999999727e+01,5.000000000000000000e+01,0.000000000000000000e+00
1.430000000000000000e+03,2.716359059240209461e+01,-8.830420086845572669e+00,3.510533986214172586e+01,8.886708171059380934e-01,0.000000000000000000e+00,4.985000000000000142e+01,5.280299999999999727e+01,5.000000000000000000e+01,0.000000000000000000e+00
1.431000000000000000e+03,2.745337123774621091e+01,-8.636049173995948181e+00,3.505366350666837150e+01,1.035756905073790035e+00,0.000000000000000000e+00,4.985000000000000142e+01,5.273799999999999955e+01,5.000000000000000000e+01,0.000000000000000000e+00
1.432000000000000000e+03,2.773202530424127943e+01,-8.444668582882464136e+00,3.500313233358777865e+01,1.173561553535965807e+00,0.000000000000000000e+00,4.985000000000000142e+01,5.267399999999999949e+01,5.000000000000000000e+01,0.000000000000000000e+00
1.433000000000000000e+03,2.857500232067519619e+01,-7.963226783362602923e+00,3.495548200996397981e+01,1.582747094073818639e+00,0.000000000000000000e+00,4.985000000000000142e+01,5.251299999999999812e+01,5.000000000000000000e+01,0.000000000000000000e+00
1.434000000000000000e+03,2.865189378880122462e+01,-7.864546166069708910e+00,3.490842217101144485e+01,1.608017783859489347e+00,0.000000000000000000e+00,4.985000000000000142e+01,5.247999999999999687e+01,5.000000000000000000e+01,0.000000000000000000e+00
1.435000000000000000e+03,2.853462904710713843e+01,-7.864546166069708910e+00,3.486136233205890989e+01,1.537812881117937014e+00,0.000000000000000000e+00,4.985000000000000142e+01,5.247999999999999687e+01,5.000000000000000000e+01,0.000000000000000000e+00
1.436000000000000000e+03,2.974072527136682353e+01,-7.191723775436384969e+00,3.481832852495592334e+01,2.114120521847286494e+00,0.000000000000000000e+00,4.985000000000000142e+01,5.225500000000000256e+01,5.000000000000000000e+01,0.000000000000000000e+00
1.437000000000000000e+03,2.998680928606129470e+01,-6.997352862586738276e+00,3.477645779372058854e+01,2.207704354927443102e+00,0.000000000000000000e+00,4.985000000000000142e+01,5.218999999999999773e+01,5.000000000000000000e+01,0.000000000000000000e+00
1.438000000000000000e+03,2.965490837234140642e+01,-7.096033479879632289e+00,3.473399657781398275e+01,2.016945274407057731e+00,0.000000000000000000e+00,4.985000000000000142e+01,5.222299999999999898e+01,5.000000000000000000e+01,0.000000000000000000e+00
1.439000000000000000e+03,2.952438877284844665e+01,-7.096033479879632289e+00,3.469153536190737697e+01,1.928886890820701749e+00,0.000000000000000000e+00,4.985000000000000142e+01,5.222299999999999898e+01,5.000000000000000000e+01,0.000000000000000000e+00
1.440000000000000000e+03,2.977913254617061867e+01,-6.901662567030006912e+00,3.465023722186842292e+01,2.030557891332203990e+00,0.000000000000000000e+00,4.985000000000000142e+01,5.215800000000000125e+01,5.000000000000000000e+01,0.000000000000000000e+00
1.441000000000000000e+03,2.964918170545697862e+01,-6.901662567030006912e+00,3.460893908182946888e+01,1.941905190657516878e+00,0.000000000000000000e+00,4.985000000000000142e+01,5.215800000000000125e+01,5.000000000000000000e+01,0.000000000000000000e+00
1.442000000000000000e+03,2.971087679070992138e+01,-6.805972271473254231e+00,3.456821353298689559e+01,1.948635529196282468e+00,0.000000000000000000e+00,4.985000000000000142e+01,5.212599999999999767e+01,5.000000000000000000e+01,0.000000000000000000e+00
1.443000000000000000e+03,2.996062603806804248e+01,-6.614591680359770187e+00,3.452863316653708381e+01,2.046584551890726189e+00,0.000000000000000000e+00,4.985000000000000142e+01,5.206199999999999761e+01,5.000000000000000000e+01,0.000000000000000000e+00
1.444000000000000000e+03,3.002533665274838981e+01,-6.515911063066898379e+00,3.448964328475853591e+01,2.051604431056753164e+00,0.000000000000000000e+00,4.985000000000000142e+01,5.202900000000000347e+01,5.000000000000000000e+01,0.000000000000000000e+00
1.445000000000000000e+03,3.027232601879222429e+01,-6.324530471953414335e+00,3.445179858537274953e+01,2.145057905372889540e+00,0.000000000000000000e+00,4.985000000000000142e+01,5.196500000000000341e+01,5.000000000000000000e+01,0.000000000000000000e+00
1.446000000000000000e+03,2.957163541064143075e+01,-6.614591680359770187e+00,3.441221821892293775e+01,1.774008872078262966e+00,0.000000000000000000e+00,4.985000000000000142e+01,5.206199999999999761e+01,5.000000000000000000e+01,0.000000000000000000e+00
1.447000000000000000e+03,2.907905226431055468e+01,-6.805972271473254231e+00,3.437149267008036446e+01,1.513531865703446888e+00,0.000000000000000000e+00,4.985000000000000142e+01,5.212599999999999767e+01,5.000000000000000000e+01,0.000000000000000000e+00
1.448000000000000000e+03,3.010476745773175367e+01,-6.228840176396661654e+00,3.433422056189095883e+01,1.999387072237458707e+00,0.000000000000000000e+00,4.985000000000000142e+01,5.193299999999999983e+01,5.000000000000000000e+01,0.000000000000000000e+00
1.449000000000000000e+03,2.979242813180463401e+01,-6.324530471953414335e+00,3.429637586250517245e+01,1.820582741252877890e+00,0.000000000000000000e+00,4.985000000000000142e+01,5.196500000000000341e+01,5.000000000000000000e+01,0.000000000000000000e+00
1.450000000000000000e+03,2.910590387651868483e+01,-6.614591680359770187e+00,3.425679549605536067e+01,1.463700060823093452e+00,0.000000000000000000e+00,4.985000000000000142e+01,5.206199999999999761e+01,5.000000000000000000e+01,0.000000000000000000e+00
1.451000000000000000e+03,2.957161363519913166e+01,-6.324530471953414335e+00,3.421895079666957429e+01,1.677193310482973043e+00,0.000000000000000000e+00,4.985000000000000142e+01,5.196500000000000341e+01,5.000000000000000000e+01,0.000000000000000000e+00
1.452000000000000000e+03,2.889134965958322709e+01,-6.614591680359770187e+00,3.417937043021976251e+01,1.326570909723234326e+00,0.000000000000000000e+00,4.985000000000000142e+01,5.206199999999999761e+01,5.000000000000000000e+01,0.000000000000000000e+00
1.453000000000000000e+03,2.860607674632681707e+01,-6.710281975916522867e+00,3.413921747257356998e+01,1.177141249669769962e+00,0.000000000000000000e+00,4.985000000000000142e+01,5.209400000000000119e+01,5.000000000000000000e+01,0.000000000000000000e+00
1.454000000000000000e+03,2.889594945324839514e+01,-6.515911063066898379e+00,3.410022759079502208e+01,1.311632925520270110e+00,0.000000000000000000e+00,4.985000000000000142e+01,5.202900000000000347e+01,5.000000000000000000e+01,0.000000000000000000e+00
1.455000000000000000e+03,2.917524544431786637e+01,-6.324530471953414335e+00,3.406238289140923570e+01,1.437393024862046564e+00,0.000000000000000000e+00,4.985000000000000142e+01,5.196500000000000341e+01,5.000000000000000000e+01,0.000000000000000000e+00
1.456000000000000000e+03,2.794212473914122441e+01,-6.901662567030006912e+00,3.402108475137028165e+01,8.227025548009500033e-01,0.000000000000000000e+00,4.985000000000000142e+01,5.215800000000000125e+01,5.000000000000000000e+01,0.000000000000000000e+00
1.457000000000000000e+03,2.824045882114386785e+01,-6.710281975916522867e+00,3.398093179372408912e+01,9.698090033362998241e-01,0.000000000000000000e+00,4.985000000000000142e+01,5.209400000000000119e+01,5.000000000000000000e+01,0.000000000000000000e+00
1.458000000000000000e+03,2.778241387289798681e+01,-6.901662567030006912e+00,3.393963365368513507e+01,7.444427862428615317e-01,0.000000000000000000e+00,4.985000000000000142e+01,5.215800000000000125e+01,5.000000000000000000e+01,0.000000000000000000e+00
1.459000000000000000e+03,2.770861389492575455e+01,-6.901662567030006912e+00,3.389833551364618103e+01,7.119409483095833213e-01,0.000000000000000000e+00,4.985000000000000142e+01,5.215800000000000125e+01,5.000000000000000000e+01,0.000000000000000000e+00
1.460000000000000000e+03,2.725481411691180256e+01,-7.096033479879632289e+00,3.385587429773957524e+01,4.949732990518593834e-01,0.000000000000000000e+00,4.985000000000000142e+01,5.222299999999999898e+01,5.000000000000000000e+01,0.000000000000000000e+00
1.461000000000000000e+03,2.681519189657501556e+01,-7.287414070993116333e+00,3.381226789944020794e+01,2.903380681279238429e-01,0.000000000000000000e+00,4.985000000000000142e+01,5.228699999999999903e+01,5.000000000000000000e+01,0.000000000000000000e+00
1.462000000000000000e+03,2.713446037185075355e+01,-7.096033479879632289e+00,3.376980668353360215e+01,4.606871681967855681e-01,0.000000000000000000e+00,4.985000000000000142e+01,5.222299999999999898e+01,5.000000000000000000e+01,0.000000000000000000e+00
1.463000000000000000e+03,2.650855964672726017e+01,-7.383104366549869013e+00,3.372562769403785410e+01,1.660363192392747544e-01,0.000000000000000000e+00,4.985000000000000142e+01,5.231900000000000261e+01,5.000000000000000000e+01,0.000000000000000000e+00
1.464000000000000000e+03,2.607571282369247356e+01,-7.577475279399493502e+00,3.368028562867446141e+01,-2.709752558249461929e-02,0.000000000000000000e+00,4.985000000000000142e+01,5.238400000000000034e+01,5.000000000000000000e+01,0.000000000000000000e+00
1.465000000000000000e+03,2.584377840419380945e+01,-7.673165574956224866e+00,3.363437097211468796e+01,-1.174269929646541422e-01,0.000000000000000000e+00,4.985000000000000142e+01,5.241599999999999682e+01,5.000000000000000000e+01,0.000000000000000000e+00
1.466000000000000000e+03,2.542743970057551195e+01,-7.864546166069708910e+00,3.358731113316215300e+01,-2.953252665169326385e-01,0.000000000000000000e+00,4.985000000000000142e+01,5.247999999999999687e+01,5.000000000000000000e+01,0.000000000000000000e+00
1.467000000000000000e+03,2.539327355087259619e+01,-7.864546166069708910e+00,3.354025129420961804e+01,-2.824315772673142710e-01,0.000000000000000000e+00,4.985000000000000142e+01,5.247999999999999687e+01,5.000000000000000000e+01,0.000000000000000000e+00
1.468000000000000000e+03,2.535854447194785521e+01,-7.864546166069708910e+00,3.349319145525708308e+01,-2.701008172395211737e-01,0.000000000000000000e+00,4.985000000000000142e+01,5.247999999999999687e+01,5.000000000000000000e+01,0.000000000000000000e+00
1.469000000000000000e+03,2.551105245354781204e+01,-7.768855870512977546e+00,3.344670420750092887e+01,-1.667958834401361834e-01,0.000000000000000000e+00,4.985000000000000142e+01,5.244800000000000040e+01,5.000000000000000000e+01,0.000000000000000000e+00
1.470000000000000000e+03,2.528407198173131576e+01,-7.864546166069708910e+00,3.339964436854839391e+01,-2.510262207473715756e-01,0.000000000000000000e+00,4.985000000000000142e+01,5.247999999999999687e+01,5.000000000000000000e+01,0.000000000000000000e+00
1.471000000000000000e+03,2.619271681242191008e+01,-7.383104366549869013e+00,3.335546537905264586e+01,2.203557999191317063e-01,0.000000000000000000e+00,4.985000000000000142e+01,5.231900000000000261e+01,5.000000000000000000e+01,0.000000000000000000e+00
1.472000000000000000e+03,2.670224348478183529e+01,-7.096033479879632289e+00,3.331300416314604007e+01,4.852728015154282870e-01,0.000000000000000000e+00,4.985000000000000142e+01,5.222299999999999898e+01,5.000000000000000000e+01,0.000000000000000000e+00
1.473000000000000000e+03,2.645082019386827810e+01,-7.191723775436384969e+00,3.326997035604305353e+01,3.725736132616102592e-01,0.000000000000000000e+00,4.985000000000000142e+01,5.225500000000000256e+01,5.000000000000000000e+01,0.000000000000000000e+00
1.474000000000000000e+03,2.677293889708693442e+01,-6.997352862586738276e+00,3.322809962480771873e+01,5.421921348659529682e-01,0.000000000000000000e+00,4.985000000000000142e+01,5.218999999999999773e+01,5.000000000000000000e+01,0.000000000000000000e+00
1.475000000000000000e+03,2.670739644624901032e+01,-6.997352862586738276e+00,3.318622889357238392e+01,5.185204152633636765e-01,0.000000000000000000e+00,4.985000000000000142e+01,5.218999999999999773e+01,5.000000000000000000e+01,0.000000000000000000e+00
1.476000000000000000e+03,2.683066289836581220e+01,-6.901662567030006912e+00,3.314493075353342988e+01,5.873947118623916719e-01,0.000000000000000000e+00,4.985000000000000142e+01,5.215800000000000125e+01,5.000000000000000000e+01,0.000000000000000000e+00
1.477000000000000000e+03,2.752068915893208612e+01,-6.515911063066898379e+00,3.310594087175488198e+01,9.306593502441007359e-01,0.000000000000000000e+00,4.985000000000000142e+01,5.202900000000000347e+01,5.000000000000000000e+01,0.000000000000000000e+00
1.478000000000000000e+03,2.705964855067359665e+01,-6.710281975916522867e+00,3.306578791410868945e+01,7.041426124814312848e-01,0.000000000000000000e+00,4.985000000000000142e+01,5.209400000000000119e+01,5.000000000000000000e+01,0.000000000000000000e+00
1.479000000000000000e+03,2.755794745139392887e+01,-6.420220767510145699e+00,3.302737062352652231e+01,9.507975953775522626e-01,0.000000000000000000e+00,4.985000000000000142e+01,5.199699999999999989e+01,5.000000000000000000e+01,0.000000000000000000e+00
1.480000000000000000e+03,2.804721323959217472e+01,-6.130159559103767641e+00,3.299068900000838767e+01,1.186683798687554914e+00,0.000000000000000000e+00,4.985000000000000142e+01,5.189999999999999858e+01,5.000000000000000000e+01,0.000000000000000000e+00
1.481000000000000000e+03,2.720175222054321296e+01,-6.515911063066898379e+00,3.295169911822983977e+01,7.659641653802720107e-01,0.000000000000000000e+00,4.985000000000000142e+01,5.202900000000000347e+01,5.000000000000000000e+01,0.000000000000000000e+00
1.482000000000000000e+03,2.637235126057109014e+01,-6.901662567030006912e+00,3.291040097819088572e+01,3.636128494102137121e-01,0.000000000000000000e+00,4.985000000000000142e+01,5.215800000000000125e+01,5.000000000000000000e+01,0.000000000000000000e+00
1.483000000000000000e+03,2.631517804440757402e+01,-6.901662567030006912e+00,3.286910283815193168e+01,3.477377732856493098e-01,0.000000000000000000e+00,4.985000000000000142e+01,5.215800000000000125e+01,5.000000000000000000e+01,0.000000000000000000e+00
1.484000000000000000e+03,2.607092251001720484e+01,-6.997352862586738276e+00,3.282723210691659688e+01,2.410432656873436885e-01,0.000000000000000000e+00,4.985000000000000142e+01,5.218999999999999773e+01,5.000000000000000000e+01,0.000000000000000000e+00
1.485000000000000000e+03,2.639407882806407102e+01,-6.805972271473254231e+00,3.278650655807402359e+01,4.135445414633041050e-01,0.000000000000000000e+00,4.985000000000000142e+01,5.212599999999999767e+01,5.000000000000000000e+01,0.000000000000000000e+00
1.486000000000000000e+03,2.728004326619495146e+01,-6.324530471953414335e+00,3.274866185868823720e+01,8.559118794601308089e-01,0.000000000000000000e+00,4.985000000000000142e+01,5.196500000000000341e+01,5.000000000000000000e+01,0.000000000000000000e+00
1.487000000000000000e+03,2.758624887520845448e+01,-6.130159559103767641e+00,3.271198023517010256e+01,1.004428199142120448e+00,0.000000000000000000e+00,4.985000000000000142e+01,5.189999999999999858e+01,5.000000000000000000e+01,0.000000000000000000e+00
1.488000000000000000e+03,2.750571463716114806e+01,-6.130159559103767641e+00,3.267529861165196792e+01,9.605755846129475639e-01,0.000000000000000000e+00,4.985000000000000142e+01,5.189999999999999858e+01,5.000000000000000000e+01,0.000000000000000000e+00
1.489000000000000000e+03,2.742709497280132425e+01,-6.130159559103767641e+00,3.263861698813383327e+01,9.186375437712583913e-01,0.000000000000000000e+00,4.985000000000000142e+01,5.189999999999999858e+01,5.000000000000000000e+01,0.000000000000000000e+00
1.490000000000000000e+03,2.696888748624854060e+01,-6.324530471953414335e+00,3.260077228874804689e+01,6.926456694539081527e-01,0.000000000000000000e+00,4.985000000000000142e+01,5.196500000000000341e+01,5.000000000000000000e+01,0.000000000000000000e+00
1.491000000000000000e+03,2.746999659351317291e+01,-6.034469263547036277e+00,3.256466325642629300e+01,9.398026006339188498e-01,0.000000000000000000e+00,4.985000000000000142e+01,5.186800000000000210e+01,5.000000000000000000e+01,0.000000000000000000e+00
1.492000000000000000e+03,2.758063186658693056e+01,-5.938778967990283597e+00,3.252912681530091987e+01,9.902840192762935034e-01,0.000000000000000000e+00,4.985000000000000142e+01,5.183599999999999852e+01,5.000000000000000000e+01,0.000000000000000000e+00
1.493000000000000000e+03,2.750186033567732480e+01,-5.938778967990283597e+00,3.249359037417554674e+01,9.470489294920622081e-01,0.000000000000000000e+00,4.985000000000000142e+01,5.183599999999999852e+01,5.000000000000000000e+01,0.000000000000000000e+00
1.494000000000000000e+03,2.761275183042848269e+01,-5.843088672433552233e+00,3.245862652424655437e+01,9.972139786154811114e-01,0.000000000000000000e+00,4.985000000000000142e+01,5.180400000000000205e+01,5.000000000000000000e+01,0.000000000000000000e+00
1.495000000000000000e+03,2.734647492100194910e+01,-5.938778967990283597e+00,3.242309008312118124e+01,8.621638058710506813e-01,0.000000000000000000e+00,4.985000000000000142e+01,5.183599999999999852e+01,5.000000000000000000e+01,0.000000000000000000e+00
1.496000000000000000e+03,2.746107243934801545e+01,-5.843088672433552233e+00,3.238812623319218886e+01,9.160348785893793755e-01,0.000000000000000000e+00,4.985000000000000142e+01,5.180400000000000205e+01,5.000000000000000000e+01,0.000000000000000000e+00
1.497000000000000000e+03,2.719833975118519120e+01,-5.938778967990283597e+00,3.235258979206681573e+01,7.845289271086594018e-01,0.000000000000000000e+00,4.985000000000000142e+01,5.183599999999999852e+01,5.000000000000000000e+01,0.000000000000000000e+00
1.498000000000000000e+03,2.750997014694371856e+01,-5.744408055140659108e+00,3.231821642680908724e+01,9.361617752752898758e-01,0.000000000000000000e+00,4.985000000000000142e+01,5.177100000000000080e+01,5.000000000000000000e+01,0.000000000000000000e+00
1.499000000000000000e+03,2.743472463024384922e+01,-5.744408055140659108e+00,3.228384306155135874e+01,8.952896238331491396e-01,0.000000000000000000e+00,4.985000000000000142e+01,5.177100000000000080e+01,5.000000000000000000e+01,0.000000000000000000e+00
1.500000000000000000e+03,2.736126356235147128e+01,-5.744408055140659108e+00,3.224946969629363025e+01,8.562019211985000267e-01,0.000000000000000000e+00,4.985000000000000142e+01,5.177100000000000080e+01,5.000000000000000000e+01,0.000000000000000000e+00
1.501000000000000000e+03,2.690809022854509180e+01,-5.938778967990283597e+00,3.221393325516825712e+01,6.329359413671180601e-01,0.000000000000000000e+00,4.985000000000000142e+01,5.183599999999999852e+01,5.000000000000000000e+01,0.000000000000000000e+00
1.502000000000000000e+03,2.684492025833108997e+01,-5.938778967990283597e+00,3.217839681404288399e+01,6.053024122784906869e-01,0.000000000000000000e+00,4.985000000000000142e+01,5.183599999999999852e+01,5.000000000000000000e+01,0.000000000000000000e+00
1.503000000000000000e+03,2.678295674817091765e+01,-5.938778967990283597e+00,3.214286037291751086e+01,5.788753432436921642e-01,0.000000000000000000e+00,4.985000000000000142e+01,5.183599999999999852e+01,5.000000000000000000e+01,0.000000000000000000e+00
1.504000000000000000e+03,2.634659619956300602e+01,-6.130159559103767641e+00,3.210617874939937622e+01,3.705770092673965621e-01,0.000000000000000000e+00,4.985000000000000142e+01,5.189999999999999858e+01,5.000000000000000000e+01,0.000000000000000000e+00
1.505000000000000000e+03,2.629373544969750753e+01,-6.130159559103767641e+00,3.206949712588124157e+01,3.543978829200313263e-01,0.000000000000000000e+00,4.985000000000000142e+01,5.189999999999999858e+01,5.000000000000000000e+01,0.000000000000000000e+00
1.506000000000000000e+03,2.624158106888032194e+01,-6.130159559103767641e+00,3.203281550236310693e+01,3.389251256209821483e-01,0.000000000000000000e+00,4.985000000000000142e+01,5.189999999999999858e+01,5.000000000000000000e+01,0.000000000000000000e+00
1.507000000000000000e+03,2.619010221754560064e+01,-6.130159559103767641e+00,3.199613387884497229e+01,3.241278978043968806e-01,0.000000000000000000e+00,4.985000000000000142e+01,5.189999999999999858e+01,5.000000000000000000e+01,0.000000000000000000e+00
1.508000000000000000e+03,2.594562600825454979e+01,-6.228840176396661654e+00,3.195886177065557021e+01,2.156044139956433958e-01,0.000000000000000000e+00,4.985000000000000142e+01,5.193299999999999983e+01,5.000000000000000000e+01,0.000000000000000000e+00
1.509000000000000000e+03,2.552338994071821077e+01,-6.420220767510145699e+00,3.192044448007340662e+01,2.316622815494892573e-02,0.000000000000000000e+00,4.985000000000000142e+01,5.199699999999999989e+01,5.000000000000000000e+01,0.000000000000000000e+00
1.510000000000000000e+03,2.567173664189642679e+01,-6.324530471953414335e+00,3.188259978068762379e+01,1.136673331622138905e-01,0.000000000000000000e+00,4.985000000000000142e+01,5.196500000000000341e+01,5.000000000000000000e+01,0.000000000000000000e+00
1.511000000000000000e+03,2.619812352792496313e+01,-6.034469263547036277e+00,3.184649074836586991e+01,3.861020431061290559e-01,0.000000000000000000e+00,4.985000000000000142e+01,5.186800000000000210e+01,5.000000000000000000e+01,0.000000000000000000e+00
1.512000000000000000e+03,2.614515755741716418e+01,-6.034469263547036277e+00,3.181038171604411602e+01,3.692451049200841107e-01,0.000000000000000000e+00,4.985000000000000142e+01,5.186800000000000210e+01,5.000000000000000000e+01,0.000000000000000000e+00
1.513000000000000000e+03,2.609292754873625242e+01,-6.034469263547036277e+00,3.177427268372236213e+01,3.531241285609234559e-01,0.000000000000000000e+00,4.985000000000000142e+01,5.186800000000000210e+01,5.000000000000000000e+01,0.000000000000000000e+00
1.514000000000000000e+03,2.565998256335003802e+01,-6.228840176396661654e+00,3.173700057553296006e+01,1.518221642137395910e-01,0.000000000000000000e+00,4.985000000000000142e+01,5.193299999999999983e+01,5.000000000000000000e+01,0.000000000000000000e+00
1.515000000000000000e+03,2.561608200839864935e+01,-6.228840176396661654e+00,3.169972846734355798e+01,1.451937174517546891e-01,0.000000000000000000e+00,4.985000000000000142e+01,5.193299999999999983e+01,5.000000000000000000e+01,0.000000000000000000e+00
1.516000000000000000e+03,2.538469543401656026e+01,-6.324530471953414335e+00,3.166188376795777515e+01,4.734213801220125972e-02,0.000000000000000000e+00,4.985000000000000142e+01,5.196500000000000341e+01,5.000000000000000000e+01,0.000000000000000000e+00
1.517000000000000000e+03,2.610175344313975643e+01,-5.938778967990283597e+00,3.162634732683240202e+01,4.141850842976387836e-01,0.000000000000000000e+00,4.985000000000000142e+01,5.183599999999999852e+01,5.000000000000000000e+01,0.000000000000000000e+00
1.518000000000000000e+03,2.567258315307739025e+01,-6.130159559103767641e+00,3.158966570331426738e+01,2.130770088668910989e-01,0.000000000000000000e+00,4.985000000000000142e+01,5.189999999999999858e+01,5.000000000000000000e+01,0.000000000000000000e+00
1.519000000000000000e+03,2.543295534592186158e+01,-6.228840176396661654e+00,3.155239359512486530e+01,1.094019271936588350e-01,0.000000000000000000e+00,4.985000000000000142e+01,5.193299999999999983e+01,5.000000000000000000e+01,0.000000000000000000e+00
1.520000000000000000e+03,2.596010104771107407e+01,-5.938778967990283597e+00,3.151685715399949217e+01,3.820228617018676109e-01,0.000000000000000000e+00,4.985000000000000142e+01,5.183599999999999852e+01,5.000000000000000000e+01,0.000000000000000000e+00
1.521000000000000000e+03,2.572011034987245637e+01,-6.034469263547036277e+00,3.148074812167773828e+01,2.738314917417529748e-01,0.000000000000000000e+00,4.985000000000000142e+01,5.186800000000000210e+01,5.000000000000000000e+01,0.000000000000000000e+00
1.522000000000000000e+03,2.548427061842607699e+01,-6.130159559103767641e+00,3.144406649815960364e+01,1.703636793702411611e-01,0.000000000000000000e+00,4.985000000000000142e+01,5.189999999999999858e+01,5.000000000000000000e+01,0.000000000000000000e+00
1.523000000000000000e+03,2.562792645155776228e+01,-6.034469263547036277e+00,3.140795746583784975e+01,2.544382492669485796e-01,0.000000000000000000e+00,4.985000000000000142e+01,5.186800000000000210e+01,5.000000000000000000e+01,0.000000000000000000e+00
1.524000000000000000e+03,2.501151460819690442e+01,-6.324530471953414335e+00,3.137011276645206692e+01,-3.406768630174486501e-02,0.000000000000000000e+00,4.985000000000000142e+01,5.196500000000000341e+01,5.000000000000000000e+01,0.000000000000000000e+00
1.525000000000000000e+03,2.440596305992513848e+01,-6.614591680359770187e+00,3.133053240000225514e+01,-3.099776597173460879e-01,0.000000000000000000e+00,4.985000000000000142e+01,5.206199999999999761e+01,5.000000000000000000e+01,0.000000000000000000e+00
1.526000000000000000e+03,2.476133490266629522e+01,-6.420220767510145699e+00,3.129211510942009156e+01,-1.105594392436500539e-01,0.000000000000000000e+00,4.985000000000000142e+01,5.199699999999999989e+01,5.000000000000000000e+01,0.000000000000000000e+00
1.527000000000000000e+03,2.415855033825114262e+01,-6.710281975916522867e+00,3.125196215177389902e+01,-3.831298376062344246e-01,0.000000000000000000e+00,4.985000000000000142e+01,5.209400000000000119e+01,5.000000000000000000e+01,0.000000000000000000e+00
1.528000000000000000e+03,2.413512455443133220e+01,-6.710281975916522867e+00,3.121180919412770649e+01,-3.664026637798517005e-01,0.000000000000000000e+00,4.985000000000000142e+01,5.209400000000000119e+01,5.000000000000000000e+01,0.000000000000000000e+00
1.529000000000000000e+03,2.468016269383095818e+01,-6.420220767510145699e+00,3.117339190354554290e+01,-7.300844220444074884e-02,0.000000000000000000e+00,4.985000000000000142e+01,5.199699999999999989e+01,5.000000000000000000e+01,0.000000000000000000e+00
1.530000000000000000e+03,2.558967794440289367e+01,-5.938778967990283597e+00,3.113785546242016977e+01,3.906014499730078304e-01,0.000000000000000000e+00,4.985000000000000142e+01,5.183599999999999852e+01,5.000000000000000000e+01,0.000000000000000000e+00
1.531000000000000000e+03,2.553708812421584895e+01,-5.938778967990283597e+00,3.110231902129479664e+01,3.735480709113366271e-01,0.000000000000000000e+00,4.985000000000000142e+01,5.183599999999999852e+01,5.000000000000000000e+01,0.000000000000000000e+00
1.532000000000000000e+03,2.567301825498396894e+01,-5.843088672433552233e+00,3.106735517136580427e+01,4.487517560517156334e-01,0.000000000000000000e+00,4.985000000000000142e+01,5.180400000000000205e+01,5.000000000000000000e+01,0.000000000000000000e+00
1.533000000000000000e+03,2.543068681269031828e+01,-5.938778967990283597e+00,3.103181873024043114e+01,3.376470504401719586e-01,0.000000000000000000e+00,4.985000000000000142e+01,5.183599999999999852e+01,5.000000000000000000e+01,0.000000000000000000e+00
1.534000000000000000e+03,2.556818435625436337e+01,-5.843088672433552233e+00,3.099685488031143876e+01,4.144181483764786122e-01,0.000000000000000000e+00,4.985000000000000142e+01,5.180400000000000205e+01,5.000000000000000000e+01,0.000000000000000000e+00
1.535000000000000000e+03,2.532735189463854297e+01,-5.938778967990283597e+00,3.096131843918606563e+01,3.048124234427613821e-01,0.000000000000000000e+00,4.985000000000000142e+01,5.183599999999999852e+01,5.000000000000000000e+01,0.000000000000000000e+00
1.536000000000000000e+03,2.546628297445949229e+01,-5.843088672433552233e+00,3.092635458925707326e+01,3.830170576359716583e-01,0.000000000000000000e+00,4.985000000000000142e+01,5.180400000000000205e+01,5.000000000000000000e+01,0.000000000000000000e+00
1.537000000000000000e+03,2.522682146193611530e+01,-5.938778967990283597e+00,3.089081814813170013e+01,2.747822817946983798e-01,0.000000000000000000e+00,4.985000000000000142e+01,5.183599999999999852e+01,5.000000000000000000e+01,0.000000000000000000e+00
1.538000000000000000e+03,2.499151281087452503e+01,-6.034469263547036277e+00,3.085470911580994624e+01,1.712729586116163438e-01,0.000000000000000000e+00,4.985000000000000142e+01,5.186800000000000210e+01,5.000000000000000000e+01,0.000000000000000000e+00
1.539000000000000000e+03,2.513570153672333163e+01,-5.938778967990283597e+00,3.081917267468457311e+01,2.553078300290446134e-01,0.000000000000000000e+00,4.985000000000000142e+01,5.183599999999999852e+01,5.000000000000000000e+01,0.000000000000000000e+00
1.540000000000000000e+03,2.490124312625352943e+01,-6.034469263547036277e+00,3.078306364236281922e+01,1.526487474377496434e-01,0.000000000000000000e+00,4.985000000000000142e+01,5.186800000000000210e+01,5.000000000000000000e+01,0.000000000000000000e+00
1.541000000000000000e+03,2.504624497179991138e+01,-5.938778967990283597e+00,3.074752720123744609e+01,2.374967385527482211e-01,0.000000000000000000e+00,4.985000000000000142e+01,5.183599999999999852e+01,5.000000000000000000e+01,0.000000000000000000e+00
1.542000000000000000e+03,2.481256418080506876e+01,-6.034469263547036277e+00,3.071141816891569221e+01,1.356152754364151614e-01,0.000000000000000000e+00,4.985000000000000142e+01,5.186800000000000210e+01,5.000000000000000000e+01,0.000000000000000000e+00
1.543000000000000000e+03,2.458275887019683381e+01,-6.130159559103767641e+00,3.067473654539755756e+01,3.818188390304345925e-02,0.000000000000000000e+00,4.985000000000000142e+01,5.189999999999999858e+01,5.000000000000000000e+01,0.000000000000000000e+00
1.544000000000000000e+03,2.491996107834300034e+01,-5.938778967990283597e+00,3.063920010427218443e+01,2.195399420610998076e-01,0.000000000000000000e+00,4.985000000000000142e+01,5.183599999999999852e+01,5.000000000000000000e+01,0.000000000000000000e+00
1.545000000000000000e+03,2.468706426819955269e+01,-6.034469263547036277e+00,3.060309107195043055e+01,1.184424597961602349e-01,0.000000000000000000e+00,4.985000000000000142e+01,5.186800000000000210e+01,5.000000000000000000e+01,0.000000000000000000e+00
1.546000000000000000e+03,2.464578412306180510e+01,-6.034469263547036277e+00,3.056698203962867666e+01,1.132713469801677475e-01,0.000000000000000000e+00,4.985000000000000142e+01,5.186800000000000210e+01,5.000000000000000000e+01,0.000000000000000000e+00
1.547000000000000000e+03,2.479250515766012697e+01,-5.938778967990283597e+00,3.053144559850330353e+01,1.998385271471085634e-01,0.000000000000000000e+00,4.985000000000000142e+01,5.183599999999999852e+01,5.000000000000000000e+01,0.000000000000000000e+00
1.548000000000000000e+03,2.474824390981731526e+01,-5.938778967990283597e+00,3.049590915737793040e+01,1.911137204296700920e-01,0.000000000000000000e+00,4.985000000000000142e+01,5.183599999999999852e+01,5.000000000000000000e+01,0.000000000000000000e+00
1.549000000000000000e+03,2.489213899343660330e+01,-5.843088672433552233e+00,3.046094530744893802e+01,2.742823584212190635e-01,0.000000000000000000e+00,4.985000000000000142e+01,5.180400000000000205e+01,5.000000000000000000e+01,0.000000000000000000e+00
1.550000000000000000e+03,2.465742475986724358e+01,-5.938778967990283597e+00,3.042540886632356489e+01,1.707948615339643372e-01,0.000000000000000000e+00,4.985000000000000142e+01,5.183599999999999852e+01,5.000000000000000000e+01,0.000000000000000000e+00
1.551000000000000000e+03,2.461443153762719405e+01,-5.938778967990283597e+00,3.038987242519819176e+01,1.633380804192869351e-01,0.000000000000000000e+00,4.985000000000000142e+01,5.183599999999999852e+01,5.000000000000000000e+01,0.000000000000000000e+00
1.552000000000000000e+03,2.457176387310060761e+01,-5.938778967990283597e+00,3.035433598407281863e+01,1.562068570180724369e-01,0.000000000000000000e+00,4.985000000000000142e+01,5.183599999999999852e+01,5.000000000000000000e+01,0.000000000000000000e+00
1.553000000000000000e+03,2.452940755267129092e+01,-5.938778967990283597e+00,3.031879954294744550e+01,1.493869777141283717e-01,0.000000000000000000e+00,4.985000000000000142e+01,5.183599999999999852e+01,5.000000000000000000e+01,0.000000000000000000e+00
1.554000000000000000e+03,2.448734898327933607e+01,-5.938778967990283597e+00,3.028326310182207237e+01,1.428648494475474318e-01,0.000000000000000000e+00,4.985000000000000142e+01,5.183599999999999852e+01,5.000000000000000000e+01,0.000000000000000000e+00
1.555000000000000000e+03,2.444557516532807995e+01,-5.938778967990283597e+00,3.024772666069669924e+01,1.366274726216652746e-01,0.000000000000000000e+00,4.985000000000000142e+01,5.183599999999999852e+01,5.000000000000000000e+01,0.000000000000000000e+00
1.556000000000000000e+03,2.440407366677392176e+01,-5.938778967990283597e+00,3.021219021957132611e+01,1.306624151928811040e-01,0.000000000000000000e+00,4.985000000000000142e+01,5.183599999999999852e+01,5.000000000000000000e+01,0.000000000000000000e+00
1.557000000000000000e+03,2.436283259834736725e+01,-5.938778967990283597e+00,3.017665377844595298e+01,1.249577878916981605e-01,0.000000000000000000e+00,4.985000000000000142e+01,5.183599999999999852e+01,5.000000000000000000e+01,0.000000000000000000e+00
1.558000000000000000e+03,2.470325939682273741e+01,-5.744408055140659108e+00,3.014228041318822804e+01,3.053870387751707050e-01,0.000000000000000000e+00,4.985000000000000142e+01,5.177100000000000080e+01,5.000000000000000000e+01,0.000000000000000000e+00
1.559000000000000000e+03,2.484332846521823512e+01,-5.648717759583906428e+00,3.010847963912688385e+01,3.835665856752565883e-01,0.000000000000000000e+00,4.985000000000000142e+01,5.173899999999999721e+01,5.000000000000000000e+01,0.000000000000000000e+00
1.560000000000000000e+03,2.516833227454438671e+01,-5.457337168470422384e+00,3.007582404745830118e+01,5.498453955565059115e-01,0.000000000000000000e+00,4.985000000000000142e+01,5.167499999999999716e+01,5.000000000000000000e+01,0.000000000000000000e+00
1.561000000000000000e+03,2.605641587235108858e+01,-4.975895368950581599e+00,3.004604930524650896e+01,9.862619360551627690e-01,0.000000000000000000e+00,4.985000000000000142e+01,5.151400000000000290e+01,5.000000000000000000e+01,0.000000000000000000e+00
1.562000000000000000e+03,2.542025540364097935e+01,-5.262966255620797007e+00,3.001455678944557448e+01,6.686648698162001025e-01,0.000000000000000000e+00,4.985000000000000142e+01,5.160999999999999943e+01,5.000000000000000000e+01,0.000000000000000000e+00
1.563000000000000000e+03,2.592289569735150678e+01,-4.975895368950581599e+00,2.998478204723378227e+01,9.140090190683074489e-01,0.000000000000000000e+00,4.985000000000000142e+01,5.151400000000000290e+01,5.000000000000000000e+01,0.000000000000000000e+00
1.564000000000000000e+03,2.528988973915786787e+01,-5.262966255620797007e+00,2.995328953143284778e+01,5.995664633458148707e-01,0.000000000000000000e+00,4.985000000000000142e+01,5.160999999999999943e+01,5.000000000000000000e+01,0.000000000000000000e+00
1.565000000000000000e+03,2.560777140705839017e+01,-5.071585664507312963e+00,2.992294219802467481e+01,7.564148735410282098e-01,0.000000000000000000e+00,4.985000000000000142e+01,5.154599999999999937e+01,5.000000000000000000e+01,0.000000000000000000e+00
1.566000000000000000e+03,2.554439954297509274e+01,-5.071585664507312963e+00,2.989259486461650184e+01,7.233903428659049784e-01,0.000000000000000000e+00,4.985000000000000142e+01,5.154599999999999937e+01,5.000000000000000000e+01,0.000000000000000000e+00
1.567000000000000000e+03,2.491327528657954105e+01,-5.361646872913691020e+00,2.986051186414429992e+01,4.144102953489328667e-01,0.000000000000000000e+00,4.985000000000000142e+01,5.164300000000000068e+01,5.000000000000000000e+01,0.000000000000000000e+00
1.568000000000000000e+03,2.543229364956612315e+01,-5.071585664507312963e+00,2.983016453073612695e+01,6.737147833373116068e-01,0.000000000000000000e+00,4.985000000000000142e+01,5.154599999999999937e+01,5.000000000000000000e+01,0.000000000000000000e+00
1.569000000000000000e+03,2.518475699942580093e+01,-5.167275960064065643e+00,2.979924460613157322e+01,5.527883533582946818e-01,0.000000000000000000e+00,4.985000000000000142e+01,5.157800000000000296e+01,5.000000000000000000e+01,0.000000000000000000e+00
1.570000000000000000e+03,2.494192731926114703e+01,-5.262966255620797007e+00,2.976775209033063874e+01,4.371414845513043046e-01,0.000000000000000000e+00,4.985000000000000142e+01,5.160999999999999943e+01,5.000000000000000000e+01,0.000000000000000000e+00
1.571000000000000000e+03,2.432215530025237271e+01,-5.553027464027175064e+00,2.973452390746567531e+01,1.406588568138718021e-01,0.000000000000000000e+00,4.985000000000000142e+01,5.170700000000000074e+01,5.000000000000000000e+01,0.000000000000000000e+00
1.572000000000000000e+03,2.522753109756587975e+01,-5.071585664507312963e+00,2.970417657405750234e+01,5.949401880156902633e-01,0.000000000000000000e+00,4.985000000000000142e+01,5.154599999999999937e+01,5.000000000000000000e+01,0.000000000000000000e+00
1.573000000000000000e+03,2.517120910239965426e+01,-5.071585664507312963e+00,2.967382924064932936e+01,5.689655262576384098e-01,0.000000000000000000e+00,4.985000000000000142e+01,5.154599999999999937e+01,5.000000000000000000e+01,0.000000000000000000e+00
1.574000000000000000e+03,2.454682692270231215e+01,-5.361646872913691020e+00,2.964174624017712745e+01,2.667275554388757741e-01,0.000000000000000000e+00,4.985000000000000142e+01,5.164300000000000068e+01,5.000000000000000000e+01,0.000000000000000000e+00
1.575000000000000000e+03,2.469674218283446976e+01,-5.262966255620797007e+00,2.961025372437619296e+01,3.494547140790735806e-01,0.000000000000000000e+00,4.985000000000000142e+01,5.160999999999999943e+01,5.000000000000000000e+01,0.000000000000000000e+00
1.576000000000000000e+03,2.408079850531203903e+01,-5.553027464027175064e+00,2.957702554151122953e+01,5.680042782798228052e-02,0.000000000000000000e+00,4.985000000000000142e+01,5.170700000000000074e+01,5.000000000000000000e+01,0.000000000000000000e+00
1.577000000000000000e+03,2.517761091412989316e+01,-4.975895368950581599e+00,2.954725079929943732e+01,6.062554837810381070e-01,0.000000000000000000e+00,4.985000000000000142e+01,5.151400000000000290e+01,5.000000000000000000e+01,0.000000000000000000e+00
1.578000000000000000e+03,2.455804125448349495e+01,-5.262966255620797007e+00,2.951575828349850283e+01,3.052492266057880710e-01,0.000000000000000000e+00,4.985000000000000142e+01,5.160999999999999943e+01,5.000000000000000000e+01,0.000000000000000000e+00
1.579000000000000000e+03,2.470099718911617970e+01,-5.167275960064065643e+00,2.948483835889394911e+01,3.834347902862930146e-01,0.000000000000000000e+00,4.985000000000000142e+01,5.157800000000000296e+01,5.000000000000000000e+01,0.000000000000000000e+00
1.580000000000000000e+03,2.427191796970317483e+01,-5.361646872913691020e+00,2.945275535842174719e+01,1.808094841951178589e-01,0.000000000000000000e+00,4.985000000000000142e+01,5.164300000000000068e+01,5.000000000000000000e+01,0.000000000000000000e+00
1.581000000000000000e+03,2.498891058916414920e+01,-4.975895368950581599e+00,2.942298061620995497e+01,5.418253419047761588e-01,0.000000000000000000e+00,4.985000000000000142e+01,5.151400000000000290e+01,5.000000000000000000e+01,0.000000000000000000e+00
1.582000000000000000e+03,2.455992931594607143e+01,-5.167275960064065643e+00,2.939206069160540125e+01,3.351445844047369338e-01,0.000000000000000000e+00,4.985000000000000142e+01,5.157800000000000296e+01,5.000000000000000000e+01,0.000000000000000000e+00
1.583000000000000000e+03,2.432660180658142934e+01,-5.262966255620797007e+00,2.936056817580446676e+01,2.289998863977583676e-01,0.000000000000000000e+00,4.985000000000000142e+01,5.160999999999999943e+01,5.000000000000000000e+01,0.000000000000000000e+00
1.584000000000000000e+03,2.409146792573426055e+01,-5.361646872913691020e+00,2.932848517533226484e+01,1.246296233156879846e-01,0.000000000000000000e+00,4.985000000000000142e+01,5.164300000000000068e+01,5.000000000000000000e+01,0.000000000000000000e+00
1.585000000000000000e+03,2.462313790495337429e+01,-5.071585664507312963e+00,2.929813784192409187e+01,3.965857275365979318e-01,0.000000000000000000e+00,4.985000000000000142e+01,5.154599999999999937e+01,5.000000000000000000e+01,0.000000000000000000e+00
1.586000000000000000e+03,2.495689473018548199e+01,-4.877214751657687586e+00,2.926895358438356709e+01,5.651558974596047058e-01,0.000000000000000000e+00,4.985000000000000142e+01,5.148100000000000165e+01,5.000000000000000000e+01,0.000000000000000000e+00
1.587000000000000000e+03,2.490303617164330419e+01,-4.877214751657687586e+00,2.923976932684304231e+01,5.404815964579477994e-01,0.000000000000000000e+00,4.985000000000000142e+01,5.148100000000000165e+01,5.000000000000000000e+01,0.000000000000000000e+00
1.588000000000000000e+03,2.446883606841297620e+01,-5.071585664507312963e+00,2.920942199343486934e+01,3.309997394854200525e-01,0.000000000000000000e+00,4.985000000000000142e+01,5.154599999999999937e+01,5.000000000000000000e+01,0.000000000000000000e+00
1.589000000000000000e+03,2.461181293652127167e+01,-4.975895368950581599e+00,2.917964725122307712e+01,4.080610542487764225e-01,0.000000000000000000e+00,4.985000000000000142e+01,5.151400000000000290e+01,5.000000000000000000e+01,0.000000000000000000e+00
1.590000000000000000e+03,2.532119217373994502e+01,-4.590143864987451749e+00,2.915218076727169105e+01,7.591552714557053827e-01,0.000000000000000000e+00,4.985000000000000142e+01,5.138499999999999801e+01,5.000000000000000000e+01,0.000000000000000000e+00
1.591000000000000000e+03,2.639896995456154727e+01,-4.010021448174716951e+00,2.912818561744836288e+01,1.280805785287898457e+00,0.000000000000000000e+00,4.985000000000000142e+01,5.119100000000000250e+01,5.000000000000000000e+01,0.000000000000000000e+00
1.592000000000000000e+03,2.574986152346263069e+01,-4.300082656581073692e+00,2.910245480056100575e+01,9.474893794827008442e-01,0.000000000000000000e+00,4.985000000000000142e+01,5.128799999999999670e+01,5.000000000000000000e+01,0.000000000000000000e+00
1.593000000000000000e+03,2.625195821968807053e+01,-4.010021448174716951e+00,2.907845965073767758e+01,1.183520017125112345e+00,0.000000000000000000e+00,4.985000000000000142e+01,5.119100000000000250e+01,5.000000000000000000e+01,0.000000000000000000e+00
1.594000000000000000e+03,2.617629143505513056e+01,-4.010021448174716951e+00,2.905446450091434940e+01,1.131848382315500556e+00,0.000000000000000000e+00,4.985000000000000142e+01,5.119100000000000250e+01,5.000000000000000000e+01,0.000000000000000000e+00
1.595000000000000000e+03,2.610288059692522111e+01,-4.010021448174716951e+00,2.903046935109102122e+01,1.082432694008917506e+00,0.000000000000000000e+00,4.985000000000000142e+01,5.119100000000000250e+01,5.000000000000000000e+01,0.000000000000000000e+00
1.596000000000000000e+03,2.621940262495321505e+01,-3.914331152617964715e+00,2.900704679246407380e+01,1.126686985107107519e+00,0.000000000000000000e+00,4.985000000000000142e+01,5.115899999999999892e+01,5.000000000000000000e+01,0.000000000000000000e+00
1.597000000000000000e+03,2.595901430825803402e+01,-4.010021448174716951e+00,2.898305164264074563e+01,9.859841137920075660e-01,0.000000000000000000e+00,4.985000000000000142e+01,5.119100000000000250e+01,5.000000000000000000e+01,0.000000000000000000e+00
1.598000000000000000e+03,2.626752262476009392e+01,-3.818640857061233351e+00,2.896020167521017896e+01,1.125961806611147198e+00,0.000000000000000000e+00,4.985000000000000142e+01,5.112700000000000244e+01,5.000000000000000000e+01,0.000000000000000000e+00
1.599000000000000000e+03,2.619551397269476567e+01,-3.818640857061233351e+00,2.893735170777961230e+01,1.076803121976384947e+00,0.000000000000000000e+00,4.985000000000000142e+01,5.112700000000000244e+01,5.000000000000000000e+01,0.000000000000000000e+00
1.600000000000000000e+03,2.575010072820957063e+01,-4.010021448174716951e+00,2.891335655795628412e+01,8.467656184280066833e-01,0.000000000000000000e+00,4.985000000000000142e+01,5.119100000000000250e+01,5.000000000000000000e+01,0.000000000000000000e+00
1.601000000000000000e+03,2.568913639901314738e+01,-4.010021448174716951e+00,2.888936140813295594e+01,8.097964390549113878e-01,0.000000000000000000e+00,4.985000000000000142e+01,5.119100000000000250e+01,5.000000000000000000e+01,0.000000000000000000e+00
1.602000000000000000e+03,2.562978611766394010e+01,-4.010021448174716951e+00,2.886536625830962777e+01,7.744413075290319526e-01,0.000000000000000000e+00,4.985000000000000142e+01,5.119100000000000250e+01,5.000000000000000000e+01,0.000000000000000000e+00
1.603000000000000000e+03,2.613530565397281791e+01,-3.722950561504480671e+00,2.884308888207544186e+01,1.015167333401856276e+00,0.000000000000000000e+00,4.985000000000000142e+01,5.109499999999999886e+01,5.000000000000000000e+01,0.000000000000000000e+00
1.604000000000000000e+03,2.625648221297325335e+01,-3.627260265947749307e+00,2.882138409703763671e+01,1.062358381883367731e+00,0.000000000000000000e+00,4.985000000000000142e+01,5.106300000000000239e+01,5.000000000000000000e+01,0.000000000000000000e+00
1.605000000000000000e+03,2.581284479786964425e+01,-3.818640857061233351e+00,2.879853412960707004e+01,8.329515253238078953e-01,0.000000000000000000e+00,4.985000000000000142e+01,5.112700000000000244e+01,5.000000000000000000e+01,0.000000000000000000e+00
1.606000000000000000e+03,2.594140417712036850e+01,-3.722950561504480671e+00,2.877625675337288413e+01,8.880979852519648166e-01,0.000000000000000000e+00,4.985000000000000142e+01,5.109499999999999886e+01,5.000000000000000000e+01,0.000000000000000000e+00
1.607000000000000000e+03,2.626177188699906395e+01,-3.528579648654855738e+00,2.875514245300634641e+01,1.035209082647572609e+00,0.000000000000000000e+00,4.985000000000000142e+01,5.103000000000000114e+01,5.000000000000000000e+01,0.000000000000000000e+00
1.608000000000000000e+03,2.619546110081381229e+01,-3.528579648654855738e+00,2.873402815263980870e+01,9.900125968288592260e-01,0.000000000000000000e+00,4.985000000000000142e+01,5.103000000000000114e+01,5.000000000000000000e+01,0.000000000000000000e+00
1.609000000000000000e+03,2.631889897343299367e+01,-3.432889353098103058e+00,2.871348644346965173e+01,1.038301883061442332e+00,0.000000000000000000e+00,4.985000000000000142e+01,5.099799999999999756e+01,5.000000000000000000e+01,0.000000000000000000e+00
1.610000000000000000e+03,2.568383152936955938e+01,-3.722950561504480671e+00,2.869120906723546582e+01,7.155730236385740017e-01,0.000000000000000000e+00,4.985000000000000142e+01,5.109499999999999886e+01,5.000000000000000000e+01,0.000000000000000000e+00
1.611000000000000000e+03,2.506698651034241365e+01,-4.010021448174716951e+00,2.866721391741213765e+01,4.097940411049909026e-01,0.000000000000000000e+00,4.985000000000000142e+01,5.119100000000000250e+01,5.000000000000000000e+01,0.000000000000000000e+00
1.612000000000000000e+03,2.502510004669866817e+01,-4.010021448174716951e+00,2.864321876758880947e+01,3.919027272845727050e-01,0.000000000000000000e+00,4.985000000000000142e+01,5.119100000000000250e+01,5.000000000000000000e+01,0.000000000000000000e+00
1.613000000000000000e+03,2.498399470497987096e+01,-4.010021448174716951e+00,2.861922361776548129e+01,3.747925353891037870e-01,0.000000000000000000e+00,4.985000000000000142e+01,5.119100000000000250e+01,5.000000000000000000e+01,0.000000000000000000e+00
1.614000000000000000e+03,2.513141179462383690e+01,-3.914331152617964715e+00,2.859580105913853387e+01,4.499418881032675732e-01,0.000000000000000000e+00,4.985000000000000142e+01,5.115899999999999892e+01,5.000000000000000000e+01,0.000000000000000000e+00
1.615000000000000000e+03,2.565167133396313659e+01,-3.627260265947749307e+00,2.857409627410072872e+01,7.048353258101601737e-01,0.000000000000000000e+00,4.985000000000000142e+01,5.106300000000000239e+01,5.000000000000000000e+01,0.000000000000000000e+00
1.616000000000000000e+03,2.522364311897623423e+01,-3.818640857061233351e+00,2.855124630667016206e+01,4.910376693673045301e-01,0.000000000000000000e+00,4.985000000000000142e+01,5.112700000000000244e+01,5.000000000000000000e+01,0.000000000000000000e+00
1.617000000000000000e+03,2.480380397388382718e+01,-4.010021448174716951e+00,2.852725115684683388e+01,2.865742652117072575e-01,0.000000000000000000e+00,4.985000000000000142e+01,5.119100000000000250e+01,5.000000000000000000e+01,0.000000000000000000e+00
1.618000000000000000e+03,2.495507260990992648e+01,-3.914331152617964715e+00,2.850382859821988646e+01,3.655751643080056290e-01,0.000000000000000000e+00,4.985000000000000142e+01,5.115899999999999892e+01,5.000000000000000000e+01,0.000000000000000000e+00
1.619000000000000000e+03,2.472791388923725009e+01,-4.010021448174716951e+00,2.847983344839655828e+01,2.581018890154058165e-01,0.000000000000000000e+00,4.985000000000000142e+01,5.119100000000000250e+01,5.000000000000000000e+01,0.000000000000000000e+00
1.620000000000000000e+03,2.506820102144064322e+01,-3.818640857061233351e+00,2.845698348096599162e+01,4.298583975358841736e-01,0.000000000000000000e+00,4.985000000000000142e+01,5.112700000000000244e+01,5.000000000000000000e+01,0.000000000000000000e+00
1.621000000000000000e+03,2.615910420239275069e+01,-3.241508761984619014e+00,2.843758695418859617e+01,9.630260101887730961e-01,0.000000000000000000e+00,4.985000000000000142e+01,5.093399999999999750e+01,5.000000000000000000e+01,0.000000000000000000e+00
1.622000000000000000e+03,2.590988723829049789e+01,-3.337199057541371694e+00,2.841761783621481996e+01,8.294684596170495139e-01,0.000000000000000000e+00,4.985000000000000142e+01,5.096600000000000108e+01,5.000000000000000000e+01,0.000000000000000000e+00
1.623000000000000000e+03,2.604147953514777925e+01,-3.241508761984619014e+00,2.839822130943742451e+01,8.847669876949743051e-01,0.000000000000000000e+00,4.985000000000000142e+01,5.093399999999999750e+01,5.000000000000000000e+01,0.000000000000000000e+00
1.624000000000000000e+03,2.636487352344671820e+01,-3.047137849134994081e+00,2.837998785852767725e+01,1.032023514054035251e+00,0.000000000000000000e+00,4.985000000000000142e+01,5.086899999999999977e+01,5.000000000000000000e+01,0.000000000000000000e+00
1.625000000000000000e+03,2.630158266635750763e+01,-3.047137849134994081e+00,2.836175440761792999e+01,9.869661078745712857e-01,0.000000000000000000e+00,4.985000000000000142e+01,5.086899999999999977e+01,5.000000000000000000e+01,0.000000000000000000e+00
1.626000000000000000e+03,2.624025898329482942e+01,-3.047137849134994081e+00,2.834352095670818272e+01,9.438758757216429984e-01,0.000000000000000000e+00,4.985000000000000142e+01,5.086899999999999977e+01,5.000000000000000000e+01,0.000000000000000000e+00
1.627000000000000000e+03,2.579939778188522936e+01,-3.241508761984619014e+00,2.832412442993078727e+01,7.167821139390618823e-01,0.000000000000000000e+00,4.985000000000000142e+01,5.093399999999999750e+01,5.000000000000000000e+01,0.000000000000000000e+00
1.628000000000000000e+03,2.537315623696046529e+01,-3.432889353098103058e+00,2.830358272076063031e+01,5.024628692979399291e-01,0.000000000000000000e+00,4.985000000000000142e+01,5.099799999999999756e+01,5.000000000000000000e+01,0.000000000000000000e+00
1.629000000000000000e+03,2.551845277207851836e+01,-3.337199057541371694e+00,2.828361360278685410e+01,5.720382268330385100e-01,0.000000000000000000e+00,4.985000000000000142e+01,5.096600000000000108e+01,5.000000000000000000e+01,0.000000000000000000e+00
1.630000000000000000e+03,2.604270309516797255e+01,-3.047137849134994081e+00,2.826538015187710684e+01,8.244607924258620102e-01,0.000000000000000000e+00,4.985000000000000142e+01,5.086899999999999977e+01,5.000000000000000000e+01,0.000000000000000000e+00
1.631000000000000000e+03,2.580069886492475106e+01,-3.142828144691746761e+00,2.824657410977097882e+01,6.969528998455187807e-01,0.000000000000000000e+00,4.985000000000000142e+01,5.090100000000000335e+01,5.000000000000000000e+01,0.000000000000000000e+00
1.632000000000000000e+03,2.537004555228611480e+01,-3.337199057541371694e+00,2.822660499179720262e+01,4.806396180302865417e-01,0.000000000000000000e+00,4.985000000000000142e+01,5.096600000000000108e+01,5.000000000000000000e+01,0.000000000000000000e+00
1.633000000000000000e+03,2.589828627306029674e+01,-3.047137849134994081e+00,2.820837154088745535e+01,7.370525813078355748e-01,0.000000000000000000e+00,4.985000000000000142e+01,5.086899999999999977e+01,5.000000000000000000e+01,0.000000000000000000e+00
1.634000000000000000e+03,2.527867941563501830e+01,-3.337199057541371694e+00,2.818840242291367915e+01,4.274760502627115710e-01,0.000000000000000000e+00,4.985000000000000142e+01,5.096600000000000108e+01,5.000000000000000000e+01,0.000000000000000000e+00
1.635000000000000000e+03,2.580924121963475670e+01,-3.047137849134994081e+00,2.817016897200393188e+01,6.862100967658193440e-01,0.000000000000000000e+00,4.985000000000000142e+01,5.086899999999999977e+01,5.000000000000000000e+01,0.000000000000000000e+00
1.636000000000000000e+03,2.557327291557356119e+01,-3.142828144691746761e+00,2.815136292989780387e+01,5.647381303675047537e-01,0.000000000000000000e+00,4.985000000000000142e+01,5.090100000000000335e+01,5.000000000000000000e+01,0.000000000000000000e+00
1.637000000000000000e+03,2.533616741757106539e+01,-3.241508761984619014e+00,2.813196640312040842e+01,4.457097764352758729e-01,0.000000000000000000e+00,4.985000000000000142e+01,5.093399999999999750e+01,5.000000000000000000e+01,0.000000000000000000e+00
1.638000000000000000e+03,2.473398528375528471e+01,-3.528579648654855738e+00,2.811085210275387070e+01,1.517128296562690881e-01,0.000000000000000000e+00,4.985000000000000142e+01,5.103000000000000114e+01,5.000000000000000000e+01,0.000000000000000000e+00
1.639000000000000000e+03,2.565099235504379394e+01,-3.047137849134994081e+00,2.809261865184412343e+01,6.055115523346633610e-01,0.000000000000000000e+00,4.985000000000000142e+01,5.086899999999999977e+01,5.000000000000000000e+01,0.000000000000000000e+00
1.640000000000000000e+03,2.541854729153381598e+01,-3.142828144691746761e+00,2.807381260973799542e+01,4.875628264875672135e-01,0.000000000000000000e+00,4.985000000000000142e+01,5.090100000000000335e+01,5.000000000000000000e+01,0.000000000000000000e+00
1.641000000000000000e+03,2.594178084421595187e+01,-2.855757258021510037e+00,2.805672434122100967e+01,7.408137610164515774e-01,0.000000000000000000e+00,4.985000000000000142e+01,5.080499999999999972e+01,5.000000000000000000e+01,0.000000000000000000e+00
1.642000000000000000e+03,2.570457376574273312e+01,-2.951447553578262717e+00,2.803906348150764316e+01,6.169578378133514507e-01,0.000000000000000000e+00,4.985000000000000142e+01,5.083700000000000330e+01,5.000000000000000000e+01,0.000000000000000000e+00
1.643000000000000000e+03,2.584775238213874360e+01,-2.855757258021510037e+00,2.802197521299065741e+01,6.815344271695955580e-01,0.000000000000000000e+00,4.985000000000000142e+01,5.080499999999999972e+01,5.000000000000000000e+01,0.000000000000000000e+00
1.644000000000000000e+03,2.561313339685023749e+01,-2.951447553578262717e+00,2.800431435327729091e+01,5.602665971512075238e-01,0.000000000000000000e+00,4.985000000000000142e+01,5.083700000000000330e+01,5.000000000000000000e+01,0.000000000000000000e+00
1.645000000000000000e+03,2.538323628681817112e+01,-3.047137849134994081e+00,2.798608090236754364e+01,4.442932335856212278e-01,0.000000000000000000e+00,4.985000000000000142e+01,5.086899999999999977e+01,5.000000000000000000e+01,0.000000000000000000e+00
1.646000000000000000e+03,2.534560531209637801e+01,-3.047137849134994081e+00,2.796784745145779638e+01,4.248957097735749366e-01,0.000000000000000000e+00,4.985000000000000142e+01,5.086899999999999977e+01,5.000000000000000000e+01,0.000000000000000000e+00
1.647000000000000000e+03,2.512104580668647813e+01,-3.142828144691746761e+00,2.794904140935166836e+01,3.148325420265580821e-01,0.000000000000000000e+00,4.985000000000000142e+01,5.090100000000000335e+01,5.000000000000000000e+01,0.000000000000000000e+00
1.648000000000000000e+03,2.527626981433846254e+01,-3.047137849134994081e+00,2.793080795844192110e+01,3.925997050315373493e-01,0.000000000000000000e+00,4.985000000000000142e+01,5.086899999999999977e+01,5.000000000000000000e+01,0.000000000000000000e+00
1.649000000000000000e+03,2.524089574198487540e+01,-3.047137849134994081e+00,2.791257450753217384e+01,3.754590835876953636e-01,0.000000000000000000e+00,4.985000000000000142e+01,5.086899999999999977e+01,5.000000000000000000e+01,0.000000000000000000e+00
1.650000000000000000e+03,2.520627001686566970e+01,-3.047137849134994081e+00,2.789434105662242658e+01,3.590668093782393711e-01,0.000000000000000000e+00,4.985000000000000142e+01,5.086899999999999977e+01,5.000000000000000000e+01,0.000000000000000000e+00
1.651000000000000000e+03,2.517235996667751508e+01,-3.047137849134994081e+00,2.787610760571267932e+01,3.433902100998314499e-01,0.000000000000000000e+00,4.985000000000000142e+01,5.086899999999999977e+01,5.000000000000000000e+01,0.000000000000000000e+00
1.652000000000000000e+03,2.532690975822698221e+01,-2.951447553578262717e+00,2.785844674599931281e+01,4.199105658059322788e-01,0.000000000000000000e+00,4.985000000000000142e+01,5.083700000000000330e+01,5.000000000000000000e+01,0.000000000000000000e+00
1.653000000000000000e+03,2.529091590448303961e+01,-2.951447553578262717e+00,2.784078588628594630e+01,4.015775717753565233e-01,0.000000000000000000e+00,4.985000000000000142e+01,5.083700000000000330e+01,5.000000000000000000e+01,0.000000000000000000e+00
1.654000000000000000e+03,2.525572245610513278e+01,-2.951447553578262717e+00,2.782312502657257980e+01,3.840449831108140311e-01,0.000000000000000000e+00,4.985000000000000142e+01,5.083700000000000330e+01,5.000000000000000000e+01,0.000000000000000000e+00
1.655000000000000000e+03,2.522129446796924057e+01,-2.951447553578262717e+00,2.780546416685921329e+01,3.672778546882892181e-01,0.000000000000000000e+00,4.985000000000000142e+01,5.083700000000000330e+01,5.000000000000000000e+01,0.000000000000000000e+00
1.656000000000000000e+03,2.556901732759728318e+01,-2.757076640728616468e+00,2.778896638301349498e+01,5.371275853124043431e-01,0.000000000000000000e+00,4.985000000000000142e+01,5.077199999999999847e+01,5.000000000000000000e+01,0.000000000000000000e+00
1.657000000000000000e+03,2.514765013178194053e+01,-2.951447553578262717e+00,2.777130552330012847e+01,3.277921620600741104e-01,0.000000000000000000e+00,4.985000000000000142e+01,5.083700000000000330e+01,5.000000000000000000e+01,0.000000000000000000e+00
1.658000000000000000e+03,2.511567810145351132e+01,-2.951447553578262717e+00,2.775364466358676196e+01,3.134809914450098489e-01,0.000000000000000000e+00,4.985000000000000142e+01,5.083700000000000330e+01,5.000000000000000000e+01,0.000000000000000000e+00
1.659000000000000000e+03,2.508433088656632037e+01,-2.951447553578262717e+00,2.773598380387339546e+01,2.997946362711883528e-01,0.000000000000000000e+00,4.985000000000000142e+01,5.083700000000000330e+01,5.000000000000000000e+01,0.000000000000000000e+00
1.660000000000000000e+03,2.486580579546590641e+01,-3.047137849134994081e+00,2.771775035296364820e+01,1.951932916372540183e-01,0.000000000000000000e+00,4.985000000000000142e+01,5.086899999999999977e+01,5.000000000000000000e+01,0.000000000000000000e+00
1.661000000000000000e+03,2.483905034548827473e+01,-3.047137849134994081e+00,2.769951690205390094e+01,1.866712925693666536e-01,0.000000000000000000e+00,4.985000000000000142e+01,5.086899999999999977e+01,5.000000000000000000e+01,0.000000000000000000e+00
1.662000000000000000e+03,2.500044237253626633e+01,-2.951447553578262717e+00,2.768185604234053443e+01,2.700338837739953979e-01,0.000000000000000000e+00,4.985000000000000142e+01,5.083700000000000330e+01,5.000000000000000000e+01,0.000000000000000000e+00
1.663000000000000000e+03,2.478321661453748703e+01,-3.047137849134994081e+00,2.766362259143078717e+01,1.667318722416926136e-01,0.000000000000000000e+00,4.985000000000000142e+01,5.086899999999999977e+01,5.000000000000000000e+01,0.000000000000000000e+00
1.664000000000000000e+03,2.475770376971049558e+01,-3.047137849134994081e+00,2.764538914052103991e+01,1.594524783244498645e-01,0.000000000000000000e+00,4.985000000000000142e+01,5.086899999999999977e+01,5.000000000000000000e+01,0.000000000000000000e+00
1.665000000000000000e+03,2.473250873799919702e+01,-3.047137849134994081e+00,2.762715568961129264e+01,1.524908975228996821e-01,0.000000000000000000e+00,4.985000000000000142e+01,5.086899999999999977e+01,5.000000000000000000e+01,0.000000000000000000e+00
1.666000000000000000e+03,2.470761764391098225e+01,-3.047137849134994081e+00,2.760892223870154538e+01,1.458332543444317841e-01,0.000000000000000000e+00,4.985000000000000142e+01,5.086899999999999977e+01,5.000000000000000000e+01,0.000000000000000000e+00
1.667000000000000000e+03,2.468301721774729174e+01,-3.047137849134994081e+00,2.759068878779179812e+01,1.394662790904880045e-01,0.000000000000000000e+00,4.985000000000000142e+01,5.086899999999999977e+01,5.000000000000000000e+01,0.000000000000000000e+00
1.668000000000000000e+03,2.503424559447630315e+01,-2.855757258021510037e+00,2.757360051927481237e+01,3.164023332230012642e-01,0.000000000000000000e+00,4.985000000000000142e+01,5.080499999999999972e+01,5.000000000000000000e+01,0.000000000000000000e+00
1.669000000000000000e+03,2.500334342709944124e+01,-2.855757258021510037e+00,2.755651225075782662e+01,3.025884343631227158e-01,0.000000000000000000e+00,4.985000000000000142e+01,5.080499999999999972e+01,5.000000000000000000e+01,0.000000000000000000e+00
1.670000000000000000e+03,2.478526895197513369e+01,-2.951447553578262717e+00,2.753885139104446012e+01,1.978651145089357355e-01,0.000000000000000000e+00,4.985000000000000142e+01,5.083700000000000330e+01,5.000000000000000000e+01,0.000000000000000000e+00
1.671000000000000000e+03,2.514038825029113866e+01,-2.757076640728616468e+00,2.752235360719874180e+01,3.751112838210142186e-01,0.000000000000000000e+00,4.985000000000000142e+01,5.077199999999999847e+01,5.000000000000000000e+01,0.000000000000000000e+00
1.672000000000000000e+03,2.453831915729676538e+01,-3.047137849134994081e+00,2.750412015628899454e+01,8.133685014276476055e-02,0.000000000000000000e+00,4.985000000000000142e+01,5.086899999999999977e+01,5.000000000000000000e+01,0.000000000000000000e+00
1.673000000000000000e+03,2.470431001052698505e+01,-2.951447553578262717e+00,2.748645929657562803e+01,1.692982675296177686e-01,0.000000000000000000e+00,4.985000000000000142e+01,5.083700000000000330e+01,5.000000000000000000e+01,0.000000000000000000e+00
1.674000000000000000e+03,2.449148229725881976e+01,-3.047137849134994081e+00,2.746822584566588077e+01,7.039430072793524673e-02,0.000000000000000000e+00,4.985000000000000142e+01,5.086899999999999977e+01,5.000000000000000000e+01,0.000000000000000000e+00
1.675000000000000000e+03,2.503936970131244877e+01,-2.757076640728616468e+00,2.745172806182016245e+01,3.447182802209028951e-01,0.000000000000000000e+00,4.985000000000000142e+01,5.077199999999999847e+01,5.000000000000000000e+01,0.000000000000000000e+00
1.676000000000000000e+03,2.595256680962541296e+01,-2.275634841208754811e+00,2.743811112743123459e+01,7.900905234029338420e-01,0.000000000000000000e+00,4.985000000000000142e+01,5.061099999999999710e+01,5.000000000000000000e+01,0.000000000000000000e+00
1.677000000000000000e+03,2.571081169554334167e+01,-2.374315458501648379e+00,2.742390370837103930e+01,6.612234456739515265e-01,0.000000000000000000e+00,4.985000000000000142e+01,5.064399999999999835e+01,5.000000000000000000e+01,0.000000000000000000e+00
1.678000000000000000e+03,2.472299069030317398e+01,-2.855757258021510037e+00,2.740681543985405355e+01,1.719325084706307405e-01,0.000000000000000000e+00,4.985000000000000142e+01,5.080499999999999972e+01,5.000000000000000000e+01,0.000000000000000000e+00
1.679000000000000000e+03,2.489203936612874202e+01,-2.757076640728616468e+00,2.739031765600833523e+01,2.587983508490228624e-01,0.000000000000000000e+00,4.985000000000000142e+01,5.077199999999999847e+01,5.000000000000000000e+01,0.000000000000000000e+00
1.680000000000000000e+03,2.523979345728578139e+01,-2.565696049615132424e+00,2.737496505455537843e+01,4.305244523455347139e-01,0.000000000000000000e+00,4.985000000000000142e+01,5.070799999999999841e+01,5.000000000000000000e+01,0.000000000000000000e+00
1.681000000000000000e+03,2.501786905447042741e+01,-2.661386345171885104e+00,2.735903986190604087e+01,3.202155377362703725e-01,0.000000000000000000e+00,4.985000000000000142e+01,5.074000000000000199e+01,5.000000000000000000e+01,0.000000000000000000e+00
1.682000000000000000e+03,2.460654467422116554e+01,-2.855757258021510037e+00,2.734195159338905512e+01,1.203503388536208141e-01,0.000000000000000000e+00,4.985000000000000142e+01,5.080499999999999972e+01,5.000000000000000000e+01,0.000000000000000000e+00
1.683000000000000000e+03,2.515339621588486096e+01,-2.565696049615132424e+00,2.732659899193609832e+01,3.924932735638937409e-01,0.000000000000000000e+00,4.985000000000000142e+01,5.070799999999999841e+01,5.000000000000000000e+01,0.000000000000000000e+00
1.684000000000000000e+03,2.455171342008210189e+01,-2.855757258021510037e+00,2.730951072341911257e+01,9.795995468449641974e-02,0.000000000000000000e+00,4.985000000000000142e+01,5.080499999999999972e+01,5.000000000000000000e+01,0.000000000000000000e+00
1.685000000000000000e+03,2.434257287756611987e+01,-2.951447553578262717e+00,2.729184986370574606e+01,2.170567438634973811e-03,0.000000000000000000e+00,4.985000000000000142e+01,5.083700000000000330e+01,5.000000000000000000e+01,0.000000000000000000e+00
1.686000000000000000e+03,2.413704183977510453e+01,-3.047137849134994081e+00,2.727361641279599880e+01,-8.943672388589871125e-02,0.000000000000000000e+00,4.985000000000000142e+01,5.086899999999999977e+01,5.000000000000000000e+01,0.000000000000000000e+00
1.687000000000000000e+03,2.412271313206220569e+01,-3.047137849134994081e+00,2.725538296188625154e+01,-8.553198068905279450e-02,0.000000000000000000e+00,4.985000000000000142e+01,5.086899999999999977e+01,5.000000000000000000e+01,0.000000000000000000e+00
1.688000000000000000e+03,2.410821394606285750e+01,-3.047137849134994081e+00,2.723714951097650427e+01,-8.179771577865178889e-02,0.000000000000000000e+00,4.985000000000000142e+01,5.086899999999999977e+01,5.000000000000000000e+01,0.000000000000000000e+00
1.689000000000000000e+03,2.409355172473674145e+01,-3.047137849134994081e+00,2.721891606006675701e+01,-7.822648619502227396e-02,0.000000000000000000e+00,4.985000000000000142e+01,5.086899999999999977e+01,5.000000000000000000e+01,0.000000000000000000e+00
1.690000000000000000e+03,2.407873358608924619e+01,-3.047137849134994081e+00,2.720068260915700975e+01,-7.481117393277007810e-02,0.000000000000000000e+00,4.985000000000000142e+01,5.086899999999999977e+01,5.000000000000000000e+01,0.000000000000000000e+00
1.691000000000000000e+03,2.406376633735875714e+01,-3.047137849134994081e+00,2.718244915824726249e+01,-7.154497175350960081e-02,0.000000000000000000e+00,4.985000000000000142e+01,5.086899999999999977e+01,5.000000000000000000e+01,0.000000000000000000e+00
1.692000000000000000e+03,2.480562612087258856e+01,-2.661386345171885104e+00,2.716652396559792493e+01,3.004885004465484566e-01,0.000000000000000000e+00,4.985000000000000142e+01,5.074000000000000199e+01,5.000000000000000000e+01,0.000000000000000000e+00
1.693000000000000000e+03,2.590910227349404948e+01,-2.084254250095270766e+00,2.715405221360175858e+01,8.393043099875602264e-01,0.000000000000000000e+00,4.985000000000000142e+01,5.054699999999999704e+01,5.000000000000000000e+01,0.000000000000000000e+00
1.694000000000000000e+03,2.604776251015863409e+01,-1.988563954538539402e+00,2.714215305280197299e+01,8.941734118951989441e-01,0.000000000000000000e+00,4.985000000000000142e+01,5.051500000000000057e+01,5.000000000000000000e+01,0.000000000000000000e+00
1.695000000000000000e+03,2.619046777404282267e+01,-1.889883337245645611e+00,2.713084437667345483e+01,9.495067346150128929e-01,0.000000000000000000e+00,4.985000000000000142e+01,5.048199999999999932e+01,5.000000000000000000e+01,0.000000000000000000e+00
1.696000000000000000e+03,2.670103055310378082e+01,-1.602812450575430425e+00,2.712125347413407894e+01,1.182589529545133633e+00,0.000000000000000000e+00,4.985000000000000142e+01,5.038600000000000279e+01,5.000000000000000000e+01,0.000000000000000000e+00
1.697000000000000000e+03,2.758455368512363748e+01,-1.121370651055568768e+00,2.711454342105149351e+01,1.591380915127712514e+00,0.000000000000000000e+00,4.985000000000000142e+01,5.022500000000000142e+01,5.000000000000000000e+01,0.000000000000000000e+00
1.698000000000000000e+03,2.694503884507009417e+01,-1.408441537725784176e+00,2.710611559437976581e+01,1.247364788416115200e+00,0.000000000000000000e+00,4.985000000000000142e+01,5.032099999999999795e+01,5.000000000000000000e+01,0.000000000000000000e+00
1.699000000000000000e+03,2.744547820466259935e+01,-1.121370651055568768e+00,2.709940554129718038e+01,1.467443314420985301e+00,0.000000000000000000e+00,4.985000000000000142e+01,5.022500000000000142e+01,5.000000000000000000e+01,0.000000000000000000e+00
1.700000000000000000e+03,2.756834402362268222e+01,-1.022690033762674977e+00,2.709328597288586238e+01,1.497748084499494148e+00,0.000000000000000000e+00,4.985000000000000142e+01,5.019200000000000017e+01,5.000000000000000000e+01,0.000000000000000000e+00
1.701000000000000000e+03,2.806016008641070414e+01,-7.356191470924384745e-01,2.708888417806368665e+01,1.706895055439457076e+00,0.000000000000000000e+00,4.985000000000000142e+01,5.009599999999999653e+01,5.000000000000000000e+01,0.000000000000000000e+00
1.702000000000000000e+03,2.798123647811110004e+01,-7.356191470924384745e-01,2.708448238324151092e+01,1.632373241962029375e+00,0.000000000000000000e+00,4.985000000000000142e+01,5.009599999999999653e+01,5.000000000000000000e+01,0.000000000000000000e+00
1.703000000000000000e+03,2.753001561339966941e+01,-9.269997382059224078e-01,2.707893540602657367e+01,1.378079945579016030e+00,0.000000000000000000e+00,4.985000000000000142e+01,5.015999999999999659e+01,5.000000000000000000e+01,0.000000000000000000e+00
1.704000000000000000e+03,2.783985347981061409e+01,-7.356191470924384745e-01,2.707453361120439794e+01,1.500939015698656620e+00,0.000000000000000000e+00,4.985000000000000142e+01,5.009599999999999653e+01,5.000000000000000000e+01,0.000000000000000000e+00
1.705000000000000000e+03,2.871466680938782545e+01,-2.541773475725981335e-01,2.707301266583901267e+01,1.895831491121410473e+00,0.000000000000000000e+00,4.985000000000000142e+01,4.993500000000000227e+01,5.000000000000000000e+01,0.000000000000000000e+00
1.706000000000000000e+03,2.863037522131903856e+01,-2.541773475725981335e-01,2.707149172047362740e+01,1.813060848418008186e+00,0.000000000000000000e+00,4.985000000000000142e+01,4.993500000000000227e+01,5.000000000000000000e+01,0.000000000000000000e+00
1.707000000000000000e+03,2.779859568948293358e+01,-6.369385297995660000e-01,2.706768041032271910e+01,1.367853808959780482e+00,0.000000000000000000e+00,4.985000000000000142e+01,5.006300000000000239e+01,5.000000000000000000e+01,0.000000000000000000e+00
1.708000000000000000e+03,2.848616651406699773e+01,-2.541773475725981335e-01,2.706615946495733382e+01,1.674184396682260934e+00,0.000000000000000000e+00,4.985000000000000142e+01,4.993500000000000227e+01,5.000000000000000000e+01,0.000000000000000000e+00
1.709000000000000000e+03,2.860519527342292179e+01,-1.554967302797043427e-01,2.706522900426321598e+01,1.695462999439411256e+00,0.000000000000000000e+00,4.985000000000000142e+01,4.990200000000000102e+01,5.000000000000000000e+01,0.000000000000000000e+00
1.710000000000000000e+03,2.833659872030794347e+01,-2.541773475725981335e-01,2.706370805889783071e+01,1.527068008982709113e+00,0.000000000000000000e+00,4.985000000000000142e+01,4.993500000000000227e+01,5.000000000000000000e+01,0.000000000000000000e+00
1.711000000000000000e+03,2.846205047559949008e+01,-1.554967302797043427e-01,2.706277759820371287e+01,1.554769607675480225e+00,0.000000000000000000e+00,4.985000000000000142e+01,4.990200000000000102e+01,5.000000000000000000e+01,0.000000000000000000e+00
1.712000000000000000e+03,2.839323988933213627e+01,-1.554967302797043427e-01,2.706184713750959503e+01,1.486889482102244475e+00,0.000000000000000000e+00,4.985000000000000142e+01,4.990200000000000102e+01,5.000000000000000000e+01,0.000000000000000000e+00
1.713000000000000000e+03,2.832739290064547077e+01,-1.554967302797043427e-01,2.706091667681547719e+01,1.421972954109699261e+00,0.000000000000000000e+00,4.985000000000000142e+01,4.990200000000000102e+01,5.000000000000000000e+01,0.000000000000000000e+00
1.714000000000000000e+03,2.845215553365604322e+01,-5.980643472295177343e-02,2.706055880731774010e+01,1.451403161061255442e+00,0.000000000000000000e+00,4.985000000000000142e+01,4.986999999999999744e+01,5.000000000000000000e+01,0.000000000000000000e+00
1.715000000000000000e+03,2.820065503082147274e+01,-1.554967302797043427e-01,2.705962834662362226e+01,1.296523414477553482e+00,0.000000000000000000e+00,4.985000000000000142e+01,4.990200000000000102e+01,5.000000000000000000e+01,0.000000000000000000e+00
1.716000000000000000e+03,2.814311928806568730e+01,-1.554967302797043427e-01,2.705869788592950442e+01,1.239918132415887220e+00,0.000000000000000000e+00,4.985000000000000142e+01,4.990200000000000102e+01,5.000000000000000000e+01,0.000000000000000000e+00
1.717000000000000000e+03,2.789441149700596156e+01,-2.541773475725981335e-01,2.705717694056411915e+01,1.091411904014440104e+00,0.000000000000000000e+00,4.985000000000000142e+01,4.993500000000000227e+01,5.000000000000000000e+01,0.000000000000000000e+00
1.718000000000000000e+03,2.803888368527098507e+01,-1.554967302797043427e-01,2.705624647987000131e+01,1.138133935680689657e+00,0.000000000000000000e+00,4.985000000000000142e+01,4.990200000000000102e+01,5.000000000000000000e+01,0.000000000000000000e+00
1.719000000000000000e+03,2.798826311352004836e+01,-1.554967302797043427e-01,2.705531601917588347e+01,1.088443824623867684e+00,0.000000000000000000e+00,4.985000000000000142e+01,4.990200000000000102e+01,5.000000000000000000e+01,0.000000000000000000e+00
1.720000000000000000e+03,2.793981197636676939e+01,-1.554967302797043427e-01,2.705438555848176563e+01,1.040923148164707879e+00,0.000000000000000000e+00,4.985000000000000142e+01,4.990200000000000102e+01,5.000000000000000000e+01,0.000000000000000000e+00
1.721000000000000000e+03,2.789343555785312034e+01,-1.554967302797043427e-01,2.705345509778764779e+01,9.954771903451771209e-01,0.000000000000000000e+00,4.985000000000000142e+01,4.990200000000000102e+01,5.000000000000000000e+01,0.000000000000000000e+00
1.722000000000000000e+03,2.784904327725183748e+01,-1.554967302797043427e-01,2.705252463709352995e+01,9.520153704380138748e-01,0.000000000000000000e+00,4.985000000000000142e+01,4.990200000000000102e+01,5.000000000000000000e+01,0.000000000000000000e+00
1.723000000000000000e+03,2.761290511421896809e+01,-2.541773475725981335e-01,2.705100369172814467e+01,8.160787700634214437e-01,0.000000000000000000e+00,4.985000000000000142e+01,4.993500000000000227e+01,5.000000000000000000e+01,0.000000000000000000e+00
1.724000000000000000e+03,2.776939814956950414e+01,-1.554967302797043427e-01,2.705007323103402683e+01,8.748216488151824288e-01,0.000000000000000000e+00,4.985000000000000142e+01,4.990200000000000102e+01,5.000000000000000000e+01,0.000000000000000000e+00
1.725000000000000000e+03,2.773027360334489799e+01,-1.554967302797043427e-01,2.704914277033990899e+01,8.366275632846948973e-01,0.000000000000000000e+00,4.985000000000000142e+01,4.990200000000000102e+01,5.000000000000000000e+01,0.000000000000000000e+00
1.726000000000000000e+03,2.769281658349150987e+01,-1.554967302797043427e-01,2.704821230964579115e+01,8.001010041254236205e-01,0.000000000000000000e+00,4.985000000000000142e+01,4.990200000000000102e+01,5.000000000000000000e+01,0.000000000000000000e+00
1.727000000000000000e+03,2.727553548003751871e+01,-3.498676431293294975e-01,2.704611877308402512e+01,5.792843500828236403e-01,0.000000000000000000e+00,4.985000000000000142e+01,4.996699999999999875e+01,5.000000000000000000e+01,0.000000000000000000e+00
1.728000000000000000e+03,2.706037539170865358e+01,-4.455579386860820668e-01,2.704345264532587834e+01,4.624806850688572002e-01,0.000000000000000000e+00,4.985000000000000142e+01,4.999900000000000233e+01,5.000000000000000000e+01,0.000000000000000000e+00
1.729000000000000000e+03,2.722529310171625383e+01,-3.498676431293294975e-01,2.704135910876411231e+01,5.338016360814689110e-01,0.000000000000000000e+00,4.985000000000000142e+01,4.996699999999999875e+01,5.000000000000000000e+01,0.000000000000000000e+00
1.730000000000000000e+03,2.663656793072706463e+01,-6.369385297995660000e-01,2.703754779861320401e+01,2.359586619134243501e-01,0.000000000000000000e+00,4.985000000000000142e+01,5.006300000000000239e+01,5.000000000000000000e+01,0.000000000000000000e+00
1.731000000000000000e+03,2.699800566001108848e+01,-4.455579386860820668e-01,2.703488167085505722e+01,4.086819278421121027e-01,0.000000000000000000e+00,4.985000000000000142e+01,4.999900000000000233e+01,5.000000000000000000e+01,0.000000000000000000e+00
1.732000000000000000e+03,2.660194594717845717e+01,-6.369385297995660000e-01,2.703107036070414892e+01,2.078141162738725012e-01,0.000000000000000000e+00,4.985000000000000142e+01,5.006300000000000239e+01,5.000000000000000000e+01,0.000000000000000000e+00
1.733000000000000000e+03,2.715238785979291336e+01,-3.498676431293294975e-01,2.702897682414238290e+01,4.732786787798608508e-01,0.000000000000000000e+00,4.985000000000000142e+01,4.996699999999999875e+01,5.000000000000000000e+01,0.000000000000000000e+00
1.734000000000000000e+03,2.675408049035683788e+01,-5.412482342428134308e-01,2.702573810518785535e+01,2.695906194117989596e-01,0.000000000000000000e+00,4.985000000000000142e+01,5.003099999999999881e+01,5.000000000000000000e+01,0.000000000000000000e+00
1.735000000000000000e+03,2.560068319912655710e+01,-1.121370651055568768e+00,2.701902805210526992e+01,-2.969742019231451646e-01,0.000000000000000000e+00,4.985000000000000142e+01,5.022500000000000142e+01,5.000000000000000000e+01,0.000000000000000000e+00
1.736000000000000000e+03,2.560693882663036547e+01,-1.121370651055568768e+00,2.701231799902268449e+01,-2.840085213367504191e-01,0.000000000000000000e+00,4.985000000000000142e+01,5.022500000000000142e+01,5.000000000000000000e+01,0.000000000000000000e+00
1.737000000000000000e+03,2.561262838182223689e+01,-1.121370651055568768e+00,2.700560794594009906e+01,-2.716089130622931225e-01,0.000000000000000000e+00,4.985000000000000142e+01,5.022500000000000142e+01,5.000000000000000000e+01,0.000000000000000000e+00
1.738000000000000000e+03,2.543000116635258223e+01,-1.217060946612300132e+00,2.699832530166113287e+01,-3.512631886962491734e-01,0.000000000000000000e+00,4.985000000000000142e+01,5.025699999999999790e+01,5.000000000000000000e+01,0.000000000000000000e+00
1.739000000000000000e+03,2.543805442087190016e+01,-1.217060946612300132e+00,2.699104265738216668e+01,-3.359272898979666078e-01,0.000000000000000000e+00,4.985000000000000142e+01,5.025699999999999790e+01,5.000000000000000000e+01,0.000000000000000000e+00
1.740000000000000000e+03,2.563321353371329536e+01,-1.121370651055568768e+00,2.698433260429958125e+01,-2.297484195307200050e-01,0.000000000000000000e+00,4.985000000000000142e+01,5.022500000000000142e+01,5.000000000000000000e+01,0.000000000000000000e+00
1.741000000000000000e+03,2.563653413179021712e+01,-1.121370651055568768e+00,2.697762255121699582e+01,-2.197177683712120688e-01,0.000000000000000000e+00,4.985000000000000142e+01,5.022500000000000142e+01,5.000000000000000000e+01,0.000000000000000000e+00
1.742000000000000000e+03,2.563941679883418701e+01,-1.121370651055568768e+00,2.697091249813441038e+01,-2.101250482446542223e-01,0.000000000000000000e+00,4.985000000000000142e+01,5.022500000000000142e+01,5.000000000000000000e+01,0.000000000000000000e+00
1.743000000000000000e+03,2.564188065459990895e+01,-1.121370651055568768e+00,2.696420244505182495e+01,-2.009511393963494819e-01,0.000000000000000000e+00,4.985000000000000142e+01,5.022500000000000142e+01,5.000000000000000000e+01,0.000000000000000000e+00
1.744000000000000000e+03,2.451142352647801559e+01,-1.698502746132161789e+00,2.695403895131606831e+01,-7.441126787058934822e-01,0.000000000000000000e+00,4.985000000000000142e+01,5.041799999999999926e+01,5.000000000000000000e+01,0.000000000000000000e+00
1.745000000000000000e+03,2.377677782612924773e+01,-2.084254250095270766e+00,2.694156719931990196e+01,-1.080535123095385241e+00,0.000000000000000000e+00,4.985000000000000142e+01,5.054699999999999704e+01,5.000000000000000000e+01,0.000000000000000000e+00
1.746000000000000000e+03,2.381148146235774732e+01,-2.084254250095270766e+00,2.692909544732373561e+01,-1.033359734870716640e+00,0.000000000000000000e+00,4.985000000000000142e+01,5.054699999999999704e+01,5.000000000000000000e+01,0.000000000000000000e+00
1.747000000000000000e+03,2.384412545498320668e+01,-2.084254250095270766e+00,2.691662369532756927e+01,-9.882439902490923744e-01,0.000000000000000000e+00,4.985000000000000142e+01,5.054699999999999704e+01,5.000000000000000000e+01,0.000000000000000000e+00
1.748000000000000000e+03,2.349924890124637855e+01,-2.275634841208754811e+00,2.690300676093864141e+01,-1.128123018483505158e+00,0.000000000000000000e+00,4.985000000000000142e+01,5.061099999999999710e+01,5.000000000000000000e+01,0.000000000000000000e+00
1.749000000000000000e+03,2.391043583377318171e+01,-2.084254250095270766e+00,2.689053500894247506e+01,-8.958449250740240233e-01,0.000000000000000000e+00,4.985000000000000142e+01,5.054699999999999704e+01,5.000000000000000000e+01,0.000000000000000000e+00
1.750000000000000000e+03,2.393707602846543026e+01,-2.084254250095270766e+00,2.687806325694630871e+01,-8.567329783856093561e-01,0.000000000000000000e+00,4.985000000000000142e+01,5.054699999999999704e+01,5.000000000000000000e+01,0.000000000000000000e+00
1.751000000000000000e+03,2.358645779830562361e+01,-2.275634841208754811e+00,2.686444632255738085e+01,-1.002353683043002430e+00,0.000000000000000000e+00,4.985000000000000142e+01,5.061099999999999710e+01,5.000000000000000000e+01,0.000000000000000000e+00
1.752000000000000000e+03,2.342295951225512241e+01,-2.374315458501648379e+00,2.685023890349718556e+01,-1.052963932740416331e+00,0.000000000000000000e+00,4.985000000000000142e+01,5.064399999999999835e+01,5.000000000000000000e+01,0.000000000000000000e+00
1.753000000000000000e+03,2.307917291770893442e+01,-2.565696049615132424e+00,2.683488630204422876e+01,-1.190017334720163911e+00,0.000000000000000000e+00,4.985000000000000142e+01,5.070799999999999841e+01,5.000000000000000000e+01,0.000000000000000000e+00
1.754000000000000000e+03,2.254658139966269204e+01,-2.855757258021510037e+00,2.681779803352724301e+01,-1.415459375843042933e+00,0.000000000000000000e+00,4.985000000000000142e+01,5.080499999999999972e+01,5.000000000000000000e+01,0.000000000000000000e+00
1.755000000000000000e+03,2.334826070423587296e+01,-2.470005754058401060e+00,2.680301802327066696e+01,-9.847515649763913803e-01,0.000000000000000000e+00,4.985000000000000142e+01,5.067600000000000193e+01,5.000000000000000000e+01,0.000000000000000000e+00
1.756000000000000000e+03,2.337647424077815472e+01,-2.470005754058401060e+00,2.678823801301409091e+01,-9.417580181775333514e-01,0.000000000000000000e+00,4.985000000000000142e+01,5.067600000000000193e+01,5.000000000000000000e+01,0.000000000000000000e+00
1.757000000000000000e+03,2.359058612257433651e+01,-2.374315458501648379e+00,2.677403059395389562e+01,-8.091290128779109470e-01,0.000000000000000000e+00,4.985000000000000142e+01,5.064399999999999835e+01,5.000000000000000000e+01,0.000000000000000000e+00
1.758000000000000000e+03,2.361170469569199071e+01,-2.374315458501648379e+00,2.675982317489370033e+01,-7.738030207000622385e-01,0.000000000000000000e+00,4.985000000000000142e+01,5.064399999999999835e+01,5.000000000000000000e+01,0.000000000000000000e+00
1.759000000000000000e+03,2.344350554867580527e+01,-2.470005754058401060e+00,2.674504316463712428e+01,-8.315318619029160585e-01,0.000000000000000000e+00,4.985000000000000142e+01,5.067600000000000193e+01,5.000000000000000000e+01,0.000000000000000000e+00
1.760000000000000000e+03,2.290170338493037150e+01,-2.757076640728616468e+00,2.672854538079140596e+01,-1.069765355132417994e+00,0.000000000000000000e+00,4.985000000000000142e+01,5.077199999999999847e+01,5.000000000000000000e+01,0.000000000000000000e+00
1.761000000000000000e+03,2.236271656933954688e+01,-3.047137849134994081e+00,2.671031192988165870e+01,-1.300457511407117073e+00,0.000000000000000000e+00,4.985000000000000142e+01,5.086899999999999977e+01,5.000000000000000000e+01,0.000000000000000000e+00
1.762000000000000000e+03,2.240126016034082213e+01,-3.047137849134994081e+00,2.669207847897191144e+01,-1.243680469496095897e+00,0.000000000000000000e+00,4.985000000000000142e+01,5.086899999999999977e+01,5.000000000000000000e+01,0.000000000000000000e+00
1.763000000000000000e+03,2.262510031908857400e+01,-2.951447553578262717e+00,2.667441761925854493e+01,-1.097869746591706885e+00,0.000000000000000000e+00,4.985000000000000142e+01,5.083700000000000330e+01,5.000000000000000000e+01,0.000000000000000000e+00
1.764000000000000000e+03,2.303679047179157280e+01,-2.757076640728616468e+00,2.665791983541282661e+01,-8.640527228926361270e-01,0.000000000000000000e+00,4.985000000000000142e+01,5.077199999999999847e+01,5.000000000000000000e+01,0.000000000000000000e+00
1.765000000000000000e+03,2.267659780293003990e+01,-2.951447553578262717e+00,2.664025897569946011e+01,-1.012213619191159486e+00,0.000000000000000000e+00,4.985000000000000142e+01,5.083700000000000330e+01,5.000000000000000000e+01,0.000000000000000000e+00
1.766000000000000000e+03,2.289090487626002357e+01,-2.855757258021510037e+00,2.662317070718247436e+01,-8.765085729009409743e-01,0.000000000000000000e+00,4.985000000000000142e+01,5.080499999999999972e+01,5.000000000000000000e+01,0.000000000000000000e+00
1.767000000000000000e+03,2.253653351784757675e+01,-3.047137849134994081e+00,2.660493725627272710e+01,-1.021265889290156492e+00,0.000000000000000000e+00,4.985000000000000142e+01,5.086899999999999977e+01,5.000000000000000000e+01,0.000000000000000000e+00
1.768000000000000000e+03,2.256288780293835572e+01,-3.047137849134994081e+00,2.658670380536297984e+01,-9.766781532896289253e-01,0.000000000000000000e+00,4.985000000000000142e+01,5.086899999999999977e+01,5.000000000000000000e+01,0.000000000000000000e+00
1.769000000000000000e+03,2.258729541946564012e+01,-3.047137849134994081e+00,2.656847035445323257e+01,-9.340370858525981479e-01,0.000000000000000000e+00,4.985000000000000142e+01,5.086899999999999977e+01,5.000000000000000000e+01,0.000000000000000000e+00
1.770000000000000000e+03,2.204064713795475683e+01,-3.337199057541371694e+00,2.654850123647945637e+01,-1.170655040983326289e+00,0.000000000000000000e+00,4.985000000000000142e+01,5.096600000000000108e+01,5.000000000000000000e+01,0.000000000000000000e+00
1.771000000000000000e+03,2.264098219878993490e+01,-3.047137849134994081e+00,2.653026778556970910e+01,-8.421477376447812357e-01,0.000000000000000000e+00,4.985000000000000142e+01,5.086899999999999977e+01,5.000000000000000000e+01,0.000000000000000000e+00
1.772000000000000000e+03,2.227809750692462032e+01,-3.241508761984619014e+00,2.651087125879231365e+01,-9.912649898830735440e-01,0.000000000000000000e+00,4.985000000000000142e+01,5.093399999999999750e+01,5.000000000000000000e+01,0.000000000000000000e+00
1.773000000000000000e+03,2.268339770537118127e+01,-3.047137849134994081e+00,2.649263780788256639e+01,-7.621022533763905926e-01,0.000000000000000000e+00,4.985000000000000142e+01,5.086899999999999977e+01,5.000000000000000000e+01,0.000000000000000000e+00
1.774000000000000000e+03,2.212924287243217591e+01,-3.337199057541371694e+00,2.647266868990879018e+01,-1.006226759935241466e+00,0.000000000000000000e+00,4.985000000000000142e+01,5.096600000000000108e+01,5.000000000000000000e+01,0.000000000000000000e+00
1.775000000000000000e+03,2.234098030552202019e+01,-3.241508761984619014e+00,2.645327216313139473e+01,-8.707830956247547549e-01,0.000000000000000000e+00,4.985000000000000142e+01,5.093399999999999750e+01,5.000000000000000000e+01,0.000000000000000000e+00
1.776000000000000000e+03,2.179627530595850615e+01,-3.528579648654855738e+00,2.643215786276485701e+01,-1.107302908151496679e+00,0.000000000000000000e+00,4.985000000000000142e+01,5.103000000000000114e+01,5.000000000000000000e+01,0.000000000000000000e+00
1.777000000000000000e+03,2.125431083647967156e+01,-3.818640857061233351e+00,2.640930789533429035e+01,-1.336356201793386322e+00,0.000000000000000000e+00,4.985000000000000142e+01,5.112700000000000244e+01,5.000000000000000000e+01,0.000000000000000000e+00
1.778000000000000000e+03,2.110202980936562867e+01,-3.914331152617964715e+00,2.638588533670734293e+01,-1.369524374723748439e+00,0.000000000000000000e+00,4.985000000000000142e+01,5.115899999999999892e+01,5.000000000000000000e+01,0.000000000000000000e+00
1.779000000000000000e+03,2.095062428968819646e+01,-4.010021448174716951e+00,2.636189018688401475e+01,-1.401244449021103122e+00,0.000000000000000000e+00,4.985000000000000142e+01,5.119100000000000250e+01,5.000000000000000000e+01,0.000000000000000000e+00
1.780000000000000000e+03,2.136335729248190063e+01,-3.818640857061233351e+00,2.633904021945344809e+01,-1.157042069910313220e+00,0.000000000000000000e+00,4.985000000000000142e+01,5.112700000000000244e+01,5.000000000000000000e+01,0.000000000000000000e+00
1.781000000000000000e+03,2.120324753902204762e+01,-3.914331152617964715e+00,2.631561766082650067e+01,-1.198038969186488556e+00,0.000000000000000000e+00,4.985000000000000142e+01,5.115899999999999892e+01,5.000000000000000000e+01,0.000000000000000000e+00
1.782000000000000000e+03,2.104435508957419643e+01,-4.010021448174716951e+00,2.629162251100317249e+01,-1.237245973254261111e+00,0.000000000000000000e+00,4.985000000000000142e+01,5.119100000000000250e+01,5.000000000000000000e+01,0.000000000000000000e+00
1.783000000000000000e+03,2.107437721125840824e+01,-4.010021448174716951e+00,2.626762736117984431e+01,-1.183228701746720013e+00,0.000000000000000000e+00,4.985000000000000142e+01,5.119100000000000250e+01,5.000000000000000000e+01,0.000000000000000000e+00
1.784000000000000000e+03,2.110204097762428077e+01,-4.010021448174716951e+00,2.624363221135651614e+01,-1.131569785557519303e+00,0.000000000000000000e+00,4.985000000000000142e+01,5.119100000000000250e+01,5.000000000000000000e+01,0.000000000000000000e+00
1.785000000000000000e+03,2.112744935277296676e+01,-4.010021448174716951e+00,2.621963706153318796e+01,-1.082166260585505357e+00,0.000000000000000000e+00,4.985000000000000142e+01,5.119100000000000250e+01,5.000000000000000000e+01,0.000000000000000000e+00
1.786000000000000000e+03,2.115070080546683684e+01,-4.010021448174716951e+00,2.619564191170985978e+01,-1.034919658068307546e+00,0.000000000000000000e+00,4.985000000000000142e+01,5.119100000000000250e+01,5.000000000000000000e+01,0.000000000000000000e+00
1.787000000000000000e+03,2.117188950539274472e+01,-4.010021448174716951e+00,2.617164676188653161e+01,-9.897358083190719302e-01,0.000000000000000000e+00,4.985000000000000142e+01,5.119100000000000250e+01,5.000000000000000000e+01,0.000000000000000000e+00
1.788000000000000000e+03,2.099746211655035921e+01,-4.108702065467589648e+00,2.614706112739193600e+01,-1.040896945373987359e+00,0.000000000000000000e+00,4.985000000000000142e+01,5.122399999999999665e+01,5.000000000000000000e+01,0.000000000000000000e+00
1.789000000000000000e+03,2.121196469018646624e+01,-4.010021448174716951e+00,2.612306597756860782e+01,-9.010798392074212959e-01,0.000000000000000000e+00,4.985000000000000142e+01,5.119100000000000250e+01,5.000000000000000000e+01,0.000000000000000000e+00
1.790000000000000000e+03,2.103366664534051722e+01,-4.108702065467589648e+00,2.609848034307401221e+01,-9.561116322659057865e-01,0.000000000000000000e+00,4.985000000000000142e+01,5.122399999999999665e+01,5.000000000000000000e+01,0.000000000000000000e+00
1.791000000000000000e+03,2.124446755303710432e+01,-4.010021448174716951e+00,2.607448519325068403e+01,-8.199961920388658676e-01,0.000000000000000000e+00,4.985000000000000142e+01,5.119100000000000250e+01,5.000000000000000000e+01,0.000000000000000000e+00
1.792000000000000000e+03,2.181959908661877989e+01,-3.722950561504480671e+00,2.605220781701649813e+01,-5.096581688932371179e-01,0.000000000000000000e+00,4.985000000000000142e+01,5.109499999999999886e+01,5.000000000000000000e+01,0.000000000000000000e+00
1.793000000000000000e+03,2.125624678239305609e+01,-4.010021448174716951e+00,2.602821266719316995e+01,-7.619444366253971257e-01,0.000000000000000000e+00,4.985000000000000142e+01,5.119100000000000250e+01,5.000000000000000000e+01,0.000000000000000000e+00
1.794000000000000000e+03,2.182884381798367812e+01,-3.722950561504480671e+00,2.600593529095898404e+01,-4.541409114708271910e-01,0.000000000000000000e+00,4.985000000000000142e+01,5.109499999999999886e+01,5.000000000000000000e+01,0.000000000000000000e+00
1.795000000000000000e+03,2.220781271507945576e+01,-3.528579648654855738e+00,2.598482099059244632e+01,-2.484286268581344104e-01,0.000000000000000000e+00,4.985000000000000142e+01,5.103000000000000114e+01,5.000000000000000000e+01,0.000000000000000000e+00
1.796000000000000000e+03,2.276087086830373352e+01,-3.241508761984619014e+00,2.596542446381505087e+01,3.695516647330138182e-02,0.000000000000000000e+00,4.985000000000000142e+01,5.093399999999999750e+01,5.000000000000000000e+01,0.000000000000000000e+00
1.797000000000000000e+03,2.293350429977849103e+01,-3.142828144691746761e+00,2.594661842170892285e+01,1.297140227613152175e-01,0.000000000000000000e+00,4.985000000000000142e+01,5.090100000000000335e+01,5.000000000000000000e+01,0.000000000000000000e+00
1.798000000000000000e+03,2.271539164219808171e+01,-3.241508761984619014e+00,2.592722189493152740e+01,2.967850925117450356e-02,0.000000000000000000e+00,4.985000000000000142e+01,5.093399999999999750e+01,5.000000000000000000e+01,0.000000000000000000e+00
1.799000000000000000e+03,2.307611817996701831e+01,-3.047137849134994081e+00,2.590898844402178014e+01,2.142675850802321369e-01,0.000000000000000000e+00,4.985000000000000142e+01,5.086899999999999977e+01,5.000000000000000000e+01,0.000000000000000000e+00
1.800000000000000000e+03,1.462887662061490879e+01,-3.142828144691746761e+00,2.589018240191565212e+01,1.134002901383283496e-01,-8.231877926747324992e+00,4.985000000000000142e+01,5.090100000000000335e+01,6.000000000000000000e+01,0.000000000000000000e+00
1.801000000000000000e+03,1.466296119436005263e+01,-3.047137849134994081e+00,2.587194895100590486e+01,1.999618407394965214e-01,-8.361811748250355336e+00,4.985000000000000142e+01,5.086899999999999977e+01,6.000000000000000000e+01,0.000000000000000000e+00
1.802000000000000000e+03,1.451119713232474062e+01,-3.047137849134994081e+00,2.585371550009615760e+01,1.912316502390879747e-01,-8.486612168875511841e+00,4.985000000000000142e+01,5.086899999999999977e+01,6.000000000000000000e+01,0.000000000000000000e+00
1.803000000000000000e+03,1.436475481758992778e+01,-3.047137849134994081e+00,2.583548204918641034e+01,1.828826135922924923e-01,-8.606471996053778994e+00,4.985000000000000142e+01,5.086899999999999977e+01,6.000000000000000000e+01,0.000000000000000000e+00
1.804000000000000000e+03,1.403565656476900259e+01,-3.142828144691746761e+00,2.581667600708028232e+01,8.338556398783066037e-02,-8.721576861607363895e+00,4.985000000000000142e+01,5.090100000000000335e+01,6.000000000000000000e+01,0.000000000000000000e+00
1.805000000000000000e+03,1.352126253506555642e+01,-3.337199057541371694e+00,2.579670688910650611e+01,-1.061398081589558368e-01,-8.832105488340619814e+00,4.985000000000000142e+01,5.096600000000000108e+01,6.000000000000000000e+01,0.000000000000000000e+00
1.806000000000000000e+03,1.358757835923561075e+01,-3.241508761984619014e+00,2.577731036232911066e+01,-9.993294379184891607e-03,-8.938229946729695286e+00,4.985000000000000142e+01,5.093399999999999750e+01,6.000000000000000000e+01,0.000000000000000000e+00
1.807000000000000000e+03,1.327895676451136175e+01,-3.337199057541371694e+00,2.575734124435533445e+01,-1.010695202239579038e-01,-9.040115902078641241e+00,4.985000000000000142e+01,5.096600000000000108e+01,6.000000000000000000e+01,0.000000000000000000e+00
1.808000000000000000e+03,1.316559331885899908e+01,-3.337199057541371694e+00,2.573737212638155825e+01,-9.665689748515469970e-02,-9.137922852496032533e+00,4.985000000000000142e+01,5.096600000000000108e+01,6.000000000000000000e+01,0.000000000000000000e+00
1.809000000000000000e+03,1.268041184082297335e+01,-3.528579648654855738e+00,2.571625782601502053e+01,-2.754619785041834690e-01,-9.231804358033009805e+00,4.985000000000000142e+01,5.103000000000000114e+01,6.000000000000000000e+01,0.000000000000000000e+00
1.810000000000000000e+03,1.276899552218535838e+01,-3.432889353098103058e+00,2.569571611684486356e+01,-1.719229802504261828e-01,-9.321908261310975163e+00,4.985000000000000142e+01,5.099799999999999756e+01,6.000000000000000000e+01,0.000000000000000000e+00
1.811000000000000000e+03,1.266949120833960762e+01,-3.432889353098103058e+00,2.567517440767470660e+01,-1.644169462819774497e-01,-9.408376899955019468e+00,4.985000000000000142e+01,5.099799999999999756e+01,6.000000000000000000e+01,0.000000000000000000e+00
1.812000000000000000e+03,1.294870823921901959e+01,-3.241508761984619014e+00,2.565577788089731115e+01,2.578643144372275153e-02,-9.491347311137396048e+00,4.985000000000000142e+01,5.093399999999999750e+01,6.000000000000000000e+01,0.000000000000000000e+00
1.813000000000000000e+03,1.323000058492592856e+01,-3.047137849134994081e+00,2.563754442998756389e+01,2.105454325974113750e-01,-9.570951428524050897e+00,4.985000000000000142e+01,5.086899999999999977e+01,6.000000000000000000e+01,0.000000000000000000e+00
1.814000000000000000e+03,1.312621002810635140e+01,-3.047137849134994081e+00,2.561931097907781663e+01,2.013531700698777127e-01,-9.647316271906349883e+00,4.985000000000000142e+01,5.086899999999999977e+01,6.000000000000000000e+01,0.000000000000000000e+00
1.815000000000000000e+03,1.302593778437255523e+01,-3.047137849134994081e+00,2.560107752816806936e+01,1.925622351291393919e-01,-9.720564129789657670e+00,4.985000000000000142e+01,5.086899999999999977e+01,6.000000000000000000e+01,0.000000000000000000e+00
1.816000000000000000e+03,1.311682401168426360e+01,-2.951447553578262717e+00,2.558341666845470286e+01,2.756676320081729026e-01,-9.790812735200349337e+00,4.985000000000000142e+01,5.083700000000000330e+01,6.000000000000000000e+01,0.000000000000000000e+00
1.817000000000000000e+03,1.301976500117745772e+01,-2.951447553578262717e+00,2.556575580874133635e+01,2.636321809774777591e-01,-9.858175434963094119e+00,4.985000000000000142e+01,5.083700000000000330e+01,6.000000000000000000e+01,0.000000000000000000e+00
1.818000000000000000e+03,1.292600823186250913e+01,-2.951447553578262717e+00,2.554809494902796985e+01,2.521221891037284113e-01,-9.922761352690928405e+00,4.985000000000000142e+01,5.083700000000000330e+01,6.000000000000000000e+01,0.000000000000000000e+00
1.819000000000000000e+03,1.321684451219877054e+01,-2.757076640728616468e+00,2.553159716518225153e+01,4.269995334667281428e-01,-9.984675545721591661e+00,4.985000000000000142e+01,5.077199999999999847e+01,6.000000000000000000e+01,0.000000000000000000e+00
1.820000000000000000e+03,1.349791144989833569e+01,-2.565696049615132424e+00,2.551624456372929473e+01,5.913820920091641398e-01,-1.004401915622498720e+01,4.985000000000000142e+01,5.070799999999999841e+01,6.000000000000000000e+01,0.000000000000000000e+00
1.821000000000000000e+03,1.283067491050546671e+01,-2.855757258021510037e+00,2.549915629521230898e+01,2.881654300128647095e-01,-1.010088955669819732e+01,4.985000000000000142e+01,5.080499999999999972e+01,6.000000000000000000e+01,0.000000000000000000e+00
1.822000000000000000e+03,1.255873920004471778e+01,-2.951447553578262717e+00,2.548149543549894247e+01,1.840718081805619022e-01,-1.015538049005652432e+01,4.985000000000000142e+01,5.083700000000000330e+01,6.000000000000000000e+01,0.000000000000000000e+00
1.823000000000000000e+03,1.229306477012655741e+01,-3.047137849134994081e+00,2.546326198458919521e+01,8.452283919360593922e-02,-1.020758220452125009e+01,4.985000000000000142e+01,5.086899999999999977e+01,6.000000000000000000e+01,0.000000000000000000e+00
1.824000000000000000e+03,1.203336632106337234e+01,-3.142828144691746761e+00,2.544445594248306719e+01,-1.067989323062736029e-02,-1.025758158349731985e+01,4.985000000000000142e+01,5.090100000000000335e+01,6.000000000000000000e+01,0.000000000000000000e+00
1.825000000000000000e+03,1.215492128096410340e+01,-3.047137849134994081e+00,2.542622249157331993e+01,8.129890915283369268e-02,-1.030546227062705711e+01,4.985000000000000142e+01,5.086899999999999977e+01,6.000000000000000000e+01,0.000000000000000000e+00
1.826000000000000000e+03,1.208729585843813048e+01,-3.047137849134994081e+00,2.540798904066357267e+01,7.774945710860946269e-02,-1.035130479019905714e+01,4.985000000000000142e+01,5.086899999999999977e+01,6.000000000000000000e+01,0.000000000000000000e+00
1.827000000000000000e+03,1.183401063646748419e+01,-3.142828144691746761e+00,2.538918299855744465e+01,-1.715755431347967819e-02,-1.039518666308473094e+01,4.985000000000000142e+01,5.090100000000000335e+01,6.000000000000000000e+01,0.000000000000000000e+00
1.828000000000000000e+03,1.177395782558878068e+01,-3.142828144691746761e+00,2.537037695645131663e+01,-1.640846780215413081e-02,-1.043718251836863331e+01,4.985000000000000142e+01,5.090100000000000335e+01,6.000000000000000000e+01,0.000000000000000000e+00
1.829000000000000000e+03,1.133426767598365004e+01,-3.337199057541371694e+00,2.535040783847754042e+01,-2.015769041200421996e-01,-1.047736420083247566e+01,4.985000000000000142e+01,5.096600000000000108e+01,6.000000000000000000e+01,0.000000000000000000e+00
1.830000000000000000e+03,1.128466258740435890e+01,-3.337199057541371694e+00,2.533043872050376422e+01,-1.927762011111957829e-01,-1.051580087444683542e+01,4.985000000000000142e+01,5.096600000000000108e+01,6.000000000000000000e+01,0.000000000000000000e+00
1.831000000000000000e+03,1.180554591211581439e+01,-3.047137849134994081e+00,2.531220526959401695e+01,9.303761367558111006e-02,-1.055255912201878843e+01,4.985000000000000142e+01,5.086899999999999977e+01,6.000000000000000000e+01,0.000000000000000000e+00
1.832000000000000000e+03,1.156033117396439458e+01,-3.142828144691746761e+00,2.529339922748788894e+01,-2.536867693454625261e-03,-1.058770304113829219e+01,4.985000000000000142e+01,5.090100000000000335e+01,6.000000000000000000e+01,0.000000000000000000e+00
1.833000000000000000e+03,1.169582000691985257e+01,-3.047137849134994081e+00,2.527516577657814167e+01,8.908641603741600246e-02,-1.062129433656070887e+01,4.985000000000000142e+01,5.086899999999999977e+01,6.000000000000000000e+01,0.000000000000000000e+00
1.834000000000000000e+03,1.145382362174478530e+01,-3.142828144691746761e+00,2.525635973447201366e+01,-6.315558877596424980e-03,-1.065339240915788466e+01,4.985000000000000142e+01,5.090100000000000335e+01,6.000000000000000000e+01,0.000000000000000000e+00
1.835000000000000000e+03,1.159240669266137225e+01,-3.047137849134994081e+00,2.523812628356226639e+01,8.547269979928276418e-02,-1.068405444156518236e+01,4.985000000000000142e+01,5.086899999999999977e+01,6.000000000000000000e+01,0.000000000000000000e+00
1.836000000000000000e+03,1.154116052592032027e+01,-3.047137849134994081e+00,2.521989283265251913e+01,8.174102304999696089e-02,-1.071333548064720098e+01,4.985000000000000142e+01,5.086899999999999977e+01,6.000000000000000000e+01,0.000000000000000000e+00
1.837000000000000000e+03,1.262392574194696770e+01,-2.470005754058401060e+00,2.520511282239594308e+01,6.301071905097456183e-01,-1.074128851690032072e+01,4.985000000000000142e+01,5.067600000000000193e+01,6.000000000000000000e+01,0.000000000000000000e+00
1.838000000000000000e+03,1.179799002754107740e+01,-2.855757258021510037e+00,2.518802455387895733e+01,2.336872925894644681e-01,-1.076796456090583654e+01,4.985000000000000142e+01,5.080499999999999972e+01,6.000000000000000000e+01,0.000000000000000000e+00
1.839000000000000000e+03,1.268999602840415442e+01,-2.374315458501648379e+00,2.517381713481876204e+01,6.839070690302723188e-01,-1.079341271694323190e+01,4.985000000000000142e+01,5.064399999999999835e+01,6.000000000000000000e+01,0.000000000000000000e+00
1.840000000000000000e+03,1.224611135514470739e+01,-2.565696049615132424e+00,2.515846453336580524e+01,4.710231252630662224e-01,-1.081768025386903354e+01,4.985000000000000142e+01,5.070799999999999841e+01,6.000000000000000000e+01,0.000000000000000000e+00
1.841000000000000000e+03,1.218706180249311011e+01,-2.565696049615132424e+00,2.514311193191284843e+01,4.504585935582320899e-01,-1.084081267336283538e+01,4.985000000000000142e+01,5.070799999999999841e+01,6.000000000000000000e+01,0.000000000000000000e+00
1.842000000000000000e+03,1.213000139975975245e+01,-2.565696049615132424e+00,2.512775933045989163e+01,4.307918945532318578e-01,-1.086285377563823928e+01,4.985000000000000142e+01,5.070799999999999841e+01,6.000000000000000000e+01,0.000000000000000000e+00
1.843000000000000000e+03,1.169929796087424556e+01,-2.757076640728616468e+00,2.511126154661417331e+01,2.289587777015845427e-01,-1.088384572271289663e+01,4.985000000000000142e+01,5.077199999999999847e+01,6.000000000000000000e+01,0.000000000000000000e+00
1.844000000000000000e+03,1.127140181748248082e+01,-2.951447553578262717e+00,2.509360068690080681e+01,3.307778348819845338e-02,-1.090382909932826294e+01,4.985000000000000142e+01,5.083700000000000330e+01,6.000000000000000000e+01,0.000000000000000000e+00
1.845000000000000000e+03,1.104550752053554774e+01,-3.047137849134994081e+00,2.507536723599105954e+01,-5.987889471411204922e-02,-1.092284297160640349e+01,4.985000000000000142e+01,5.086899999999999977e+01,6.000000000000000000e+01,0.000000000000000000e+00
1.846000000000000000e+03,1.101180636728637197e+01,-3.047137849134994081e+00,2.505713378508131228e+01,-5.726462513210149596e-02,-1.094092494352784328e+01,4.985000000000000142e+01,5.086899999999999977e+01,6.000000000000000000e+01,0.000000000000000000e+00
1.847000000000000000e+03,1.097888678104076554e+01,-3.047137849134994081e+00,2.503890033417156502e+01,-5.476449268438602497e-02,-1.095811121131142052e+01,4.985000000000000142e+01,5.086899999999999977e+01,6.000000000000000000e+01,0.000000000000000000e+00
1.848000000000000000e+03,1.075894349146656381e+01,-3.142828144691746761e+00,2.502009429206543700e+01,-1.438860401330685768e-01,-1.097443661577405649e+01,4.985000000000000142e+01,5.090100000000000335e+01,6.000000000000000000e+01,0.000000000000000000e+00
1.849000000000000000e+03,1.091869674632821763e+01,-3.047137849134994081e+00,2.500186084115568974e+01,-4.609155294703200234e-02,-1.098993469274544488e+01,4.985000000000000142e+01,5.086899999999999977e+01,6.000000000000000000e+01,0.000000000000000000e+00
1.850000000000000000e+03,1.088777259068642067e+01,-3.047137849134994081e+00,2.498362739024594248e+01,-4.407922881459178099e-02,-1.100463772160993514e+01,4.985000000000000142e+01,5.086899999999999977e+01,6.000000000000000000e+01,0.000000000000000000e+00
1.851000000000000000e+03,1.085752455684607654e+01,-3.047137849134994081e+00,2.496539393933619522e+01,-4.215476130999516735e-02,-1.101857677204512953e+01,4.985000000000000142e+01,5.086899999999999977e+01,6.000000000000000000e+01,0.000000000000000000e+00
1.852000000000000000e+03,1.082792657559135918e+01,-3.047137849134994081e+00,2.494716048842644796e+01,-4.031431467590485679e-02,-1.103178174902419073e+01,4.985000000000000142e+01,5.086899999999999977e+01,6.000000000000000000e+01,0.000000000000000000e+00
1.853000000000000000e+03,1.174369857656266625e+01,-2.565696049615132424e+00,2.493180788697349115e+01,4.218681753506472454e-01,-1.104428143614634017e+01,4.985000000000000142e+01,5.070799999999999841e+01,6.000000000000000000e+01,0.000000000000000000e+00
1.854000000000000000e+03,1.207365623736085958e+01,-2.374315458501648379e+00,2.491760046791329586e+01,5.864747653068446143e-01,-1.105610353735763418e+01,4.985000000000000142e+01,5.064399999999999835e+01,6.000000000000000000e+01,0.000000000000000000e+00
1.855000000000000000e+03,1.259186679068772108e+01,-2.084254250095270766e+00,2.490512871591712951e+01,8.382670419876601109e-01,-1.106727471712179778e+01,4.985000000000000142e+01,5.054699999999999704e+01,6.000000000000000000e+01,0.000000000000000000e+00
1.856000000000000000e+03,1.215670015377027013e+01,-2.275634841208754811e+00,2.489151178152820165e+01,6.186438525495187024e-01,-1.107782063909869308e+01,4.985000000000000142e+01,5.061099999999999710e+01,6.000000000000000000e+01,0.000000000000000000e+00
1.857000000000000000e+03,1.210612830834921816e+01,-2.275634841208754811e+00,2.487789484713927379e+01,5.916343058045473446e-01,-1.108776600338584650e+01,4.985000000000000142e+01,5.061099999999999710e+01,6.000000000000000000e+01,0.000000000000000000e+00
1.858000000000000000e+03,1.167589365869028484e+01,-2.470005754058401060e+00,2.486311483688269774e+01,3.799191582423731006e-01,-1.109713458237638406e+01,4.985000000000000142e+01,5.067600000000000193e+01,6.000000000000000000e+01,0.000000000000000000e+00
1.859000000000000000e+03,1.182348739031701790e+01,-2.374315458501648379e+00,2.484890741782250245e+01,4.548446862809524260e-01,-1.110594925528478960e+01,4.985000000000000142e+01,5.064399999999999835e+01,6.000000000000000000e+01,0.000000000000000000e+00
1.860000000000000000e+03,1.216255779945211657e+01,-2.179944545652023447e+00,2.483586307462995535e+01,6.208713118641355777e-01,-1.111423204138995047e+01,4.985000000000000142e+01,5.057900000000000063e+01,6.000000000000000000e+01,0.000000000000000000e+00
1.861000000000000000e+03,1.211463456958588480e+01,-2.179944545652023447e+00,2.482281873143740825e+01,5.937645158436194448e-01,-1.112200413204311999e+01,4.985000000000000142e+01,5.057900000000000063e+01,6.000000000000000000e+01,0.000000000000000000e+00
1.862000000000000000e+03,1.188060969153465862e+01,-2.275634841208754811e+00,2.480920179704848039e+01,4.763286571816165438e-01,-1.112928592148668372e+01,4.985000000000000142e+01,5.061099999999999710e+01,6.000000000000000000e+01,0.000000000000000000e+00
1.863000000000000000e+03,1.221493630000388997e+01,-2.084254250095270766e+00,2.479673004505231404e+01,6.385575415747420935e-01,-1.113609703652789484e+01,4.985000000000000142e+01,5.054699999999999704e+01,6.000000000000000000e+01,0.000000000000000000e+00
1.864000000000000000e+03,1.141125662301703869e+01,-2.470005754058401060e+00,2.478195003479573799e+01,2.417687073898017736e-01,-1.114245636511009963e+01,4.985000000000000142e+01,5.067600000000000193e+01,6.000000000000000000e+01,0.000000000000000000e+00
1.865000000000000000e+03,1.156777085840553454e+01,-2.374315458501648379e+00,2.476774261573554270e+01,3.227257849940380896e-01,-1.114838208382239770e+01,4.985000000000000142e+01,5.064399999999999835e+01,6.000000000000000000e+01,0.000000000000000000e+00
1.866000000000000000e+03,1.021366799228330713e+01,-3.047137849134994081e+00,2.474950916482579544e+01,-3.348116390203046411e-01,-1.115389168438718848e+01,4.985000000000000142e+01,5.086899999999999977e+01,6.000000000000000000e+01,0.000000000000000000e+00
1.867000000000000000e+03,1.039271727520071131e+01,-2.951447553578262717e+00,2.473184830511242893e+01,-2.286814771699326454e-01,-1.115900199916352342e+01,4.985000000000000142e+01,5.083700000000000330e+01,6.000000000000000000e+01,0.000000000000000000e+00
1.868000000000000000e+03,1.019253784550894792e+01,-3.047137849134994081e+00,2.471361485420268167e+01,-3.102099338558755859e-01,-1.116372922570286264e+01,4.985000000000000142e+01,5.086899999999999977e+01,6.000000000000000000e+01,0.000000000000000000e+00
1.869000000000000000e+03,1.018348821305602314e+01,-3.047137849134994081e+00,2.469538140329293441e+01,-2.966663907095156150e-01,-1.116808895039240213e+01,4.985000000000000142e+01,5.086899999999999977e+01,6.000000000000000000e+01,0.000000000000000000e+00
1.870000000000000000e+03,1.017419978308846673e+01,-3.047137849134994081e+00,2.467714795238318715e+01,-2.837141489398631311e-01,-1.117209617121986120e+01,4.985000000000000142e+01,5.086899999999999977e+01,6.000000000000000000e+01,0.000000000000000000e+00
1.871000000000000000e+03,1.016468393989300978e+01,-3.047137849134994081e+00,2.465891450147343988e+01,-2.713273927530510665e-01,-1.117576531969238474e+01,4.985000000000000142e+01,5.086899999999999977e+01,6.000000000000000000e+01,0.000000000000000000e+00
1.872000000000000000e+03,1.072414570566097325e+01,-2.757076640728616468e+00,2.464241671762772157e+01,1.791591070282089193e-02,-1.117911028194095380e+01,4.985000000000000142e+01,5.077199999999999847e+01,6.000000000000000000e+01,0.000000000000000000e+00
1.873000000000000000e+03,1.145493323955091114e+01,-2.374315458501648379e+00,2.462820929856752628e+01,3.831838185255787010e-01,-1.118214441904054723e+01,4.985000000000000142e+01,5.064399999999999835e+01,6.000000000000000000e+01,0.000000000000000000e+00
1.874000000000000000e+03,1.104570929704023108e+01,-2.565696049615132424e+00,2.461285669711456947e+01,1.834292361160143325e-01,-1.118488058657522366e+01,4.985000000000000142e+01,5.070799999999999841e+01,6.000000000000000000e+01,0.000000000000000000e+00
1.875000000000000000e+03,1.177686737213026547e+01,-2.179944545652023447e+00,2.459981235392202237e+01,5.443307173363952645e-01,-1.118733115347612994e+01,4.985000000000000142e+01,5.057900000000000063e+01,6.000000000000000000e+01,0.000000000000000000e+00
1.876000000000000000e+03,1.155010566101492842e+01,-2.275634841208754811e+00,2.458619541953309451e+01,4.290531028500353949e-01,-1.118950802015944390e+01,4.985000000000000142e+01,5.061099999999999710e+01,6.000000000000000000e+01,0.000000000000000000e+00
1.877000000000000000e+03,1.189139278547793666e+01,-2.084254250095270766e+00,2.457372366753692816e+01,5.933460040265671198e-01,-1.119142263599028908e+01,4.985000000000000142e+01,5.054699999999999704e+01,6.000000000000000000e+01,0.000000000000000000e+00
1.878000000000000000e+03,1.185135259254558271e+01,-2.084254250095270766e+00,2.456125191554076181e+01,5.674409431977039953e-01,-1.119308601609761133e+01,4.985000000000000142e+01,5.054699999999999704e+01,6.000000000000000000e+01,0.000000000000000000e+00
1.879000000000000000e+03,1.181268403462374472e+01,-2.084254250095270766e+00,2.454878016354459547e+01,5.426668787385695580e-01,-1.119450875756414909e+01,4.985000000000000142e+01,5.054699999999999704e+01,6.000000000000000000e+01,0.000000000000000000e+00
1.880000000000000000e+03,1.196310295125815948e+01,-1.988563954538539402e+00,2.453688100274480988e+01,6.104869580665917006e-01,-1.119570105501470358e+01,4.985000000000000142e+01,5.051500000000000057e+01,6.000000000000000000e+01,0.000000000000000000e+00
1.881000000000000000e+03,1.173580329460327221e+01,-2.084254250095270766e+00,2.452440925074864353e+01,4.923210095749557258e-01,-1.119667271562505562e+01,4.985000000000000142e+01,5.054699999999999704e+01,6.000000000000000000e+01,0.000000000000000000e+00
1.882000000000000000e+03,1.170107670260577315e+01,-2.084254250095270766e+00,2.451193749875247718e+01,4.708266275216209107e-01,-1.119743317357305479e+01,4.985000000000000142e+01,5.054699999999999704e+01,6.000000000000000000e+01,0.000000000000000000e+00
1.883000000000000000e+03,1.185526608013624639e+01,-1.988563954538539402e+00,2.450003833795269159e+01,5.417832006746735596e-01,-1.119799150395257925e+01,4.985000000000000142e+01,5.051500000000000057e+01,6.000000000000000000e+01,0.000000000000000000e+00
1.884000000000000000e+03,1.163157270862890691e+01,-2.084254250095270766e+00,2.448756658595652524e+01,4.266168089380021344e-01,-1.119835643617035181e+01,4.985000000000000142e+01,5.054699999999999704e+01,6.000000000000000000e+01,0.000000000000000000e+00
1.885000000000000000e+03,1.160029524216409946e+01,-2.084254250095270766e+00,2.447509483396035890e+01,4.079910251437969260e-01,-1.119853636684478637e+01,4.985000000000000142e+01,5.054699999999999704e+01,6.000000000000000000e+01,0.000000000000000000e+00
1.886000000000000000e+03,1.157000788935017610e+01,-2.084254250095270766e+00,2.446262308196419255e+01,3.901784297066376861e-01,-1.119853937222538320e+01,4.985000000000000142e+01,5.054699999999999704e+01,6.000000000000000000e+01,0.000000000000000000e+00
1.887000000000000000e+03,1.172844279178917404e+01,-1.988563954538539402e+00,2.445072392116440696e+01,4.646560453137687507e-01,-1.119837322015046510e+01,4.985000000000000142e+01,5.051500000000000057e+01,6.000000000000000000e+01,0.000000000000000000e+00
1.888000000000000000e+03,1.169658492001699379e+01,-1.988563954538539402e+00,2.443882476036462137e+01,4.443694957513430466e-01,-1.119804538156043172e+01,4.985000000000000142e+01,5.051500000000000057e+01,6.000000000000000000e+01,0.000000000000000000e+00
1.889000000000000000e+03,1.147799183317057192e+01,-2.084254250095270766e+00,2.442635300836845502e+01,3.334561164803808708e-01,-1.119756304158299365e+01,4.985000000000000142e+01,5.054699999999999704e+01,6.000000000000000000e+01,0.000000000000000000e+00
1.890000000000000000e+03,1.145159155774971538e+01,-2.084254250095270766e+00,2.441388125637228868e+01,3.188976616790336616e-01,-1.119693311020633786e+01,4.985000000000000142e+01,5.054699999999999704e+01,6.000000000000000000e+01,0.000000000000000000e+00
1.891000000000000000e+03,1.142596784029444912e+01,-2.084254250095270766e+00,2.440140950437612233e+01,3.049748185690837610e-01,-1.119616223255548526e+01,4.985000000000000142e+01,5.054699999999999704e+01,6.000000000000000000e+01,0.000000000000000000e+00
1.892000000000000000e+03,1.158886195295877464e+01,-1.988563954538539402e+00,2.438951034357633674e+01,3.831723627075921401e-01,-1.119525679878661784e+01,4.985000000000000142e+01,5.051500000000000057e+01,6.000000000000000000e+01,0.000000000000000000e+00
1.893000000000000000e+03,1.175491100119653076e+01,-1.889883337245645611e+00,2.437820166744781858e+01,4.608156246078933260e-01,-1.119422295361353470e+01,4.985000000000000142e+01,5.048199999999999932e+01,6.000000000000000000e+01,0.000000000000000000e+00
1.894000000000000000e+03,1.210019061897305725e+01,-1.698502746132161789e+00,2.436803817371206193e+01,6.237217968730788265e-01,-1.119306660547992216e+01,4.985000000000000142e+01,5.041799999999999926e+01,6.000000000000000000e+01,0.000000000000000000e+00
1.895000000000000000e+03,1.263326326880324224e+01,-1.408441537725784176e+00,2.435961034704033423e+01,8.738878948792763168e-01,-1.119179343539058458e+01,4.985000000000000142e+01,5.032099999999999795e+01,6.000000000000000000e+01,0.000000000000000000e+00
1.896000000000000000e+03,1.164332160865551202e+01,-1.889883337245645611e+00,2.434830167091181607e+01,3.753121804036476106e-01,-1.119040890541430500e+01,4.985000000000000142e+01,5.048199999999999932e+01,6.000000000000000000e+01,0.000000000000000000e+00
1.897000000000000000e+03,1.218044394853073165e+01,-1.602812450575430425e+00,2.433871076837244019e+01,6.334638976042576974e-01,-1.118891826687053559e+01,4.985000000000000142e+01,5.038600000000000279e+01,6.000000000000000000e+01,0.000000000000000000e+00
1.898000000000000000e+03,1.308953321031976458e+01,-1.121370651055568768e+00,2.433200071528985475e+01,1.066229714297152631e+00,-1.118732656821167382e+01,4.985000000000000142e+01,5.022500000000000142e+01,6.000000000000000000e+01,0.000000000000000000e+00
1.899000000000000000e+03,1.303796023849644925e+01,-1.121370651055568768e+00,2.432529066220726932e+01,1.019678889956937784e+00,-1.118563866261219175e+01,4.985000000000000142e+01,5.022500000000000142e+01,6.000000000000000000e+01,0.000000000000000000e+00
1.900000000000000000e+03,1.355770540362970067e+01,-8.313094426491911548e-01,2.432031627618871283e+01,1.252557785365748355e+00,-1.118385921527556803e+01,4.985000000000000142e+01,5.012800000000000011e+01,6.000000000000000000e+01,0.000000000000000000e+00
1.901000000000000000e+03,1.425688138046673181e+01,-4.455579386860820668e-01,2.431765014843056605e+01,1.566781881191706916e+00,-1.118199271046945675e+01,4.985000000000000142e+01,4.999900000000000233e+01,6.000000000000000000e+01,0.000000000000000000e+00
1.902000000000000000e+03,1.381220910674109881e+01,-6.369385297995660000e-01,2.431383883827965775e+01,1.315352256560205157e+00,-1.118004345829920076e+01,4.985000000000000142e+01,5.006300000000000239e+01,6.000000000000000000e+01,0.000000000000000000e+00
1.903000000000000000e+03,1.394077373052268776e+01,-5.412482342428134308e-01,2.431060011932513021e+01,1.349437446669803808e+00,-1.117801560122943094e+01,4.985000000000000142e+01,5.003099999999999881e+01,6.000000000000000000e+01,0.000000000000000000e+00
1.904000000000000000e+03,1.349930321472462502e+01,-7.356191470924384745e-01,2.430619832450295448e+01,1.104637157677188508e+00,-1.117591312036307905e+01,4.985000000000000142e+01,5.009599999999999653e+01,6.000000000000000000e+01,0.000000000000000000e+00
1.905000000000000000e+03,1.364249042732284778e+01,-6.369385297995660000e-01,2.430238701435204618e+01,1.150781784257202123e+00,-1.117373984148683519e+01,4.985000000000000142e+01,5.006300000000000239e+01,6.000000000000000000e+01,0.000000000000000000e+00
1.906000000000000000e+03,1.434177886135825197e+01,-2.541773475725981335e-01,2.430086606898666091e+01,1.466589580835904849e+00,-1.117149944089171676e+01,4.985000000000000142e+01,4.993500000000000227e+01,6.000000000000000000e+01,0.000000000000000000e+00
1.907000000000000000e+03,1.409075624437909369e+01,-3.498676431293294975e-01,2.429877253242489488e+01,1.311046806060636394e+00,-1.116919545097711008e+01,4.985000000000000142e+01,4.996699999999999875e+01,6.000000000000000000e+01,0.000000000000000000e+00
1.908000000000000000e+03,1.422156294289058920e+01,-2.541773475725981335e-01,2.429725158705950960e+01,1.345319969050001729e+00,-1.116683126564632644e+01,4.985000000000000142e+01,4.993500000000000227e+01,6.000000000000000000e+01,0.000000000000000000e+00
1.909000000000000000e+03,1.435737080735206028e+01,-1.554967302797043427e-01,2.429632112636539176e+01,1.380956556767781285e+00,-1.116441014550140842e+01,4.985000000000000142e+01,4.990200000000000102e+01,6.000000000000000000e+01,0.000000000000000000e+00
1.910000000000000000e+03,1.278468443226259055e+01,-9.269997382059224078e-01,2.429077414915045452e+01,5.828452441627297587e-01,-1.116193522284467221e+01,4.985000000000000142e+01,5.015999999999999659e+01,6.000000000000000000e+01,0.000000000000000000e+00
1.911000000000000000e+03,1.370096161115968947e+01,-4.455579386860820668e-01,2.428810802139230773e+01,1.017821034947583358e+00,-1.115940950649411967e+01,4.985000000000000142e+01,4.999900000000000233e+01,6.000000000000000000e+01,0.000000000000000000e+00
1.912000000000000000e+03,1.403198259266569536e+01,-2.541773475725981335e-01,2.428658707602692246e+01,1.156408750631051419e+00,-1.115683588641968171e+01,4.985000000000000142e+01,4.993500000000000227e+01,6.000000000000000000e+01,0.000000000000000000e+00
1.913000000000000000e+03,1.417623581345337236e+01,-1.554967302797043427e-01,2.428565661533280462e+01,1.200293066607195369e+00,-1.115421713820692240e+01,4.985000000000000142e+01,4.990200000000000102e+01,6.000000000000000000e+01,0.000000000000000000e+00
1.914000000000000000e+03,1.412556262949568620e+01,-1.554967302797043427e-01,2.428472615463868678e+01,1.147889132491326736e+00,-1.115155592735462164e+01,4.985000000000000142e+01,4.990200000000000102e+01,6.000000000000000000e+01,0.000000000000000000e+00
1.915000000000000000e+03,1.407721726679325691e+01,-1.554967302797043427e-01,2.428379569394456894e+01,1.097773116540796456e+00,-1.114885481341240414e+01,4.985000000000000142e+01,4.990200000000000102e+01,6.000000000000000000e+01,0.000000000000000000e+00
1.916000000000000000e+03,1.403109737889639241e+01,-1.554967302797043427e-01,2.428286523325045110e+01,1.049845129890014661e+00,-1.114611625396437056e+01,4.985000000000000142e+01,4.990200000000000102e+01,6.000000000000000000e+01,0.000000000000000000e+00
1.917000000000000000e+03,1.417488049122242622e+01,-5.980643472295177343e-02,2.428250736375271401e+01,1.095522170657092342e+00,-1.114334260846442781e+01,4.985000000000000142e+01,4.986999999999999744e+01,6.000000000000000000e+01,0.000000000000000000e+00
1.918000000000000000e+03,1.412949937629177555e+01,-5.980643472295177343e-02,2.428214949425497693e+01,1.047692458688610717e+00,-1.114053614192886243e+01,4.985000000000000142e+01,4.986999999999999744e+01,6.000000000000000000e+01,0.000000000000000000e+00
1.919000000000000000e+03,1.389846170651061641e+01,-1.554967302797043427e-01,2.428121903356085909e+01,9.104384317208753519e-01,-1.113769902849141502e+01,4.985000000000000142e+01,4.990200000000000102e+01,6.000000000000000000e+01,0.000000000000000000e+00
1.920000000000000000e+03,1.366700443645739327e+01,-2.541773475725981335e-01,2.427969808819547382e+01,7.763170506605384658e-01,-1.113483335482602143e+01,4.985000000000000142e+01,4.993500000000000227e+01,6.000000000000000000e+01,0.000000000000000000e+00
1.921000000000000000e+03,1.288338062638452541e+01,-6.369385297995660000e-01,2.427588677804456552e+01,3.763735015816128127e-01,-1.113194112344208975e+01,4.985000000000000142e+01,5.006300000000000239e+01,6.000000000000000000e+01,0.000000000000000000e+00
1.922000000000000000e+03,1.229685976714820050e+01,-9.269997382059224078e-01,2.427033980082962827e+01,8.254396038155714654e-02,-1.112902425585706290e+01,4.985000000000000142e+01,5.015999999999999659e+01,6.000000000000000000e+01,0.000000000000000000e+00
1.923000000000000000e+03,1.190922983308500527e+01,-1.121370651055568768e+00,2.426362974774704284e+01,-1.069446679556236568e-01,-1.112608459565084651e+01,4.985000000000000142e+01,5.022500000000000142e+01,6.000000000000000000e+01,0.000000000000000000e+00
1.924000000000000000e+03,1.191014959172034438e+01,-1.121370651055568768e+00,2.425691969466445741e+01,-1.022755404820880620e-01,-1.112312391140645929e+01,4.985000000000000142e+01,5.022500000000000142e+01,6.000000000000000000e+01,0.000000000000000000e+00
1.925000000000000000e+03,1.191088482722104125e+01,-1.121370651055568768e+00,2.425020964158187198e+01,-9.781026376409616974e-02,-1.112014389954116744e+01,4.985000000000000142e+01,5.022500000000000142e+01,6.000000000000000000e+01,0.000000000000000000e+00
1.926000000000000000e+03,1.191144281258767101e+01,-1.121370651055568768e+00,2.424349958849928655e+01,-9.353993782391741008e-02,-1.111714618703213198e+01,4.985000000000000142e+01,5.022500000000000142e+01,6.000000000000000000e+01,0.000000000000000000e+00
1.927000000000000000e+03,1.191183049907013647e+01,-1.121370651055568768e+00,2.423678953541670111e+01,-8.945605125046345030e-02,-1.111413233404053535e+01,4.985000000000000142e+01,5.022500000000000142e+01,6.000000000000000000e+01,0.000000000000000000e+00
1.928000000000000000e+03,1.305044296986083729e+01,-5.412482342428134308e-01,2.423355081646217357e+01,4.692442240793954777e-01,-1.111110383643791799e+01,4.985000000000000142e+01,5.003099999999999881e+01,6.000000000000000000e+01,0.000000000000000000e+00
1.929000000000000000e+03,1.284198368028975068e+01,-6.369385297995660000e-01,2.422973950631126527e+01,3.572448320164387514e-01,-1.110806212823838734e+01,4.985000000000000142e+01,5.006300000000000239e+01,6.000000000000000000e+01,0.000000000000000000e+00
1.930000000000000000e+03,1.225643464175560382e+01,-9.269997382059224078e-01,2.422419252909632803e+01,6.425043480538494833e-02,-1.110500858394018664e+01,4.985000000000000142e+01,5.015999999999999659e+01,6.000000000000000000e+01,0.000000000000000000e+00
1.931000000000000000e+03,1.225114659981491627e+01,-9.269997382059224078e-01,2.421864555188139079e+01,6.144530691943076578e-02,-1.110194452077998406e+01,4.985000000000000142e+01,5.015999999999999659e+01,6.000000000000000000e+01,0.000000000000000000e+00
1.932000000000000000e+03,1.224599028446177940e+01,-9.269997382059224078e-01,2.421309857466645354e+01,5.876264890438706590e-02,-1.109887120090314028e+01,4.985000000000000142e+01,5.015999999999999659e+01,6.000000000000000000e+01,0.000000000000000000e+00
1.933000000000000000e+03,1.224095913960608151e+01,-9.269997382059224078e-01,2.420755159745151630e+01,5.619711381355814439e-02,-1.109578983345307002e+01,4.985000000000000142e+01,5.015999999999999659e+01,6.000000000000000000e+01,0.000000000000000000e+00
1.934000000000000000e+03,1.318079193854071285e+01,-4.455579386860820668e-01,2.420488546969336952e+01,5.141659841161285716e-01,-1.109270157658270328e+01,4.985000000000000142e+01,4.999900000000000233e+01,6.000000000000000000e+01,0.000000000000000000e+00
1.935000000000000000e+03,1.334654714266623010e+01,-3.498676431293294975e-01,2.420279193313160349e+01,5.832303920548990162e-01,-1.108960753939094168e+01,4.985000000000000142e+01,4.996699999999999875e+01,6.000000000000000000e+01,0.000000000000000000e+00
1.936000000000000000e+03,1.332208894124069154e+01,-3.498676431293294975e-01,2.420069839656983746e+01,5.577669715870881006e-01,-1.108650878378690585e+01,4.985000000000000142e+01,4.996699999999999875e+01,6.000000000000000000e+01,0.000000000000000000e+00
1.937000000000000000e+03,1.348652156904240584e+01,-2.541773475725981335e-01,2.419917745120445218e+01,6.249277916951815337e-01,-1.108340632628463140e+01,4.985000000000000142e+01,4.993500000000000227e+01,6.000000000000000000e+01,0.000000000000000000e+00
1.938000000000000000e+03,1.327304649855066820e+01,-3.498676431293294975e-01,2.419708391464268615e+01,5.061313667681613948e-01,-1.108030113973085129e+01,4.985000000000000142e+01,4.996699999999999875e+01,6.000000000000000000e+01,0.000000000000000000e+00
1.939000000000000000e+03,1.363338142137842546e+01,-1.554967302797043427e-01,2.419615345394856831e+01,6.699188526778394603e-01,-1.107719415496827686e+01,4.985000000000000142e+01,4.990200000000000102e+01,6.000000000000000000e+01,0.000000000000000000e+00
1.940000000000000000e+03,1.303711645712586353e+01,-4.455579386860820668e-01,2.419348732619042153e+01,3.632733320583802494e-01,-1.107408626243685568e+01,4.985000000000000142e+01,4.999900000000000233e+01,6.000000000000000000e+01,0.000000000000000000e+00
1.941000000000000000e+03,1.359089224467623502e+01,-1.554967302797043427e-01,2.419255686549630369e+01,6.248104231748754511e-01,-1.107097831371523888e+01,4.985000000000000142e+01,4.990200000000000102e+01,6.000000000000000000e+01,0.000000000000000000e+00
1.942000000000000000e+03,1.356579019989845847e+01,-1.554967302797043427e-01,2.419162640480218585e+01,5.975316483807198153e-01,-1.106787112300474263e+01,4.985000000000000142e+01,4.990200000000000102e+01,6.000000000000000000e+01,0.000000000000000000e+00
1.943000000000000000e+03,1.334823419628663999e+01,-2.541773475725981335e-01,2.419010545943680057e+01,4.770715529803226662e-01,-1.106476546855788712e+01,4.985000000000000142e+01,4.993500000000000227e+01,6.000000000000000000e+01,0.000000000000000000e+00
1.944000000000000000e+03,1.238424297875745417e+01,-7.356191470924384745e-01,2.418570366461462484e+01,-4.179444711115642974e-03,-1.106166209405361478e+01,4.985000000000000142e+01,5.009599999999999653e+01,6.000000000000000000e+01,0.000000000000000000e+00
1.945000000000000000e+03,1.276454284659206273e+01,-5.412482342428134308e-01,2.418246494566009730e+01,1.818878450959276194e-01,-1.105856170992114862e+01,4.985000000000000142e+01,5.003099999999999881e+01,6.000000000000000000e+01,0.000000000000000000e+00
1.946000000000000000e+03,1.313201057544736194e+01,-3.498676431293294975e-01,2.418037140909833127e+01,3.569718040927714053e-01,-1.105546499461441279e+01,4.985000000000000142e+01,4.996699999999999875e+01,6.000000000000000000e+01,0.000000000000000000e+00
1.947000000000000000e+03,1.330519971747102304e+01,-2.541773475725981335e-01,2.417885046373294600e+01,4.328991971495033120e-01,-1.105237259583882903e+01,4.985000000000000142e+01,4.993500000000000227e+01,6.000000000000000000e+01,0.000000000000000000e+00
1.948000000000000000e+03,1.348150956216232998e+01,-1.554967302797043427e-01,2.417792000303882816e+01,5.083714211354970480e-01,-1.104928513173229021e+01,4.985000000000000142e+01,4.990200000000000102e+01,6.000000000000000000e+01,0.000000000000000000e+00
1.949000000000000000e+03,1.383701673501331264e+01,3.588386083377956282e-02,2.417813472473747183e+01,6.692013414440628472e-01,-1.104620319200200207e+01,4.985000000000000142e+01,4.983800000000000097e+01,6.000000000000000000e+01,0.000000000000000000e+00
1.950000000000000000e+03,1.399886587191904752e+01,1.315741563905321321e-01,2.417892203763249626e+01,7.314970169148466983e-01,-1.104312733901882737e+01,4.985000000000000142e+01,4.980599999999999739e+01,6.000000000000000000e+01,0.000000000000000000e+00
1.951000000000000000e+03,1.435220458699644119e+01,3.259450692401572591e-01,2.418087242639516887e+01,8.854452002318257131e-01,-1.104005810887070815e+01,4.985000000000000142e+01,4.974099999999999966e+01,6.000000000000000000e+01,0.000000000000000000e+00
1.952000000000000000e+03,1.374936495046234697e+01,3.588386083377956282e-02,2.418108714809381254e+01,5.693899539114772868e-01,-1.103699601237672567e+01,4.985000000000000142e+01,4.983800000000000097e+01,6.000000000000000000e+01,0.000000000000000000e+00
1.953000000000000000e+03,1.372777499160596726e+01,3.588386083377956282e-02,2.418130186979245622e+01,5.445307970429328348e-01,-1.103394153606320138e+01,4.985000000000000142e+01,4.983800000000000097e+01,6.000000000000000000e+01,0.000000000000000000e+00
1.954000000000000000e+03,1.408868108931603302e+01,2.302547736834046899e-01,2.418267966735874808e+01,7.066417913771875225e-01,-1.103089514310330799e+01,4.985000000000000142e+01,4.977300000000000324e+01,6.000000000000000000e+01,0.000000000000000000e+00
1.955000000000000000e+03,1.330527564985759703e+01,-1.554967302797043427e-01,2.418174920666463024e+01,3.068804476941822679e-01,-1.102785727422151218e+01,4.985000000000000142e+01,4.990200000000000102e+01,6.000000000000000000e+01,0.000000000000000000e+00
1.956000000000000000e+03,1.329397593465149008e+01,-1.554967302797043427e-01,2.418081874597051240e+01,2.934822675248411339e-01,-1.102482834856415828e+01,4.985000000000000142e+01,4.990200000000000102e+01,6.000000000000000000e+01,0.000000000000000000e+00
1.957000000000000000e+03,1.328325183274813170e+01,-1.554967302797043427e-01,2.417988828527639456e+01,2.806690422889241421e-01,-1.102180876453748226e+01,4.985000000000000142e+01,4.990200000000000102e+01,6.000000000000000000e+01,0.000000000000000000e+00
1.958000000000000000e+03,1.307943403265580784e+01,-2.541773475725981335e-01,2.417836733991100928e+01,1.740429409316258669e-01,-1.101879890061422884e+01,4.985000000000000142e+01,4.993500000000000227e+01,6.000000000000000000e+01,0.000000000000000000e+00
1.959000000000000000e+03,1.250998804388199837e+01,-5.412482342428134308e-01,2.417512862095648174e+01,-1.080932267216083709e-01,-1.101579911611006146e+01,4.985000000000000142e+01,5.003099999999999881e+01,6.000000000000000000e+01,0.000000000000000000e+00
1.960000000000000000e+03,1.327142759411990802e+01,-1.554967302797043427e-01,2.417419816026236390e+01,2.655359160681432518e-01,-1.101280975193089340e+01,4.985000000000000142e+01,4.990200000000000102e+01,6.000000000000000000e+01,0.000000000000000000e+00
1.961000000000000000e+03,1.326188264648255277e+01,-1.554967302797043427e-01,2.417326769956824606e+01,2.539428084862049850e-01,-1.100983113129219326e+01,4.985000000000000142e+01,4.990200000000000102e+01,6.000000000000000000e+01,0.000000000000000000e+00
1.962000000000000000e+03,1.325283279584668072e+01,-1.554967302797043427e-01,2.417233723887412822e+01,2.428558476636072105e-01,-1.100686356041134850e+01,4.985000000000000142e+01,4.990200000000000102e+01,6.000000000000000000e+01,0.000000000000000000e+00
1.963000000000000000e+03,1.324425565432223273e+01,-1.554967302797043427e-01,2.417140677818001038e+01,2.322529355959813413e-01,-1.100390732917405323e+01,4.985000000000000142e+01,4.990200000000000102e+01,6.000000000000000000e+01,0.000000000000000000e+00
1.964000000000000000e+03,1.323612981449246462e+01,-1.554967302797043427e-01,2.417047631748589254e+01,2.221129390619749344e-01,-1.100096271177569918e+01,4.985000000000000142e+01,4.990200000000000102e+01,6.000000000000000000e+01,0.000000000000000000e+00
1.965000000000000000e+03,1.322843480667486737e+01,-1.554967302797043427e-01,2.416954585679177470e+01,2.124156475015173962e-01,-1.099802996733872185e+01,4.985000000000000142e+01,4.990200000000000102e+01,6.000000000000000000e+01,0.000000000000000000e+00
1.966000000000000000e+03,1.322115105804429191e+01,-1.554967302797043427e-01,2.416861539609765686e+01,2.031417327330903300e-01,-1.099510934050675104e+01,4.985000000000000142e+01,4.990200000000000102e+01,6.000000000000000000e+01,0.000000000000000000e+00
1.967000000000000000e+03,1.358981067885830107e+01,3.588386083377956282e-02,2.416883011779630053e+01,3.772977622446858081e-01,-1.099220106201646807e+01,4.985000000000000142e+01,4.983800000000000097e+01,6.000000000000000000e+01,0.000000000000000000e+00
1.968000000000000000e+03,1.320089773840378022e+01,-1.554967302797043427e-01,2.416789965710218269e+01,1.778001608292865410e-01,-1.098930534924798330e+01,4.985000000000000142e+01,4.990200000000000102e+01,6.000000000000000000e+01,0.000000000000000000e+00
1.969000000000000000e+03,1.319508759274727794e+01,-1.554967302797043427e-01,2.416696919640806485e+01,1.700375333734553962e-01,-1.098642240675453863e+01,4.985000000000000142e+01,4.990200000000000102e+01,6.000000000000000000e+01,0.000000000000000000e+00
1.970000000000000000e+03,1.318960339532486259e+01,-1.554967302797043427e-01,2.416603873571394701e+01,1.626138166629068904e-01,-1.098355242677228816e+01,4.985000000000000142e+01,4.990200000000000102e+01,6.000000000000000000e+01,0.000000000000000000e+00
1.971000000000000000e+03,1.299078677482058808e+01,-2.541773475725981335e-01,2.416451779034856173e+01,6.114192175556089348e-02,-1.098069558971093684e+01,4.985000000000000142e+01,4.993500000000000227e+01,6.000000000000000000e+01,0.000000000000000000e+00
1.972000000000000000e+03,1.298943994210378428e+01,-2.541773475725981335e-01,2.416299684498317646e+01,5.847250931910252109e-02,-1.097785206462589791e+01,4.985000000000000142e+01,4.993500000000000227e+01,6.000000000000000000e+01,0.000000000000000000e+00
1.973000000000000000e+03,1.280042077122630850e+01,-3.498676431293294975e-01,2.416090330842141043e+01,-3.559288439307500135e-02,-1.097502200967269737e+01,4.985000000000000142e+01,4.996699999999999875e+01,6.000000000000000000e+01,0.000000000000000000e+00
1.974000000000000000e+03,1.242714680626758295e+01,-5.412482342428134308e-01,2.415766458946688289e+01,-2.170639764122115345e-01,-1.097220557254427220e+01,4.985000000000000142e+01,5.003099999999999881e+01,6.000000000000000000e+01,0.000000000000000000e+00
1.975000000000000000e+03,1.167921799415110939e+01,-9.269997382059224078e-01,2.415211761225194564e+01,-5.764969890031197419e-01,-1.096940289089179643e+01,4.985000000000000142e+01,5.015999999999999659e+01,6.000000000000000000e+01,0.000000000000000000e+00
1.976000000000000000e+03,1.188940467268046852e+01,-8.313094426491911548e-01,2.414714322623338916e+01,-4.598150181740703335e-01,-1.096661409272965848e+01,4.985000000000000142e+01,5.012800000000000011e+01,6.000000000000000000e+01,0.000000000000000000e+00
1.977000000000000000e+03,1.247647449598467517e+01,-5.412482342428134308e-01,2.414390450727886162e+01,-1.623424802262090072e-01,-1.096383929682516367e+01,4.985000000000000142e+01,5.003099999999999881e+01,6.000000000000000000e+01,0.000000000000000000e+00
1.978000000000000000e+03,1.267085962965345125e+01,-4.455579386860820668e-01,2.414123837952071483e+01,-6.374219810763655236e-02,-1.096107861307354447e+01,4.985000000000000142e+01,4.999900000000000233e+01,6.000000000000000000e+01,0.000000000000000000e+00
1.979000000000000000e+03,1.229817208542517726e+01,-6.369385297995660000e-01,2.413742706936980653e+01,-2.439843112862350172e-01,-1.095833214285883095e+01,4.985000000000000142e+01,5.006300000000000239e+01,6.000000000000000000e+01,0.000000000000000000e+00
1.980000000000000000e+03,1.249552053137239938e+01,-5.412482342428134308e-01,2.413418835041527899e+01,-1.418196053989855820e-01,-1.095559997940107877e+01,4.985000000000000142e+01,5.003099999999999881e+01,6.000000000000000000e+01,0.000000000000000000e+00
1.981000000000000000e+03,1.211977251898225383e+01,-7.356191470924384745e-01,2.412978655559310326e+01,-3.215126814279091194e-01,-1.095288220809050195e+01,4.985000000000000142e+01,5.009599999999999653e+01,6.000000000000000000e+01,0.000000000000000000e+00
1.982000000000000000e+03,1.270130525806504274e+01,-4.455579386860820668e-01,2.412712042783495647e+01,-3.007832427486589744e-02,-1.095017890680896677e+01,4.985000000000000142e+01,4.999900000000000233e+01,6.000000000000000000e+01,0.000000000000000000e+00
1.983000000000000000e+03,1.232709026361289695e+01,-6.369385297995660000e-01,2.412330911768404818e+01,-2.117901780322414829e-01,-1.094749014623934436e+01,4.985000000000000142e+01,5.006300000000000239e+01,6.000000000000000000e+01,0.000000000000000000e+00
1.984000000000000000e+03,1.214155632245213212e+01,-7.356191470924384745e-01,2.411890732286187244e+01,-2.969158631541669591e-01,-1.094481599016313567e+01,4.985000000000000142e+01,5.009599999999999653e+01,6.000000000000000000e+01,0.000000000000000000e+00
1.985000000000000000e+03,1.177722633028260901e+01,-9.269997382059224078e-01,2.411336034564693520e+01,-4.669777814115422254e-01,-1.094215649574686111e+01,4.985000000000000142e+01,5.015999999999999659e+01,6.000000000000000000e+01,0.000000000000000000e+00
1.986000000000000000e+03,1.198248746255222130e+01,-8.313094426491911548e-01,2.410838595962837871e+01,-3.550773406093836182e-01,-1.093951171381758058e+01,4.985000000000000142e+01,5.012800000000000011e+01,6.000000000000000000e+01,0.000000000000000000e+00
1.987000000000000000e+03,1.142645130353007765e+01,-1.121370651055568768e+00,2.410167590654579328e+01,-6.169722628321780977e-01,-1.093688168912797032e+01,4.985000000000000142e+01,5.022500000000000142e+01,6.000000000000000000e+01,0.000000000000000000e+00
1.988000000000000000e+03,1.201848726492879393e+01,-8.313094426491911548e-01,2.409670152052723680e+01,-3.126383523378817864e-01,-1.093426646061137220e+01,4.985000000000000142e+01,5.012800000000000011e+01,6.000000000000000000e+01,0.000000000000000000e+00
1.989000000000000000e+03,1.146056862442197044e+01,-1.121370651055568768e+00,2.408999146744465136e+01,-5.763861303399822056e-01,-1.093166606162712995e+01,4.985000000000000142e+01,5.022500000000000142e+01,6.000000000000000000e+01,0.000000000000000000e+00
1.990000000000000000e+03,1.148160871768175539e+01,-1.121370651055568768e+00,2.408328141436206593e+01,-5.512215254281038757e-01,-1.092908052019663856e+01,4.985000000000000142e+01,5.022500000000000142e+01,6.000000000000000000e+01,0.000000000000000000e+00
1.991000000000000000e+03,1.225850489416974654e+01,-7.356191470924384745e-01,2.407887961953989020e+01,-1.582457190473045006e-01,-1.092650985923039997e+01,4.985000000000000142e+01,5.009599999999999653e+01,6.000000000000000000e+01,0.000000000000000000e+00
1.992000000000000000e+03,1.302053738867689958e+01,-3.498676431293294975e-01,2.407678608297812417e+01,2.175730455745646386e-01,-1.092395409674645990e+01,4.985000000000000142e+01,4.996699999999999875e+01,6.000000000000000000e+01,0.000000000000000000e+00
1.993000000000000000e+03,1.339290442667989289e+01,-1.554967302797043427e-01,2.407585562228400633e+01,3.939587807561127919e-01,-1.092141324608052066e+01,4.985000000000000142e+01,4.990200000000000102e+01,6.000000000000000000e+01,0.000000000000000000e+00
1.994000000000000000e+03,1.337729993826335217e+01,-1.554967302797043427e-01,2.407492516158988849e+01,3.767588230412295958e-01,-1.091888731608806040e+01,4.985000000000000142e+01,4.990200000000000102e+01,6.000000000000000000e+01,0.000000000000000000e+00
1.995000000000000000e+03,1.279323724278960306e+01,-4.455579386860820668e-01,2.407225903383174170e+01,8.291245898268267966e-02,-1.091637631133873931e+01,4.985000000000000142e+01,4.999900000000000233e+01,6.000000000000000000e+01,0.000000000000000000e+00
1.996000000000000000e+03,1.316499812091590016e+01,-2.541773475725981335e-01,2.407073808846635643e+01,2.623176123255307468e-01,-1.091388023230339144e+01,4.985000000000000142e+01,4.993500000000000227e+01,6.000000000000000000e+01,0.000000000000000000e+00
1.997000000000000000e+03,1.334814912787671304e+01,-1.554967302797043427e-01,2.406980762777223859e+01,3.452373059180628978e-01,-1.091139907553388255e+01,4.985000000000000142e+01,4.990200000000000102e+01,6.000000000000000000e+01,0.000000000000000000e+00
1.998000000000000000e+03,1.314096870149457352e+01,-2.541773475725981335e-01,2.406828668240685332e+01,2.357922004963974305e-01,-1.090893283383608114e+01,4.985000000000000142e+01,4.993500000000000227e+01,6.000000000000000000e+01,0.000000000000000000e+00
1.999000000000000000e+03,1.256827833724698529e+01,-5.412482342428134308e-01,2.406504796345232577e+01,-4.903989552629969828e-02,-1.090648149643622666e+01,4.985000000000000142e+01,5.003099999999999881e+01,6.000000000000000000e+01,0.000000000000000000e+00
2.000000000000000000e+03,1.256961711224187006e+01,-5.412482342428134308e-01,2.406180924449779823e+01,-4.689884887219093051e-02,-1.090404504914092065e+01,4.985000000000000142e+01,5.003099999999999881e+01,6.000000000000000000e+01,0.000000000000000000e+00
2.001000000000000000e+03,1.294639836335182714e+01,-3.498676431293294975e-01,2.405971570793603220e+01,1.381737730361051741e-01,-1.090162347449098057e+01,4.985000000000000142e+01,4.996699999999999875e+01,6.000000000000000000e+01,0.000000000000000000e+00
2.002000000000000000e+03,1.275290356891554389e+01,-4.455579386860820668e-01,2.405704958017788542e+01,4.062867933315154889e-02,-1.089921675190941208e+01,4.985000000000000142e+01,4.999900000000000233e+01,6.000000000000000000e+01,0.000000000000000000e+00
2.003000000000000000e+03,1.332004973586072261e+01,-1.554967302797043427e-01,2.405611911948376758e+01,3.162522045003262616e-01,-1.089682485784366683e+01,4.985000000000000142e+01,4.990200000000000102e+01,6.000000000000000000e+01,0.000000000000000000e+00
2.004000000000000000e+03,1.311404562845399724e+01,-2.541773475725981335e-01,2.405459817411838230e+01,2.080725678106683518e-01,-1.089444776590245567e+01,4.985000000000000142e+01,4.993500000000000227e+01,6.000000000000000000e+01,0.000000000000000000e+00
2.005000000000000000e+03,1.329944609728488913e+01,-1.554967302797043427e-01,2.405366771342426446e+01,2.933605611276206004e-01,-1.089208544698729142e+01,4.985000000000000142e+01,4.990200000000000102e+01,6.000000000000000000e+01,0.000000000000000000e+00
2.006000000000000000e+03,1.253108567024911046e+01,-5.412482342428134308e-01,2.405042899446973692e+01,-8.835722055886180426e-02,-1.088973786941894950e+01,4.985000000000000142e+01,5.003099999999999881e+01,6.000000000000000000e+01,0.000000000000000000e+00
2.007000000000000000e+03,1.234626202184993282e+01,-6.369385297995660000e-01,2.404661768431882862e+01,-1.760121336102614120e-01,-1.088740499905907022e+01,4.985000000000000142e+01,5.006300000000000239e+01,6.000000000000000000e+01,0.000000000000000000e+00
2.008000000000000000e+03,1.272800430012256356e+01,-4.455579386860820668e-01,2.404395155656068184e+01,1.469748167501255809e-02,-1.088508679942704660e+01,4.985000000000000142e+01,4.999900000000000233e+01,6.000000000000000000e+01,0.000000000000000000e+00
2.009000000000000000e+03,1.253922464581352614e+01,-5.412482342428134308e-01,2.404071283760615430e+01,-7.745672573741776978e-02,-1.088278323181239671e+01,4.985000000000000142e+01,5.003099999999999881e+01,6.000000000000000000e+01,0.000000000000000000e+00
2.010000000000000000e+03,1.197246238873407442e+01,-8.313094426491911548e-01,2.403573845158759781e+01,-3.514723648215373197e-01,-1.088049425538279458e+01,4.985000000000000142e+01,5.012800000000000011e+01,6.000000000000000000e+01,0.000000000000000000e+00
2.011000000000000000e+03,1.331127131400379859e+01,-1.554967302797043427e-01,2.403480799089347997e+01,3.101798806779171302e-01,-1.087821982728789472e+01,4.985000000000000142e+01,4.990200000000000102e+01,6.000000000000000000e+01,0.000000000000000000e+00
2.012000000000000000e+03,1.329905854679226707e+01,-1.554967302797043427e-01,2.403387753019936213e+01,2.966376496317446598e-01,-1.087595990275913493e+01,4.985000000000000142e+01,4.990200000000000102e+01,6.000000000000000000e+01,0.000000000000000000e+00
2.013000000000000000e+03,1.271822834706932781e+01,-4.455579386860820668e-01,2.403121140244121534e+01,6.289318519855369161e-03,-1.087371443520565961e+01,4.985000000000000142e+01,4.999900000000000233e+01,6.000000000000000000e+01,0.000000000000000000e+00
2.014000000000000000e+03,1.290529410373678232e+01,-3.498676431293294975e-01,2.402911786587944931e+01,9.752725729316151504e-02,-1.087148337630650019e+01,4.985000000000000142e+01,4.996699999999999875e+01,6.000000000000000000e+01,0.000000000000000000e+00
2.015000000000000000e+03,1.271338388464101676e+01,-4.455579386860820668e-01,2.402645173812130253e+01,1.756761304959095216e-03,-1.086926667609916386e+01,4.985000000000000142e+01,4.999900000000000233e+01,6.000000000000000000e+01,0.000000000000000000e+00
2.016000000000000000e+03,1.233729262565790563e+01,-6.369385297995660000e-01,2.402264042797039423e+01,-1.813449894481675706e-01,-1.086706428306475658e+01,4.985000000000000142e+01,5.006300000000000239e+01,6.000000000000000000e+01,0.000000000000000000e+00
2.017000000000000000e+03,1.271913767181320765e+01,-4.455579386860820668e-01,2.401997430021224744e+01,9.597454496834495474e-03,-1.086487614420979142e+01,4.985000000000000142e+01,4.999900000000000233e+01,6.000000000000000000e+01,0.000000000000000000e+00
2.018000000000000000e+03,1.214903224551519223e+01,-7.356191470924384745e-01,2.401557250539007171e+01,-2.682189076376792491e-01,-1.086270220514476215e+01,4.985000000000000142e+01,5.009599999999999653e+01,6.000000000000000000e+01,0.000000000000000000e+00
2.019000000000000000e+03,1.197072507808639052e+01,-8.313094426491911548e-01,2.401059811937151522e+01,-3.480211884762728913e-01,-1.086054241015965793e+01,4.985000000000000142e+01,5.012800000000000011e+01,6.000000000000000000e+01,0.000000000000000000e+00
2.020000000000000000e+03,1.236450956229256803e+01,-6.369385297995660000e-01,2.400678680922060693e+01,-1.469420148319872388e-01,-1.085839670229648846e+01,4.985000000000000142e+01,5.006300000000000239e+01,6.000000000000000000e+01,0.000000000000000000e+00
2.021000000000000000e+03,1.217560191965429794e+01,-7.356191470924384745e-01,2.400238501439843120e+01,-2.348989242327357008e-01,-1.085626502341895971e+01,4.985000000000000142e+01,5.009599999999999653e+01,6.000000000000000000e+01,0.000000000000000000e+00
2.022000000000000000e+03,1.199579793981052234e+01,-8.313094426491911548e-01,2.399741062837987471e+01,-3.161559316407580034e-01,-1.085414731427940183e+01,4.985000000000000142e+01,5.012800000000000011e+01,6.000000000000000000e+01,0.000000000000000000e+00
2.023000000000000000e+03,1.181895508197133182e+01,-9.269997382059224078e-01,2.399186365116493747e+01,-3.938653164046510557e-01,-1.085204351458303407e+01,4.985000000000000142e+01,5.015999999999999659e+01,6.000000000000000000e+01,0.000000000000000000e+00
2.024000000000000000e+03,1.145127512645120227e+01,-1.121370651055568768e+00,2.398515359808235203e+01,-5.625542575258902778e-01,-1.084995356304969327e+01,4.985000000000000142e+01,5.022500000000000142e+01,6.000000000000000000e+01,0.000000000000000000e+00
2.025000000000000000e+03,1.242181498080826785e+01,-6.369385297995660000e-01,2.398134228793144374e+01,-7.471137985049886021e-02,-1.084787739747311264e+01,4.985000000000000142e+01,5.006300000000000239e+01,6.000000000000000000e+01,0.000000000000000000e+00
2.026000000000000000e+03,1.185413373896643918e+01,-9.269997382059224078e-01,2.397579531071650649e+01,-3.488468787663223658e-01,-1.084581495477782198e+01,4.985000000000000142e+01,5.015999999999999659e+01,6.000000000000000000e+01,0.000000000000000000e+00
2.027000000000000000e+03,1.148444714292900315e+01,-1.121370651055568768e+00,2.396908525763392106e+01,-5.195012925755500000e-01,-1.084376617107379914e+01,4.985000000000000142e+01,5.022500000000000142e+01,6.000000000000000000e+01,0.000000000000000000e+00
2.028000000000000000e+03,1.150245333291945116e+01,-1.121370651055568768e+00,2.396237520455133563e+01,-4.968202388674001213e-01,-1.084173098170891691e+01,4.985000000000000142e+01,5.022500000000000142e+01,6.000000000000000000e+01,0.000000000000000000e+00
2.029000000000000000e+03,1.151945575540268685e+01,-1.121370651055568768e+00,2.395566515146875020e+01,-4.751294236912115276e-01,-1.083970932131928500e+01,4.985000000000000142e+01,5.022500000000000142e+01,6.000000000000000000e+01,0.000000000000000000e+00
2.030000000000000000e+03,1.115994688418864378e+01,-1.312751242169052812e+00,2.394780991599340325e+01,-6.374106657581161128e-01,-1.083770112387759177e+01,4.985000000000000142e+01,5.028900000000000148e+01,6.000000000000000000e+01,0.000000000000000000e+00
2.031000000000000000e+03,1.155746616751771150e+01,-1.121370651055568768e+00,2.394109986291081782e+01,-4.265567215980778926e-01,-1.083570632273946011e+01,4.985000000000000142e+01,5.022500000000000142e+01,6.000000000000000000e+01,0.000000000000000000e+00
2.032000000000000000e+03,1.138358533425008368e+01,-1.217060946612300132e+00,2.393381721863185163e+01,-4.994460870814991793e-01,-1.083372485068796998e+01,4.985000000000000142e+01,5.025699999999999790e+01,6.000000000000000000e+01,0.000000000000000000e+00
2.033000000000000000e+03,1.158785177116859444e+01,-1.121370651055568768e+00,2.392710716554926620e+01,-3.861281033487696246e-01,-1.083175663997633364e+01,4.985000000000000142e+01,5.022500000000000142e+01,6.000000000000000000e+01,0.000000000000000000e+00
2.034000000000000000e+03,1.179359820595727371e+01,-1.022690033762674977e+00,2.392098759713794820e+01,-2.748977350491296212e-01,-1.082980162236886912e+01,4.985000000000000142e+01,5.019200000000000017e+01,6.000000000000000000e+01,0.000000000000000000e+00
2.035000000000000000e+03,1.160777897431012917e+01,-1.121370651055568768e+00,2.391427754405536277e+01,-3.572681895093884341e-01,-1.082785972918027895e+01,4.985000000000000142e+01,5.022500000000000142e+01,6.000000000000000000e+01,0.000000000000000000e+00
2.036000000000000000e+03,1.161859583191986545e+01,-1.121370651055568768e+00,2.390756749097277734e+01,-3.416701166840018233e-01,-1.082593089131334096e+01,4.985000000000000142e+01,5.022500000000000142e+01,6.000000000000000000e+01,0.000000000000000000e+00
2.037000000000000000e+03,1.162871870301253807e+01,-1.121370651055568768e+00,2.390085743789019190e+01,-3.267530445270491191e-01,-1.082401503929503761e+01,4.985000000000000142e+01,5.022500000000000142e+01,6.000000000000000000e+01,0.000000000000000000e+00
2.038000000000000000e+03,1.145040197674230775e+01,-1.217060946612300132e+00,2.389357479361122572e+01,-4.039997669454190588e-01,-1.082211210331120022e+01,4.985000000000000142e+01,5.025699999999999790e+01,6.000000000000000000e+01,0.000000000000000000e+00
2.039000000000000000e+03,1.165042317516322079e+01,-1.121370651055568768e+00,2.388686474052864028e+01,-2.948489010701236812e-01,-1.082022201323972688e+01,4.985000000000000142e+01,5.022500000000000142e+01,6.000000000000000000e+01,0.000000000000000000e+00
2.040000000000000000e+03,1.165846332811393715e+01,-1.121370651055568768e+00,2.388015468744605485e+01,-2.819760095941358791e-01,-1.081834469868241477e+01,4.985000000000000142e+01,5.022500000000000142e+01,6.000000000000000000e+01,0.000000000000000000e+00
2.041000000000000000e+03,1.185957214929459091e+01,-1.022690033762674977e+00,2.387403511903473685e+01,-1.752928469819996504e-01,-1.081648008899547087e+01,4.985000000000000142e+01,5.019200000000000017e+01,6.000000000000000000e+01,0.000000000000000000e+00
2.042000000000000000e+03,1.166931432218591524e+01,-1.121370651055568768e+00,2.386732506595215142e+01,-2.620119793919216677e-01,-1.081462811331874718e+01,4.985000000000000142e+01,5.022500000000000142e+01,6.000000000000000000e+01,0.000000000000000000e+00
2.043000000000000000e+03,1.186952633115955535e+01,-1.022690033762674977e+00,2.386120549754083342e+01,-1.562004320148557279e-01,-1.081278870060374686e+01,4.985000000000000142e+01,5.019200000000000017e+01,6.000000000000000000e+01,0.000000000000000000e+00
2.044000000000000000e+03,1.187205328250444403e+01,-1.022690033762674977e+00,2.385508592912951542e+01,-1.493808332219423718e-01,-1.081096177964045246e+01,4.985000000000000142e+01,5.019200000000000017e+01,6.000000000000000000e+01,0.000000000000000000e+00
2.045000000000000000e+03,1.281901511960172257e+01,-5.412482342428134308e-01,2.385184721017498788e+01,3.175634227525623299e-01,-1.080914727908301387e+01,4.985000000000000142e+01,5.003099999999999881e+01,6.000000000000000000e+01,0.000000000000000000e+00
2.046000000000000000e+03,1.204674432877209789e+01,-9.269997382059224078e-01,2.384630023296005064e+01,-6.521103850767956400e-02,-1.080734512747435083e+01,4.985000000000000142e+01,5.015999999999999659e+01,6.000000000000000000e+01,0.000000000000000000e+00
2.047000000000000000e+03,1.204583429291620966e+01,-9.269997382059224078e-01,2.384075325574511339e+01,-6.236397135328588387e-02,-1.080555525326969679e+01,4.985000000000000142e+01,5.015999999999999659e+01,6.000000000000000000e+01,0.000000000000000000e+00
2.048000000000000000e+03,1.261398196998438337e+01,-6.369385297995660000e-01,2.383694194559420509e+01,2.177561390488784721e-01,-1.080377758485913375e+01,4.985000000000000142e+01,5.006300000000000239e+01,6.000000000000000000e+01,0.000000000000000000e+00
2.049000000000000000e+03,1.240878572299947535e+01,-7.356191470924384745e-01,2.383254015077202936e+01,1.138767699090484642e-01,-1.080201205058916258e+01,4.985000000000000142e+01,5.009599999999999653e+01,6.000000000000000000e+01,0.000000000000000000e+00
2.050000000000000000e+03,1.297035984153931665e+01,-4.455579386860820668e-01,2.382987402301388258e+01,3.863023359948407620e-01,-1.080025857878332474e+01,4.985000000000000142e+01,4.999900000000000233e+01,6.000000000000000000e+01,0.000000000000000000e+00
2.051000000000000000e+03,1.332812033729391743e+01,-2.541773475725981335e-01,2.382835307764849730e+01,5.524617049799510626e-01,-1.079851709776193402e+01,4.985000000000000142e+01,4.993500000000000227e+01,6.000000000000000000e+01,0.000000000000000000e+00
2.052000000000000000e+03,1.292865804684263331e+01,-4.455579386860820668e-01,2.382568694989035052e+01,3.453165714993028379e-01,-1.079678753586093798e+01,4.985000000000000142e+01,4.999900000000000233e+01,6.000000000000000000e+01,0.000000000000000000e+00
2.053000000000000000e+03,1.328818418505871968e+01,-2.541773475725981335e-01,2.382416600452496525e+01,5.132653495563024304e-01,-1.079506982144995142e+01,4.985000000000000142e+01,4.993500000000000227e+01,6.000000000000000000e+01,0.000000000000000000e+00
2.054000000000000000e+03,1.307818496862319613e+01,-3.498676431293294975e-01,2.382207246796319922e+01,3.993440267388054798e-01,-1.079336388294948001e+01,4.985000000000000142e+01,4.996699999999999875e+01,6.000000000000000000e+01,0.000000000000000000e+00
2.055000000000000000e+03,1.268479976715155644e+01,-5.412482342428134308e-01,2.381883374900867167e+01,1.988839012330884393e-01,-1.079166964884738888e+01,4.985000000000000142e+01,5.003099999999999881e+01,6.000000000000000000e+01,0.000000000000000000e+00
2.056000000000000000e+03,1.248678510823422450e+01,-6.369385297995660000e-01,2.381502243885776338e+01,9.868824689064577271e-02,-1.078998704771461981e+01,4.985000000000000142e+01,5.006300000000000239e+01,6.000000000000000000e+01,0.000000000000000000e+00
2.057000000000000000e+03,1.209891737255732913e+01,-8.313094426491911548e-01,2.381004805283920689e+01,-9.150522941248805109e-02,-1.078831600822019787e+01,4.985000000000000142e+01,5.012800000000000011e+01,6.000000000000000000e+01,0.000000000000000000e+00
2.058000000000000000e+03,1.153040336864998849e+01,-1.121370651055568768e+00,2.380333799975662146e+01,-3.649075209055098190e-01,-1.078665645914555427e+01,4.985000000000000142e+01,5.022500000000000142e+01,6.000000000000000000e+01,0.000000000000000000e+00
2.059000000000000000e+03,1.173491644017419056e+01,-1.022690033762674977e+00,2.379721843134530346e+01,-2.546036280102477734e-01,-1.078500832939818999e+01,4.985000000000000142e+01,5.019200000000000017e+01,6.000000000000000000e+01,0.000000000000000000e+00
2.060000000000000000e+03,1.154790607055898910e+01,-1.121370651055568768e+00,2.379050837826271803e+01,-3.378601086234461204e-01,-1.078337154802471609e+01,4.985000000000000142e+01,5.022500000000000142e+01,6.000000000000000000e+01,0.000000000000000000e+00
2.061000000000000000e+03,1.155757225121643827e+01,-1.121370651055568768e+00,2.378379832518013259e+01,-3.231093786848573401e-01,-1.078174604422326865e+01,4.985000000000000142e+01,5.022500000000000142e+01,6.000000000000000000e+01,0.000000000000000000e+00
2.062000000000000000e+03,1.156658321865441863e+01,-1.121370651055568768e+00,2.377708827209754716e+01,-3.090026550322065302e-01,-1.078013174735535529e+01,4.985000000000000142e+01,5.022500000000000142e+01,6.000000000000000000e+01,0.000000000000000000e+00
2.063000000000000000e+03,1.157496716018917482e+01,-1.121370651055568768e+00,2.377037821901496173e+01,-2.955118208131037316e-01,-1.077852858695711546e+01,4.985000000000000142e+01,5.022500000000000142e+01,6.000000000000000000e+01,0.000000000000000000e+00
2.064000000000000000e+03,1.158275103538996298e+01,-1.121370651055568768e+00,2.376366816593237630e+01,-2.826099867367612983e-01,-1.077693649275008347e+01,4.985000000000000142e+01,5.022500000000000142e+01,6.000000000000000000e+01,0.000000000000000000e+00
2.065000000000000000e+03,1.158996062966331486e+01,-1.121370651055568768e+00,2.375695811284979087e+01,-2.702714374795353036e-01,-1.077535539465137227e+01,4.985000000000000142e+01,5.022500000000000142e+01,6.000000000000000000e+01,0.000000000000000000e+00
2.066000000000000000e+03,1.159662060549786133e+01,-1.121370651055568768e+00,2.375024805976720543e+01,-2.584715804303620579e-01,-1.077378522278341322e+01,4.985000000000000142e+01,5.022500000000000142e+01,6.000000000000000000e+01,0.000000000000000000e+00
2.067000000000000000e+03,1.160275455147193568e+01,-1.121370651055568768e+00,2.374353800668462000e+01,-2.471868966739325935e-01,-1.077222590748318254e+01,4.985000000000000142e+01,5.022500000000000142e+01,6.000000000000000000e+01,0.000000000000000000e+00
2.068000000000000000e+03,1.160838502912158887e+01,-1.121370651055568768e+00,2.373682795360203457e+01,-2.363948941139062121e-01,-1.077067737931097113e+01,4.985000000000000142e+01,5.022500000000000142e+01,6.000000000000000000e+01,0.000000000000000000e+00
2.069000000000000000e+03,1.161353361776242643e+01,-1.121370651055568768e+00,2.373011790051944914e+01,-2.260740626427310551e-01,-1.076913956905872460e+01,4.985000000000000142e+01,5.022500000000000142e+01,6.000000000000000000e+01,0.000000000000000000e+00
2.070000000000000000e+03,1.199963976432152535e+01,-9.269997382059224078e-01,2.372457092330451189e+01,-3.031901301912295899e-02,-1.076761240775794093e+01,4.985000000000000142e+01,5.015999999999999659e+01,6.000000000000000000e+01,0.000000000000000000e+00
2.071000000000000000e+03,1.331722894480271968e+01,-2.541773475725981335e-01,2.372304997793912662e+01,6.144521411233583308e-01,-1.076609582668716847e+01,4.985000000000000142e+01,4.993500000000000227e+01,6.000000000000000000e+01,0.000000000000000000e+00
2.072000000000000000e+03,1.348403092342013032e+01,-1.554967302797043427e-01,2.372211951724500878e+01,6.819978938339318342e-01,-1.076458975737910428e+01,4.985000000000000142e+01,4.990200000000000102e+01,6.000000000000000000e+01,0.000000000000000000e+00
2.073000000000000000e+03,1.326117715543860953e+01,-2.541773475725981335e-01,2.372059857187962351e+01,5.578500627588992566e-01,-1.076309413162731587e+01,4.985000000000000142e+01,4.993500000000000227e+01,6.000000000000000000e+01,0.000000000000000000e+00
2.074000000000000000e+03,1.323678612670760479e+01,-2.541773475725981335e-01,2.371907762651423823e+01,5.334947292585705547e-01,-1.076160888149260764e+01,4.985000000000000142e+01,4.993500000000000227e+01,6.000000000000000000e+01,0.000000000000000000e+00
2.075000000000000000e+03,1.340709152071817556e+01,-1.554967302797043427e-01,2.371814716582012039e+01,6.045750244867856837e-01,-1.076013393930902495e+01,4.985000000000000142e+01,4.990200000000000102e+01,6.000000000000000000e+01,0.000000000000000000e+00
2.076000000000000000e+03,1.338123044983786514e+01,-1.554967302797043427e-01,2.371721670512600255e+01,5.781797126810953591e-01,-1.075866923768952788e+01,4.985000000000000142e+01,4.990200000000000102e+01,6.000000000000000000e+01,0.000000000000000000e+00
2.077000000000000000e+03,1.430125665082056585e+01,3.259450692401572591e-01,2.371916709388867517e+01,1.013359197223086650e+00,-1.075721470953135039e+01,4.985000000000000142e+01,4.974099999999999966e+01,6.000000000000000000e+01,0.000000000000000000e+00
2.078000000000000000e+03,1.350343929330780490e+01,-5.980643472295177343e-02,2.371880922439093808e+01,6.002067916608588849e-01,-1.075577028802104174e+01,4.985000000000000142e+01,4.986999999999999744e+01,6.000000000000000000e+01,0.000000000000000000e+00
2.079000000000000000e+03,1.329053579463668733e+01,-1.554967302797043427e-01,2.371787876369682024e+01,4.824896678587835552e-01,-1.075433590663921102e+01,4.985000000000000142e+01,4.990200000000000102e+01,6.000000000000000000e+01,0.000000000000000000e+00
2.080000000000000000e+03,1.345774000134973925e+01,-5.980643472295177343e-02,2.371752089419908316e+01,5.529370410385975321e-01,-1.075291149916498945e+01,4.985000000000000142e+01,4.986999999999999744e+01,6.000000000000000000e+01,0.000000000000000000e+00
2.081000000000000000e+03,1.419162542912787650e+01,3.259450692401572591e-01,2.371947128296175578e+01,8.977060766061875086e-01,-1.075149699968022254e+01,4.985000000000000142e+01,4.974099999999999966e+01,6.000000000000000000e+01,0.000000000000000000e+00
2.082000000000000000e+03,1.396801185910776510e+01,2.302547736834046899e-01,2.372084908052804764e+01,7.670003474696992507e-01,-1.075009234257338875e+01,4.985000000000000142e+01,4.977300000000000324e+01,6.000000000000000000e+01,0.000000000000000000e+00
2.083000000000000000e+03,1.431284867715327991e+01,4.216353647968886231e-01,2.372337206048710101e+01,9.165387144125646257e-01,-1.074869746254327296e+01,4.985000000000000142e+01,4.970900000000000318e+01,6.000000000000000000e+01,0.000000000000000000e+00
2.084000000000000000e+03,1.427674140236940481e+01,4.216353647968886231e-01,2.372589504044615438e+01,8.765232917287667513e-01,-1.074731229460240378e+01,4.985000000000000142e+01,4.970900000000000318e+01,6.000000000000000000e+01,0.000000000000000000e+00
2.085000000000000000e+03,1.461792235013262520e+01,6.130159559103725009e-01,2.372956320279796927e+01,1.021279965504519716e+00,-1.074593677408023673e+01,4.985000000000000142e+01,4.964500000000000313e+01,6.000000000000000000e+01,0.000000000000000000e+00
2.086000000000000000e+03,1.401504186139877284e+01,3.259450692401572591e-01,2.373151359156064188e+01,7.021540372241235062e-01,-1.074457083662614743e+01,4.985000000000000142e+01,4.974099999999999966e+01,6.000000000000000000e+01,0.000000000000000000e+00
2.087000000000000000e+03,1.417546853974405785e+01,4.216353647968886231e-01,2.373403657151969526e+01,7.630110216396435163e-01,-1.074321441821217071e+01,4.985000000000000142e+01,4.970900000000000318e+01,6.000000000000000000e+01,0.000000000000000000e+00
2.088000000000000000e+03,1.433380138167175488e+01,5.173256603536411369e-01,2.373713214267512939e+01,8.212110337785581970e-01,-1.074186745513557284e+01,4.985000000000000142e+01,4.967699999999999960e+01,6.000000000000000000e+01,0.000000000000000000e+00
2.089000000000000000e+03,1.430238103939965733e+01,5.173256603536411369e-01,2.374022771383056352e+01,7.853575492366540178e-01,-1.074052988402120157e+01,4.985000000000000142e+01,4.967699999999999960e+01,6.000000000000000000e+01,0.000000000000000000e+00
2.090000000000000000e+03,1.446029211828268579e+01,6.130159559103725009e-01,2.374389587618237840e+01,8.425819280135876665e-01,-1.073920164182365333e+01,4.985000000000000142e+01,4.964500000000000313e+01,6.000000000000000000e+01,0.000000000000000000e+00
2.091000000000000000e+03,1.480991154114451192e+01,8.073868687600188609e-01,2.374872711440184148e+01,9.916802238119160062e-01,-1.073788266582926454e+01,4.985000000000000142e+01,4.957999999999999829e+01,6.000000000000000000e+01,0.000000000000000000e+00
2.092000000000000000e+03,1.401578687217468833e+01,4.216353647968886231e-01,2.375125009436089485e+01,5.794743066748240246e-01,-1.073657289365791989e+01,4.985000000000000142e+01,4.970900000000000318e+01,6.000000000000000000e+01,0.000000000000000000e+00
2.093000000000000000e+03,1.399431105005196585e+01,4.216353647968886231e-01,2.375377307431994822e+01,5.541748741998351324e-01,-1.073527226326470441e+01,4.985000000000000142e+01,4.970900000000000318e+01,6.000000000000000000e+01,0.000000000000000000e+00
2.094000000000000000e+03,1.340473648330223355e+01,1.315741563905321321e-01,2.375456038721497265e+01,2.525826526381128034e-01,-1.073398071294138489e+01,4.985000000000000142e+01,4.980599999999999739e+01,6.000000000000000000e+01,0.000000000000000000e+00
2.095000000000000000e+03,1.339577875042675181e+01,1.315741563905321321e-01,2.375534770010999708e+01,2.415550752439740434e-01,-1.073269818131774933e+01,4.985000000000000142e+01,4.980599999999999739e+01,6.000000000000000000e+01,0.000000000000000000e+00
2.096000000000000000e+03,1.282396727801784486e+01,-1.554967302797043427e-01,2.375441723941587924e+01,-4.352862375554275576e-02,-1.073142460736278814e+01,4.985000000000000142e+01,4.990200000000000102e+01,6.000000000000000000e+01,0.000000000000000000e+00
2.097000000000000000e+03,1.301397733544416724e+01,-5.980643472295177343e-02,2.375405936991814215e+01,4.988433063471393175e-02,-1.073015993038573868e+01,4.985000000000000142e+01,4.986999999999999744e+01,6.000000000000000000e+01,0.000000000000000000e+00
2.098000000000000000e+03,1.282492197954944224e+01,-1.554967302797043427e-01,2.375312890922402431e+01,-4.380610935786928561e-02,-1.072890409003700718e+01,4.985000000000000142e+01,4.990200000000000102e+01,6.000000000000000000e+01,0.000000000000000000e+00
2.099000000000000000e+03,1.282715112588846829e+01,-1.554967302797043427e-01,2.375219844852990647e+01,-4.189356605279863366e-02,-1.072765702630893436e+01,4.985000000000000142e+01,4.990200000000000102e+01,6.000000000000000000e+01,0.000000000000000000e+00
2.100000000000000000e+03,1.301706346766400735e+01,-5.980643472295177343e-02,2.375184057903216939e+01,5.144800289125828208e-02,-1.072641867953647044e+01,4.985000000000000142e+01,4.986999999999999744e+01,6.000000000000000000e+01,0.000000000000000000e+00
2.101000000000000000e+03,1.282791369175048146e+01,-1.554967302797043427e-01,2.375091011833805155e+01,-4.231070591016042326e-02,-1.072518899039770446e+01,4.985000000000000142e+01,4.990200000000000102e+01,6.000000000000000000e+01,0.000000000000000000e+00
2.102000000000000000e+03,1.283005157660322126e+01,-1.554967302797043427e-01,2.374997965764393371e+01,-4.046345084671219838e-02,-1.072396789991429600e+01,4.985000000000000142e+01,4.990200000000000102e+01,6.000000000000000000e+01,0.000000000000000000e+00
2.103000000000000000e+03,1.283210027160433597e+01,-1.554967302797043427e-01,2.374904919694981587e+01,-3.869684561398720885e-02,-1.072275534945178777e+01,4.985000000000000142e+01,4.990200000000000102e+01,6.000000000000000000e+01,0.000000000000000000e+00
2.104000000000000000e+03,1.283406335615792493e+01,-1.554967302797043427e-01,2.374811873625569802e+01,-3.700736909823977572e-02,-1.072155128071982766e+01,4.985000000000000142e+01,4.990200000000000102e+01,6.000000000000000000e+01,0.000000000000000000e+00
2.105000000000000000e+03,1.283594425559457619e+01,-1.554967302797043427e-01,2.374718827556158018e+01,-3.539165391502406555e-02,-1.072035563577227535e+01,4.985000000000000142e+01,4.990200000000000102e+01,6.000000000000000000e+01,0.000000000000000000e+00
2.106000000000000000e+03,1.283774624788304486e+01,-1.554967302797043427e-01,2.374625781486746234e+01,-3.384647969748316026e-02,-1.071916835700722892e+01,4.985000000000000142e+01,4.990200000000000102e+01,6.000000000000000000e+01,0.000000000000000000e+00
2.107000000000000000e+03,1.283947247004902081e+01,-1.554967302797043427e-01,2.374532735417334450e+01,-3.236876667766660359e-02,-1.071798938716695204e+01,4.985000000000000142e+01,4.990200000000000102e+01,6.000000000000000000e+01,0.000000000000000000e+00
2.108000000000000000e+03,1.264748253000746203e+01,-2.541773475725981335e-01,2.374380640880795923e+01,-1.253278618901818020e-01,-1.071681866933771943e+01,4.985000000000000142e+01,4.993500000000000227e+01,6.000000000000000000e+01,0.000000000000000000e+00
2.109000000000000000e+03,1.208926959357977537e+01,-5.412482342428134308e-01,2.374056768985343169e+01,-3.943937150812708015e-01,-1.071565614694956992e+01,4.985000000000000142e+01,5.003099999999999881e+01,6.000000000000000000e+01,0.000000000000000000e+00
2.110000000000000000e+03,1.286137383672235934e+01,-1.554967302797043427e-01,2.373963722915931385e+01,-8.264898381255159077e-03,-1.071450176377599384e+01,4.985000000000000142e+01,4.990200000000000102e+01,6.000000000000000000e+01,0.000000000000000000e+00
2.111000000000000000e+03,1.210498088311616094e+01,-5.412482342428134308e-01,2.373639851020478631e+01,-3.768139289122796054e-01,-1.071335546393352978e+01,4.985000000000000142e+01,5.003099999999999881e+01,6.000000000000000000e+01,0.000000000000000000e+00
2.112000000000000000e+03,1.268265809997993543e+01,-2.541773475725981335e-01,2.373487756483940103e+01,-8.582492540556196925e-02,-1.071221719188130805e+01,4.985000000000000142e+01,4.993500000000000227e+01,6.000000000000000000e+01,0.000000000000000000e+00
2.113000000000000000e+03,1.268601450874189673e+01,-2.541773475725981335e-01,2.373335661947401576e+01,-8.207787073901672004e-02,-1.071108689242050538e+01,4.985000000000000142e+01,4.993500000000000227e+01,6.000000000000000000e+01,0.000000000000000000e+00
2.114000000000000000e+03,1.250142399339087973e+01,-3.498676431293294975e-01,2.373126308291224973e+01,-1.700069356982961410e-01,-1.070996451069374444e+01,4.985000000000000142e+01,4.996699999999999875e+01,6.000000000000000000e+01,0.000000000000000000e+00
2.115000000000000000e+03,1.288928616314327869e+01,-1.554967302797043427e-01,2.373033262221813189e+01,2.330026338928273266e-02,-1.070884999218443312e+01,4.985000000000000142e+01,4.990200000000000102e+01,6.000000000000000000e+01,0.000000000000000000e+00
2.116000000000000000e+03,1.269480174482892210e+01,-2.541773475725981335e-01,2.372881167685274661e+01,-7.208930173519223494e-02,-1.070774328271603437e+01,4.985000000000000142e+01,4.993500000000000227e+01,6.000000000000000000e+01,0.000000000000000000e+00
2.117000000000000000e+03,1.289117051522651813e+01,-1.554967302797043427e-01,2.372788121615862877e+01,2.543035779887774239e-02,-1.070664432845128466e+01,4.985000000000000142e+01,4.990200000000000102e+01,6.000000000000000000e+01,0.000000000000000000e+00
2.118000000000000000e+03,1.269657764161003755e+01,-2.541773475725981335e-01,2.372636027079324350e+01,-7.005220571924497541e-02,-1.070555307589136262e+01,4.985000000000000142e+01,4.993500000000000227e+01,6.000000000000000000e+01,0.000000000000000000e+00
2.119000000000000000e+03,1.289284212360874271e+01,-1.554967302797043427e-01,2.372542981009912566e+01,2.737851566432050743e-02,-1.070446947187499909e+01,4.985000000000000142e+01,4.990200000000000102e+01,6.000000000000000000e+01,0.000000000000000000e+00
2.120000000000000000e+03,1.307956775752202816e+01,-5.980643472295177343e-02,2.372507194060138858e+01,1.176957152211293017e-01,-1.070339346357753740e+01,4.985000000000000142e+01,4.986999999999999744e+01,6.000000000000000000e+01,0.000000000000000000e+00
2.121000000000000000e+03,1.269372103564137610e+01,-2.541773475725981335e-01,2.372355099523600330e+01,-7.332761351207815748e-02,-1.070232499850995289e+01,4.985000000000000142e+01,4.993500000000000227e+01,6.000000000000000000e+01,0.000000000000000000e+00
2.122000000000000000e+03,1.289010588957007997e+01,-1.554967302797043427e-01,2.372262053454188546e+01,2.424610982572122930e-02,-1.070126402451782255e+01,4.985000000000000142e+01,4.990200000000000102e+01,6.000000000000000000e+01,0.000000000000000000e+00
2.123000000000000000e+03,1.288917039585434665e+01,-1.554967302797043427e-01,2.372169007384776762e+01,2.318754206654494512e-02,-1.070021048978026101e+01,4.985000000000000142e+01,4.990200000000000102e+01,6.000000000000000000e+01,0.000000000000000000e+00
2.124000000000000000e+03,1.288827373068139259e+01,-1.554967302797043427e-01,2.372075961315364978e+01,2.217519061624550689e-02,-1.069916434280879791e+01,4.985000000000000142e+01,4.990200000000000102e+01,6.000000000000000000e+01,0.000000000000000000e+00
2.125000000000000000e+03,1.288741392743752101e+01,-1.554967302797043427e-01,2.371982915245953194e+01,2.120703770393609147e-02,-1.069812553244624098e+01,4.985000000000000142e+01,4.990200000000000102e+01,6.000000000000000000e+01,0.000000000000000000e+00
2.126000000000000000e+03,1.288658910727338203e+01,-1.554967302797043427e-01,2.371889869176541410e+01,2.028115365315909940e-02,-1.069709400786548592e+01,4.985000000000000142e+01,4.990200000000000102e+01,6.000000000000000000e+01,0.000000000000000000e+00
2.127000000000000000e+03,1.307357288791967420e+01,-5.980643472295177343e-02,2.371854082226767702e+01,1.109082189432430837e-01,-1.069606971856829603e+01,4.985000000000000142e+01,4.986999999999999744e+01,6.000000000000000000e+01,0.000000000000000000e+00
2.128000000000000000e+03,1.288161453667961176e+01,-1.554967302797043427e-01,2.371761036157355917e+01,1.455351976981364426e-02,-1.069505261438405519e+01,4.985000000000000142e+01,4.990200000000000102e+01,6.000000000000000000e+01,0.000000000000000000e+00
2.129000000000000000e+03,1.306883406133023584e+01,-5.980643472295177343e-02,2.371725249207582209e+01,1.054306494458488591e-01,-1.069404264546848538e+01,4.985000000000000142e+01,4.986999999999999744e+01,6.000000000000000000e+01,0.000000000000000000e+00
2.130000000000000000e+03,1.287710063582636266e+01,-1.554967302797043427e-01,2.371632203138170425e+01,9.315097026693280879e-03,-1.069303976230233033e+01,4.985000000000000142e+01,4.990200000000000102e+01,6.000000000000000000e+01,0.000000000000000000e+00
2.131000000000000000e+03,1.325231015661287159e+01,3.588386083377956282e-02,2.371653675308034792e+01,1.919334583887671586e-01,-1.069204391569002510e+01,4.985000000000000142e+01,4.983800000000000097e+01,6.000000000000000000e+01,0.000000000000000000e+00
2.132000000000000000e+03,1.305735864749554054e+01,-5.980643472295177343e-02,2.371617888358261084e+01,9.204125539420561497e-02,-1.069105505675832646e+01,4.985000000000000142e+01,4.986999999999999744e+01,6.000000000000000000e+01,0.000000000000000000e+00
2.133000000000000000e+03,1.305396424262736765e+01,-5.980643472295177343e-02,2.371582101408487375e+01,8.802280022037575757e-02,-1.069007313695493089e+01,4.985000000000000142e+01,4.986999999999999744e+01,6.000000000000000000e+01,0.000000000000000000e+00
2.134000000000000000e+03,1.286296297707282399e+01,-1.554967302797043427e-01,2.371489055339075591e+01,-7.332737991175300452e-03,-1.068909810804705351e+01,4.985000000000000142e+01,4.990200000000000102e+01,6.000000000000000000e+01,0.000000000000000000e+00
2.135000000000000000e+03,1.380806588933413259e+01,3.259450692401572591e-01,2.371684094215342853e+01,4.534098000605565892e-01,-1.068812992212000701e+01,4.985000000000000142e+01,4.974099999999999966e+01,6.000000000000000000e+01,0.000000000000000000e+00
2.136000000000000000e+03,1.340976331511073028e+01,1.315741563905321321e-01,2.371762825504845296e+01,2.477294352474869454e-01,-1.068716853157573965e+01,4.985000000000000142e+01,4.980599999999999739e+01,6.000000000000000000e+01,0.000000000000000000e+00
2.137000000000000000e+03,1.321291416838460542e+01,3.588386083377956282e-02,2.371784297674709663e+01,1.454012199350969148e-01,-1.068621388913136805e+01,4.985000000000000142e+01,4.983800000000000097e+01,6.000000000000000000e+01,0.000000000000000000e+00
2.138000000000000000e+03,1.377692293808280510e+01,3.259450692401572591e-01,2.371979336550976925e+01,4.164504511505651707e-01,-1.068526594781768679e+01,4.985000000000000142e+01,4.974099999999999966e+01,6.000000000000000000e+01,0.000000000000000000e+00
2.139000000000000000e+03,1.357385727311762480e+01,2.302547736834046899e-01,2.372117116307606111e+01,3.067559973358237602e-01,-1.068432466097766564e+01,4.985000000000000142e+01,4.977300000000000324e+01,6.000000000000000000e+01,0.000000000000000000e+00
2.140000000000000000e+03,1.318135819567382860e+01,3.588386083377956282e-02,2.372138588477470478e+01,1.074784323302644118e-01,-1.068338998226492187e+01,4.985000000000000142e+01,4.983800000000000097e+01,6.000000000000000000e+01,0.000000000000000000e+00
2.141000000000000000e+03,1.317780860275203025e+01,3.588386083377956282e-02,2.372160060647334845e+01,1.027860010870910168e-01,-1.068246186564218903e+01,4.985000000000000142e+01,4.983800000000000097e+01,6.000000000000000000e+01,0.000000000000000000e+00
2.142000000000000000e+03,1.298668194899074280e+01,-5.980643472295177343e-02,2.372124273697561136e+01,6.785912117847819891e-03,-1.068154026537976620e+01,4.985000000000000142e+01,4.986999999999999744e+01,6.000000000000000000e+01,0.000000000000000000e+00
2.143000000000000000e+03,1.355613716039185945e+01,2.302547736834046899e-01,2.372262053454190323e+01,2.838869882205103945e-01,-1.068062513605395836e+01,4.985000000000000142e+01,4.977300000000000324e+01,6.000000000000000000e+01,0.000000000000000000e+00
2.144000000000000000e+03,1.392158018456202484e+01,4.216353647968886231e-01,2.372514351450095660e+01,4.545177378096846299e-01,-1.067971643254550429e+01,4.985000000000000142e+01,4.970900000000000318e+01,6.000000000000000000e+01,0.000000000000000000e+00
2.145000000000000000e+03,1.333596734907044201e+01,1.315741563905321321e-01,2.372593082739598103e+01,1.572764753219220712e-01,-1.067881411003799208e+01,4.985000000000000142e+01,4.980599999999999739e+01,6.000000000000000000e+01,0.000000000000000000e+00
2.146000000000000000e+03,1.352442746422174302e+01,2.302547736834046899e-01,2.372730862496227289e+01,2.447821895923275870e-01,-1.067791812401626395e+01,4.985000000000000142e+01,4.977300000000000324e+01,6.000000000000000000e+01,0.000000000000000000e+00
2.147000000000000000e+03,1.332236454645911117e+01,1.315741563905321321e-01,2.372809593785729732e+01,1.397228824761045651e-01,-1.067702843026482107e+01,4.985000000000000142e+01,4.980599999999999739e+01,6.000000000000000000e+01,0.000000000000000000e+00
2.148000000000000000e+03,1.313015969128995231e+01,3.588386083377956282e-02,2.372831065955594099e+01,4.211015576643746539e-02,-1.067614498486620711e+01,4.985000000000000142e+01,4.983800000000000097e+01,6.000000000000000000e+01,0.000000000000000000e+00
2.149000000000000000e+03,1.294163774180675830e+01,-5.980643472295177343e-02,2.372795279005820390e+01,-5.124086932910035252e-02,-1.067526774419939528e+01,4.985000000000000142e+01,4.986999999999999744e+01,6.000000000000000000e+01,0.000000000000000000e+00
2.150000000000000000e+03,1.294438809116145706e+01,-5.980643472295177343e-02,2.372759492056046682e+01,-4.900372973789019621e-02,-1.067439666493816830e+01,4.985000000000000142e+01,4.986999999999999744e+01,6.000000000000000000e+01,0.000000000000000000e+00
2.151000000000000000e+03,1.275925923757350944e+01,-1.554967302797043427e-01,2.372666445986634898e+01,-1.383767879636520759e-01,-1.067353170404948415e+01,4.985000000000000142e+01,4.990200000000000102e+01,6.000000000000000000e+01,0.000000000000000000e+00
2.152000000000000000e+03,1.276522909341856682e+01,-1.554967302797043427e-01,2.372573399917223114e+01,-1.323353566821150185e-01,-1.067267281879184360e+01,4.985000000000000142e+01,4.990200000000000102e+01,6.000000000000000000e+01,0.000000000000000000e+00
2.153000000000000000e+03,1.277092915152895891e+01,-1.554967302797043427e-01,2.372480353847811330e+01,-1.265576899557945834e-01,-1.067181996671365418e+01,4.985000000000000142e+01,4.990200000000000102e+01,6.000000000000000000e+01,0.000000000000000000e+00
2.154000000000000000e+03,1.239495216287240176e+01,-3.498676431293294975e-01,2.372271000191634727e+01,-3.069170902630276032e-01,-1.067097310565158885e+01,4.985000000000000142e+01,4.996699999999999875e+01,6.000000000000000000e+01,0.000000000000000000e+00
2.155000000000000000e+03,1.259487473085148324e+01,-2.541773475725981335e-01,2.372118905655096199e+01,-2.020047843979443924e-01,-1.067013219372893928e+01,4.985000000000000142e+01,4.993500000000000227e+01,6.000000000000000000e+01,0.000000000000000000e+00
2.156000000000000000e+03,1.203968193583405366e+01,-5.412482342428134308e-01,2.371795033759643445e+01,-4.677229781656041530e-01,-1.066929718935396210e+01,4.985000000000000142e+01,5.003099999999999881e+01,6.000000000000000000e+01,0.000000000000000000e+00
2.157000000000000000e+03,1.243324362998677657e+01,-3.498676431293294975e-01,2.371585680103466842e+01,-2.642774767003217562e-01,-1.066846805121824104e+01,4.985000000000000142e+01,4.996699999999999875e+01,6.000000000000000000e+01,0.000000000000000000e+00
2.158000000000000000e+03,1.206796074604903346e+01,-5.412482342428134308e-01,2.371261808208014088e+01,-4.357643634932649723e-01,-1.066764473829502613e+01,4.985000000000000142e+01,5.003099999999999881e+01,6.000000000000000000e+01,0.000000000000000000e+00
2.159000000000000000e+03,1.246011554033617408e+01,-3.498676431293294975e-01,2.371052454551837485e+01,-2.337141522152845485e-01,-1.066682720983758692e+01,4.985000000000000142e+01,4.996699999999999875e+01,6.000000000000000000e+01,0.000000000000000000e+00
2.160000000000000000e+03,1.228126216777703839e+01,-4.455579386860820668e-01,2.370785841776022806e+01,-3.150228859195524089e-01,-1.066601542537755343e+01,4.985000000000000142e+01,4.999900000000000233e+01,6.000000000000000000e+01,0.000000000000000000e+00
2.161000000000000000e+03,1.191760496853228091e+01,-6.369385297995660000e-01,2.370404710760931977e+01,-4.842942645542054336e-01,-1.066520934472326942e+01,4.985000000000000142e+01,5.006300000000000239e+01,6.000000000000000000e+01,0.000000000000000000e+00
2.162000000000000000e+03,1.193573801527116984e+01,-6.369385297995660000e-01,2.370023579745841147e+01,-4.631503244295416821e-01,-1.066440892795813511e+01,4.985000000000000142e+01,5.006300000000000239e+01,6.000000000000000000e+01,0.000000000000000000e+00
2.163000000000000000e+03,1.157152350154151854e+01,-8.313094426491911548e-01,2.369526141143985498e+01,-6.288143318101893087e-01,-1.066361413543895686e+01,4.985000000000000142e+01,5.012800000000000011e+01,6.000000000000000000e+01,0.000000000000000000e+00
2.164000000000000000e+03,1.121924108041890200e+01,-1.022690033762674977e+00,2.368914184302853698e+01,-7.843858010526659763e-01,-1.066282492779429525e+01,4.985000000000000142e+01,5.019200000000000017e+01,6.000000000000000000e+01,0.000000000000000000e+00
2.165000000000000000e+03,1.162370172050231076e+01,-8.313094426491911548e-01,2.368416745700998050e+01,-5.671150279356651502e-01,-1.066204126592281654e+01,4.985000000000000142e+01,5.012800000000000011e+01,6.000000000000000000e+01,0.000000000000000000e+00
2.166000000000000000e+03,1.107507110502007563e+01,-1.121370651055568768e+00,2.367745740392739506e+01,-8.197525368601088491e-01,-1.066126311099164425e+01,4.985000000000000142e+01,5.022500000000000142e+01,6.000000000000000000e+01,0.000000000000000000e+00
2.167000000000000000e+03,1.110492354610728682e+01,-1.121370651055568768e+00,2.367074735084480963e+01,-7.839627292472388653e-01,-1.066049042443471606e+01,4.985000000000000142e+01,5.022500000000000142e+01,6.000000000000000000e+01,0.000000000000000000e+00
2.168000000000000000e+03,1.113320799979882558e+01,-1.121370651055568768e+00,2.366403729776222420e+01,-7.497354789566951228e-01,-1.065972316795113706e+01,4.985000000000000142e+01,5.022500000000000142e+01,6.000000000000000000e+01,0.000000000000000000e+00
2.169000000000000000e+03,1.135363611856991461e+01,-1.022690033762674977e+00,2.365791772935090620e+01,-6.226302735147712930e-01,-1.065896130350354376e+01,4.985000000000000142e+01,5.019200000000000017e+01,6.000000000000000000e+01,0.000000000000000000e+00
2.170000000000000000e+03,1.156323206403049042e+01,-9.269997382059224078e-01,2.365237075213596896e+01,-5.039341565830910419e-01,-1.065820479331646453e+01,4.985000000000000142e+01,5.015999999999999659e+01,6.000000000000000000e+01,0.000000000000000000e+00
2.171000000000000000e+03,1.233740731626504150e+01,-5.412482342428134308e-01,2.364913203318144141e+01,-1.130228827988980500e-01,-1.065745359987468710e+01,4.985000000000000142e+01,5.003099999999999881e+01,6.000000000000000000e+01,0.000000000000000000e+00
2.172000000000000000e+03,1.158287937694817238e+01,-9.269997382059224078e-01,2.364358505596650417e+01,-4.769982548907790720e-01,-1.065670768592162965e+01,4.985000000000000142e+01,5.015999999999999659e+01,6.000000000000000000e+01,0.000000000000000000e+00
2.173000000000000000e+03,1.159889847277456454e+01,-9.269997382059224078e-01,2.363803807875156693e+01,-4.561728533133649899e-01,-1.065596701445771544e+01,4.985000000000000142e+01,5.015999999999999659e+01,6.000000000000000000e+01,0.000000000000000000e+00
2.174000000000000000e+03,1.293429901103457702e+01,-2.541773475725981335e-01,2.363651713338618165e+01,2.071907739597407261e-01,-1.065523154873874923e+01,4.985000000000000142e+01,4.993500000000000227e+01,6.000000000000000000e+01,0.000000000000000000e+00
2.175000000000000000e+03,1.217336091095292439e+01,-6.369385297995660000e-01,2.363270582323527336e+01,-1.679051302084787478e-01,-1.065450125227430611e+01,4.985000000000000142e+01,5.006300000000000239e+01,6.000000000000000000e+01,0.000000000000000000e+00
2.176000000000000000e+03,1.274093161975035393e+01,-3.498676431293294975e-01,2.363061228667350733e+01,1.139630650322877026e-01,-1.065377608882611149e+01,4.985000000000000142e+01,4.996699999999999875e+01,6.000000000000000000e+01,0.000000000000000000e+00
2.177000000000000000e+03,1.235903177863261249e+01,-5.412482342428134308e-01,2.362737356771897979e+01,-7.403753243711043430e-02,-1.065305602240644234e+01,4.985000000000000142e+01,5.003099999999999881e+01,6.000000000000000000e+01,0.000000000000000000e+00
2.178000000000000000e+03,1.235974049035463374e+01,-5.412482342428134308e-01,2.362413484876445224e+01,-7.080510689048721829e-02,-1.065234101727651783e+01,4.985000000000000142e+01,5.003099999999999881e+01,6.000000000000000000e+01,0.000000000000000000e+00
2.179000000000000000e+03,1.236030305089813552e+01,-5.412482342428134308e-01,2.362089612980992470e+01,-6.771380672406678014e-02,-1.065163103794490596e+01,4.985000000000000142e+01,5.003099999999999881e+01,6.000000000000000000e+01,0.000000000000000000e+00
2.180000000000000000e+03,1.179153143731416975e+01,-8.313094426491911548e-01,2.361592174379136821e+01,-3.421548146620738695e-01,-1.065092604916593189e+01,4.985000000000000142e+01,5.012800000000000011e+01,6.000000000000000000e+01,0.000000000000000000e+00
2.181000000000000000e+03,1.142664449292515449e+01,-1.022690033762674977e+00,2.360980217538005022e+01,-5.102416327541265950e-01,-1.065022601593809348e+01,4.985000000000000142e+01,5.019200000000000017e+01,6.000000000000000000e+01,0.000000000000000000e+00
2.182000000000000000e+03,1.200682305853515608e+01,-7.356191470924384745e-01,2.360540038055787448e+01,-2.134272714277987149e-01,-1.064953090350247855e+01,4.985000000000000142e+01,5.009599999999999653e+01,6.000000000000000000e+01,0.000000000000000000e+00
2.183000000000000000e+03,1.144910333343565512e+01,-1.022690033762674977e+00,2.359928081214655649e+01,-4.786467676070274568e-01,-1.064884067734119810e+01,4.985000000000000142e+01,5.019200000000000017e+01,6.000000000000000000e+01,0.000000000000000000e+00
2.184000000000000000e+03,1.278486238391948859e+01,-3.498676431293294975e-01,2.359718727558479046e+01,1.856980546398392384e-01,-1.064815530317581249e+01,4.985000000000000142e+01,4.996699999999999875e+01,6.000000000000000000e+01,0.000000000000000000e+00
2.185000000000000000e+03,1.221201572175280603e+01,-6.369385297995660000e-01,2.359337596543388216e+01,-9.694696691574150593e-02,-1.064747474696577001e+01,4.985000000000000142e+01,5.006300000000000239e+01,6.000000000000000000e+01,0.000000000000000000e+00
2.186000000000000000e+03,1.240088823134061258e+01,-5.412482342428134308e-01,2.359013724647935462e+01,-1.201805989077306402e-03,-1.064679897490685079e+01,4.985000000000000142e+01,5.003099999999999881e+01,6.000000000000000000e+01,0.000000000000000000e+00
2.187000000000000000e+03,1.277392382917174984e+01,-3.498676431293294975e-01,2.358804370991758859e+01,1.818757158131207863e-01,-1.064612795342963025e+01,4.985000000000000142e+01,4.996699999999999875e+01,6.000000000000000000e+01,0.000000000000000000e+00
2.188000000000000000e+03,1.314597484054619514e+01,-1.554967302797043427e-01,2.358711324922347075e+01,3.598199708003518293e-01,-1.064546164919792304e+01,4.985000000000000142e+01,4.990200000000000102e+01,6.000000000000000000e+01,0.000000000000000000e+00
2.189000000000000000e+03,1.312999651817701618e+01,-1.554967302797043427e-01,2.358618278852935291e+01,3.441104890346238787e-01,-1.064480002910725531e+01,4.985000000000000142e+01,4.990200000000000102e+01,6.000000000000000000e+01,0.000000000000000000e+00
2.190000000000000000e+03,1.311469940924392752e+01,-1.554967302797043427e-01,2.358525232783523506e+01,3.290868719717327529e-01,-1.064414306028333534e+01,4.985000000000000142e+01,4.990200000000000102e+01,6.000000000000000000e+01,0.000000000000000000e+00
2.191000000000000000e+03,1.310005360203171954e+01,-1.554967302797043427e-01,2.358432186714111722e+01,3.147191752508388118e-01,-1.064349071008053293e+01,4.985000000000000142e+01,4.990200000000000102e+01,6.000000000000000000e+01,0.000000000000000000e+00
2.192000000000000000e+03,1.308603049194734069e+01,-1.554967302797043427e-01,2.358339140644699938e+01,3.009787618604124471e-01,-1.064284294608036774e+01,4.985000000000000142e+01,4.990200000000000102e+01,6.000000000000000000e+01,0.000000000000000000e+00
2.193000000000000000e+03,1.326037813710411228e+01,-5.980643472295177343e-02,2.358303353694926230e+01,3.793507709677977902e-01,-1.064219973608999581e+01,4.985000000000000142e+01,4.986999999999999744e+01,6.000000000000000000e+01,0.000000000000000000e+00
2.194000000000000000e+03,1.381329099269478711e+01,2.302547736834046899e-01,2.358441133451555416e+01,6.401859326365398895e-01,-1.064156104814071391e+01,4.985000000000000142e+01,4.977300000000000324e+01,6.000000000000000000e+01,0.000000000000000000e+00
2.195000000000000000e+03,1.340593412244265714e+01,3.588386083377956282e-02,2.358462605621419783e+01,4.263510558811534068e-01,-1.064092685048647446e+01,4.985000000000000142e+01,4.983800000000000097e+01,6.000000000000000000e+01,0.000000000000000000e+00
2.196000000000000000e+03,1.338816440181897605e+01,3.588386083377956282e-02,2.358484077791284150e+01,4.077368746747408457e-01,-1.064029711160238634e+01,4.985000000000000142e+01,4.983800000000000097e+01,6.000000000000000000e+01,0.000000000000000000e+00
2.197000000000000000e+03,1.299565211020551203e+01,-1.554967302797043427e-01,2.358391031721872366e+01,2.069103234497429999e-01,-1.063967180018325109e+01,4.985000000000000142e+01,4.990200000000000102e+01,6.000000000000000000e+01,0.000000000000000000e+00
2.198000000000000000e+03,1.298630900828234047e+01,-1.554967302797043427e-01,2.358297985652460582e+01,1.978767671795210181e-01,-1.063905088514208330e+01,4.985000000000000142e+01,4.990200000000000102e+01,6.000000000000000000e+01,0.000000000000000000e+00
2.199000000000000000e+03,1.240816171980941895e+01,-4.455579386860820668e-01,2.358031372876645904e+01,-8.815973466230458966e-02,-1.063843433560865215e+01,4.985000000000000142e+01,4.999900000000000233e+01,6.000000000000000000e+01,0.000000000000000000e+00
2.200000000000000000e+03,1.222218138483485284e+01,-5.412482342428134308e-01,2.357707500981193149e+01,-1.758232698062376920e-01,-1.063782212092802659e+01,4.985000000000000142e+01,5.003099999999999881e+01,6.000000000000000000e+01,0.000000000000000000e+00
2.201000000000000000e+03,1.241500230662193083e+01,-4.455579386860820668e-01,2.357440888205378471e+01,-7.663442608664007560e-02,-1.063721421065912942e+01,4.985000000000000142e+01,4.999900000000000233e+01,6.000000000000000000e+01,0.000000000000000000e+00
2.202000000000000000e+03,1.204073479368857846e+01,-6.369385297995660000e-01,2.357059757190287641e+01,-2.563136738414398819e-01,-1.063661057457329306e+01,4.985000000000000142e+01,5.006300000000000239e+01,6.000000000000000000e+01,0.000000000000000000e+00
2.203000000000000000e+03,1.166729453959426621e+01,-8.313094426491911548e-01,2.356562318588431992e+01,-4.310080209880281510e-01,-1.063601118265283318e+01,4.985000000000000142e+01,5.012800000000000011e+01,6.000000000000000000e+01,0.000000000000000000e+00
2.204000000000000000e+03,1.168173283210067659e+01,-8.313094426491911548e-01,2.356064879986576344e+01,-4.121905200262741542e-01,-1.063541600508962226e+01,4.985000000000000142e+01,5.012800000000000011e+01,6.000000000000000000e+01,0.000000000000000000e+00
2.205000000000000000e+03,1.188312079391942078e+01,-7.356191470924384745e-01,2.355624700504358771e+01,-3.026820517480538486e-01,-1.063482501228367383e+01,4.985000000000000142e+01,5.009599999999999653e+01,6.000000000000000000e+01,0.000000000000000000e+00
2.206000000000000000e+03,1.151696989243251679e+01,-9.269997382059224078e-01,2.355070002782865046e+01,-4.724922223484774308e-01,-1.063423817484173384e+01,4.985000000000000142e+01,5.015999999999999659e+01,6.000000000000000000e+01,0.000000000000000000e+00
2.207000000000000000e+03,1.304657356248911704e+01,-1.554967302797043427e-01,2.354976956713453262e+01,2.859561892101704084e-01,-1.063365546357588265e+01,4.985000000000000142e+01,4.990200000000000102e+01,6.000000000000000000e+01,0.000000000000000000e+00
2.208000000000000000e+03,1.303373707381232549e+01,-1.554967302797043427e-01,2.354883910644041478e+01,2.734715471537494946e-01,-1.063307684950213527e+01,4.985000000000000142e+01,4.990200000000000102e+01,6.000000000000000000e+01,0.000000000000000000e+00
2.209000000000000000e+03,1.264002278027285442e+01,-3.498676431293294975e-01,2.354674556987864875e+01,7.564715736260232970e-02,-1.063250230383906825e+01,4.985000000000000142e+01,4.996699999999999875e+01,6.000000000000000000e+01,0.000000000000000000e+00
2.210000000000000000e+03,1.263519704892771145e+01,-3.498676431293294975e-01,2.354465203331688272e+01,7.234445674658696035e-02,-1.063193179800643051e+01,4.985000000000000142e+01,4.996699999999999875e+01,6.000000000000000000e+01,0.000000000000000000e+00
2.211000000000000000e+03,1.281828691233247852e+01,-2.541773475725981335e-01,2.354313108795149745e+01,1.606984755773600559e-01,-1.063136530362378096e+01,4.985000000000000142e+01,4.993500000000000227e+01,6.000000000000000000e+01,0.000000000000000000e+00
2.212000000000000000e+03,1.243476167261287912e+01,-4.455579386860820668e-01,2.354046496019335066e+01,-2.934255638526134247e-02,-1.063080279250912596e+01,4.985000000000000142e+01,4.999900000000000233e+01,6.000000000000000000e+01,0.000000000000000000e+00
2.213000000000000000e+03,1.205838435032450207e+01,-6.369385297995660000e-01,2.353665365004244237e+01,-2.110865332408069506e-01,-1.063024423667756935e+01,4.985000000000000142e+01,5.006300000000000239e+01,6.000000000000000000e+01,0.000000000000000000e+00
2.214000000000000000e+03,1.262766979308644721e+01,-3.498676431293294975e-01,2.353456011348067634e+01,7.266693107506400073e-02,-1.062968960833996235e+01,4.985000000000000142e+01,4.996699999999999875e+01,6.000000000000000000e+01,0.000000000000000000e+00
2.215000000000000000e+03,1.281072981154914636e+01,-2.541773475725981335e-01,2.353303916811529106e+01,1.610068709080209048e-01,-1.062913887990156958e+01,4.985000000000000142e+01,4.993500000000000227e+01,6.000000000000000000e+01,0.000000000000000000e+00
2.216000000000000000e+03,1.280272627765807059e+01,-2.541773475725981335e-01,2.353151822274990579e+01,1.539774264414993932e-01,-1.062859202396073854e+01,4.985000000000000142e+01,4.993500000000000227e+01,6.000000000000000000e+01,0.000000000000000000e+00
2.217000000000000000e+03,1.223169956099951960e+01,-5.412482342428134308e-01,2.352827950379537825e+01,-1.272826952454660654e-01,-1.062804901330757801e+01,4.985000000000000142e+01,5.003099999999999881e+01,6.000000000000000000e+01,0.000000000000000000e+00
2.218000000000000000e+03,1.279788334356485002e+01,-2.541773475725981335e-01,2.352675855842999297e+01,1.528119536301034698e-01,-1.062750982092264884e+01,4.985000000000000142e+01,4.993500000000000227e+01,6.000000000000000000e+01,0.000000000000000000e+00
2.219000000000000000e+03,1.298386953319496051e+01,-1.554967302797043427e-01,2.352582809773587513e+01,2.405125857144413959e-01,-1.062697441997565129e+01,4.985000000000000142e+01,4.990200000000000102e+01,6.000000000000000000e+01,0.000000000000000000e+00
2.220000000000000000e+03,1.183458166246530574e+01,-7.356191470924384745e-01,2.352142630291369940e+01,-3.247827095318226442e-01,-1.062644278382412999e+01,4.985000000000000142e+01,5.009599999999999653e+01,6.000000000000000000e+01,0.000000000000000000e+00
2.221000000000000000e+03,1.222630635249879028e+01,-5.412482342428134308e-01,2.351818758395917186e+01,-1.247181112053802055e-01,-1.062591488601218792e+01,4.985000000000000142e+01,5.003099999999999881e+01,6.000000000000000000e+01,0.000000000000000000e+00
2.222000000000000000e+03,1.241681233520177408e+01,-4.455579386860820668e-01,2.351552145620102507e+01,-2.776048204396582009e-02,-1.062539070026920207e+01,4.985000000000000142e+01,4.999900000000000233e+01,6.000000000000000000e+01,0.000000000000000000e+00
2.223000000000000000e+03,1.204032788461183934e+01,-6.369385297995660000e-01,2.351171014605011678e+01,-2.095735311301642478e-01,-1.062487020050854802e+01,4.985000000000000142e+01,5.006300000000000239e+01,6.000000000000000000e+01,0.000000000000000000e+00
2.224000000000000000e+03,1.147698902452248859e+01,-9.269997382059224078e-01,2.350616316883517953e+01,-4.778210452804332320e-01,-1.062435336082633697e+01,4.985000000000000142e+01,5.015999999999999659e+01,6.000000000000000000e+01,0.000000000000000000e+00
2.225000000000000000e+03,1.206201079627666850e+01,-6.369385297995660000e-01,2.350235185868427124e+01,-1.795623771078816988e-01,-1.062384015550015626e+01,4.985000000000000142e+01,5.006300000000000239e+01,6.000000000000000000e+01,0.000000000000000000e+00
2.226000000000000000e+03,1.187290525288609899e+01,-7.356191470924384745e-01,2.349795006386209550e+01,-2.660951048957398424e-01,-1.062333055898781708e+01,4.985000000000000142e+01,5.009599999999999653e+01,6.000000000000000000e+01,0.000000000000000000e+00
2.227000000000000000e+03,1.150507616716935999e+01,-9.269997382059224078e-01,2.349240308664715826e+01,-4.375026353457616146e-01,-1.062282454592611458e+01,4.985000000000000142e+01,5.015999999999999659e+01,6.000000000000000000e+01,0.000000000000000000e+00
2.228000000000000000e+03,1.151913269591587685e+01,-9.269997382059224078e-01,2.348685610943222102e+01,-4.184015841808287894e-01,-1.062232209112959502e+01,4.985000000000000142e+01,5.015999999999999659e+01,6.000000000000000000e+01,0.000000000000000000e+00
2.229000000000000000e+03,1.228932138550474207e+01,-5.412482342428134308e-01,2.348361739047769348e+01,-3.122460114081099247e-02,-1.062182316958932660e+01,4.985000000000000142e+01,5.003099999999999881e+01,6.000000000000000000e+01,0.000000000000000000e+00
2.230000000000000000e+03,1.304491095563907521e+01,-1.554967302797043427e-01,2.348268692978357564e+01,3.390485126068835675e-01,-1.062132775647167904e+01,4.985000000000000142e+01,4.990200000000000102e+01,6.000000000000000000e+01,0.000000000000000000e+00
2.231000000000000000e+03,1.246047558986818160e+01,-4.455579386860820668e-01,2.348002080202542885e+01,4.684855364594864291e-02,-1.062083582711711216e+01,4.985000000000000142e+01,4.999900000000000233e+01,6.000000000000000000e+01,0.000000000000000000e+00
2.232000000000000000e+03,1.302544677757582292e+01,-1.554967302797043427e-01,2.347909034133131101e+01,3.222005235631891784e-01,-1.062034735703897326e+01,4.985000000000000142e+01,4.990200000000000102e+01,6.000000000000000000e+01,0.000000000000000000e+00
2.233000000000000000e+03,1.301093430830825426e+01,-1.554967302797043427e-01,2.347815988063719317e+01,3.081334798730756552e-01,-1.061986232192230872e+01,4.985000000000000142e+01,4.990200000000000102e+01,6.000000000000000000e+01,0.000000000000000000e+00
2.234000000000000000e+03,1.299703258525852867e+01,-1.554967302797043427e-01,2.347722941994307533e+01,2.946805932178148679e-01,-1.061938069762265791e+01,4.985000000000000142e+01,4.990200000000000102e+01,6.000000000000000000e+01,0.000000000000000000e+00
2.235000000000000000e+03,1.298371481874626632e+01,-1.554967302797043427e-01,2.347629895924895749e+01,2.818150499419033173e-01,-1.061890246016489137e+01,4.985000000000000142e+01,4.990200000000000102e+01,6.000000000000000000e+01,0.000000000000000000e+00
2.236000000000000000e+03,1.297095538958790684e+01,-1.554967302797043427e-01,2.347536849855483965e+01,2.695112070547988625e-01,-1.061842758574202605e+01,4.985000000000000142e+01,4.990200000000000102e+01,6.000000000000000000e+01,0.000000000000000000e+00
2.237000000000000000e+03,1.295872979798747870e+01,-1.554967302797043427e-01,2.347443803786072181e+01,2.577445411205284143e-01,-1.061795605071406534e+01,4.985000000000000142e+01,4.990200000000000102e+01,6.000000000000000000e+01,0.000000000000000000e+00
2.238000000000000000e+03,1.332256543998001952e+01,3.588386083377956282e-02,2.347465275955936548e+01,4.295166511937112963e-01,-1.061748783160683907e+01,4.985000000000000142e+01,4.983800000000000097e+01,6.000000000000000000e+01,0.000000000000000000e+00
2.239000000000000000e+03,1.368591150631495168e+01,2.302547736834046899e-01,2.347603055712565734e+01,5.966490806167416006e-01,-1.061702290511085423e+01,4.985000000000000142e+01,4.977300000000000324e+01,6.000000000000000000e+01,0.000000000000000000e+00
2.240000000000000000e+03,1.346805829582278768e+01,1.315741563905321321e-01,2.347681787002068177e+01,4.762275174917256493e-01,-1.061656124808015100e+01,4.985000000000000142e+01,4.980599999999999739e+01,6.000000000000000000e+01,0.000000000000000000e+00
2.241000000000000000e+03,1.382993107449809322e+01,3.259450692401572591e-01,2.347876825878335438e+01,6.413205840057495388e-01,-1.061610283753116768e+01,4.985000000000000142e+01,4.974099999999999966e+01,6.000000000000000000e+01,0.000000000000000000e+00
2.242000000000000000e+03,1.342291824661295863e+01,1.315741563905321321e-01,2.347955557167837881e+01,4.274361691856597423e-01,-1.061564765064161264e+01,4.985000000000000142e+01,4.980599999999999739e+01,6.000000000000000000e+01,0.000000000000000000e+00
2.243000000000000000e+03,1.302994516360428001e+01,-5.980643472295177343e-02,2.347919770218064173e+01,2.257495608959341482e-01,-1.061519566474934528e+01,4.985000000000000142e+01,4.986999999999999744e+01,6.000000000000000000e+01,0.000000000000000000e+00
2.244000000000000000e+03,1.377714966993212542e+01,3.259450692401572591e-01,2.348114809094331434e+01,5.848033670999144285e-01,-1.061474685735126045e+01,4.985000000000000142e+01,4.974099999999999966e+01,6.000000000000000000e+01,0.000000000000000000e+00
2.245000000000000000e+03,1.375401361451415738e+01,3.259450692401572591e-01,2.348309847970598696e+01,5.592712716701978559e-01,-1.061430120610218353e+01,4.985000000000000142e+01,4.974099999999999966e+01,6.000000000000000000e+01,0.000000000000000000e+00
2.246000000000000000e+03,1.410753996342473471e+01,5.173256603536411369e-01,2.348619405086142109e+01,7.178789410234468482e-01,-1.061385868881377448e+01,4.985000000000000142e+01,4.967699999999999960e+01,6.000000000000000000e+01,0.000000000000000000e+00
2.247000000000000000e+03,1.389195744777016372e+01,4.216353647968886231e-01,2.348871703082047446e+01,5.950243356062354660e-01,-1.061341928345343533e+01,4.985000000000000142e+01,4.970900000000000318e+01,6.000000000000000000e+01,0.000000000000000000e+00
2.248000000000000000e+03,1.462590803974605791e+01,8.073868687600188609e-01,2.349354826903993754e+01,9.379558700893215750e-01,-1.061298296814322129e+01,4.985000000000000142e+01,4.957999999999999829e+01,6.000000000000000000e+01,0.000000000000000000e+00
2.249000000000000000e+03,1.420880323764856357e+01,6.130159559103725009e-01,2.349721643139175242e+01,7.111205715052110188e-01,-1.061254972115877493e+01,4.985000000000000142e+01,4.964500000000000313e+01,6.000000000000000000e+01,0.000000000000000000e+00
2.250000000000000000e+03,1.380630376096422651e+01,4.216353647968886231e-01,2.349973941135080580e+01,4.970485057447738830e-01,-1.061211952092824262e+01,4.985000000000000142e+01,4.970900000000000318e+01,6.000000000000000000e+01,0.000000000000000000e+00
2.251000000000000000e+03,1.435674735430349536e+01,7.116965732032662917e-01,2.350399805837388811e+01,7.527450687575647503e-01,-1.061169234603122469e+01,4.985000000000000142e+01,4.961200000000000188e+01,6.000000000000000000e+01,0.000000000000000000e+00
2.252000000000000000e+03,1.451634127518947537e+01,8.073868687600188609e-01,2.350882929659335119e+01,8.113932850338154701e-01,-1.061126817519771137e+01,4.985000000000000142e+01,4.957999999999999829e+01,6.000000000000000000e+01,0.000000000000000000e+00
2.253000000000000000e+03,1.448616885262398135e+01,8.073868687600188609e-01,2.351366053481281426e+01,7.759684363581834665e-01,-1.061084698730703657e+01,4.985000000000000142e+01,4.957999999999999829e+01,6.000000000000000000e+01,0.000000000000000000e+00
2.254000000000000000e+03,1.445754009156498121e+01,8.073868687600188609e-01,2.351849177303227734e+01,7.420902111595242268e-01,-1.061042876138684043e+01,4.985000000000000142e+01,4.957999999999999829e+01,6.000000000000000000e+01,0.000000000000000000e+00
2.255000000000000000e+03,1.443038748836621465e+01,8.073868687600188609e-01,2.352332301125174041e+01,7.096910849664865850e-01,-1.061001347661203198e+01,4.985000000000000142e+01,4.957999999999999829e+01,6.000000000000000000e+01,0.000000000000000000e+00
2.256000000000000000e+03,1.421687107464452282e+01,7.116965732032662917e-01,2.352758165827482273e+01,5.871939554701951502e-01,-1.060960111230376057e+01,4.985000000000000142e+01,4.961200000000000188e+01,6.000000000000000000e+01,0.000000000000000000e+00
2.257000000000000000e+03,1.475922895722202455e+01,9.987674598735027942e-01,2.353355807888704732e+01,8.360950663898727431e-01,-1.060919164792839808e+01,4.985000000000000142e+01,4.951599999999999824e+01,6.000000000000000000e+01,0.000000000000000000e+00
2.258000000000000000e+03,1.435355782661801349e+01,8.073868687600188609e-01,2.353838931710651039e+01,6.165667038480071582e-01,-1.060878506309652458e+01,4.985000000000000142e+01,4.957999999999999829e+01,6.000000000000000000e+01,0.000000000000000000e+00
2.259000000000000000e+03,1.433187393044913094e+01,8.073868687600188609e-01,2.354322055532597346e+01,5.896478439250554260e-01,-1.060838133756191937e+01,4.985000000000000142e+01,4.957999999999999829e+01,6.000000000000000000e+01,0.000000000000000000e+00
2.260000000000000000e+03,1.449913786585839226e+01,9.030771643167502249e-01,2.354862438474181729e+01,6.554167680203878410e-01,-1.060798045122056443e+01,4.985000000000000142e+01,4.954800000000000182e+01,6.000000000000000000e+01,0.000000000000000000e+00
2.261000000000000000e+03,1.410077391121290091e+01,7.116965732032662917e-01,2.355288303176489961e+01,4.437766903543860497e-01,-1.060758238410965149e+01,4.985000000000000142e+01,4.961200000000000188e+01,6.000000000000000000e+01,0.000000000000000000e+00
2.262000000000000000e+03,1.370463404706702271e+01,5.173256603536411369e-01,2.355597860292033374e+01,2.385169001996371996e-01,-1.060718711640659073e+01,4.985000000000000142e+01,4.967699999999999960e+01,6.000000000000000000e+01,0.000000000000000000e+00
2.263000000000000000e+03,1.407912743643345088e+01,7.116965732032662917e-01,2.356023724994341606e+01,4.139882417148060822e-01,-1.060679462842803567e+01,4.985000000000000142e+01,4.961200000000000188e+01,6.000000000000000000e+01,0.000000000000000000e+00
2.264000000000000000e+03,1.368428257467897957e+01,5.173256603536411369e-01,2.356333282109885019e+01,2.100289938553942803e-01,-1.060640490062890784e+01,4.985000000000000142e+01,4.967699999999999960e+01,6.000000000000000000e+01,0.000000000000000000e+00
2.265000000000000000e+03,1.406001422464614947e+01,7.116965732032662917e-01,2.356759146812193251e+01,3.867440969223836511e-01,-1.060601791360143409e+01,4.985000000000000142e+01,4.961200000000000188e+01,6.000000000000000000e+01,0.000000000000000000e+00
2.266000000000000000e+03,1.385412877309521917e+01,6.130159559103725009e-01,2.357125963047374739e+01,2.754868347852755250e-01,-1.060563364807417841e+01,4.985000000000000142e+01,4.964500000000000313e+01,6.000000000000000000e+01,0.000000000000000000e+00
2.267000000000000000e+03,1.365837552839586522e+01,5.173256603536411369e-01,2.357435520162918152e+01,1.719467513241396683e-01,-1.060525208491109694e+01,4.985000000000000142e+01,4.967699999999999960e+01,6.000000000000000000e+01,0.000000000000000000e+00
2.268000000000000000e+03,1.365434290755533553e+01,5.173256603536411369e-01,2.357745077278461565e+01,1.644396795276675816e-01,-1.060487320511058940e+01,4.985000000000000142e+01,4.967699999999999960e+01,6.000000000000000000e+01,0.000000000000000000e+00
2.269000000000000000e+03,1.383841078824947068e+01,6.130159559103725009e-01,2.358111893513643054e+01,2.487728870072197784e-01,-1.060449698980455402e+01,4.985000000000000142e+01,4.964500000000000313e+01,6.000000000000000000e+01,0.000000000000000000e+00
2.270000000000000000e+03,1.308048962374586566e+01,2.302547736834046899e-01,2.358249673270272240e+01,-1.281384623828055180e-01,-1.060412342025745858e+01,4.985000000000000142e+01,4.977300000000000324e+01,6.000000000000000000e+01,0.000000000000000000e+00
2.271000000000000000e+03,1.308783279703655111e+01,2.302547736834046899e-01,2.358387453026901426e+01,-1.225440290504543894e-01,-1.060375247786541308e+01,4.985000000000000142e+01,4.977300000000000324e+01,6.000000000000000000e+01,0.000000000000000000e+00
2.272000000000000000e+03,1.252573489307246746e+01,-5.980643472295177343e-02,2.358351666077127717e+01,-3.945911888206163898e-01,-1.060338414415524255e+01,4.985000000000000142e+01,4.986999999999999744e+01,6.000000000000000000e+01,0.000000000000000000e+00
2.273000000000000000e+03,1.424468501238040119e+01,8.073868687600188609e-01,2.358834789899074025e+01,4.519686454132220144e-01,-1.060301840078357927e+01,4.985000000000000142e+01,4.957999999999999829e+01,6.000000000000000000e+01,0.000000000000000000e+00
2.274000000000000000e+03,1.384872798809503003e+01,6.130159559103725009e-01,2.359201606134255513e+01,2.463512003780519433e-01,-1.060265522953594974e+01,4.985000000000000142e+01,4.964500000000000313e+01,6.000000000000000000e+01,0.000000000000000000e+00
2.275000000000000000e+03,1.327867501301577846e+01,3.259450692401572591e-01,2.359396645010522775e+01,-3.894189400373074261e-02,-1.060229461232587411e+01,4.985000000000000142e+01,4.974099999999999966e+01,6.000000000000000000e+01,0.000000000000000000e+00
2.276000000000000000e+03,1.252571402577492243e+01,-5.980643472295177343e-02,2.359360858060749067e+01,-4.061515889156491754e-01,-1.060193653119396906e+01,4.985000000000000142e+01,4.986999999999999744e+01,6.000000000000000000e+01,0.000000000000000000e+00
2.277000000000000000e+03,1.235566859347463975e+01,-1.554967302797043427e-01,2.359267811991337283e+01,-4.799318278519701941e-01,-1.060158096830705787e+01,4.985000000000000142e+01,4.990200000000000102e+01,6.000000000000000000e+01,0.000000000000000000e+00
2.278000000000000000e+03,1.237604467439844846e+01,-1.554967302797043427e-01,2.359174765921925498e+01,-4.589783485838160315e-01,-1.060122790595728581e+01,4.985000000000000142e+01,4.990200000000000102e+01,6.000000000000000000e+01,0.000000000000000000e+00
2.279000000000000000e+03,1.239550345849713686e+01,-1.554967302797043427e-01,2.359081719852513714e+01,-4.389396831870527871e-01,-1.060087732656124437e+01,4.985000000000000142e+01,4.990200000000000102e+01,6.000000000000000000e+01,0.000000000000000000e+00
2.280000000000000000e+03,1.260186031600843926e+01,-5.980643472295177343e-02,2.359045932902740006e+01,-3.282633656369089437e-01,-1.060052921265909909e+01,4.985000000000000142e+01,4.986999999999999744e+01,6.000000000000000000e+01,0.000000000000000000e+00
2.281000000000000000e+03,1.242840444262060728e+01,-1.554967302797043427e-01,2.358952886833328222e+01,-4.054441485192502026e-01,-1.060018354691371911e+01,4.985000000000000142e+01,4.990200000000000102e+01,6.000000000000000000e+01,0.000000000000000000e+00
2.282000000000000000e+03,1.282106944268264392e+01,3.588386083377956282e-02,2.358974359003192589e+01,-2.047176960732427775e-01,-1.059984031210982103e+01,4.985000000000000142e+01,4.983800000000000097e+01,6.000000000000000000e+01,0.000000000000000000e+00
2.283000000000000000e+03,1.245501198774887186e+01,-1.554967302797043427e-01,2.358881312933780805e+01,-3.788049201561108914e-01,-1.059949949115312151e+01,4.985000000000000142e+01,4.990200000000000102e+01,6.000000000000000000e+01,0.000000000000000000e+00
2.284000000000000000e+03,1.247095830217189771e+01,-1.554967302797043427e-01,2.358788266864369021e+01,-3.622665691226094609e-01,-1.059916106706947758e+01,4.985000000000000142e+01,4.990200000000000102e+01,6.000000000000000000e+01,0.000000000000000000e+00
2.285000000000000000e+03,1.248618018403632846e+01,-1.554967302797043427e-01,2.358695220794957237e+01,-3.464502706294884660e-01,-1.059882502300404994e+01,4.985000000000000142e+01,4.990200000000000102e+01,6.000000000000000000e+01,0.000000000000000000e+00
2.286000000000000000e+03,1.211929036740755272e+01,-3.498676431293294975e-01,2.358485867138780634e+01,-5.172093186304596024e-01,-1.059849134222046452e+01,4.985000000000000142e+01,4.996699999999999875e+01,6.000000000000000000e+01,0.000000000000000000e+00
2.287000000000000000e+03,1.270930337236386620e+01,-5.980643472295177343e-02,2.358450080189006925e+01,-2.172309867032623520e-01,-1.059816000809998826e+01,4.985000000000000142e+01,4.986999999999999744e+01,6.000000000000000000e+01,0.000000000000000000e+00
2.288000000000000000e+03,1.253098324318791512e+01,-1.554967302797043427e-01,2.358357034119595141e+01,-2.992593635876367175e-01,-1.059783100414069423e+01,4.985000000000000142e+01,4.990200000000000102e+01,6.000000000000000000e+01,0.000000000000000000e+00
2.289000000000000000e+03,1.254344492178297266e+01,-1.554967302797043427e-01,2.358263988050183357e+01,-2.861939144825012549e-01,-1.059750431395665338e+01,4.985000000000000142e+01,4.990200000000000102e+01,6.000000000000000000e+01,0.000000000000000000e+00
2.290000000000000000e+03,1.274310928740027826e+01,-5.980643472295177343e-02,2.358228201100409649e+01,-1.821863676037542290e-01,-1.059717992127711206e+01,4.985000000000000142e+01,4.986999999999999744e+01,6.000000000000000000e+01,0.000000000000000000e+00
2.291000000000000000e+03,1.275102765533060456e+01,-5.980643472295177343e-02,2.358192414150635940e+01,-1.742322415071140551e-01,-1.059685780994569093e+01,4.985000000000000142e+01,4.986999999999999744e+01,6.000000000000000000e+01,0.000000000000000000e+00
2.292000000000000000e+03,1.294637189917766129e+01,3.588386083377956282e-02,2.358213886320500308e+01,-7.511286094154386028e-02,-1.059653796391957847e+01,4.985000000000000142e+01,4.983800000000000097e+01,6.000000000000000000e+01,0.000000000000000000e+00
2.293000000000000000e+03,1.276240817848417564e+01,-5.980643472295177343e-02,2.358178099370726599e+01,-1.633460132314073499e-01,-1.059622036726873162e+01,4.985000000000000142e+01,4.986999999999999744e+01,6.000000000000000000e+01,0.000000000000000000e+00
2.294000000000000000e+03,1.276949724182217771e+01,-5.980643472295177343e-02,2.358142312420952891e+01,-1.562144434893072142e-01,-1.059590500417509240e+01,4.985000000000000142e+01,4.986999999999999744e+01,6.000000000000000000e+01,0.000000000000000000e+00
2.295000000000000000e+03,1.315182355341278608e+01,1.315741563905321321e-01,2.358221043710455334e+01,3.363081884950058775e-02,-1.059559185893179745e+01,4.985000000000000142e+01,4.980599999999999739e+01,6.000000000000000000e+01,0.000000000000000000e+00
2.296000000000000000e+03,1.315145351187528355e+01,1.315741563905321321e-01,2.358299774999957776e+01,3.216252142757713289e-02,-1.059528091594240173e+01,4.985000000000000142e+01,4.980599999999999739e+01,6.000000000000000000e+01,0.000000000000000000e+00
2.297000000000000000e+03,1.334478878268889623e+01,2.302547736834046899e-01,2.358437554756586962e+01,1.251306211597164875e-01,-1.059497215972009521e+01,4.985000000000000142e+01,4.977300000000000324e+01,6.000000000000000000e+01,0.000000000000000000e+00
2.298000000000000000e+03,1.334101005194575862e+01,2.302547736834046899e-01,2.358575334513216148e+01,1.196675080171347577e-01,-1.059466557488694249e+01,4.985000000000000142e+01,4.977300000000000324e+01,6.000000000000000000e+01,0.000000000000000000e+00
2.299000000000000000e+03,1.333746768068348842e+01,2.302547736834046899e-01,2.358713114269845335e+01,1.144429104747477638e-01,-1.059436114617311731e+01,4.985000000000000142e+01,4.977300000000000324e+01,6.000000000000000000e+01,0.000000000000000000e+00
2.300000000000000000e+03,1.257718163835652270e+01,-1.554967302797043427e-01,2.358620068200433550e+01,-2.594634549519692635e-01,-1.059405885841613859e+01,4.985000000000000142e+01,4.990200000000000102e+01,6.000000000000000000e+01,0.000000000000000000e+00
2.301000000000000000e+03,1.258787932780482599e+01,-1.554967302797043427e-01,2.358527022131021766e+01,-2.481354666655649355e-01,-1.059375869656012092e+01,4.985000000000000142e+01,4.990200000000000102e+01,6.000000000000000000e+01,0.000000000000000000e+00
2.302000000000000000e+03,1.259808033446109832e+01,-1.554967302797043427e-01,2.358433976061609982e+01,-2.373020502202727589e-01,-1.059346064565502488e+01,4.985000000000000142e+01,4.990200000000000102e+01,6.000000000000000000e+01,0.000000000000000000e+00
2.303000000000000000e+03,1.260780626582200803e+01,-1.554967302797043427e-01,2.358340929992198198e+01,-2.269416129643493651e-01,-1.059316469085591983e+01,4.985000000000000142e+01,4.990200000000000102e+01,6.000000000000000000e+01,0.000000000000000000e+00
2.304000000000000000e+03,1.242343439225392743e+01,-2.541773475725981335e-01,2.358188835455659671e+01,-3.114057973078332986e-01,-1.059287081742223791e+01,4.985000000000000142e+01,4.993500000000000227e+01,6.000000000000000000e+01,0.000000000000000000e+00
2.305000000000000000e+03,1.262944440158667447e+01,-1.554967302797043427e-01,2.358095789386247887e+01,-2.034377512790562226e-01,-1.059257901071704211e+01,4.985000000000000142e+01,4.990200000000000102e+01,6.000000000000000000e+01,0.000000000000000000e+00
2.306000000000000000e+03,1.263768564166400310e+01,-1.554967302797043427e-01,2.358002743316836103e+01,-1.945558050183460452e-01,-1.059228925620630690e+01,4.985000000000000142e+01,4.990200000000000102e+01,6.000000000000000000e+01,0.000000000000000000e+00
2.307000000000000000e+03,1.264553706457748739e+01,-1.554967302797043427e-01,2.357909697247424319e+01,-1.860616381588637847e-01,-1.059200153945818634e+01,4.985000000000000142e+01,4.990200000000000102e+01,6.000000000000000000e+01,0.000000000000000000e+00
2.308000000000000000e+03,1.245937222052168991e+01,-2.541773475725981335e-01,2.357757602710885791e+01,-2.723106128722699859e-01,-1.059171584614229999e+01,4.985000000000000142e+01,4.993500000000000227e+01,6.000000000000000000e+01,0.000000000000000000e+00
2.309000000000000000e+03,1.266366723955961859e+01,-1.554967302797043427e-01,2.357664556641474007e+01,-1.660494345463948695e-01,-1.059143216202902238e+01,4.985000000000000142e+01,4.990200000000000102e+01,6.000000000000000000e+01,0.000000000000000000e+00
2.310000000000000000e+03,1.247662467277658216e+01,-2.541773475725981335e-01,2.357512462104935480e+01,-2.531721277114001856e-01,-1.059115047298877421e+01,4.985000000000000142e+01,4.993500000000000227e+01,6.000000000000000000e+01,0.000000000000000000e+00
2.311000000000000000e+03,1.268008014316782095e+01,-1.554967302797043427e-01,2.357419416035523696e+01,-1.477465219163925925e-01,-1.059087076499131896e+01,4.985000000000000142e+01,4.990200000000000102e+01,6.000000000000000000e+01,0.000000000000000000e+00
2.312000000000000000e+03,1.268587793050338242e+01,-1.554967302797043427e-01,2.357326369966111912e+01,-1.412960147729658000e-01,-1.059059302410506653e+01,4.985000000000000142e+01,4.990200000000000102e+01,6.000000000000000000e+01,0.000000000000000000e+00
2.313000000000000000e+03,1.269139214004752780e+01,-1.554967302797043427e-01,2.357233323896700128e+01,-1.351271321433867578e-01,-1.059031723649638046e+01,4.985000000000000142e+01,4.990200000000000102e+01,6.000000000000000000e+01,0.000000000000000000e+00
2.314000000000000000e+03,1.212744086143337796e+01,-4.455579386860820668e-01,2.356966711120885449e+01,-4.066249226605089806e-01,-1.059004338842888515e+01,4.985000000000000142e+01,4.999900000000000233e+01,6.000000000000000000e+01,0.000000000000000000e+00
2.315000000000000000e+03,1.271199382785167842e+01,-1.554967302797043427e-01,2.356873665051473665e+01,-1.114746261205634137e-01,-1.058977146626278909e+01,4.985000000000000142e+01,4.990200000000000102e+01,6.000000000000000000e+01,0.000000000000000000e+00
2.316000000000000000e+03,1.233478147219621412e+01,-3.498676431293294975e-01,2.356664311395297062e+01,-2.924925421732227915e-01,-1.058950145645420626e+01,4.985000000000000142e+01,4.996699999999999875e+01,6.000000000000000000e+01,0.000000000000000000e+00
2.317000000000000000e+03,1.215795064841070428e+01,-4.455579386860820668e-01,2.356397698619482384e+01,-3.712350535435574028e-01,-1.058923334555447937e+01,4.985000000000000142e+01,4.999900000000000233e+01,6.000000000000000000e+01,0.000000000000000000e+00
2.318000000000000000e+03,1.235953401474649205e+01,-3.498676431293294975e-01,2.356188344963305781e+01,-2.635146715477243995e-01,-1.058896712020951192e+01,4.985000000000000142e+01,4.996699999999999875e+01,6.000000000000000000e+01,0.000000000000000000e+00
2.319000000000000000e+03,1.218143428007086015e+01,-4.455579386860820668e-01,2.355921732187491102e+01,-3.435223359588652770e-01,-1.058870276715910208e+01,4.985000000000000142e+01,4.999900000000000233e+01,6.000000000000000000e+01,0.000000000000000000e+00
2.320000000000000000e+03,1.256957941027833137e+01,-2.541773475725981335e-01,2.355769637650952575e+01,-1.454993454223079408e-01,-1.058844027323628900e+01,4.985000000000000142e+01,4.993500000000000227e+01,6.000000000000000000e+01,0.000000000000000000e+00
2.321000000000000000e+03,1.219912068449129805e+01,-4.455579386860820668e-01,2.355503024875137896e+01,-3.221720002073076849e-01,-1.058817962536669199e+01,4.985000000000000142e+01,4.999900000000000233e+01,6.000000000000000000e+01,0.000000000000000000e+00
2.322000000000000000e+03,1.221077916991284340e+01,-4.455579386860820668e-01,2.355236412099323218e+01,-3.081062018264473790e-01,-1.058792081056785861e+01,4.985000000000000142e+01,4.999900000000000233e+01,6.000000000000000000e+01,0.000000000000000000e+00
2.323000000000000000e+03,1.184627090716802655e+01,-6.369385297995660000e-01,2.354855281084232388e+01,-4.776795579261039482e-01,-1.058766381594862693e+01,4.985000000000000142e+01,5.006300000000000239e+01,6.000000000000000000e+01,0.000000000000000000e+00
2.324000000000000000e+03,1.129437571140895713e+01,-9.269997382059224078e-01,2.354300583362738664e+01,-7.342217553040319977e-01,-1.058740862870847721e+01,4.985000000000000142e+01,5.015999999999999659e+01,6.000000000000000000e+01,0.000000000000000000e+00
2.325000000000000000e+03,1.093971891485446157e+01,-1.121370651055568768e+00,2.353629578054480120e+01,-8.880509784978728449e-01,-1.058715523613689946e+01,4.985000000000000142e+01,5.022500000000000142e+01,6.000000000000000000e+01,0.000000000000000000e+00
2.326000000000000000e+03,1.097203214086883172e+01,-1.121370651055568768e+00,2.352958572746221577e+01,-8.492793099250635080e-01,-1.058690362561275400e+01,4.985000000000000142e+01,5.022500000000000142e+01,6.000000000000000000e+01,0.000000000000000000e+00
2.327000000000000000e+03,1.081487544147512025e+01,-1.217060946612300132e+00,2.352230308318324958e+01,-9.037129104921768352e-01,-1.058665378460365147e+01,4.985000000000000142e+01,5.025699999999999790e+01,6.000000000000000000e+01,0.000000000000000000e+00
2.328000000000000000e+03,1.084729633842121999e+01,-1.217060946612300132e+00,2.351502043890428340e+01,-8.642574532054355663e-01,-1.058640570066532760e+01,4.985000000000000142e+01,5.025699999999999790e+01,6.000000000000000000e+01,0.000000000000000000e+00
2.329000000000000000e+03,1.050244206837498417e+01,-1.408441537725784176e+00,2.350659261223255569e+01,-1.009549644690767023e+00,-1.058615936144101788e+01,4.985000000000000142e+01,5.032099999999999795e+01,6.000000000000000000e+01,0.000000000000000000e+00
2.330000000000000000e+03,1.034469166734451839e+01,-1.507122155018677967e+00,2.349757430088956056e+01,-1.059845723865513678e+00,-1.058591475466085008e+01,4.985000000000000142e+01,5.035399999999999920e+01,6.000000000000000000e+01,0.000000000000000000e+00
2.331000000000000000e+03,9.631086695776986062e+00,-1.889883337245645611e+00,2.348626562476104240e+01,-1.379623723597178886e+00,-1.058567186814123318e+01,4.985000000000000142e+01,5.048199999999999932e+01,6.000000000000000000e+01,0.000000000000000000e+00
2.332000000000000000e+03,9.298833772974603562e+00,-2.084254250095270766e+00,2.347379387276487606e+01,-1.505275159910760552e+00,-1.058543068978424273e+01,4.985000000000000142e+01,5.054699999999999704e+01,6.000000000000000000e+01,0.000000000000000000e+00
2.333000000000000000e+03,9.352320736680173496e+00,-2.084254250095270766e+00,2.346132212076870971e+01,-1.439555926416236087e+00,-1.058519120757702936e+01,4.985000000000000142e+01,5.054699999999999704e+01,6.000000000000000000e+01,0.000000000000000000e+00
2.334000000000000000e+03,9.402936761581440095e+00,-2.084254250095270766e+00,2.344885036877254336e+01,-1.376705947504617278e+00,-1.058495340959121478e+01,4.985000000000000142e+01,5.054699999999999704e+01,6.000000000000000000e+01,0.000000000000000000e+00
2.335000000000000000e+03,9.450807129119393579e+00,-2.084254250095270766e+00,2.343637861677637702e+01,-1.316599953579413507e+00,-1.058471728398230027e+01,4.985000000000000142e+01,5.054699999999999704e+01,6.000000000000000000e+01,0.000000000000000000e+00
2.336000000000000000e+03,9.496051651471026034e+00,-2.084254250095270766e+00,2.342390686478021067e+01,-1.259118144224840030e+00,-1.058448281898907517e+01,4.985000000000000142e+01,5.054699999999999704e+01,6.000000000000000000e+01,0.000000000000000000e+00
2.337000000000000000e+03,9.538784910330427635e+00,-2.084254250095270766e+00,2.341143511278404432e+01,-1.204145949425312390e+00,-1.058425000293303242e+01,4.985000000000000142e+01,5.054699999999999704e+01,6.000000000000000000e+01,0.000000000000000000e+00
2.338000000000000000e+03,9.579116485264892233e+00,-2.084254250095270766e+00,2.339896336078787797e+01,-1.151573801209925918e+00,-1.058401882421779128e+01,4.985000000000000142e+01,5.054699999999999704e+01,6.000000000000000000e+01,0.000000000000000000e+00
2.339000000000000000e+03,9.617151172101152667e+00,-2.084254250095270766e+00,2.338649160879171163e+01,-1.101296915266774645e+00,-1.058378927132851288e+01,4.985000000000000142e+01,5.054699999999999704e+01,6.000000000000000000e+01,0.000000000000000000e+00
2.340000000000000000e+03,1.059773423672576342e+01,-1.602812450575430425e+00,2.337690070625233574e+01,-5.927926861198067332e-01,-1.058356133283133360e+01,4.985000000000000142e+01,5.038600000000000279e+01,6.000000000000000000e+01,0.000000000000000000e+00
2.341000000000000000e+03,9.857280940722908724e+00,-1.988563954538539402e+00,2.336500154545255015e+01,-9.358216528183123106e-01,-1.058333499737279126e+01,4.985000000000000142e+01,5.051500000000000057e+01,6.000000000000000000e+01,0.000000000000000000e+00
2.342000000000000000e+03,1.026788263252319666e+01,-1.794193041688914469e+00,2.335426546052041274e+01,-7.090795326290412204e-01,-1.058311025367926206e+01,4.985000000000000142e+01,5.045000000000000284e+01,6.000000000000000000e+01,0.000000000000000000e+00
2.343000000000000000e+03,1.028832761436643395e+01,-1.794193041688914469e+00,2.334352937558827534e+01,-6.781216289765297223e-01,-1.058288709055639742e+01,4.985000000000000142e+01,5.045000000000000284e+01,6.000000000000000000e+01,0.000000000000000000e+00
2.344000000000000000e+03,1.106438905918058424e+01,-1.408441537725784176e+00,2.333510154891654764e+01,-2.796054551216050066e-01,-1.058266549688857339e+01,4.985000000000000142e+01,5.032099999999999795e+01,6.000000000000000000e+01,0.000000000000000000e+00
2.345000000000000000e+03,1.068696983435477854e+01,-1.602812450575430425e+00,2.332551064637717175e+01,-4.532828998086358974e-01,-1.058244546163832744e+01,4.985000000000000142e+01,5.038600000000000279e+01,6.000000000000000000e+01,0.000000000000000000e+00
2.346000000000000000e+03,1.069738742579745150e+01,-1.602812450575430425e+00,2.331591974383779586e+01,-4.334928936190931559e-01,-1.058222697384582034e+01,4.985000000000000142e+01,5.038600000000000279e+01,6.000000000000000000e+01,0.000000000000000000e+00
2.347000000000000000e+03,1.070693946319362766e+01,-1.602812450575430425e+00,2.330632884129841997e+01,-4.145669049010841656e-01,-1.058201002262827828e+01,4.985000000000000142e+01,5.038600000000000279e+01,6.000000000000000000e+01,0.000000000000000000e+00
2.348000000000000000e+03,1.034011285441123462e+01,-1.794193041688914469e+00,2.329559275636628257e+01,-5.794922630866795599e-01,-1.058179459717945647e+01,4.985000000000000142e+01,5.045000000000000284e+01,6.000000000000000000e+01,0.000000000000000000e+00
2.349000000000000000e+03,1.054266630898912460e+01,-1.698502746132161789e+00,2.328542926263052593e+01,-4.626795207401357413e-01,-1.058158068676910624e+01,4.985000000000000142e+01,5.041799999999999926e+01,6.000000000000000000e+01,0.000000000000000000e+00
2.350000000000000000e+03,1.036514006453704084e+01,-1.794193041688914469e+00,2.327469317769838852e+01,-5.339917907299976951e-01,-1.058136828074243496e+01,4.985000000000000142e+01,5.045000000000000284e+01,6.000000000000000000e+01,0.000000000000000000e+00
2.351000000000000000e+03,9.996509783322014897e+00,-1.988563954538539402e+00,2.326279401689860293e+01,-6.965629105184724112e-01,-1.058115736851957678e+01,4.985000000000000142e+01,5.051500000000000057e+01,6.000000000000000000e+01,0.000000000000000000e+00
2.352000000000000000e+03,1.058442570798566429e+01,-1.698502746132161789e+00,2.325263052316284629e+01,-3.887541294499575195e-01,-1.058094793959506497e+01,4.985000000000000142e+01,5.041799999999999926e+01,6.000000000000000000e+01,0.000000000000000000e+00
2.353000000000000000e+03,1.096699372200190403e+01,-1.507122155018677967e+00,2.324361221181985115e+01,-1.887563512619561956e-01,-1.058073998353731149e+01,4.985000000000000142e+01,5.035399999999999920e+01,6.000000000000000000e+01,0.000000000000000000e+00
2.354000000000000000e+03,1.172339250336560745e+01,-1.121370651055568768e+00,2.323690215873726572e+01,1.883944856719938221e-01,-1.058053348998808296e+01,4.985000000000000142e+01,5.022500000000000142e+01,6.000000000000000000e+01,0.000000000000000000e+00
2.355000000000000000e+03,1.152088691087115180e+01,-1.217060946612300132e+00,2.322961951445829953e+01,8.865679168714592218e-02,-1.058032844866199440e+01,4.985000000000000142e+01,5.025699999999999790e+01,6.000000000000000000e+01,0.000000000000000000e+00
2.356000000000000000e+03,1.132216176133093555e+01,-1.312751242169052812e+00,2.322176427898295259e+01,-6.726426136975549586e-03,-1.058012484934598874e+01,4.985000000000000142e+01,5.028900000000000148e+01,6.000000000000000000e+01,0.000000000000000000e+00
2.357000000000000000e+03,1.169035318956311542e+01,-1.121370651055568768e+00,2.321505422590036716e+01,1.765922966171400710e-01,-1.057992268189882523e+01,4.985000000000000142e+01,5.022500000000000142e+01,6.000000000000000000e+01,0.000000000000000000e+00
2.358000000000000000e+03,1.091916435686976783e+01,-1.507122155018677967e+00,2.320603591455737202e+01,-2.000274664183406270e-01,-1.057972193625058566e+01,4.985000000000000142e+01,5.035399999999999920e+01,6.000000000000000000e+01,0.000000000000000000e+00
2.359000000000000000e+03,1.167604806733372236e+01,-1.121370651055568768e+00,2.319932586147478659e+01,1.776154593166695272e-01,-1.057952260240216624e+01,4.985000000000000142e+01,5.022500000000000142e+01,6.000000000000000000e+01,0.000000000000000000e+00
2.360000000000000000e+03,1.147400597004762979e+01,-1.217060946612300132e+00,2.319204321719582040e+01,7.834836988888559117e-02,-1.057932467042477676e+01,4.985000000000000142e+01,5.025699999999999790e+01,6.000000000000000000e+01,0.000000000000000000e+00
2.361000000000000000e+03,1.146349923211710653e+01,-1.217060946612300132e+00,2.318476057291685422e+01,7.492773627200700892e-02,-1.057912813045945377e+01,4.985000000000000142e+01,5.025699999999999790e+01,6.000000000000000000e+01,0.000000000000000000e+00
2.362000000000000000e+03,1.145314045437366524e+01,-1.217060946612300132e+00,2.317747792863788803e+01,7.165644506464521890e-02,-1.057893297271656685e+01,4.985000000000000142e+01,5.025699999999999790e+01,6.000000000000000000e+01,0.000000000000000000e+00
2.363000000000000000e+03,1.144292312635564635e+01,-1.217060946612300132e+00,2.317019528435892184e+01,6.852797608434917087e-02,-1.057873918747532649e+01,4.985000000000000142e+01,5.025699999999999790e+01,6.000000000000000000e+01,0.000000000000000000e+00
2.364000000000000000e+03,1.124506560953887302e+01,-1.312751242169052812e+00,2.316234004888357489e+01,-2.597643209234089257e-02,-1.057854676508330627e+01,4.985000000000000142e+01,5.028900000000000148e+01,6.000000000000000000e+01,0.000000000000000000e+00
2.365000000000000000e+03,1.161408638089998036e+01,-1.121370651055568768e+00,2.315562999580098946e+01,1.581827321105173378e-01,-1.057835569595595970e+01,4.985000000000000142e+01,5.022500000000000142e+01,6.000000000000000000e+01,0.000000000000000000e+00
2.366000000000000000e+03,1.160065990860436003e+01,-1.121370651055568768e+00,2.314891994271840403e+01,1.512765875176648178e-01,-1.057816597057614061e+01,4.985000000000000142e+01,5.022500000000000142e+01,6.000000000000000000e+01,0.000000000000000000e+00
2.367000000000000000e+03,1.158753361932941139e+01,-1.121370651055568768e+00,2.314220988963581860e+01,1.446719602427965767e-01,-1.057797757949363593e+01,4.985000000000000142e+01,5.022500000000000142e+01,6.000000000000000000e+01,0.000000000000000000e+00
2.368000000000000000e+03,1.119914353310789323e+01,-1.312751242169052812e+00,2.313435465416047165e+01,-4.466936555883416204e-02,-1.057779051332468967e+01,4.985000000000000142e+01,5.028900000000000148e+01,6.000000000000000000e+01,0.000000000000000000e+00
2.369000000000000000e+03,1.119342428065714934e+01,-1.312751242169052812e+00,2.312649941868512471e+01,-4.271913310738831987e-02,-1.057760476275153216e+01,4.985000000000000142e+01,5.028900000000000148e+01,6.000000000000000000e+01,0.000000000000000000e+00
2.370000000000000000e+03,1.137539398877388486e+01,-1.217060946612300132e+00,2.311921677440615852e+01,5.065847950195380422e-02,-1.057742031852192888e+01,4.985000000000000142e+01,5.025699999999999790e+01,6.000000000000000000e+01,0.000000000000000000e+00
2.371000000000000000e+03,1.136608277869893868e+01,-1.217060946612300132e+00,2.311193413012719233e+01,4.844676663275063883e-02,-1.057723717144870434e+01,4.985000000000000142e+01,5.025699999999999790e+01,6.000000000000000000e+01,0.000000000000000000e+00
2.372000000000000000e+03,1.135686684238721256e+01,-1.217060946612300132e+00,2.310465148584822614e+01,4.633161556058305874e-02,-1.057705531240929631e+01,4.985000000000000142e+01,5.025699999999999790e+01,6.000000000000000000e+01,0.000000000000000000e+00
2.373000000000000000e+03,1.115996656041770940e+01,-1.312751242169052812e+00,2.309679625037287920e+01,-4.720371544082398174e-02,-1.057687473234529385e+01,4.985000000000000142e+01,5.028900000000000148e+01,6.000000000000000000e+01,0.000000000000000000e+00
2.374000000000000000e+03,1.096657610271404870e+01,-1.408441537725784176e+00,2.308836842370115150e+01,-1.366553609993222951e-01,-1.057669542226199333e+01,4.985000000000000142e+01,5.032099999999999795e+01,6.000000000000000000e+01,0.000000000000000000e+00
2.375000000000000000e+03,1.115206801275230752e+01,-1.312751242169052812e+00,2.308051318822580456e+01,-3.917656007650245631e-02,-1.057651737322794183e+01,4.985000000000000142e+01,5.028900000000000148e+01,6.000000000000000000e+01,0.000000000000000000e+00
2.376000000000000000e+03,1.114609999463539936e+01,-1.312751242169052812e+00,2.307265795275045761e+01,-3.746613957150152219e-02,-1.057634057637450198e+01,4.985000000000000142e+01,5.028900000000000148e+01,6.000000000000000000e+01,0.000000000000000000e+00
2.377000000000000000e+03,1.114005605741207638e+01,-1.312751242169052812e+00,2.306480271727511067e+01,-3.583039479857647036e-02,-1.057616502289540428e+01,4.985000000000000142e+01,5.028900000000000148e+01,6.000000000000000000e+01,0.000000000000000000e+00
2.378000000000000000e+03,1.113393947011556229e+01,-1.312751242169052812e+00,2.305694748179976372e+01,-3.426606546884233828e-02,-1.057599070404630659e+01,4.985000000000000142e+01,5.028900000000000148e+01,6.000000000000000000e+01,0.000000000000000000e+00
2.379000000000000000e+03,1.093997794671512480e+01,-1.408441537725784176e+00,2.304851965512803602e+01,-1.242825595427639040e-01,-1.057581761114436247e+01,4.985000000000000142e+01,5.032099999999999795e+01,6.000000000000000000e+01,0.000000000000000000e+00
2.380000000000000000e+03,1.131269890832203195e+01,-1.217060946612300132e+00,2.304123701084906983e+01,6.416857965305164391e-02,-1.057564573556779131e+01,4.985000000000000142e+01,5.025699999999999790e+01,6.000000000000000000e+01,0.000000000000000000e+00
2.381000000000000000e+03,1.054581574441856873e+01,-1.602812450575430425e+00,2.303164610830969394e+01,-3.075428445602480521e-01,-1.057547506875544485e+01,4.985000000000000142e+01,5.038600000000000279e+01,6.000000000000000000e+01,0.000000000000000000e+00
2.382000000000000000e+03,9.986495170387716058e+00,-1.889883337245645611e+00,2.302033743218117579e+01,-5.686533223414320659e-01,-1.057530560220638094e+01,4.985000000000000142e+01,5.048199999999999932e+01,6.000000000000000000e+01,0.000000000000000000e+00
2.383000000000000000e+03,1.018795717770943376e+01,-1.794193041688914469e+00,2.300960134724903838e+01,-4.523138003712499078e-01,-1.057513732747944069e+01,4.985000000000000142e+01,5.045000000000000284e+01,6.000000000000000000e+01,0.000000000000000000e+00
2.384000000000000000e+03,1.057268670538852895e+01,-1.602812450575430425e+00,2.300001044470966249e+01,-2.495410525528727053e-01,-1.057497023619283105e+01,4.985000000000000142e+01,5.038600000000000279e+01,6.000000000000000000e+01,0.000000000000000000e+00
2.385000000000000000e+03,1.151890154728364912e+01,-1.121370651055568768e+00,2.299330039162707706e+01,2.217761267358401289e-01,-1.057480432002370030e+01,4.985000000000000142e+01,5.022500000000000142e+01,6.000000000000000000e+01,0.000000000000000000e+00
2.386000000000000000e+03,1.131489824428049218e+01,-1.217060946612300132e+00,2.298601774734811087e+01,1.205810142524132850e-01,-1.057463957070773120e+01,4.985000000000000142e+01,5.025699999999999790e+01,6.000000000000000000e+01,0.000000000000000000e+00
2.387000000000000000e+03,1.149029012276191430e+01,-1.121370651055568768e+00,2.297930769426552544e+01,2.068290595906819296e-01,-1.057447598003872535e+01,4.985000000000000142e+01,5.022500000000000142e+01,6.000000000000000000e+01,0.000000000000000000e+00
2.388000000000000000e+03,1.147471250150142197e+01,-1.121370651055568768e+00,2.297259764118294001e+01,1.977990512422423131e-01,-1.057431353986819289e+01,4.985000000000000142e+01,5.022500000000000142e+01,6.000000000000000000e+01,0.000000000000000000e+00
2.389000000000000000e+03,1.145952798151938268e+01,-1.121370651055568768e+00,2.296588758810035458e+01,1.891632865795510321e-01,-1.057415224210495452e+01,4.985000000000000142e+01,5.022500000000000142e+01,6.000000000000000000e+01,0.000000000000000000e+00
2.390000000000000000e+03,1.144471935845361443e+01,-1.121370651055568768e+00,2.295917753501776915e+01,1.809045532061456241e-01,-1.057399207871473124e+01,4.985000000000000142e+01,5.022500000000000142e+01,6.000000000000000000e+01,0.000000000000000000e+00
2.391000000000000000e+03,1.162391357367257250e+01,-1.022690033762674977e+00,2.295305796660645115e+01,2.673786825485426344e-01,-1.057383304171974636e+01,4.985000000000000142e+01,5.019200000000000017e+01,6.000000000000000000e+01,0.000000000000000000e+00
2.392000000000000000e+03,1.141263496803207289e+01,-1.121370651055568768e+00,2.294634791352386571e+01,1.613328287620978685e-01,-1.057367512319832414e+01,4.985000000000000142e+01,5.022500000000000142e+01,6.000000000000000000e+01,0.000000000000000000e+00
2.393000000000000000e+03,1.139903804731074288e+01,-1.121370651055568768e+00,2.293963786044128028e+01,1.542891532095317653e-01,-1.057351831528450248e+01,4.985000000000000142e+01,5.022500000000000142e+01,6.000000000000000000e+01,0.000000000000000000e+00
2.394000000000000000e+03,1.138574754561346580e+01,-1.121370651055568768e+00,2.293292780735869485e+01,1.475529994779769261e-01,-1.057336261016763856e+01,4.985000000000000142e+01,5.022500000000000142e+01,6.000000000000000000e+01,0.000000000000000000e+00
2.395000000000000000e+03,1.137275004451389115e+01,-1.121370651055568768e+00,2.292621775427610942e+01,1.411109413853651462e-01,-1.057320800009201456e+01,4.985000000000000142e+01,5.022500000000000142e+01,6.000000000000000000e+01,0.000000000000000000e+00
2.396000000000000000e+03,1.155367610601485673e+01,-1.022690033762674977e+00,2.292009818586479142e+01,2.293224312692032085e-01,-1.057305447735646275e+01,4.985000000000000142e+01,5.019200000000000017e+01,6.000000000000000000e+01,0.000000000000000000e+00
2.397000000000000000e+03,1.248244197277708345e+01,-5.412482342428134308e-01,2.291685946691026388e+01,6.797327744236041358e-01,-1.057290203431397124e+01,4.985000000000000142e+01,5.003099999999999881e+01,6.000000000000000000e+01,0.000000000000000000e+00
2.398000000000000000e+03,1.320664761180865909e+01,-1.554967302797043427e-01,2.291592900621614604e+01,1.018965999243521381e+00,-1.057275066337130554e+01,4.985000000000000142e+01,4.990200000000000102e+01,6.000000000000000000e+01,0.000000000000000000e+00
2.399000000000000000e+03,1.277996132607917446e+01,-3.498676431293294975e-01,2.291383546965438001e+01,7.885938565427568214e-01,-1.057260035698863376e+01,4.985000000000000142e+01,4.996699999999999875e+01,6.000000000000000000e+01,0.000000000000000000e+00
2.400000000000000000e+03,1.255581218418068268e+01,-4.455579386860820668e-01,2.291116934189623322e+01,6.626518886496811644e-01,-1.057245110767914831e+01,4.985000000000000142e+01,4.999900000000000233e+01,6.000000000000000000e+01,0.000000000000000000e+00
2.401000000000000000e+03,1.309355756969372919e+01,-1.554967302797043427e-01,2.291023888120211538e+01,9.111183267800180285e-01,-1.057230290800869810e+01,4.985000000000000142e+01,4.990200000000000102e+01,6.000000000000000000e+01,0.000000000000000000e+00
2.402000000000000000e+03,1.267157668699733897e+01,-3.498676431293294975e-01,2.290814534464034935e+01,6.854547360817260238e-01,-1.057215575059540846e+01,4.985000000000000142e+01,4.996699999999999875e+01,6.000000000000000000e+01,0.000000000000000000e+00
2.403000000000000000e+03,1.282747822359695355e+01,-2.541773475725981335e-01,2.290662439927496408e+01,7.470408000039042706e-01,-1.057200962810931877e+01,4.985000000000000142e+01,4.993500000000000227e+01,6.000000000000000000e+01,0.000000000000000000e+00
2.404000000000000000e+03,1.279348710771877151e+01,-2.541773475725981335e-01,2.290510345390957880e+01,7.144255346538114226e-01,-1.057186453327202358e+01,4.985000000000000142e+01,4.993500000000000227e+01,6.000000000000000000e+01,0.000000000000000000e+00
2.405000000000000000e+03,1.276091893050378268e+01,-2.541773475725981335e-01,2.290358250854419353e+01,6.832342283884852430e-01,-1.057172045885629963e+01,4.985000000000000142e+01,4.993500000000000227e+01,6.000000000000000000e+01,0.000000000000000000e+00
2.406000000000000000e+03,1.292335492440264666e+01,-1.554967302797043427e-01,2.290265204785007569e+01,7.477770045180291980e-01,-1.057157739768575233e+01,4.985000000000000142e+01,4.990200000000000102e+01,6.000000000000000000e+01,0.000000000000000000e+00
2.407000000000000000e+03,1.288991911124885270e+01,-1.554967302797043427e-01,2.290172158715595785e+01,7.151295970070530306e-01,-1.057143534263445339e+01,4.985000000000000142e+01,4.990200000000000102e+01,6.000000000000000000e+01,0.000000000000000000e+00
2.408000000000000000e+03,1.285790766144006980e+01,-1.554967302797043427e-01,2.290079112646184001e+01,6.839075518845267876e-01,-1.057129428662659265e+01,4.985000000000000142e+01,4.990200000000000102e+01,6.000000000000000000e+01,0.000000000000000000e+00
2.409000000000000000e+03,1.244583954473627330e+01,-3.498676431293294975e-01,2.289869758990007398e+01,4.681638206016480730e-01,-1.057115422263612103e+01,4.985000000000000142e+01,4.996699999999999875e+01,6.000000000000000000e+01,0.000000000000000000e+00
2.410000000000000000e+03,1.242344539060945152e+01,-3.498676431293294975e-01,2.289660405333830795e+01,4.477241240868710670e-01,-1.057101514368639883e+01,4.985000000000000142e+01,4.996699999999999875e+01,6.000000000000000000e+01,0.000000000000000000e+00
2.411000000000000000e+03,1.258971805351504081e+01,-2.541773475725981335e-01,2.289508310797292268e+01,5.196893359645715638e-01,-1.057087704284985641e+01,4.985000000000000142e+01,4.993500000000000227e+01,6.000000000000000000e+01,0.000000000000000000e+00
2.412000000000000000e+03,1.275928836851053028e+01,-1.554967302797043427e-01,2.289415264727880484e+01,5.913723647590709565e-01,-1.057073991324764073e+01,4.985000000000000142e+01,4.990200000000000102e+01,6.000000000000000000e+01,0.000000000000000000e+00
2.413000000000000000e+03,1.310822600518153003e+01,3.588386083377956282e-02,2.289436736897744851e+01,7.485785234195757587e-01,-1.057060374804927427e+01,4.985000000000000142e+01,4.983800000000000097e+01,6.000000000000000000e+01,0.000000000000000000e+00
2.414000000000000000e+03,1.345731234017282318e+01,2.302547736834046899e-01,2.289574516654374037e+01,9.017809404179973898e-01,-1.057046854047231932e+01,4.985000000000000142e+01,4.977300000000000324e+01,6.000000000000000000e+01,0.000000000000000000e+00
2.415000000000000000e+03,1.360722869823059966e+01,3.259450692401572591e-01,2.289769555530641298e+01,9.539223574660640192e-01,-1.057033428378203155e+01,4.985000000000000142e+01,4.974099999999999966e+01,6.000000000000000000e+01,0.000000000000000000e+00
2.416000000000000000e+03,1.356766483376633126e+01,3.259450692401572591e-01,2.289964594406908560e+01,9.122747917481284219e-01,-1.057020097129103853e+01,4.985000000000000142e+01,4.974099999999999966e+01,6.000000000000000000e+01,0.000000000000000000e+00
2.417000000000000000e+03,1.390546915990277554e+01,5.173256603536411369e-01,2.290274151522451973e+01,1.055470580683603332e+00,-1.057006859635898977e+01,4.985000000000000142e+01,4.967699999999999960e+01,6.000000000000000000e+01,0.000000000000000000e+00
2.418000000000000000e+03,1.329928884875712392e+01,2.302547736834046899e-01,2.290411931279081159e+01,7.348519146751497644e-01,-1.056993715239224407e+01,4.985000000000000142e+01,4.977300000000000324e+01,6.000000000000000000e+01,0.000000000000000000e+00
2.419000000000000000e+03,1.326871405851035846e+01,2.302547736834046899e-01,2.290549711035710345e+01,7.027688073133717683e-01,-1.056980663284352318e+01,4.985000000000000142e+01,4.977300000000000324e+01,6.000000000000000000e+01,0.000000000000000000e+00
2.420000000000000000e+03,1.380286531377744907e+01,5.173256603536411369e-01,2.290859268151253758e+01,9.466240031228663199e-01,-1.056967703121159730e+01,4.985000000000000142e+01,4.967699999999999960e+01,6.000000000000000000e+01,0.000000000000000000e+00
2.421000000000000000e+03,1.263224019269059006e+01,-5.980643472295177343e-02,2.290823481201480050e+01,3.533601564396966488e-01,-1.056954834104095475e+01,4.985000000000000142e+01,4.986999999999999744e+01,6.000000000000000000e+01,0.000000000000000000e+00
2.422000000000000000e+03,1.356132770235551810e+01,4.216353647968886231e-01,2.291075779197385387e+01,7.983551015062668732e-01,-1.056942055592149110e+01,4.985000000000000142e+01,4.970900000000000318e+01,6.000000000000000000e+01,0.000000000000000000e+00
2.423000000000000000e+03,1.371689737047121405e+01,5.173256603536411369e-01,2.291385336312928800e+01,8.550120164764609676e-01,-1.056929366948817695e+01,4.985000000000000142e+01,4.967699999999999960e+01,6.000000000000000000e+01,0.000000000000000000e+00
2.424000000000000000e+03,1.406420853146556560e+01,7.116965732032662917e-01,2.291811201015237032e+01,1.003567623530674302e+00,-1.056916767542074531e+01,4.985000000000000142e+01,4.961200000000000188e+01,6.000000000000000000e+01,0.000000000000000000e+00
2.425000000000000000e+03,1.326780761176252810e+01,3.259450692401572591e-01,2.292006239891504293e+01,5.908427110507137314e-01,-1.056904256744338255e+01,4.985000000000000142e+01,4.974099999999999966e+01,6.000000000000000000e+01,0.000000000000000000e+00
2.426000000000000000e+03,1.361963728511182481e+01,5.173256603536411369e-01,2.292315797007047706e+01,7.480719940121156597e-01,-1.056891833932440861e+01,4.985000000000000142e+01,4.967699999999999960e+01,6.000000000000000000e+01,0.000000000000000000e+00
2.427000000000000000e+03,1.377797133683564823e+01,6.130159559103725009e-01,2.292682613242229195e+01,8.069242333789494737e-01,-1.056879498487596791e+01,4.985000000000000142e+01,4.964500000000000313e+01,6.000000000000000000e+01,0.000000000000000000e+00
2.428000000000000000e+03,1.412795105998980993e+01,8.073868687600188609e-01,2.293165737064175502e+01,9.575793185417612596e-01,-1.056867249795372565e+01,4.985000000000000142e+01,4.957999999999999829e+01,6.000000000000000000e+01,0.000000000000000000e+00
2.429000000000000000e+03,1.409109669769169493e+01,8.073868687600188609e-01,2.293648860886121810e+01,9.157720925270143031e-01,-1.056855087245655689e+01,4.985000000000000142e+01,4.957999999999999829e+01,6.000000000000000000e+01,0.000000000000000000e+00
2.430000000000000000e+03,1.367464794655228211e+01,6.130159559103725009e-01,2.294015677121303298e+01,6.899053217551174289e-01,-1.056843010232624103e+01,4.985000000000000142e+01,4.964500000000000313e+01,6.000000000000000000e+01,0.000000000000000000e+00
2.431000000000000000e+03,1.308498902033871580e+01,3.259450692401572591e-01,2.294210715997570560e+01,3.852469726700244457e-01,-1.056831018154717050e+01,4.985000000000000142e+01,4.974099999999999966e+01,6.000000000000000000e+01,0.000000000000000000e+00
2.432000000000000000e+03,1.307023888007822698e+01,3.259450692401572591e-01,2.294405754873837822e+01,3.684273662457339116e-01,-1.056819110414603990e+01,4.985000000000000142e+01,4.974099999999999966e+01,6.000000000000000000e+01,0.000000000000000000e+00
2.433000000000000000e+03,1.324399764698064175e+01,4.216353647968886231e-01,2.294658052869743159e+01,4.438546176778699892e-01,-1.056807286419154934e+01,4.985000000000000142e+01,4.970900000000000318e+01,6.000000000000000000e+01,0.000000000000000000e+00
2.434000000000000000e+03,1.285170883585970003e+01,2.302547736834046899e-01,2.294795832626372345e+01,2.414511917066904656e-01,-1.056795545579412021e+01,4.985000000000000142e+01,4.977300000000000324e+01,6.000000000000000000e+01,0.000000000000000000e+00
2.435000000000000000e+03,1.227346741069074376e+01,-5.980643472295177343e-02,2.294760045676598637e+01,-4.648773824670365817e-02,-1.056783887310558789e+01,4.985000000000000142e+01,4.986999999999999744e+01,6.000000000000000000e+01,0.000000000000000000e+00
2.436000000000000000e+03,1.208747951261741882e+01,-1.554967302797043427e-01,2.294666999607186852e+01,-1.359706428558266622e-01,-1.056772311031891753e+01,4.985000000000000142e+01,4.990200000000000102e+01,6.000000000000000000e+01,0.000000000000000000e+00
2.437000000000000000e+03,1.209260038128676484e+01,-1.554967302797043427e-01,2.294573953537775068e+01,-1.300342621433644708e-01,-1.056760816166791628e+01,4.985000000000000142e+01,4.990200000000000102e+01,6.000000000000000000e+01,0.000000000000000000e+00
2.438000000000000000e+03,1.209746126342334627e+01,-1.554967302797043427e-01,2.294480907468363284e+01,-1.243570595536435258e-01,-1.056749402142694017e+01,4.985000000000000142e+01,4.990200000000000102e+01,6.000000000000000000e+01,0.000000000000000000e+00
2.439000000000000000e+03,1.210207348024342089e+01,-1.554967302797043427e-01,2.294387861398951500e+01,-1.189277195557770228e-01,-1.056738068391061169e+01,4.985000000000000142e+01,4.990200000000000102e+01,6.000000000000000000e+01,0.000000000000000000e+00
2.440000000000000000e+03,1.134947822660724448e+01,-5.412482342428134308e-01,2.294063989503498746e+01,-4.826452907113857882e-01,-1.056726814347354271e+01,4.985000000000000142e+01,5.003099999999999881e+01,6.000000000000000000e+01,0.000000000000000000e+00
2.441000000000000000e+03,1.174297402904720755e+01,-3.498676431293294975e-01,2.293854635847322143e+01,-2.785482917866404229e-01,-1.056715639451004307e+01,4.985000000000000142e+01,4.996699999999999875e+01,6.000000000000000000e+01,0.000000000000000000e+00
2.442000000000000000e+03,1.213457148107832850e+01,-1.554967302797043427e-01,2.293761589777910359e+01,-8.050225496722443475e-02,-1.056704543145384534e+01,4.985000000000000142e+01,4.990200000000000102e+01,6.000000000000000000e+01,0.000000000000000000e+00
2.443000000000000000e+03,1.213726587375428068e+01,-1.554967302797043427e-01,2.293668543708498575e+01,-7.698758427316979014e-02,-1.056693524877783119e+01,4.985000000000000142e+01,4.990200000000000102e+01,6.000000000000000000e+01,0.000000000000000000e+00
2.444000000000000000e+03,1.213980604353745818e+01,-1.554967302797043427e-01,2.293575497639086791e+01,-7.362636157995283703e-02,-1.056682584099375077e+01,4.985000000000000142e+01,4.990200000000000102e+01,6.000000000000000000e+01,0.000000000000000000e+00
2.445000000000000000e+03,1.214219869530713680e+01,-1.554967302797043427e-01,2.293482451569675007e+01,-7.041188745795107229e-02,-1.056671720265195802e+01,4.985000000000000142e+01,4.990200000000000102e+01,6.000000000000000000e+01,0.000000000000000000e+00
2.446000000000000000e+03,1.176303143444512500e+01,-3.498676431293294975e-01,2.293273097913498404e+01,-2.532225732194076651e-01,-1.056660932834112288e+01,4.985000000000000142e+01,4.996699999999999875e+01,6.000000000000000000e+01,0.000000000000000000e+00
2.447000000000000000e+03,1.215351933637094461e+01,-1.554967302797043427e-01,2.293180051844086620e+01,-5.628223910223734139e-02,-1.056650221268797907e+01,4.985000000000000142e+01,4.990200000000000102e+01,6.000000000000000000e+01,0.000000000000000000e+00
2.448000000000000000e+03,1.215515248018624206e+01,-1.554967302797043427e-01,2.293087005774674836e+01,-5.382499692375491973e-02,-1.056639585035704698e+01,4.985000000000000142e+01,4.990200000000000102e+01,6.000000000000000000e+01,0.000000000000000000e+00
2.449000000000000000e+03,1.215667759454676400e+01,-1.554967302797043427e-01,2.292993959705263052e+01,-5.147503617579172325e-02,-1.056629023605037077e+01,4.985000000000000142e+01,4.990200000000000102e+01,6.000000000000000000e+01,0.000000000000000000e+00
2.450000000000000000e+03,1.215809936854349083e+01,-1.554967302797043427e-01,2.292900913635851268e+01,-4.922767302806230899e-02,-1.056618536450725365e+01,4.985000000000000142e+01,4.990200000000000102e+01,6.000000000000000000e+01,0.000000000000000000e+00
2.451000000000000000e+03,1.234719769939836986e+01,-5.980643472295177343e-02,2.292865126686077559e+01,4.443409776454550209e-02,-1.056608123050399861e+01,4.985000000000000142e+01,4.986999999999999744e+01,6.000000000000000000e+01,0.000000000000000000e+00
2.452000000000000000e+03,1.215722785806201678e+01,-1.554967302797043427e-01,2.292772080616665775e+01,-4.901838897129536660e-02,-1.056597782885364190e+01,4.985000000000000142e+01,4.990200000000000102e+01,6.000000000000000000e+01,0.000000000000000000e+00
2.453000000000000000e+03,1.234631559216982133e+01,-5.980643472295177343e-02,2.292736293666892067e+01,4.463424462954867361e-02,-1.056587515440569724e+01,4.985000000000000142e+01,4.986999999999999744e+01,6.000000000000000000e+01,0.000000000000000000e+00
2.454000000000000000e+03,1.234411097593500628e+01,-5.980643472295177343e-02,2.292700506717118358e+01,4.268554553267728952e-02,-1.056577320204590364e+01,4.985000000000000142e+01,4.986999999999999744e+01,6.000000000000000000e+01,0.000000000000000000e+00
2.455000000000000000e+03,1.215421530883413936e+01,-1.554967302797043427e-01,2.292607460647706574e+01,-5.069060066725097208e-02,-1.056567196669596953e+01,4.985000000000000142e+01,4.990200000000000102e+01,6.000000000000000000e+01,0.000000000000000000e+00
2.456000000000000000e+03,1.215559848677891530e+01,-1.554967302797043427e-01,2.292514414578294790e+01,-4.847748541101684627e-02,-1.056557144331331166e+01,4.985000000000000142e+01,4.990200000000000102e+01,6.000000000000000000e+01,0.000000000000000000e+00
2.457000000000000000e+03,1.215688433473927965e+01,-1.554967302797043427e-01,2.292421368508883006e+01,-4.636099317902991207e-02,-1.056547162689081709e+01,4.985000000000000142e+01,4.990200000000000102e+01,6.000000000000000000e+01,0.000000000000000000e+00
2.458000000000000000e+03,1.177665826921220571e+01,-3.498676431293294975e-01,2.292212014852706403e+01,-2.302217237289504448e-01,-1.056537251245658027e+01,4.985000000000000142e+01,4.996699999999999875e+01,6.000000000000000000e+01,0.000000000000000000e+00
2.459000000000000000e+03,1.159693905265394243e+01,-4.455579386860820668e-01,2.291945402076891725e+01,-3.116829343552250386e-01,-1.056527409507366677e+01,4.985000000000000142e+01,4.999900000000000233e+01,6.000000000000000000e+01,0.000000000000000000e+00
2.460000000000000000e+03,1.179575391608156210e+01,-3.498676431293294975e-01,2.291736048420715122e+01,-2.065625551563981532e-01,-1.056517636983986108e+01,4.985000000000000142e+01,4.996699999999999875e+01,6.000000000000000000e+01,0.000000000000000000e+00
2.461000000000000000e+03,1.180277579042828329e+01,-3.498676431293294975e-01,2.291526694764538519e+01,-1.975441822003508874e-01,-1.056507933188742321e+01,4.985000000000000142e+01,4.996699999999999875e+01,6.000000000000000000e+01,0.000000000000000000e+00
2.462000000000000000e+03,1.219082205360112425e+01,-1.554967302797043427e-01,2.291433648695126735e+01,-3.034726687593164440e-03,-1.056498297638284711e+01,4.985000000000000142e+01,4.990200000000000102e+01,6.000000000000000000e+01,0.000000000000000000e+00
2.463000000000000000e+03,1.219011976475309567e+01,-1.554967302797043427e-01,2.291340602625714951e+01,-2.902232697732982751e-03,-1.056488729852661734e+01,4.985000000000000142e+01,4.990200000000000102e+01,6.000000000000000000e+01,0.000000000000000000e+00
2.464000000000000000e+03,1.180799221146309286e+01,-3.498676431293294975e-01,2.291131248969538348e+01,-1.886603415499848169e-01,-1.056479229355297811e+01,4.985000000000000142e+01,4.996699999999999875e+01,6.000000000000000000e+01,0.000000000000000000e+00
2.465000000000000000e+03,1.219564859384572664e+01,-1.554967302797043427e-01,2.291038202900126564e+01,5.461251853851795124e-03,-1.056469795672968637e+01,4.985000000000000142e+01,4.990200000000000102e+01,6.000000000000000000e+01,0.000000000000000000e+00
2.466000000000000000e+03,1.219457337218585202e+01,-1.554967302797043427e-01,2.290945156830714780e+01,5.222817516187598132e-03,-1.056460428335777912e+01,4.985000000000000142e+01,4.990200000000000102e+01,6.000000000000000000e+01,0.000000000000000000e+00
2.467000000000000000e+03,1.219350790161261955e+01,-1.554967302797043427e-01,2.290852110761302995e+01,4.994793050636745640e-03,-1.056451126877134428e+01,4.985000000000000142e+01,4.990200000000000102e+01,6.000000000000000000e+01,0.000000000000000000e+00
2.468000000000000000e+03,1.199880833796531832e+01,-2.541773475725981335e-01,2.290700016224764468e+01,-8.959556837244725402e-02,-1.056441890833728081e+01,4.985000000000000142e+01,4.993500000000000227e+01,6.000000000000000000e+01,0.000000000000000000e+00
2.469000000000000000e+03,1.219493417602156882e+01,-1.554967302797043427e-01,2.290606970155352684e+01,8.688402202814263231e-03,-1.056432719745506787e+01,4.985000000000000142e+01,4.990200000000000102e+01,6.000000000000000000e+01,0.000000000000000000e+00
2.470000000000000000e+03,1.181229664485260322e+01,-3.498676431293294975e-01,2.290397616499176081e+01,-1.775757454532825852e-01,-1.056423613155654628e+01,4.985000000000000142e+01,4.996699999999999875e+01,6.000000000000000000e+01,0.000000000000000000e+00
2.471000000000000000e+03,1.219946517035007894e+01,-1.554967302797043427e-01,2.290304570429764297e+01,1.606190243781807636e-02,-1.056414570610567871e+01,4.985000000000000142e+01,4.990200000000000102e+01,6.000000000000000000e+01,0.000000000000000000e+00
2.472000000000000000e+03,1.219792324802677896e+01,-1.554967302797043427e-01,2.290211524360352513e+01,1.536065130128844852e-02,-1.056405591659833121e+01,4.985000000000000142e+01,4.990200000000000102e+01,6.000000000000000000e+01,0.000000000000000000e+00
2.473000000000000000e+03,1.219641131035391268e+01,-1.554967302797043427e-01,2.290118478290940729e+01,1.469001628625425833e-02,-1.056396675856204581e+01,4.985000000000000142e+01,4.990200000000000102e+01,6.000000000000000000e+01,0.000000000000000000e+00
2.474000000000000000e+03,1.257047885041580493e+01,3.588386083377956282e-02,2.290139950460805096e+01,1.970737125297897796e-01,-1.056387822755581674e+01,4.985000000000000142e+01,4.983800000000000097e+01,6.000000000000000000e+01,0.000000000000000000e+00
2.475000000000000000e+03,1.218662655828425834e+01,-1.554967302797043427e-01,2.290046904391393312e+01,5.444563819903991408e-03,-1.056379031916987365e+01,4.985000000000000142e+01,4.990200000000000102e+01,6.000000000000000000e+01,0.000000000000000000e+00
2.476000000000000000e+03,1.199190228767822219e+01,-2.541773475725981335e-01,2.289894809854854785e+01,-8.916543427226995833e-02,-1.056370302902545788e+01,4.985000000000000142e+01,4.993500000000000227e+01,6.000000000000000000e+01,0.000000000000000000e+00
2.477000000000000000e+03,1.199436091745064559e+01,-2.541773475725981335e-01,2.289742715318316257e+01,-8.527253538531338883e-02,-1.056361635277460564e+01,4.985000000000000142e+01,4.993500000000000227e+01,6.000000000000000000e+01,0.000000000000000000e+00
2.478000000000000000e+03,1.219029237078077621e+01,-1.554967302797043427e-01,2.289649669248904473e+01,1.282269467136890051e-02,-1.056353028609993139e+01,4.985000000000000142e+01,4.990200000000000102e+01,6.000000000000000000e+01,0.000000000000000000e+00
2.479000000000000000e+03,1.218888754182270340e+01,-1.554967302797043427e-01,2.289556623179492689e+01,1.226286502189362013e-02,-1.056344482471441104e+01,4.985000000000000142e+01,4.990200000000000102e+01,6.000000000000000000e+01,0.000000000000000000e+00
2.480000000000000000e+03,1.161831233396570973e+01,-4.455579386860820668e-01,2.289290010403678011e+01,-2.656698670238170634e-01,-1.056335996436117064e+01,4.985000000000000142e+01,4.999900000000000233e+01,6.000000000000000000e+01,0.000000000000000000e+00
2.481000000000000000e+03,1.181510483820064294e+01,-3.498676431293294975e-01,2.289080656747501408e+01,-1.625583853317631999e-01,-1.056327570081327849e+01,4.985000000000000142e+01,4.996699999999999875e+01,6.000000000000000000e+01,0.000000000000000000e+00
2.482000000000000000e+03,1.182019215505172838e+01,-3.498676431293294975e-01,2.288871303091324805e+01,-1.554612028586634942e-01,-1.056319202987352668e+01,4.985000000000000142e+01,4.996699999999999875e+01,6.000000000000000000e+01,0.000000000000000000e+00
2.483000000000000000e+03,1.163719361290696597e+01,-4.455579386860820668e-01,2.288604690315510126e+01,-2.401864041878324918e-01,-1.056310894737422146e+01,4.985000000000000142e+01,4.999900000000000233e+01,6.000000000000000000e+01,0.000000000000000000e+00
2.484000000000000000e+03,1.126954552410554911e+01,-6.369385297995660000e-01,2.288223559300419296e+01,-4.127250899220905600e-01,-1.056302644917698785e+01,4.985000000000000142e+01,5.006300000000000239e+01,6.000000000000000000e+01,0.000000000000000000e+00
2.485000000000000000e+03,1.184716165124976683e+01,-3.498676431293294975e-01,2.288014205644242693e+01,-1.201682308907831565e-01,-1.056294453117254761e+01,4.985000000000000142e+01,4.996699999999999875e+01,6.000000000000000000e+01,0.000000000000000000e+00
2.486000000000000000e+03,1.185039591532381920e+01,-3.498676431293294975e-01,2.287804851988066090e+01,-1.149217721469854431e-01,-1.056286318928052737e+01,4.985000000000000142e+01,4.996699999999999875e+01,6.000000000000000000e+01,0.000000000000000000e+00
2.487000000000000000e+03,1.166562513805191159e+01,-4.455579386860820668e-01,2.287538239212251412e+01,-2.014168959352707067e-01,-1.056278241944924901e+01,4.985000000000000142e+01,4.999900000000000233e+01,6.000000000000000000e+01,0.000000000000000000e+00
2.488000000000000000e+03,1.204738375457501220e+01,-2.541773475725981335e-01,2.287386144675712885e+01,-9.598126953997948574e-03,-1.056270221765552364e+01,4.985000000000000142e+01,4.993500000000000227e+01,6.000000000000000000e+01,0.000000000000000000e+00
2.489000000000000000e+03,1.224000488860340319e+01,-1.554967302797043427e-01,2.287293098606301101e+01,8.519321272456074901e-02,-1.056262257990446507e+01,4.985000000000000142e+01,4.990200000000000102e+01,6.000000000000000000e+01,0.000000000000000000e+00
2.490000000000000000e+03,1.223543403104034688e+01,-1.554967302797043427e-01,2.287200052536889316e+01,8.147373818043419924e-02,-1.056254350222927663e+01,4.985000000000000142e+01,4.990200000000000102e+01,6.000000000000000000e+01,0.000000000000000000e+00
2.491000000000000000e+03,1.223102500693030770e+01,-1.554967302797043427e-01,2.287107006467477532e+01,7.791665322629920398e-02,-1.056246498069106288e+01,4.985000000000000142e+01,4.990200000000000102e+01,6.000000000000000000e+01,0.000000000000000000e+00
2.492000000000000000e+03,1.203312733606523466e+01,-2.541773475725981335e-01,2.286954911930939005e+01,-1.985742429293264888e-02,-1.056238701137862535e+01,4.985000000000000142e+01,4.993500000000000227e+01,6.000000000000000000e+01,0.000000000000000000e+00
2.493000000000000000e+03,1.203255077256775785e+01,-2.541773475725981335e-01,2.286802817394400478e+01,-1.899046339537525593e-02,-1.056230959040827422e+01,4.985000000000000142e+01,4.993500000000000227e+01,6.000000000000000000e+01,0.000000000000000000e+00
2.494000000000000000e+03,1.222557920800005959e+01,-1.554967302797043427e-01,2.286709771324988694e+01,7.621093895351049863e-02,-1.056223271392363472e+01,4.985000000000000142e+01,4.990200000000000102e+01,6.000000000000000000e+01,0.000000000000000000e+00
2.495000000000000000e+03,1.165220354859086527e+01,-4.455579386860820668e-01,2.286443158549174015e+01,-2.045137201193399645e-01,-1.056215637809545171e+01,4.985000000000000142e+01,4.999900000000000233e+01,6.000000000000000000e+01,0.000000000000000000e+00
2.496000000000000000e+03,1.203409296741629397e+01,-2.541773475725981335e-01,2.286291064012635488e+01,-1.255974601606385521e-02,-1.056208057912140141e+01,4.985000000000000142e+01,4.993500000000000227e+01,6.000000000000000000e+01,0.000000000000000000e+00
2.497000000000000000e+03,1.128209398680381526e+01,-6.369385297995660000e-01,2.285909932997544658e+01,-3.780615001461671842e-01,-1.056200531322589953e+01,4.985000000000000142e+01,5.006300000000000239e+01,6.000000000000000000e+01,0.000000000000000000e+00
2.498000000000000000e+03,1.129486330706813746e+01,-6.369385297995660000e-01,2.285528801982453828e+01,-3.615556062969196294e-01,-1.056193057665991475e+01,4.985000000000000142e+01,5.006300000000000239e+01,6.000000000000000000e+01,0.000000000000000000e+00
2.499000000000000000e+03,1.111326807193638722e+01,-7.356191470924384745e-01,2.285088622500236255e+01,-4.401426402727534049e-01,-1.056185636570078223e+01,4.985000000000000142e+01,5.009599999999999653e+01,6.000000000000000000e+01,0.000000000000000000e+00
2.500000000000000000e+03,1.150957508501575077e+01,-5.412482342428134308e-01,2.284764750604783501e+01,-2.350415101372529680e-01,-1.056178267665201531e+01,4.985000000000000142e+01,5.003099999999999881e+01,6.000000000000000000e+01,0.000000000000000000e+00
2.501000000000000000e+03,1.207999751854968551e+01,-2.541773475725981335e-01,2.284612656068244974e+01,4.975781128296041800e-02,-1.056170950584312962e+01,4.985000000000000142e+01,4.993500000000000227e+01,6.000000000000000000e+01,0.000000000000000000e+00
2.502000000000000000e+03,1.207637683905701742e+01,-2.541773475725981335e-01,2.284460561531706446e+01,4.758542094199762901e-02,-1.056163684962944949e+01,4.985000000000000142e+01,4.993500000000000227e+01,6.000000000000000000e+01,0.000000000000000000e+00
2.503000000000000000e+03,1.226649388789810580e+01,-1.554967302797043427e-01,2.284367515462294662e+01,1.398801679467988890e-01,-1.056156470439193562e+01,4.985000000000000142e+01,4.990200000000000102e+01,6.000000000000000000e+01,0.000000000000000000e+00
2.504000000000000000e+03,1.225952799728595366e+01,-1.554967302797043427e-01,2.284274469392882878e+01,1.337731001738250991e-01,-1.056149306653699682e+01,4.985000000000000142e+01,4.990200000000000102e+01,6.000000000000000000e+01,0.000000000000000000e+00
2.505000000000000000e+03,1.205918483875062464e+01,-2.541773475725981335e-01,2.284122374856344351e+01,3.356037025609316660e-02,-1.056142193249631589e+01,4.985000000000000142e+01,4.993500000000000227e+01,6.000000000000000000e+01,0.000000000000000000e+00
2.506000000000000000e+03,1.205626930546800146e+01,-2.541773475725981335e-01,2.283970280319805823e+01,3.209514856921324988e-02,-1.056135129872667200e+01,4.985000000000000142e+01,4.993500000000000227e+01,6.000000000000000000e+01,0.000000000000000000e+00
2.507000000000000000e+03,1.205341724596024555e+01,-2.541773475725981335e-01,2.283818185783267296e+01,3.069389740993242952e-02,-1.056128116170976305e+01,4.985000000000000142e+01,4.993500000000000227e+01,6.000000000000000000e+01,0.000000000000000000e+00
2.508000000000000000e+03,1.224426926511983105e+01,-1.554967302797043427e-01,2.283725139713855512e+01,1.237261162130113279e-01,-1.056121151795202984e+01,4.985000000000000142e+01,4.990200000000000102e+01,6.000000000000000000e+01,0.000000000000000000e+00
2.509000000000000000e+03,1.280133240291081442e+01,1.315741563905321321e-01,2.283803871003357955e+01,3.928619004711841889e-01,-1.056114236398448192e+01,4.985000000000000142e+01,4.980599999999999739e+01,6.000000000000000000e+01,0.000000000000000000e+00
2.510000000000000000e+03,1.354200594700724025e+01,5.173256603536411369e-01,2.284113428118901368e+01,7.446197018271117907e-01,-1.056107369636252713e+01,4.985000000000000142e+01,4.967699999999999960e+01,6.000000000000000000e+01,0.000000000000000000e+00
2.511000000000000000e+03,1.313710931559742789e+01,3.259450692401572591e-01,2.284308466995168629e+01,5.290850880713838800e-01,-1.056100551166579748e+01,4.985000000000000142e+01,4.974099999999999966e+01,6.000000000000000000e+01,0.000000000000000000e+00
2.512000000000000000e+03,1.387299756647255933e+01,7.116965732032662917e-01,2.284734331697476861e+01,8.748954827925028432e-01,-1.056093780649797864e+01,4.985000000000000142e+01,4.961200000000000188e+01,6.000000000000000000e+01,0.000000000000000000e+00
2.513000000000000000e+03,1.345770732647116574e+01,5.173256603536411369e-01,2.285043888813020274e+01,6.508133554739641280e-01,-1.056087057748664293e+01,4.985000000000000142e+01,4.967699999999999960e+01,6.000000000000000000e+01,0.000000000000000000e+00
2.514000000000000000e+03,1.286912937168625781e+01,2.302547736834046899e-01,2.285181668569649460e+01,3.478617335894402252e-01,-1.056080382128308237e+01,4.985000000000000142e+01,4.977300000000000324e+01,6.000000000000000000e+01,0.000000000000000000e+00
2.515000000000000000e+03,1.304316147492536970e+01,3.259450692401572591e-01,2.285376707445916722e+01,4.241868657881813220e-01,-1.056073753456213637e+01,4.985000000000000142e+01,4.974099999999999966e+01,6.000000000000000000e+01,0.000000000000000000e+00
2.516000000000000000e+03,1.321443340266904620e+01,4.216353647968886231e-01,2.285629005441822059e+01,4.971796974759663534e-01,-1.056067171402203009e+01,4.985000000000000142e+01,4.970900000000000318e+01,6.000000000000000000e+01,0.000000000000000000e+00
2.517000000000000000e+03,1.338309064404541004e+01,5.173256603536411369e-01,2.285938562557365472e+01,5.669857145023243783e-01,-1.056060635638420919e+01,4.985000000000000142e+01,4.967699999999999960e+01,6.000000000000000000e+01,0.000000000000000000e+00
2.518000000000000000e+03,1.393069114331844816e+01,8.073868687600188609e-01,2.286421686379311780e+01,8.196288691584894259e-01,-1.056054145839317826e+01,4.985000000000000142e+01,4.957999999999999829e+01,6.000000000000000000e+01,0.000000000000000000e+00
2.519000000000000000e+03,1.371202700208437619e+01,7.116965732032662917e-01,2.286847551081620011e+01,6.923319348812480012e-01,-1.056047701681633910e+01,4.985000000000000142e+01,4.961200000000000188e+01,6.000000000000000000e+01,0.000000000000000000e+00
2.520000000000000000e+03,1.387389833458989230e+01,8.073868687600188609e-01,2.287330674903566319e+01,7.536177452380314890e-01,-1.056041302844382201e+01,4.985000000000000142e+01,4.957999999999999829e+01,6.000000000000000000e+01,0.000000000000000000e+00
2.521000000000000000e+03,1.365811528844394296e+01,7.116965732032662917e-01,2.287756539605874551e+01,6.292028092702697251e-01,-1.056034949008833657e+01,4.985000000000000142e+01,4.961200000000000188e+01,6.000000000000000000e+01,0.000000000000000000e+00
2.522000000000000000e+03,1.325354767678383006e+01,5.173256603536411369e-01,2.288066096721417964e+01,4.158474478010119046e-01,-1.056028639858500462e+01,4.985000000000000142e+01,4.967699999999999960e+01,6.000000000000000000e+01,0.000000000000000000e+00
2.523000000000000000e+03,1.305077488185879098e+01,4.216353647968886231e-01,2.288318394717323301e+01,3.061793206798761879e-01,-1.056022375079120756e+01,4.985000000000000142e+01,4.970900000000000318e+01,6.000000000000000000e+01,0.000000000000000000e+00
2.524000000000000000e+03,1.228302286726762560e+01,3.588386083377956282e-02,2.288339866887187668e+01,-7.609811885160433498e-02,-1.056016154358642822e+01,4.985000000000000142e+01,4.983800000000000097e+01,6.000000000000000000e+01,0.000000000000000000e+00
2.525000000000000000e+03,1.191107092263045786e+01,-1.554967302797043427e-01,2.288246820817775884e+01,-2.558007813955023857e-01,-1.056009977387209275e+01,4.985000000000000142e+01,4.990200000000000102e+01,6.000000000000000000e+01,0.000000000000000000e+00
2.526000000000000000e+03,1.210914528848442195e+01,-5.980643472295177343e-02,2.288211033868002175e+01,-1.531201769012248137e-01,-1.056003843857142321e+01,4.985000000000000142e+01,4.986999999999999744e+01,6.000000000000000000e+01,0.000000000000000000e+00
2.527000000000000000e+03,1.192775802733283541e+01,-1.554967302797043427e-01,2.288117987798590391e+01,-2.379475857440837561e-01,-1.055997753462927946e+01,4.985000000000000142e+01,4.990200000000000102e+01,6.000000000000000000e+01,0.000000000000000000e+00
2.528000000000000000e+03,1.193727666312973312e+01,-1.554967302797043427e-01,2.288024941729178607e+01,-2.275589648703420509e-01,-1.055991705901200461e+01,4.985000000000000142e+01,4.990200000000000102e+01,6.000000000000000000e+01,0.000000000000000000e+00
2.529000000000000000e+03,1.194634131388024478e+01,-1.554967302797043427e-01,2.287931895659766823e+01,-2.176239037304419643e-01,-1.055985700870727761e+01,4.985000000000000142e+01,4.990200000000000102e+01,6.000000000000000000e+01,0.000000000000000000e+00
2.530000000000000000e+03,1.157355297770121361e+01,-3.498676431293294975e-01,2.287722542003590220e+01,-3.940074184813936453e-01,-1.055979738072396579e+01,4.985000000000000142e+01,4.996699999999999875e+01,6.000000000000000000e+01,0.000000000000000000e+00
2.531000000000000000e+03,1.121316990565330052e+01,-5.412482342428134308e-01,2.287398670108137466e+01,-5.598303890932934124e-01,-1.055973817209196675e+01,4.985000000000000142e+01,5.003099999999999881e+01,6.000000000000000000e+01,0.000000000000000000e+00
2.532000000000000000e+03,1.142220718471652319e+01,-4.455579386860820668e-01,2.287132057332322788e+01,-4.438760700585502317e-01,-1.055967937986207161e+01,4.985000000000000142e+01,4.999900000000000233e+01,6.000000000000000000e+01,0.000000000000000000e+00
2.533000000000000000e+03,1.143897874646639679e+01,-4.455579386860820668e-01,2.286865444556508109e+01,-4.244967593067943135e-01,-1.055962100110580693e+01,4.985000000000000142e+01,4.999900000000000233e+01,6.000000000000000000e+01,0.000000000000000000e+00
2.534000000000000000e+03,1.145490381084712972e+01,-4.455579386860820668e-01,2.286598831780693430e+01,-4.059635353584192807e-01,-1.055956303291530141e+01,4.985000000000000142e+01,4.999900000000000233e+01,6.000000000000000000e+01,0.000000000000000000e+00
2.535000000000000000e+03,1.184557014561016608e+01,-2.541773475725981335e-01,2.286446737244154903e+01,-2.052144068556573664e-01,-1.055950547240312964e+01,4.985000000000000142e+01,4.993500000000000227e+01,6.000000000000000000e+01,0.000000000000000000e+00
2.536000000000000000e+03,1.128973963173241657e+01,-5.412482342428134308e-01,2.286122865348702149e+01,-4.707924708096156707e-01,-1.055944831670217354e+01,4.985000000000000142e+01,5.003099999999999881e+01,6.000000000000000000e+01,0.000000000000000000e+00
2.537000000000000000e+03,1.111933671535083867e+01,-6.369385297995660000e-01,2.285741734333611319e+01,-5.417505352202284241e-01,-1.055939156296548198e+01,4.985000000000000142e+01,5.006300000000000239e+01,6.000000000000000000e+01,0.000000000000000000e+00
2.538000000000000000e+03,1.151478502479939969e+01,-4.455579386860820668e-01,2.285475121557796641e+01,-3.350730437263651496e-01,-1.055933520836611983e+01,4.985000000000000142e+01,4.999900000000000233e+01,6.000000000000000000e+01,0.000000000000000000e+00
2.539000000000000000e+03,1.076983427170707941e+01,-8.313094426491911548e-01,2.284977682955940992e+01,-6.893538651060999722e-01,-1.055927925009703827e+01,4.985000000000000142e+01,5.012800000000000011e+01,6.000000000000000000e+01,0.000000000000000000e+00
2.540000000000000000e+03,1.117643095254248387e+01,-6.369385297995660000e-01,2.284596551940850162e+01,-4.733723516955243849e-01,-1.055922368537092915e+01,4.985000000000000142e+01,5.006300000000000239e+01,6.000000000000000000e+01,0.000000000000000000e+00
2.541000000000000000e+03,1.138111732624842709e+01,-5.412482342428134308e-01,2.284272680045397408e+01,-3.611927285426481116e-01,-1.055916851142008461e+01,4.985000000000000142e+01,5.003099999999999881e+01,6.000000000000000000e+01,0.000000000000000000e+00
2.542000000000000000e+03,1.139370280860156903e+01,-5.412482342428134308e-01,2.283948808149944654e+01,-3.454233131588016481e-01,-1.055911372549626215e+01,4.985000000000000142e+01,5.003099999999999881e+01,6.000000000000000000e+01,0.000000000000000000e+00
2.543000000000000000e+03,1.121782401163437015e+01,-6.369385297995660000e-01,2.283567677134853824e+01,-4.218549050440550952e-01,-1.055905932487054955e+01,4.985000000000000142e+01,5.006300000000000239e+01,6.000000000000000000e+01,0.000000000000000000e+00
2.544000000000000000e+03,1.028187157541317021e+01,-1.121370651055568768e+00,2.282896671826595281e+01,-8.667191849639910295e-01,-1.055900530683322458e+01,4.985000000000000142e+01,5.022500000000000142e+01,6.000000000000000000e+01,0.000000000000000000e+00
2.545000000000000000e+03,1.031305549824219270e+01,-1.121370651055568768e+00,2.282225666518336737e+01,-8.288788471919857903e-01,-1.055895166869362001e+01,4.985000000000000142e+01,5.022500000000000142e+01,6.000000000000000000e+01,0.000000000000000000e+00
2.546000000000000000e+03,1.148097540110231130e+01,-5.412482342428134308e-01,2.281901794622883983e+01,-2.378959031037213290e-01,-1.055889840777999389e+01,4.985000000000000142e+01,5.003099999999999881e+01,6.000000000000000000e+01,0.000000000000000000e+00
2.547000000000000000e+03,1.091898171330765166e+01,-8.313094426491911548e-01,2.281404356021028335e+01,-5.049068828140486076e-01,-1.055884552143939459e+01,4.985000000000000142e+01,5.012800000000000011e+01,6.000000000000000000e+01,0.000000000000000000e+00
2.548000000000000000e+03,1.131752252090679534e+01,-6.369385297995660000e-01,2.281023225005937505e+01,-2.969781923154848347e-01,-1.055879300703752932e+01,4.985000000000000142e+01,5.006300000000000239e+01,6.000000000000000000e+01,0.000000000000000000e+00
2.549000000000000000e+03,1.113308581633262939e+01,-7.356191470924384745e-01,2.280583045523719932e+01,-3.783846298535019637e-01,-1.055874086195862738e+01,4.985000000000000142e+01,5.009599999999999653e+01,6.000000000000000000e+01,0.000000000000000000e+00
2.550000000000000000e+03,1.095748038866357099e+01,-8.313094426491911548e-01,2.280085606921864283e+01,-4.533771543005639670e-01,-1.055868908360531755e+01,4.985000000000000142e+01,5.012800000000000011e+01,6.000000000000000000e+01,0.000000000000000000e+00
2.551000000000000000e+03,1.116012695078550365e+01,-7.356191470924384745e-01,2.279645427439646710e+01,-3.420705071200317859e-01,-1.055863766939849313e+01,4.985000000000000142e+01,5.009599999999999653e+01,6.000000000000000000e+01,0.000000000000000000e+00
2.552000000000000000e+03,1.192768039378882250e+01,-3.498676431293294975e-01,2.279436073783470107e+01,4.177391586063816664e-02,-1.055858661677718757e+01,4.985000000000000142e+01,4.996699999999999875e+01,6.000000000000000000e+01,0.000000000000000000e+00
2.553000000000000000e+03,1.154826290628956187e+01,-5.412482342428134308e-01,2.279112201888017353e+01,-1.430749551493504246e-01,-1.055853592319844481e+01,4.985000000000000142e+01,5.003099999999999881e+01,6.000000000000000000e+01,0.000000000000000000e+00
2.554000000000000000e+03,1.116990226731951985e+01,-7.356191470924384745e-01,2.278672022405799780e+01,-3.227132235088466805e-01,-1.055848558613719312e+01,4.985000000000000142e+01,5.009599999999999653e+01,6.000000000000000000e+01,0.000000000000000000e+00
2.555000000000000000e+03,1.193660951563838069e+01,-3.498676431293294975e-01,2.278462668749623177e+01,6.028607435759592015e-02,-1.055843560308611728e+01,4.985000000000000142e+01,4.996699999999999875e+01,6.000000000000000000e+01,0.000000000000000000e+00
2.556000000000000000e+03,1.193193356385408777e+01,-3.498676431293294975e-01,2.278253315093446574e+01,5.765402760448933711e-02,-1.055838597155553771e+01,4.985000000000000142e+01,4.996699999999999875e+01,6.000000000000000000e+01,0.000000000000000000e+00
2.557000000000000000e+03,1.192737217629430191e+01,-3.498676431293294975e-01,2.278043961437269971e+01,5.513689412421333286e-02,-1.055833668907328260e+01,4.985000000000000142e+01,4.996699999999999875e+01,6.000000000000000000e+01,0.000000000000000000e+00
2.558000000000000000e+03,1.230433914534960493e+01,-1.554967302797043427e-01,2.277950915367858187e+01,2.386144751352977100e-01,-1.055828775318456891e+01,4.985000000000000142e+01,4.990200000000000102e+01,6.000000000000000000e+01,0.000000000000000000e+00
2.559000000000000000e+03,1.229303953960209483e+01,-1.554967302797043427e-01,2.277857869298446403e+01,2.281967383492075896e-01,-1.055823916145187269e+01,4.985000000000000142e+01,4.990200000000000102e+01,6.000000000000000000e+01,0.000000000000000000e+00
2.560000000000000000e+03,1.190077561606578094e+01,-3.498676431293294975e-01,2.277648515642269800e+01,3.234901422722752384e-02,-1.055819091145481714e+01,4.985000000000000142e+01,4.996699999999999875e+01,6.000000000000000000e+01,0.000000000000000000e+00
2.561000000000000000e+03,1.227873646238386129e+01,-1.554967302797043427e-01,2.277555469572858016e+01,2.168214977250333131e-01,-1.055814300079004653e+01,4.985000000000000142e+01,4.990200000000000102e+01,6.000000000000000000e+01,0.000000000000000000e+00
2.562000000000000000e+03,1.207474391007429837e+01,-2.541773475725981335e-01,2.277403375036319488e+01,1.129829343548065385e-01,-1.055809542707110715e+01,4.985000000000000142e+01,4.993500000000000227e+01,6.000000000000000000e+01,0.000000000000000000e+00
2.563000000000000000e+03,1.206833744999943647e+01,-2.541773475725981335e-01,2.277251280499780961e+01,1.080501805025472217e-01,-1.055804818792832478e+01,4.985000000000000142e+01,4.993500000000000227e+01,6.000000000000000000e+01,0.000000000000000000e+00
2.564000000000000000e+03,1.244356482516240092e+01,-5.980643472295177343e-02,2.277215493550007253e+01,2.892176053939783942e-01,-1.055800128100869983e+01,4.985000000000000142e+01,4.986999999999999744e+01,6.000000000000000000e+01,0.000000000000000000e+00
2.565000000000000000e+03,1.299982071917798443e+01,2.302547736834046899e-01,2.277353273306636439e+01,5.539879164039862580e-01,-1.055795470397577240e+01,4.985000000000000142e+01,4.977300000000000324e+01,6.000000000000000000e+01,0.000000000000000000e+00
2.566000000000000000e+03,1.316483346390971754e+01,3.259450692401572591e-01,2.277548312182903700e+01,6.213137273500419777e-01,-1.055790845450951743e+01,4.985000000000000142e+01,4.974099999999999966e+01,6.000000000000000000e+01,0.000000000000000000e+00
2.567000000000000000e+03,1.332747907797305764e+01,4.216353647968886231e-01,2.277800610178809038e+01,6.857001416943063754e-01,-1.055786253030622568e+01,4.985000000000000142e+01,4.970900000000000318e+01,6.000000000000000000e+01,0.000000000000000000e+00
2.568000000000000000e+03,1.330011048294167431e+01,4.216353647968886231e-01,2.278052908174714375e+01,6.557629654760339655e-01,-1.055781692907839009e+01,4.985000000000000142e+01,4.970900000000000318e+01,6.000000000000000000e+01,0.000000000000000000e+00
2.569000000000000000e+03,1.327404860284096877e+01,4.216353647968886231e-01,2.278305206170619712e+01,6.271328248924770143e-01,-1.055777164855459382e+01,4.985000000000000142e+01,4.970900000000000318e+01,6.000000000000000000e+01,0.000000000000000000e+00
2.570000000000000000e+03,1.306146096302774318e+01,3.259450692401572591e-01,2.278500245046886974e+01,5.082401297981042898e-01,-1.055772668647938595e+01,4.985000000000000142e+01,4.974099999999999966e+01,6.000000000000000000e+01,0.000000000000000000e+00
2.571000000000000000e+03,1.304126659823579892e+01,3.259450692401572591e-01,2.278695283923154236e+01,4.860507303772906296e-01,-1.055768204061318905e+01,4.985000000000000142e+01,4.974099999999999966e+01,6.000000000000000000e+01,0.000000000000000000e+00
2.572000000000000000e+03,1.245284647308972836e+01,3.588386083377956282e-02,2.278716756093018603e+01,1.874327600579280273e-01,-1.055763770873216600e+01,4.985000000000000142e+01,4.983800000000000097e+01,6.000000000000000000e+01,0.000000000000000000e+00
2.573000000000000000e+03,1.225714662240475583e+01,-5.980643472295177343e-02,2.278680969143244894e+01,8.773705432338262111e-02,-1.055759368862812586e+01,4.985000000000000142e+01,4.986999999999999744e+01,6.000000000000000000e+01,0.000000000000000000e+00
2.574000000000000000e+03,1.300997155887159984e+01,3.259450692401572591e-01,2.278876008019512156e+01,4.528163875447247522e-01,-1.055754997810840301e+01,4.985000000000000142e+01,4.974099999999999966e+01,6.000000000000000000e+01,0.000000000000000000e+00
2.575000000000000000e+03,1.317997112480869681e+01,4.216353647968886231e-01,2.279128306015417493e+01,5.245592748533928207e-01,-1.055750657499575773e+01,4.985000000000000142e+01,4.970900000000000318e+01,6.000000000000000000e+01,0.000000000000000000e+00
2.576000000000000000e+03,1.278408449572857641e+01,2.302547736834046899e-01,2.279266085772046679e+01,3.186323414529615983e-01,-1.055746347712825717e+01,4.985000000000000142e+01,4.977300000000000324e+01,6.000000000000000000e+01,0.000000000000000000e+00
2.577000000000000000e+03,1.295936924130533718e+01,3.259450692401572591e-01,2.279461124648313941e+01,3.962336079412196455e-01,-1.055742068235917763e+01,4.985000000000000142e+01,4.974099999999999966e+01,6.000000000000000000e+01,0.000000000000000000e+00
2.578000000000000000e+03,1.313183826149321831e+01,4.216353647968886231e-01,2.279713422644219278e+01,4.704468588110271576e-01,-1.055737818855688914e+01,4.985000000000000142e+01,4.970900000000000318e+01,6.000000000000000000e+01,0.000000000000000000e+00
2.579000000000000000e+03,1.292608865141882823e+01,3.259450692401572591e-01,2.279908461520486540e+01,3.583949605785600179e-01,-1.055733599360475417e+01,4.985000000000000142e+01,4.974099999999999966e+01,6.000000000000000000e+01,0.000000000000000000e+00
2.580000000000000000e+03,1.234323945191591498e+01,3.588386083377956282e-02,2.279929933690350907e+01,6.535034957964441782e-02,-1.055729409540102104e+01,4.985000000000000142e+01,4.983800000000000097e+01,6.000000000000000000e+01,0.000000000000000000e+00
2.581000000000000000e+03,1.196509180245979387e+01,-1.554967302797043427e-01,2.279836887620939123e+01,-1.205278516111726317e-01,-1.055725249185872094e+01,4.985000000000000142e+01,4.990200000000000102e+01,6.000000000000000000e+01,0.000000000000000000e+00
2.582000000000000000e+03,1.158804600527842332e+01,-3.498676431293294975e-01,2.279627533964762520e+01,-3.011505103343141143e-01,-1.055721118090555954e+01,4.985000000000000142e+01,4.996699999999999875e+01,6.000000000000000000e+01,0.000000000000000000e+00
2.583000000000000000e+03,1.159914150435365876e+01,-3.498676431293294975e-01,2.279418180308585917e+01,-2.880024951190565119e-01,-1.055717016048381574e+01,4.985000000000000142e+01,4.996699999999999875e+01,6.000000000000000000e+01,0.000000000000000000e+00
2.584000000000000000e+03,1.199108148899655291e+01,-1.554967302797043427e-01,2.279325134239174133e+01,-8.954369456523827986e-02,-1.055712942855024394e+01,4.985000000000000142e+01,4.990200000000000102e+01,6.000000000000000000e+01,0.000000000000000000e+00
2.585000000000000000e+03,1.199410088723667123e+01,-1.554967302797043427e-01,2.279232088169762349e+01,-8.563428110528047144e-02,-1.055708898307596577e+01,4.985000000000000142e+01,4.990200000000000102e+01,6.000000000000000000e+01,0.000000000000000000e+00
2.586000000000000000e+03,1.180330592453906746e+01,-2.541773475725981335e-01,2.279079993633223822e+01,-1.762678421742030488e-01,-1.055704882204637229e+01,4.985000000000000142e+01,4.993500000000000227e+01,6.000000000000000000e+01,0.000000000000000000e+00
2.587000000000000000e+03,1.162174517262117845e+01,-3.498676431293294975e-01,2.278870639977047219e+01,-2.600846405589389843e-01,-1.055700894346102459e+01,4.985000000000000142e+01,4.996699999999999875e+01,6.000000000000000000e+01,0.000000000000000000e+00
2.588000000000000000e+03,1.181882175565180049e+01,-2.541773475725981335e-01,2.278718545440508692e+01,-1.572170058471391574e-01,-1.055696934533354892e+01,4.985000000000000142e+01,4.993500000000000227e+01,6.000000000000000000e+01,0.000000000000000000e+00
2.589000000000000000e+03,1.107310246096305661e+01,-6.369385297995660000e-01,2.278337414425417862e+01,-5.164031278000130731e-01,-1.055693002569154260e+01,4.985000000000000142e+01,5.006300000000000239e+01,6.000000000000000000e+01,0.000000000000000000e+00
2.590000000000000000e+03,1.146742680930531577e+01,-4.455579386860820668e-01,2.278070801649603183e+01,-3.108322859281555939e-01,-1.055689098257647629e+01,4.985000000000000142e+01,4.999900000000000233e+01,6.000000000000000000e+01,0.000000000000000000e+00
2.591000000000000000e+03,1.110281933935016063e+01,-6.369385297995660000e-01,2.277689670634512353e+01,-4.802866231518104767e-01,-1.055685221404358920e+01,4.985000000000000142e+01,5.006300000000000239e+01,6.000000000000000000e+01,0.000000000000000000e+00
2.592000000000000000e+03,1.130779090711805068e+01,-5.412482342428134308e-01,2.277365798739059599e+01,-3.678051278679231872e-01,-1.055681371816180558e+01,4.985000000000000142e+01,5.003099999999999881e+01,6.000000000000000000e+01,0.000000000000000000e+00
2.593000000000000000e+03,1.132064852130590715e+01,-5.412482342428134308e-01,2.277041926843606845e+01,-3.517470198737219778e-01,-1.055677549301362284e+01,4.985000000000000142e+01,5.003099999999999881e+01,6.000000000000000000e+01,0.000000000000000000e+00
2.594000000000000000e+03,1.170835560651155127e+01,-3.498676431293294975e-01,2.276832573187430242e+01,-1.533649455383918336e-01,-1.055673753669502979e+01,4.985000000000000142e+01,4.996699999999999875e+01,6.000000000000000000e+01,0.000000000000000000e+00
2.595000000000000000e+03,1.152522015015650503e+01,-4.455579386860820668e-01,2.276565960411615563e+01,-2.381816679581657548e-01,-1.055669984731540190e+01,4.985000000000000142e+01,4.999900000000000233e+01,6.000000000000000000e+01,0.000000000000000000e+00
2.596000000000000000e+03,1.210218450707908389e+01,-1.554967302797043427e-01,2.276472914342203779e+01,4.961451693416765729e-02,-1.055666242299741597e+01,4.985000000000000142e+01,4.990200000000000102e+01,6.000000000000000000e+01,0.000000000000000000e+00
2.597000000000000000e+03,1.209912507329293518e+01,-1.554967302797043427e-01,2.276379868272791995e+01,4.744838272166401055e-02,-1.055662526187694539e+01,4.985000000000000142e+01,4.990200000000000102e+01,6.000000000000000000e+01,0.000000000000000000e+00
2.598000000000000000e+03,1.209615995002586786e+01,-1.554967302797043427e-01,2.276286822203380211e+01,4.537682037474568414e-02,-1.055658836210297480e+01,4.985000000000000142e+01,4.990200000000000102e+01,6.000000000000000000e+01,0.000000000000000000e+00
2.599000000000000000e+03,1.209328501017608382e+01,-1.554967302797043427e-01,2.276193776133968427e+01,4.339570095361353769e-02,-1.055655172183750956e+01,4.985000000000000142e+01,4.990200000000000102e+01,6.000000000000000000e+01,0.000000000000000000e+00
2.600000000000000000e+03,1.209049630689539789e+01,-1.554967302797043427e-01,2.276100730064556643e+01,4.150107578501768119e-02,-1.055651533925548158e+01,4.985000000000000142e+01,4.990200000000000102e+01,6.000000000000000000e+01,0.000000000000000000e+00
2.601000000000000000e+03,1.208779006571903736e+01,-1.554967302797043427e-01,2.276007683995144859e+01,3.968916859194925734e-02,-1.055647921254465516e+01,4.985000000000000142e+01,4.990200000000000102e+01,6.000000000000000000e+01,0.000000000000000000e+00
2.602000000000000000e+03,1.208516267703903146e+01,-1.554967302797043427e-01,2.275914637925733075e+01,3.795636796694426551e-02,-1.055644333990553996e+01,4.985000000000000142e+01,4.990200000000000102e+01,6.000000000000000000e+01,0.000000000000000000e+00
2.603000000000000000e+03,1.208261068890620393e+01,-1.554967302797043427e-01,2.275821591856321291e+01,3.629922017399750400e-02,-1.055640771955130219e+01,4.985000000000000142e+01,4.990200000000000102e+01,6.000000000000000000e+01,0.000000000000000000e+00
2.604000000000000000e+03,1.208013080014645624e+01,-1.554967302797043427e-01,2.275728545786909507e+01,3.471442226473982207e-02,-1.055637234970767580e+01,4.985000000000000142e+01,4.990200000000000102e+01,6.000000000000000000e+01,0.000000000000000000e+00
2.605000000000000000e+03,1.132075022148949195e+01,-5.412482342428134308e-01,2.275404673891456753e+01,-3.357110545693895443e-01,-1.055633722861287005e+01,4.985000000000000142e+01,5.003099999999999881e+01,6.000000000000000000e+01,0.000000000000000000e+00
2.606000000000000000e+03,1.114442786775019023e+01,-6.369385297995660000e-01,2.275023542876365923e+01,-4.125666766964192766e-01,-1.055630235451748611e+01,4.985000000000000142e+01,5.006300000000000239e+01,6.000000000000000000e+01,0.000000000000000000e+00
2.607000000000000000e+03,1.020805052493907539e+01,-1.121370651055568768e+00,2.274352537568107380e+01,-8.578364740020036905e-01,-1.055626772568442817e+01,4.985000000000000142e+01,5.022500000000000142e+01,6.000000000000000000e+01,0.000000000000000000e+00
2.608000000000000000e+03,1.023882738213656829e+01,-1.121370651055568768e+00,2.273681532259848836e+01,-8.203839490175354188e-01,-1.055623334038881644e+01,4.985000000000000142e+01,5.022500000000000142e+01,6.000000000000000000e+01,0.000000000000000000e+00
2.609000000000000000e+03,1.026796884713954228e+01,-1.121370651055568768e+00,2.273010526951590293e+01,-7.845665744028903488e-01,-1.055619919691790187e+01,4.985000000000000142e+01,5.022500000000000142e+01,6.000000000000000000e+01,0.000000000000000000e+00
2.610000000000000000e+03,1.029554631114067753e+01,-1.121370651055568768e+00,2.272339521643331750e+01,-7.503129606660905448e-01,-1.055616529357098266e+01,4.985000000000000142e+01,5.022500000000000142e+01,6.000000000000000000e+01,0.000000000000000000e+00
2.611000000000000000e+03,1.013385263584610207e+01,-1.217060946612300132e+00,2.271611257215435131e+01,-8.090673610366342361e-01,-1.055613162865931365e+01,4.985000000000000142e+01,5.025699999999999790e+01,6.000000000000000000e+01,0.000000000000000000e+00
2.612000000000000000e+03,1.016192672022311072e+01,-1.217060946612300132e+00,2.270882992787538512e+01,-7.737440605339424016e-01,-1.055609820050603176e+01,4.985000000000000142e+01,5.025699999999999790e+01,6.000000000000000000e+01,0.000000000000000000e+00
2.613000000000000000e+03,1.018845837955020528e+01,-1.217060946612300132e+00,2.270154728359641894e+01,-7.399629499878505046e-01,-1.055606500744606180e+01,4.985000000000000142e+01,5.025699999999999790e+01,6.000000000000000000e+01,0.000000000000000000e+00
2.614000000000000000e+03,1.040129035904837451e+01,-1.121370651055568768e+00,2.269483723051383350e+01,-6.161441725838495698e-01,-1.055603204782604365e+01,4.985000000000000142e+01,5.022500000000000142e+01,6.000000000000000000e+01,0.000000000000000000e+00
2.615000000000000000e+03,1.042151344629870380e+01,-1.121370651055568768e+00,2.268812717743124807e+01,-5.892437600727382652e-01,-1.055599932000423991e+01,4.985000000000000142e+01,5.022500000000000142e+01,6.000000000000000000e+01,0.000000000000000000e+00
2.616000000000000000e+03,1.025278643801037681e+01,-1.217060946612300132e+00,2.268084453315228188e+01,-6.550303261791454723e-01,-1.055596682235046124e+01,4.985000000000000142e+01,5.025699999999999790e+01,6.000000000000000000e+01,0.000000000000000000e+00
2.617000000000000000e+03,1.046190962957397730e+01,-1.121370651055568768e+00,2.267413448006969645e+01,-5.349196461941690961e-01,-1.055593455324598295e+01,4.985000000000000142e+01,5.022500000000000142e+01,6.000000000000000000e+01,0.000000000000000000e+00
2.618000000000000000e+03,1.010303500129764664e+01,-1.312751242169052812e+00,2.266627924459434951e+01,-6.945904900441826069e-01,-1.055590251108346855e+01,4.985000000000000142e+01,5.028900000000000148e+01,6.000000000000000000e+01,0.000000000000000000e+00
2.619000000000000000e+03,1.050108773040879306e+01,-1.121370651055568768e+00,2.265956919151176407e+01,-4.812401157805249463e-01,-1.055587069426687741e+01,4.985000000000000142e+01,5.022500000000000142e+01,6.000000000000000000e+01,0.000000000000000000e+00
2.620000000000000000e+03,1.051541986856214450e+01,-1.121370651055568768e+00,2.265285913842917864e+01,-4.602295176000651966e-01,-1.055583910121140079e+01,4.985000000000000142e+01,5.022500000000000142e+01,6.000000000000000000e+01,0.000000000000000000e+00
2.621000000000000000e+03,1.052883447688592788e+01,-1.121370651055568768e+00,2.264614908534659321e+01,-4.401362270617265593e-01,-1.055580773034337305e+01,4.985000000000000142e+01,5.022500000000000142e+01,6.000000000000000000e+01,0.000000000000000000e+00
2.622000000000000000e+03,1.016582078061503047e+01,-1.312751242169052812e+00,2.263829384987124627e+01,-6.039452469869658335e-01,-1.055577658010019526e+01,4.985000000000000142e+01,5.028900000000000148e+01,6.000000000000000000e+01,0.000000000000000000e+00
2.623000000000000000e+03,9.802945485514666046e+00,-1.507122155018677967e+00,2.262927553852825113e+01,-7.634622490646472137e-01,-1.055574564893025880e+01,4.985000000000000142e+01,5.035399999999999920e+01,6.000000000000000000e+01,0.000000000000000000e+00
2.624000000000000000e+03,1.002093349614954043e+01,-1.408441537725784176e+00,2.262084771185652343e+01,-6.357577426883324057e-01,-1.055571493529286364e+01,4.985000000000000142e+01,5.032099999999999795e+01,6.000000000000000000e+01,0.000000000000000000e+00
2.625000000000000000e+03,9.283323261734176768e+00,-1.794193041688914469e+00,2.261011162692438603e+01,-9.769108858431416742e-01,-1.055568443765815267e+01,4.985000000000000142e+01,5.045000000000000284e+01,6.000000000000000000e+01,0.000000000000000000e+00
2.626000000000000000e+03,9.315268688326511892e+00,-1.794193041688914469e+00,2.259937554199224863e+01,-9.342596574698027734e-01,-1.055565415450702105e+01,4.985000000000000142e+01,5.045000000000000284e+01,6.000000000000000000e+01,0.000000000000000000e+00
2.627000000000000000e+03,8.776157560286371506e+00,-2.084254250095270766e+00,2.258690378999608228e+01,-1.170867895283391524e+00,-1.055562408433105048e+01,4.985000000000000142e+01,5.054699999999999704e+01,6.000000000000000000e+01,0.000000000000000000e+00
2.628000000000000000e+03,8.814834919236320232e+00,-2.084254250095270766e+00,2.257443203799991593e+01,-1.119748643035893165e+00,-1.055559422563243110e+01,4.985000000000000142e+01,5.054699999999999704e+01,6.000000000000000000e+01,0.000000000000000000e+00
2.629000000000000000e+03,8.851280238319512605e+00,-2.084254250095270766e+00,2.256196028600374959e+01,-1.070861220665078717e+00,-1.055556457692388683e+01,4.985000000000000142e+01,5.054699999999999704e+01,6.000000000000000000e+01,0.000000000000000000e+00
2.630000000000000000e+03,8.885590959103915054e+00,-2.084254250095270766e+00,2.254948853400758324e+01,-1.024108188079799087e+00,-1.055553513672859722e+01,4.985000000000000142e+01,5.054699999999999704e+01,6.000000000000000000e+01,0.000000000000000000e+00
2.631000000000000000e+03,9.674829901270701527e+00,-1.698502746132161789e+00,2.253932504027182659e+01,-6.104864892888273165e-01,-1.055550590358013352e+01,4.985000000000000142e+01,5.041799999999999926e+01,6.000000000000000000e+01,0.000000000000000000e+00
2.632000000000000000e+03,9.315798011889141250e+00,-1.889883337245645611e+00,2.252801636414330844e+01,-7.668581389861409692e-01,-1.055547687602238049e+01,4.985000000000000142e+01,5.048199999999999932e+01,6.000000000000000000e+01,0.000000000000000000e+00
2.633000000000000000e+03,9.901324873307094876e+00,-1.602812450575430425e+00,2.251842546160393255e+01,-4.588400851119469048e-01,-1.055544805260945829e+01,4.985000000000000142e+01,5.038600000000000279e+01,6.000000000000000000e+01,0.000000000000000000e+00
2.634000000000000000e+03,1.009957063304493019e+01,-1.507122155018677967e+00,2.250940715026093741e+01,-3.472949302916693015e-01,-1.055541943190565846e+01,4.985000000000000142e+01,5.035399999999999920e+01,6.000000000000000000e+01,0.000000000000000000e+00
2.635000000000000000e+03,9.917967975945032322e+00,-1.602812450575430425e+00,2.249981624772156152e+01,-4.236448087157276832e-01,-1.055539101248536937e+01,4.985000000000000142e+01,5.038600000000000279e+01,6.000000000000000000e+01,0.000000000000000000e+00
2.636000000000000000e+03,1.049609554098231357e+01,-1.312751242169052812e+00,2.249196101224621458e+01,-1.277514361618396488e-01,-1.055536279293300694e+01,4.985000000000000142e+01,5.028900000000000148e+01,6.000000000000000000e+01,0.000000000000000000e+00
2.637000000000000000e+03,1.030607044998166621e+01,-1.408441537725784176e+00,2.248353318557448688e+01,-2.136864260240930458e-01,-1.055533477184294178e+01,4.985000000000000142e+01,5.032099999999999795e+01,6.000000000000000000e+01,0.000000000000000000e+00
2.638000000000000000e+03,9.925581036413543501e+00,-1.602812450575430425e+00,2.247394228303511099e+01,-3.902418482267088762e-01,-1.055530694781942813e+01,4.985000000000000142e+01,5.038600000000000279e+01,6.000000000000000000e+01,0.000000000000000000e+00
2.639000000000000000e+03,1.069002507361259902e+01,-1.217060946612300132e+00,2.246665963875614480e+01,-4.294299054710348784e-03,-1.055527931947653641e+01,4.985000000000000142e+01,5.025699999999999790e+01,6.000000000000000000e+01,0.000000000000000000e+00
2.640000000000000000e+03,1.049518193672715682e+01,-1.312751242169052812e+00,2.245880440328079786e+01,-9.561933894650154198e-02,-1.055525188543808568e+01,4.985000000000000142e+01,5.028900000000000148e+01,6.000000000000000000e+01,0.000000000000000000e+00
2.641000000000000000e+03,1.067930402674751100e+01,-1.217060946612300132e+00,2.245152175900183167e+01,6.785869555658852192e-05,-1.055522464433757612e+01,4.985000000000000142e+01,5.025699999999999790e+01,6.000000000000000000e+01,0.000000000000000000e+00
2.642000000000000000e+03,1.085982088198663753e+01,-1.121370651055568768e+00,2.244481170591924624e+01,9.157742194107122702e-02,-1.055519759481811271e+01,4.985000000000000142e+01,5.022500000000000142e+01,6.000000000000000000e+01,0.000000000000000000e+00
2.643000000000000000e+03,1.217530333556731215e+01,-4.455579386860820668e-01,2.244214557816109945e+01,7.338864316246385133e-01,-1.055517073553234475e+01,4.985000000000000142e+01,4.999900000000000233e+01,6.000000000000000000e+01,0.000000000000000000e+00
2.644000000000000000e+03,1.270981714276209296e+01,-1.554967302797043427e-01,2.244121511746698161e+01,9.792428207172139132e-01,-1.055514406514239845e+01,4.985000000000000142e+01,4.990200000000000102e+01,6.000000000000000000e+01,0.000000000000000000e+00
2.645000000000000000e+03,1.266616012591371287e+01,-1.554967302797043427e-01,2.244028465677286377e+01,9.364897817403622371e-01,-1.055511758231980934e+01,4.985000000000000142e+01,4.990200000000000102e+01,6.000000000000000000e+01,0.000000000000000000e+00
2.646000000000000000e+03,1.318769572780672483e+01,1.315741563905321321e-01,2.244107196966788820e+01,1.170140887493759774e+00,-1.055509128574545308e+01,4.985000000000000142e+01,4.980599999999999739e+01,6.000000000000000000e+01,0.000000000000000000e+00
2.647000000000000000e+03,1.389439127301677779e+01,5.173256603536411369e-01,2.244416754082332233e+01,1.487963245949299296e+00,-1.055506517410948497e+01,4.985000000000000142e+01,4.967699999999999960e+01,6.000000000000000000e+01,0.000000000000000000e+00
2.648000000000000000e+03,1.364477395175807928e+01,4.216353647968886231e-01,2.244669052078237570e+01,1.331487312290086544e+00,-1.055503924611127076e+01,4.985000000000000142e+01,4.970900000000000318e+01,6.000000000000000000e+01,0.000000000000000000e+00
2.649000000000000000e+03,1.434616052890251758e+01,8.073868687600188609e-01,2.245152175900183877e+01,1.642265401599980468e+00,-1.055501350045932263e+01,4.985000000000000142e+01,4.957999999999999829e+01,6.000000000000000000e+01,0.000000000000000000e+00
2.650000000000000000e+03,1.427931720254953696e+01,8.073868687600188609e-01,2.245635299722130185e+01,1.570565272439457649e+00,-1.055498793587124062e+01,4.985000000000000142e+01,4.957999999999999829e+01,6.000000000000000000e+01,0.000000000000000000e+00
2.651000000000000000e+03,1.440337948526324929e+01,9.030771643167502249e-01,2.246175682663714568e+01,1.593508045382991289e+00,-1.055496255107363801e+01,4.985000000000000142e+01,4.954800000000000182e+01,6.000000000000000000e+01,0.000000000000000000e+00
2.652000000000000000e+03,1.472065590994758999e+01,1.097448077166396585e+00,2.246832373192063770e+01,1.709821445662641271e+00,-1.055493734480208623e+01,4.985000000000000142e+01,4.948299999999999699e+01,6.000000000000000000e+01,0.000000000000000000e+00
2.653000000000000000e+03,1.484037367931772877e+01,1.193138372723127949e+00,2.247546322840051047e+01,1.726684393995137734e+00,-1.055491231580104738e+01,4.985000000000000142e+01,4.945100000000000051e+01,6.000000000000000000e+01,0.000000000000000000e+00
2.654000000000000000e+03,1.571689727192298491e+01,1.674580172242989606e+00,2.248548357433717371e+01,2.111720988166635671e+00,-1.055488746282381385e+01,4.985000000000000142e+01,4.928999999999999915e+01,6.000000000000000000e+01,0.000000000000000000e+00
2.655000000000000000e+03,1.469000102785178541e+01,1.193138372723127949e+00,2.249262307081704648e+01,1.559102368944060624e+00,-1.055486278463244787e+01,4.985000000000000142e+01,4.945100000000000051e+01,6.000000000000000000e+01,0.000000000000000000e+00
2.656000000000000000e+03,1.444132032548420064e+01,1.097448077166396585e+00,2.249918997610053850e+01,1.399520552214981173e+00,-1.055483827999771584e+01,4.985000000000000142e+01,4.948299999999999699e+01,6.000000000000000000e+01,0.000000000000000000e+00
2.657000000000000000e+03,1.457458491252886112e+01,1.193138372723127949e+00,2.250632947258041128e+01,1.429931014924354260e+00,-1.055481394769902970e+01,4.985000000000000142e+01,4.945100000000000051e+01,6.000000000000000000e+01,0.000000000000000000e+00
2.658000000000000000e+03,1.489486963332314495e+01,1.384518963836611771e+00,2.251461415145304557e+01,1.550526304557874990e+00,-1.055478978652438649e+01,4.985000000000000142e+01,4.938700000000000045e+01,6.000000000000000000e+01,0.000000000000000000e+00
2.659000000000000000e+03,1.464770802478571632e+01,1.288828668279880629e+00,2.252232623912929910e+01,1.391318912646842154e+00,-1.055476579527030445e+01,4.985000000000000142e+01,4.941899999999999693e+01,6.000000000000000000e+01,0.000000000000000000e+00
2.660000000000000000e+03,1.364995490454283633e+01,8.073868687600188609e-01,2.252715747734876217e+01,8.701525311758235848e-01,-1.055474197274176795e+01,4.985000000000000142e+01,4.957999999999999829e+01,6.000000000000000000e+01,0.000000000000000000e+00
2.661000000000000000e+03,1.361681956254760628e+01,8.073868687600188609e-01,2.253198871556822525e+01,8.321622959715266887e-01,-1.055471831775216707e+01,4.985000000000000142e+01,4.957999999999999829e+01,6.000000000000000000e+01,0.000000000000000000e+00
2.662000000000000000e+03,1.301614846097645817e+01,5.173256603536411369e-01,2.253508428672365937e+01,5.184333430223893036e-01,-1.055469482912323365e+01,4.985000000000000142e+01,4.967699999999999960e+01,6.000000000000000000e+01,0.000000000000000000e+00
2.663000000000000000e+03,1.280885751511262960e+01,4.216353647968886231e-01,2.253760726668271275e+01,4.042863893180140278e-01,-1.055467150568498447e+01,4.985000000000000142e+01,4.970900000000000318e+01,6.000000000000000000e+01,0.000000000000000000e+00
2.664000000000000000e+03,1.279375280078603261e+01,4.216353647968886231e-01,2.254013024664176612e+01,3.866355356230497531e-01,-1.055464834627567150e+01,4.985000000000000142e+01,4.970900000000000318e+01,6.000000000000000000e+01,0.000000000000000000e+00
2.665000000000000000e+03,1.315496937251369758e+01,6.130159559103725009e-01,2.254379840899358101e+01,5.527803573514527002e-01,-1.055462534974170907e+01,4.985000000000000142e+01,4.964500000000000313e+01,6.000000000000000000e+01,0.000000000000000000e+00
2.666000000000000000e+03,1.294675096320940888e+01,5.173256603536411369e-01,2.254689398014901514e+01,4.371338376443840712e-01,-1.055460251493763302e+01,4.985000000000000142e+01,4.967699999999999960e+01,6.000000000000000000e+01,0.000000000000000000e+00
2.667000000000000000e+03,1.274300884619392349e+01,4.216353647968886231e-01,2.254941696010806851e+01,3.265363620149962509e-01,-1.055457984072602784e+01,4.985000000000000142e+01,4.970900000000000318e+01,6.000000000000000000e+01,0.000000000000000000e+00
2.668000000000000000e+03,1.273129799761543346e+01,4.216353647968886231e-01,2.255193994006712188e+01,3.122800187289034302e-01,-1.055455732597747875e+01,4.985000000000000142e+01,4.970900000000000318e+01,6.000000000000000000e+01,0.000000000000000000e+00
2.669000000000000000e+03,1.290798482507538125e+01,5.173256603536411369e-01,2.255503551122255601e+01,3.901586230697037805e-01,-1.055453496957051840e+01,4.985000000000000142e+01,4.967699999999999960e+01,6.000000000000000000e+01,0.000000000000000000e+00
2.670000000000000000e+03,1.289406854985298878e+01,5.173256603536411369e-01,2.255813108237799014e+01,3.731245775129166109e-01,-1.055451277039156111e+01,4.985000000000000142e+01,4.967699999999999960e+01,6.000000000000000000e+01,0.000000000000000000e+00
2.671000000000000000e+03,1.269312040005533149e+01,4.216353647968886231e-01,2.256065406233704351e+01,2.653217002562548998e-01,-1.055449072733485494e+01,4.985000000000000142e+01,4.970900000000000318e+01,6.000000000000000000e+01,0.000000000000000000e+00
2.672000000000000000e+03,1.268408151297353115e+01,4.216353647968886231e-01,2.256317704229609689e+01,2.537379451829706589e-01,-1.055446883930242308e+01,4.985000000000000142e+01,4.970900000000000318e+01,6.000000000000000000e+01,0.000000000000000000e+00
2.673000000000000000e+03,1.324474243002071461e+01,7.116965732032662917e-01,2.256743568931917920e+01,5.200572727022806374e-01,-1.055444710520401230e+01,4.985000000000000142e+01,4.961200000000000188e+01,6.000000000000000000e+01,0.000000000000000000e+00
2.674000000000000000e+03,1.322631733088918793e+01,7.116965732032662917e-01,2.257169433634226152e+01,4.973519453006958191e-01,-1.055442552395703615e+01,4.985000000000000142e+01,4.961200000000000188e+01,6.000000000000000000e+01,0.000000000000000000e+00
2.675000000000000000e+03,1.320888337828519887e+01,7.116965732032662917e-01,2.257595298336534384e+01,4.756379162031120211e-01,-1.055440409448652339e+01,4.985000000000000142e+01,4.961200000000000188e+01,6.000000000000000000e+01,0.000000000000000000e+00
2.676000000000000000e+03,1.299875389959717431e+01,6.130159559103725009e-01,2.257962114571715873e+01,3.604996136947028473e-01,-1.055438281572506121e+01,4.985000000000000142e+01,4.964500000000000313e+01,6.000000000000000000e+01,0.000000000000000000e+00
2.677000000000000000e+03,1.279892862391384689e+01,5.173256603536411369e-01,2.258271671687259285e+01,2.532479333003536115e-01,-1.055436168661274188e+01,4.985000000000000142e+01,4.967699999999999960e+01,6.000000000000000000e+01,0.000000000000000000e+00
2.678000000000000000e+03,1.317240735948121966e+01,7.116965732032662917e-01,2.258697536389567517e+01,4.280761284793941357e-01,-1.055434070609711483e+01,4.985000000000000142e+01,4.961200000000000188e+01,6.000000000000000000e+01,0.000000000000000000e+00
2.679000000000000000e+03,1.221325229788122613e+01,2.302547736834046899e-01,2.258835316146196703e+01,-5.103576413101684750e-02,-1.055431987313313158e+01,4.985000000000000142e+01,4.977300000000000324e+01,6.000000000000000000e+01,0.000000000000000000e+00
2.680000000000000000e+03,1.183546015977612953e+01,3.588386083377956282e-02,2.258856788316061071e+01,-2.346923975351734859e-01,-1.055429918668308886e+01,4.985000000000000142e+01,4.983800000000000097e+01,6.000000000000000000e+01,0.000000000000000000e+00
2.681000000000000000e+03,1.279068696908200486e+01,5.173256603536411369e-01,2.259166345431604483e+01,2.359765001289055864e-01,-1.055427864571658780e+01,4.985000000000000142e+01,4.967699999999999960e+01,6.000000000000000000e+01,0.000000000000000000e+00
2.682000000000000000e+03,1.278350037205358092e+01,5.173256603536411369e-01,2.259475902547147896e+01,2.256739354389311614e-01,-1.055425824921046996e+01,4.985000000000000142e+01,4.967699999999999960e+01,6.000000000000000000e+01,0.000000000000000000e+00
2.683000000000000000e+03,1.240121260884211729e+01,3.259450692401572591e-01,2.259670941423415158e+01,3.279612151658498065e-02,-1.055423799614877645e+01,4.985000000000000142e+01,4.974099999999999966e+01,6.000000000000000000e+01,0.000000000000000000e+00
2.684000000000000000e+03,1.296507749107744623e+01,6.130159559103725009e-01,2.260037757658596647e+01,3.059018441037966163e-01,-1.055421788552269113e+01,4.985000000000000142e+01,4.964500000000000313e+01,6.000000000000000000e+01,0.000000000000000000e+00
2.685000000000000000e+03,1.220430851694031915e+01,2.302547736834046899e-01,2.260175537415225833e+01,-7.350371456485066401e-02,-1.055419791633049442e+01,4.985000000000000142e+01,4.977300000000000324e+01,6.000000000000000000e+01,0.000000000000000000e+00
2.686000000000000000e+03,1.145194563041284219e+01,-1.554967302797043427e-01,2.260082491345814049e+01,-4.392044651880805395e-01,-1.055417808757751352e+01,4.985000000000000142e+01,4.990200000000000102e+01,6.000000000000000000e+01,0.000000000000000000e+00
2.687000000000000000e+03,1.184576103617623133e+01,3.588386083377956282e-02,2.260103963515678416e+01,-2.370040615382683347e-01,-1.055415839827606561e+01,4.985000000000000142e+01,4.983800000000000097e+01,6.000000000000000000e+01,0.000000000000000000e+00
2.688000000000000000e+03,1.185634273598939004e+01,3.588386083377956282e-02,2.260125435685542783e+01,-2.266566342544038271e-01,-1.055413884744541519e+01,4.985000000000000142e+01,4.983800000000000097e+01,6.000000000000000000e+01,0.000000000000000000e+00
2.689000000000000000e+03,1.167869712439373409e+01,-5.980643472295177343e-02,2.260089648735769075e+01,-3.082734941292781805e-01,-1.055411943411172793e+01,4.985000000000000142e+01,4.986999999999999744e+01,6.000000000000000000e+01,0.000000000000000000e+00
2.690000000000000000e+03,1.169181753127694101e+01,-5.980643472295177343e-02,2.260053861785995366e+01,-2.948144945520473903e-01,-1.055410015730801554e+01,4.985000000000000142e+01,4.986999999999999744e+01,6.000000000000000000e+01,0.000000000000000000e+00
2.691000000000000000e+03,1.151657477966458742e+01,-1.554967302797043427e-01,2.259960815716583582e+01,-3.734556311474496737e-01,-1.055408101607409321e+01,4.985000000000000142e+01,4.990200000000000102e+01,6.000000000000000000e+01,0.000000000000000000e+00
2.692000000000000000e+03,1.153196813050136704e+01,-1.554967302797043427e-01,2.259867769647171798e+01,-3.571508262341211992e-01,-1.055406200945652451e+01,4.985000000000000142e+01,4.990200000000000102e+01,6.000000000000000000e+01,0.000000000000000000e+00
2.693000000000000000e+03,1.154664949158418707e+01,-1.554967302797043427e-01,2.259774723577760014e+01,-3.415578774051283295e-01,-1.055404313650857873e+01,4.985000000000000142e+01,4.990200000000000102e+01,6.000000000000000000e+01,0.000000000000000000e+00
2.694000000000000000e+03,1.156064994297902615e+01,-1.554967302797043427e-01,2.259681677508348230e+01,-3.266457055345631244e-01,-1.055402439629018829e+01,4.985000000000000142e+01,4.990200000000000102e+01,6.000000000000000000e+01,0.000000000000000000e+00
2.695000000000000000e+03,1.157399920785291236e+01,-1.554967302797043427e-01,2.259588631438936446e+01,-3.123845883888565211e-01,-1.055400578786789190e+01,4.985000000000000142e+01,4.990200000000000102e+01,6.000000000000000000e+01,0.000000000000000000e+00
2.696000000000000000e+03,1.120530690474807045e+01,-3.498676431293294975e-01,2.259379277782759843e+01,-4.846309196354071647e-01,-1.055398731031479187e+01,4.985000000000000142e+01,4.996699999999999875e+01,6.000000000000000000e+01,0.000000000000000000e+00
2.697000000000000000e+03,1.103661494137391941e+01,-4.455579386860820668e-01,2.259112665006945164e+01,-5.549848072989339576e-01,-1.055396896271051688e+01,4.985000000000000142e+01,4.999900000000000233e+01,6.000000000000000000e+01,0.000000000000000000e+00
2.698000000000000000e+03,1.162739149031528285e+01,-1.554967302797043427e-01,2.259019618937533380e+01,-2.533572246391859184e-01,-1.055395074414116152e+01,4.985000000000000142e+01,4.990200000000000102e+01,6.000000000000000000e+01,0.000000000000000000e+00
2.699000000000000000e+03,1.088057088242698178e+01,-5.412482342428134308e-01,2.258695747042080626e+01,-6.112057000517587824e-01,-1.055393265369925082e+01,4.985000000000000142e+01,5.003099999999999881e+01,6.000000000000000000e+01,0.000000000000000000e+00
2.700000000000000000e+03,1.127958575435279442e+01,-3.498676431293294975e-01,2.258486393385904023e+01,-4.014958458932285090e-01,-1.055391469048368691e+01,4.985000000000000142e+01,4.996699999999999875e+01,6.000000000000000000e+01,0.000000000000000000e+00
2.701000000000000000e+03,1.110726366258553277e+01,-4.455579386860820668e-01,2.258219780610089344e+01,-4.754793512295604763e-01,-1.055389685359971885e+01,4.985000000000000142e+01,4.999900000000000233e+01,6.000000000000000000e+01,0.000000000000000000e+00
2.702000000000000000e+03,1.112537433360155426e+01,-4.455579386860820668e-01,2.257953167834274666e+01,-4.547202638962299925e-01,-1.055387914215887868e+01,4.985000000000000142e+01,4.999900000000000233e+01,6.000000000000000000e+01,0.000000000000000000e+00
2.703000000000000000e+03,1.133035396585830945e+01,-3.498676431293294975e-01,2.257743814178098063e+01,-3.433549775143895921e-01,-1.055386155527895120e+01,4.985000000000000142e+01,4.996699999999999875e+01,6.000000000000000000e+01,0.000000000000000000e+00
2.704000000000000000e+03,1.172468733143039010e+01,-1.554967302797043427e-01,2.257650768108686279e+01,-1.424795272928414402e-01,-1.055384409208392604e+01,4.985000000000000142e+01,4.990200000000000102e+01,6.000000000000000000e+01,0.000000000000000000e+00
2.705000000000000000e+03,1.172999476505331096e+01,-1.554967302797043427e-01,2.257557722039274495e+01,-1.362589733557773020e-01,-1.055382675170395324e+01,4.985000000000000142e+01,4.990200000000000102e+01,6.000000000000000000e+01,0.000000000000000000e+00
2.706000000000000000e+03,1.173503049180306945e+01,-1.554967302797043427e-01,2.257464675969862711e+01,-1.303100043405552577e-01,-1.055380953327529880e+01,4.985000000000000142e+01,4.990200000000000102e+01,6.000000000000000000e+01,0.000000000000000000e+00
2.707000000000000000e+03,1.173980636974015823e+01,-1.554967302797043427e-01,2.257371629900450927e+01,-1.246207630443412484e-01,-1.055379243594030569e+01,4.985000000000000142e+01,4.990200000000000102e+01,6.000000000000000000e+01,0.000000000000000000e+00
2.708000000000000000e+03,1.174433373924207125e+01,-1.554967302797043427e-01,2.257278583831039143e+01,-1.191799099412697849e-01,-1.055377545884734580e+01,4.985000000000000142e+01,4.990200000000000102e+01,6.000000000000000000e+01,0.000000000000000000e+00
2.709000000000000000e+03,1.174862344560474803e+01,-1.554967302797043427e-01,2.257185537761627359e+01,-1.139766005810388949e-01,-1.055375860115078090e+01,4.985000000000000142e+01,4.990200000000000102e+01,6.000000000000000000e+01,0.000000000000000000e+00
2.710000000000000000e+03,1.175268586065726240e+01,-1.554967302797043427e-01,2.257092491692215575e+01,-1.090004639742662707e-01,-1.055374186201092357e+01,4.985000000000000142e+01,4.990200000000000102e+01,6.000000000000000000e+01,0.000000000000000000e+00
2.711000000000000000e+03,1.137511209646597266e+01,-3.498676431293294975e-01,2.256883138036038972e+01,-2.901264001711001406e-01,-1.055372524059398742e+01,4.985000000000000142e+01,4.996699999999999875e+01,6.000000000000000000e+01,0.000000000000000000e+00
2.712000000000000000e+03,1.138570177490112556e+01,-3.498676431293294975e-01,2.256673784379862369e+01,-2.774596896961191161e-01,-1.055370873607204985e+01,4.985000000000000142e+01,4.996699999999999875e+01,6.000000000000000000e+01,0.000000000000000000e+00
2.713000000000000000e+03,1.158351373043259258e+01,-2.541773475725981335e-01,2.256521689843323841e+01,-1.738334728050366373e-01,-1.055369234762301289e+01,4.985000000000000142e+01,4.993500000000000227e+01,6.000000000000000000e+01,0.000000000000000000e+00
2.714000000000000000e+03,1.178324189726858329e+01,-1.554967302797043427e-01,2.256428643773912057e+01,-7.187173576027262867e-02,-1.055367607443056066e+01,4.985000000000000142e+01,4.990200000000000102e+01,6.000000000000000000e+01,0.000000000000000000e+00
2.715000000000000000e+03,1.178546546373850923e+01,-1.554967302797043427e-01,2.256335597704500273e+01,-6.873386734266972997e-02,-1.055365991568412021e+01,4.985000000000000142e+01,4.990200000000000102e+01,6.000000000000000000e+01,0.000000000000000000e+00
2.716000000000000000e+03,1.178755191948350856e+01,-1.554967302797043427e-01,2.256242551635088489e+01,-6.573299600885831873e-02,-1.055364387057881359e+01,4.985000000000000142e+01,4.990200000000000102e+01,6.000000000000000000e+01,0.000000000000000000e+00
2.717000000000000000e+03,1.178950724649718573e+01,-1.554967302797043427e-01,2.256149505565676705e+01,-6.286314056445112264e-02,-1.055362793831542412e+01,4.985000000000000142e+01,4.990200000000000102e+01,6.000000000000000000e+01,0.000000000000000000e+00
2.718000000000000000e+03,1.179133716563286960e+01,-1.554967302797043427e-01,2.256056459496264921e+01,-6.011858094971649774e-02,-1.055361211810035904e+01,4.985000000000000142e+01,4.990200000000000102e+01,6.000000000000000000e+01,0.000000000000000000e+00
2.719000000000000000e+03,1.179304714800459664e+01,-1.554967302797043427e-01,2.255963413426853137e+01,-5.749384683862672485e-02,-1.055359640914560515e+01,4.985000000000000142e+01,4.990200000000000102e+01,6.000000000000000000e+01,0.000000000000000000e+00
2.720000000000000000e+03,1.160099903158409163e+01,-2.541773475725981335e-01,2.255811318890314610e+01,-1.493559990777624247e-01,-1.055358081066869502e+01,4.985000000000000142e+01,4.993500000000000227e+01,6.000000000000000000e+01,0.000000000000000000e+00
2.721000000000000000e+03,1.179965774506254306e+01,-1.554967302797043427e-01,2.255718272820902826e+01,-4.846293097412025797e-02,-1.055356532189265906e+01,4.985000000000000142e+01,4.990200000000000102e+01,6.000000000000000000e+01,0.000000000000000000e+00
2.722000000000000000e+03,1.180085852101080768e+01,-1.554967302797043427e-01,2.255625226751491041e+01,-4.634707417840588234e-02,-1.055354994204599173e+01,4.985000000000000142e+01,4.990200000000000102e+01,6.000000000000000000e+01,0.000000000000000000e+00
2.723000000000000000e+03,1.180196681200613718e+01,-1.554967302797043427e-01,2.255532180682079257e+01,-4.432359417233226045e-02,-1.055353467036261783e+01,4.985000000000000142e+01,4.990200000000000102e+01,6.000000000000000000e+01,0.000000000000000000e+00
2.724000000000000000e+03,1.160934325760732655e+01,-2.541773475725981335e-01,2.255380086145540730e+01,-1.367607501936398684e-01,-1.055351950608184275e+01,4.985000000000000142e+01,4.993500000000000227e+01,6.000000000000000000e+01,0.000000000000000000e+00
2.725000000000000000e+03,1.161380824610740881e+01,-2.541773475725981335e-01,2.255227991609002203e+01,-1.307898739616857042e-01,-1.055350444844833113e+01,4.985000000000000142e+01,4.993500000000000227e+01,6.000000000000000000e+01,0.000000000000000000e+00
2.726000000000000000e+03,1.181165583884414083e+01,-1.554967302797043427e-01,2.255134945539590419e+01,-3.070738956000558517e-02,-1.055348949671205183e+01,4.985000000000000142e+01,4.990200000000000102e+01,6.000000000000000000e+01,0.000000000000000000e+00
2.727000000000000000e+03,1.181208088733043837e+01,-1.554967302797043427e-01,2.255041899470178635e+01,-2.936672696339370087e-02,-1.055347465012825126e+01,4.985000000000000142e+01,4.990200000000000102e+01,6.000000000000000000e+01,0.000000000000000000e+00
2.728000000000000000e+03,1.181244729903667867e+01,-1.554967302797043427e-01,2.254948853400766851e+01,-2.808459673386700522e-02,-1.055345990795741962e+01,4.985000000000000142e+01,4.990200000000000102e+01,6.000000000000000000e+01,0.000000000000000000e+00
2.729000000000000000e+03,1.124356341055086084e+01,-4.455579386860820668e-01,2.254682240624952172e+01,-3.042557875473451134e-01,-1.055344526946523409e+01,4.985000000000000142e+01,4.999900000000000233e+01,6.000000000000000000e+01,0.000000000000000000e+00
2.730000000000000000e+03,1.144197082038647117e+01,-3.498676431293294975e-01,2.254472886968775569e+01,-1.994596722494080265e-01,-1.055343073392254816e+01,4.985000000000000142e+01,4.996699999999999875e+01,6.000000000000000000e+01,0.000000000000000000e+00
2.731000000000000000e+03,9.934660718750162545e+00,-1.121370651055568768e+00,2.253801881660517026e+01,-9.285711461941023037e-01,-1.055341630060533831e+01,4.985000000000000142e+01,5.022500000000000142e+01,6.000000000000000000e+01,0.000000000000000000e+00
2.732000000000000000e+03,9.968505747500731928e+00,-1.121370651055568768e+00,2.253130876352258483e+01,-8.880303961716106143e-01,-1.055340196879467385e+01,4.985000000000000142e+01,5.022500000000000142e+01,6.000000000000000000e+01,0.000000000000000000e+00
2.733000000000000000e+03,1.000058069539935346e+01,-1.121370651055568768e+00,2.252459871043999939e+01,-8.492596262083986769e-01,-1.055338773777668138e+01,4.985000000000000142e+01,5.022500000000000142e+01,6.000000000000000000e+01,0.000000000000000000e+00
2.734000000000000000e+03,9.467636601232548799e+00,-1.408441537725784176e+00,2.251617088376827169e+01,-1.086719137967431914e+00,-1.055337360684250569e+01,4.985000000000000142e+01,5.032099999999999795e+01,6.000000000000000000e+01,0.000000000000000000e+00
2.735000000000000000e+03,8.937473964364718526e+00,-1.698502746132161789e+00,2.250600739003251505e+01,-1.316671104247355562e+00,-1.055335957528827784e+01,4.985000000000000142e+01,5.041799999999999926e+01,6.000000000000000000e+01,0.000000000000000000e+00
2.736000000000000000e+03,9.172584731904439792e+00,-1.602812450575430425e+00,2.249641648749313916e+01,-1.167673662598191830e+00,-1.055334564241507778e+01,4.985000000000000142e+01,5.038600000000000279e+01,6.000000000000000000e+01,0.000000000000000000e+00
2.737000000000000000e+03,8.457017826303394159e+00,-1.988563954538539402e+00,2.248451732669335357e+01,-1.485603738322516243e+00,-1.055333180752890421e+01,4.985000000000000142e+01,5.051500000000000057e+01,6.000000000000000000e+01,0.000000000000000000e+00
2.738000000000000000e+03,8.322217383772894550e+00,-2.084254250095270766e+00,2.247204557469718722e+01,-1.512255870888389753e+00,-1.055331806994063371e+01,4.985000000000000142e+01,5.054699999999999704e+01,6.000000000000000000e+01,0.000000000000000000e+00
2.739000000000000000e+03,8.757202086045586142e+00,-1.889883337245645611e+00,2.246073689856866906e+01,-1.260347046311445895e+00,-1.055330442896599230e+01,4.985000000000000142e+01,5.048199999999999932e+01,6.000000000000000000e+01,0.000000000000000000e+00
2.740000000000000000e+03,8.419513995773630910e+00,-2.084254250095270766e+00,2.244826514657250272e+01,-1.391206016778090193e+00,-1.055329088392551284e+01,4.985000000000000142e+01,5.054699999999999704e+01,6.000000000000000000e+01,0.000000000000000000e+00
2.741000000000000000e+03,8.467794750104808088e+00,-2.084254250095270766e+00,2.243579339457633637e+01,-1.330466960231746265e+00,-1.055327743414451191e+01,4.985000000000000142e+01,5.054699999999999704e+01,6.000000000000000000e+01,0.000000000000000000e+00
2.742000000000000000e+03,8.513423586215981942e+00,-2.084254250095270766e+00,2.242332164258017002e+01,-1.272379727315869236e+00,-1.055326407895304897e+01,4.985000000000000142e+01,5.054699999999999704e+01,6.000000000000000000e+01,0.000000000000000000e+00
2.743000000000000000e+03,8.556516281489484399e+00,-2.084254250095270766e+00,2.241084989058400367e+01,-1.216828541313352385e+00,-1.055325081768589790e+01,4.985000000000000142e+01,5.054699999999999704e+01,6.000000000000000000e+01,0.000000000000000000e+00
2.744000000000000000e+03,8.409408145913939592e+00,-2.179944545652023447e+00,2.239780554739145657e+01,-1.255215206142987983e+00,-1.055323764968250444e+01,4.985000000000000142e+01,5.057900000000000063e+01,6.000000000000000000e+01,0.000000000000000000e+00
2.745000000000000000e+03,8.638954086100671503e+00,-2.084254250095270766e+00,2.238533379539529022e+01,-1.108900884912383145e+00,-1.055322457428696481e+01,4.985000000000000142e+01,5.054699999999999704e+01,6.000000000000000000e+01,0.000000000000000000e+00
2.746000000000000000e+03,8.299358309256328781e+00,-2.275634841208754811e+00,2.237171686100636236e+01,-1.243512119693291451e+00,-1.055321159084798488e+01,4.985000000000000142e+01,5.061099999999999710e+01,6.000000000000000000e+01,0.000000000000000000e+00
2.747000000000000000e+03,8.146401719655582241e+00,-2.374315458501648379e+00,2.235750944194616707e+01,-1.283593565070082487e+00,-1.055319869871885530e+01,4.985000000000000142e+01,5.064399999999999835e+01,6.000000000000000000e+01,0.000000000000000000e+00
2.748000000000000000e+03,8.188247876170120065e+00,-2.374315458501648379e+00,2.234330202288597178e+01,-1.227552790956789597e+00,-1.055318589725741418e+01,4.985000000000000142e+01,5.064399999999999835e+01,6.000000000000000000e+01,0.000000000000000000e+00
2.749000000000000000e+03,7.852096417343091161e+00,-2.565696049615132424e+00,2.232794942143301498e+01,-1.356983768648778010e+00,-1.055317318582601516e+01,4.985000000000000142e+01,5.070799999999999841e+01,6.000000000000000000e+01,0.000000000000000000e+00
2.750000000000000000e+03,8.465195595298524722e+00,-2.275634841208754811e+00,2.231433248704408712e+01,-1.020341486745310888e+00,-1.055316056379149359e+01,4.985000000000000142e+01,5.061099999999999710e+01,6.000000000000000000e+01,0.000000000000000000e+00
2.751000000000000000e+03,8.871689396745821909e+00,-2.084254250095270766e+00,2.230186073504792077e+01,-7.927690576816891488e-01,-1.055314803052513994e+01,4.985000000000000142e+01,5.054699999999999704e+01,6.000000000000000000e+01,0.000000000000000000e+00
2.752000000000000000e+03,8.893841818143862099e+00,-2.084254250095270766e+00,2.228938898305175442e+01,-7.581573294099586136e-01,-1.055313558540266428e+01,4.985000000000000142e+01,5.054699999999999704e+01,6.000000000000000000e+01,0.000000000000000000e+00
2.753000000000000000e+03,8.157513396506283598e+00,-2.470005754058401060e+00,2.227460897279517837e+01,-1.093966594426322603e+00,-1.055312322780416956e+01,4.985000000000000142e+01,5.067600000000000193e+01,6.000000000000000000e+01,0.000000000000000000e+00
2.754000000000000000e+03,8.190507453566080898e+00,-2.470005754058401060e+00,2.225982896253860233e+01,-1.046204797799999753e+00,-1.055311095711411795e+01,4.985000000000000142e+01,5.067600000000000193e+01,6.000000000000000000e+01,0.000000000000000000e+00
2.755000000000000000e+03,8.602834985522404665e+00,-2.275634841208754811e+00,2.224621202814967447e+01,-8.146434286972129568e-01,-1.055309877272130059e+01,4.985000000000000142e+01,5.061099999999999710e+01,6.000000000000000000e+01,0.000000000000000000e+00
2.756000000000000000e+03,8.055602677824589719e+00,-2.565696049615132424e+00,2.223085942669671766e+01,-1.056474025238183456e+00,-1.055308667401880918e+01,4.985000000000000142e+01,5.070799999999999841e+01,6.000000000000000000e+01,0.000000000000000000e+00
2.757000000000000000e+03,8.086386987941747151e+00,-2.565696049615132424e+00,2.221550682524376086e+01,-1.010349127282885728e+00,-1.055307466040399689e+01,4.985000000000000142e+01,5.070799999999999841e+01,6.000000000000000000e+01,0.000000000000000000e+00
2.758000000000000000e+03,8.490708258939259068e+00,-2.374315458501648379e+00,2.220129940618356557e+01,-7.832129574641925052e-01,-1.055306273127846417e+01,4.985000000000000142e+01,5.064399999999999835e+01,6.000000000000000000e+01,0.000000000000000000e+00
2.759000000000000000e+03,8.892126007868796478e+00,-2.179944545652023447e+00,2.218825506299101846e+01,-5.631336234221840931e-01,-1.055305088604801256e+01,4.985000000000000142e+01,5.057900000000000063e+01,6.000000000000000000e+01,0.000000000000000000e+00
2.760000000000000000e+03,8.334485216942262298e+00,-2.470005754058401060e+00,2.217347505273444241e+01,-8.159449576111550417e-01,-1.055303912412262335e+01,4.985000000000000142e+01,5.067600000000000193e+01,6.000000000000000000e+01,0.000000000000000000e+00
2.761000000000000000e+03,9.112310089614664932e+00,-2.084254250095270766e+00,2.216100330073827607e+01,-4.114115161119091257e-01,-1.055302744491643274e+01,4.985000000000000142e+01,5.054699999999999704e+01,6.000000000000000000e+01,0.000000000000000000e+00
2.762000000000000000e+03,9.117811866305972401e+00,-2.084254250095270766e+00,2.214853154874210972e+01,-3.934495844931758524e-01,-1.055301584784769098e+01,4.985000000000000142e+01,5.054699999999999704e+01,6.000000000000000000e+01,0.000000000000000000e+00
2.763000000000000000e+03,9.122529356390128186e+00,-2.084254250095270766e+00,2.213605979674594337e+01,-3.762718579218002901e-01,-1.055300433233874458e+01,4.985000000000000142e+01,5.054699999999999704e+01,6.000000000000000000e+01,0.000000000000000000e+00
2.764000000000000000e+03,9.126496798270446575e+00,-2.084254250095270766e+00,2.212358804474977703e+01,-3.598440985680570470e-01,-1.055299289781600258e+01,4.985000000000000142e+01,5.054699999999999704e+01,6.000000000000000000e+01,0.000000000000000000e+00
2.765000000000000000e+03,9.129746935547137454e+00,-2.084254250095270766e+00,2.211111629275361068e+01,-3.441335634013020228e-01,-1.055298154370989927e+01,4.985000000000000142e+01,5.054699999999999704e+01,6.000000000000000000e+01,0.000000000000000000e+00
2.766000000000000000e+03,9.132311082279173320e+00,-2.084254250095270766e+00,2.209864454075744433e+01,-3.291089389281168787e-01,-1.055297026945488525e+01,4.985000000000000142e+01,5.054699999999999704e+01,6.000000000000000000e+01,0.000000000000000000e+00
2.767000000000000000e+03,9.134219185396883489e+00,-2.084254250095270766e+00,2.208617278876127799e+01,-3.147402787797395352e-01,-1.055295907448938308e+01,4.985000000000000142e+01,5.054699999999999704e+01,6.000000000000000000e+01,0.000000000000000000e+00
2.768000000000000000e+03,9.135499884389691516e+00,-2.084254250095270766e+00,2.207370103676511164e+01,-3.009989440243824310e-01,-1.055294795825576770e+01,4.985000000000000142e+01,5.054699999999999704e+01,6.000000000000000000e+01,0.000000000000000000e+00
2.769000000000000000e+03,9.136180568387871404e+00,-2.084254250095270766e+00,2.206122928476894529e+01,-2.878575460854724266e-01,-1.055293692020033092e+01,4.985000000000000142e+01,5.054699999999999704e+01,6.000000000000000000e+01,0.000000000000000000e+00
2.770000000000000000e+03,9.136287430752208394e+00,-2.084254250095270766e+00,2.204875753277277894e+01,-2.752898921520390840e-01,-1.055292595977326187e+01,4.985000000000000142e+01,5.054699999999999704e+01,6.000000000000000000e+01,0.000000000000000000e+00
2.771000000000000000e+03,9.135845521280275605e+00,-2.084254250095270766e+00,2.203628578077661260e+01,-2.632709329724463587e-01,-1.055291507642862037e+01,4.985000000000000142e+01,5.054699999999999704e+01,6.000000000000000000e+01,0.000000000000000000e+00
2.772000000000000000e+03,9.704073015760902976e+00,-1.794193041688914469e+00,2.202554969584447520e+01,2.562063122963842421e-02,-1.055290426962429784e+01,4.985000000000000142e+01,5.045000000000000284e+01,6.000000000000000000e+01,0.000000000000000000e+00
2.773000000000000000e+03,9.123034863626125812e+00,-2.084254250095270766e+00,2.201307794384830885e+01,-2.528952913049085094e-01,-1.055289353882200309e+01,4.985000000000000142e+01,5.054699999999999704e+01,6.000000000000000000e+01,0.000000000000000000e+00
2.774000000000000000e+03,9.121614993938754523e+00,-2.084254250095270766e+00,2.200060619185214250e+01,-2.418540643308857985e-01,-1.055288288348723036e+01,4.985000000000000142e+01,5.054699999999999704e+01,6.000000000000000000e+01,0.000000000000000000e+00
2.775000000000000000e+03,9.119712997266656629e+00,-2.084254250095270766e+00,2.198813443985597615e+01,-2.312948894048187931e-01,-1.055287230308923085e+01,4.985000000000000142e+01,5.054699999999999704e+01,6.000000000000000000e+01,0.000000000000000000e+00
2.776000000000000000e+03,9.117349920183398737e+00,-2.084254250095270766e+00,2.197566268785980981e+01,-2.211967204801507936e-01,-1.055286179710098970e+01,4.985000000000000142e+01,5.054699999999999704e+01,6.000000000000000000e+01,0.000000000000000000e+00
2.777000000000000000e+03,9.683740110030992554e+00,-1.794193041688914469e+00,2.196492660292767241e+01,6.585791379143321467e-02,-1.055285136499919929e+01,4.985000000000000142e+01,5.045000000000000284e+01,6.000000000000000000e+01,0.000000000000000000e+00
2.778000000000000000e+03,9.100944854941218409e+00,-2.084254250095270766e+00,2.195245485093150606e+01,-2.144147396307877762e-01,-1.055284100626423083e+01,4.985000000000000142e+01,5.054699999999999704e+01,6.000000000000000000e+01,0.000000000000000000e+00
2.779000000000000000e+03,9.097844582525679513e+00,-2.084254250095270766e+00,2.193998309893533971e+01,-2.050535459342819611e-01,-1.055283072038010950e+01,4.985000000000000142e+01,5.054699999999999704e+01,6.000000000000000000e+01,0.000000000000000000e+00
2.780000000000000000e+03,9.282110947431794656e+00,-1.988563954538539402e+00,2.192808393813555412e+01,-1.045885293307298597e-01,-1.055282050683449135e+01,4.985000000000000142e+01,5.051500000000000057e+01,6.000000000000000000e+01,0.000000000000000000e+00
2.781000000000000000e+03,9.274788188499492492e+00,-1.988563954538539402e+00,2.191618477733576853e+01,-1.000222691791023966e-01,-1.055281036511863491e+01,4.985000000000000142e+01,5.051500000000000057e+01,6.000000000000000000e+01,0.000000000000000000e+00
2.782000000000000000e+03,9.079490585939932856e+00,-2.084254250095270766e+00,2.190371302533960218e+01,-1.871678945770243740e-01,-1.055280029472737624e+01,4.985000000000000142e+01,5.054699999999999704e+01,6.000000000000000000e+01,0.000000000000000000e+00
2.783000000000000000e+03,9.456619256469091184e+00,-1.889883337245645611e+00,2.189240434921108402e+01,6.888539662756126836e-03,-1.055279029515910416e+01,4.985000000000000142e+01,5.048199999999999932e+01,6.000000000000000000e+01,0.000000000000000000e+00
2.784000000000000000e+03,9.820570586205795038e+00,-1.698502746132161789e+00,2.188224085547532738e+01,1.896128427783615733e-01,-1.055278036591573532e+01,4.985000000000000142e+01,5.041799999999999926e+01,6.000000000000000000e+01,0.000000000000000000e+00
2.785000000000000000e+03,9.614363178547950639e+00,-1.794193041688914469e+00,2.187150477054318998e+01,8.982195619636192119e-02,-1.055277050650268933e+01,4.985000000000000142e+01,5.045000000000000284e+01,6.000000000000000000e+01,0.000000000000000000e+00
2.786000000000000000e+03,1.016304155950835586e+01,-1.507122155018677967e+00,2.186248645920019484e+01,3.604379717557023022e-01,-1.055276071642886215e+01,4.985000000000000142e+01,5.035399999999999920e+01,6.000000000000000000e+01,0.000000000000000000e+00
2.787000000000000000e+03,9.387194855501137525e+00,-1.889883337245645611e+00,2.185117778307167669e+01,-2.134859511828546275e-02,-1.055275099520660653e+01,4.985000000000000142e+01,5.048199999999999932e+01,6.000000000000000000e+01,0.000000000000000000e+00
2.788000000000000000e+03,1.050934835418273217e+01,-1.312751242169052812e+00,2.184332254759632974e+01,5.315183911071593714e-01,-1.055274134235170358e+01,4.985000000000000142e+01,5.028900000000000148e+01,6.000000000000000000e+01,0.000000000000000000e+00
2.789000000000000000e+03,1.047829699206759457e+01,-1.312751242169052812e+00,2.183546731212098280e+01,5.083126794990064923e-01,-1.055273175738334146e+01,4.985000000000000142e+01,5.028900000000000148e+01,6.000000000000000000e+01,0.000000000000000000e+00
2.790000000000000000e+03,1.006683990029595321e+01,-1.507122155018677967e+00,2.182644900077798766e+01,3.002352943607285995e-01,-1.055272223982408519e+01,4.985000000000000142e+01,5.035399999999999920e+01,6.000000000000000000e+01,0.000000000000000000e+00
2.791000000000000000e+03,9.856947569374058915e+00,-1.602812450575430425e+00,2.181685809823861177e+01,1.956147109107428395e-01,-1.055271278919986422e+01,4.985000000000000142e+01,5.038600000000000279e+01,6.000000000000000000e+01,0.000000000000000000e+00
2.792000000000000000e+03,1.002660106572423082e+01,-1.507122155018677967e+00,2.180783978689561664e+01,2.785868388872264068e-01,-1.055270340503993332e+01,4.985000000000000142e+01,5.035399999999999920e+01,6.000000000000000000e+01,0.000000000000000000e+00
2.793000000000000000e+03,1.076239880332377652e+01,-1.121370651055568768e+00,2.180112973381303121e+01,6.353338074431778004e-01,-1.055269408687686550e+01,4.985000000000000142e+01,5.022500000000000142e+01,6.000000000000000000e+01,0.000000000000000000e+00
2.794000000000000000e+03,1.054018437200983449e+01,-1.217060946612300132e+00,2.179384708953406502e+01,5.160830633345863117e-01,-1.055268483424651826e+01,4.985000000000000142e+01,5.025699999999999790e+01,6.000000000000000000e+01,0.000000000000000000e+00
2.795000000000000000e+03,1.069815451167800191e+01,-1.121370651055568768e+00,2.178713703645147959e+01,5.850637729701020362e-01,-1.055267564668801228e+01,4.985000000000000142e+01,5.022500000000000142e+01,6.000000000000000000e+01,0.000000000000000000e+00
2.796000000000000000e+03,1.066591011697653890e+01,-1.121370651055568768e+00,2.178042698336889416e+01,5.595203084069260147e-01,-1.055266652374371539e+01,4.985000000000000142e+01,5.022500000000000142e+01,6.000000000000000000e+01,0.000000000000000000e+00
2.797000000000000000e+03,1.063478086745148943e+01,-1.121370651055568768e+00,2.177371693028630872e+01,5.350920531799526758e-01,-1.055265746495920354e+01,4.985000000000000142e+01,5.022500000000000142e+01,6.000000000000000000e+01,0.000000000000000000e+00
2.798000000000000000e+03,1.079836146862085045e+01,-1.022690033762674977e+00,2.176759736187499072e+01,6.061026103917895869e-01,-1.055264846988325544e+01,4.985000000000000142e+01,5.019200000000000017e+01,6.000000000000000000e+01,0.000000000000000000e+00
2.799000000000000000e+03,1.057214543260839612e+01,-1.121370651055568768e+00,2.176088730879240529e+01,4.852683129393824402e-01,-1.055263953806782418e+01,4.985000000000000142e+01,5.022500000000000142e+01,6.000000000000000000e+01,0.000000000000000000e+00
2.800000000000000000e+03,1.054425778214731402e+01,-1.121370651055568768e+00,2.175417725570981986e+01,4.640818465610706545e-01,-1.055263066906801050e+01,4.985000000000000142e+01,5.022500000000000142e+01,6.000000000000000000e+01,0.000000000000000000e+00
2.801000000000000000e+03,1.051729505523384312e+01,-1.121370651055568768e+00,2.174746720262723443e+01,4.438203661042183779e-01,-1.055262186244204337e+01,4.985000000000000142e+01,5.022500000000000142e+01,6.000000000000000000e+01,0.000000000000000000e+00
2.802000000000000000e+03,1.068486026239122033e+01,-1.022690033762674977e+00,2.174134763421591643e+01,5.188157796892415297e-01,-1.055261311775126210e+01,4.985000000000000142e+01,5.019200000000000017e+01,6.000000000000000000e+01,0.000000000000000000e+00
2.803000000000000000e+03,1.046245485815745013e+01,-1.121370651055568768e+00,2.173463758113333100e+01,4.017923626397754133e-01,-1.055260443456008801e+01,4.985000000000000142e+01,5.022500000000000142e+01,6.000000000000000000e+01,0.000000000000000000e+00
2.804000000000000000e+03,1.100740568054684232e+01,-8.313094426491911548e-01,2.172966319511477451e+01,6.616477405172694892e-01,-1.055259581243601019e+01,4.985000000000000142e+01,5.012800000000000011e+01,6.000000000000000000e+01,0.000000000000000000e+00
2.805000000000000000e+03,1.078577737771443879e+01,-9.269997382059224078e-01,2.172411621789983727e+01,5.412481489700754489e-01,-1.055258725094955352e+01,4.985000000000000142e+01,5.015999999999999659e+01,6.000000000000000000e+01,0.000000000000000000e+00
2.806000000000000000e+03,1.075660839591913209e+01,-9.269997382059224078e-01,2.171856924068490002e+01,5.176176431144202672e-01,-1.055257874967426623e+01,4.985000000000000142e+01,5.015999999999999659e+01,6.000000000000000000e+01,0.000000000000000000e+00
2.807000000000000000e+03,1.110402187058884671e+01,-7.356191470924384745e-01,2.171416744586272429e+01,6.780438800052572823e-01,-1.055257030818669683e+01,4.985000000000000142e+01,5.009599999999999653e+01,6.000000000000000000e+01,0.000000000000000000e+00
2.808000000000000000e+03,1.145144435552779250e+01,-5.412482342428134308e-01,2.171092872690819675e+01,8.343257889287787332e-01,-1.055256192606636922e+01,4.985000000000000142e+01,5.003099999999999881e+01,6.000000000000000000e+01,0.000000000000000000e+00
2.809000000000000000e+03,1.159956330706211247e+01,-4.455579386860820668e-01,2.170826259915004997e+01,8.894122494939128432e-01,-1.055255360289576672e+01,4.985000000000000142e+01,4.999900000000000233e+01,6.000000000000000000e+01,0.000000000000000000e+00
2.810000000000000000e+03,1.174584975591223035e+01,-3.498676431293294975e-01,2.170616906258828394e+01,9.420936747135816303e-01,-1.055254533826030716e+01,4.985000000000000142e+01,4.996699999999999875e+01,6.000000000000000000e+01,0.000000000000000000e+00
2.811000000000000000e+03,1.189040870460736699e+01,-2.541773475725981335e-01,2.170464811722289866e+01,9.924750667053908737e-01,-1.055253713174832697e+01,4.985000000000000142e+01,4.993500000000000227e+01,6.000000000000000000e+01,0.000000000000000000e+00
2.812000000000000000e+03,1.184556515869627447e+01,-2.541773475725981335e-01,2.170312717185751339e+01,9.491443173624122265e-01,-1.055252898295105268e+01,4.985000000000000142e+01,4.993500000000000227e+01,6.000000000000000000e+01,0.000000000000000000e+00
2.813000000000000000e+03,1.199625673921051039e+01,-1.554967302797043427e-01,2.170219671116339555e+01,1.002077649789408609e+00,-1.055252089146259031e+01,4.985000000000000142e+01,4.990200000000000102e+01,6.000000000000000000e+01,0.000000000000000000e+00
2.814000000000000000e+03,1.195158432186820363e+01,-1.554967302797043427e-01,2.170126625046927771e+01,9.583276585585305263e-01,-1.055251285687990048e+01,4.985000000000000142e+01,4.990200000000000102e+01,6.000000000000000000e+01,0.000000000000000000e+00
2.815000000000000000e+03,1.190882194124824167e+01,-1.554967302797043427e-01,2.170033578977515987e+01,9.164877605555615814e-01,-1.055250487880277532e+01,4.985000000000000142e+01,4.990200000000000102e+01,6.000000000000000000e+01,0.000000000000000000e+00
2.816000000000000000e+03,1.186788620444811926e+01,-1.554967302797043427e-01,2.169940532908104203e+01,8.764745624806026258e-01,-1.055249695683382072e+01,4.985000000000000142e+01,4.990200000000000102e+01,6.000000000000000000e+01,0.000000000000000000e+00
2.817000000000000000e+03,1.182869735945417489e+01,-1.554967302797043427e-01,2.169847486838692419e+01,8.382083119253960213e-01,-1.055248909057844031e+01,4.985000000000000142e+01,4.990200000000000102e+01,6.000000000000000000e+01,0.000000000000000000e+00
2.818000000000000000e+03,1.197895454884352695e+01,-5.980643472295177343e-02,2.169811699888918710e+01,8.931252643221052612e-01,-1.055248127964481419e+01,4.985000000000000142e+01,4.986999999999999744e+01,6.000000000000000000e+01,0.000000000000000000e+00
2.819000000000000000e+03,1.231516205241669049e+01,1.315741563905321321e-01,2.169890431178421153e+01,1.037157107885821716e+00,-1.055247352364387403e+01,4.985000000000000142e+01,4.980599999999999739e+01,6.000000000000000000e+01,0.000000000000000000e+00
2.820000000000000000e+03,1.283986975119076490e+01,4.216353647968886231e-01,2.170142729174326490e+01,1.269272916839903731e+00,-1.055246582218929063e+01,4.985000000000000142e+01,4.970900000000000318e+01,6.000000000000000000e+01,0.000000000000000000e+00
2.821000000000000000e+03,1.221779061392804699e+01,1.315741563905321321e-01,2.170221460463828933e+01,9.364600277966783626e-01,-1.055245817489745086e+01,4.985000000000000142e+01,4.980599999999999739e+01,6.000000000000000000e+01,0.000000000000000000e+00
2.822000000000000000e+03,1.237134374170607032e+01,2.302547736834046899e-01,2.170359240220458119e+01,9.899471472055189070e-01,-1.055245058138743630e+01,4.985000000000000142e+01,4.977300000000000324e+01,6.000000000000000000e+01,0.000000000000000000e+00
2.823000000000000000e+03,1.251728410984809337e+01,3.259450692401572591e-01,2.170554279096725381e+01,1.038239290921699087e+00,-1.055244304128101440e+01,4.985000000000000142e+01,4.974099999999999966e+01,6.000000000000000000e+01,0.000000000000000000e+00
2.824000000000000000e+03,1.284946402847251079e+01,5.173256603536411369e-01,2.170863836212268794e+01,1.175935560198788421e+00,-1.055243555420260648e+01,4.985000000000000142e+01,4.967699999999999960e+01,6.000000000000000000e+01,0.000000000000000000e+00
2.825000000000000000e+03,1.318264533815630735e+01,7.116965732032662917e-01,2.171289700914577026e+01,1.310479875586547660e+00,-1.055242811977927708e+01,4.985000000000000142e+01,4.961200000000000188e+01,6.000000000000000000e+01,0.000000000000000000e+00
2.826000000000000000e+03,1.256050253655010351e+01,4.216353647968886231e-01,2.171541998910482363e+01,9.758679202891094029e-01,-1.055242073764071620e+01,4.985000000000000142e+01,4.970900000000000318e+01,6.000000000000000000e+01,0.000000000000000000e+00
2.827000000000000000e+03,1.270820256614574717e+01,5.173256603536411369e-01,2.171851556026025776e+01,1.024774752951061352e+00,-1.055241340741921263e+01,4.985000000000000142e+01,4.967699999999999960e+01,6.000000000000000000e+01,0.000000000000000000e+00
2.828000000000000000e+03,1.266656448550028102e+01,5.173256603536411369e-01,2.172161113141569189e+01,9.800338224805970055e-01,-1.055240612874964867e+01,4.985000000000000142e+01,4.967699999999999960e+01,6.000000000000000000e+01,0.000000000000000000e+00
2.829000000000000000e+03,1.262687971058957714e+01,5.173256603536411369e-01,2.172470670257112602e+01,9.372462489342747727e-01,-1.055239890126946634e+01,4.985000000000000142e+01,4.967699999999999960e+01,6.000000000000000000e+01,0.000000000000000000e+00
2.830000000000000000e+03,1.297048176657864538e+01,7.116965732032662917e-01,2.172896534959420833e+01,1.082211568399833235e+00,-1.055239172461866382e+01,4.985000000000000142e+01,4.961200000000000188e+01,6.000000000000000000e+01,0.000000000000000000e+00
2.831000000000000000e+03,1.311527437181739053e+01,8.073868687600188609e-01,2.173379658781367141e+01,1.126475513683465213e+00,-1.055238459843976706e+01,4.985000000000000142e+01,4.957999999999999829e+01,6.000000000000000000e+01,0.000000000000000000e+00
2.832000000000000000e+03,1.288315616072119774e+01,7.116965732032662917e-01,2.173805523483675373e+01,9.857818750589975032e-01,-1.055237752237781912e+01,4.985000000000000142e+01,4.961200000000000188e+01,6.000000000000000000e+01,0.000000000000000000e+00
2.833000000000000000e+03,1.303215871730452236e+01,8.073868687600188609e-01,2.174288647305621680e+01,1.034255871568644292e+00,-1.055237049608035704e+01,4.985000000000000142e+01,4.957999999999999829e+01,6.000000000000000000e+01,0.000000000000000000e+00
2.834000000000000000e+03,1.280406665043941139e+01,7.116965732032662917e-01,2.174714512007929912e+01,8.975884763542416600e-01,-1.055236351919739413e+01,4.985000000000000142e+01,4.961200000000000188e+01,6.000000000000000000e+01,0.000000000000000000e+00
2.835000000000000000e+03,1.314469498171333051e+01,9.030771643167502249e-01,2.175254894949514295e+01,1.041425459282848021e+00,-1.055235659138141280e+01,4.985000000000000142e+01,4.954800000000000182e+01,6.000000000000000000e+01,0.000000000000000000e+00
2.836000000000000000e+03,1.272908697653947740e+01,7.116965732032662917e-01,2.175680759651822527e+01,8.129325191053189403e-01,-1.055234971228733443e+01,4.985000000000000142e+01,4.961200000000000188e+01,6.000000000000000000e+01,0.000000000000000000e+00
2.837000000000000000e+03,1.288563581640717359e+01,8.073868687600188609e-01,2.176163883473768834e+01,8.689529944819731622e-01,-1.055234288157250688e+01,4.985000000000000142e+01,4.957999999999999829e+01,6.000000000000000000e+01,0.000000000000000000e+00
2.838000000000000000e+03,1.285253597300958361e+01,8.073868687600188609e-01,2.176647007295715142e+01,8.310151301891002262e-01,-1.055233609889668855e+01,4.985000000000000142e+01,4.957999999999999829e+01,6.000000000000000000e+01,0.000000000000000000e+00
2.839000000000000000e+03,1.282109242184664133e+01,8.073868687600188609e-01,2.177130131117661449e+01,7.947336058320398910e-01,-1.055232936392203236e+01,4.985000000000000142e+01,4.957999999999999829e+01,6.000000000000000000e+01,0.000000000000000000e+00
2.840000000000000000e+03,1.279123284864060039e+01,8.073868687600188609e-01,2.177613254939607756e+01,7.600361067975659468e-01,-1.055232267631306442e+01,4.985000000000000142e+01,4.957999999999999829e+01,6.000000000000000000e+01,0.000000000000000000e+00
2.841000000000000000e+03,1.295066350897605822e+01,9.030771643167502249e-01,2.178153637881192140e+01,8.183660015840583668e-01,-1.055231603573667165e+01,4.985000000000000142e+01,4.954800000000000182e+01,6.000000000000000000e+01,0.000000000000000000e+00
2.842000000000000000e+03,1.273256924712839044e+01,8.073868687600188609e-01,2.178636761703138447e+01,6.911242031990695311e-01,-1.055230944186208397e+01,4.985000000000000142e+01,4.957999999999999829e+01,6.000000000000000000e+01,0.000000000000000000e+00
2.843000000000000000e+03,1.270723304599710346e+01,8.073868687600188609e-01,2.179119885525084754e+01,6.609502163470912794e-01,-1.055230289436085656e+01,4.985000000000000142e+01,4.957999999999999829e+01,6.000000000000000000e+01,0.000000000000000000e+00
2.844000000000000000e+03,1.287098958609625399e+01,9.030771643167502249e-01,2.179660268466669137e+01,7.236061300196681145e-01,-1.055229639290685739e+01,4.985000000000000142e+01,4.954800000000000182e+01,6.000000000000000000e+01,0.000000000000000000e+00
2.845000000000000000e+03,1.322622655373738709e+01,1.097448077166396585e+00,2.180316958995018339e+01,8.778988237970498654e-01,-1.055228993717624419e+01,4.985000000000000142e+01,4.948299999999999699e+01,6.000000000000000000e+01,0.000000000000000000e+00
2.846000000000000000e+03,1.281305262960036018e+01,9.030771643167502249e-01,2.180857341936602722e+01,6.536855727650342507e-01,-1.055228352684745374e+01,4.985000000000000142e+01,4.954800000000000182e+01,6.000000000000000000e+01,0.000000000000000000e+00
2.847000000000000000e+03,1.317134218812110369e+01,1.097448077166396585e+00,2.181514032464951924e+01,8.110309479063714244e-01,-1.055227716160118412e+01,4.985000000000000142e+01,4.948299999999999699e+01,6.000000000000000000e+01,0.000000000000000000e+00
2.848000000000000000e+03,1.351805720991000292e+01,1.288828668279880629e+00,2.182285241232577278e+01,9.586469704247307932e-01,-1.055227084112038050e+01,4.985000000000000142e+01,4.941899999999999693e+01,6.000000000000000000e+01,0.000000000000000000e+00
2.849000000000000000e+03,1.367169714734706076e+01,1.384518963836611771e+00,2.183113709119840706e+01,1.008305657402255973e+00,-1.055226456509021560e+01,4.985000000000000142e+01,4.938700000000000045e+01,6.000000000000000000e+01,0.000000000000000000e+00
2.850000000000000000e+03,1.363596615653697519e+01,1.384518963836611771e+00,2.183942177007104135e+01,9.642837558273988918e-01,-1.055225833319807727e+01,4.985000000000000142e+01,4.938700000000000045e+01,6.000000000000000000e+01,0.000000000000000000e+00
2.851000000000000000e+03,1.379580048084397426e+01,1.483199581129505562e+00,2.184829693361494307e+01,1.016556111233080761e+00,-1.055225214513355247e+01,4.985000000000000142e+01,4.935399999999999920e+01,6.000000000000000000e+01,0.000000000000000000e+00
2.852000000000000000e+03,1.376029967846334934e+01,1.483199581129505562e+00,2.185717209715884479e+01,9.721740007634087632e-01,-1.055224600058840956e+01,4.985000000000000142e+01,4.935399999999999920e+01,6.000000000000000000e+01,0.000000000000000000e+00
2.853000000000000000e+03,1.429006276195155678e+01,1.770270467799720970e+00,2.186776503429188523e+01,1.204267159116535035e+00,-1.055223989925658756e+01,4.985000000000000142e+01,4.925800000000000267e+01,6.000000000000000000e+01,0.000000000000000000e+00
2.854000000000000000e+03,1.519282936231216397e+01,2.251712267319582406e+00,2.188123882088171612e+01,1.612112114945038144e+00,-1.055223384083417315e+01,4.985000000000000142e+01,4.909700000000000131e+01,6.000000000000000000e+01,0.000000000000000000e+00
2.855000000000000000e+03,1.608067055136627488e+01,2.733154066839444063e+00,2.189759345692833747e+01,2.002150852617887722e+00,-1.055222782501939527e+01,4.985000000000000142e+01,4.893599999999999994e+01,6.000000000000000000e+01,0.000000000000000000e+00
2.856000000000000000e+03,1.657881291080159869e+01,3.023215275245821676e+00,2.191568376003898777e+01,2.192135727029389969e+00,-1.055222185151260206e+01,4.985000000000000142e+01,4.883899999999999864e+01,6.000000000000000000e+01,0.000000000000000000e+00
2.857000000000000000e+03,1.725817170464241102e+01,3.408966779208931097e+00,2.193608232141004777e+01,2.465338524039683232e+00,-1.055221592001625197e+01,4.985000000000000142e+01,4.871000000000000085e+01,6.000000000000000000e+01,0.000000000000000000e+00
2.858000000000000000e+03,1.754649206995865995e+01,3.600347370322414697e+00,2.195762606517386928e+01,2.540728664697272876e+00,-1.055221003023489423e+01,4.985000000000000142e+01,4.864600000000000080e+01,6.000000000000000000e+01,0.000000000000000000e+00
2.859000000000000000e+03,1.708156444615254799e+01,3.408966779208931097e+00,2.197802462654492928e+01,2.246777222273841357e+00,-1.055220418187515641e+01,4.985000000000000142e+01,4.871000000000000085e+01,6.000000000000000000e+01,0.000000000000000000e+00
2.860000000000000000e+03,1.719165154588057476e+01,3.504657074765683333e+00,2.199899577911237003e+01,2.240197066648250246e+00,-1.055219837464572485e+01,4.985000000000000142e+01,4.867799999999999727e+01,6.000000000000000000e+01,0.000000000000000000e+00
2.861000000000000000e+03,1.730259848083746022e+01,3.600347370322414697e+00,2.202053952287619154e+01,2.233904195896199152e+00,-1.055219260825734118e+01,4.985000000000000142e+01,4.864600000000000080e+01,6.000000000000000000e+01,0.000000000000000000e+00
2.862000000000000000e+03,1.742026069030467994e+01,3.699027987615308710e+00,2.204267375131128048e+01,2.230745833800870326e+00,-1.055218688242278091e+01,4.985000000000000142e+01,4.861299999999999955e+01,6.000000000000000000e+01,0.000000000000000000e+00
2.863000000000000000e+03,1.734500784169134135e+01,3.699027987615308710e+00,2.206480797974636943e+01,2.133353071186499861e+00,-1.055218119685683398e+01,4.985000000000000142e+01,4.861299999999999955e+01,6.000000000000000000e+01,0.000000000000000000e+00
2.864000000000000000e+03,1.746178246389271393e+01,3.794718283172040074e+00,2.208751479937783913e+01,2.131724932619130986e+00,-1.055217555127629936e+01,4.985000000000000142e+01,4.858100000000000307e+01,6.000000000000000000e+01,0.000000000000000000e+00
2.865000000000000000e+03,1.720364989562678915e+01,3.699027987615308710e+00,2.210964902781292807e+01,1.947142825598523475e+00,-1.055216994539996911e+01,4.985000000000000142e+01,4.861299999999999955e+01,6.000000000000000000e+01,0.000000000000000000e+00
2.866000000000000000e+03,1.694713543745455553e+01,3.600347370322414697e+00,2.213119277157674958e+01,1.767759674504006284e+00,-1.055216437894861237e+01,4.985000000000000142e+01,4.864600000000000080e+01,6.000000000000000000e+01,0.000000000000000000e+00
2.867000000000000000e+03,1.670373017678408445e+01,3.504657074765683333e+00,2.215216392414419033e+01,1.599068029519177481e+00,-1.055215885164496292e+01,4.985000000000000142e+01,4.867799999999999727e+01,6.000000000000000000e+01,0.000000000000000000e+00
2.868000000000000000e+03,1.684266806755515944e+01,3.600347370322414697e+00,2.217370766790801184e+01,1.620766392538434575e+00,-1.055215336321369968e+01,4.985000000000000142e+01,4.864600000000000080e+01,6.000000000000000000e+01,0.000000000000000000e+00
2.869000000000000000e+03,1.698709915760774791e+01,3.699027987615308710e+00,2.219584189634310079e+01,1.644377187030780840e+00,-1.055214791338144309e+01,4.985000000000000142e+01,4.861299999999999955e+01,6.000000000000000000e+01,0.000000000000000000e+00
2.870000000000000000e+03,1.693744646935025244e+01,3.699027987615308710e+00,2.221797612477818973e+01,1.572584858833488308e+00,-1.055214250187673386e+01,4.985000000000000142e+01,4.861299999999999955e+01,6.000000000000000000e+01,0.000000000000000000e+00
2.871000000000000000e+03,1.689092814457514180e+01,3.699027987615308710e+00,2.224011035321327867e+01,1.503926932176571363e+00,-1.055213712843002050e+01,4.985000000000000142e+01,4.861299999999999955e+01,6.000000000000000000e+01,0.000000000000000000e+00
2.872000000000000000e+03,1.646598853086079117e+01,3.504657074765683333e+00,2.226108150578071943e+01,1.252381743088036181e+00,-1.055213179277365043e+01,4.985000000000000142e+01,4.867799999999999727e+01,6.000000000000000000e+01,0.000000000000000000e+00
2.873000000000000000e+03,1.643228689320098113e+01,3.504657074765683333e+00,2.228205265834816018e+01,1.197703654728987210e+00,-1.055212649464185226e+01,4.985000000000000142e+01,4.867799999999999727e+01,6.000000000000000000e+01,0.000000000000000000e+00
2.874000000000000000e+03,1.621319701172783567e+01,3.408966779208931097e+00,2.230245121971922018e+01,1.053900246570403931e+00,-1.055212123377072153e+01,4.985000000000000142e+01,4.871000000000000085e+01,6.000000000000000000e+01,0.000000000000000000e+00
2.875000000000000000e+03,1.675678248797360936e+01,3.699027987615308710e+00,2.232458544815430912e+01,1.285285062102208276e+00,-1.055211600989821541e+01,4.985000000000000142e+01,4.861299999999999955e+01,6.000000000000000000e+01,0.000000000000000000e+00
2.876000000000000000e+03,1.672280727988266946e+01,3.699027987615308710e+00,2.234671967658939806e+01,1.229170438442088287e+00,-1.055211082276412782e+01,4.985000000000000142e+01,4.861299999999999955e+01,6.000000000000000000e+01,0.000000000000000000e+00
2.877000000000000000e+03,1.706683278484143074e+01,3.890408578728792754e+00,2.236999908741724852e+01,1.358530790805479338e+00,-1.055210567211008588e+01,4.985000000000000142e+01,4.854899999999999949e+01,6.000000000000000000e+01,0.000000000000000000e+00
2.878000000000000000e+03,1.759999905010349863e+01,4.180469787135169923e+00,2.239501416530912792e+01,1.576615655338732935e+00,-1.055210055767953037e+01,4.985000000000000142e+01,4.845199999999999818e+01,6.000000000000000000e+01,0.000000000000000000e+00
2.879000000000000000e+03,1.793173612343804635e+01,4.371850378248653968e+00,2.242117442559376883e+01,1.690806798813338396e+00,-1.055209547921771218e+01,4.985000000000000142e+01,4.838799999999999812e+01,6.000000000000000000e+01,0.000000000000000000e+00
2.880000000000000000e+03,1.750853118941157049e+01,4.180469787135169923e+00,2.244618950348564823e+01,1.433962335262420451e+00,-1.055209043647167100e+01,4.985000000000000142e+01,4.845199999999999818e+01,6.000000000000000000e+01,0.000000000000000000e+00
2.881000000000000000e+03,1.728317009518919889e+01,4.084779491578417243e+00,2.247063199018114688e+01,1.279844042619856515e+00,-1.055208542919022108e+01,4.985000000000000142e+01,4.848400000000000176e+01,6.000000000000000000e+01,0.000000000000000000e+00
2.882000000000000000e+03,1.725174048129768423e+01,4.084779491578417243e+00,2.249507447687664552e+01,1.223966969966576945e+00,-1.055208045712395304e+01,4.985000000000000142e+01,4.848400000000000176e+01,6.000000000000000000e+01,0.000000000000000000e+00
2.883000000000000000e+03,1.702910699103441416e+01,3.986098874285523674e+00,2.251892647890087673e+01,1.076157157873213643e+00,-1.055207552002520188e+01,4.985000000000000142e+01,4.851700000000000301e+01,6.000000000000000000e+01,0.000000000000000000e+00
2.884000000000000000e+03,1.644265340804987119e+01,3.699027987615308710e+00,2.254106070733596567e+01,7.546353307466451277e-01,-1.055207061764804699e+01,4.985000000000000142e+01,4.861299999999999955e+01,6.000000000000000000e+01,0.000000000000000000e+00
2.885000000000000000e+03,1.643184566727122586e+01,3.699027987615308710e+00,2.256319493577105462e+01,7.216884936331591227e-01,-1.055206574974829969e+01,4.985000000000000142e+01,4.861299999999999955e+01,6.000000000000000000e+01,0.000000000000000000e+00
2.886000000000000000e+03,1.642247632752770414e+01,3.699027987615308710e+00,2.258532916420614356e+01,6.901800917897373822e-01,-1.055206091608348906e+01,4.985000000000000142e+01,4.861299999999999955e+01,6.000000000000000000e+01,0.000000000000000000e+00
2.887000000000000000e+03,1.641448258800821591e+01,3.699027987615308710e+00,2.260746339264123250e+01,6.600473241645204991e-01,-1.055205611641284591e+01,4.985000000000000142e+01,4.861299999999999955e+01,6.000000000000000000e+01,0.000000000000000000e+00
2.888000000000000000e+03,1.621416099544258671e+01,3.600347370322414697e+00,2.262900713640505401e+01,5.368578392124169207e-01,-1.055205135049729748e+01,4.985000000000000142e+01,4.864600000000000080e+01,6.000000000000000000e+01,0.000000000000000000e+00
2.889000000000000000e+03,1.602449523086212224e+01,3.504657074765683333e+00,2.264997828897249477e+01,4.219064852233969098e-01,-1.055204661809945144e+01,4.985000000000000142e+01,4.867799999999999727e+01,6.000000000000000000e+01,0.000000000000000000e+00
2.890000000000000000e+03,1.640846975507194827e+01,3.699027987615308710e+00,2.267211251740758371e+01,5.893711690326385311e-01,-1.055204191898358346e+01,4.985000000000000142e+01,4.861299999999999955e+01,6.000000000000000000e+01,0.000000000000000000e+00
2.891000000000000000e+03,1.583568290756266705e+01,3.408966779208931097e+00,2.269251107877864371e+01,2.862423024907207458e-01,-1.055203725291562833e+01,4.985000000000000142e+01,4.871000000000000085e+01,6.000000000000000000e+01,0.000000000000000000e+00
2.892000000000000000e+03,1.546803814330799298e+01,3.217586188095447053e+00,2.271176445775694219e+01,9.072011711877556173e-02,-1.055203261966316930e+01,4.985000000000000142e+01,4.877400000000000091e+01,6.000000000000000000e+01,0.000000000000000000e+00
2.893000000000000000e+03,1.604666158571129131e+01,3.504657074765683333e+00,2.273273561032438295e+01,3.612969196166453401e-01,-1.055202801899541853e+01,4.985000000000000142e+01,4.867799999999999727e+01,6.000000000000000000e+01,0.000000000000000000e+00
2.894000000000000000e+03,1.567631251697833328e+01,3.313276483652199733e+00,2.275256158049906219e+01,1.624979035102892821e-01,-1.055202345068321712e+01,4.985000000000000142e+01,4.874199999999999733e+01,6.000000000000000000e+01,0.000000000000000000e+00
2.895000000000000000e+03,1.511985426182956971e+01,3.023215275245821676e+00,2.277065188360971248e+01,-1.219939825269501232e-01,-1.055201891449901552e+01,4.985000000000000142e+01,4.883899999999999864e+01,6.000000000000000000e+01,0.000000000000000000e+00
2.896000000000000000e+03,1.495549982631205488e+01,2.927524979689069440e+00,2.278816959552398203e+01,-2.081803386841327430e-01,-1.055201441021686115e+01,4.985000000000000142e+01,4.887100000000000222e+01,6.000000000000000000e+01,0.000000000000000000e+00
2.897000000000000000e+03,1.460069220808810364e+01,2.733154066839444063e+00,2.280452423157060338e+01,-3.849761527095478808e-01,-1.055200993761239481e+01,4.985000000000000142e+01,4.893599999999999994e+01,6.000000000000000000e+01,0.000000000000000000e+00
2.898000000000000000e+03,1.407053282992160170e+01,2.446083180169229099e+00,2.281916109402808246e+01,-6.427059478128758219e-01,-1.055200549646283470e+01,4.985000000000000142e+01,4.903199999999999648e+01,6.000000000000000000e+01,0.000000000000000000e+00
2.899000000000000000e+03,1.448878500817650483e+01,2.637463771282691383e+00,2.283494313887832305e+01,-4.316208154375440476e-01,-1.055200108654696400e+01,4.985000000000000142e+01,4.896800000000000352e+01,6.000000000000000000e+01,0.000000000000000000e+00
2.900000000000000000e+03,1.471119109971697725e+01,2.733154066839444063e+00,2.285129777492494441e+01,-3.212640344022882899e-01,-1.055199670764512376e+01,4.985000000000000142e+01,4.893599999999999994e+01,6.000000000000000000e+01,0.000000000000000000e+00
2.901000000000000000e+03,1.436602541579355830e+01,2.541773475725960463e+00,2.286650722857880424e+01,-4.902629289720110695e-01,-1.055199235953919512e+01,4.985000000000000142e+01,4.900000000000000000e+01,6.000000000000000000e+01,0.000000000000000000e+00
2.902000000000000000e+03,1.402709288938361354e+01,2.350392884612476418e+00,2.288057149983990257e+01,-6.518834530561659069e-01,-1.055198804201259932e+01,4.985000000000000142e+01,4.906400000000000006e+01,6.000000000000000000e+01,0.000000000000000000e+00
2.903000000000000000e+03,1.463294844964356756e+01,2.637463771282691383e+00,2.289635354469014317e+01,-3.488851114789844332e-01,-1.055198375485027995e+01,4.985000000000000142e+01,4.896800000000000352e+01,6.000000000000000000e+01,0.000000000000000000e+00
2.904000000000000000e+03,1.485174223781920233e+01,2.733154066839444063e+00,2.291270818073676452e+01,-2.421405119183162036e-01,-1.055197949783869049e+01,4.985000000000000142e+01,4.893599999999999994e+01,6.000000000000000000e+01,0.000000000000000000e+00
2.905000000000000000e+03,1.487867278196094567e+01,2.733154066839444063e+00,2.292906281678338587e+01,-2.315688308960990316e-01,-1.055197527076578545e+01,4.985000000000000142e+01,4.893599999999999994e+01,6.000000000000000000e+01,0.000000000000000000e+00
2.906000000000000000e+03,1.490514174436597195e+01,2.733154066839444063e+00,2.294541745283000722e+01,-2.214587018824660802e-01,-1.055197107342101326e+01,4.985000000000000142e+01,4.893599999999999994e+01,6.000000000000000000e+01,0.000000000000000000e+00
2.907000000000000000e+03,1.512481267057916057e+01,2.831834684132338076e+00,2.296236257354789601e+01,-1.174176815057726836e-01,-1.055196690559530026e+01,4.985000000000000142e+01,4.890299999999999869e+01,6.000000000000000000e+01,0.000000000000000000e+00
2.908000000000000000e+03,1.533466371420297136e+01,2.927524979689069440e+00,2.297988028546216555e+01,-2.077878386721641879e-02,-1.055196276708104719e+01,4.985000000000000142e+01,4.887100000000000222e+01,6.000000000000000000e+01,0.000000000000000000e+00
2.909000000000000000e+03,1.516531730966111446e+01,2.831834684132338076e+00,2.299682540618005433e+01,-1.113841229791682347e-01,-1.055195865767211139e+01,4.985000000000000142e+01,4.890299999999999869e+01,6.000000000000000000e+01,0.000000000000000000e+00
2.910000000000000000e+03,1.499348606747574664e+01,2.733154066839444063e+00,2.301318004222667568e+01,-2.008934644265716329e-01,-1.055195457716380147e+01,4.985000000000000142e+01,4.893599999999999994e+01,6.000000000000000000e+01,0.000000000000000000e+00
2.911000000000000000e+03,1.501861561985547944e+01,2.733154066839444063e+00,2.302953467827329703e+01,-1.921225999043958410e-01,-1.055195052535286671e+01,4.985000000000000142e+01,4.893599999999999994e+01,6.000000000000000000e+01,0.000000000000000000e+00
2.912000000000000000e+03,1.504336221408743590e+01,2.733154066839444063e+00,2.304588931431991838e+01,-1.837346650344411636e-01,-1.055194650203748274e+01,4.985000000000000142e+01,4.893599999999999994e+01,6.000000000000000000e+01,0.000000000000000000e+00
2.913000000000000000e+03,1.658168183338208124e+01,3.504657074765683333e+00,2.306686046688735914e+01,5.621067987462839977e-01,-1.055194250701724812e+01,4.985000000000000142e+01,4.867799999999999727e+01,6.000000000000000000e+01,0.000000000000000000e+00
2.914000000000000000e+03,1.657811577333414021e+01,3.504657074765683333e+00,2.308783161945479989e+01,5.375656192068191119e-01,-1.055193854009316645e+01,4.985000000000000142e+01,4.867799999999999727e+01,6.000000000000000000e+01,0.000000000000000000e+00
2.915000000000000000e+03,1.695703994264565750e+01,3.699027987615308710e+00,2.310996584788988883e+01,6.999807082081043186e-01,-1.055193460106764647e+01,4.985000000000000142e+01,4.861299999999999955e+01,6.000000000000000000e+01,0.000000000000000000e+00
2.916000000000000000e+03,1.619164779460943038e+01,3.313276483652199733e+00,2.312979181806456808e+01,3.005101826371454066e-01,-1.055193068974447890e+01,4.985000000000000142e+01,4.874199999999999733e+01,6.000000000000000000e+01,0.000000000000000000e+00
2.917000000000000000e+03,1.657390841495355360e+01,3.504657074765683333e+00,2.315076297063200883e+01,4.704151754847040179e-01,-1.055192680592884003e+01,4.985000000000000142e+01,4.867799999999999727e+01,6.000000000000000000e+01,0.000000000000000000e+00
2.918000000000000000e+03,1.695576424193571086e+01,3.699027987615308710e+00,2.317289719906709777e+01,6.357620046805834146e-01,-1.055192294942727749e+01,4.985000000000000142e+01,4.861299999999999955e+01,6.000000000000000000e+01,0.000000000000000000e+00
2.919000000000000000e+03,1.638095116713762422e+01,3.408966779208931097e+00,2.319329576043815777e+01,3.306077475382294684e-01,-1.055191912004769783e+01,4.985000000000000142e+01,4.871000000000000085e+01,6.000000000000000000e+01,0.000000000000000000e+00
2.920000000000000000e+03,1.676247025922129552e+01,3.600347370322414697e+00,2.321483950420197928e+01,4.991987022962548481e-01,-1.055191531759935408e+01,4.985000000000000142e+01,4.864600000000000080e+01,6.000000000000000000e+01,0.000000000000000000e+00
2.921000000000000000e+03,1.676222312150860461e+01,3.600347370322414697e+00,2.323638324796580079e+01,4.774040451132344764e-01,-1.055191154189284397e+01,4.985000000000000142e+01,4.864600000000000080e+01,6.000000000000000000e+01,0.000000000000000000e+00
2.922000000000000000e+03,1.695657089064404488e+01,3.699027987615308710e+00,2.325851747640088973e+01,5.509332193679483680e-01,-1.055190779274010104e+01,4.985000000000000142e+01,4.861299999999999955e+01,6.000000000000000000e+01,0.000000000000000000e+00
2.923000000000000000e+03,1.695465549278436512e+01,3.699027987615308710e+00,2.328065170483597868e+01,5.268798702874528672e-01,-1.055190406995437513e+01,4.985000000000000142e+01,4.861299999999999955e+01,6.000000000000000000e+01,0.000000000000000000e+00
2.924000000000000000e+03,1.695379022070643771e+01,3.699027987615308710e+00,2.330278593327106762e+01,5.038766731702968293e-01,-1.055190037335023590e+01,4.985000000000000142e+01,4.861299999999999955e+01,6.000000000000000000e+01,0.000000000000000000e+00
2.925000000000000000e+03,1.695392922571312511e+01,3.699027987615308710e+00,2.332492016170615656e+01,4.818777791352115147e-01,-1.055189670274355329e+01,4.985000000000000142e+01,4.861299999999999955e+01,6.000000000000000000e+01,0.000000000000000000e+00
2.926000000000000000e+03,1.695502866083525717e+01,3.699027987615308710e+00,2.334705439014124551e+01,4.608393410301893645e-01,-1.055189305795148869e+01,4.985000000000000142e+01,4.861299999999999955e+01,6.000000000000000000e+01,0.000000000000000000e+00
2.927000000000000000e+03,1.695704659343756759e+01,3.699027987615308710e+00,2.336918861857633445e+01,4.407194260384205142e-01,-1.055188943879249486e+01,4.985000000000000142e+01,4.861299999999999955e+01,6.000000000000000000e+01,0.000000000000000000e+00
2.928000000000000000e+03,1.657852411467337816e+01,3.504657074765683333e+00,2.339015977114377520e+01,2.355931138502165012e-01,-1.055188584508630001e+01,4.985000000000000142e+01,4.867799999999999727e+01,6.000000000000000000e+01,0.000000000000000000e+00
2.929000000000000000e+03,1.640143759669247103e+01,3.408966779208931097e+00,2.341055833251483520e+01,1.337947616226056735e-01,-1.055188227665390244e+01,4.985000000000000142e+01,4.871000000000000085e+01,6.000000000000000000e+01,0.000000000000000000e+00
2.930000000000000000e+03,1.622822290544034374e+01,3.313276483652199733e+00,2.343038430268951444e+01,3.644085241618398585e-02,-1.055187873331755455e+01,4.985000000000000142e+01,4.874199999999999733e+01,6.000000000000000000e+01,0.000000000000000000e+00
2.931000000000000000e+03,1.624646141256048182e+01,3.313276483652199733e+00,2.345021027286419368e+01,3.484987094484908593e-02,-1.055187521490076108e+01,4.985000000000000142e+01,4.874199999999999733e+01,6.000000000000000000e+01,0.000000000000000000e+00
2.932000000000000000e+03,1.645254476870646698e+01,3.408966779208931097e+00,2.347060883423525368e+01,1.248408764905501039e-01,-1.055187172122826667e+01,4.985000000000000142e+01,4.871000000000000085e+01,6.000000000000000000e+01,0.000000000000000000e+00
2.933000000000000000e+03,1.627972092342094612e+01,3.313276483652199733e+00,2.349043480440993292e+01,2.787788748486540180e-02,-1.055186825212605051e+01,4.985000000000000142e+01,4.874199999999999733e+01,6.000000000000000000e+01,0.000000000000000000e+00
2.934000000000000000e+03,1.611055779707363911e+01,3.217586188095447053e+00,2.350968818338823141e+01,-6.485176698872033296e-02,-1.055186480742131572e+01,4.985000000000000142e+01,4.877400000000000091e+01,6.000000000000000000e+01,0.000000000000000000e+00
2.935000000000000000e+03,1.575122717118156856e+01,3.023215275245821676e+00,2.352777848649888170e+01,-2.479052036206534360e-01,-1.055186138694248044e+01,4.985000000000000142e+01,4.883899999999999864e+01,6.000000000000000000e+01,0.000000000000000000e+00
2.936000000000000000e+03,1.596791964670207697e+01,3.118905570802553040e+00,2.354644138080591276e+01,-1.455693143872194839e-01,-1.055185799051916895e+01,4.985000000000000142e+01,4.880700000000000216e+01,6.000000000000000000e+01,0.000000000000000000e+00
2.937000000000000000e+03,1.561739054004963734e+01,2.927524979689069440e+00,2.356395909272018230e+01,-3.222389143774117004e-01,-1.055185461798220103e+01,4.985000000000000142e+01,4.887100000000000222e+01,6.000000000000000000e+01,0.000000000000000000e+00
2.938000000000000000e+03,1.564898032058803956e+01,2.927524979689069440e+00,2.358147680463445184e+01,-3.081701945718934299e-01,-1.055185126916359017e+01,4.985000000000000142e+01,4.887100000000000222e+01,6.000000000000000000e+01,0.000000000000000000e+00
2.939000000000000000e+03,1.605550667268325071e+01,3.118905570802553040e+00,2.360013969894148289e+01,-1.116906531642512246e-01,-1.055184794389653113e+01,4.985000000000000142e+01,4.880700000000000216e+01,6.000000000000000000e+01,0.000000000000000000e+00
2.940000000000000000e+03,1.570349837733285803e+01,2.927524979689069440e+00,2.361765741085575243e+01,-2.898393711965734365e-01,-1.055184464201539107e+01,4.985000000000000142e+01,4.887100000000000222e+01,6.000000000000000000e+01,0.000000000000000000e+00
2.941000000000000000e+03,1.535225473993585865e+01,2.733154066839444063e+00,2.363401204690237378e+01,-4.630700104502609715e-01,-1.055184136335569889e+01,4.985000000000000142e+01,4.893599999999999994e+01,6.000000000000000000e+01,0.000000000000000000e+00
2.942000000000000000e+03,1.538882993600224758e+01,2.733154066839444063e+00,2.365036668294899513e+01,-4.428527060320463504e-01,-1.055183810775414521e+01,4.985000000000000142e+01,4.893599999999999994e+01,6.000000000000000000e+01,0.000000000000000000e+00
2.943000000000000000e+03,1.542452243616703988e+01,2.733154066839444063e+00,2.366672131899561649e+01,-4.235180746194563417e-01,-1.055183487504856465e+01,4.985000000000000142e+01,4.893599999999999994e+01,6.000000000000000000e+01,0.000000000000000000e+00
2.944000000000000000e+03,1.545937077746138577e+01,2.733154066839444063e+00,2.368307595504223784e+01,-4.050275793423552817e-01,-1.055183166507793935e+01,4.985000000000000142e+01,4.893599999999999994e+01,6.000000000000000000e+01,0.000000000000000000e+00
2.945000000000000000e+03,1.549341181442321691e+01,2.733154066839444063e+00,2.369943059108885919e+01,-3.873443658227085917e-01,-1.055182847768237586e+01,4.985000000000000142e+01,4.893599999999999994e+01,6.000000000000000000e+01,0.000000000000000000e+00
2.946000000000000000e+03,1.552668079255363232e+01,2.733154066839444063e+00,2.371578522713548054e+01,-3.704331887181849248e-01,-1.055182531270310697e+01,4.985000000000000142e+01,4.893599999999999994e+01,6.000000000000000000e+01,0.000000000000000000e+00
2.947000000000000000e+03,1.575285481287251166e+01,2.831834684132338076e+00,2.373273034785336932e+01,-2.598880491307128393e-01,-1.055182216998248457e+01,4.985000000000000142e+01,4.890299999999999869e+01,6.000000000000000000e+01,0.000000000000000000e+00
2.948000000000000000e+03,1.596892499263311826e+01,2.927524979689069440e+00,2.375024805976763886e+01,-1.570289974596212335e-01,-1.055181904936396897e+01,4.985000000000000142e+01,4.887100000000000222e+01,6.000000000000000000e+01,0.000000000000000000e+00
2.949000000000000000e+03,1.561188276961814658e+01,2.733154066839444063e+00,2.376660269581426022e+01,-3.360580423434337827e-01,-1.055181595069212186e+01,4.985000000000000142e+01,4.893599999999999994e+01,6.000000000000000000e+01,0.000000000000000000e+00
2.950000000000000000e+03,1.564291253556202577e+01,2.733154066839444063e+00,2.378295733186088157e+01,-3.213859893257049460e-01,-1.055181287381259381e+01,4.985000000000000142e+01,4.893599999999999994e+01,6.000000000000000000e+01,0.000000000000000000e+00
2.951000000000000000e+03,1.548552629589819496e+01,2.637463771282691383e+00,2.379873937671112216e+01,-3.988670335234940079e-01,-1.055180981857212608e+01,4.985000000000000142e+01,4.896800000000000352e+01,6.000000000000000000e+01,0.000000000000000000e+00
2.952000000000000000e+03,1.570650103567184530e+01,2.733154066839444063e+00,2.381509401275774351e+01,-2.899402591068061530e-01,-1.055180678481853462e+01,4.985000000000000142e+01,4.893599999999999994e+01,6.000000000000000000e+01,0.000000000000000000e+00
2.953000000000000000e+03,1.573551726782595850e+01,2.733154066839444063e+00,2.383144864880436486e+01,-2.772816754171418818e-01,-1.055180377240070655e+01,4.985000000000000142e+01,4.893599999999999994e+01,6.000000000000000000e+01,0.000000000000000000e+00
2.954000000000000000e+03,1.614539962107944859e+01,2.927524979689069440e+00,2.384896636071863441e+01,-7.929093815966117842e-02,-1.055180078116859299e+01,4.985000000000000142e+01,4.887100000000000222e+01,6.000000000000000000e+01,0.000000000000000000e+00
2.955000000000000000e+03,1.578496328169358165e+01,2.733154066839444063e+00,2.386532099676525576e+01,-2.617139709379183166e-01,-1.055179781097319847e+01,4.985000000000000142e+01,4.893599999999999994e+01,6.000000000000000000e+01,0.000000000000000000e+00
2.956000000000000000e+03,1.581274711124650523e+01,2.733154066839444063e+00,2.388167563281187711e+01,-2.502877267382412896e-01,-1.055179486166657554e+01,4.985000000000000142e+01,4.893599999999999994e+01,6.000000000000000000e+01,0.000000000000000000e+00
2.957000000000000000e+03,1.584003205843376882e+01,2.733154066839444063e+00,2.389803026885849846e+01,-2.393603441623543826e-01,-1.055179193310181951e+01,4.985000000000000142e+01,4.893599999999999994e+01,6.000000000000000000e+01,0.000000000000000000e+00
2.958000000000000000e+03,1.586683990334182681e+01,2.733154066839444063e+00,2.391438490490511981e+01,-2.289100432696803411e-01,-1.055178902513305417e+01,4.985000000000000142e+01,4.893599999999999994e+01,6.000000000000000000e+01,0.000000000000000000e+00
2.959000000000000000e+03,1.589319147515952757e+01,2.733154066839444063e+00,2.393073954095174116e+01,-2.189159950162210266e-01,-1.055178613761543538e+01,4.985000000000000142e+01,4.893599999999999994e+01,6.000000000000000000e+01,0.000000000000000000e+00
2.960000000000000000e+03,1.591910669369357834e+01,2.733154066839444063e+00,2.394709417699836251e+01,-2.093582797390951544e-01,-1.055178327040513153e+01,4.985000000000000142e+01,4.893599999999999994e+01,6.000000000000000000e+01,0.000000000000000000e+00
2.961000000000000000e+03,1.594460460907148835e+01,2.733154066839444063e+00,2.396344881304498386e+01,-2.002178474536110420e-01,-1.055178042335932709e+01,4.985000000000000142e+01,4.893599999999999994e+01,6.000000000000000000e+01,0.000000000000000000e+00
2.962000000000000000e+03,1.596970343971109862e+01,2.733154066839444063e+00,2.397980344909160522e+01,-1.914764798837409465e-01,-1.055177759633621015e+01,4.985000000000000142e+01,4.893599999999999994e+01,6.000000000000000000e+01,0.000000000000000000e+00
2.963000000000000000e+03,1.599442060863238702e+01,2.733154066839444063e+00,2.399615808513822657e+01,-1.831167541503174179e-01,-1.055177478919496359e+01,4.985000000000000142e+01,4.893599999999999994e+01,6.000000000000000000e+01,0.000000000000000000e+00
2.964000000000000000e+03,1.640019158515080022e+01,2.927524979689069440e+00,2.401367579705249611e+01,1.076281020499780805e-02,-1.055177200179576325e+01,4.985000000000000142e+01,4.887100000000000222e+01,6.000000000000000000e+01,0.000000000000000000e+00
2.965000000000000000e+03,1.622946675562890206e+01,2.831834684132338076e+00,2.403062091777038489e+01,-8.121961227405365136e-02,-1.055176923399976729e+01,4.985000000000000142e+01,4.890299999999999869e+01,6.000000000000000000e+01,0.000000000000000000e+00
2.966000000000000000e+03,1.549299098238877193e+01,2.446083180169229099e+00,2.404525778022786398e+01,-4.465834923392115741e-01,-1.055176648566910913e+01,4.985000000000000142e+01,4.903199999999999648e+01,6.000000000000000000e+01,0.000000000000000000e+00
2.967000000000000000e+03,1.495793386908702871e+01,2.156021971762851042e+00,2.405815897562131411e+01,-7.044833216302430756e-01,-1.055176375666689381e+01,4.985000000000000142e+01,4.912899999999999778e+01,6.000000000000000000e+01,0.000000000000000000e+00
2.968000000000000000e+03,1.424462537838001630e+01,1.770270467799720970e+00,2.406875191275435455e+01,-1.042635955316871366e+00,-1.055176104685718919e+01,4.985000000000000142e+01,4.925800000000000267e+01,6.000000000000000000e+01,0.000000000000000000e+00
2.969000000000000000e+03,1.354377211172807449e+01,1.384518963836611771e+00,2.407703659162698884e+01,-1.366025087630509560e+00,-1.055175835610501878e+01,4.985000000000000142e+01,4.938700000000000045e+01,6.000000000000000000e+01,0.000000000000000000e+00
2.970000000000000000e+03,1.361169913767565021e+01,1.384518963836611771e+00,2.408532127049962313e+01,-1.306385412384231115e+00,-1.055175568427635469e+01,4.985000000000000142e+01,4.938700000000000045e+01,6.000000000000000000e+01,0.000000000000000000e+00
2.971000000000000000e+03,1.311369608141932375e+01,1.097448077166396585e+00,2.409188817578311514e+01,-1.523887140292078834e+00,-1.055175303123811048e+01,4.985000000000000142e+01,4.948299999999999699e+01,6.000000000000000000e+01,0.000000000000000000e+00
2.972000000000000000e+03,1.280537863332036963e+01,9.030771643167502249e-01,2.409729200519895898e+01,-1.643240139337206918e+00,-1.055175039685813587e+01,4.985000000000000142e+01,4.954800000000000182e+01,6.000000000000000000e+01,0.000000000000000000e+00
2.973000000000000000e+03,1.212555813181185194e+01,5.173256603536411369e-01,2.410038757635439310e+01,-1.940407323890968039e+00,-1.055174778100521316e+01,4.985000000000000142e+01,4.967699999999999960e+01,6.000000000000000000e+01,0.000000000000000000e+00
2.974000000000000000e+03,1.240114850466441965e+01,6.130159559103725009e-01,2.410405573870620799e+01,-1.764178006403116505e+00,-1.055174518354904478e+01,4.985000000000000142e+01,4.964500000000000313e+01,6.000000000000000000e+01,0.000000000000000000e+00
2.975000000000000000e+03,1.267548538652908974e+01,7.116965732032662917e-01,2.410831438572929031e+01,-1.592782968043216840e+00,-1.055174260436024980e+01,4.985000000000000142e+01,4.961200000000000188e+01,6.000000000000000000e+01,0.000000000000000000e+00
2.976000000000000000e+03,1.218009213658809564e+01,4.216353647968886231e-01,2.411083736568834368e+01,-1.800640550586777300e+00,-1.055174004331035853e+01,4.985000000000000142e+01,4.970900000000000318e+01,6.000000000000000000e+01,0.000000000000000000e+00
2.977000000000000000e+03,1.263678315944306441e+01,6.130159559103725009e-01,2.411450552804015857e+01,-1.539000824235663867e+00,-1.055173750027180368e+01,4.985000000000000142e+01,4.964500000000000313e+01,6.000000000000000000e+01,0.000000000000000000e+00
2.978000000000000000e+03,1.290128891305688263e+01,7.116965732032662917e-01,2.411876417506324088e+01,-1.377436860091709736e+00,-1.055173497511791503e+01,4.985000000000000142e+01,4.961200000000000188e+01,6.000000000000000000e+01,0.000000000000000000e+00
2.979000000000000000e+03,1.258426916555246677e+01,5.173256603536411369e-01,2.412185974621867501e+01,-1.503183773296934866e+00,-1.055173246772291407e+01,4.985000000000000142e+01,4.967699999999999960e+01,6.000000000000000000e+01,0.000000000000000000e+00
2.980000000000000000e+03,1.303441395849122841e+01,7.116965732032662917e-01,2.412611839324175733e+01,-1.251671029991891615e+00,-1.055172997796190515e+01,4.985000000000000142e+01,4.961200000000000188e+01,6.000000000000000000e+01,0.000000000000000000e+00
2.981000000000000000e+03,1.271190332993367988e+01,5.173256603536411369e-01,2.412921396439719146e+01,-1.382908789106281011e+00,-1.055172750571087192e+01,4.985000000000000142e+01,4.967699999999999960e+01,6.000000000000000000e+01,0.000000000000000000e+00
2.982000000000000000e+03,1.239982733617128474e+01,3.259450692401572591e-01,2.413116435315986408e+01,-1.505557035382063313e+00,-1.055172505084667023e+01,4.985000000000000142e+01,4.974099999999999966e+01,6.000000000000000000e+01,0.000000000000000000e+00
2.983000000000000000e+03,1.284306252783019175e+01,5.173256603536411369e-01,2.413425992431529821e+01,-1.256800443591725713e+00,-1.055172261324702276e+01,4.985000000000000142e+01,4.967699999999999960e+01,6.000000000000000000e+01,0.000000000000000000e+00
2.984000000000000000e+03,1.271325611243426934e+01,4.216353647968886231e-01,2.413678290427435158e+01,-1.293441963846459597e+00,-1.055172019279051199e+01,4.985000000000000142e+01,4.970900000000000318e+01,6.000000000000000000e+01,0.000000000000000000e+00
2.985000000000000000e+03,1.314780306928643583e+01,6.130159559103725009e-01,2.414045106662616647e+01,-1.053946163893531018e+00,-1.055171778935657301e+01,4.985000000000000142e+01,4.964500000000000313e+01,6.000000000000000000e+01,0.000000000000000000e+00
2.986000000000000000e+03,1.319748815151198507e+01,6.130159559103725009e-01,2.414411922897798135e+01,-1.007931630550880531e+00,-1.055171540282548825e+01,4.985000000000000142e+01,4.964500000000000313e+01,6.000000000000000000e+01,0.000000000000000000e+00
2.987000000000000000e+03,1.438355269469673381e+01,1.193138372723127949e+00,2.415125872545785413e+01,-4.091313704058591183e-01,-1.055171303307838748e+01,4.985000000000000142e+01,4.945100000000000051e+01,6.000000000000000000e+01,0.000000000000000000e+00
2.988000000000000000e+03,1.478410775167212421e+01,1.384518963836611771e+00,2.415954340433048841e+01,-2.082439364977471119e-01,-1.055171067999722823e+01,4.985000000000000142e+01,4.938700000000000045e+01,6.000000000000000000e+01,0.000000000000000000e+00
2.989000000000000000e+03,1.555845618022432042e+01,1.770270467799720970e+00,2.417013634146352885e+01,1.697577144258732851e-01,-1.055170834346480468e+01,4.985000000000000142e+01,4.925800000000000267e+01,6.000000000000000000e+01,0.000000000000000000e+00
2.990000000000000000e+03,1.518608911212016110e+01,1.578889876686236926e+00,2.417958409620381133e+01,-2.067883740515769064e-02,-1.055170602336472996e+01,4.985000000000000142e+01,4.932200000000000273e+01,6.000000000000000000e+01,0.000000000000000000e+00
2.991000000000000000e+03,1.557199281916964395e+01,1.770270467799720970e+00,2.419017703333685176e+01,1.632490376145142585e-01,-1.055170371958144315e+01,4.985000000000000142e+01,4.925800000000000267e+01,6.000000000000000000e+01,0.000000000000000000e+00
2.992000000000000000e+03,1.538768529536711149e+01,1.674580172242989606e+00,2.420019737927351500e+01,6.460917585079455072e-02,-1.055170143200018806e+01,4.985000000000000142e+01,4.928999999999999915e+01,6.000000000000000000e+01,0.000000000000000000e+00
2.993000000000000000e+03,1.501933629721311014e+01,1.483199581129505562e+00,2.420907254281741672e+01,-1.212366662267895523e-01,-1.055169916050702206e+01,4.985000000000000142e+01,4.935399999999999920e+01,6.000000000000000000e+01,0.000000000000000000e+00
2.994000000000000000e+03,1.522128223479982445e+01,1.578889876686236926e+00,2.421852029755769919e+01,-2.443103445531409623e-02,-1.055169690498879653e+01,4.985000000000000142e+01,4.932200000000000273e+01,6.000000000000000000e+01,0.000000000000000000e+00
2.995000000000000000e+03,1.447482923834349755e+01,1.193138372723127949e+00,2.422565979403757197e+01,-3.922742630840349576e-01,-1.055169466533316758e+01,4.985000000000000142e+01,4.945100000000000051e+01,6.000000000000000000e+01,0.000000000000000000e+00
2.996000000000000000e+03,1.392990315198239415e+01,9.030771643167502249e-01,2.423106362345341580e+01,-6.525451943591981108e-01,-1.055169244142857465e+01,4.985000000000000142e+01,4.954800000000000182e+01,6.000000000000000000e+01,0.000000000000000000e+00
2.997000000000000000e+03,1.415157425732844132e+01,9.987674598735027942e-01,2.423704004406564039e+01,-5.325430134464570475e-01,-1.055169023316424415e+01,4.985000000000000142e+01,4.951599999999999824e+01,6.000000000000000000e+01,0.000000000000000000e+00
2.998000000000000000e+03,1.380525249123786224e+01,8.073868687600188609e-01,2.424187128228510346e+01,-6.923176193770770315e-01,-1.055168804043018227e+01,4.985000000000000142e+01,4.957999999999999829e+01,6.000000000000000000e+01,0.000000000000000000e+00
2.999000000000000000e+03,1.384031199731641415e+01,8.073868687600188609e-01,2.424670252050456654e+01,-6.620915288310051938e-01,-1.055168586311716616e+01,4.985000000000000142e+01,4.957999999999999829e+01,6.000000000000000000e+01,0.000000000000000000e+00
3.000000000000000000e+03,1.387405183865539016e+01,8.073868687600188609e-01,2.425153375872402961e+01,-6.331850877119136189e-01,-1.055168370111674392e+01,4.985000000000000142e+01,4.957999999999999829e+01,6.000000000000000000e+01,0.000000000000000000e+00
