t,MV,MVP,MVI,MVD,MVFF,SP,PV,DV,Man
0.000000000000000000e+00,4.999999999999998579e+01,9.863576246684783655e+01,-1.429651583124239096e+02,9.432939584557605883e+01,0.000000000000000000e+00,5.485000000000000142e+01,2.186499999999999844e+01,5.000000000000000000e+01,1.000000000000000000e+00
1.000000000000000000e+00,5.000000000000001421e+01,9.854007217129110074e+01,-1.386596017466911803e+02,9.011952957540009379e+01,0.000000000000000000e+00,5.485000000000000142e+01,2.189699999999999847e+01,5.000000000000000000e+01,1.000000000000000000e+00
2.000000000000000000e+00,5.000000000000000000e+01,9.834570125844147981e+01,-1.343447920122338815e+02,8.599909075379240164e+01,0.000000000000000000e+00,5.485000000000000142e+01,2.196199999999999974e+01,5.000000000000000000e+01,1.000000000000000000e+00
3.000000000000000000e+00,4.999999999999998579e+01,9.854007217129110074e+01,-1.309703891426422047e+02,8.243031697135108971e+01,0.000000000000000000e+00,5.485000000000000142e+01,2.189699999999999847e+01,5.000000000000000000e+01,1.000000000000000000e+00
4.000000000000000000e+00,5.000000000000000000e+01,9.844139155399820140e+01,-1.271784877351757075e+02,7.873709618117750608e+01,0.000000000000000000e+00,5.485000000000000142e+01,2.192999999999999972e+01,5.000000000000000000e+01,1.000000000000000000e+00
5.000000000000000000e+00,5.000000000000000000e+01,9.815432066732796557e+01,-1.231792741428817379e+02,7.502495347555377236e+01,0.000000000000000000e+00,5.485000000000000142e+01,2.202599999999999980e+01,5.000000000000000000e+01,1.000000000000000000e+00
6.000000000000000000e+00,5.000000000000000000e+01,9.815432066732796557e+01,-1.199037385021633639e+02,7.174941783483539837e+01,0.000000000000000000e+00,5.485000000000000142e+01,2.202599999999999980e+01,5.000000000000000000e+01,1.000000000000000000e+00
7.000000000000000000e+00,5.000000000000000000e+01,9.815432066732796557e+01,-1.167712103974258326e+02,6.861688973009786707e+01,0.000000000000000000e+00,5.485000000000000142e+01,2.202599999999999980e+01,5.000000000000000000e+01,1.000000000000000000e+00
8.000000000000000000e+00,5.000000000000000000e+01,9.844139155399820140e+01,-1.143370546866442936e+02,6.589566313264609221e+01,0.000000000000000000e+00,5.485000000000000142e+01,2.192999999999999972e+01,5.000000000000000000e+01,1.000000000000000000e+00
9.000000000000000000e+00,4.999999999999999289e+01,9.844139155399820140e+01,-1.114600973123210395e+02,6.301870575832283095e+01,0.000000000000000000e+00,5.485000000000000142e+01,2.192999999999999972e+01,5.000000000000000000e+01,1.000000000000000000e+00
1.000000000000000000e+01,5.000000000000000000e+01,9.786425945892160883e+01,-1.075796788158789496e+02,5.971541935695734082e+01,0.000000000000000000e+00,5.485000000000000142e+01,2.212300000000000111e+01,5.000000000000000000e+01,1.000000000000000000e+00
1.100000000000000000e+01,5.000000000000000711e+01,9.786425945892160883e+01,-1.049725464506733772e+02,5.710828699175177547e+01,0.000000000000000000e+00,5.485000000000000142e+01,2.212300000000000111e+01,5.000000000000000000e+01,1.000000000000000000e+00
1.200000000000000000e+01,5.000000000000000711e+01,9.795994975447834463e+01,-1.026664424354621303e+02,5.470649268098379281e+01,0.000000000000000000e+00,5.485000000000000142e+01,2.209100000000000108e+01,5.000000000000000000e+01,1.000000000000000000e+00
1.300000000000000000e+01,5.000000000000000000e+01,9.766988854607198789e+01,-9.971053766262016893e+01,5.204064911654818104e+01,0.000000000000000000e+00,5.485000000000000142e+01,2.218799999999999883e+01,5.000000000000000000e+01,1.000000000000000000e+00
1.400000000000000000e+01,4.999999999999999289e+01,9.776856916336485881e+01,-9.763153316934162262e+01,4.986296400597675671e+01,0.000000000000000000e+00,5.485000000000000142e+01,2.215500000000000114e+01,5.000000000000000000e+01,1.000000000000000000e+00
1.500000000000000000e+01,4.999999999999999289e+01,9.757419825051523787e+01,-9.507429620483648591e+01,4.750009795432124093e+01,0.000000000000000000e+00,5.485000000000000142e+01,2.221999999999999886e+01,5.000000000000000000e+01,1.000000000000000000e+00
1.600000000000000000e+01,4.999999999999999289e+01,9.757419825051523787e+01,-9.300047600796438019e+01,4.542627775744913521e+01,0.000000000000000000e+00,5.485000000000000142e+01,2.221999999999999886e+01,5.000000000000000000e+01,1.000000000000000000e+00
1.700000000000000000e+01,5.000000000000000000e+01,9.738281765940175205e+01,-9.064279167005904014e+01,4.325997401065728809e+01,0.000000000000000000e+00,5.485000000000000142e+01,2.228399999999999892e+01,5.000000000000000000e+01,1.000000000000000000e+00
1.800000000000000000e+01,5.000000000000000711e+01,9.738281765940175205e+01,-8.875409224241286665e+01,4.137127458301112171e+01,0.000000000000000000e+00,5.485000000000000142e+01,2.228399999999999892e+01,5.000000000000000000e+01,1.000000000000000000e+00
1.900000000000000000e+01,5.000000000000000000e+01,9.699706615543861687e+01,-8.619319070266810456e+01,3.919612454722948769e+01,0.000000000000000000e+00,5.485000000000000142e+01,2.241300000000000026e+01,5.000000000000000000e+01,1.000000000000000000e+00
2.000000000000000000e+01,5.000000000000000711e+01,9.728712736384501625e+01,-8.504937457947559665e+01,3.776224721563058750e+01,0.000000000000000000e+00,5.485000000000000142e+01,2.231599999999999895e+01,5.000000000000000000e+01,1.000000000000000000e+00
2.100000000000000000e+01,5.000000000000000711e+01,9.670700494703226013e+01,-8.226578485412881037e+01,3.555877990709655734e+01,0.000000000000000000e+00,5.485000000000000142e+01,2.251000000000000156e+01,5.000000000000000000e+01,1.000000000000000000e+00
2.200000000000000000e+01,4.999999999999999289e+01,9.670700494703226013e+01,-8.071331403568163410e+01,3.400630908864936686e+01,0.000000000000000000e+00,5.485000000000000142e+01,2.251000000000000156e+01,5.000000000000000000e+01,1.000000000000000000e+00
2.300000000000000000e+01,5.000000000000000711e+01,9.641993406036202430e+01,-7.866701451492656361e+01,3.224708045456454641e+01,0.000000000000000000e+00,5.485000000000000142e+01,2.260600000000000165e+01,5.000000000000000000e+01,1.000000000000000000e+00
2.400000000000000000e+01,4.999999999999999289e+01,9.612987285195566756e+01,-7.669167156597421808e+01,3.056179871401854342e+01,0.000000000000000000e+00,5.485000000000000142e+01,2.270299999999999940e+01,5.000000000000000000e+01,1.000000000000000000e+00
2.500000000000000000e+01,5.000000000000000000e+01,9.583981164354926818e+01,-7.478990680867781293e+01,2.895009516512854830e+01,0.000000000000000000e+00,5.485000000000000142e+01,2.280000000000000071e+01,5.000000000000000000e+01,1.000000000000000000e+00
2.600000000000000000e+01,4.999999999999999289e+01,9.574412134799254659e+01,-7.333876360307908726e+01,2.759464225508653357e+01,0.000000000000000000e+00,5.485000000000000142e+01,2.283200000000000074e+01,5.000000000000000000e+01,1.000000000000000000e+00
2.700000000000000000e+01,5.000000000000000000e+01,9.574412134799254659e+01,-7.213400132050250591e+01,2.638987997250996287e+01,0.000000000000000000e+00,5.485000000000000142e+01,2.283200000000000074e+01,5.000000000000000000e+01,1.000000000000000000e+00
2.800000000000000000e+01,5.000000000000000000e+01,9.497261834006631886e+01,-6.947251534674917650e+01,2.449989700668285764e+01,0.000000000000000000e+00,5.485000000000000142e+01,2.308999999999999986e+01,5.000000000000000000e+01,1.000000000000000000e+00
2.900000000000000000e+01,5.000000000000000000e+01,9.478123774895283304e+01,-6.802846177840790176e+01,2.324722402945506872e+01,0.000000000000000000e+00,5.485000000000000142e+01,2.315399999999999991e+01,5.000000000000000000e+01,1.000000000000000000e+00
3.000000000000000000e+01,5.000000000000000000e+01,9.478123774895283304e+01,-6.701350465642772747e+01,2.223226690747489087e+01,0.000000000000000000e+00,5.485000000000000142e+01,2.315399999999999991e+01,5.000000000000000000e+01,1.000000000000000000e+00
3.100000000000000000e+01,5.000000000000000711e+01,9.439548624498971208e+01,-6.528819846016597239e+01,2.089271221517626742e+01,0.000000000000000000e+00,5.485000000000000142e+01,2.328300000000000125e+01,5.000000000000000000e+01,1.000000000000000000e+00
3.200000000000000000e+01,5.000000000000000000e+01,9.420111533214009114e+01,-6.399578190361047803e+01,1.979466657147038688e+01,0.000000000000000000e+00,5.485000000000000142e+01,2.334799999999999898e+01,5.000000000000000000e+01,1.000000000000000000e+00
3.300000000000000000e+01,5.000000000000000000e+01,9.362398323706348435e+01,-6.200249394618931831e+01,1.837851070912583040e+01,0.000000000000000000e+00,5.485000000000000142e+01,2.354100000000000037e+01,5.000000000000000000e+01,1.000000000000000000e+00
3.400000000000000000e+01,5.000000000000000000e+01,9.333392202865709919e+01,-6.063264280206388435e+01,1.729872077340678516e+01,0.000000000000000000e+00,5.485000000000000142e+01,2.363800000000000168e+01,5.000000000000000000e+01,1.000000000000000000e+00
3.500000000000000000e+01,5.000000000000000000e+01,9.294817052469399243e+01,-5.912273169035272247e+01,1.617456116565873003e+01,0.000000000000000000e+00,5.485000000000000142e+01,2.376699999999999946e+01,5.000000000000000000e+01,1.000000000000000000e+00
3.600000000000000000e+01,5.000000000000000000e+01,9.256241902073087147e+01,-5.766190058056695733e+01,1.509948155983608586e+01,0.000000000000000000e+00,5.485000000000000142e+01,2.389600000000000080e+01,5.000000000000000000e+01,1.000000000000000000e+00
3.700000000000000000e+01,5.000000000000000000e+01,9.198528692565427889e+01,-5.587360103210745876e+01,1.388831410645318165e+01,0.000000000000000000e+00,5.485000000000000142e+01,2.408899999999999864e+01,5.000000000000000000e+01,1.000000000000000000e+00
3.800000000000000000e+01,5.000000000000000000e+01,9.188959663009754308e+01,-5.508004438118032198e+01,1.319044775108277889e+01,0.000000000000000000e+00,5.485000000000000142e+01,2.412099999999999866e+01,5.000000000000000000e+01,1.000000000000000000e+00
3.900000000000000000e+01,5.000000000000000000e+01,9.159953542169115792e+01,-5.393670034353245057e+01,1.233716492184128910e+01,0.000000000000000000e+00,5.485000000000000142e+01,2.421799999999999997e+01,5.000000000000000000e+01,1.000000000000000000e+00
4.000000000000000000e+01,5.000000000000000000e+01,9.121378391772803695e+01,-5.264340720054167377e+01,1.142962328281363327e+01,0.000000000000000000e+00,5.485000000000000142e+01,2.434700000000000131e+01,5.000000000000000000e+01,1.000000000000000000e+00
4.100000000000000000e+01,5.000000000000000000e+01,9.082803241376493020e+01,-5.138973667437852555e+01,1.056170426061359713e+01,0.000000000000000000e+00,5.485000000000000142e+01,2.447599999999999909e+01,5.000000000000000000e+01,1.000000000000000000e+00
4.200000000000000000e+01,5.000000000000000000e+01,9.044527123153795856e+01,-5.017980895819100340e+01,9.734537726653048395e+00,0.000000000000000000e+00,5.485000000000000142e+01,2.460399999999999920e+01,5.000000000000000000e+01,1.000000000000000000e+00
4.300000000000000000e+01,5.000000000000000000e+01,8.996083911028196667e+01,-4.880709174160473651e+01,8.846252631322766291e+00,0.000000000000000000e+00,5.485000000000000142e+01,2.476599999999999824e+01,5.000000000000000000e+01,1.000000000000000000e+00
4.400000000000000000e+01,5.000000000000000000e+01,8.996083911028196667e+01,-4.842087069862683535e+01,8.460031588344870457e+00,0.000000000000000000e+00,5.485000000000000142e+01,2.476599999999999824e+01,5.000000000000000000e+01,1.000000000000000000e+00
4.500000000000000000e+01,5.000000000000000000e+01,8.919232642409187406e+01,-4.654803912939941313e+01,7.355712705307540844e+00,0.000000000000000000e+00,5.485000000000000142e+01,2.502299999999999969e+01,5.000000000000000000e+01,1.000000000000000000e+00
4.600000000000000000e+01,5.000000000000000000e+01,8.870789430283586796e+01,-4.527917970651357393e+01,6.571285403677706860e+00,0.000000000000000000e+00,5.485000000000000142e+01,2.518499999999999872e+01,5.000000000000000000e+01,1.000000000000000000e+00
4.700000000000000000e+01,5.000000000000000000e+01,8.822645250331601119e+01,-4.405041790498594168e+01,5.823965401669927822e+00,0.000000000000000000e+00,5.485000000000000142e+01,2.534600000000000009e+01,5.000000000000000000e+01,1.000000000000000000e+00
4.800000000000000000e+01,5.000000000000000000e+01,8.803507191220252537e+01,-4.342174211113101023e+01,5.386670198928483977e+00,0.000000000000000000e+00,5.485000000000000142e+01,2.541000000000000014e+01,5.000000000000000000e+01,1.000000000000000000e+00
4.900000000000000000e+01,5.000000000000000000e+01,8.774501070379615442e+01,-4.261910540244735301e+01,4.874094698651195934e+00,0.000000000000000000e+00,5.485000000000000142e+01,2.550700000000000145e+01,5.000000000000000000e+01,1.000000000000000000e+00
5.000000000000000000e+01,5.000000000000000000e+01,8.726356890427629764e+01,-4.146444172942068462e+01,4.200872825144388756e+00,0.000000000000000000e+00,5.485000000000000142e+01,2.566799999999999926e+01,5.000000000000000000e+01,1.000000000000000000e+00
5.100000000000000000e+01,5.000000000000000000e+01,8.678212710475644087e+01,-4.033917044037598032e+01,3.557043335619539448e+00,0.000000000000000000e+00,5.485000000000000142e+01,2.582900000000000063e+01,5.000000000000000000e+01,1.000000000000000000e+00
5.200000000000000000e+01,5.000000000000000000e+01,8.639637560079333412e+01,-3.942921110638094007e+01,3.032835505587605507e+00,0.000000000000000000e+00,5.485000000000000142e+01,2.595799999999999841e+01,5.000000000000000000e+01,1.000000000000000000e+00
5.300000000000000000e+01,5.000000000000000000e+01,8.591493380127346313e+01,-3.835493548867834335e+01,2.440001687404879327e+00,0.000000000000000000e+00,5.485000000000000142e+01,2.611899999999999977e+01,5.000000000000000000e+01,1.000000000000000000e+00
5.400000000000000000e+01,5.000000000000000000e+01,8.552918229731034216e+01,-3.749374539160238129e+01,1.964563094292037793e+00,0.000000000000000000e+00,5.485000000000000142e+01,2.624800000000000111e+01,5.000000000000000000e+01,1.000000000000000000e+00
5.500000000000000000e+01,5.000000000000000000e+01,8.514343079334723541e+01,-3.665331260238964006e+01,1.509881809042403322e+00,0.000000000000000000e+00,5.485000000000000142e+01,2.637699999999999889e+01,5.000000000000000000e+01,1.000000000000000000e+00
5.600000000000000000e+01,5.000000000000000000e+01,8.495205020223374959e+01,-3.621298660297069461e+01,1.260936400736943241e+00,0.000000000000000000e+00,5.485000000000000142e+01,2.644099999999999895e+01,5.000000000000000000e+01,1.000000000000000000e+00
5.700000000000000000e+01,5.000000000000000000e+01,8.418054719430750765e+01,-3.464861227634103358e+01,4.680650820335228168e-01,0.000000000000000000e+00,5.485000000000000142e+01,2.669900000000000162e+01,5.000000000000000000e+01,1.000000000000000000e+00
5.800000000000000000e+01,5.000000000000000000e+01,8.398617628145788672e+01,-3.424792115958209848e+01,2.617448781242134315e-01,0.000000000000000000e+00,5.485000000000000142e+01,2.676399999999999935e+01,5.000000000000000000e+01,1.000000000000000000e+00
5.900000000000000000e+01,5.000000000000000000e+01,8.360042477749476575e+01,-3.348183219196916838e+01,-1.185925855256000916e-01,0.000000000000000000e+00,5.485000000000000142e+01,2.689300000000000068e+01,5.000000000000000000e+01,1.000000000000000000e+00
6.000000000000000000e+01,5.000000000000000000e+01,8.321766359526780832e+01,-3.273819857330989436e+01,-4.794650219579160710e-01,0.000000000000000000e+00,5.485000000000000142e+01,2.702100000000000080e+01,5.000000000000000000e+01,1.000000000000000000e+00
6.100000000000000000e+01,4.999999999999999289e+01,8.244616058734156638e+01,-3.124980892411228339e+01,-1.196351663229283213e+00,0.000000000000000000e+00,5.485000000000000142e+01,2.727899999999999991e+01,5.000000000000000000e+01,1.000000000000000000e+00
6.200000000000000000e+01,5.000000000000000000e+01,8.225178967449193124e+01,-3.092178504828528318e+01,-1.330004626206647611e+00,0.000000000000000000e+00,5.485000000000000142e+01,2.734400000000000119e+01,5.000000000000000000e+01,1.000000000000000000e+00
6.300000000000000000e+01,4.999999999999999289e+01,8.186603817052882448e+01,-3.022519072200168111e+01,-1.640847448527144037e+00,0.000000000000000000e+00,5.485000000000000142e+01,2.747299999999999898e+01,5.000000000000000000e+01,1.000000000000000000e+00
6.400000000000000000e+01,5.000000000000000000e+01,8.128890607545221769e+01,-2.916776192739224172e+01,-2.121144148059975088e+00,0.000000000000000000e+00,5.485000000000000142e+01,2.766600000000000037e+01,5.000000000000000000e+01,1.000000000000000000e+00
6.500000000000000000e+01,5.000000000000000000e+01,8.071177398037562511e+01,-2.813130254208677528e+01,-2.580471438288849839e+00,0.000000000000000000e+00,5.485000000000000142e+01,2.785900000000000176e+01,5.000000000000000000e+01,1.000000000000000000e+00
6.600000000000000000e+01,5.000000000000000000e+01,8.032602247641251836e+01,-2.748930269964840889e+01,-2.836719776764109469e+00,0.000000000000000000e+00,5.485000000000000142e+01,2.798799999999999955e+01,5.000000000000000000e+01,1.000000000000000000e+00
6.700000000000000000e+01,5.000000000000000000e+01,7.974590005959976224e+01,-2.647823474471858418e+01,-3.267665314881178951e+00,0.000000000000000000e+00,5.485000000000000142e+01,2.818199999999999861e+01,5.000000000000000000e+01,1.000000000000000000e+00
6.800000000000000000e+01,5.000000000000000000e+01,7.965020976404302644e+01,-2.643369584645586201e+01,-3.216513917587164872e+00,0.000000000000000000e+00,5.485000000000000142e+01,2.821399999999999864e+01,5.000000000000000000e+01,1.000000000000000000e+00
6.900000000000000000e+01,4.999999999999999289e+01,7.916876796452316967e+01,-2.563226234085911059e+01,-3.536505623664059961e+00,0.000000000000000000e+00,5.485000000000000142e+01,2.837500000000000000e+01,5.000000000000000000e+01,1.000000000000000000e+00
7.000000000000000000e+01,5.000000000000000000e+01,7.887870675611678450e+01,-2.521920508649422032e+01,-3.659501669622564179e+00,0.000000000000000000e+00,5.485000000000000142e+01,2.847200000000000131e+01,5.000000000000000000e+01,1.000000000000000000e+00
7.100000000000000000e+01,5.000000000000000000e+01,7.820588436548345612e+01,-2.406270646539324076e+01,-4.143177900090217136e+00,0.000000000000000000e+00,5.485000000000000142e+01,2.869699999999999918e+01,5.000000000000000000e+01,1.000000000000000000e+00
7.200000000000000000e+01,5.000000000000000000e+01,7.762576194867070001e+01,-2.310867753478557063e+01,-4.517084413885131156e+00,0.000000000000000000e+00,5.485000000000000142e+01,2.889099999999999824e+01,5.000000000000000000e+01,1.000000000000000000e+00
7.300000000000000000e+01,5.000000000000000000e+01,7.743438135755722840e+01,-2.293148455650256778e+01,-4.502896801054662390e+00,0.000000000000000000e+00,5.485000000000000142e+01,2.895499999999999829e+01,5.000000000000000000e+01,1.000000000000000000e+00
7.400000000000000000e+01,5.000000000000000000e+01,7.675856864518772227e+01,-2.180595787355985493e+01,-4.952610771627866448e+00,0.000000000000000000e+00,5.485000000000000142e+01,2.918100000000000094e+01,5.000000000000000000e+01,1.000000000000000000e+00
7.500000000000000000e+01,5.000000000000000000e+01,7.647149775851750064e+01,-2.146057684211531580e+01,-5.010920916402183067e+00,0.000000000000000000e+00,5.485000000000000142e+01,2.927700000000000102e+01,5.000000000000000000e+01,1.000000000000000000e+00
7.600000000000000000e+01,5.000000000000000000e+01,7.608574625455439389e+01,-2.092468868012097261e+01,-5.161057574433421280e+00,0.000000000000000000e+00,5.485000000000000142e+01,2.940599999999999881e+01,5.000000000000000000e+01,1.000000000000000000e+00
7.700000000000000000e+01,4.999999999999999289e+01,7.550562383774163777e+01,-2.001509964579873824e+01,-5.490524191942900423e+00,0.000000000000000000e+00,5.485000000000000142e+01,2.960000000000000142e+01,5.000000000000000000e+01,1.000000000000000000e+00
7.800000000000000000e+01,5.000000000000000000e+01,7.492849174266504519e+01,-1.912574497578590638e+01,-5.802746766879140594e+00,0.000000000000000000e+00,5.485000000000000142e+01,2.979299999999999926e+01,5.000000000000000000e+01,1.000000000000000000e+00
7.900000000000000000e+01,5.000000000000000000e+01,7.473711115155155937e+01,-1.900468309341264828e+01,-5.732428058138910210e+00,0.000000000000000000e+00,5.485000000000000142e+01,2.985699999999999932e+01,5.000000000000000000e+01,1.000000000000000000e+00
8.000000000000000000e+01,5.000000000000000000e+01,7.425267903029555328e+01,-1.830724250593304347e+01,-5.945436524362508912e+00,0.000000000000000000e+00,5.485000000000000142e+01,3.001899999999999835e+01,5.000000000000000000e+01,1.000000000000000000e+00
8.100000000000000000e+01,5.000000000000000000e+01,7.367554693521894649e+01,-1.743774898196846124e+01,-6.237797953250487026e+00,0.000000000000000000e+00,5.485000000000000142e+01,3.021199999999999974e+01,5.000000000000000000e+01,1.000000000000000000e+00
8.200000000000000000e+01,5.000000000000000000e+01,7.338548572681257554e+01,-1.714262821262176573e+01,-6.242857514190808033e+00,0.000000000000000000e+00,5.485000000000000142e+01,3.030900000000000105e+01,5.000000000000000000e+01,1.000000000000000000e+00
8.300000000000000000e+01,5.000000000000000000e+01,7.299973422284946878e+01,-1.666052551861144337e+01,-6.339208704238026293e+00,0.000000000000000000e+00,5.485000000000000142e+01,3.043799999999999883e+01,5.000000000000000000e+01,1.000000000000000000e+00
8.400000000000000000e+01,5.000000000000000000e+01,7.251829242332959780e+01,-1.599542662696539708e+01,-6.522865796364201607e+00,0.000000000000000000e+00,5.485000000000000142e+01,3.059900000000000020e+01,5.000000000000000000e+01,1.000000000000000000e+00
8.500000000000000000e+01,4.999999999999999289e+01,7.203685062380974102e+01,-1.533834607219345614e+01,-6.698504551616285774e+00,0.000000000000000000e+00,5.485000000000000142e+01,3.076000000000000156e+01,5.000000000000000000e+01,1.000000000000000000e+00
8.600000000000000000e+01,5.000000000000000000e+01,7.145971852873314845e+01,-1.450173095799637224e+01,-6.957987570736776206e+00,0.000000000000000000e+00,5.485000000000000142e+01,3.095299999999999940e+01,5.000000000000000000e+01,1.000000000000000000e+00
8.700000000000000000e+01,5.000000000000000000e+01,7.097827672921329167e+01,-1.386364750770746745e+01,-7.114629221505824219e+00,0.000000000000000000e+00,5.485000000000000142e+01,3.111400000000000077e+01,5.000000000000000000e+01,1.000000000000000000e+00
8.800000000000000000e+01,4.999999999999999289e+01,7.068821552080692072e+01,-1.360680856243419257e+01,-7.081406958372729044e+00,0.000000000000000000e+00,5.485000000000000142e+01,3.121099999999999852e+01,5.000000000000000000e+01,1.000000000000000000e+00
8.900000000000000000e+01,5.000000000000000000e+01,7.011108342573031393e+01,-1.278691069259573965e+01,-7.324172733134573399e+00,0.000000000000000000e+00,5.485000000000000142e+01,3.140399999999999991e+01,5.000000000000000000e+01,1.000000000000000000e+00
9.000000000000000000e+01,5.000000000000000711e+01,6.962964162621045716e+01,-1.216481462377088363e+01,-7.464827002439572645e+00,0.000000000000000000e+00,5.485000000000000142e+01,3.156500000000000128e+01,5.000000000000000000e+01,1.000000000000000000e+00
9.100000000000000000e+01,5.000000000000000000e+01,6.895382891384096524e+01,-1.116860368832969819e+01,-7.785225225511267055e+00,0.000000000000000000e+00,5.485000000000000142e+01,3.179100000000000037e+01,5.000000000000000000e+01,1.000000000000000000e+00
9.200000000000000000e+01,5.000000000000000000e+01,6.876244832272747942e+01,-1.113409539309491336e+01,-7.628352929632566948e+00,0.000000000000000000e+00,5.485000000000000142e+01,3.185500000000000043e+01,5.000000000000000000e+01,1.000000000000000000e+00
9.300000000000000000e+01,5.000000000000000000e+01,6.827801620147147332e+01,-1.051942952523875441e+01,-7.758586676232718915e+00,0.000000000000000000e+00,5.485000000000000142e+01,3.201700000000000301e+01,5.000000000000000000e+01,1.000000000000000000e+00
9.400000000000000000e+01,5.000000000000000000e+01,6.779657440195163076e+01,-9.916299657491373765e+00,-7.880274744460256997e+00,0.000000000000000000e+00,5.485000000000000142e+01,3.217799999999999727e+01,5.000000000000000000e+01,1.000000000000000000e+00
9.500000000000000000e+01,5.000000000000000000e+01,6.702507139402538883e+01,-8.751024050931986764e+00,-8.274047343093402063e+00,0.000000000000000000e+00,5.485000000000000142e+01,3.243599999999999994e+01,5.000000000000000000e+01,1.000000000000000000e+00
9.600000000000000000e+01,5.000000000000000000e+01,6.683369080291190301e+01,-8.737857378636473271e+00,-8.095833424275429735e+00,0.000000000000000000e+00,5.485000000000000142e+01,3.250000000000000000e+01,5.000000000000000000e+01,1.000000000000000000e+00
9.700000000000000000e+01,5.000000000000000000e+01,6.635224900339204623e+01,-8.149451461944758890e+00,-8.202797541447287344e+00,0.000000000000000000e+00,5.485000000000000142e+01,3.266100000000000136e+01,5.000000000000000000e+01,1.000000000000000000e+00
9.800000000000000000e+01,5.000000000000000000e+01,6.587080720387218946e+01,-7.565715521865406856e+00,-8.305091682006782605e+00,0.000000000000000000e+00,5.485000000000000142e+01,3.282200000000000273e+01,5.000000000000000000e+01,1.000000000000000000e+00
9.900000000000000000e+01,5.000000000000000000e+01,6.558074599546583272e+01,-7.360851313498573134e+00,-8.219894681967259586e+00,0.000000000000000000e+00,5.485000000000000142e+01,3.291899999999999693e+01,5.000000000000000000e+01,1.000000000000000000e+00
1.000000000000000000e+02,5.000000000000000000e+01,6.490493328309631238e+01,-6.397606091208407619e+00,-8.507327191887904760e+00,0.000000000000000000e+00,5.485000000000000142e+01,3.314500000000000313e+01,5.000000000000000000e+01,1.000000000000000000e+00
1.010000000000000000e+02,5.000000000000000000e+01,6.461786239642610497e+01,-6.207421428276173714e+00,-8.410440968149931251e+00,0.000000000000000000e+00,5.485000000000000142e+01,3.324099999999999966e+01,5.000000000000000000e+01,1.000000000000000000e+00
1.020000000000000000e+02,5.000000000000000000e+01,6.413642059690624819e+01,-5.632751051229085704e+00,-8.503669545677162489e+00,0.000000000000000000e+00,5.485000000000000142e+01,3.340200000000000102e+01,5.000000000000000000e+01,1.000000000000000000e+00
1.030000000000000000e+02,5.000000000000000000e+01,6.365497879738637721e+01,-5.062150966988276934e+00,-8.592827830398100275e+00,0.000000000000000000e+00,5.485000000000000142e+01,3.356300000000000239e+01,5.000000000000000000e+01,1.000000000000000000e+00
1.040000000000000000e+02,5.000000000000000000e+01,6.317054667613037822e+01,-4.489593381319412657e+00,-8.680953294810965559e+00,0.000000000000000000e+00,5.485000000000000142e+01,3.372500000000000142e+01,5.000000000000000000e+01,1.000000000000000000e+00
1.050000000000000000e+02,5.000000000000000000e+01,6.249772428549702852e+01,-3.552327735441867418e+00,-8.945396550055161100e+00,0.000000000000000000e+00,5.485000000000000142e+01,3.395000000000000284e+01,5.000000000000000000e+01,1.000000000000000000e+00
1.060000000000000000e+02,5.000000000000000000e+01,6.201628248597719306e+01,-3.001013135287141864e+00,-9.015269350690051198e+00,0.000000000000000000e+00,5.485000000000000142e+01,3.411099999999999710e+01,5.000000000000000000e+01,1.000000000000000000e+00
1.070000000000000000e+02,5.000000000000000000e+01,6.172622127757081500e+01,-2.827154774405029158e+00,-8.899066503165785846e+00,0.000000000000000000e+00,5.485000000000000142e+01,3.420799999999999841e+01,5.000000000000000000e+01,1.000000000000000000e+00
1.080000000000000000e+02,5.000000000000000000e+01,6.105040856520133019e+01,-1.893561706544209855e+00,-9.156846858657120336e+00,0.000000000000000000e+00,5.485000000000000142e+01,3.443399999999999750e+01,5.000000000000000000e+01,1.000000000000000000e+00
1.090000000000000000e+02,5.000000000000000000e+01,6.066465706123819501e+01,-1.538681696618313666e+00,-9.125975364619881347e+00,0.000000000000000000e+00,5.485000000000000142e+01,3.456300000000000239e+01,5.000000000000000000e+01,1.000000000000000000e+00
1.100000000000000000e+02,5.000000000000000000e+01,6.028189587901123048e+01,-1.188303947582863174e+00,-9.093591931428367303e+00,0.000000000000000000e+00,5.485000000000000142e+01,3.469100000000000250e+01,5.000000000000000000e+01,1.000000000000000000e+00
1.110000000000000000e+02,5.000000000000000000e+01,6.008752496616160244e+01,-1.205067915846063542e+00,-8.882457050315538893e+00,0.000000000000000000e+00,5.485000000000000142e+01,3.475600000000000023e+01,5.000000000000000000e+01,1.000000000000000000e+00
1.120000000000000000e+02,5.000000000000000000e+01,5.941470257552825984e+01,-2.765997793613017564e-01,-9.138102796166958086e+00,0.000000000000000000e+00,5.485000000000000142e+01,3.498100000000000165e+01,5.000000000000000000e+01,1.000000000000000000e+00
1.130000000000000000e+02,5.000000000000000000e+01,5.922033166267863180e+01,-2.953070600438554294e-01,-8.925024602634776372e+00,0.000000000000000000e+00,5.485000000000000142e+01,3.504599999999999937e+01,5.000000000000000000e+01,1.000000000000000000e+00
1.140000000000000000e+02,5.000000000000000000e+01,5.864319956760203922e+01,4.440997861832691740e-01,-9.087299353785308398e+00,0.000000000000000000e+00,5.485000000000000142e+01,3.523899999999999721e+01,5.000000000000000000e+01,1.000000000000000000e+00
1.150000000000000000e+02,5.000000000000000000e+01,5.835313835919566117e+01,6.148133688094858940e-01,-8.967951728005147061e+00,0.000000000000000000e+00,5.485000000000000142e+01,3.533599999999999852e+01,5.000000000000000000e+01,1.000000000000000000e+00
1.160000000000000000e+02,5.000000000000000000e+01,5.796738685523253309e+01,9.779404046133759465e-01,-8.945327259845909040e+00,0.000000000000000000e+00,5.485000000000000142e+01,3.546500000000000341e+01,5.000000000000000000e+01,1.000000000000000000e+00
1.170000000000000000e+02,5.000000000000000000e+01,5.777600626411904727e+01,9.617994773655222929e-01,-8.737805741484569566e+00,0.000000000000000000e+00,5.485000000000000142e+01,3.552900000000000347e+01,5.000000000000000000e+01,1.000000000000000000e+00
1.180000000000000000e+02,5.000000000000000000e+01,5.729456446459920471e+01,1.522177343282626438e+00,-8.816741807881831150e+00,0.000000000000000000e+00,5.485000000000000142e+01,3.568999999999999773e+01,5.000000000000000000e+01,1.000000000000000000e+00
1.190000000000000000e+02,5.000000000000000000e+01,5.700450325619282665e+01,1.704703274246531564e+00,-8.709206530439358218e+00,0.000000000000000000e+00,5.485000000000000142e+01,3.578699999999999903e+01,5.000000000000000000e+01,1.000000000000000000e+00
1.200000000000000000e+02,5.000000000000000000e+01,5.652306145667296988e+01,2.266329761198877080e+00,-8.789391217871846962e+00,0.000000000000000000e+00,5.485000000000000142e+01,3.594800000000000040e+01,5.000000000000000000e+01,1.000000000000000000e+00
1.210000000000000000e+02,5.000000000000000000e+01,5.613730995270985602e+01,2.637252620763648636e+00,-8.774562573473504656e+00,0.000000000000000000e+00,5.485000000000000142e+01,3.607699999999999818e+01,5.000000000000000000e+01,1.000000000000000000e+00
1.220000000000000000e+02,5.000000000000000000e+01,5.613730995270985602e+01,2.254161514276109557e+00,-8.391471466985965577e+00,0.000000000000000000e+00,5.485000000000000142e+01,3.607699999999999818e+01,5.000000000000000000e+01,1.000000000000000000e+00
1.230000000000000000e+02,5.000000000000000000e+01,5.527011664922688539e+01,3.584321460161660866e+00,-8.854438109388546252e+00,0.000000000000000000e+00,5.485000000000000142e+01,3.636699999999999733e+01,5.000000000000000000e+01,1.000000000000000000e+00
1.240000000000000000e+02,5.000000000000000000e+01,5.507574573637724313e+01,3.577998776183472174e+00,-8.653744512560715307e+00,0.000000000000000000e+00,5.485000000000000142e+01,3.643200000000000216e+01,5.000000000000000000e+01,1.000000000000000000e+00
1.250000000000000000e+02,5.000000000000000000e+01,5.449861364130065056e+01,4.329249516508371087e+00,-8.827863157809021644e+00,0.000000000000000000e+00,5.485000000000000142e+01,3.662500000000000000e+01,5.000000000000000000e+01,1.000000000000000000e+00
1.260000000000000000e+02,5.000000000000000000e+01,5.430723305018716474e+01,4.318236987678680805e+00,-8.625470037865845541e+00,0.000000000000000000e+00,5.485000000000000142e+01,3.668900000000000006e+01,5.000000000000000000e+01,1.000000000000000000e+00
1.270000000000000000e+02,5.000000000000000000e+01,5.392148154622405798e+01,4.696316528354261166e+00,-8.617798074578319145e+00,0.000000000000000000e+00,5.485000000000000142e+01,3.681799999999999784e+01,5.000000000000000000e+01,1.000000000000000000e+00
1.280000000000000000e+02,5.000000000000000000e+01,5.344003974670419410e+01,5.261933842906838521e+00,-8.701973589611032622e+00,0.000000000000000000e+00,5.485000000000000142e+01,3.697899999999999920e+01,5.000000000000000000e+01,1.000000000000000000e+00
1.290000000000000000e+02,5.000000000000000000e+01,5.324566883385456606e+01,5.262267650473644309e+00,-8.507936484328210369e+00,0.000000000000000000e+00,5.485000000000000142e+01,3.704399999999999693e+01,5.000000000000000000e+01,1.000000000000000000e+00
1.300000000000000000e+02,5.000000000000000000e+01,5.276422703433470929e+01,5.832681443234328356e+00,-8.596908477569037643e+00,0.000000000000000000e+00,5.485000000000000142e+01,3.720499999999999829e+01,5.000000000000000000e+01,1.000000000000000000e+00
1.310000000000000000e+02,5.000000000000000000e+01,5.247416582592833123e+01,6.024805139676249865e+00,-8.498970965604581096e+00,0.000000000000000000e+00,5.485000000000000142e+01,3.730199999999999960e+01,5.000000000000000000e+01,1.000000000000000000e+00
1.320000000000000000e+02,5.000000000000000000e+01,5.218709493925809539e+01,6.215354629452736646e+00,-8.402449568710832040e+00,0.000000000000000000e+00,5.485000000000000142e+01,3.739800000000000324e+01,5.000000000000000000e+01,1.000000000000000000e+00
1.330000000000000000e+02,5.000000000000000000e+01,5.180134343529498153e+01,6.603171083801520069e+00,-8.404514519096501601e+00,0.000000000000000000e+00,5.485000000000000142e+01,3.752700000000000102e+01,5.000000000000000000e+01,1.000000000000000000e+00
1.340000000000000000e+02,5.000000000000000000e+01,5.141559193133187478e+01,6.990897383897994644e+00,-8.406489315229869419e+00,0.000000000000000000e+00,5.485000000000000142e+01,3.765599999999999881e+01,5.000000000000000000e+01,1.000000000000000000e+00
1.350000000000000000e+02,5.000000000000000000e+01,5.093415013181201090e+01,7.565740287276392806e+00,-8.499890419088403704e+00,0.000000000000000000e+00,5.485000000000000142e+01,3.781700000000000017e+01,5.000000000000000000e+01,1.000000000000000000e+00
1.360000000000000000e+02,5.000000000000000000e+01,5.064408892340563284e+01,7.762099722544197888e+00,-8.406188645949830729e+00,0.000000000000000000e+00,5.485000000000000142e+01,3.791400000000000148e+01,5.000000000000000000e+01,1.000000000000000000e+00
1.370000000000000000e+02,5.000000000000000000e+01,5.016264712388577607e+01,8.336955752927634578e+00,-8.499602876813410646e+00,0.000000000000000000e+00,5.485000000000000142e+01,3.807500000000000284e+01,5.000000000000000000e+01,1.000000000000000000e+00
1.380000000000000000e+02,5.000000000000000000e+01,5.044971801055601190e+01,7.404260725128709808e+00,-7.853978735684721713e+00,0.000000000000000000e+00,5.485000000000000142e+01,3.797899999999999920e+01,5.000000000000000000e+01,1.000000000000000000e+00
1.390000000000000000e+02,5.000000000000000000e+01,4.958252470707304127e+01,8.757887218028889365e+00,-8.340411925101930635e+00,0.000000000000000000e+00,5.485000000000000142e+01,3.826899999999999835e+01,5.000000000000000000e+01,1.000000000000000000e+00
1.400000000000000000e+02,5.000000000000000000e+01,4.948683441151628415e+01,8.580953638824187379e+00,-8.067788050340471528e+00,0.000000000000000000e+00,5.485000000000000142e+01,3.830100000000000193e+01,5.000000000000000000e+01,1.000000000000000000e+00
1.410000000000000000e+02,5.000000000000000000e+01,4.910108290755317739e+01,8.983381174955988868e+00,-8.084464082509166261e+00,0.000000000000000000e+00,5.485000000000000142e+01,3.842999999999999972e+01,5.000000000000000000e+01,1.000000000000000000e+00
1.420000000000000000e+02,5.000000000000000000e+01,4.881401202088294156e+01,9.192027737852880520e+00,-8.006039758735822076e+00,0.000000000000000000e+00,5.485000000000000142e+01,3.852600000000000335e+01,5.000000000000000000e+01,1.000000000000000000e+00
1.430000000000000000e+02,5.000000000000000000e+01,4.852395081247658482e+01,9.409948338629455122e+00,-7.933899151106039938e+00,0.000000000000000000e+00,5.485000000000000142e+01,3.862299999999999756e+01,5.000000000000000000e+01,1.000000000000000000e+00
1.440000000000000000e+02,5.000000000000000000e+01,4.794681871739997092e+01,1.019262701096929469e+01,-8.139445728369265609e+00,0.000000000000000000e+00,5.485000000000000142e+01,3.881600000000000250e+01,5.000000000000000000e+01,1.000000000000000000e+00
1.450000000000000000e+02,5.000000000000000000e+01,4.765675750899361418e+01,1.040472320282622398e+01,-8.061480711819838163e+00,0.000000000000000000e+00,5.485000000000000142e+01,3.891299999999999670e+01,5.000000000000000000e+01,1.000000000000000000e+00
1.460000000000000000e+02,5.000000000000000000e+01,4.746238659614397193e+01,1.043302046990410403e+01,-7.895407066048076850e+00,0.000000000000000000e+00,5.485000000000000142e+01,3.897800000000000153e+01,5.000000000000000000e+01,1.000000000000000000e+00
1.470000000000000000e+02,5.000000000000000000e+01,4.669387390995389353e+01,1.159178532198914269e+01,-8.285659231943036218e+00,0.000000000000000000e+00,5.485000000000000142e+01,3.923499999999999943e+01,5.000000000000000000e+01,1.000000000000000000e+00
1.480000000000000000e+02,5.000000000000000000e+01,4.659519329266100129e+01,1.142309229425517536e+01,-8.018285586916176655e+00,0.000000000000000000e+00,5.485000000000000142e+01,3.926800000000000068e+01,5.000000000000000000e+01,1.000000000000000000e+00
1.490000000000000000e+02,5.000000000000000000e+01,4.621243211043402965e+01,1.182183098425289813e+01,-8.034263094686927786e+00,0.000000000000000000e+00,5.485000000000000142e+01,3.939600000000000080e+01,5.000000000000000000e+01,1.000000000000000000e+00
1.500000000000000000e+02,5.000000000000000000e+01,4.601806119758440161e+01,1.185131655296699194e+01,-7.869377750551392658e+00,0.000000000000000000e+00,5.485000000000000142e+01,3.946099999999999852e+01,5.000000000000000000e+01,1.000000000000000000e+00
1.510000000000000000e+02,4.999999999999999289e+01,4.572799998917803066e+01,1.207520371897027545e+01,-7.803203708148306994e+00,0.000000000000000000e+00,5.485000000000000142e+01,3.955799999999999983e+01,5.000000000000000000e+01,1.000000000000000000e+00
1.520000000000000000e+02,5.000000000000000000e+01,4.563230969362127354e+01,1.192172426508791538e+01,-7.554033958709188923e+00,0.000000000000000000e+00,5.485000000000000142e+01,3.959000000000000341e+01,5.000000000000000000e+01,1.000000000000000000e+00
1.530000000000000000e+02,5.000000000000000000e+01,4.495948730298795226e+01,1.290819040065073864e+01,-7.867677703638690900e+00,0.000000000000000000e+00,5.485000000000000142e+01,3.981499999999999773e+01,5.000000000000000000e+01,1.000000000000000000e+00
1.540000000000000000e+02,5.000000000000000711e+01,4.476511639013830290e+01,1.294494896801830564e+01,-7.710065358156607651e+00,0.000000000000000000e+00,5.485000000000000142e+01,3.988000000000000256e+01,5.000000000000000000e+01,1.000000000000000000e+00
1.550000000000000000e+02,5.000000000000000000e+01,4.457373579902481708e+01,1.298273868913697449e+01,-7.556474488161791569e+00,0.000000000000000000e+00,5.485000000000000142e+01,3.994400000000000261e+01,5.000000000000000000e+01,1.000000000000000000e+00
1.560000000000000000e+02,5.000000000000000000e+01,4.437936488617519615e+01,1.303308416561377925e+01,-7.412449051788974508e+00,0.000000000000000000e+00,5.485000000000000142e+01,4.000900000000000034e+01,5.000000000000000000e+01,1.000000000000000000e+00
1.570000000000000000e+02,5.000000000000000000e+01,4.428367459061846034e+01,1.289666477967395330e+01,-7.180339370292413648e+00,0.000000000000000000e+00,5.485000000000000142e+01,4.004099999999999682e+01,5.000000000000000000e+01,1.000000000000000000e+00
1.580000000000000000e+02,5.000000000000000000e+01,4.370654249554184645e+01,1.371224333138887630e+01,-7.418785826930722749e+00,0.000000000000000000e+00,5.485000000000000142e+01,4.023400000000000176e+01,5.000000000000000000e+01,1.000000000000000000e+00
1.590000000000000000e+02,5.000000000000000000e+01,4.370654249554184645e+01,1.338834446492858632e+01,-7.094886960470431880e+00,0.000000000000000000e+00,5.485000000000000142e+01,4.023400000000000176e+01,5.000000000000000000e+01,1.000000000000000000e+00
1.600000000000000000e+02,4.999999999999999289e+01,4.370654249554184645e+01,1.307858679059078710e+01,-6.785129286132634441e+00,0.000000000000000000e+00,5.485000000000000142e+01,4.023400000000000176e+01,5.000000000000000000e+01,1.000000000000000000e+00
1.610000000000000000e+02,5.000000000000000000e+01,4.283934919205887581e+01,1.447887848359283680e+01,-7.318227675651711728e+00,0.000000000000000000e+00,5.485000000000000142e+01,4.052400000000000091e+01,5.000000000000000000e+01,1.000000000000000000e+00
1.620000000000000000e+02,5.000000000000000000e+01,4.264497827920925488e+01,1.453962564496929843e+01,-7.184603924178554202e+00,0.000000000000000000e+00,5.485000000000000142e+01,4.058899999999999864e+01,5.000000000000000000e+01,1.000000000000000000e+00
1.630000000000000000e+02,5.000000000000000000e+01,4.254928798365249776e+01,1.441315381382933580e+01,-6.962441797481832673e+00,0.000000000000000000e+00,5.485000000000000142e+01,4.062100000000000222e+01,5.000000000000000000e+01,1.000000000000000000e+00
1.640000000000000000e+02,5.000000000000000000e+01,4.206784618413266230e+01,1.505104279577427562e+01,-7.118888979906937919e+00,0.000000000000000000e+00,5.485000000000000142e+01,4.078199999999999648e+01,5.000000000000000000e+01,1.000000000000000000e+00
1.650000000000000000e+02,5.000000000000000000e+01,4.177778497572628424e+01,1.530769576305201696e+01,-7.085480738778302090e+00,0.000000000000000000e+00,5.485000000000000142e+01,4.087899999999999778e+01,5.000000000000000000e+01,1.000000000000000000e+00
1.660000000000000000e+02,5.000000000000000000e+01,4.177778497572628424e+01,1.499834875760463326e+01,-6.776133733330917508e+00,0.000000000000000000e+00,5.485000000000000142e+01,4.087899999999999778e+01,5.000000000000000000e+01,1.000000000000000000e+00
1.670000000000000000e+02,5.000000000000000000e+01,4.129634317620642037e+01,1.564437181596032644e+01,-6.940714992166745922e+00,0.000000000000000000e+00,5.485000000000000142e+01,4.103999999999999915e+01,5.000000000000000000e+01,1.000000000000000000e+00
1.680000000000000000e+02,5.000000000000000000e+01,4.129634317620642037e+01,1.534134517914517026e+01,-6.637688355351590630e+00,0.000000000000000000e+00,5.485000000000000142e+01,4.103999999999999915e+01,5.000000000000000000e+01,1.000000000000000000e+00
1.690000000000000000e+02,5.000000000000000000e+01,4.052484016828018554e+01,1.656087121593671441e+01,-7.085711384216900832e+00,0.000000000000000000e+00,5.485000000000000142e+01,4.129800000000000182e+01,5.000000000000000000e+01,1.000000000000000000e+00
1.700000000000000000e+02,5.000000000000000000e+01,4.013908866431707168e+01,1.700617551470262612e+01,-7.145264179019696016e+00,0.000000000000000000e+00,5.485000000000000142e+01,4.142699999999999960e+01,5.000000000000000000e+01,1.000000000000000000e+00
1.710000000000000000e+02,5.000000000000000000e+01,3.985201777764683584e+01,1.725582687153972827e+01,-7.107844649186563224e+00,0.000000000000000000e+00,5.485000000000000142e+01,4.152300000000000324e+01,5.000000000000000000e+01,1.000000000000000000e+00
1.720000000000000000e+02,5.000000000000000000e+01,3.946626627368372908e+01,1.770016484783696953e+01,-7.166431121520698611e+00,0.000000000000000000e+00,5.485000000000000142e+01,4.165200000000000102e+01,5.000000000000000000e+01,1.000000000000000000e+00
1.730000000000000000e+02,5.000000000000000000e+01,3.946626627368372908e+01,1.738728360675838402e+01,-6.853549880442113107e+00,0.000000000000000000e+00,5.485000000000000142e+01,4.165200000000000102e+01,5.000000000000000000e+01,1.000000000000000000e+00
1.740000000000000000e+02,5.000000000000000000e+01,3.888614385687099428e+01,1.822297964130978087e+01,-7.109123498180775158e+00,0.000000000000000000e+00,5.485000000000000142e+01,4.184599999999999653e+01,5.000000000000000000e+01,1.000000000000000000e+00
1.750000000000000000e+02,5.000000000000000000e+01,3.888614385687099428e+01,1.791260040994981395e+01,-6.798744266820808235e+00,0.000000000000000000e+00,5.485000000000000142e+01,4.184599999999999653e+01,5.000000000000000000e+01,1.000000000000000000e+00
1.760000000000000000e+02,5.000000000000000000e+01,3.850039235290786621e+01,1.837043348717146785e+01,-6.870825840079333169e+00,0.000000000000000000e+00,5.485000000000000142e+01,4.197500000000000142e+01,5.000000000000000000e+01,1.000000000000000000e+00
1.770000000000000000e+02,5.000000000000000000e+01,3.850039235290786621e+01,1.807045816059319776e+01,-6.570850513501064860e+00,0.000000000000000000e+00,5.485000000000000142e+01,4.197500000000000142e+01,5.000000000000000000e+01,1.000000000000000000e+00
1.780000000000000000e+02,5.000000000000000000e+01,3.792326025783126653e+01,1.891264655850667609e+01,-6.835906816337942615e+00,0.000000000000000000e+00,5.485000000000000142e+01,4.216799999999999926e+01,5.000000000000000000e+01,1.000000000000000000e+00
1.790000000000000000e+02,5.000000000000000000e+01,3.763319904942489558e+01,1.918165432401510628e+01,-6.814853373440002748e+00,0.000000000000000000e+00,5.485000000000000142e+01,4.226500000000000057e+01,5.000000000000000000e+01,1.000000000000000000e+00
1.800000000000000000e+02,5.000000000000000000e+01,3.763319904942489558e+01,1.888412271517184138e+01,-6.517321764596737843e+00,0.000000000000000000e+00,5.485000000000000142e+01,4.226500000000000057e+01,5.000000000000000000e+01,1.000000000000000000e+00
1.810000000000000000e+02,5.000000000000000000e+01,3.686468636323481718e+01,2.010305378278575361e+01,-6.967740146020571679e+00,0.000000000000000000e+00,5.485000000000000142e+01,4.252199999999999847e+01,5.000000000000000000e+01,1.000000000000000000e+00
1.820000000000000000e+02,5.000000000000000000e+01,3.696037665879154588e+01,1.961164442567882560e+01,-6.572021084470372365e+00,0.000000000000000000e+00,5.485000000000000142e+01,4.249000000000000199e+01,5.000000000000000000e+01,1.000000000000000000e+00
1.830000000000000000e+02,5.000000000000000000e+01,3.667031545038516782e+01,1.989217325291096117e+01,-6.562488703296128989e+00,0.000000000000000000e+00,5.485000000000000142e+01,4.258700000000000330e+01,5.000000000000000000e+01,1.000000000000000000e+00
1.840000000000000000e+02,5.000000000000000000e+01,3.628456394642206106e+01,2.036032107853018758e+01,-6.644885024952247754e+00,0.000000000000000000e+00,5.485000000000000142e+01,4.271600000000000108e+01,5.000000000000000000e+01,1.000000000000000000e+00
1.850000000000000000e+02,5.000000000000000000e+01,3.599450273801568301e+01,2.063766871839844796e+01,-6.632171456414130972e+00,0.000000000000000000e+00,5.485000000000000142e+01,4.281300000000000239e+01,5.000000000000000000e+01,1.000000000000000000e+00
1.860000000000000000e+02,5.000000000000000000e+01,3.589881244245895431e+01,2.053531569244825761e+01,-6.434128134907211916e+00,0.000000000000000000e+00,5.485000000000000142e+01,4.284499999999999886e+01,5.000000000000000000e+01,1.000000000000000000e+00
1.870000000000000000e+02,5.000000000000000000e+01,3.570743185134546849e+01,2.062881191728951080e+01,-6.336243768634979290e+00,0.000000000000000000e+00,5.485000000000000142e+01,4.290899999999999892e+01,5.000000000000000000e+01,1.000000000000000000e+00
1.880000000000000000e+02,5.000000000000000000e+01,3.532168034738235463e+01,2.110683743443248517e+01,-6.428517781814839793e+00,0.000000000000000000e+00,5.485000000000000142e+01,4.303799999999999670e+01,5.000000000000000000e+01,1.000000000000000000e+00
1.890000000000000000e+02,5.000000000000000000e+01,3.503161913897598367e+01,2.139363151289948561e+01,-6.425250651875469288e+00,0.000000000000000000e+00,5.485000000000000142e+01,4.313499999999999801e+01,5.000000000000000000e+01,1.000000000000000000e+00
1.900000000000000000e+02,5.000000000000000000e+01,3.484023854786249785e+01,2.148751532228059347e+01,-6.327753870143090431e+00,0.000000000000000000e+00,5.485000000000000142e+01,4.319899999999999807e+01,5.000000000000000000e+01,1.000000000000000000e+00
1.910000000000000000e+02,5.000000000000000000e+01,3.426011613104974174e+01,2.234616723339972566e+01,-6.606283364449469175e+00,0.000000000000000000e+00,5.485000000000000142e+01,4.339300000000000068e+01,5.000000000000000000e+01,1.000000000000000000e+00
1.920000000000000000e+02,5.000000000000000000e+01,3.387735494882277010e+01,2.280655292736354056e+01,-6.683907876186310659e+00,0.000000000000000000e+00,5.485000000000000142e+01,4.352100000000000080e+01,5.000000000000000000e+01,1.000000000000000000e+00
1.930000000000000000e+02,5.000000000000000000e+01,3.377867433152987786e+01,2.270779121461612249e+01,-6.486465546146000349e+00,0.000000000000000000e+00,5.485000000000000142e+01,4.355400000000000205e+01,5.000000000000000000e+01,1.000000000000000000e+00
1.940000000000000000e+02,5.000000000000000711e+01,3.339292282756677110e+01,2.317925815673232037e+01,-6.572180984299090589e+00,0.000000000000000000e+00,5.485000000000000142e+01,4.368299999999999983e+01,5.000000000000000000e+01,1.000000000000000000e+00
1.950000000000000000e+02,5.000000000000000000e+01,3.300717132360366435e+01,2.364698282431686138e+01,-6.654154147920524842e+00,0.000000000000000000e+00,5.485000000000000142e+01,4.381199999999999761e+01,5.000000000000000000e+01,1.000000000000000000e+00
1.960000000000000000e+02,5.000000000000000000e+01,3.310585194089653527e+01,2.316341431872822909e+01,-6.269266259624765247e+00,0.000000000000000000e+00,5.485000000000000142e+01,4.377900000000000347e+01,5.000000000000000000e+01,1.000000000000000000e+00
1.970000000000000000e+02,4.999999999999999289e+01,3.291148102804690723e+01,2.326995838293189323e+01,-6.181439410978801341e+00,0.000000000000000000e+00,5.485000000000000142e+01,4.384400000000000119e+01,5.000000000000000000e+01,1.000000000000000000e+00
1.980000000000000000e+02,5.000000000000000000e+01,3.243003922852705045e+01,2.394194536872716128e+01,-6.371984597254210847e+00,0.000000000000000000e+00,5.485000000000000142e+01,4.400500000000000256e+01,5.000000000000000000e+01,1.000000000000000000e+00
1.990000000000000000e+02,5.000000000000000000e+01,3.213997802012069371e+01,2.423120764547127592e+01,-6.371185665591969638e+00,0.000000000000000000e+00,5.485000000000000142e+01,4.410199999999999676e+01,5.000000000000000000e+01,1.000000000000000000e+00
2.000000000000000000e+02,5.000000000000000000e+01,3.204428772456393659e+01,2.414024907189940450e+01,-6.184536796463340202e+00,0.000000000000000000e+00,5.485000000000000142e+01,4.413400000000000034e+01,5.000000000000000000e+01,1.000000000000000000e+00
2.010000000000000000e+02,5.000000000000000000e+01,3.185290713345045432e+01,2.424464227550324580e+01,-6.097549408953699235e+00,0.000000000000000000e+00,5.485000000000000142e+01,4.419800000000000040e+01,5.000000000000000000e+01,1.000000000000000000e+00
2.020000000000000000e+02,4.999999999999999289e+01,3.127278471663769821e+01,2.511334474823350860e+01,-6.386129464871207695e+00,0.000000000000000000e+00,5.485000000000000142e+01,4.439200000000000301e+01,5.000000000000000000e+01,1.000000000000000000e+00
2.030000000000000000e+02,5.000000000000000000e+01,3.117709442108096596e+01,2.502173373910676091e+01,-6.198828160187727754e+00,0.000000000000000000e+00,5.485000000000000142e+01,4.442399999999999949e+01,5.000000000000000000e+01,1.000000000000000000e+00
2.040000000000000000e+02,5.000000000000000000e+01,3.088703321267458790e+01,2.531855590165898917e+01,-6.205589114333578848e+00,0.000000000000000000e+00,5.485000000000000142e+01,4.452100000000000080e+01,5.000000000000000000e+01,1.000000000000000000e+00
2.050000000000000000e+02,4.999999999999999289e+01,3.030990111759799532e+01,2.617669135019664495e+01,-6.486592467794641159e+00,0.000000000000000000e+00,5.485000000000000142e+01,4.471399999999999864e+01,5.000000000000000000e+01,1.000000000000000000e+00
2.060000000000000000e+02,5.000000000000000711e+01,3.040559141315472758e+01,2.570628855551286307e+01,-6.111879968667588869e+00,0.000000000000000000e+00,5.485000000000000142e+01,4.468200000000000216e+01,5.000000000000000000e+01,1.000000000000000000e+00
2.070000000000000000e+02,4.999999999999999289e+01,3.011852052648451306e+01,2.600105672555350367e+01,-6.119577252038017612e+00,0.000000000000000000e+00,5.485000000000000142e+01,4.477799999999999869e+01,5.000000000000000000e+01,1.000000000000000000e+00
2.080000000000000000e+02,5.000000000000000000e+01,2.973276902252140275e+01,2.648854174735974709e+01,-6.221310769881148950e+00,0.000000000000000000e+00,5.485000000000000142e+01,4.490699999999999648e+01,5.000000000000000000e+01,1.000000000000000000e+00
2.090000000000000000e+02,5.000000000000000000e+01,2.944270781411502469e+01,2.678438233530332013e+01,-6.227090149418344822e+00,0.000000000000000000e+00,5.485000000000000142e+01,4.500399999999999778e+01,5.000000000000000000e+01,1.000000000000000000e+00
2.100000000000000000e+02,5.000000000000000000e+01,2.934701751855827467e+01,2.669971486858361942e+01,-6.046732387141893206e+00,0.000000000000000000e+00,5.485000000000000142e+01,4.503600000000000136e+01,5.000000000000000000e+01,1.000000000000000000e+00
2.110000000000000000e+02,5.000000000000000000e+01,2.915264660570864663e+01,2.681597460199888872e+01,-5.968621207707537124e+00,0.000000000000000000e+00,5.485000000000000142e+01,4.510099999999999909e+01,5.000000000000000000e+01,1.000000000000000000e+00
2.120000000000000000e+02,5.000000000000000000e+01,2.876988542348168210e+01,2.730420016822368012e+01,-6.074085591705360443e+00,0.000000000000000000e+00,5.485000000000000142e+01,4.522899999999999920e+01,5.000000000000000000e+01,1.000000000000000000e+00
2.130000000000000000e+02,5.000000000000000000e+01,2.828545330222567600e+01,2.798672423291621669e+01,-6.272177535141890914e+00,0.000000000000000000e+00,5.485000000000000142e+01,4.539099999999999824e+01,5.000000000000000000e+01,1.000000000000000000e+00
2.140000000000000000e+02,5.000000000000000000e+01,2.809407271111219373e+01,2.808729110474880031e+01,-6.181363815860994038e+00,0.000000000000000000e+00,5.485000000000000142e+01,4.545499999999999829e+01,5.000000000000000000e+01,1.000000000000000000e+00
2.150000000000000000e+02,5.000000000000000000e+01,2.789970179826254792e+01,2.819767292658001168e+01,-6.097374724842560489e+00,0.000000000000000000e+00,5.485000000000000142e+01,4.552000000000000313e+01,5.000000000000000000e+01,1.000000000000000000e+00
2.160000000000000000e+02,5.000000000000000000e+01,2.780401150270581567e+01,2.811866874223055035e+01,-5.922680244936365135e+00,0.000000000000000000e+00,5.485000000000000142e+01,4.555199999999999960e+01,5.000000000000000000e+01,1.000000000000000000e+00
2.170000000000000000e+02,4.999999999999999289e+01,2.761263091159233340e+01,2.823449441500028811e+01,-5.847125326592622407e+00,0.000000000000000000e+00,5.485000000000000142e+01,4.561599999999999966e+01,5.000000000000000000e+01,1.000000000000000000e+00
2.180000000000000000e+02,5.000000000000000000e+01,2.732256970318595535e+01,2.854667167093165148e+01,-5.869241374117608601e+00,0.000000000000000000e+00,5.485000000000000142e+01,4.571300000000000097e+01,5.000000000000000000e+01,1.000000000000000000e+00
2.190000000000000000e+02,5.000000000000000000e+01,2.693681819922284504e+01,2.904508617755984901e+01,-5.981904376782693156e+00,0.000000000000000000e+00,5.485000000000000142e+01,4.584199999999999875e+01,5.000000000000000000e+01,1.000000000000000000e+00
2.200000000000000000e+02,5.000000000000000000e+01,2.693681819922284504e+01,2.878392052429615688e+01,-5.720738723519002811e+00,0.000000000000000000e+00,5.485000000000000142e+01,4.584199999999999875e+01,5.000000000000000000e+01,1.000000000000000000e+00
2.210000000000000000e+02,5.000000000000000000e+01,2.626399580858949889e+01,2.985042701449625113e+01,-6.114422823085750025e+00,0.000000000000000000e+00,5.485000000000000142e+01,4.606700000000000017e+01,5.000000000000000000e+01,1.000000000000000000e+00
2.220000000000000000e+02,5.000000000000000000e+01,2.635968610414625246e+01,2.939627287948049883e+01,-5.755958983626753067e+00,0.000000000000000000e+00,5.485000000000000142e+01,4.603499999999999659e+01,5.000000000000000000e+01,1.000000000000000000e+00
2.230000000000000000e+02,5.000000000000000000e+01,2.616531519129660666e+01,2.952522757107258755e+01,-5.690542762369193319e+00,0.000000000000000000e+00,5.485000000000000142e+01,4.610000000000000142e+01,5.000000000000000000e+01,1.000000000000000000e+00
2.240000000000000000e+02,5.000000000000000000e+01,2.558818309622001408e+01,3.040584957380758624e+01,-5.994032670027600318e+00,0.000000000000000000e+00,5.485000000000000142e+01,4.629299999999999926e+01,5.000000000000000000e+01,1.000000000000000000e+00
2.250000000000000000e+02,5.000000000000000000e+01,2.539680250510652826e+01,3.051856005089094737e+01,-5.915362555997475624e+00,0.000000000000000000e+00,5.485000000000000142e+01,4.635699999999999932e+01,5.000000000000000000e+01,1.000000000000000000e+00
2.260000000000000000e+02,5.000000000000000000e+01,2.529812188781363602e+01,3.045335247541608581e+01,-5.751474363229720943e+00,0.000000000000000000e+00,5.485000000000000142e+01,4.639000000000000057e+01,5.000000000000000000e+01,1.000000000000000000e+00
2.270000000000000000e+02,5.000000000000000000e+01,2.501105100114342150e+01,3.076385569561055533e+01,-5.774906696753976831e+00,0.000000000000000000e+00,5.485000000000000142e+01,4.648599999999999710e+01,5.000000000000000000e+01,1.000000000000000000e+00
2.280000000000000000e+02,5.000000000000000000e+01,2.481668008829377214e+01,3.089198314364189457e+01,-5.708663231935665827e+00,0.000000000000000000e+00,5.485000000000000142e+01,4.655100000000000193e+01,5.000000000000000000e+01,1.000000000000000000e+00
2.290000000000000000e+02,5.000000000000000000e+01,2.443092858433066539e+01,3.139740837674802520e+01,-5.828336961078690592e+00,0.000000000000000000e+00,5.485000000000000142e+01,4.667999999999999972e+01,5.000000000000000000e+01,1.000000000000000000e+00
2.300000000000000000e+02,5.000000000000000000e+01,2.443092858433066539e+01,3.114294736667422114e+01,-5.573875951004887419e+00,0.000000000000000000e+00,5.485000000000000142e+01,4.667999999999999972e+01,5.000000000000000000e+01,1.000000000000000000e+00
2.310000000000000000e+02,5.000000000000000711e+01,2.423954799321717957e+01,3.127400158466099711e+01,-5.513549577878175789e+00,0.000000000000000000e+00,5.485000000000000142e+01,4.674399999999999977e+01,5.000000000000000000e+01,1.000000000000000000e+00
2.320000000000000000e+02,5.000000000000000711e+01,2.404517708036755508e+01,3.141353969698696602e+01,-5.458716777354520211e+00,0.000000000000000000e+00,5.485000000000000142e+01,4.680899999999999750e+01,5.000000000000000000e+01,1.000000000000000000e+00
2.330000000000000000e+02,5.000000000000000000e+01,2.365942557640442345e+01,3.192987741297149995e+01,-5.589302989375925179e+00,0.000000000000000000e+00,5.485000000000000142e+01,4.693800000000000239e+01,5.000000000000000000e+01,1.000000000000000000e+00
2.340000000000000000e+02,5.000000000000000000e+01,2.375810619369731924e+01,3.149279954496795497e+01,-5.250905738665273326e+00,0.000000000000000000e+00,5.485000000000000142e+01,4.690500000000000114e+01,5.000000000000000000e+01,1.000000000000000000e+00
2.350000000000000000e+02,5.000000000000000000e+01,2.346804498529094118e+01,3.183100732033958380e+01,-5.299052305630525872e+00,0.000000000000000000e+00,5.485000000000000142e+01,4.700200000000000244e+01,5.000000000000000000e+01,1.000000000000000000e+00
2.360000000000000000e+02,5.000000000000000000e+01,2.308229348132783088e+01,3.235431587260535480e+01,-5.436609353933186561e+00,0.000000000000000000e+00,5.485000000000000142e+01,4.713100000000000023e+01,5.000000000000000000e+01,1.000000000000000000e+00
2.370000000000000000e+02,5.000000000000000000e+01,2.317798377688458444e+01,3.192975458734314032e+01,-5.107738364227726535e+00,0.000000000000000000e+00,5.485000000000000142e+01,4.709899999999999665e+01,5.000000000000000000e+01,1.000000000000000000e+00
2.380000000000000000e+02,5.000000000000000000e+01,2.269654197736472412e+01,3.264861859049312187e+01,-5.345160567857845102e+00,0.000000000000000000e+00,5.485000000000000142e+01,4.725999999999999801e+01,5.000000000000000000e+01,1.000000000000000000e+00
2.390000000000000000e+02,5.000000000000000000e+01,2.250516138625123830e+01,3.278965835801206197e+01,-5.294819744263301153e+00,0.000000000000000000e+00,5.485000000000000142e+01,4.732399999999999807e+01,5.000000000000000000e+01,1.000000000000000000e+00
2.400000000000000000e+02,5.000000000000000000e+01,2.250516138625123830e+01,3.255849032684274391e+01,-5.063651713093978657e+00,0.000000000000000000e+00,5.485000000000000142e+01,4.732399999999999807e+01,5.000000000000000000e+01,1.000000000000000000e+00
2.410000000000000000e+02,5.000000000000000000e+01,2.221510017784486024e+01,3.290487347862199385e+01,-5.119973656466850542e+00,0.000000000000000000e+00,5.485000000000000142e+01,4.742099999999999937e+01,5.000000000000000000e+01,1.000000000000000000e+00
2.420000000000000000e+02,5.000000000000000000e+01,2.182934867388175348e+01,3.343600047622699378e+01,-5.265349150108747267e+00,0.000000000000000000e+00,5.485000000000000142e+01,4.754999999999999716e+01,5.000000000000000000e+01,1.000000000000000000e+00
2.430000000000000000e+02,5.000000000000000000e+01,2.154227778721151765e+01,3.376772757444695117e+01,-5.310005361658465262e+00,0.000000000000000000e+00,5.485000000000000142e+01,4.764600000000000080e+01,5.000000000000000000e+01,1.000000000000000000e+00
2.440000000000000000e+02,5.000000000000000000e+01,2.154227778721151765e+01,3.353589655011735005e+01,-5.078174337328868582e+00,0.000000000000000000e+00,5.485000000000000142e+01,4.764600000000000080e+01,5.000000000000000000e+01,1.000000000000000000e+00
2.450000000000000000e+02,5.000000000000000000e+01,2.125221657880513959e+01,3.388164565454202659e+01,-5.133862233347167070e+00,0.000000000000000000e+00,5.485000000000000142e+01,4.774300000000000210e+01,5.000000000000000000e+01,1.000000000000000000e+00
2.460000000000000000e+02,5.000000000000000000e+01,2.125221657880513959e+01,3.365750491281739443e+01,-4.909721491622534018e+00,0.000000000000000000e+00,5.485000000000000142e+01,4.774300000000000210e+01,5.000000000000000000e+01,1.000000000000000000e+00
2.470000000000000000e+02,5.000000000000000711e+01,2.057640386643565122e+01,3.476526992165369734e+01,-5.341673788089345898e+00,0.000000000000000000e+00,5.485000000000000142e+01,4.796900000000000119e+01,5.000000000000000000e+01,1.000000000000000000e+00
2.480000000000000000e+02,4.999999999999999289e+01,2.057640386643565122e+01,3.453205627654721610e+01,-5.108460142982868213e+00,0.000000000000000000e+00,5.485000000000000142e+01,4.796900000000000119e+01,5.000000000000000000e+01,1.000000000000000000e+00
2.490000000000000000e+02,5.000000000000000000e+01,2.048071357087891897e+01,3.449622739332690458e+01,-4.976940964205822659e+00,0.000000000000000000e+00,5.485000000000000142e+01,4.800099999999999767e+01,5.000000000000000000e+01,1.000000000000000000e+00
2.500000000000000000e+02,5.000000000000000000e+01,2.028933297976543670e+01,3.465334336455540409e+01,-4.942676344320840798e+00,0.000000000000000000e+00,5.485000000000000142e+01,4.806499999999999773e+01,5.000000000000000000e+01,1.000000000000000000e+00
2.510000000000000000e+02,5.000000000000000711e+01,2.028933297976543670e+01,3.443754966157585073e+01,-4.726882641341286551e+00,0.000000000000000000e+00,5.485000000000000142e+01,4.806499999999999773e+01,5.000000000000000000e+01,1.000000000000000000e+00
2.520000000000000000e+02,5.000000000000000000e+01,1.980490085850943416e+01,3.517889164050589557e+01,-4.983792499015329724e+00,0.000000000000000000e+00,5.485000000000000142e+01,4.822699999999999676e+01,5.000000000000000000e+01,1.000000000000000000e+00
2.530000000000000000e+02,5.000000000000000000e+01,1.951782997183919832e+01,3.552291130010462439e+01,-5.040741271943820045e+00,0.000000000000000000e+00,5.485000000000000142e+01,4.832300000000000040e+01,5.000000000000000000e+01,1.000000000000000000e+00
2.540000000000000000e+02,5.000000000000000711e+01,1.942213967628246607e+01,3.549003897420773512e+01,-4.912178650490197640e+00,0.000000000000000000e+00,5.485000000000000142e+01,4.835499999999999687e+01,5.000000000000000000e+01,1.000000000000000000e+00
2.550000000000000000e+02,5.000000000000000000e+01,1.903638817231933444e+01,3.603023815268739583e+01,-5.066626325006729381e+00,0.000000000000000000e+00,5.485000000000000142e+01,4.848400000000000176e+01,5.000000000000000000e+01,1.000000000000000000e+00
2.560000000000000000e+02,5.000000000000000000e+01,1.884201725946970996e+01,3.618928861358047300e+01,-5.031305873050183841e+00,0.000000000000000000e+00,5.485000000000000142e+01,4.854899999999999949e+01,5.000000000000000000e+01,1.000000000000000000e+00
2.570000000000000000e+02,5.000000000000000000e+01,1.865063666835622769e+01,3.634403105189392846e+01,-4.994667720250154375e+00,0.000000000000000000e+00,5.485000000000000142e+01,4.861299999999999955e+01,5.000000000000000000e+01,1.000000000000000000e+00
2.580000000000000000e+02,5.000000000000000000e+01,1.836057545994984963e+01,3.669342599530691018e+01,-5.054001455256760700e+00,0.000000000000000000e+00,5.485000000000000142e+01,4.871000000000000085e+01,5.000000000000000000e+01,1.000000000000000000e+00
2.590000000000000000e+02,5.000000000000000000e+01,1.826488516439311738e+01,3.665997473932034012e+01,-4.924859903713456610e+00,0.000000000000000000e+00,5.485000000000000142e+01,4.874199999999999733e+01,5.000000000000000000e+01,1.000000000000000000e+00
2.600000000000000000e+02,5.000000000000000000e+01,1.807051425154347157e+01,3.682521462045421146e+01,-4.895728871997684806e+00,0.000000000000000000e+00,5.485000000000000142e+01,4.880700000000000216e+01,5.000000000000000000e+01,1.000000000000000000e+00
2.610000000000000000e+02,5.000000000000000000e+01,1.768476274758036126e+01,3.736613198446062256e+01,-5.050894732040985602e+00,0.000000000000000000e+00,5.485000000000000142e+01,4.893599999999999994e+01,5.000000000000000000e+01,1.000000000000000000e+00
2.620000000000000000e+02,5.000000000000000000e+01,1.758907245202360770e+01,3.733281636578072238e+01,-4.921888817804327410e+00,0.000000000000000000e+00,5.485000000000000142e+01,4.896800000000000352e+01,5.000000000000000000e+01,1.000000000000000000e+00
2.630000000000000000e+02,5.000000000000000000e+01,1.739769186091014674e+01,3.749233587422290270e+01,-4.890027735133045006e+00,0.000000000000000000e+00,5.485000000000000142e+01,4.903199999999999648e+01,5.000000000000000000e+01,1.000000000000000000e+00
2.640000000000000000e+02,5.000000000000000000e+01,1.710763065250376869e+01,3.784629932431022326e+01,-4.953929976813994607e+00,0.000000000000000000e+00,5.485000000000000142e+01,4.912899999999999778e+01,5.000000000000000000e+01,1.000000000000000000e+00
2.650000000000000000e+02,5.000000000000000711e+01,1.681756944409739063e+01,3.819747284837360013e+01,-5.015042292470984542e+00,0.000000000000000000e+00,5.485000000000000142e+01,4.922599999999999909e+01,5.000000000000000000e+01,1.000000000000000000e+00
2.660000000000000000e+02,5.000000000000000000e+01,1.672187914854063706e+01,3.816572252148232991e+01,-4.887601670022964306e+00,0.000000000000000000e+00,5.485000000000000142e+01,4.925800000000000267e+01,5.000000000000000000e+01,1.000000000000000000e+00
2.670000000000000000e+02,5.000000000000000000e+01,1.672187914854063706e+01,3.795233333926828578e+01,-4.674212487808923733e+00,0.000000000000000000e+00,5.485000000000000142e+01,4.925800000000000267e+01,5.000000000000000000e+01,1.000000000000000000e+00
2.680000000000000000e+02,5.000000000000000000e+01,1.633612764457753030e+01,3.850292194967739334e+01,-4.839049594254926312e+00,0.000000000000000000e+00,5.485000000000000142e+01,4.938700000000000045e+01,5.000000000000000000e+01,1.000000000000000000e+00
2.690000000000000000e+02,5.000000000000000000e+01,1.633612764457753030e+01,3.829165251625681066e+01,-4.627780160834343626e+00,0.000000000000000000e+00,5.485000000000000142e+01,4.938700000000000045e+01,5.000000000000000000e+01,1.000000000000000000e+00
2.700000000000000000e+02,5.000000000000000000e+01,1.575899554950093595e+01,3.921867397167636682e+01,-4.977669521177307210e+00,0.000000000000000000e+00,5.485000000000000142e+01,4.957999999999999829e+01,5.000000000000000000e+01,1.000000000000000000e+00
2.710000000000000000e+02,5.000000000000000000e+01,1.575899554950093595e+01,3.900135249170175911e+01,-4.760348041202694169e+00,0.000000000000000000e+00,5.485000000000000142e+01,4.957999999999999829e+01,5.000000000000000000e+01,1.000000000000000000e+00
2.720000000000000000e+02,5.000000000000000000e+01,1.575899554950093595e+01,3.879351911162156341e+01,-4.552514661122503803e+00,0.000000000000000000e+00,5.485000000000000142e+01,4.957999999999999829e+01,5.000000000000000000e+01,1.000000000000000000e+00
2.730000000000000000e+02,5.000000000000000000e+01,1.537324404553780610e+01,3.934942096182952298e+01,-4.722665007367325529e+00,0.000000000000000000e+00,5.485000000000000142e+01,4.970900000000000318e+01,5.000000000000000000e+01,1.000000000000000000e+00
2.740000000000000000e+02,5.000000000000000000e+01,1.527755374998107563e+01,3.933043561743441074e+01,-4.607989367415482818e+00,0.000000000000000000e+00,5.485000000000000142e+01,4.974099999999999966e+01,5.000000000000000000e+01,1.000000000000000000e+00
2.750000000000000000e+02,5.000000000000000000e+01,1.479611195046121352e+01,4.007111830323115953e+01,-4.867230253692370390e+00,0.000000000000000000e+00,5.485000000000000142e+01,4.990200000000000102e+01,5.000000000000000000e+01,1.000000000000000000e+00
2.760000000000000000e+02,5.000000000000000711e+01,1.479611195046121352e+01,3.985861852243827030e+01,-4.654730472899478499e+00,0.000000000000000000e+00,5.485000000000000142e+01,4.990200000000000102e+01,5.000000000000000000e+01,1.000000000000000000e+00
2.770000000000000000e+02,5.000000000000000000e+01,1.460174103761158904e+01,4.003565206071213822e+01,-4.637393098323727259e+00,0.000000000000000000e+00,5.485000000000000142e+01,4.996699999999999875e+01,5.000000000000000000e+01,1.000000000000000000e+00
2.780000000000000000e+02,5.000000000000000000e+01,1.460174103761158904e+01,3.983318680522177146e+01,-4.434927842833361389e+00,0.000000000000000000e+00,5.485000000000000142e+01,4.996699999999999875e+01,5.000000000000000000e+01,1.000000000000000000e+00
2.790000000000000000e+02,4.999999999999999289e+01,1.421598953364847873e+01,4.039422241155137527e+01,-4.610211945199854888e+00,0.000000000000000000e+00,5.485000000000000142e+01,5.009599999999999653e+01,5.000000000000000000e+01,1.000000000000000000e+00
2.800000000000000000e+02,5.000000000000000000e+01,1.412029923809172693e+01,4.038014668716903088e+01,-4.500445925260759594e+00,0.000000000000000000e+00,5.485000000000000142e+01,5.012800000000000011e+01,5.000000000000000000e+01,1.000000000000000000e+00
2.810000000000000000e+02,5.000000000000000000e+01,1.383023802968534888e+01,4.075111899956279160e+01,-4.581357029248142254e+00,0.000000000000000000e+00,5.485000000000000142e+01,5.022500000000000142e+01,5.000000000000000000e+01,1.000000000000000000e+00
2.820000000000000000e+02,5.000000000000000000e+01,1.383023802968534888e+01,4.055110023864416746e+01,-4.381338268329514563e+00,0.000000000000000000e+00,5.485000000000000142e+01,5.022500000000000142e+01,5.000000000000000000e+01,1.000000000000000000e+00
2.830000000000000000e+02,5.000000000000000711e+01,1.363885743857186483e+01,4.073421979624858835e+01,-4.373077234820450521e+00,0.000000000000000000e+00,5.485000000000000142e+01,5.028900000000000148e+01,5.000000000000000000e+01,1.000000000000000000e+00
2.840000000000000000e+02,5.000000000000000000e+01,1.354316714301513436e+01,4.073049720318473277e+01,-4.273664346199866237e+00,0.000000000000000000e+00,5.485000000000000142e+01,5.032099999999999795e+01,5.000000000000000000e+01,1.000000000000000000e+00
2.850000000000000000e+02,5.000000000000000000e+01,1.325310593460875630e+01,4.111137063661170288e+01,-4.364476571220457402e+00,0.000000000000000000e+00,5.485000000000000142e+01,5.041799999999999926e+01,5.000000000000000000e+01,1.000000000000000000e+00
2.860000000000000000e+02,5.000000000000000000e+01,1.325310593460875630e+01,4.092082072088571465e+01,-4.173926655494469173e+00,0.000000000000000000e+00,5.485000000000000142e+01,5.041799999999999926e+01,5.000000000000000000e+01,1.000000000000000000e+00
2.870000000000000000e+02,5.000000000000000000e+01,1.296304472620237824e+01,4.130604863033025254e+01,-4.269093356532629002e+00,0.000000000000000000e+00,5.485000000000000142e+01,5.051500000000000057e+01,5.000000000000000000e+01,1.000000000000000000e+00
2.880000000000000000e+02,5.000000000000000000e+01,1.286735443064564599e+01,4.130686589878730786e+01,-4.174220329432957399e+00,0.000000000000000000e+00,5.485000000000000142e+01,5.054699999999999704e+01,5.000000000000000000e+01,1.000000000000000000e+00
2.890000000000000000e+02,5.000000000000000000e+01,1.286735443064564599e+01,4.112462243407494356e+01,-3.991976864720593099e+00,0.000000000000000000e+00,5.485000000000000142e+01,5.054699999999999704e+01,5.000000000000000000e+01,1.000000000000000000e+00
2.900000000000000000e+02,5.000000000000000000e+01,1.286735443064564599e+01,4.095033558827801556e+01,-3.817690018923665551e+00,0.000000000000000000e+00,5.485000000000000142e+01,5.054699999999999704e+01,5.000000000000000000e+01,1.000000000000000000e+00
2.910000000000000000e+02,5.000000000000000000e+01,1.248160292668251614e+01,4.153831935515100326e+01,-4.019922281833516742e+00,0.000000000000000000e+00,5.485000000000000142e+01,5.067600000000000193e+01,5.000000000000000000e+01,1.000000000000000000e+00
2.920000000000000000e+02,5.000000000000000000e+01,1.248160292668251614e+01,4.136281243249287343e+01,-3.844415359175389124e+00,0.000000000000000000e+00,5.485000000000000142e+01,5.067600000000000193e+01,5.000000000000000000e+01,1.000000000000000000e+00
2.930000000000000000e+02,5.000000000000000000e+01,1.238591263112578567e+01,4.138217083762155823e+01,-3.768083468747341680e+00,0.000000000000000000e+00,5.485000000000000142e+01,5.070799999999999841e+01,5.000000000000000000e+01,1.000000000000000000e+00
2.940000000000000000e+02,5.000000000000000000e+01,1.238591263112578567e+01,4.121765901685641609e+01,-3.603571647982196424e+00,0.000000000000000000e+00,5.485000000000000142e+01,5.070799999999999841e+01,5.000000000000000000e+01,1.000000000000000000e+00
2.950000000000000000e+02,5.000000000000000000e+01,1.190447083160592356e+01,4.200219385964577157e+01,-3.906664691251688470e+00,0.000000000000000000e+00,5.485000000000000142e+01,5.086899999999999977e+01,5.000000000000000000e+01,1.000000000000000000e+00
2.960000000000000000e+02,5.000000000000000000e+01,1.190447083160592356e+01,4.183163168213371819e+01,-3.736102513739635089e+00,0.000000000000000000e+00,5.485000000000000142e+01,5.086899999999999977e+01,5.000000000000000000e+01,1.000000000000000000e+00
2.970000000000000000e+02,5.000000000000000000e+01,1.190447083160592356e+01,4.166851612691888818e+01,-3.572986958524805523e+00,0.000000000000000000e+00,5.485000000000000142e+01,5.086899999999999977e+01,5.000000000000000000e+01,1.000000000000000000e+00
2.980000000000000000e+02,5.000000000000000000e+01,1.151871932764281503e+01,4.226718345384215070e+01,-3.785902781484966173e+00,0.000000000000000000e+00,5.485000000000000142e+01,5.099799999999999756e+01,5.000000000000000000e+01,1.000000000000000000e+00
2.990000000000000000e+02,5.000000000000000000e+01,1.113296782367968341e+01,4.285655502869536804e+01,-3.989522852375055884e+00,0.000000000000000000e+00,5.485000000000000142e+01,5.112700000000000244e+01,5.000000000000000000e+01,1.000000000000000000e+00
3.000000000000000000e+02,5.000000000000000000e+01,1.113296782367968341e+01,4.268237532331677642e+01,-3.815343146996458490e+00,0.000000000000000000e+00,5.485000000000000142e+01,5.112700000000000244e+01,5.000000000000000000e+01,1.000000000000000000e+00
3.010000000000000000e+02,5.000000000000000000e+01,1.103727752812295293e+01,4.270300300037079921e+01,-3.740280528493753032e+00,0.000000000000000000e+00,5.485000000000000142e+01,5.115899999999999892e+01,5.000000000000000000e+01,1.000000000000000000e+00
3.020000000000000000e+02,5.000000000000000000e+01,1.094158723256620114e+01,4.272690785749365006e+01,-3.668495090059848529e+00,0.000000000000000000e+00,5.485000000000000142e+01,5.119100000000000250e+01,5.000000000000000000e+01,1.000000000000000000e+00
3.030000000000000000e+02,5.000000000000000000e+01,1.055583572860309083e+01,4.332140536791815322e+01,-3.877241096521244046e+00,0.000000000000000000e+00,5.485000000000000142e+01,5.132000000000000028e+01,5.000000000000000000e+01,1.000000000000000000e+00
3.040000000000000000e+02,4.999999999999999289e+01,1.045715511131019682e+01,4.334518071307652320e+01,-3.802335824386724905e+00,0.000000000000000000e+00,5.485000000000000142e+01,5.135300000000000153e+01,5.000000000000000000e+01,1.000000000000000000e+00
3.050000000000000000e+02,4.999999999999999289e+01,1.045715511131019682e+01,4.317917345903914139e+01,-3.636328570349343092e+00,0.000000000000000000e+00,5.485000000000000142e+01,5.135300000000000153e+01,5.000000000000000000e+01,1.000000000000000000e+00
3.060000000000000000e+02,5.000000000000000000e+01,9.975713311790336491e+00,4.396227815810000550e+01,-3.937991469890338436e+00,0.000000000000000000e+00,5.485000000000000142e+01,5.151400000000000290e+01,5.000000000000000000e+01,1.000000000000000000e+00
3.070000000000000000e+02,5.000000000000000000e+01,9.975713311790336491e+00,4.379034827590855627e+01,-3.766061587698891433e+00,0.000000000000000000e+00,5.485000000000000142e+01,5.151400000000000290e+01,5.000000000000000000e+01,1.000000000000000000e+00
3.080000000000000000e+02,5.000000000000000000e+01,9.975713311790336491e+00,4.362592472901935281e+01,-3.601638040809686192e+00,0.000000000000000000e+00,5.485000000000000142e+01,5.151400000000000290e+01,5.000000000000000000e+01,1.000000000000000000e+00
3.090000000000000000e+02,5.000000000000000711e+01,9.589961807827226181e+00,4.422334117024630729e+01,-3.813302978073531690e+00,0.000000000000000000e+00,5.485000000000000142e+01,5.164300000000000068e+01,5.000000000000000000e+01,1.000000000000000000e+00
3.100000000000000000e+02,4.999999999999999289e+01,9.880023016233604238e+00,4.348939654558409273e+01,-3.369419561817697417e+00,0.000000000000000000e+00,5.485000000000000142e+01,5.154599999999999937e+01,5.000000000000000000e+01,1.000000000000000000e+00
3.110000000000000000e+02,5.000000000000000000e+01,9.398581216713742137e+00,4.428415430045869527e+01,-3.682735517172436968e+00,0.000000000000000000e+00,5.485000000000000142e+01,5.170700000000000074e+01,5.000000000000000000e+01,1.000000000000000000e+00
3.120000000000000000e+02,5.000000000000000711e+01,9.012829712750633604e+00,4.487803008405251859e+01,-3.890859796803151749e+00,0.000000000000000000e+00,5.485000000000000142e+01,5.183599999999999852e+01,5.000000000000000000e+01,1.000000000000000000e+00
3.130000000000000000e+02,5.000000000000000000e+01,9.207200625600258093e+00,4.432790220579337870e+01,-3.535102831393635903e+00,0.000000000000000000e+00,5.485000000000000142e+01,5.177100000000000080e+01,5.000000000000000000e+01,1.000000000000000000e+00
3.140000000000000000e+02,5.000000000000000000e+01,9.207200625600258093e+00,4.417356215249888152e+01,-3.380762778099136501e+00,0.000000000000000000e+00,5.485000000000000142e+01,5.177100000000000080e+01,5.000000000000000000e+01,1.000000000000000000e+00
3.150000000000000000e+02,5.000000000000000000e+01,8.917139417193881812e+00,4.459341902776057509e+01,-3.510558444954453794e+00,0.000000000000000000e+00,5.485000000000000142e+01,5.186800000000000210e+01,5.000000000000000000e+01,1.000000000000000000e+00
3.160000000000000000e+02,5.000000000000000711e+01,9.012829712750633604e+00,4.425294774330394176e+01,-3.265777456054574035e+00,0.000000000000000000e+00,5.485000000000000142e+01,5.183599999999999852e+01,5.000000000000000000e+01,1.000000000000000000e+00
3.170000000000000000e+02,5.000000000000000000e+01,8.531387913230771503e+00,4.505223043815623640e+01,-3.583618351387008349e+00,0.000000000000000000e+00,5.485000000000000142e+01,5.199699999999999989e+01,5.000000000000000000e+01,1.000000000000000000e+00
3.180000000000000000e+02,5.000000000000000000e+01,8.337017000381147014e+00,4.527602796316637779e+01,-3.613044963547519917e+00,0.000000000000000000e+00,5.485000000000000142e+01,5.206199999999999761e+01,5.000000000000000000e+01,1.000000000000000000e+00
3.190000000000000000e+02,5.000000000000000000e+01,8.145636409267662970e+00,4.549269065523149891e+01,-3.638327064499161878e+00,0.000000000000000000e+00,5.485000000000000142e+01,5.212599999999999767e+01,5.000000000000000000e+01,1.000000000000000000e+00
3.200000000000000000e+02,5.000000000000000000e+01,8.145636409267662970e+00,4.533384390597971958e+01,-3.479480315247388322e+00,0.000000000000000000e+00,5.485000000000000142e+01,5.212599999999999767e+01,5.000000000000000000e+01,1.000000000000000000e+00
3.210000000000000000e+02,5.000000000000000000e+01,7.954255818154178925e+00,4.555633793476123827e+01,-3.510593752915415866e+00,0.000000000000000000e+00,5.485000000000000142e+01,5.218999999999999773e+01,5.000000000000000000e+01,1.000000000000000000e+00
3.220000000000000000e+02,5.000000000000000000e+01,7.759884905304533120e+00,4.578332366134785048e+01,-3.543208566652384484e+00,0.000000000000000000e+00,5.485000000000000142e+01,5.225500000000000256e+01,5.000000000000000000e+01,1.000000000000000000e+00
3.230000000000000000e+02,5.000000000000000000e+01,7.954255818154178925e+00,4.524837398636832120e+01,-3.202629804522500567e+00,0.000000000000000000e+00,5.485000000000000142e+01,5.218999999999999773e+01,5.000000000000000000e+01,1.000000000000000000e+00
3.240000000000000000e+02,5.000000000000000000e+01,7.568504314191049076e+00,4.586321084091586897e+01,-3.431715155106912274e+00,0.000000000000000000e+00,5.485000000000000142e+01,5.231900000000000261e+01,5.000000000000000000e+01,1.000000000000000000e+00
3.250000000000000000e+02,5.000000000000000000e+01,7.568504314191049076e+00,4.571338461939066633e+01,-3.281888933581713186e+00,0.000000000000000000e+00,5.485000000000000142e+01,5.231900000000000261e+01,5.000000000000000000e+01,1.000000000000000000e+00
3.260000000000000000e+02,5.000000000000000711e+01,7.278443105784692335e+00,4.613755825576510716e+01,-3.416001361549793724e+00,0.000000000000000000e+00,5.485000000000000142e+01,5.241599999999999682e+01,5.000000000000000000e+01,1.000000000000000000e+00
3.270000000000000000e+02,5.000000000000000000e+01,7.374133401341423699e+00,4.580121526572824564e+01,-3.175348667069673780e+00,0.000000000000000000e+00,5.485000000000000142e+01,5.238400000000000034e+01,5.000000000000000000e+01,1.000000000000000000e+00
3.280000000000000000e+02,5.000000000000000000e+01,7.469823696898176379e+00,4.547537899967168329e+01,-2.945202696569860557e+00,0.000000000000000000e+00,5.485000000000000142e+01,5.235199999999999676e+01,5.000000000000000000e+01,1.000000000000000000e+00
3.290000000000000000e+02,5.000000000000000000e+01,7.182752810227939655e+00,4.590840202742166554e+01,-3.091154837649601195e+00,0.000000000000000000e+00,5.485000000000000142e+01,5.244800000000000040e+01,5.000000000000000000e+01,1.000000000000000000e+00
3.300000000000000000e+02,5.000000000000000000e+01,7.182752810227939655e+00,4.577344442501542687e+01,-2.956197235243362975e+00,0.000000000000000000e+00,5.485000000000000142e+01,5.244800000000000040e+01,5.000000000000000000e+01,1.000000000000000000e+00
3.310000000000000000e+02,5.000000000000000000e+01,7.087062514671208291e+00,4.583158179616664540e+01,-2.918644310837858580e+00,0.000000000000000000e+00,5.485000000000000142e+01,5.247999999999999687e+01,5.000000000000000000e+01,1.000000000000000000e+00
3.320000000000000000e+02,5.000000000000000000e+01,7.182752810227939655e+00,4.551695305812597780e+01,-2.699705868353914351e+00,0.000000000000000000e+00,5.485000000000000142e+01,5.244800000000000040e+01,5.000000000000000000e+01,1.000000000000000000e+00
3.330000000000000000e+02,5.000000000000000000e+01,7.278443105784692335e+00,4.521188301540271937e+01,-2.490326121187410813e+00,0.000000000000000000e+00,5.485000000000000142e+01,5.241599999999999682e+01,5.000000000000000000e+01,1.000000000000000000e+00
3.340000000000000000e+02,5.000000000000000000e+01,7.374133401341423699e+00,4.491595434221746785e+01,-2.290087743558890221e+00,0.000000000000000000e+00,5.485000000000000142e+01,5.238400000000000034e+01,5.000000000000000000e+01,1.000000000000000000e+00
3.350000000000000000e+02,5.000000000000000000e+01,7.087062514671208291e+00,4.537757921879165934e+01,-2.464641733462871631e+00,0.000000000000000000e+00,5.485000000000000142e+01,5.247999999999999687e+01,5.000000000000000000e+01,1.000000000000000000e+00
3.360000000000000000e+02,5.000000000000000000e+01,7.087062514671208291e+00,4.526997472901094000e+01,-2.357037243682146954e+00,0.000000000000000000e+00,5.485000000000000142e+01,5.247999999999999687e+01,5.000000000000000000e+01,1.000000000000000000e+00
3.370000000000000000e+02,5.000000000000000000e+01,7.087062514671208291e+00,4.516706817405123076e+01,-2.254130688722440823e+00,0.000000000000000000e+00,5.485000000000000142e+01,5.247999999999999687e+01,5.000000000000000000e+01,1.000000000000000000e+00
3.380000000000000000e+02,5.000000000000000000e+01,7.087062514671208291e+00,4.506865444544887822e+01,-2.155716960120086512e+00,0.000000000000000000e+00,5.485000000000000142e+01,5.247999999999999687e+01,5.000000000000000000e+01,1.000000000000000000e+00
3.390000000000000000e+02,5.000000000000000000e+01,6.797001306264831122e+00,4.554199594219202396e+01,-2.338997248456853750e+00,0.000000000000000000e+00,5.485000000000000142e+01,5.257699999999999818e+01,5.000000000000000000e+01,1.000000000000000000e+00
3.400000000000000000e+02,5.000000000000000000e+01,7.087062514671208291e+00,4.487241844791727630e+01,-1.959480962588488140e+00,0.000000000000000000e+00,5.485000000000000142e+01,5.247999999999999687e+01,5.000000000000000000e+01,1.000000000000000000e+00
3.410000000000000000e+02,5.000000000000000000e+01,6.797001306264831122e+00,4.535432746751954625e+01,-2.151328773784381365e+00,0.000000000000000000e+00,5.485000000000000142e+01,5.257699999999999818e+01,5.000000000000000000e+01,1.000000000000000000e+00
3.420000000000000000e+02,5.000000000000000000e+01,7.087062514671208291e+00,4.469294344420282528e+01,-1.780005958874038008e+00,0.000000000000000000e+00,5.485000000000000142e+01,5.247999999999999687e+01,5.000000000000000000e+01,1.000000000000000000e+00
3.430000000000000000e+02,5.000000000000000000e+01,6.988381897378315166e+00,4.480828257077119048e+01,-1.796664468149509419e+00,0.000000000000000000e+00,5.485000000000000142e+01,5.251299999999999812e+01,5.000000000000000000e+01,1.000000000000000000e+00
3.440000000000000000e+02,5.000000000000000000e+01,6.701311010708078442e+00,4.529144995353425429e+01,-1.992760964242336064e+00,0.000000000000000000e+00,5.485000000000000142e+01,5.260900000000000176e+01,5.000000000000000000e+01,1.000000000000000000e+00
3.450000000000000000e+02,5.000000000000000000e+01,6.506940097858453065e+00,4.558470317067741462e+01,-2.091643268535871680e+00,0.000000000000000000e+00,5.485000000000000142e+01,5.267399999999999949e+01,5.000000000000000000e+01,1.000000000000000000e+00
3.460000000000000000e+02,5.000000000000000711e+01,6.411249802301700385e+00,4.568058634772508952e+01,-2.091836150026789465e+00,0.000000000000000000e+00,5.485000000000000142e+01,5.270600000000000307e+01,5.000000000000000000e+01,1.000000000000000000e+00
3.470000000000000000e+02,5.000000000000000000e+01,6.121188593895344532e+00,4.615671683480440635e+01,-2.277905428699754875e+00,0.000000000000000000e+00,5.485000000000000142e+01,5.280299999999999727e+01,5.000000000000000000e+01,1.000000000000000000e+00
3.480000000000000000e+02,5.000000000000000000e+01,6.121188593895344532e+00,4.605726511811226231e+01,-2.178453712007612619e+00,0.000000000000000000e+00,5.485000000000000142e+01,5.280299999999999727e+01,5.000000000000000000e+01,1.000000000000000000e+00
3.490000000000000000e+02,5.000000000000000000e+01,6.121188593895344532e+00,4.596215539201745059e+01,-2.083343985912797347e+00,0.000000000000000000e+00,5.485000000000000142e+01,5.280299999999999727e+01,5.000000000000000000e+01,1.000000000000000000e+00
3.500000000000000000e+02,5.000000000000000000e+01,5.929808002781860488e+00,4.624560373125417811e+01,-2.175411734036042599e+00,0.000000000000000000e+00,5.485000000000000142e+01,5.286699999999999733e+01,5.000000000000000000e+01,1.000000000000000000e+00
3.510000000000000000e+02,5.000000000000000000e+01,6.121188593895344532e+00,4.577622117280662195e+01,-1.897409766701970701e+00,0.000000000000000000e+00,5.485000000000000142e+01,5.280299999999999727e+01,5.000000000000000000e+01,1.000000000000000000e+00
3.520000000000000000e+02,5.000000000000000000e+01,6.121188593895344532e+00,4.569338162372373802e+01,-1.814570217619083659e+00,0.000000000000000000e+00,5.485000000000000142e+01,5.280299999999999727e+01,5.000000000000000000e+01,1.000000000000000000e+00
3.530000000000000000e+02,5.000000000000000711e+01,5.834117707225107807e+00,4.617576725431177209e+01,-2.009884961536875903e+00,0.000000000000000000e+00,5.485000000000000142e+01,5.289900000000000091e+01,5.000000000000000000e+01,1.000000000000000000e+00
3.540000000000000000e+02,5.000000000000000000e+01,6.025498298338591852e+00,4.571361147599132124e+01,-1.739109774329908875e+00,0.000000000000000000e+00,5.485000000000000142e+01,5.283500000000000085e+01,5.000000000000000000e+01,1.000000000000000000e+00
3.550000000000000000e+02,5.000000000000000000e+01,5.639746794375482430e+00,4.639234456502782677e+01,-2.032091359403310538e+00,0.000000000000000000e+00,5.485000000000000142e+01,5.296399999999999864e+01,5.000000000000000000e+01,1.000000000000000000e+00
3.560000000000000000e+02,5.000000000000000000e+01,5.639746794375482430e+00,4.630362491423736770e+01,-1.943371708612853688e+00,0.000000000000000000e+00,5.485000000000000142e+01,5.296399999999999864e+01,5.000000000000000000e+01,1.000000000000000000e+00
3.570000000000000000e+02,5.000000000000000000e+01,5.834117707225107807e+00,4.583852296864769471e+01,-1.672640675872798077e+00,0.000000000000000000e+00,5.485000000000000142e+01,5.289900000000000091e+01,5.000000000000000000e+01,1.000000000000000000e+00
3.580000000000000000e+02,5.000000000000000000e+01,5.253995290412352581e+00,4.690041378193260613e+01,-2.154409072344962706e+00,0.000000000000000000e+00,5.485000000000000142e+01,5.309300000000000352e+01,5.000000000000000000e+01,1.000000000000000000e+00
3.590000000000000000e+02,5.000000000000000000e+01,5.158304994855621217e+00,4.699355664901840868e+01,-2.151861643874028562e+00,0.000000000000000000e+00,5.485000000000000142e+01,5.312500000000000000e+01,5.000000000000000000e+01,1.000000000000000000e+00
3.600000000000000000e+02,5.000000000000000000e+01,5.158304994855621217e+00,4.689960791353934155e+01,-2.057912908394960105e+00,0.000000000000000000e+00,5.485000000000000142e+01,5.312500000000000000e+01,5.000000000000000000e+01,1.000000000000000000e+00
3.610000000000000000e+02,5.000000000000000000e+01,5.158304994855621217e+00,4.680976091244605186e+01,-1.968065907301670192e+00,0.000000000000000000e+00,5.485000000000000142e+01,5.312500000000000000e+01,5.000000000000000000e+01,1.000000000000000000e+00
3.620000000000000000e+02,5.000000000000000000e+01,5.062614699298889853e+00,4.691103938842232424e+01,-1.973654087721216310e+00,0.000000000000000000e+00,5.485000000000000142e+01,5.315699999999999648e+01,5.000000000000000000e+01,1.000000000000000000e+00
3.630000000000000000e+02,5.000000000000000000e+01,5.158304994855621217e+00,4.663766824552241275e+01,-1.795973240378034630e+00,0.000000000000000000e+00,5.485000000000000142e+01,5.312500000000000000e+01,5.000000000000000000e+01,1.000000000000000000e+00
3.640000000000000000e+02,5.000000000000000000e+01,4.868243786449243160e+00,4.712671589496478930e+01,-1.994959681414032016e+00,0.000000000000000000e+00,5.485000000000000142e+01,5.322200000000000131e+01,5.000000000000000000e+01,1.000000000000000000e+00
3.650000000000000000e+02,5.000000000000000000e+01,4.482492282486133739e+00,4.779427876062219838e+01,-2.276771043108333448e+00,0.000000000000000000e+00,5.485000000000000142e+01,5.335099999999999909e+01,5.000000000000000000e+01,1.000000000000000000e+00
3.660000000000000000e+02,5.000000000000000711e+01,4.676863195335759116e+00,4.731462083929189788e+01,-1.991484034627652111e+00,0.000000000000000000e+00,5.485000000000000142e+01,5.328600000000000136e+01,5.000000000000000000e+01,1.000000000000000000e+00
3.670000000000000000e+02,5.000000000000000000e+01,4.195421395815897903e+00,4.816953827065857752e+01,-2.364959666474477196e+00,0.000000000000000000e+00,5.485000000000000142e+01,5.344700000000000273e+01,5.000000000000000000e+01,1.000000000000000000e+00
3.680000000000000000e+02,5.000000000000000000e+01,4.195421395815897903e+00,4.806628582840384922e+01,-2.261707224219744905e+00,0.000000000000000000e+00,5.485000000000000142e+01,5.344700000000000273e+01,5.000000000000000000e+01,1.000000000000000000e+00
3.690000000000000000e+02,5.000000000000000000e+01,4.195421395815897903e+00,4.796754131369760188e+01,-2.162962709513502002e+00,0.000000000000000000e+00,5.485000000000000142e+01,5.344700000000000273e+01,5.000000000000000000e+01,1.000000000000000000e+00
3.700000000000000000e+02,5.000000000000000000e+01,4.195421395815897903e+00,4.787310791365737828e+01,-2.068529309473276623e+00,0.000000000000000000e+00,5.485000000000000142e+01,5.344700000000000273e+01,5.000000000000000000e+01,1.000000000000000000e+00
3.710000000000000000e+02,5.000000000000000000e+01,4.195421395815897903e+00,4.778279740810994269e+01,-1.978218803925838376e+00,0.000000000000000000e+00,5.485000000000000142e+01,5.344700000000000273e+01,5.000000000000000000e+01,1.000000000000000000e+00
3.720000000000000000e+02,5.000000000000000000e+01,4.001050482966272526e+00,4.807668552553898422e+01,-2.077736008505253196e+00,0.000000000000000000e+00,5.485000000000000142e+01,5.351200000000000045e+01,5.000000000000000000e+01,1.000000000000000000e+00
3.730000000000000000e+02,5.000000000000000000e+01,3.713979596296057117e+00,4.854758152650998682e+01,-2.261561122806042157e+00,0.000000000000000000e+00,5.485000000000000142e+01,5.360799999999999699e+01,5.000000000000000000e+01,1.000000000000000000e+00
3.740000000000000000e+02,5.000000000000000000e+01,3.713979596296057117e+00,4.844884339048664401e+01,-2.162822986782698464e+00,0.000000000000000000e+00,5.485000000000000142e+01,5.360799999999999699e+01,5.000000000000000000e+01,1.000000000000000000e+00
3.750000000000000000e+02,5.000000000000000000e+01,3.713979596296057117e+00,4.835441609064059776e+01,-2.068395686936653544e+00,0.000000000000000000e+00,5.485000000000000142e+01,5.360799999999999699e+01,5.000000000000000000e+01,1.000000000000000000e+00
3.760000000000000000e+02,5.000000000000000000e+01,3.328228092332926824e+00,4.901877279298493306e+01,-2.347000885317862551e+00,0.000000000000000000e+00,5.485000000000000142e+01,5.373700000000000188e+01,5.000000000000000000e+01,1.000000000000000000e+00
3.770000000000000000e+02,5.000000000000000000e+01,3.229547475040033255e+00,4.910935732786563790e+01,-2.338904802905671154e+00,0.000000000000000000e+00,5.485000000000000142e+01,5.377000000000000313e+01,5.000000000000000000e+01,1.000000000000000000e+00
3.780000000000000000e+02,5.000000000000000000e+01,3.229547475040033255e+00,4.900724242226078076e+01,-2.236789897300814900e+00,0.000000000000000000e+00,5.485000000000000142e+01,5.377000000000000313e+01,5.000000000000000000e+01,1.000000000000000000e+00
3.790000000000000000e+02,5.000000000000000000e+01,2.942476588369817847e+00,4.947119424456309389e+01,-2.413670832932909960e+00,0.000000000000000000e+00,5.485000000000000142e+01,5.386599999999999966e+01,5.000000000000000000e+01,1.000000000000000000e+00
3.800000000000000000e+02,5.000000000000000000e+01,2.942476588369817847e+00,4.936581510772950310e+01,-2.308291696099319168e+00,0.000000000000000000e+00,5.485000000000000142e+01,5.386599999999999966e+01,5.000000000000000000e+01,1.000000000000000000e+00
3.810000000000000000e+02,5.000000000000000000e+01,3.038166883926549211e+00,4.907783392693966817e+01,-2.116000810866219162e+00,0.000000000000000000e+00,5.485000000000000142e+01,5.383400000000000318e+01,5.000000000000000000e+01,1.000000000000000000e+00
3.820000000000000000e+02,5.000000000000000000e+01,2.652415379963440234e+00,4.974011222372836727e+01,-2.392527603691808835e+00,0.000000000000000000e+00,5.485000000000000142e+01,5.396300000000000097e+01,5.000000000000000000e+01,1.000000000000000000e+00
3.830000000000000000e+02,5.000000000000000000e+01,2.266663876000331257e+00,5.039031755914150779e+01,-2.656981435141835934e+00,0.000000000000000000e+00,5.485000000000000142e+01,5.409199999999999875e+01,5.000000000000000000e+01,1.000000000000000000e+00
3.840000000000000000e+02,5.000000000000000000e+01,2.652415379963440234e+00,4.951965428195545371e+01,-2.172069661918895278e+00,0.000000000000000000e+00,5.485000000000000142e+01,5.396300000000000097e+01,5.000000000000000000e+01,1.000000000000000000e+00
3.850000000000000000e+02,5.000000000000000000e+01,2.461034788849956190e+00,4.979922892183561345e+01,-2.260263710685572303e+00,0.000000000000000000e+00,5.485000000000000142e+01,5.402700000000000102e+01,5.000000000000000000e+01,1.000000000000000000e+00
3.860000000000000000e+02,5.000000000000000000e+01,2.266663876000331257e+00,5.008080316099380269e+01,-2.347467036994131284e+00,0.000000000000000000e+00,5.485000000000000142e+01,5.409199999999999875e+01,5.000000000000000000e+01,1.000000000000000000e+00
3.870000000000000000e+02,5.000000000000000000e+01,2.266663876000331257e+00,4.997831443439177690e+01,-2.244978310392104159e+00,0.000000000000000000e+00,5.485000000000000142e+01,5.409199999999999875e+01,5.000000000000000000e+01,1.000000000000000000e+00
3.880000000000000000e+02,5.000000000000000000e+01,2.266663876000331257e+00,4.988030029206078098e+01,-2.146964168061110900e+00,0.000000000000000000e+00,5.485000000000000142e+01,5.409199999999999875e+01,5.000000000000000000e+01,1.000000000000000000e+00
3.890000000000000000e+02,5.000000000000000000e+01,2.170973580443578577e+00,4.997376819832616945e+01,-2.144741778769747587e+00,0.000000000000000000e+00,5.485000000000000142e+01,5.412400000000000233e+01,5.000000000000000000e+01,1.000000000000000000e+00
3.900000000000000000e+02,5.000000000000000000e+01,2.170973580443578577e+00,4.988013031104927819e+01,-2.051103891492854547e+00,0.000000000000000000e+00,5.485000000000000142e+01,5.412400000000000233e+01,5.000000000000000000e+01,1.000000000000000000e+00
3.910000000000000000e+02,4.999999999999999289e+01,2.075283284886847213e+00,4.997778340821287912e+01,-2.053066693099732998e+00,0.000000000000000000e+00,5.485000000000000142e+01,5.415599999999999881e+01,5.000000000000000000e+01,1.000000000000000000e+00
3.920000000000000000e+02,5.000000000000000000e+01,1.785222076480469378e+00,5.045560654196582817e+01,-2.240828618446298659e+00,0.000000000000000000e+00,5.485000000000000142e+01,5.425300000000000011e+01,5.000000000000000000e+01,1.000000000000000000e+00
3.930000000000000000e+02,5.000000000000000000e+01,1.495160868074091765e+00,5.092523212477136241e+01,-2.420392992845458391e+00,0.000000000000000000e+00,5.485000000000000142e+01,5.435000000000000142e+01,5.000000000000000000e+01,1.000000000000000000e+00
3.940000000000000000e+02,5.000000000000000000e+01,1.495160868074091765e+00,5.081955950325892957e+01,-2.314720371333022442e+00,0.000000000000000000e+00,5.485000000000000142e+01,5.435000000000000142e+01,5.000000000000000000e+01,1.000000000000000000e+00
3.950000000000000000e+02,5.000000000000000000e+01,1.303780276960607942e+00,5.109290611551342920e+01,-2.396686392474038030e+00,0.000000000000000000e+00,5.485000000000000142e+01,5.441400000000000148e+01,5.000000000000000000e+01,1.000000000000000000e+00
3.960000000000000000e+02,5.000000000000000000e+01,1.303780276960607942e+00,5.098826850716447723e+01,-2.292048784125084282e+00,0.000000000000000000e+00,5.485000000000000142e+01,5.441400000000000148e+01,5.000000000000000000e+01,1.000000000000000000e+00
3.970000000000000000e+02,5.000000000000000000e+01,1.303780276960607942e+00,5.088819930172186901e+01,-2.191979578682480945e+00,0.000000000000000000e+00,5.485000000000000142e+01,5.441400000000000148e+01,5.000000000000000000e+01,1.000000000000000000e+00
3.980000000000000000e+02,5.000000000000000000e+01,1.208089981403876578e+00,5.097970186745662602e+01,-2.187791848860497268e+00,0.000000000000000000e+00,5.485000000000000142e+01,5.444599999999999795e+01,5.000000000000000000e+01,1.000000000000000000e+00
3.990000000000000000e+02,5.000000000000000000e+01,9.180287729974988542e-01,5.145164299757006887e+01,-2.369671770567573166e+00,0.000000000000000000e+00,5.485000000000000142e+01,5.454299999999999926e+01,5.000000000000000000e+01,1.000000000000000000e+00
4.000000000000000000e+02,5.000000000000000000e+01,9.180287729974988542e-01,5.134818482823141750e+01,-2.266213601228921348e+00,0.000000000000000000e+00,5.485000000000000142e+01,5.454299999999999926e+01,5.000000000000000000e+01,1.000000000000000000e+00
4.010000000000000000e+02,5.000000000000000000e+01,7.266481818840149209e-01,5.162364921126659567e+01,-2.350297393150612812e+00,0.000000000000000000e+00,5.485000000000000142e+01,5.460699999999999932e+01,5.000000000000000000e+01,1.000000000000000000e+00
4.020000000000000000e+02,5.000000000000000000e+01,4.365869734776371969e-01,5.208849546590892032e+01,-2.525082439386555855e+00,0.000000000000000000e+00,5.485000000000000142e+01,5.470400000000000063e+01,5.000000000000000000e+01,1.000000000000000000e+00
4.030000000000000000e+02,5.000000000000000000e+01,4.365869734776371969e-01,5.197825217827185185e+01,-2.414839151749492707e+00,0.000000000000000000e+00,5.485000000000000142e+01,5.470400000000000063e+01,5.000000000000000000e+01,1.000000000000000000e+00
4.040000000000000000e+02,5.000000000000000000e+01,6.279675645911211301e-01,5.149841639054850617e+01,-2.126383955139629300e+00,0.000000000000000000e+00,5.485000000000000142e+01,5.464000000000000057e+01,5.000000000000000000e+01,1.000000000000000000e+00
4.050000000000000000e+02,5.000000000000000000e+01,3.408966779209058329e-01,5.196718845707281531e+01,-2.308085134993720366e+00,0.000000000000000000e+00,5.485000000000000142e+01,5.473599999999999710e+01,5.000000000000000000e+01,1.000000000000000000e+00
4.060000000000000000e+02,5.000000000000000000e+01,3.408966779209058329e-01,5.186641911605686062e+01,-2.207315793977765672e+00,0.000000000000000000e+00,5.485000000000000142e+01,5.473599999999999710e+01,5.000000000000000000e+01,1.000000000000000000e+00
4.070000000000000000e+02,5.000000000000000000e+01,5.322772690343897661e-01,5.139564364924240181e+01,-1.927920918276788909e+00,0.000000000000000000e+00,5.485000000000000142e+01,5.467199999999999704e+01,5.000000000000000000e+01,1.000000000000000000e+00
4.080000000000000000e+02,5.000000000000000000e+01,4.365869734776371969e-01,5.149867482663678686e+01,-1.935261800114425279e+00,0.000000000000000000e+00,5.485000000000000142e+01,5.470400000000000063e+01,5.000000000000000000e+01,1.000000000000000000e+00
4.090000000000000000e+02,5.000000000000000000e+01,3.408966779209058329e-01,5.160138550639695865e+01,-1.942282184317860150e+00,0.000000000000000000e+00,5.485000000000000142e+01,5.473599999999999710e+01,5.000000000000000000e+01,1.000000000000000000e+00
4.100000000000000000e+02,5.000000000000000000e+01,3.408966779209058329e-01,5.151658685975549901e+01,-1.857483537676399843e+00,0.000000000000000000e+00,5.485000000000000142e+01,5.473599999999999710e+01,5.000000000000000000e+01,1.000000000000000000e+00
4.110000000000000000e+02,5.000000000000000000e+01,3.408966779209058329e-01,5.143549046118606327e+01,-1.776387139106966551e+00,0.000000000000000000e+00,5.485000000000000142e+01,5.473599999999999710e+01,5.000000000000000000e+01,1.000000000000000000e+00
4.120000000000000000e+02,5.000000000000000000e+01,3.408966779209058329e-01,5.135793467319408023e+01,-1.698831351114981070e+00,0.000000000000000000e+00,5.485000000000000142e+01,5.473599999999999710e+01,5.000000000000000000e+01,1.000000000000000000e+00
4.130000000000000000e+02,5.000000000000000000e+01,3.408966779209058329e-01,5.128376491526200454e+01,-1.624661593182907815e+00,0.000000000000000000e+00,5.485000000000000142e+01,5.473599999999999710e+01,5.000000000000000000e+01,1.000000000000000000e+00
4.140000000000000000e+02,5.000000000000000000e+01,3.408966779209058329e-01,5.121283335574679541e+01,-1.553730033667700239e+00,0.000000000000000000e+00,5.485000000000000142e+01,5.473599999999999710e+01,5.000000000000000000e+01,1.000000000000000000e+00
4.150000000000000000e+02,5.000000000000000000e+01,2.422160606280120421e-01,5.133805152686387174e+01,-1.580267587491881676e+00,0.000000000000000000e+00,5.485000000000000142e+01,5.476899999999999835e+01,5.000000000000000000e+01,1.000000000000000000e+00
4.160000000000000000e+02,5.000000000000000000e+01,3.408966779209058329e-01,5.107600526815085118e+01,-1.416901946071754681e+00,0.000000000000000000e+00,5.485000000000000142e+01,5.473599999999999710e+01,5.000000000000000000e+01,1.000000000000000000e+00
4.170000000000000000e+02,5.000000000000000000e+01,3.408966779209058329e-01,5.101414434576756207e+01,-1.355041023688463575e+00,0.000000000000000000e+00,5.485000000000000142e+01,5.473599999999999710e+01,5.000000000000000000e+01,1.000000000000000000e+00
4.180000000000000000e+02,5.000000000000000000e+01,3.408966779209058329e-01,5.095498422687227702e+01,-1.295880904793177413e+00,0.000000000000000000e+00,5.485000000000000142e+01,5.473599999999999710e+01,5.000000000000000000e+01,1.000000000000000000e+00
4.190000000000000000e+02,5.000000000000000000e+01,2.422160606280120421e-01,5.109145990595744280e+01,-1.333675966585449624e+00,0.000000000000000000e+00,5.485000000000000142e+01,5.476899999999999835e+01,5.000000000000000000e+01,1.000000000000000000e+00
4.200000000000000000e+02,5.000000000000000000e+01,3.408966779209058329e-01,5.084017966049152903e+01,-1.181076338412431426e+00,0.000000000000000000e+00,5.485000000000000142e+01,5.473599999999999710e+01,5.000000000000000000e+01,1.000000000000000000e+00
4.210000000000000000e+02,5.000000000000000000e+01,1.465257650712594728e-01,5.116887044604048640e+01,-1.315396211111748759e+00,0.000000000000000000e+00,5.485000000000000142e+01,5.480100000000000193e+01,5.000000000000000000e+01,1.000000000000000000e+00
4.220000000000000000e+02,5.000000000000000000e+01,2.422160606280120421e-01,5.092423836975415696e+01,-1.166454430382170004e+00,0.000000000000000000e+00,5.485000000000000142e+01,5.476899999999999835e+01,5.000000000000000000e+01,1.000000000000000000e+00
4.230000000000000000e+02,5.000000000000000000e+01,3.408966779209058329e-01,5.068025889658273542e+01,-1.021155574503639141e+00,0.000000000000000000e+00,5.485000000000000142e+01,5.473599999999999710e+01,5.000000000000000000e+01,1.000000000000000000e+00
4.240000000000000000e+02,5.000000000000000000e+01,5.083546951452812962e-02,5.120313452941008592e+01,-1.253969998924614915e+00,0.000000000000000000e+00,5.485000000000000142e+01,5.483299999999999841e+01,5.000000000000000000e+01,1.000000000000000000e+00
4.250000000000000000e+02,5.000000000000000000e+01,-4.306063300053334930e-01,5.209025129443264035e+01,-1.659644964427308134e+00,0.000000000000000000e+00,5.485000000000000142e+01,5.499399999999999977e+01,5.000000000000000000e+01,1.000000000000000000e+00
4.260000000000000000e+02,5.000000000000000000e+01,-2.392257388918495875e-01,5.164338674309990296e+01,-1.404161004208056562e+00,0.000000000000000000e+00,5.485000000000000142e+01,5.492999999999999972e+01,5.000000000000000000e+01,1.000000000000000000e+00
4.270000000000000000e+02,5.000000000000000000e+01,-6.249772428549585923e-01,5.233674345512481807e+01,-1.711766212269860477e+00,0.000000000000000000e+00,5.485000000000000142e+01,5.505899999999999750e+01,5.000000000000000000e+01,1.000000000000000000e+00
4.280000000000000000e+02,5.000000000000000000e+01,-4.306063300053334930e-01,5.188175323933587890e+01,-1.451146909330542911e+00,0.000000000000000000e+00,5.485000000000000142e+01,5.499399999999999977e+01,5.000000000000000000e+01,1.000000000000000000e+00
4.290000000000000000e+02,5.000000000000000000e+01,-5.262966255620861178e-01,5.200560002789063674e+01,-1.479303402328544514e+00,0.000000000000000000e+00,5.485000000000000142e+01,5.502600000000000335e+01,5.000000000000000000e+01,1.000000000000000000e+00
4.300000000000000000e+02,5.000000000000000000e+01,-6.249772428549585923e-01,5.213406761233318321e+01,-1.509090369478225835e+00,0.000000000000000000e+00,5.485000000000000142e+01,5.505899999999999750e+01,5.000000000000000000e+01,1.000000000000000000e+00
4.310000000000000000e+02,5.000000000000000000e+01,-6.249772428549585923e-01,5.206818180952623720e+01,-1.443204566671277611e+00,0.000000000000000000e+00,5.485000000000000142e+01,5.505899999999999750e+01,5.000000000000000000e+01,1.000000000000000000e+00
4.320000000000000000e+02,5.000000000000000000e+01,-6.249772428549585923e-01,5.200517253359886638e+01,-1.380195290743907233e+00,0.000000000000000000e+00,5.485000000000000142e+01,5.505899999999999750e+01,5.000000000000000000e+01,1.000000000000000000e+00
4.330000000000000000e+02,5.000000000000000000e+01,-6.249772428549585923e-01,5.194491419745133243e+01,-1.319936954596369061e+00,0.000000000000000000e+00,5.485000000000000142e+01,5.505899999999999750e+01,5.000000000000000000e+01,1.000000000000000000e+00
4.340000000000000000e+02,5.000000000000000000e+01,-8.163578339684425256e-01,5.226169233995499752e+01,-1.445334505986560325e+00,0.000000000000000000e+00,5.485000000000000142e+01,5.512299999999999756e+01,5.000000000000000000e+01,1.000000000000000000e+00
4.350000000000000000e+02,5.000000000000000000e+01,-1.010728746818088997e+00,5.257884580350453518e+01,-1.568117056686443966e+00,0.000000000000000000e+00,5.485000000000000142e+01,5.518800000000000239e+01,5.000000000000000000e+01,1.000000000000000000e+00
4.360000000000000000e+02,5.000000000000000000e+01,-6.249772428549585923e-01,5.175572156385615585e+01,-1.130744321001192931e+00,0.000000000000000000e+00,5.485000000000000142e+01,5.505899999999999750e+01,5.000000000000000000e+01,1.000000000000000000e+00
4.370000000000000000e+02,5.000000000000000000e+01,-8.163578339684425256e-01,5.208075972100287743e+01,-1.264401887034436234e+00,0.000000000000000000e+00,5.485000000000000142e+01,5.512299999999999756e+01,5.000000000000000000e+01,1.000000000000000000e+00
4.380000000000000000e+02,5.000000000000000000e+01,-7.206675384117111616e-01,5.183835402031899520e+01,-1.117686481907283147e+00,0.000000000000000000e+00,5.485000000000000142e+01,5.509100000000000108e+01,5.000000000000000000e+01,1.000000000000000000e+00
4.390000000000000000e+02,5.000000000000000000e+01,-8.163578339684425256e-01,5.197675945188772317e+01,-1.160401617919284867e+00,0.000000000000000000e+00,5.485000000000000142e+01,5.512299999999999756e+01,5.000000000000000000e+01,1.000000000000000000e+00
4.400000000000000000e+02,5.000000000000000000e+01,-7.206675384117111616e-01,5.173889432833651369e+01,-1.018226789924805198e+00,0.000000000000000000e+00,5.485000000000000142e+01,5.509100000000000108e+01,5.000000000000000000e+01,1.000000000000000000e+00
4.410000000000000000e+02,5.000000000000000000e+01,-1.010728746818088997e+00,5.226189782979727028e+01,-1.251169082979182834e+00,0.000000000000000000e+00,5.485000000000000142e+01,5.518800000000000239e+01,5.000000000000000000e+01,1.000000000000000000e+00
4.420000000000000000e+02,5.000000000000000000e+01,-7.206675384117111616e-01,5.163981413274508014e+01,-9.191465943333698707e-01,0.000000000000000000e+00,5.485000000000000142e+01,5.509100000000000108e+01,5.000000000000000000e+01,1.000000000000000000e+00
4.430000000000000000e+02,5.000000000000000000e+01,-7.206675384117111616e-01,5.159968485189501308e+01,-8.790173134833006996e-01,0.000000000000000000e+00,5.485000000000000142e+01,5.509100000000000108e+01,5.000000000000000000e+01,1.000000000000000000e+00
4.440000000000000000e+02,5.000000000000000000e+01,-7.206675384117111616e-01,5.156130758665536717e+01,-8.406400482436594546e-01,0.000000000000000000e+00,5.485000000000000142e+01,5.509100000000000108e+01,5.000000000000000000e+01,1.000000000000000000e+00
4.450000000000000000e+02,5.000000000000000000e+01,-9.120481295251950948e-01,5.189901148821007837e+01,-9.869633586848831630e-01,0.000000000000000000e+00,5.485000000000000142e+01,5.515500000000000114e+01,5.000000000000000000e+01,1.000000000000000000e+00
4.460000000000000000e+02,5.000000000000000000e+01,-8.163578339684425256e-01,5.166871855462054697e+01,-8.523607206521076618e-01,0.000000000000000000e+00,5.485000000000000142e+01,5.512299999999999756e+01,5.000000000000000000e+01,1.000000000000000000e+00
4.470000000000000000e+02,5.000000000000000000e+01,-1.202109337931572819e+00,5.238616647112635860e+01,-1.184057133194784450e+00,0.000000000000000000e+00,5.485000000000000142e+01,5.525200000000000244e+01,5.000000000000000000e+01,1.000000000000000000e+00
4.480000000000000000e+02,5.000000000000000000e+01,-1.297799633488304183e+00,5.252167420767871420e+01,-1.223874574190410680e+00,0.000000000000000000e+00,5.485000000000000142e+01,5.528399999999999892e+01,5.000000000000000000e+01,1.000000000000000000e+00
4.490000000000000000e+02,5.000000000000000000e+01,-1.202109337931572819e+00,5.228103790039654086e+01,-1.078928562464966268e+00,0.000000000000000000e+00,5.485000000000000142e+01,5.525200000000000244e+01,5.000000000000000000e+01,1.000000000000000000e+00
4.500000000000000000e+02,5.000000000000000000e+01,-1.393489929045056863e+00,5.260833829638480097e+01,-1.214848367339738111e+00,0.000000000000000000e+00,5.485000000000000142e+01,5.531600000000000250e+01,5.000000000000000000e+01,1.000000000000000000e+00
4.510000000000000000e+02,5.000000000000000000e+01,-1.393489929045056863e+00,5.255529888828191076e+01,-1.161808959236853234e+00,0.000000000000000000e+00,5.485000000000000142e+01,5.531600000000000250e+01,5.000000000000000000e+01,1.000000000000000000e+00
4.520000000000000000e+02,5.000000000000000000e+01,-1.010728746818088997e+00,5.175576385682579428e+01,-7.450351100077021727e-01,0.000000000000000000e+00,5.485000000000000142e+01,5.518800000000000239e+01,5.000000000000000000e+01,1.000000000000000000e+00
4.530000000000000000e+02,5.000000000000000000e+01,-1.010728746818088997e+00,5.172323615846191558e+01,-7.125074116438245841e-01,0.000000000000000000e+00,5.485000000000000142e+01,5.518800000000000239e+01,5.000000000000000000e+01,1.000000000000000000e+00
4.540000000000000000e+02,5.000000000000000000e+01,-6.249772428549585923e-01,5.093746722204331689e+01,-3.124899791883541389e-01,0.000000000000000000e+00,5.485000000000000142e+01,5.505899999999999750e+01,5.000000000000000000e+01,1.000000000000000000e+00
4.550000000000000000e+02,5.000000000000000000e+01,-9.120481295251950948e-01,5.148543259814630346e+01,-5.733844686211075903e-01,0.000000000000000000e+00,5.485000000000000142e+01,5.515500000000000114e+01,5.000000000000000000e+01,1.000000000000000000e+00
4.560000000000000000e+02,5.000000000000000000e+01,-7.206675384117111616e-01,5.108599340070301764e+01,-3.653258622913057030e-01,0.000000000000000000e+00,5.485000000000000142e+01,5.509100000000000108e+01,5.000000000000000000e+01,1.000000000000000000e+00
4.570000000000000000e+02,5.000000000000000000e+01,-1.106419042374820361e+00,5.182470490969274834e+01,-7.182858673179328690e-01,0.000000000000000000e+00,5.485000000000000142e+01,5.521999999999999886e+01,5.000000000000000000e+01,1.000000000000000000e+00
4.580000000000000000e+02,5.000000000000000000e+01,-9.120481295251950948e-01,5.141308933297377592e+01,-5.010412034485824950e-01,0.000000000000000000e+00,5.485000000000000142e+01,5.515500000000000114e+01,5.000000000000000000e+01,1.000000000000000000e+00
4.590000000000000000e+02,5.000000000000000000e+01,-1.106419042374820361e+00,5.177146996461158324e+01,-6.650509222367626538e-01,0.000000000000000000e+00,5.485000000000000142e+01,5.521999999999999886e+01,5.000000000000000000e+01,1.000000000000000000e+00
4.600000000000000000e+02,5.000000000000000000e+01,-1.010728746818088997e+00,5.155523149703545727e+01,-5.445027502173704903e-01,0.000000000000000000e+00,5.485000000000000142e+01,5.518800000000000239e+01,5.000000000000000000e+01,1.000000000000000000e+00
4.610000000000000000e+02,5.000000000000000000e+01,-1.393489929045056863e+00,5.228027018348133481e+01,-8.867802544362768380e-01,0.000000000000000000e+00,5.485000000000000142e+01,5.531600000000000250e+01,5.000000000000000000e+01,1.000000000000000000e+00
4.620000000000000000e+02,5.000000000000000000e+01,-1.202109337931572819e+00,5.186714835088089615e+01,-6.650390129493198854e-01,0.000000000000000000e+00,5.485000000000000142e+01,5.525200000000000244e+01,5.000000000000000000e+01,1.000000000000000000e+00
4.630000000000000000e+02,5.000000000000000000e+01,-1.492170546337929338e+00,5.240557177728333471e+01,-9.134012309454002665e-01,0.000000000000000000e+00,5.485000000000000142e+01,5.534899999999999665e+01,5.000000000000000000e+01,1.000000000000000000e+00
4.640000000000000000e+02,5.000000000000000000e+01,-1.587860841894681796e+00,5.255289615634091405e+01,-9.650353144462303634e-01,0.000000000000000000e+00,5.485000000000000142e+01,5.538100000000000023e+01,5.000000000000000000e+01,1.000000000000000000e+00
4.650000000000000000e+02,5.000000000000000000e+01,-1.492170546337929338e+00,5.232356058543017241e+01,-8.313900390922382977e-01,0.000000000000000000e+00,5.485000000000000142e+01,5.534899999999999665e+01,5.000000000000000000e+01,1.000000000000000000e+00
4.660000000000000000e+02,5.000000000000000000e+01,-1.587860841894681796e+00,5.247446551428362937e+01,-8.866046723889486891e-01,0.000000000000000000e+00,5.485000000000000142e+01,5.538100000000000023e+01,5.000000000000000000e+01,1.000000000000000000e+00
4.670000000000000000e+02,5.000000000000000000e+01,-1.683551137451413160e+00,5.262295981186206006e+01,-9.394086744106523446e-01,0.000000000000000000e+00,5.485000000000000142e+01,5.541299999999999670e+01,5.000000000000000000e+01,1.000000000000000000e+00
4.680000000000000000e+02,5.000000000000000000e+01,-1.877922050301059631e+00,5.296220163423246419e+01,-1.084279583931404112e+00,0.000000000000000000e+00,5.485000000000000142e+01,5.547800000000000153e+01,5.000000000000000000e+01,1.000000000000000000e+00
4.690000000000000000e+02,5.000000000000000000e+01,-1.779241433008165840e+00,5.272180985589923807e+01,-9.425684228910679030e-01,0.000000000000000000e+00,5.485000000000000142e+01,5.544500000000000028e+01,5.000000000000000000e+01,1.000000000000000000e+00
4.700000000000000000e+02,5.000000000000000000e+01,-1.877922050301059631e+00,5.287371090445374477e+01,-9.957888541526874748e-01,0.000000000000000000e+00,5.485000000000000142e+01,5.547800000000000153e+01,5.000000000000000000e+01,1.000000000000000000e+00
4.710000000000000000e+02,5.000000000000000000e+01,-2.260683232528027276e+00,5.357904676338526428e+01,-1.318363530857242560e+00,0.000000000000000000e+00,5.485000000000000142e+01,5.560600000000000165e+01,5.000000000000000000e+01,1.000000000000000000e+00
4.720000000000000000e+02,5.000000000000000000e+01,-2.260683232528027276e+00,5.352148795751205057e+01,-1.260804724984029734e+00,0.000000000000000000e+00,5.485000000000000142e+01,5.560600000000000165e+01,5.000000000000000000e+01,1.000000000000000000e+00
4.730000000000000000e+02,5.000000000000000000e+01,-2.164992936971275039e+00,5.327923930634240435e+01,-1.114246369371127532e+00,0.000000000000000000e+00,5.485000000000000142e+01,5.557399999999999807e+01,5.000000000000000000e+01,1.000000000000000000e+00
4.740000000000000000e+02,5.000000000000000000e+01,-2.164992936971275039e+00,5.323059210929208263e+01,-1.065599172320809807e+00,0.000000000000000000e+00,5.485000000000000142e+01,5.557399999999999807e+01,5.000000000000000000e+01,1.000000000000000000e+00
4.750000000000000000e+02,5.000000000000000000e+01,-2.359363849820921288e+00,5.356432454506141028e+01,-1.204960695240483659e+00,0.000000000000000000e+00,5.485000000000000142e+01,5.563900000000000290e+01,5.000000000000000000e+01,1.000000000000000000e+00
4.760000000000000000e+02,5.000000000000000000e+01,-2.359363849820921288e+00,5.351171682562828380e+01,-1.152352975807361180e+00,0.000000000000000000e+00,5.485000000000000142e+01,5.563900000000000290e+01,5.000000000000000000e+01,1.000000000000000000e+00
4.770000000000000000e+02,5.000000000000000000e+01,-2.260683232528027276e+00,5.326835301184624427e+01,-1.007669779318220105e+00,0.000000000000000000e+00,5.485000000000000142e+01,5.560600000000000165e+01,5.000000000000000000e+01,1.000000000000000000e+00
4.780000000000000000e+02,5.000000000000000000e+01,-2.455054145377652652e+00,5.360461460335151429e+01,-1.149560457973864525e+00,0.000000000000000000e+00,5.485000000000000142e+01,5.567099999999999937e+01,5.000000000000000000e+01,1.000000000000000000e+00
4.790000000000000000e+02,5.000000000000000000e+01,-2.359363849820921288e+00,5.336722279706533811e+01,-1.007858947244413494e+00,0.000000000000000000e+00,5.485000000000000142e+01,5.563900000000000290e+01,5.000000000000000000e+01,1.000000000000000000e+00
4.800000000000000000e+02,5.000000000000000711e+01,-2.550744440934405333e+00,5.369762604146392704e+01,-1.146881600529520151e+00,0.000000000000000000e+00,5.485000000000000142e+01,5.570300000000000296e+01,5.000000000000000000e+01,1.000000000000000000e+00
4.810000000000000000e+02,5.000000000000000000e+01,-2.550744440934405333e+00,5.364755401363598253e+01,-1.096809572701570090e+00,0.000000000000000000e+00,5.485000000000000142e+01,5.570300000000000296e+01,5.000000000000000000e+01,1.000000000000000000e+00
4.820000000000000000e+02,5.000000000000000711e+01,-2.550744440934405333e+00,5.359966809461790405e+01,-1.048923653683496715e+00,0.000000000000000000e+00,5.485000000000000142e+01,5.570300000000000296e+01,5.000000000000000000e+01,1.000000000000000000e+00
4.830000000000000000e+02,5.000000000000000000e+01,-2.646434736491136253e+00,5.374107566193173824e+01,-1.094640925440600876e+00,0.000000000000000000e+00,5.485000000000000142e+01,5.573499999999999943e+01,5.000000000000000000e+01,1.000000000000000000e+00
4.840000000000000000e+02,5.000000000000000000e+01,-2.550744440934405333e+00,5.350608160303293914e+01,-9.553371620985297019e-01,0.000000000000000000e+00,5.485000000000000142e+01,5.570300000000000296e+01,5.000000000000000000e+01,1.000000000000000000e+00
4.850000000000000000e+02,5.000000000000000000e+01,-2.646434736491136253e+00,5.365157508942402842e+01,-1.005140352932894388e+00,0.000000000000000000e+00,5.485000000000000142e+01,5.573499999999999943e+01,5.000000000000000000e+01,1.000000000000000000e+00
4.860000000000000000e+02,5.000000000000000000e+01,-2.646434736491136253e+00,5.360769138277129997e+01,-9.612566462801640510e-01,0.000000000000000000e+00,5.485000000000000142e+01,5.573499999999999943e+01,5.000000000000000000e+01,1.000000000000000000e+00
4.870000000000000000e+02,5.000000000000000000e+01,-2.840805649340761629e+00,5.394597933836505632e+01,-1.105173689024299355e+00,0.000000000000000000e+00,5.485000000000000142e+01,5.579999999999999716e+01,5.000000000000000000e+01,1.000000000000000000e+00
4.880000000000000000e+02,5.000000000000000000e+01,-2.646434736491136253e+00,5.351747251693012686e+01,-8.710377804389888290e-01,0.000000000000000000e+00,5.485000000000000142e+01,5.573499999999999943e+01,5.000000000000000000e+01,1.000000000000000000e+00
4.890000000000000000e+02,5.000000000000000000e+01,-2.745115353784030265e+00,5.367249654201312836e+01,-9.273811882290992070e-01,0.000000000000000000e+00,5.485000000000000142e+01,5.576800000000000068e+01,5.000000000000000000e+01,1.000000000000000000e+00
4.900000000000000000e+02,5.000000000000000000e+01,-2.840805649340761629e+00,5.381921056616583598e+01,-9.784049168250785744e-01,0.000000000000000000e+00,5.485000000000000142e+01,5.579999999999999716e+01,5.000000000000000000e+01,1.000000000000000000e+00
4.910000000000000000e+02,5.000000000000000000e+01,-3.032186240454245674e+00,5.415089975240020692e+01,-1.118713511945960803e+00,0.000000000000000000e+00,5.485000000000000142e+01,5.586399999999999721e+01,5.000000000000000000e+01,1.000000000000000000e+00
4.920000000000000000e+02,5.000000000000000000e+01,-2.936495944897514310e+00,5.391485470164590055e+01,-9.783587567483827963e-01,0.000000000000000000e+00,5.485000000000000142e+01,5.583200000000000074e+01,5.000000000000000000e+01,1.000000000000000000e+00
4.930000000000000000e+02,5.000000000000000000e+01,-3.322247448860623287e+00,5.462680163429529046e+01,-1.304554185434670055e+00,0.000000000000000000e+00,5.485000000000000142e+01,5.596099999999999852e+01,5.000000000000000000e+01,1.000000000000000000e+00
4.940000000000000000e+02,5.000000000000000000e+01,-3.513628039974107331e+00,5.494425137746392096e+01,-1.430623337489812297e+00,0.000000000000000000e+00,5.485000000000000142e+01,5.602499999999999858e+01,5.000000000000000000e+01,1.000000000000000000e+00
4.950000000000000000e+02,5.000000000000000000e+01,-3.513628039974107331e+00,5.488179138897598364e+01,-1.368163349001871865e+00,0.000000000000000000e+00,5.485000000000000142e+01,5.602499999999999858e+01,5.000000000000000000e+01,1.000000000000000000e+00
4.960000000000000000e+02,5.000000000000000000e+01,-3.513628039974107331e+00,5.482205835877235955e+01,-1.308430318798254444e+00,0.000000000000000000e+00,5.485000000000000142e+01,5.602499999999999858e+01,5.000000000000000000e+01,1.000000000000000000e+00
4.970000000000000000e+02,5.000000000000000000e+01,-3.513628039974107331e+00,5.476493322981087886e+01,-1.251305189836772414e+00,0.000000000000000000e+00,5.485000000000000142e+01,5.602499999999999858e+01,5.000000000000000000e+01,1.000000000000000000e+00
4.980000000000000000e+02,5.000000000000000000e+01,-3.612308657267000900e+00,5.490335505262937943e+01,-1.291046395362379640e+00,0.000000000000000000e+00,5.485000000000000142e+01,5.605799999999999983e+01,5.000000000000000000e+01,1.000000000000000000e+00
4.990000000000000000e+02,5.000000000000000000e+01,-3.612308657267000900e+00,5.484698889329269633e+01,-1.234680236025694322e+00,0.000000000000000000e+00,5.485000000000000142e+01,5.605799999999999983e+01,5.000000000000000000e+01,1.000000000000000000e+00
5.000000000000000000e+02,5.000000000000000000e+01,-3.513628039974107331e+00,5.460003073039672472e+01,-1.086402690422618500e+00,0.000000000000000000e+00,5.485000000000000142e+01,5.602499999999999858e+01,5.000000000000000000e+01,1.000000000000000000e+00
5.010000000000000000e+02,5.000000000000000000e+01,-3.707998952823753580e+00,5.493285489949158062e+01,-1.224855946667831708e+00,0.000000000000000000e+00,5.485000000000000142e+01,5.609000000000000341e+01,5.000000000000000000e+01,1.000000000000000000e+00
5.020000000000000000e+02,5.000000000000000000e+01,-3.707998952823753580e+00,5.487937856765535116e+01,-1.171379614831603133e+00,0.000000000000000000e+00,5.485000000000000142e+01,5.609000000000000341e+01,5.000000000000000000e+01,1.000000000000000000e+00
5.030000000000000000e+02,5.000000000000000000e+01,-4.189440752343593921e+00,5.577010116959139197e+01,-1.580660417247796046e+00,0.000000000000000000e+00,5.485000000000000142e+01,5.625099999999999767e+01,5.000000000000000000e+01,1.000000000000000000e+00
5.040000000000000000e+02,5.000000000000000000e+01,-3.998060161230109877e+00,5.532668502691960555e+01,-1.328624865689494783e+00,0.000000000000000000e+00,5.485000000000000142e+01,5.618699999999999761e+01,5.000000000000000000e+01,1.000000000000000000e+00
5.050000000000000000e+02,5.000000000000000000e+01,-3.899379543937237624e+00,5.507562530889484265e+01,-1.176245764957609685e+00,0.000000000000000000e+00,5.485000000000000142e+01,5.615400000000000347e+01,5.000000000000000000e+01,1.000000000000000000e+00
5.060000000000000000e+02,5.000000000000000000e+01,-4.093750456786862557e+00,5.540452699381502555e+01,-1.310776537028160771e+00,0.000000000000000000e+00,5.485000000000000142e+01,5.621900000000000119e+01,5.000000000000000000e+01,1.000000000000000000e+00
5.070000000000000000e+02,5.000000000000000711e+01,-4.285131047900346601e+00,5.572170507357741798e+01,-1.436574025677070932e+00,0.000000000000000000e+00,5.485000000000000142e+01,5.628300000000000125e+01,5.000000000000000000e+01,1.000000000000000000e+00
5.080000000000000000e+02,5.000000000000000000e+01,-4.479501960749971978e+00,5.603924101341185349e+01,-1.559739052661879732e+00,0.000000000000000000e+00,5.485000000000000142e+01,5.634799999999999898e+01,5.000000000000000000e+01,1.000000000000000000e+00
5.090000000000000000e+02,5.000000000000000000e+01,-4.479501960749971978e+00,5.597114392543592487e+01,-1.491641964685956889e+00,0.000000000000000000e+00,5.485000000000000142e+01,5.634799999999999898e+01,5.000000000000000000e+01,1.000000000000000000e+00
5.100000000000000000e+02,5.000000000000000000e+01,-4.479501960749971978e+00,5.590601990746353067e+01,-1.426517946713562246e+00,0.000000000000000000e+00,5.485000000000000142e+01,5.634799999999999898e+01,5.000000000000000000e+01,1.000000000000000000e+00
5.110000000000000000e+02,5.000000000000000000e+01,-4.479501960749971978e+00,5.584373915739139704e+01,-1.364237196641425287e+00,0.000000000000000000e+00,5.485000000000000142e+01,5.634799999999999898e+01,5.000000000000000000e+01,1.000000000000000000e+00
5.120000000000000000e+02,5.000000000000000000e+01,-4.380821343457077965e+00,5.559112463054795228e+01,-1.210303287090876312e+00,0.000000000000000000e+00,5.485000000000000142e+01,5.631499999999999773e+01,5.000000000000000000e+01,1.000000000000000000e+00
5.130000000000000000e+02,5.000000000000000000e+01,-4.479501960749971978e+00,5.573133656702277250e+01,-1.251834606272804740e+00,0.000000000000000000e+00,5.485000000000000142e+01,5.634799999999999898e+01,5.000000000000000000e+01,1.000000000000000000e+00
5.140000000000000000e+02,5.000000000000000000e+01,-4.479501960749971978e+00,5.567668236626452938e+01,-1.197180405514555401e+00,0.000000000000000000e+00,5.485000000000000142e+01,5.634799999999999898e+01,5.000000000000000000e+01,1.000000000000000000e+00
5.150000000000000000e+02,5.000000000000000000e+01,-4.479501960749971978e+00,5.562441432869872671e+01,-1.144912367948755838e+00,0.000000000000000000e+00,5.485000000000000142e+01,5.634799999999999898e+01,5.000000000000000000e+01,1.000000000000000000e+00
5.160000000000000000e+02,5.000000000000000000e+01,-4.479501960749971978e+00,5.557442827615238912e+01,-1.094926315402420025e+00,0.000000000000000000e+00,5.485000000000000142e+01,5.634799999999999898e+01,5.000000000000000000e+01,1.000000000000000000e+00
5.170000000000000000e+02,5.000000000000000000e+01,-4.479501960749971978e+00,5.552662457879682023e+01,-1.047122618046850251e+00,0.000000000000000000e+00,5.485000000000000142e+01,5.634799999999999898e+01,5.000000000000000000e+01,1.000000000000000000e+00
5.180000000000000000e+02,5.000000000000000000e+01,-4.575192256306723770e+00,5.566811077803440355e+01,-1.092918521727684666e+00,0.000000000000000000e+00,5.485000000000000142e+01,5.638000000000000256e+01,5.000000000000000000e+01,1.000000000000000000e+00
5.190000000000000000e+02,5.000000000000000000e+01,-4.479501960749971978e+00,5.543319191804589963e+01,-9.536899572959289806e-01,0.000000000000000000e+00,5.485000000000000142e+01,5.634799999999999898e+01,5.000000000000000000e+01,1.000000000000000000e+00
5.200000000000000000e+02,5.000000000000000000e+01,-4.479501960749971978e+00,5.539155449875265447e+01,-9.120525380026817119e-01,0.000000000000000000e+00,5.485000000000000142e+01,5.634799999999999898e+01,5.000000000000000000e+01,1.000000000000000000e+00
5.210000000000000000e+02,5.000000000000000000e+01,-4.865253464713080511e+00,5.610639631333987865e+01,-1.241142848626797690e+00,0.000000000000000000e+00,5.485000000000000142e+01,5.647699999999999676e+01,5.000000000000000000e+01,1.000000000000000000e+00
5.220000000000000000e+02,5.000000000000000000e+01,-4.670882551863455134e+00,5.567195317595025728e+01,-1.001070624086801253e+00,0.000000000000000000e+00,5.485000000000000142e+01,5.641199999999999903e+01,5.000000000000000000e+01,1.000000000000000000e+00
5.230000000000000000e+02,5.000000000000000000e+01,-4.960943760269833192e+00,5.619570570330249382e+01,-1.234761943032661513e+00,0.000000000000000000e+00,5.485000000000000142e+01,5.650900000000000034e+01,5.000000000000000000e+01,1.000000000000000000e+00
5.240000000000000000e+02,5.000000000000000000e+01,-4.960943760269833192e+00,5.614179688277221913e+01,-1.180853122502382613e+00,0.000000000000000000e+00,5.485000000000000142e+01,5.650900000000000034e+01,5.000000000000000000e+01,1.000000000000000000e+00
5.250000000000000000e+02,5.000000000000000000e+01,-5.248014646940048600e+00,5.665185014706108291e+01,-1.403835500121035640e+00,0.000000000000000000e+00,5.485000000000000142e+01,5.660499999999999687e+01,5.000000000000000000e+01,1.000000000000000000e+00
5.260000000000000000e+02,5.000000000000000000e+01,-4.960943760269833192e+00,5.602895123194058158e+01,-1.068007471670743502e+00,0.000000000000000000e+00,5.485000000000000142e+01,5.650900000000000034e+01,5.000000000000000000e+01,1.000000000000000000e+00
5.270000000000000000e+02,5.000000000000000000e+01,-5.248014646940048600e+00,5.654393125638158324e+01,-1.295916609441531087e+00,0.000000000000000000e+00,5.485000000000000142e+01,5.660499999999999687e+01,5.000000000000000000e+01,1.000000000000000000e+00
5.280000000000000000e+02,5.000000000000000000e+01,-5.152324351383317236e+00,5.630014964552820800e+01,-1.147825294144897867e+00,0.000000000000000000e+00,5.485000000000000142e+01,5.657300000000000040e+01,5.000000000000000000e+01,1.000000000000000000e+00
5.290000000000000000e+02,5.000000000000000000e+01,-5.346695264232942613e+00,5.663029214781328591e+01,-1.283596883580345738e+00,0.000000000000000000e+00,5.485000000000000142e+01,5.663799999999999812e+01,5.000000000000000000e+01,1.000000000000000000e+00
5.300000000000000000e+02,5.000000000000000711e+01,-5.442385559789695293e+00,5.676145405028047008e+01,-1.319068490490772128e+00,0.000000000000000000e+00,5.485000000000000142e+01,5.667000000000000171e+01,5.000000000000000000e+01,1.000000000000000000e+00
5.310000000000000000e+02,5.000000000000000711e+01,-5.442385559789695293e+00,5.670386446637544253e+01,-1.261478906585745685e+00,0.000000000000000000e+00,5.485000000000000142e+01,5.667000000000000171e+01,5.000000000000000000e+01,1.000000000000000000e+00
5.320000000000000000e+02,5.000000000000000711e+01,-5.442385559789695293e+00,5.664878920238501081e+01,-1.206403642595312853e+00,0.000000000000000000e+00,5.485000000000000142e+01,5.667000000000000171e+01,5.000000000000000000e+01,1.000000000000000000e+00
5.330000000000000000e+02,5.000000000000000000e+01,-5.538075855346425769e+00,5.678332130636984942e+01,-1.245245451023423877e+00,0.000000000000000000e+00,5.485000000000000142e+01,5.670199999999999818e+01,5.000000000000000000e+01,1.000000000000000000e+00
5.340000000000000000e+02,5.000000000000000000e+01,-5.442385559789695293e+00,5.654175196193807551e+01,-1.099366402148376443e+00,0.000000000000000000e+00,5.485000000000000142e+01,5.667000000000000171e+01,5.000000000000000000e+01,1.000000000000000000e+00
5.350000000000000000e+02,5.000000000000000711e+01,-5.442385559789695293e+00,5.649375441358079541e+01,-1.051368853791099678e+00,0.000000000000000000e+00,5.485000000000000142e+01,5.667000000000000171e+01,5.000000000000000000e+01,1.000000000000000000e+00
5.360000000000000000e+02,5.000000000000000000e+01,-5.633766150903178449e+00,5.682225804667653080e+01,-1.188491895773355900e+00,0.000000000000000000e+00,5.485000000000000142e+01,5.673400000000000176e+01,5.000000000000000000e+01,1.000000000000000000e+00
5.370000000000000000e+02,5.000000000000000000e+01,-5.732446768196072462e+00,5.696342225284729466e+01,-1.230975484651225971e+00,0.000000000000000000e+00,5.485000000000000142e+01,5.676700000000000301e+01,5.000000000000000000e+01,1.000000000000000000e+00
5.380000000000000000e+02,5.000000000000000000e+01,-5.538075855346425769e+00,5.652942301527404823e+01,-9.913471599276214574e-01,0.000000000000000000e+00,5.485000000000000142e+01,5.670199999999999818e+01,5.000000000000000000e+01,1.000000000000000000e+00
5.390000000000000000e+02,5.000000000000000000e+01,-5.633766150903178449e+00,5.667334433099599522e+01,-1.039578180092819437e+00,0.000000000000000000e+00,5.485000000000000142e+01,5.673400000000000176e+01,5.000000000000000000e+01,1.000000000000000000e+00
5.400000000000000000e+02,5.000000000000000000e+01,-5.538075855346425769e+00,5.644075427205326889e+01,-9.026784167068389042e-01,0.000000000000000000e+00,5.485000000000000142e+01,5.670199999999999818e+01,5.000000000000000000e+01,1.000000000000000000e+00
5.410000000000000000e+02,5.000000000000000000e+01,-5.442385559789695293e+00,5.621414115855877469e+01,-7.717555987690728481e-01,0.000000000000000000e+00,5.485000000000000142e+01,5.667000000000000171e+01,5.000000000000000000e+01,1.000000000000000000e+00
5.420000000000000000e+02,5.000000000000000000e+01,-5.828137063752803826e+00,5.693510823685433309e+01,-1.106971173101524597e+00,0.000000000000000000e+00,5.485000000000000142e+01,5.679899999999999949e+01,5.000000000000000000e+01,1.000000000000000000e+00
5.430000000000000000e+02,5.000000000000000000e+01,-5.828137063752803826e+00,5.688677866965342389e+01,-1.058641605900615179e+00,0.000000000000000000e+00,5.485000000000000142e+01,5.679899999999999949e+01,5.000000000000000000e+01,1.000000000000000000e+00
5.440000000000000000e+02,5.000000000000000000e+01,-5.633766150903178449e+00,5.646030340558236560e+01,-8.265372546791911468e-01,0.000000000000000000e+00,5.485000000000000142e+01,5.673400000000000176e+01,5.000000000000000000e+01,1.000000000000000000e+00
5.450000000000000000e+02,5.000000000000000000e+01,-5.732446768196072462e+00,5.661727029169232850e+01,-8.848235234962585904e-01,0.000000000000000000e+00,5.485000000000000142e+01,5.676700000000000301e+01,5.000000000000000000e+01,1.000000000000000000e+00
5.460000000000000000e+02,5.000000000000000000e+01,-5.923827359309556506e+00,5.695304517441775261e+01,-1.029217815108195877e+00,0.000000000000000000e+00,5.485000000000000142e+01,5.683100000000000307e+01,5.000000000000000000e+01,1.000000000000000000e+00
5.470000000000000000e+02,5.000000000000000000e+01,-5.633766150903178449e+00,5.634065171047781462e+01,-7.068855595746357245e-01,0.000000000000000000e+00,5.485000000000000142e+01,5.673400000000000176e+01,5.000000000000000000e+01,1.000000000000000000e+00
5.480000000000000000e+02,5.000000000000000000e+01,-5.633766150903178449e+00,5.630978959411475415e+01,-6.760234432115734826e-01,0.000000000000000000e+00,5.485000000000000142e+01,5.673400000000000176e+01,5.000000000000000000e+01,1.000000000000000000e+00
5.490000000000000000e+02,5.000000000000000000e+01,-6.019517654866287870e+00,5.703493626963717134e+01,-1.015418614770880579e+00,0.000000000000000000e+00,5.485000000000000142e+01,5.686299999999999955e+01,5.000000000000000000e+01,1.000000000000000000e+00
5.500000000000000000e+02,5.000000000000000000e+01,-5.828137063752803826e+00,5.661619817851846648e+01,-7.880611147656579885e-01,0.000000000000000000e+00,5.485000000000000142e+01,5.679899999999999949e+01,5.000000000000000000e+01,1.000000000000000000e+00
5.510000000000000000e+02,5.000000000000000000e+01,-5.732446768196072462e+00,5.639458917419243278e+01,-6.621424059963654241e-01,0.000000000000000000e+00,5.485000000000000142e+01,5.676700000000000301e+01,5.000000000000000000e+01,1.000000000000000000e+00
5.520000000000000000e+02,5.000000000000000000e+01,-5.732446768196072462e+00,5.636568051181280481e+01,-6.332337436167370104e-01,0.000000000000000000e+00,5.485000000000000142e+01,5.676700000000000301e+01,5.000000000000000000e+01,1.000000000000000000e+00
5.530000000000000000e+02,5.000000000000000000e+01,-5.828137063752803826e+00,5.652523680235583470e+01,-6.970997386030310938e-01,0.000000000000000000e+00,5.485000000000000142e+01,5.679899999999999949e+01,5.000000000000000000e+01,1.000000000000000000e+00
5.540000000000000000e+02,5.000000000000000000e+01,-5.442385559789695293e+00,5.574014055388772704e+01,-2.977549940980253607e-01,0.000000000000000000e+00,5.485000000000000142e+01,5.667000000000000171e+01,5.000000000000000000e+01,1.000000000000000000e+00
5.550000000000000000e+02,5.000000000000000000e+01,-5.633766150903178449e+00,5.610154642740361908e+01,-4.677802765004416274e-01,0.000000000000000000e+00,5.485000000000000142e+01,5.673400000000000176e+01,5.000000000000000000e+01,1.000000000000000000e+00
5.560000000000000000e+02,5.000000000000000000e+01,-5.442385559789695293e+00,5.570671783322066517e+01,-2.643322734309698774e-01,0.000000000000000000e+00,5.485000000000000142e+01,5.667000000000000171e+01,5.000000000000000000e+01,1.000000000000000000e+00
5.570000000000000000e+02,5.000000000000000000e+01,-5.633766150903178449e+00,5.606958291874114764e+01,-4.358167678379678556e-01,0.000000000000000000e+00,5.485000000000000142e+01,5.673400000000000176e+01,5.000000000000000000e+01,1.000000000000000000e+00
5.580000000000000000e+02,5.000000000000000711e+01,-5.442385559789695293e+00,5.567614982841359250e+01,-2.337642686238961820e-01,0.000000000000000000e+00,5.485000000000000142e+01,5.667000000000000171e+01,5.000000000000000000e+01,1.000000000000000000e+00
5.590000000000000000e+02,5.000000000000000000e+01,-5.538075855346425769e+00,5.585314666962813135e+01,-3.150708142817006951e-01,0.000000000000000000e+00,5.485000000000000142e+01,5.670199999999999818e+01,5.000000000000000000e+01,1.000000000000000000e+00
5.600000000000000000e+02,5.000000000000000000e+01,-5.442385559789695293e+00,5.565218808246569893e+01,-2.098025226760005801e-01,0.000000000000000000e+00,5.485000000000000142e+01,5.667000000000000171e+01,5.000000000000000000e+01,1.000000000000000000e+00
5.610000000000000000e+02,5.000000000000000711e+01,-5.442385559789695293e+00,5.564302825485231807e+01,-2.006426950626214178e-01,0.000000000000000000e+00,5.485000000000000142e+01,5.667000000000000171e+01,5.000000000000000000e+01,1.000000000000000000e+00
5.620000000000000000e+02,5.000000000000000000e+01,-5.732446768196072462e+00,5.620172689130409793e+01,-4.692801231080280799e-01,0.000000000000000000e+00,5.485000000000000142e+01,5.676700000000000301e+01,5.000000000000000000e+01,1.000000000000000000e+00
5.630000000000000000e+02,5.000000000000000000e+01,-5.538075855346425769e+00,5.580098272672356785e+01,-2.629068713771388621e-01,0.000000000000000000e+00,5.485000000000000142e+01,5.670199999999999818e+01,5.000000000000000000e+01,1.000000000000000000e+00
5.640000000000000000e+02,5.000000000000000000e+01,-5.442385559789695293e+00,5.560230157988237920e+01,-1.599160200926775244e-01,0.000000000000000000e+00,5.485000000000000142e+01,5.667000000000000171e+01,5.000000000000000000e+01,1.000000000000000000e+00
5.650000000000000000e+02,5.000000000000000000e+01,-5.828137063752803826e+00,5.634998113520745733e+01,-5.218440714546506154e-01,0.000000000000000000e+00,5.485000000000000142e+01,5.679899999999999949e+01,5.000000000000000000e+01,1.000000000000000000e+00
5.660000000000000000e+02,5.000000000000000000e+01,-5.732446768196072462e+00,5.613999497599009914e+01,-4.075482077940326131e-01,0.000000000000000000e+00,5.485000000000000142e+01,5.676700000000000301e+01,5.000000000000000000e+01,1.000000000000000000e+00
5.670000000000000000e+02,5.000000000000000000e+01,-5.923827359309556506e+00,5.649660735656918575e+01,-5.727799972596293587e-01,0.000000000000000000e+00,5.485000000000000142e+01,5.683100000000000307e+01,5.000000000000000000e+01,1.000000000000000000e+00
5.680000000000000000e+02,5.000000000000000000e+01,-5.828137063752803826e+00,5.628439737137605903e+01,-4.562603076232567556e-01,0.000000000000000000e+00,5.485000000000000142e+01,5.679899999999999949e+01,5.000000000000000000e+01,1.000000000000000000e+00
5.690000000000000000e+02,5.000000000000000000e+01,-6.213888567715913247e+00,5.701913874772518653e+01,-8.052501800092709550e-01,0.000000000000000000e+00,5.485000000000000142e+01,5.692799999999999727e+01,5.000000000000000000e+01,1.000000000000000000e+00
5.700000000000000000e+02,5.000000000000000000e+01,-6.019517654866287870e+00,5.660372637150824460e+01,-5.842087166419526190e-01,0.000000000000000000e+00,5.485000000000000142e+01,5.686299999999999955e+01,5.000000000000000000e+01,1.000000000000000000e+00
5.710000000000000000e+02,5.000000000000000000e+01,-5.923827359309556506e+00,5.639101741662666711e+01,-4.671900573171117177e-01,0.000000000000000000e+00,5.485000000000000142e+01,5.683100000000000307e+01,5.000000000000000000e+01,1.000000000000000000e+00
5.720000000000000000e+02,5.000000000000000000e+01,-6.118198272159181883e+00,5.675087596501744969e+01,-6.326776928582682480e-01,0.000000000000000000e+00,5.485000000000000142e+01,5.689600000000000080e+01,5.000000000000000000e+01,1.000000000000000000e+00
5.730000000000000000e+02,5.000000000000000000e+01,-6.405269158829397291e+00,5.728486217526609892e+01,-8.795930164367009585e-01,0.000000000000000000e+00,5.485000000000000142e+01,5.699199999999999733e+01,5.000000000000000000e+01,1.000000000000000000e+00
5.740000000000000000e+02,5.000000000000000000e+01,-6.213888567715913247e+00,5.687205413232010187e+01,-6.581655646041902896e-01,0.000000000000000000e+00,5.485000000000000142e+01,5.692799999999999727e+01,5.000000000000000000e+01,1.000000000000000000e+00
5.750000000000000000e+02,5.000000000000000000e+01,-6.118198272159181883e+00,5.665611627451819743e+01,-5.379180023590105497e-01,0.000000000000000000e+00,5.485000000000000142e+01,5.689600000000000080e+01,5.000000000000000000e+01,1.000000000000000000e+00
5.760000000000000000e+02,5.000000000000000000e+01,-6.213888567715913247e+00,5.681983398193850832e+01,-6.059454142225960682e-01,0.000000000000000000e+00,5.485000000000000142e+01,5.692799999999999727e+01,5.000000000000000000e+01,1.000000000000000000e+00
5.770000000000000000e+02,5.000000000000000000e+01,-6.309578863272665927e+00,5.698058166136441116e+01,-6.710027980917478985e-01,0.000000000000000000e+00,5.485000000000000142e+01,5.696000000000000085e+01,5.000000000000000000e+01,1.000000000000000000e+00
5.780000000000000000e+02,4.999999999999999289e+01,-6.309578863272665927e+00,5.695128616062294924e+01,-6.417072973502854216e-01,0.000000000000000000e+00,5.485000000000000142e+01,5.696000000000000085e+01,5.000000000000000000e+01,1.000000000000000000e+00
5.790000000000000000e+02,5.000000000000000000e+01,-6.309578863272665927e+00,5.692326968042526403e+01,-6.136908171526026523e-01,0.000000000000000000e+00,5.485000000000000142e+01,5.696000000000000085e+01,5.000000000000000000e+01,1.000000000000000000e+00
5.800000000000000000e+02,5.000000000000000000e+01,-6.405269158829397291e+00,5.708367920111628990e+01,-6.784100422868909464e-01,0.000000000000000000e+00,5.485000000000000142e+01,5.699199999999999733e+01,5.000000000000000000e+01,1.000000000000000000e+00
5.810000000000000000e+02,5.000000000000000000e+01,-6.500959454386149083e+00,5.724126312687197782e+01,-7.403036724858277351e-01,0.000000000000000000e+00,5.485000000000000142e+01,5.702400000000000091e+01,5.000000000000000000e+01,1.000000000000000000e+00
5.820000000000000000e+02,5.000000000000000000e+01,-6.405269158829397291e+00,5.702173917821139781e+01,-6.164700193820022989e-01,0.000000000000000000e+00,5.485000000000000142e+01,5.699199999999999733e+01,5.000000000000000000e+01,1.000000000000000000e+00
5.830000000000000000e+02,5.000000000000000000e+01,-6.405269158829397291e+00,5.699482453946286853e+01,-5.895553806334683511e-01,0.000000000000000000e+00,5.485000000000000142e+01,5.699199999999999733e+01,5.000000000000000000e+01,1.000000000000000000e+00
5.840000000000000000e+02,5.000000000000000000e+01,-6.405269158829397291e+00,5.696908497453169673e+01,-5.638158157022957750e-01,0.000000000000000000e+00,5.485000000000000142e+01,5.699199999999999733e+01,5.000000000000000000e+01,1.000000000000000000e+00
5.850000000000000000e+02,5.000000000000000000e+01,-6.405269158829397291e+00,5.694446918053809270e+01,-5.392000217086968528e-01,0.000000000000000000e+00,5.485000000000000142e+01,5.699199999999999733e+01,5.000000000000000000e+01,1.000000000000000000e+00
5.860000000000000000e+02,5.000000000000000000e+01,-6.405269158829397291e+00,5.692092809444920221e+01,-5.156589356198071350e-01,0.000000000000000000e+00,5.485000000000000142e+01,5.699199999999999733e+01,5.000000000000000000e+01,1.000000000000000000e+00
5.870000000000000000e+02,5.000000000000000000e+01,-6.500959454386149083e+00,5.708561761675321833e+01,-5.846581623670722427e-01,0.000000000000000000e+00,5.485000000000000142e+01,5.702400000000000091e+01,5.000000000000000000e+01,1.000000000000000000e+00
5.880000000000000000e+02,5.000000000000000000e+01,-6.405269158829397291e+00,5.687288903939371210e+01,-4.676198805643153600e-01,0.000000000000000000e+00,5.485000000000000142e+01,5.699199999999999733e+01,5.000000000000000000e+01,1.000000000000000000e+00
5.890000000000000000e+02,5.000000000000000000e+01,-6.599640071679043096e+00,5.723272882200994616e+01,-6.330887503309038378e-01,0.000000000000000000e+00,5.485000000000000142e+01,5.705700000000000216e+01,5.000000000000000000e+01,1.000000000000000000e+00
5.900000000000000000e+02,5.000000000000000000e+01,-6.405269158829397291e+00,5.682483289029235607e+01,-4.195637314629578896e-01,0.000000000000000000e+00,5.485000000000000142e+01,5.699199999999999733e+01,5.000000000000000000e+01,1.000000000000000000e+00
5.910000000000000000e+02,5.000000000000000000e+01,-6.695330367235774460e+00,5.737397359136380004e+01,-6.786432241280252464e-01,0.000000000000000000e+00,5.485000000000000142e+01,5.708899999999999864e+01,5.000000000000000000e+01,1.000000000000000000e+00
5.920000000000000000e+02,5.000000000000000000e+01,-6.985391575642152517e+00,5.791180306766680985e+01,-9.264114920246535601e-01,0.000000000000000000e+00,5.485000000000000142e+01,5.718599999999999994e+01,5.000000000000000000e+01,1.000000000000000000e+00
5.930000000000000000e+02,5.000000000000000000e+01,-6.985391575642152517e+00,5.787135660659586733e+01,-8.859650309537165924e-01,0.000000000000000000e+00,5.485000000000000142e+01,5.718599999999999994e+01,5.000000000000000000e+01,1.000000000000000000e+00
5.940000000000000000e+02,5.000000000000000000e+01,-6.599640071679043096e+00,5.707801463496857508e+01,-4.783745632895362587e-01,0.000000000000000000e+00,5.485000000000000142e+01,5.705700000000000216e+01,5.000000000000000000e+01,1.000000000000000000e+00
5.950000000000000000e+02,5.000000000000000000e+01,-7.272462462312367926e+00,5.837339898317425479e+01,-1.100936520861886425e+00,0.000000000000000000e+00,5.485000000000000142e+01,5.728199999999999648e+01,5.000000000000000000e+01,1.000000000000000000e+00
5.960000000000000000e+02,5.000000000000000711e+01,-7.176772166755636562e+00,5.813813006309624853e+01,-9.613578963406118616e-01,0.000000000000000000e+00,5.485000000000000142e+01,5.725000000000000000e+01,5.000000000000000000e+01,1.000000000000000000e+00
5.970000000000000000e+02,5.000000000000000000e+01,-7.081081871198905198e+00,5.790895504562160312e+01,-8.278731744227005862e-01,0.000000000000000000e+00,5.485000000000000142e+01,5.721800000000000352e+01,5.000000000000000000e+01,1.000000000000000000e+00
5.980000000000000000e+02,5.000000000000000000e+01,-7.368152757869119718e+00,5.843441916119171253e+01,-1.066266403322596590e+00,0.000000000000000000e+00,5.485000000000000142e+01,5.731400000000000006e+01,5.000000000000000000e+01,1.000000000000000000e+00
5.990000000000000000e+02,5.000000000000000000e+01,-7.368152757869119718e+00,5.838786673503497582e+01,-1.019713977165854102e+00,0.000000000000000000e+00,5.485000000000000142e+01,5.731400000000000006e+01,5.000000000000000000e+01,1.000000000000000000e+00
6.000000000000000000e+02,5.000000000000000000e+01,-7.368152757869119718e+00,5.834334675440434381e+01,-9.751939965352258710e-01,0.000000000000000000e+00,5.485000000000000142e+01,5.731400000000000006e+01,5.000000000000000000e+01,1.000000000000000000e+00
6.010000000000000000e+02,5.000000000000000000e+01,-7.368152757869119718e+00,5.830077048418637276e+01,-9.326177263172569232e-01,0.000000000000000000e+00,5.485000000000000142e+01,5.731400000000000006e+01,5.000000000000000000e+01,1.000000000000000000e+00
6.020000000000000000e+02,5.000000000000000000e+01,-7.368152757869119718e+00,5.826005306337899725e+01,-8.919003055098811972e-01,0.000000000000000000e+00,5.485000000000000142e+01,5.731400000000000006e+01,5.000000000000000000e+01,1.000000000000000000e+00
6.030000000000000000e+02,5.000000000000000000e+01,-7.368152757869119718e+00,5.822111333595061922e+01,-8.529605780814976113e-01,0.000000000000000000e+00,5.485000000000000142e+01,5.731400000000000006e+01,5.000000000000000000e+01,1.000000000000000000e+00
6.040000000000000000e+02,5.000000000000000000e+01,-7.368152757869119718e+00,5.818387368908373958e+01,-8.157209312146179725e-01,0.000000000000000000e+00,5.485000000000000142e+01,5.731400000000000006e+01,5.000000000000000000e+01,1.000000000000000000e+00
6.050000000000000000e+02,5.000000000000000000e+01,-7.466833375162013731e+00,5.834131280811578790e+01,-8.744794329537797228e-01,0.000000000000000000e+00,5.485000000000000142e+01,5.734700000000000131e+01,5.000000000000000000e+01,1.000000000000000000e+00
6.060000000000000000e+02,5.000000000000000000e+01,-7.368152757869119718e+00,5.811008075384928873e+01,-7.419279959801733382e-01,0.000000000000000000e+00,5.485000000000000142e+01,5.731400000000000006e+01,5.000000000000000000e+01,1.000000000000000000e+00
6.070000000000000000e+02,5.000000000000000000e+01,-7.368152757869119718e+00,5.807768870985459841e+01,-7.095359519854819164e-01,0.000000000000000000e+00,5.485000000000000142e+01,5.731400000000000006e+01,5.000000000000000000e+01,1.000000000000000000e+00
6.080000000000000000e+02,5.000000000000000000e+01,-7.368152757869119718e+00,5.804671087926045203e+01,-6.785581213913346454e-01,0.000000000000000000e+00,5.485000000000000142e+01,5.731400000000000006e+01,5.000000000000000000e+01,1.000000000000000000e+00
6.090000000000000000e+02,5.000000000000000000e+01,-7.368152757869119718e+00,5.801708551852443918e+01,-6.489327606553170202e-01,0.000000000000000000e+00,5.485000000000000142e+01,5.731400000000000006e+01,5.000000000000000000e+01,1.000000000000000000e+00
6.100000000000000000e+02,5.000000000000000000e+01,-7.368152757869119718e+00,5.798875357978289458e+01,-6.206008219137773008e-01,0.000000000000000000e+00,5.485000000000000142e+01,5.731400000000000006e+01,5.000000000000000000e+01,1.000000000000000000e+00
6.110000000000000000e+02,5.000000000000000000e+01,-7.466833375162013731e+00,5.815471150279453383e+01,-6.878781276325245386e-01,0.000000000000000000e+00,5.485000000000000142e+01,5.734700000000000131e+01,5.000000000000000000e+01,1.000000000000000000e+00
6.120000000000000000e+02,5.000000000000000000e+01,-7.368152757869119718e+00,5.793162632763784359e+01,-5.634735697687266454e-01,0.000000000000000000e+00,5.485000000000000142e+01,5.731400000000000006e+01,5.000000000000000000e+01,1.000000000000000000e+00
6.130000000000000000e+02,5.000000000000000000e+01,-7.272462462312367926e+00,5.771982265439191195e+01,-4.473601920795402531e-01,0.000000000000000000e+00,5.485000000000000142e+01,5.728199999999999648e+01,5.000000000000000000e+01,1.000000000000000000e+00
6.140000000000000000e+02,5.000000000000000000e+01,-7.368152757869119718e+00,5.788749405083670752e+01,-5.193412929675914613e-01,0.000000000000000000e+00,5.485000000000000142e+01,5.731400000000000006e+01,5.000000000000000000e+01,1.000000000000000000e+00
6.150000000000000000e+02,5.000000000000000000e+01,-7.562523670718745095e+00,5.824507571369585435e+01,-6.825520429771053665e-01,0.000000000000000000e+00,5.485000000000000142e+01,5.737899999999999778e+01,5.000000000000000000e+01,1.000000000000000000e+00
6.160000000000000000e+02,5.000000000000000000e+01,-7.466833375162013731e+00,5.802807315974470015e+01,-5.612397845826888609e-01,0.000000000000000000e+00,5.485000000000000142e+01,5.734700000000000131e+01,5.000000000000000000e+01,1.000000000000000000e+00
6.170000000000000000e+02,5.000000000000000000e+01,-7.466833375162013731e+00,5.800356983342156525e+01,-5.367364582595514078e-01,0.000000000000000000e+00,5.485000000000000142e+01,5.734700000000000131e+01,5.000000000000000000e+01,1.000000000000000000e+00
6.180000000000000000e+02,5.000000000000000000e+01,-7.753904261832229139e+00,5.854174476913800618e+01,-7.878405073057714869e-01,0.000000000000000000e+00,5.485000000000000142e+01,5.744299999999999784e+01,5.000000000000000000e+01,1.000000000000000000e+00
6.190000000000000000e+02,5.000000000000000000e+01,-7.753904261832229139e+00,5.850734821783960626e+01,-7.534439560073749043e-01,0.000000000000000000e+00,5.485000000000000142e+01,5.744299999999999784e+01,5.000000000000000000e+01,1.000000000000000000e+00
6.200000000000000000e+02,5.000000000000000000e+01,-7.562523670718745095e+00,5.810004775236400576e+01,-5.375240816452592219e-01,0.000000000000000000e+00,5.485000000000000142e+01,5.737899999999999778e+01,5.000000000000000000e+01,1.000000000000000000e+00
6.210000000000000000e+02,5.000000000000000000e+01,-7.368152757869119718e+00,5.769632410551665203e+01,-3.281713476475304203e-01,0.000000000000000000e+00,5.485000000000000142e+01,5.731400000000000006e+01,5.000000000000000000e+01,1.000000000000000000e+00
6.220000000000000000e+02,5.000000000000000000e+01,-7.368152757869119718e+00,5.768199637993089368e+01,-3.138436220617714656e-01,0.000000000000000000e+00,5.485000000000000142e+01,5.731400000000000006e+01,5.000000000000000000e+01,1.000000000000000000e+00
6.230000000000000000e+02,5.000000000000000000e+01,-7.753904261832229139e+00,5.842295556659217937e+01,-6.690513047599457863e-01,0.000000000000000000e+00,5.485000000000000142e+01,5.744299999999999784e+01,5.000000000000000000e+01,1.000000000000000000e+00
6.240000000000000000e+02,5.000000000000000000e+01,-7.368152757869119718e+00,5.763908389262178389e+01,-2.709311347526675573e-01,0.000000000000000000e+00,5.485000000000000142e+01,5.731400000000000006e+01,5.000000000000000000e+01,1.000000000000000000e+00
6.250000000000000000e+02,5.000000000000000000e+01,-7.562523670718745095e+00,5.800751096476218294e+01,-4.449872940434361768e-01,0.000000000000000000e+00,5.485000000000000142e+01,5.737899999999999778e+01,5.000000000000000000e+01,1.000000000000000000e+00
6.260000000000000000e+02,5.000000000000000000e+01,-7.368152757869119718e+00,5.760782740766931198e+01,-2.396746498001931236e-01,0.000000000000000000e+00,5.485000000000000142e+01,5.731400000000000006e+01,5.000000000000000000e+01,1.000000000000000000e+00
6.270000000000000000e+02,5.000000000000000000e+01,-7.368152757869119718e+00,5.759736338441799575e+01,-2.292106265488753625e-01,0.000000000000000000e+00,5.485000000000000142e+01,5.731400000000000006e+01,5.000000000000000000e+01,1.000000000000000000e+00
6.280000000000000000e+02,5.000000000000000000e+01,-7.272462462312367926e+00,5.740015339144997597e+01,-1.276909291376088773e-01,0.000000000000000000e+00,5.485000000000000142e+01,5.728199999999999648e+01,5.000000000000000000e+01,1.000000000000000000e+00
6.290000000000000000e+02,5.000000000000000000e+01,-7.176772166755636562e+00,5.720737567563381276e+01,-3.060350887817595011e-02,0.000000000000000000e+00,5.485000000000000142e+01,5.725000000000000000e+01,5.000000000000000000e+01,1.000000000000000000e+00
6.300000000000000000e+02,5.000000000000000000e+01,-7.368152757869119718e+00,5.758044519132169370e+01,-2.122924334525743140e-01,0.000000000000000000e+00,5.485000000000000142e+01,5.731400000000000006e+01,5.000000000000000000e+01,1.000000000000000000e+00
6.310000000000000000e+02,5.000000000000000000e+01,-7.368152757869119718e+00,5.757117665599024292e+01,-2.030238981211219262e-01,0.000000000000000000e+00,5.485000000000000142e+01,5.731400000000000006e+01,5.000000000000000000e+01,1.000000000000000000e+00
6.320000000000000000e+02,5.000000000000000000e+01,-7.368152757869119718e+00,5.756231277826147874e+01,-1.941600203923606605e-01,0.000000000000000000e+00,5.485000000000000142e+01,5.731400000000000006e+01,5.000000000000000000e+01,1.000000000000000000e+00
6.330000000000000000e+02,5.000000000000000000e+01,-7.368152757869119718e+00,5.755383589107480447e+01,-1.856831332056859962e-01,0.000000000000000000e+00,5.485000000000000142e+01,5.731400000000000006e+01,5.000000000000000000e+01,1.000000000000000000e+00
6.340000000000000000e+02,5.000000000000000000e+01,-7.368152757869119718e+00,5.754572909870080366e+01,-1.775763408316838876e-01,0.000000000000000000e+00,5.485000000000000142e+01,5.731400000000000006e+01,5.000000000000000000e+01,1.000000000000000000e+00
6.350000000000000000e+02,5.000000000000000000e+01,-7.368152757869119718e+00,5.753797624306548641e+01,-1.698234851963643377e-01,0.000000000000000000e+00,5.485000000000000142e+01,5.731400000000000006e+01,5.000000000000000000e+01,1.000000000000000000e+00
6.360000000000000000e+02,5.000000000000000000e+01,-7.658213966275497775e+00,5.809802042410822054e+01,-4.398064578327263163e-01,0.000000000000000000e+00,5.485000000000000142e+01,5.741100000000000136e+01,5.000000000000000000e+01,1.000000000000000000e+00
6.370000000000000000e+02,5.000000000000000000e+01,-7.658213966275497775e+00,5.807881878970643186e+01,-4.206048234309321399e-01,0.000000000000000000e+00,5.485000000000000142e+01,5.741100000000000136e+01,5.000000000000000000e+01,1.000000000000000000e+00
6.380000000000000000e+02,5.000000000000000000e+01,-7.368152757869119718e+00,5.749299693232260466e+01,-1.248441744534852793e-01,0.000000000000000000e+00,5.485000000000000142e+01,5.731400000000000006e+01,5.000000000000000000e+01,1.000000000000000000e+00
6.390000000000000000e+02,5.000000000000000000e+01,-7.658213966275497775e+00,5.805500487780115293e+01,-3.967909115256526564e-01,0.000000000000000000e+00,5.485000000000000142e+01,5.741100000000000136e+01,5.000000000000000000e+01,1.000000000000000000e+00
6.400000000000000000e+02,5.000000000000000000e+01,-7.562523670718745095e+00,5.785047844982458543e+01,-2.879547791058388317e-01,0.000000000000000000e+00,5.485000000000000142e+01,5.737899999999999778e+01,5.000000000000000000e+01,1.000000000000000000e+00
6.410000000000000000e+02,5.000000000000000000e+01,-7.658213966275497775e+00,5.802510937223149057e+01,-3.668954059559943470e-01,0.000000000000000000e+00,5.485000000000000142e+01,5.741100000000000136e+01,5.000000000000000000e+01,1.000000000000000000e+00
6.420000000000000000e+02,5.000000000000000000e+01,-7.948275174681875832e+00,5.857654953460671976e+01,-6.282743599248428179e-01,0.000000000000000000e+00,5.485000000000000142e+01,5.750800000000000267e+01,5.000000000000000000e+01,1.000000000000000000e+00
6.430000000000000000e+02,5.000000000000000000e+01,-7.948275174681875832e+00,5.854911952681932519e+01,-6.008443521374483565e-01,0.000000000000000000e+00,5.485000000000000142e+01,5.750800000000000267e+01,5.000000000000000000e+01,1.000000000000000000e+00
6.440000000000000000e+02,5.000000000000000000e+01,-8.139655765795358988e+00,5.889729273642022633e+01,-7.576369706248636815e-01,0.000000000000000000e+00,5.485000000000000142e+01,5.757200000000000273e+01,5.000000000000000000e+01,1.000000000000000000e+00
6.450000000000000000e+02,4.999999999999999289e+01,-8.043965470238607196e+00,5.867701202839898400e+01,-6.330465581603795799e-01,0.000000000000000000e+00,5.485000000000000142e+01,5.753999999999999915e+01,5.000000000000000000e+01,1.000000000000000000e+00
6.460000000000000000e+02,5.000000000000000000e+01,-8.235346061352091240e+00,5.902377931278898160e+01,-7.884332514368950218e-01,0.000000000000000000e+00,5.485000000000000142e+01,5.760399999999999920e+01,5.000000000000000000e+01,1.000000000000000000e+00
6.470000000000000000e+02,5.000000000000000000e+01,-8.334026678644985253e+00,5.918240979234209931e+01,-8.483831136971075049e-01,0.000000000000000000e+00,5.485000000000000142e+01,5.763700000000000045e+01,5.000000000000000000e+01,1.000000000000000000e+00
6.480000000000000000e+02,5.000000000000000000e+01,-8.334026678644985253e+00,5.914536999428605668e+01,-8.113433156410648772e-01,0.000000000000000000e+00,5.485000000000000142e+01,5.763700000000000045e+01,5.000000000000000000e+01,1.000000000000000000e+00
6.490000000000000000e+02,5.000000000000000000e+01,-8.525407269758469297e+00,5.948435297016671086e+01,-9.589457004082414526e-01,0.000000000000000000e+00,5.485000000000000142e+01,5.770100000000000051e+01,5.000000000000000000e+01,1.000000000000000000e+00
6.500000000000000000e+02,5.000000000000000000e+01,-8.429716974201715729e+00,5.925528326743575747e+01,-8.255662932340430693e-01,0.000000000000000000e+00,5.485000000000000142e+01,5.766899999999999693e+01,5.000000000000000000e+01,1.000000000000000000e+00
6.510000000000000000e+02,5.000000000000000000e+01,-8.525407269758469297e+00,5.940644245685503932e+01,-8.810351870965693610e-01,0.000000000000000000e+00,5.485000000000000142e+01,5.770100000000000051e+01,5.000000000000000000e+01,1.000000000000000000e+00
6.520000000000000000e+02,5.000000000000000711e+01,-8.334026678644985253e+00,5.899357144977275169e+01,-6.595447711277604430e-01,0.000000000000000000e+00,5.485000000000000142e+01,5.763700000000000045e+01,5.000000000000000000e+01,1.000000000000000000e+00
6.530000000000000000e+02,5.000000000000000000e+01,-8.719778182608093786e+00,5.971943757229541916e+01,-9.996593896873222640e-01,0.000000000000000000e+00,5.485000000000000142e+01,5.776599999999999824e+01,5.000000000000000000e+01,1.000000000000000000e+00
6.540000000000000000e+02,5.000000000000000711e+01,-8.334026678644985253e+00,5.892113178653792005e+01,-5.871051078929288014e-01,0.000000000000000000e+00,5.485000000000000142e+01,5.763700000000000045e+01,5.000000000000000000e+01,1.000000000000000000e+00
6.550000000000000000e+02,5.000000000000000000e+01,-8.719778182608093786e+00,5.965016057278425876e+01,-9.303823901761629767e-01,0.000000000000000000e+00,5.485000000000000142e+01,5.776599999999999824e+01,5.000000000000000000e+01,1.000000000000000000e+00
6.560000000000000000e+02,5.000000000000000000e+01,-8.525407269758469297e+00,5.922928501404981461e+01,-7.038777442913496385e-01,0.000000000000000000e+00,5.485000000000000142e+01,5.770100000000000051e+01,5.000000000000000000e+01,1.000000000000000000e+00
6.570000000000000000e+02,5.000000000000000000e+01,-8.334026678644985253e+00,5.882414857381556317e+01,-4.901218951705709204e-01,0.000000000000000000e+00,5.485000000000000142e+01,5.763700000000000045e+01,5.000000000000000000e+01,1.000000000000000000e+00
6.580000000000000000e+02,5.000000000000000000e+01,-8.334026678644985253e+00,5.880275020351932369e+01,-4.687235248743367166e-01,0.000000000000000000e+00,5.485000000000000142e+01,5.763700000000000045e+01,5.000000000000000000e+01,1.000000000000000000e+00
6.590000000000000000e+02,5.000000000000000000e+01,-8.525407269758469297e+00,5.915669171364602619e+01,-6.312844438875568898e-01,0.000000000000000000e+00,5.485000000000000142e+01,5.770100000000000051e+01,5.000000000000000000e+01,1.000000000000000000e+00
6.600000000000000000e+02,5.000000000000000000e+01,-8.525407269758469297e+00,5.912913028775246005e+01,-6.037230179939900854e-01,0.000000000000000000e+00,5.485000000000000142e+01,5.770100000000000051e+01,5.000000000000000000e+01,1.000000000000000000e+00
6.610000000000000000e+02,5.000000000000000000e+01,-8.429716974201715729e+00,5.891556935247470506e+01,-4.858523782729911034e-01,0.000000000000000000e+00,5.485000000000000142e+01,5.766899999999999693e+01,5.000000000000000000e+01,1.000000000000000000e+00
6.620000000000000000e+02,5.000000000000000711e+01,-8.334026678644985253e+00,5.870715456475877403e+01,-3.731278861137861669e-01,0.000000000000000000e+00,5.485000000000000142e+01,5.763700000000000045e+01,5.000000000000000000e+01,1.000000000000000000e+00
6.630000000000000000e+02,5.000000000000000711e+01,-8.334026678644985253e+00,5.869086406895846864e+01,-3.568373903134807734e-01,0.000000000000000000e+00,5.485000000000000142e+01,5.763700000000000045e+01,5.000000000000000000e+01,1.000000000000000000e+00
6.640000000000000000e+02,5.000000000000000000e+01,-8.334026678644985253e+00,5.867528480451689177e+01,-3.412581258719027399e-01,0.000000000000000000e+00,5.485000000000000142e+01,5.763700000000000045e+01,5.000000000000000000e+01,1.000000000000000000e+00
6.650000000000000000e+02,5.000000000000000000e+01,-8.719778182608093786e+00,5.941504709361085901e+01,-6.952689110027635566e-01,0.000000000000000000e+00,5.485000000000000142e+01,5.776599999999999824e+01,5.000000000000000000e+01,1.000000000000000000e+00
6.660000000000000000e+02,5.000000000000000000e+01,-8.719778182608093786e+00,5.938469215178987071e+01,-6.649139691817723685e-01,0.000000000000000000e+00,5.485000000000000142e+01,5.776599999999999824e+01,5.000000000000000000e+01,1.000000000000000000e+00
6.670000000000000000e+02,5.000000000000000711e+01,-8.334026678644985253e+00,5.860100111092241804e+01,-2.669744322774301737e-01,0.000000000000000000e+00,5.485000000000000142e+01,5.763700000000000045e+01,5.000000000000000000e+01,1.000000000000000000e+00
6.680000000000000000e+02,5.000000000000000000e+01,-8.815468478164845578e+00,5.953120939424677260e+01,-7.157409160819283578e-01,0.000000000000000000e+00,5.485000000000000142e+01,5.779800000000000182e+01,5.000000000000000000e+01,1.000000000000000000e+00
6.690000000000000000e+02,5.000000000000000000e+01,-9.006849069278329623e+00,5.987436630230050127e+01,-8.675172330221677663e-01,0.000000000000000000e+00,5.485000000000000142e+01,5.786200000000000188e+01,5.000000000000000000e+01,1.000000000000000000e+00
6.700000000000000000e+02,5.000000000000000000e+01,-8.815468478164845578e+00,5.946208547939438915e+01,-6.466170012295440195e-01,0.000000000000000000e+00,5.485000000000000142e+01,5.779800000000000182e+01,5.000000000000000000e+01,1.000000000000000000e+00
6.710000000000000000e+02,5.000000000000000711e+01,-8.911158773721577830e+00,5.962105746651210580e+01,-7.098986927905257538e-01,0.000000000000000000e+00,5.485000000000000142e+01,5.782999999999999829e+01,5.000000000000000000e+01,1.000000000000000000e+00
6.720000000000000000e+02,5.000000000000000000e+01,-8.911158773721577830e+00,5.959006379891467020e+01,-6.789050251930852653e-01,0.000000000000000000e+00,5.485000000000000142e+01,5.782999999999999829e+01,5.000000000000000000e+01,1.000000000000000000e+00
6.730000000000000000e+02,5.000000000000000711e+01,-8.911158773721577830e+00,5.956042329260755963e+01,-6.492645188859755834e-01,0.000000000000000000e+00,5.485000000000000142e+01,5.782999999999999829e+01,5.000000000000000000e+01,1.000000000000000000e+00
6.740000000000000000e+02,5.000000000000000000e+01,-8.911158773721577830e+00,5.953207686953969358e+01,-6.209180958181113041e-01,0.000000000000000000e+00,5.485000000000000142e+01,5.782999999999999829e+01,5.000000000000000000e+01,1.000000000000000000e+00
6.750000000000000000e+02,5.000000000000000000e+01,-9.201219982127955888e+00,6.007242658352875253e+01,-8.712066014008019721e-01,0.000000000000000000e+00,5.485000000000000142e+01,5.792699999999999960e+01,5.000000000000000000e+01,1.000000000000000000e+00
6.760000000000000000e+02,5.000000000000000711e+01,-8.911158773721577830e+00,5.946693177581125411e+01,-5.557730020896729517e-01,0.000000000000000000e+00,5.485000000000000142e+01,5.782999999999999829e+01,5.000000000000000000e+01,1.000000000000000000e+00
6.770000000000000000e+02,5.000000000000000000e+01,-9.006849069278329623e+00,5.962986994675376451e+01,-6.230208774754339984e-01,0.000000000000000000e+00,5.485000000000000142e+01,5.786200000000000188e+01,5.000000000000000000e+01,1.000000000000000000e+00
6.780000000000000000e+02,5.000000000000000000e+01,-9.105529686571223635e+00,5.979572221187589776e+01,-6.901925253046724551e-01,0.000000000000000000e+00,5.485000000000000142e+01,5.789500000000000313e+01,5.000000000000000000e+01,1.000000000000000000e+00
6.790000000000000000e+02,4.999999999999999289e+01,-8.621097565315199773e+00,5.881787461774964498e+01,-1.967770524344474858e-01,0.000000000000000000e+00,5.485000000000000142e+01,5.773299999999999699e+01,5.000000000000000000e+01,1.000000000000000000e+00
6.800000000000000000e+02,5.000000000000000000e+01,-9.201219982127955888e+00,5.994420057794854984e+01,-7.429805958205957239e-01,0.000000000000000000e+00,5.485000000000000142e+01,5.792699999999999960e+01,5.000000000000000000e+01,1.000000000000000000e+00
6.810000000000000000e+02,4.999999999999999289e+01,-9.201219982127955888e+00,5.991176257820003315e+01,-7.105425960720783696e-01,0.000000000000000000e+00,5.485000000000000142e+01,5.792699999999999960e+01,5.000000000000000000e+01,1.000000000000000000e+00
6.820000000000000000e+02,5.000000000000000000e+01,-9.006849069278329623e+00,5.950048506714810514e+01,-4.936359978697705264e-01,0.000000000000000000e+00,5.485000000000000142e+01,5.786200000000000188e+01,5.000000000000000000e+01,1.000000000000000000e+00
6.830000000000000000e+02,5.000000000000000000e+01,-9.105529686571223635e+00,5.967198618328426818e+01,-5.664564967130453210e-01,0.000000000000000000e+00,5.485000000000000142e+01,5.789500000000000313e+01,5.000000000000000000e+01,1.000000000000000000e+00
6.840000000000000000e+02,5.000000000000000000e+01,-9.296910277684707680e+00,6.002166074198080281e+01,-7.247504642960945764e-01,0.000000000000000000e+00,5.485000000000000142e+01,5.795900000000000318e+01,5.000000000000000000e+01,1.000000000000000000e+00
6.850000000000000000e+02,5.000000000000000000e+01,-9.296910277684707680e+00,5.999001865669510636e+01,-6.931083790103959030e-01,0.000000000000000000e+00,5.485000000000000142e+01,5.795900000000000318e+01,5.000000000000000000e+01,1.000000000000000000e+00
6.860000000000000000e+02,5.000000000000000000e+01,-9.296910277684707680e+00,5.995975804215078853e+01,-6.628477644660782930e-01,0.000000000000000000e+00,5.485000000000000142e+01,5.795900000000000318e+01,5.000000000000000000e+01,1.000000000000000000e+00
6.870000000000000000e+02,5.000000000000000000e+01,-9.296910277684707680e+00,5.993081858432644538e+01,-6.339083066417345869e-01,0.000000000000000000e+00,5.485000000000000142e+01,5.795900000000000318e+01,5.000000000000000000e+01,1.000000000000000000e+00
6.880000000000000000e+02,5.000000000000000000e+01,-9.296910277684707680e+00,5.990314260246756817e+01,-6.062323247828587114e-01,0.000000000000000000e+00,5.485000000000000142e+01,5.795900000000000318e+01,5.000000000000000000e+01,1.000000000000000000e+00
6.890000000000000000e+02,5.000000000000000000e+01,-9.586971486091064421e+00,6.044413348668341968e+01,-8.571620005923532570e-01,0.000000000000000000e+00,5.485000000000000142e+01,5.805599999999999739e+01,5.000000000000000000e+01,1.000000000000000000e+00
6.900000000000000000e+02,5.000000000000000000e+01,-9.392600573241439932e+00,6.002645467762489773e+01,-6.338541043834621247e-01,0.000000000000000000e+00,5.485000000000000142e+01,5.799099999999999966e+01,5.000000000000000000e+01,1.000000000000000000e+00
6.910000000000000000e+02,5.000000000000000000e+01,-9.392600573241439932e+00,5.999878106219772889e+01,-6.061804889562939502e-01,0.000000000000000000e+00,5.485000000000000142e+01,5.799099999999999966e+01,5.000000000000000000e+01,1.000000000000000000e+00
6.920000000000000000e+02,5.000000000000000000e+01,-9.392600573241439932e+00,5.997231565696517208e+01,-5.797150837237347032e-01,0.000000000000000000e+00,5.485000000000000142e+01,5.799099999999999966e+01,5.000000000000000000e+01,1.000000000000000000e+00
6.930000000000000000e+02,5.000000000000000000e+01,-9.296910277684707680e+00,5.975980289087277697e+01,-4.628926131880640726e-01,0.000000000000000000e+00,5.485000000000000142e+01,5.795900000000000318e+01,5.000000000000000000e+01,1.000000000000000000e+00
6.940000000000000000e+02,5.000000000000000000e+01,-9.488290868798191724e+00,6.011399897442019835e+01,-6.257081056220127335e-01,0.000000000000000000e+00,5.485000000000000142e+01,5.802300000000000324e+01,5.000000000000000000e+01,1.000000000000000000e+00
6.950000000000000000e+02,5.000000000000000000e+01,-9.488290868798191724e+00,6.008668100745445884e+01,-5.983901386562737734e-01,0.000000000000000000e+00,5.485000000000000142e+01,5.802300000000000324e+01,5.000000000000000000e+01,1.000000000000000000e+00
6.960000000000000000e+02,5.000000000000000000e+01,-9.296910277684707680e+00,5.968615008039822101e+01,-3.892398027135115512e-01,0.000000000000000000e+00,5.485000000000000142e+01,5.795900000000000318e+01,5.000000000000000000e+01,1.000000000000000000e+00
6.970000000000000000e+02,5.000000000000000000e+01,-9.392600573241439932e+00,5.985635897134316252e+01,-4.637583981017274204e-01,0.000000000000000000e+00,5.485000000000000142e+01,5.799099999999999966e+01,5.000000000000000000e+01,1.000000000000000000e+00
6.980000000000000000e+02,5.000000000000000000e+01,-9.296910277684707680e+00,5.964890879094978260e+01,-3.519985132650699233e-01,0.000000000000000000e+00,5.485000000000000142e+01,5.795900000000000318e+01,5.000000000000000000e+01,1.000000000000000000e+00
6.990000000000000000e+02,5.000000000000000000e+01,-9.201219982127955888e+00,5.944633796694414229e+01,-2.451179848161882391e-01,0.000000000000000000e+00,5.485000000000000142e+01,5.792699999999999960e+01,5.000000000000000000e+01,1.000000000000000000e+00
7.000000000000000000e+02,5.000000000000000000e+01,-9.296910277684707680e+00,5.962283911305569717e+01,-3.259288353709888231e-01,0.000000000000000000e+00,5.485000000000000142e+01,5.795900000000000318e+01,5.000000000000000000e+01,1.000000000000000000e+00
7.010000000000000000e+02,5.000000000000000000e+01,-9.006849069278329623e+00,5.904115074138355368e+01,-3.430167210522078181e-02,0.000000000000000000e+00,5.485000000000000142e+01,5.786200000000000188e+01,5.000000000000000000e+01,1.000000000000000000e+00
7.020000000000000000e+02,5.000000000000000000e+01,-9.105529686571223635e+00,5.923270606462479293e+01,-1.271763780535672961e-01,0.000000000000000000e+00,5.485000000000000142e+01,5.789500000000000313e+01,5.000000000000000000e+01,1.000000000000000000e+00
7.030000000000000000e+02,5.000000000000000000e+01,-8.911158773721577830e+00,5.884689790410475041e+01,6.426086961682954402e-02,0.000000000000000000e+00,5.485000000000000142e+01,5.782999999999999829e+01,5.000000000000000000e+01,1.000000000000000000e+00
7.040000000000000000e+02,4.999999999999999289e+01,-9.201219982127955888e+00,5.941716204013052760e+01,-2.159420580025771252e-01,0.000000000000000000e+00,5.485000000000000142e+01,5.792699999999999960e+01,5.000000000000000000e+01,1.000000000000000000e+00
7.050000000000000000e+02,5.000000000000000000e+01,-9.296910277684707680e+00,5.959493698627396441e+01,-2.980267085892579493e-01,0.000000000000000000e+00,5.485000000000000142e+01,5.795900000000000318e+01,5.000000000000000000e+01,1.000000000000000000e+00
7.060000000000000000e+02,5.000000000000000000e+01,-9.488290868798191724e+00,5.995633099693012014e+01,-4.680401281319335194e-01,0.000000000000000000e+00,5.485000000000000142e+01,5.802300000000000324e+01,5.000000000000000000e+01,1.000000000000000000e+00
7.070000000000000000e+02,5.000000000000000000e+01,-9.392600573241439932e+00,5.974869387927557796e+01,-3.560933060341423539e-01,0.000000000000000000e+00,5.485000000000000142e+01,5.799099999999999966e+01,5.000000000000000000e+01,1.000000000000000000e+00
7.080000000000000000e+02,5.000000000000000000e+01,-9.586971486091064421e+00,6.011340283211898594e+01,-5.264313460279183010e-01,0.000000000000000000e+00,5.485000000000000142e+01,5.805599999999999739e+01,5.000000000000000000e+01,1.000000000000000000e+00
7.090000000000000000e+02,4.999999999999999289e+01,-9.778352077204548465e+00,6.046482486017765012e+01,-6.864727829731042119e-01,0.000000000000000000e+00,5.485000000000000142e+01,5.811999999999999744e+01,5.000000000000000000e+01,1.000000000000000000e+00
7.100000000000000000e+02,5.000000000000000000e+01,-9.778352077204548465e+00,6.043485395099548896e+01,-6.565018737909451563e-01,0.000000000000000000e+00,5.485000000000000142e+01,5.811999999999999744e+01,5.000000000000000000e+01,1.000000000000000000e+00
7.110000000000000000e+02,5.000000000000000000e+01,-9.972722990054194270e+00,6.078644728130429087e+01,-8.137242912500977088e-01,0.000000000000000000e+00,5.485000000000000142e+01,5.818500000000000227e+01,5.000000000000000000e+01,1.000000000000000000e+00
7.120000000000000000e+02,4.999999999999999289e+01,-9.778352077204548465e+00,6.037066493147043644e+01,-5.923128542658905316e-01,0.000000000000000000e+00,5.485000000000000142e+01,5.811999999999999744e+01,5.000000000000000000e+01,1.000000000000000000e+00
7.130000000000000000e+02,5.000000000000000000e+01,-9.586971486091064421e+00,5.997039933429041980e+01,-3.834278481993537158e-01,0.000000000000000000e+00,5.485000000000000142e+01,5.805599999999999739e+01,5.000000000000000000e+01,1.000000000000000000e+00
7.140000000000000000e+02,5.000000000000000000e+01,-9.874042372761300257e+00,6.051526761392806009e+01,-6.412252411667577201e-01,0.000000000000000000e+00,5.485000000000000142e+01,5.815200000000000102e+01,5.000000000000000000e+01,1.000000000000000000e+00
7.150000000000000000e+02,5.000000000000000000e+01,-1.016410358116767831e+01,6.105473073252093741e+01,-8.906271513532590944e-01,0.000000000000000000e+00,5.485000000000000142e+01,5.824900000000000233e+01,5.000000000000000000e+01,1.000000000000000000e+00
7.160000000000000000e+02,5.000000000000000000e+01,-9.972722990054194270e+00,6.064144094716112932e+01,-6.687179571069332695e-01,0.000000000000000000e+00,5.485000000000000142e+01,5.818500000000000227e+01,5.000000000000000000e+01,1.000000000000000000e+00
7.170000000000000000e+02,5.000000000000000000e+01,-1.016410358116767831e+01,6.098665084386622226e+01,-8.225472626985395053e-01,0.000000000000000000e+00,5.485000000000000142e+01,5.824900000000000233e+01,5.000000000000000000e+01,1.000000000000000000e+00
7.180000000000000000e+02,5.000000000000000000e+01,-9.972722990054194270e+00,6.057633337759991576e+01,-6.036103875457181633e-01,0.000000000000000000e+00,5.485000000000000142e+01,5.818500000000000227e+01,5.000000000000000000e+01,1.000000000000000000e+00
7.190000000000000000e+02,5.000000000000000000e+01,-9.682661781647816213e+00,5.998252162858752001e+01,-2.998598469397069644e-01,0.000000000000000000e+00,5.485000000000000142e+01,5.808800000000000097e+01,5.000000000000000000e+01,1.000000000000000000e+00
7.200000000000000000e+02,5.000000000000000000e+01,-9.296910277684707680e+00,5.921476858878241245e+01,8.214168890229972542e-02,0.000000000000000000e+00,5.485000000000000142e+01,5.795900000000000318e+01,5.000000000000000000e+01,1.000000000000000000e+00
7.210000000000000000e+02,4.999999999999999289e+01,-9.488290868798191724e+00,5.959276047891427908e+01,-1.044696101160911272e-01,0.000000000000000000e+00,5.485000000000000142e+01,5.802300000000000324e+01,5.000000000000000000e+01,1.000000000000000000e+00
7.220000000000000000e+02,5.000000000000000000e+01,-9.392600573241439932e+00,5.940099658922599701e+01,-8.396015984557539391e-03,0.000000000000000000e+00,5.485000000000000142e+01,5.799099999999999966e+01,5.000000000000000000e+01,1.000000000000000000e+00
7.230000000000000000e+02,4.999999999999999289e+01,-9.201219982127955888e+00,5.902622438226352841e+01,1.749955998644257549e-01,0.000000000000000000e+00,5.485000000000000142e+01,5.792699999999999960e+01,5.000000000000000000e+01,1.000000000000000000e+00
7.240000000000000000e+02,4.999999999999999289e+01,-9.201219982127955888e+00,5.903386456459981702e+01,1.673554175281369016e-01,0.000000000000000000e+00,5.485000000000000142e+01,5.792699999999999960e+01,5.000000000000000000e+01,1.000000000000000000e+00
7.250000000000000000e+02,5.000000000000000000e+01,-8.525407269758469297e+00,5.771905125546578574e+01,8.063560142926810004e-01,0.000000000000000000e+00,5.485000000000000142e+01,5.770100000000000051e+01,5.000000000000000000e+01,1.000000000000000000e+00
7.260000000000000000e+02,5.000000000000000000e+01,-8.334026678644985253e+00,5.737985053758649201e+01,9.541761410584975733e-01,0.000000000000000000e+00,5.485000000000000142e+01,5.763700000000000045e+01,5.000000000000000000e+01,1.000000000000000000e+00
7.270000000000000000e+02,5.000000000000000711e+01,-8.334026678644985253e+00,5.742150918331399367e+01,9.125174953309980186e-01,0.000000000000000000e+00,5.485000000000000142e+01,5.763700000000000045e+01,5.000000000000000000e+01,1.000000000000000000e+00
7.280000000000000000e+02,5.000000000000000000e+01,-8.334026678644985253e+00,5.746134904245778330e+01,8.726776361872041754e-01,0.000000000000000000e+00,5.485000000000000142e+01,5.763700000000000045e+01,5.000000000000000000e+01,1.000000000000000000e+00
7.290000000000000000e+02,5.000000000000000711e+01,-8.334026678644985253e+00,5.749944952193519754e+01,8.345771567097931554e-01,0.000000000000000000e+00,5.485000000000000142e+01,5.763700000000000045e+01,5.000000000000000000e+01,1.000000000000000000e+00
7.300000000000000000e+02,5.000000000000000000e+01,-8.334026678644985253e+00,5.753588656181450744e+01,7.981401168304804727e-01,0.000000000000000000e+00,5.485000000000000142e+01,5.763700000000000045e+01,5.000000000000000000e+01,1.000000000000000000e+00
7.310000000000000000e+02,5.000000000000000000e+01,-8.334026678644985253e+00,5.757073278667510863e+01,7.632938919698781799e-01,0.000000000000000000e+00,5.485000000000000142e+01,5.763700000000000045e+01,5.000000000000000000e+01,1.000000000000000000e+00
7.320000000000000000e+02,5.000000000000000711e+01,-8.334026678644985253e+00,5.760405765035935843e+01,7.299690282856288182e-01,0.000000000000000000e+00,5.485000000000000142e+01,5.763700000000000045e+01,5.000000000000000000e+01,1.000000000000000000e+00
7.330000000000000000e+02,5.000000000000000000e+01,-8.334026678644985253e+00,5.763592757440468972e+01,6.980991042403011937e-01,0.000000000000000000e+00,5.485000000000000142e+01,5.763700000000000045e+01,5.000000000000000000e+01,1.000000000000000000e+00
7.340000000000000000e+02,5.000000000000000000e+01,-8.334026678644985253e+00,5.766640608043185523e+01,6.676205982131330208e-01,0.000000000000000000e+00,5.485000000000000142e+01,5.763700000000000045e+01,5.000000000000000000e+01,1.000000000000000000e+00
7.350000000000000000e+02,5.000000000000000000e+01,-8.334026678644985253e+00,5.769555391675324074e+01,6.384727618917497294e-01,0.000000000000000000e+00,5.485000000000000142e+01,5.763700000000000045e+01,5.000000000000000000e+01,1.000000000000000000e+00
7.360000000000000000e+02,5.000000000000000000e+01,-8.334026678644985253e+00,5.772342917945347551e+01,6.105974991915099626e-01,0.000000000000000000e+00,5.485000000000000142e+01,5.763700000000000045e+01,5.000000000000000000e+01,1.000000000000000000e+00
7.370000000000000000e+02,5.000000000000000000e+01,-8.429716974201715729e+00,5.793729024964805063e+01,4.924267245536697590e-01,0.000000000000000000e+00,5.485000000000000142e+01,5.766899999999999693e+01,5.000000000000000000e+01,1.000000000000000000e+00
7.380000000000000000e+02,5.000000000000000000e+01,-8.139655765795358988e+00,5.739133069457810166e+01,7.483250712172626606e-01,0.000000000000000000e+00,5.485000000000000142e+01,5.757200000000000273e+01,5.000000000000000000e+01,1.000000000000000000e+00
7.390000000000000000e+02,5.000000000000000000e+01,-8.429716974201715729e+00,5.799146058285135297e+01,4.382563913503672581e-01,0.000000000000000000e+00,5.485000000000000142e+01,5.766899999999999693e+01,5.000000000000000000e+01,1.000000000000000000e+00
7.400000000000000000e+02,5.000000000000000000e+01,-8.334026678644985253e+00,5.782339172099844404e+01,5.106349576465455398e-01,0.000000000000000000e+00,5.485000000000000142e+01,5.763700000000000045e+01,5.000000000000000000e+01,1.000000000000000000e+00
7.410000000000000000e+02,5.000000000000000711e+01,-8.334026678644985253e+00,5.784568567688490504e+01,4.883410017600819386e-01,0.000000000000000000e+00,5.485000000000000142e+01,5.763700000000000045e+01,5.000000000000000000e+01,1.000000000000000000e+00
7.420000000000000000e+02,5.000000000000000711e+01,-8.334026678644985253e+00,5.786700629465257606e+01,4.670203839924151890e-01,0.000000000000000000e+00,5.485000000000000142e+01,5.763700000000000045e+01,5.000000000000000000e+01,1.000000000000000000e+00
7.430000000000000000e+02,5.000000000000000000e+01,-8.525407269758469297e+00,5.826180171247382589e+01,2.636055572846451867e-01,0.000000000000000000e+00,5.485000000000000142e+01,5.770100000000000051e+01,5.000000000000000000e+01,1.000000000000000000e+00
7.440000000000000000e+02,5.000000000000000000e+01,-8.334026678644985253e+00,5.789890489904779258e+01,4.351217795971958902e-01,0.000000000000000000e+00,5.485000000000000142e+01,5.763700000000000045e+01,5.000000000000000000e+01,1.000000000000000000e+00
7.450000000000000000e+02,5.000000000000000000e+01,-8.429716974201715729e+00,5.810510482522313680e+01,3.246121489785808167e-01,0.000000000000000000e+00,5.485000000000000142e+01,5.766899999999999693e+01,5.000000000000000000e+01,1.000000000000000000e+00
7.460000000000000000e+02,5.000000000000000000e+01,-8.525407269758469297e+00,5.830647998021287037e+01,2.189272895455995904e-01,0.000000000000000000e+00,5.485000000000000142e+01,5.770100000000000051e+01,5.000000000000000000e+01,1.000000000000000000e+00
7.470000000000000000e+02,5.000000000000000000e+01,-8.719778182608093786e+00,5.869629391970024557e+01,2.348426290784955128e-02,0.000000000000000000e+00,5.485000000000000142e+01,5.776599999999999824e+01,5.000000000000000000e+01,1.000000000000000000e+00
7.480000000000000000e+02,5.000000000000000000e+01,-8.815468478164845578e+00,5.888452204723383687e+01,-6.905356906898994784e-02,0.000000000000000000e+00,5.485000000000000142e+01,5.779800000000000182e+01,5.000000000000000000e+01,1.000000000000000000e+00
7.490000000000000000e+02,5.000000000000000000e+01,-8.815468478164845578e+00,5.888150721795202713e+01,-6.603873978718324822e-02,0.000000000000000000e+00,5.485000000000000142e+01,5.779800000000000182e+01,5.000000000000000000e+01,1.000000000000000000e+00
7.500000000000000000e+02,5.000000000000000000e+01,-8.815468478164845578e+00,5.887862401395361900e+01,-6.315553578877584895e-02,0.000000000000000000e+00,5.485000000000000142e+01,5.779800000000000182e+01,5.000000000000000000e+01,1.000000000000000000e+00
7.510000000000000000e+02,5.000000000000000000e+01,-9.006849069278329623e+00,5.925027233150163397e+01,-2.434232622233041821e-01,0.000000000000000000e+00,5.485000000000000142e+01,5.786200000000000188e+01,5.000000000000000000e+01,1.000000000000000000e+00
7.520000000000000000e+02,4.999999999999999289e+01,-9.201219982127955888e+00,5.961990037762063110e+01,-4.186803954926788807e-01,0.000000000000000000e+00,5.485000000000000142e+01,5.792699999999999960e+01,5.000000000000000000e+01,1.000000000000000000e+00
7.530000000000000000e+02,4.999999999999999289e+01,-9.201219982127955888e+00,5.960162109194332203e+01,-4.004011098153715809e-01,0.000000000000000000e+00,5.485000000000000142e+01,5.792699999999999960e+01,5.000000000000000000e+01,1.000000000000000000e+00
7.540000000000000000e+02,5.000000000000000000e+01,-9.201219982127955888e+00,5.958413986676387708e+01,-3.829198846359279096e-01,0.000000000000000000e+00,5.485000000000000142e+01,5.792699999999999960e+01,5.000000000000000000e+01,1.000000000000000000e+00
7.550000000000000000e+02,5.000000000000000000e+01,-9.296910277684707680e+00,5.975462468079780365e+01,-4.577144031130906399e-01,0.000000000000000000e+00,5.485000000000000142e+01,5.795900000000000318e+01,5.000000000000000000e+01,1.000000000000000000e+00
7.560000000000000000e+02,5.000000000000000000e+01,-9.296910277684707680e+00,5.973464119835345087e+01,-4.377309206687384768e-01,0.000000000000000000e+00,5.485000000000000142e+01,5.795900000000000318e+01,5.000000000000000000e+01,1.000000000000000000e+00
7.570000000000000000e+02,5.000000000000000000e+01,-9.296910277684707680e+00,5.971553018041510086e+01,-4.186199027303919573e-01,0.000000000000000000e+00,5.485000000000000142e+01,5.795900000000000318e+01,5.000000000000000000e+01,1.000000000000000000e+00
7.580000000000000000e+02,5.000000000000000000e+01,-9.296910277684707680e+00,5.969725353580839311e+01,-4.003432581236844867e-01,0.000000000000000000e+00,5.485000000000000142e+01,5.795900000000000318e+01,5.000000000000000000e+01,1.000000000000000000e+00
7.590000000000000000e+02,5.000000000000000000e+01,-9.296910277684707680e+00,5.967977483639230485e+01,-3.828645587075931167e-01,0.000000000000000000e+00,5.485000000000000142e+01,5.795900000000000318e+01,5.000000000000000000e+01,1.000000000000000000e+00
7.600000000000000000e+02,5.000000000000000000e+01,-9.296910277684707680e+00,5.966305924445230602e+01,-3.661489667675958959e-01,0.000000000000000000e+00,5.485000000000000142e+01,5.795900000000000318e+01,5.000000000000000000e+01,1.000000000000000000e+00
7.610000000000000000e+02,4.999999999999999289e+01,-9.488290868798191724e+00,6.002147908619195249e+01,-5.331882173937646519e-01,0.000000000000000000e+00,5.485000000000000142e+01,5.802300000000000324e+01,5.000000000000000000e+01,1.000000000000000000e+00
7.620000000000000000e+02,5.000000000000000000e+01,-9.296910277684707680e+00,5.962379482823772037e+01,-3.268845505530133533e-01,0.000000000000000000e+00,5.485000000000000142e+01,5.795900000000000318e+01,5.000000000000000000e+01,1.000000000000000000e+00
7.630000000000000000e+02,5.000000000000000000e+01,-9.586971486091064421e+00,6.017698183585328309e+01,-5.900103497622160020e-01,0.000000000000000000e+00,5.485000000000000142e+01,5.805599999999999739e+01,5.000000000000000000e+01,1.000000000000000000e+00
7.640000000000000000e+02,5.000000000000000000e+01,-9.392600573241439932e+00,5.977096667619716897e+01,-3.783661029557333633e-01,0.000000000000000000e+00,5.485000000000000142e+01,5.799099999999999966e+01,5.000000000000000000e+01,1.000000000000000000e+00
7.650000000000000000e+02,5.000000000000000000e+01,-9.296910277684707680e+00,5.956724466214359381e+01,-2.703343844588868561e-01,0.000000000000000000e+00,5.485000000000000142e+01,5.795900000000000318e+01,5.000000000000000000e+01,1.000000000000000000e+00
7.660000000000000000e+02,5.000000000000000000e+01,-9.392600573241439932e+00,5.974264487833867321e+01,-3.500443050972337766e-01,0.000000000000000000e+00,5.485000000000000142e+01,5.799099999999999966e+01,5.000000000000000000e+01,1.000000000000000000e+00
7.670000000000000000e+02,5.000000000000000000e+01,-9.586971486091064421e+00,6.010761792622301414e+01,-5.206464401319488289e-01,0.000000000000000000e+00,5.485000000000000142e+01,5.805599999999999739e+01,5.000000000000000000e+01,1.000000000000000000e+00
7.680000000000000000e+02,5.000000000000000000e+01,-9.296910277684707680e+00,5.951742832363075308e+01,-2.205180459460425180e-01,0.000000000000000000e+00,5.485000000000000142e+01,5.795900000000000318e+01,5.000000000000000000e+01,1.000000000000000000e+00
7.690000000000000000e+02,4.999999999999999289e+01,-9.488290868798191724e+00,5.988220630688790180e+01,-3.939154380897140206e-01,0.000000000000000000e+00,5.485000000000000142e+01,5.802300000000000324e+01,5.000000000000000000e+01,1.000000000000000000e+00
7.700000000000000000e+02,5.000000000000000000e+01,-9.296910277684707680e+00,5.949060259855428257e+01,-1.936923208695761345e-01,0.000000000000000000e+00,5.485000000000000142e+01,5.795900000000000318e+01,5.000000000000000000e+01,1.000000000000000000e+00
7.710000000000000000e+02,5.000000000000000000e+01,-9.296910277684707680e+00,5.948214613079321822e+01,-1.852358531085066817e-01,0.000000000000000000e+00,5.485000000000000142e+01,5.795900000000000318e+01,5.000000000000000000e+01,1.000000000000000000e+00
7.720000000000000000e+02,5.000000000000000000e+01,-9.296910277684707680e+00,5.947405886634734884e+01,-1.771485886626381345e-01,0.000000000000000000e+00,5.485000000000000142e+01,5.795900000000000318e+01,5.000000000000000000e+01,1.000000000000000000e+00
7.730000000000000000e+02,4.999999999999999289e+01,-9.488290868798191724e+00,5.984073032899328126e+01,-3.524394601950932016e-01,0.000000000000000000e+00,5.485000000000000142e+01,5.802300000000000324e+01,5.000000000000000000e+01,1.000000000000000000e+00
7.740000000000000000e+02,5.000000000000000000e+01,-9.296910277684707680e+00,5.945093743209684334e+01,-1.540271544121359637e-01,0.000000000000000000e+00,5.485000000000000142e+01,5.795900000000000318e+01,5.000000000000000000e+01,1.000000000000000000e+00
7.750000000000000000e+02,5.000000000000000000e+01,-9.392600573241439932e+00,5.963141553850901744e+01,-2.388149652675757850e-01,0.000000000000000000e+00,5.485000000000000142e+01,5.799099999999999966e+01,5.000000000000000000e+01,1.000000000000000000e+00
7.760000000000000000e+02,5.000000000000000000e+01,-9.296910277684707680e+00,5.943378622700338809e+01,-1.368759493186795240e-01,0.000000000000000000e+00,5.485000000000000142e+01,5.795900000000000318e+01,5.000000000000000000e+01,1.000000000000000000e+00
7.770000000000000000e+02,5.000000000000000000e+01,-9.296910277684707680e+00,5.942781032126028862e+01,-1.309000435755778569e-01,0.000000000000000000e+00,5.485000000000000142e+01,5.795900000000000318e+01,5.000000000000000000e+01,1.000000000000000000e+00
7.780000000000000000e+02,5.000000000000000000e+01,-9.296910277684707680e+00,5.942209531927440480e+01,-1.251850415896972046e-01,0.000000000000000000e+00,5.485000000000000142e+01,5.795900000000000318e+01,5.000000000000000000e+01,1.000000000000000000e+00
7.790000000000000000e+02,5.000000000000000000e+01,-9.392600573241439932e+00,5.960383265163910238e+01,-2.112320783976636140e-01,0.000000000000000000e+00,5.485000000000000142e+01,5.799099999999999966e+01,5.000000000000000000e+01,1.000000000000000000e+00
7.800000000000000000e+02,5.000000000000000000e+01,-9.296910277684707680e+00,5.940740758918437336e+01,-1.104973114996613409e-01,0.000000000000000000e+00,5.485000000000000142e+01,5.795900000000000318e+01,5.000000000000000000e+01,1.000000000000000000e+00
7.810000000000000000e+02,5.000000000000000000e+01,-9.296910277684707680e+00,5.940258335584260863e+01,-1.056730781579021117e-01,0.000000000000000000e+00,5.485000000000000142e+01,5.795900000000000318e+01,5.000000000000000000e+01,1.000000000000000000e+00
7.820000000000000000e+02,5.000000000000000000e+01,-9.296910277684707680e+00,5.939796974506732141e+01,-1.010594673826096940e-01,0.000000000000000000e+00,5.485000000000000142e+01,5.795900000000000318e+01,5.000000000000000000e+01,1.000000000000000000e+00
7.830000000000000000e+02,4.999999999999999289e+01,-9.201219982127955888e+00,5.920635473976410168e+01,-5.134757636150663607e-03,0.000000000000000000e+00,5.485000000000000142e+01,5.792699999999999960e+01,5.000000000000000000e+01,1.000000000000000000e+00
7.840000000000000000e+02,5.000000000000000000e+01,-9.296910277684707680e+00,5.939333338139398677e+01,-9.642310370927854868e-02,0.000000000000000000e+00,5.485000000000000142e+01,5.795900000000000318e+01,5.000000000000000000e+01,1.000000000000000000e+00
7.850000000000000000e+02,5.000000000000000000e+01,-9.296910277684707680e+00,5.938912361786655936e+01,-9.221334018184978998e-02,0.000000000000000000e+00,5.485000000000000142e+01,5.795900000000000318e+01,5.000000000000000000e+01,1.000000000000000000e+00
7.860000000000000000e+02,5.000000000000000000e+01,-9.296910277684707680e+00,5.938509764959436410e+01,-8.818737190965676709e-02,0.000000000000000000e+00,5.485000000000000142e+01,5.795900000000000318e+01,5.000000000000000000e+01,1.000000000000000000e+00
7.870000000000000000e+02,5.000000000000000000e+01,-9.296910277684707680e+00,5.938124745220843437e+01,-8.433717452372316292e-02,0.000000000000000000e+00,5.485000000000000142e+01,5.795900000000000318e+01,5.000000000000000000e+01,1.000000000000000000e+00
7.880000000000000000e+02,5.000000000000000000e+01,-9.296910277684707680e+00,5.937756535167797267e+01,-8.065507399326492244e-02,0.000000000000000000e+00,5.485000000000000142e+01,5.795900000000000318e+01,5.000000000000000000e+01,1.000000000000000000e+00
7.890000000000000000e+02,5.000000000000000000e+01,-9.392600573241439932e+00,5.956124683047909230e+01,-1.686462572376523361e-01,0.000000000000000000e+00,5.485000000000000142e+01,5.799099999999999966e+01,5.000000000000000000e+01,1.000000000000000000e+00
7.900000000000000000e+02,5.000000000000000000e+01,-9.296910277684707680e+00,5.936668103442222844e+01,-6.977075673752029805e-02,0.000000000000000000e+00,5.485000000000000142e+01,5.795900000000000318e+01,5.000000000000000000e+01,1.000000000000000000e+00
7.910000000000000000e+02,4.999999999999999289e+01,-9.488290868798191724e+00,5.973804053616982657e+01,-2.497496673716376181e-01,0.000000000000000000e+00,5.485000000000000142e+01,5.802300000000000324e+01,5.000000000000000000e+01,1.000000000000000000e+00
7.920000000000000000e+02,5.000000000000000000e+01,-9.296910277684707680e+00,5.935273100195139051e+01,-5.582072426668344134e-02,0.000000000000000000e+00,5.485000000000000142e+01,5.795900000000000318e+01,5.000000000000000000e+01,1.000000000000000000e+00
7.930000000000000000e+02,4.999999999999999289e+01,-9.201219982127955888e+00,5.916309108771525160e+01,3.812889441269744217e-02,0.000000000000000000e+00,5.485000000000000142e+01,5.792699999999999960e+01,5.000000000000000000e+01,1.000000000000000000e+00
7.940000000000000000e+02,5.000000000000000000e+01,-9.296910277684707680e+00,5.935195858935329483e+01,-5.504831166858514119e-02,0.000000000000000000e+00,5.485000000000000142e+01,5.795900000000000318e+01,5.000000000000000000e+01,1.000000000000000000e+00
7.950000000000000000e+02,4.999999999999999289e+01,-9.201219982127955888e+00,5.916235239809700630e+01,3.886758403094430631e-02,0.000000000000000000e+00,5.485000000000000142e+01,5.792699999999999960e+01,5.000000000000000000e+01,1.000000000000000000e+00
7.960000000000000000e+02,5.000000000000000000e+01,-9.296910277684707680e+00,5.935125215039379754e+01,-5.434187270908456824e-02,0.000000000000000000e+00,5.485000000000000142e+01,5.795900000000000318e+01,5.000000000000000000e+01,1.000000000000000000e+00
7.970000000000000000e+02,5.000000000000000000e+01,-9.296910277684707680e+00,5.934887962321988653e+01,-5.196934553517586208e-02,0.000000000000000000e+00,5.485000000000000142e+01,5.795900000000000318e+01,5.000000000000000000e+01,1.000000000000000000e+00
7.980000000000000000e+02,5.000000000000000000e+01,-9.296910277684707680e+00,5.934661067888017527e+01,-4.970040119546702273e-02,0.000000000000000000e+00,5.485000000000000142e+01,5.795900000000000318e+01,5.000000000000000000e+01,1.000000000000000000e+00
7.990000000000000000e+02,5.000000000000000000e+01,-9.392600573241439932e+00,5.953164361648664737e+01,-1.390430432452104403e-01,0.000000000000000000e+00,5.485000000000000142e+01,5.799099999999999966e+01,5.000000000000000000e+01,1.000000000000000000e+00
8.000000000000000000e+02,5.000000000000000000e+01,-9.296910277684707680e+00,5.933837027551333421e+01,-4.145999782862140604e-02,0.000000000000000000e+00,5.485000000000000142e+01,5.795900000000000318e+01,5.000000000000000000e+01,1.000000000000000000e+00
8.010000000000000000e+02,5.000000000000000000e+01,-9.778352077204548465e+00,6.027842435724622305e+01,-5.000722800416809166e-01,0.000000000000000000e+00,5.485000000000000142e+01,5.811999999999999744e+01,5.000000000000000000e+01,1.000000000000000000e+00
8.020000000000000000e+02,4.999999999999999289e+01,-9.778352077204548465e+00,6.025659156028560659e+01,-4.782394830810595687e-01,0.000000000000000000e+00,5.485000000000000142e+01,5.811999999999999744e+01,5.000000000000000000e+01,1.000000000000000000e+00
8.030000000000000000e+02,5.000000000000000000e+01,-9.296910277684707680e+00,5.929384777208408508e+01,3.062505600624099156e-03,0.000000000000000000e+00,5.485000000000000142e+01,5.795900000000000318e+01,5.000000000000000000e+01,1.000000000000000000e+00
8.040000000000000000e+02,5.000000000000000000e+01,-9.586971486091064421e+00,5.986144003144476500e+01,-2.744685453536996889e-01,0.000000000000000000e+00,5.485000000000000142e+01,5.805599999999999739e+01,5.000000000000000000e+01,1.000000000000000000e+00
8.050000000000000000e+02,5.000000000000000000e+01,-1.016410358116767831e+01,6.097852394863325287e+01,-8.144203674655727809e-01,0.000000000000000000e+00,5.485000000000000142e+01,5.824900000000000233e+01,5.000000000000000000e+01,1.000000000000000000e+00
8.060000000000000000e+02,5.000000000000000000e+01,-9.778352077204548465e+00,6.018830556568278212e+01,-4.099534884782379263e-01,0.000000000000000000e+00,5.485000000000000142e+01,5.811999999999999744e+01,5.000000000000000000e+01,1.000000000000000000e+00
8.070000000000000000e+02,5.000000000000000000e+01,-9.392600573241439932e+00,5.941574591647679426e+01,-2.314534323535455407e-02,0.000000000000000000e+00,5.485000000000000142e+01,5.799099999999999966e+01,5.000000000000000000e+01,1.000000000000000000e+00
8.080000000000000000e+02,5.000000000000000000e+01,-9.972722990054194270e+00,6.054965251252408365e+01,-5.769295224698914870e-01,0.000000000000000000e+00,5.485000000000000142e+01,5.818500000000000227e+01,5.000000000000000000e+01,1.000000000000000000e+00
8.090000000000000000e+02,5.000000000000000000e+01,-9.972722990054194270e+00,6.052446418350168500e+01,-5.517411934474879542e-01,0.000000000000000000e+00,5.485000000000000142e+01,5.818500000000000227e+01,5.000000000000000000e+01,1.000000000000000000e+00
8.100000000000000000e+02,5.000000000000000000e+01,-1.006841328561092652e+01,6.068757838031677920e+01,-6.191650947058516818e-01,0.000000000000000000e+00,5.485000000000000142e+01,5.821699999999999875e+01,5.000000000000000000e+01,1.000000000000000000e+00
8.110000000000000000e+02,5.000000000000000000e+01,-1.025979387672441057e+01,6.103495171944169329e+01,-7.751578427172821639e-01,0.000000000000000000e+00,5.485000000000000142e+01,5.828099999999999881e+01,5.000000000000000000e+01,1.000000000000000000e+00
8.120000000000000000e+02,5.000000000000000000e+01,-1.025979387672441057e+01,6.100110888417982125e+01,-7.413150074554094582e-01,0.000000000000000000e+00,5.485000000000000142e+01,5.828099999999999881e+01,5.000000000000000000e+01,1.000000000000000000e+00
8.130000000000000000e+02,5.000000000000000000e+01,-1.025979387672441057e+01,6.096874360282431837e+01,-7.089497260999093609e-01,0.000000000000000000e+00,5.485000000000000142e+01,5.828099999999999881e+01,5.000000000000000000e+01,1.000000000000000000e+00
8.140000000000000000e+02,5.000000000000000000e+01,-1.025979387672441057e+01,6.093779136643173899e+01,-6.779974897073276496e-01,0.000000000000000000e+00,5.485000000000000142e+01,5.828099999999999881e+01,5.000000000000000000e+01,1.000000000000000000e+00
8.150000000000000000e+02,5.000000000000000000e+01,-1.025979387672441057e+01,6.090819048247280421e+01,-6.483966057483983025e-01,0.000000000000000000e+00,5.485000000000000142e+01,5.828099999999999881e+01,5.000000000000000000e+01,1.000000000000000000e+00
8.160000000000000000e+02,5.000000000000000000e+01,-1.025979387672441057e+01,6.087988195186982665e+01,-6.200880751454205253e-01,0.000000000000000000e+00,5.485000000000000142e+01,5.828099999999999881e+01,5.000000000000000000e+01,1.000000000000000000e+00
8.170000000000000000e+02,5.000000000000000000e+01,-1.025979387672441057e+01,6.085280935140250591e+01,-5.930154746780960107e-01,0.000000000000000000e+00,5.485000000000000142e+01,5.828099999999999881e+01,5.000000000000000000e+01,1.000000000000000000e+00
8.180000000000000000e+02,5.000000000000000000e+01,-1.025979387672441057e+01,6.082691872124784993e+01,-5.671248445234428059e-01,0.000000000000000000e+00,5.485000000000000142e+01,5.828099999999999881e+01,5.000000000000000000e+01,1.000000000000000000e+00
8.190000000000000000e+02,5.000000000000000000e+01,-1.025979387672441057e+01,6.080215845743004621e+01,-5.423645807056358681e-01,0.000000000000000000e+00,5.485000000000000142e+01,5.828099999999999881e+01,5.000000000000000000e+01,1.000000000000000000e+00
8.200000000000000000e+02,5.000000000000000000e+01,-1.035548417228116236e+01,6.096568203043007372e+01,-6.101978581489069242e-01,0.000000000000000000e+00,5.485000000000000142e+01,5.831300000000000239e+01,5.000000000000000000e+01,1.000000000000000000e+00
8.210000000000000000e+02,5.000000000000000711e+01,-1.035548417228116236e+01,6.093904122974090143e+01,-5.835570574597331861e-01,0.000000000000000000e+00,5.485000000000000142e+01,5.831300000000000239e+01,5.000000000000000000e+01,1.000000000000000000e+00
8.220000000000000000e+02,5.000000000000000000e+01,-1.025979387672441057e+01,6.072636072583163269e+01,-4.665668491072227919e-01,0.000000000000000000e+00,5.485000000000000142e+01,5.828099999999999881e+01,5.000000000000000000e+01,1.000000000000000000e+00
8.230000000000000000e+02,5.000000000000000000e+01,-1.025979387672441057e+01,6.070599075194652272e+01,-4.461968752221159851e-01,0.000000000000000000e+00,5.485000000000000142e+01,5.828099999999999881e+01,5.000000000000000000e+01,1.000000000000000000e+00
8.240000000000000000e+02,5.000000000000000711e+01,-1.035548417228116236e+01,6.087371293797068716e+01,-5.182287656895193662e-01,0.000000000000000000e+00,5.485000000000000142e+01,5.831300000000000239e+01,5.000000000000000000e+01,1.000000000000000000e+00
8.250000000000000000e+02,5.000000000000000000e+01,-1.074123567624427089e+01,6.160574881590103757e+01,-8.645131396567635740e-01,0.000000000000000000e+00,5.485000000000000142e+01,5.844200000000000017e+01,5.000000000000000000e+01,1.000000000000000000e+00
8.260000000000000000e+02,5.000000000000000000e+01,-1.035548417228116236e+01,6.081334341845672498e+01,-4.578592461755566778e-01,0.000000000000000000e+00,5.485000000000000142e+01,5.831300000000000239e+01,5.000000000000000000e+01,1.000000000000000000e+00
8.270000000000000000e+02,5.000000000000000000e+01,-1.074123567624427089e+01,6.154801498629583989e+01,-8.067793100515652238e-01,0.000000000000000000e+00,5.485000000000000142e+01,5.844200000000000017e+01,5.000000000000000000e+01,1.000000000000000000e+00
8.280000000000000000e+02,5.000000000000000000e+01,-1.112698718020738120e+01,6.226745295448520778e+01,-1.140465774277825028e+00,0.000000000000000000e+00,5.485000000000000142e+01,5.857099999999999795e+01,5.000000000000000000e+01,1.000000000000000000e+00
8.290000000000000000e+02,5.000000000000000000e+01,-1.074123567624427089e+01,6.146299966300059481e+01,-7.217639867563245826e-01,0.000000000000000000e+00,5.485000000000000142e+01,5.844200000000000017e+01,5.000000000000000000e+01,1.000000000000000000e+00
8.300000000000000000e+02,5.000000000000000000e+01,-1.103129688465064895e+01,6.199894651774503274e+01,-9.676496330943809010e-01,0.000000000000000000e+00,5.485000000000000142e+01,5.853900000000000148e+01,5.000000000000000000e+01,1.000000000000000000e+00
8.310000000000000000e+02,5.000000000000000000e+01,-1.103129688465064895e+01,6.195669962902204730e+01,-9.254027443713978007e-01,0.000000000000000000e+00,5.485000000000000142e+01,5.853900000000000148e+01,5.000000000000000000e+01,1.000000000000000000e+00
8.320000000000000000e+02,5.000000000000000000e+01,-1.103129688465064895e+01,6.191629720914990997e+01,-8.850003244992575846e-01,0.000000000000000000e+00,5.485000000000000142e+01,5.853900000000000148e+01,5.000000000000000000e+01,1.000000000000000000e+00
8.330000000000000000e+02,5.000000000000000000e+01,-1.112698718020738120e+01,6.206486155140613903e+01,-9.378743711987564957e-01,0.000000000000000000e+00,5.485000000000000142e+01,5.857099999999999795e+01,5.000000000000000000e+01,1.000000000000000000e+00
8.340000000000000000e+02,5.000000000000000000e+01,-1.122566779750027521e+01,6.221696753888970477e+01,-9.912997413894292231e-01,0.000000000000000000e+00,5.485000000000000142e+01,5.860399999999999920e+01,5.000000000000000000e+01,1.000000000000000000e+00
8.350000000000000000e+02,5.000000000000000711e+01,-1.122566779750027521e+01,6.217368810340676788e+01,-9.480203059064867821e-01,0.000000000000000000e+00,5.485000000000000142e+01,5.860399999999999920e+01,5.000000000000000000e+01,1.000000000000000000e+00
8.360000000000000000e+02,5.000000000000000711e+01,-1.122566779750027521e+01,6.213229821702538658e+01,-9.066304195251074782e-01,0.000000000000000000e+00,5.485000000000000142e+01,5.860399999999999920e+01,5.000000000000000000e+01,1.000000000000000000e+00
8.370000000000000000e+02,5.000000000000000000e+01,-1.122566779750027521e+01,6.209271538338748542e+01,-8.670475858872086494e-01,0.000000000000000000e+00,5.485000000000000142e+01,5.860399999999999920e+01,5.000000000000000000e+01,1.000000000000000000e+00
8.380000000000000000e+02,5.000000000000000000e+01,-1.122566779750027521e+01,6.205486070786679420e+01,-8.291929103665128808e-01,0.000000000000000000e+00,5.485000000000000142e+01,5.860399999999999920e+01,5.000000000000000000e+01,1.000000000000000000e+00
8.390000000000000000e+02,5.000000000000000000e+01,-1.141704838861375748e+01,6.239306438324825166e+01,-9.760159946344945103e-01,0.000000000000000000e+00,5.485000000000000142e+01,5.866799999999999926e+01,5.000000000000000000e+01,1.000000000000000000e+00
8.400000000000000000e+02,5.000000000000000711e+01,-1.122566779750027521e+01,6.197604658225457541e+01,-7.503787847542964240e-01,0.000000000000000000e+00,5.485000000000000142e+01,5.860399999999999920e+01,5.000000000000000000e+01,1.000000000000000000e+00
8.410000000000000000e+02,5.000000000000000000e+01,-1.122566779750027521e+01,6.194328558288518138e+01,-7.176177853848996202e-01,0.000000000000000000e+00,5.485000000000000142e+01,5.860399999999999920e+01,5.000000000000000000e+01,1.000000000000000000e+00
8.420000000000000000e+02,5.000000000000000711e+01,-1.122566779750027521e+01,6.191195490524327028e+01,-6.862871077429928413e-01,0.000000000000000000e+00,5.485000000000000142e+01,5.860399999999999920e+01,5.000000000000000000e+01,1.000000000000000000e+00
8.430000000000000000e+02,5.000000000000000711e+01,-1.151273868417051105e+01,6.244360056690114646e+01,-9.308618827306334165e-01,0.000000000000000000e+00,5.485000000000000142e+01,5.870000000000000284e+01,5.000000000000000000e+01,1.000000000000000000e+00
8.440000000000000000e+02,5.000000000000000711e+01,-1.122566779750027521e+01,6.184135134057229521e+01,-6.156835430720184466e-01,0.000000000000000000e+00,5.485000000000000142e+01,5.860399999999999920e+01,5.000000000000000000e+01,1.000000000000000000e+00
8.450000000000000000e+02,5.000000000000000000e+01,-1.122566779750027521e+01,6.181447103881518501e+01,-5.888032413149065780e-01,0.000000000000000000e+00,5.485000000000000142e+01,5.860399999999999920e+01,5.000000000000000000e+01,1.000000000000000000e+00
8.460000000000000000e+02,5.000000000000000711e+01,-1.122566779750027521e+01,6.178876431174702333e+01,-5.630965142467463380e-01,0.000000000000000000e+00,5.485000000000000142e+01,5.860399999999999920e+01,5.000000000000000000e+01,1.000000000000000000e+00
8.470000000000000000e+02,5.000000000000000711e+01,-1.122566779750027521e+01,6.176417992193889717e+01,-5.385121244386207318e-01,0.000000000000000000e+00,5.485000000000000142e+01,5.860399999999999920e+01,5.000000000000000000e+01,1.000000000000000000e+00
8.480000000000000000e+02,5.000000000000000000e+01,-1.122566779750027521e+01,6.174066886895127482e+01,-5.150010714509980492e-01,0.000000000000000000e+00,5.485000000000000142e+01,5.860399999999999920e+01,5.000000000000000000e+01,1.000000000000000000e+00
8.490000000000000000e+02,5.000000000000000711e+01,-1.122566779750027521e+01,6.171818429166865627e+01,-4.925164941683802255e-01,0.000000000000000000e+00,5.485000000000000142e+01,5.860399999999999920e+01,5.000000000000000000e+01,1.000000000000000000e+00
8.500000000000000000e+02,5.000000000000000000e+01,-1.170710959702013554e+01,6.263854557039012860e+01,-9.314359733699946187e-01,0.000000000000000000e+00,5.485000000000000142e+01,5.876500000000000057e+01,5.000000000000000000e+01,1.000000000000000000e+00
8.510000000000000000e+02,5.000000000000000000e+01,-1.141704838861375748e+01,6.203042119150511269e+01,-6.133728028913545405e-01,0.000000000000000000e+00,5.485000000000000142e+01,5.866799999999999926e+01,5.000000000000000000e+01,1.000000000000000000e+00
8.520000000000000000e+02,5.000000000000000711e+01,-1.151273868417051105e+01,6.219084459647066154e+01,-6.781059123001441646e-01,0.000000000000000000e+00,5.485000000000000142e+01,5.870000000000000284e+01,5.000000000000000000e+01,1.000000000000000000e+00
8.530000000000000000e+02,4.999999999999999289e+01,-1.209286110098324585e+01,6.329615608398597004e+01,-1.203294983002724639e+00,0.000000000000000000e+00,5.485000000000000142e+01,5.889399999999999835e+01,5.000000000000000000e+01,1.000000000000000000e+00
8.540000000000000000e+02,5.000000000000000000e+01,-1.170710959702013554e+01,6.248895971432639840e+01,-7.818501173062593068e-01,0.000000000000000000e+00,5.485000000000000142e+01,5.876500000000000057e+01,5.000000000000000000e+01,1.000000000000000000e+00
8.550000000000000000e+02,5.000000000000000711e+01,-1.151273868417051105e+01,6.207456896805826574e+01,-5.618302838877516914e-01,0.000000000000000000e+00,5.485000000000000142e+01,5.870000000000000284e+01,5.000000000000000000e+01,1.000000000000000000e+00
8.560000000000000000e+02,5.000000000000000000e+01,-1.151273868417051105e+01,6.205003986095913149e+01,-5.373011767886196610e-01,0.000000000000000000e+00,5.485000000000000142e+01,5.870000000000000284e+01,5.000000000000000000e+01,1.000000000000000000e+00
8.570000000000000000e+02,5.000000000000000000e+01,-1.141704838861375748e+01,6.183937885561284276e+01,-4.223304669990830540e-01,0.000000000000000000e+00,5.485000000000000142e+01,5.866799999999999926e+01,5.000000000000000000e+01,1.000000000000000000e+00
8.580000000000000000e+02,5.000000000000000000e+01,-1.160842897972724153e+01,6.219534585336083410e+01,-5.869168736335893533e-01,0.000000000000000000e+00,5.485000000000000142e+01,5.873199999999999932e+01,5.000000000000000000e+01,1.000000000000000000e+00
8.590000000000000000e+02,5.000000000000000000e+01,-1.199418048369035183e+01,6.292438285777988227e+01,-9.302023740895339898e-01,0.000000000000000000e+00,5.485000000000000142e+01,5.886099999999999710e+01,5.000000000000000000e+01,1.000000000000000000e+00
8.600000000000000000e+02,5.000000000000000000e+01,-1.160842897972724153e+01,6.212910951549017824e+01,-5.206805357629342712e-01,0.000000000000000000e+00,5.485000000000000142e+01,5.873199999999999932e+01,5.000000000000000000e+01,1.000000000000000000e+00
8.610000000000000000e+02,5.000000000000000711e+01,-1.151273868417051105e+01,6.191917415540633129e+01,-4.064354712358166366e-01,0.000000000000000000e+00,5.485000000000000142e+01,5.870000000000000284e+01,5.000000000000000000e+01,1.000000000000000000e+00
8.620000000000000000e+02,5.000000000000000000e+01,-1.151273868417051105e+01,6.190142947433673726e+01,-3.886907901662192133e-01,0.000000000000000000e+00,5.485000000000000142e+01,5.870000000000000284e+01,5.000000000000000000e+01,1.000000000000000000e+00
8.630000000000000000e+02,5.000000000000000000e+01,-1.189849018813361958e+01,6.263912088733904682e+01,-7.406306992054222382e-01,0.000000000000000000e+00,5.485000000000000142e+01,5.882900000000000063e+01,5.000000000000000000e+01,1.000000000000000000e+00
8.640000000000000000e+02,5.000000000000000000e+01,-1.170710959702013554e+01,6.223237983946231111e+01,-5.252702424421744620e-01,0.000000000000000000e+00,5.485000000000000142e+01,5.876500000000000057e+01,5.000000000000000000e+01,1.000000000000000000e+00
8.650000000000000000e+02,5.000000000000000000e+01,-1.189849018813361958e+01,6.258385256047048273e+01,-6.853623723368589271e-01,0.000000000000000000e+00,5.485000000000000142e+01,5.882900000000000063e+01,5.000000000000000000e+01,1.000000000000000000e+00
8.660000000000000000e+02,4.999999999999999289e+01,-1.209286110098324585e+01,6.293418586211921451e+01,-8.413247611359687683e-01,0.000000000000000000e+00,5.485000000000000142e+01,5.889399999999999835e+01,5.000000000000000000e+01,1.000000000000000000e+00
8.670000000000000000e+02,5.000000000000000000e+01,-1.218855139653999764e+01,6.308465704813609420e+01,-8.961056515960978963e-01,0.000000000000000000e+00,5.485000000000000142e+01,5.892600000000000193e+01,5.000000000000000000e+01,1.000000000000000000e+00
8.680000000000000000e+02,4.999999999999999289e+01,-1.209286110098324585e+01,6.285833089685053920e+01,-7.654697958672960212e-01,0.000000000000000000e+00,5.485000000000000142e+01,5.889399999999999835e+01,5.000000000000000000e+01,1.000000000000000000e+00
8.690000000000000000e+02,4.999999999999999289e+01,-1.209286110098324585e+01,6.282491103476326799e+01,-7.320499337800274731e-01,0.000000000000000000e+00,5.485000000000000142e+01,5.889399999999999835e+01,5.000000000000000000e+01,1.000000000000000000e+00
8.700000000000000000e+02,5.000000000000000000e+01,-1.199418048369035183e+01,6.259989735024205260e+01,-6.057168665516993178e-01,0.000000000000000000e+00,5.485000000000000142e+01,5.886099999999999710e+01,5.000000000000000000e+01,1.000000000000000000e+00
8.710000000000000000e+02,4.999999999999999289e+01,-1.209286110098324585e+01,6.276650509606603379e+01,-6.736439950827890488e-01,0.000000000000000000e+00,5.485000000000000142e+01,5.889399999999999835e+01,5.000000000000000000e+01,1.000000000000000000e+00
8.720000000000000000e+02,5.000000000000000000e+01,-1.209286110098324585e+01,6.273709428255891396e+01,-6.442331815756727753e-01,0.000000000000000000e+00,5.485000000000000142e+01,5.889399999999999835e+01,5.000000000000000000e+01,1.000000000000000000e+00
8.730000000000000000e+02,5.000000000000000000e+01,-1.189849018813361958e+01,6.232871179296899555e+01,-4.302216048353764144e-01,0.000000000000000000e+00,5.485000000000000142e+01,5.882900000000000063e+01,5.000000000000000000e+01,1.000000000000000000e+00
8.740000000000000000e+02,5.000000000000000000e+01,-1.189849018813361958e+01,6.230992862637224050e+01,-4.114384382386185868e-01,0.000000000000000000e+00,5.485000000000000142e+01,5.882900000000000063e+01,5.000000000000000000e+01,1.000000000000000000e+00
8.750000000000000000e+02,5.000000000000000000e+01,-1.199418048369035183e+01,6.247916834081697601e+01,-4.849878571266251215e-01,0.000000000000000000e+00,5.485000000000000142e+01,5.886099999999999710e+01,5.000000000000000000e+01,1.000000000000000000e+00
8.760000000000000000e+02,5.000000000000000000e+01,-1.160842897972724153e+01,6.170333274491057551e+01,-9.490376518333254463e-02,0.000000000000000000e+00,5.485000000000000142e+01,5.873199999999999932e+01,5.000000000000000000e+01,1.000000000000000000e+00
8.770000000000000000e+02,5.000000000000000000e+01,-1.170710959702013554e+01,6.189224222424810051e+01,-1.851326272279681662e-01,0.000000000000000000e+00,5.485000000000000142e+01,5.876500000000000057e+01,5.000000000000000000e+01,1.000000000000000000e+00
8.780000000000000000e+02,5.000000000000000711e+01,-1.180279989257686779e+01,6.207136228803432942e+01,-2.685623954574588024e-01,0.000000000000000000e+00,5.485000000000000142e+01,5.879699999999999704e+01,5.000000000000000000e+01,1.000000000000000000e+00
8.790000000000000000e+02,5.000000000000000000e+01,-1.132135809305702701e+01,6.111777285104179214e+01,2.035852420152377551e-01,0.000000000000000000e+00,5.485000000000000142e+01,5.863600000000000279e+01,5.000000000000000000e+01,1.000000000000000000e+00
8.800000000000000000e+02,5.000000000000000000e+01,-1.132135809305702701e+01,6.112666123664222084e+01,1.946968564148058300e-01,0.000000000000000000e+00,5.485000000000000142e+01,5.863600000000000279e+01,5.000000000000000000e+01,1.000000000000000000e+00
8.810000000000000000e+02,5.000000000000000000e+01,-1.141704838861375748e+01,6.132236438316868288e+01,9.468400544507786509e-02,0.000000000000000000e+00,5.485000000000000142e+01,5.866799999999999926e+01,5.000000000000000000e+01,1.000000000000000000e+00
8.820000000000000000e+02,5.000000000000000000e+01,-1.122566779750027521e+01,6.095209257598519059e+01,2.735752215150889510e-01,0.000000000000000000e+00,5.485000000000000142e+01,5.860399999999999920e+01,5.000000000000000000e+01,1.000000000000000000e+00
8.830000000000000000e+02,5.000000000000000711e+01,-1.122566779750027521e+01,6.096403667387499326e+01,2.616311236252836792e-01,0.000000000000000000e+00,5.485000000000000142e+01,5.860399999999999920e+01,5.000000000000000000e+01,1.000000000000000000e+00
8.840000000000000000e+02,5.000000000000000711e+01,-1.122566779750027521e+01,6.097545930102044309e+01,2.502084964798359512e-01,0.000000000000000000e+00,5.485000000000000142e+01,5.860399999999999920e+01,5.000000000000000000e+01,1.000000000000000000e+00
8.850000000000000000e+02,5.000000000000000000e+01,-1.112698718020738120e+01,6.079333031482509142e+01,3.336568653822846175e-01,0.000000000000000000e+00,5.485000000000000142e+01,5.857099999999999795e+01,5.000000000000000000e+01,1.000000000000000000e+00
8.860000000000000000e+02,5.000000000000000711e+01,-1.122566779750027521e+01,6.100095044381446741e+01,2.247173536858125265e-01,0.000000000000000000e+00,5.485000000000000142e+01,5.860399999999999920e+01,5.000000000000000000e+01,1.000000000000000000e+00
8.870000000000000000e+02,5.000000000000000711e+01,-1.122566779750027521e+01,6.101076144224881403e+01,2.149063552514630937e-01,0.000000000000000000e+00,5.485000000000000142e+01,5.860399999999999920e+01,5.000000000000000000e+01,1.000000000000000000e+00
8.880000000000000000e+02,5.000000000000000711e+01,-1.122566779750027521e+01,6.102014409953060436e+01,2.055236979696772048e-01,0.000000000000000000e+00,5.485000000000000142e+01,5.860399999999999920e+01,5.000000000000000000e+01,1.000000000000000000e+00
8.890000000000000000e+02,5.000000000000000000e+01,-1.122566779750027521e+01,6.102911711672722106e+01,1.965506807730550975e-01,0.000000000000000000e+00,5.485000000000000142e+01,5.860399999999999920e+01,5.000000000000000000e+01,1.000000000000000000e+00
8.900000000000000000e+02,5.000000000000000711e+01,-1.122566779750027521e+01,6.103769837843089618e+01,1.879694190693823042e-01,0.000000000000000000e+00,5.485000000000000142e+01,5.860399999999999920e+01,5.000000000000000000e+01,1.000000000000000000e+00
8.910000000000000000e+02,5.000000000000000000e+01,-1.122566779750027521e+01,6.104590498840536839e+01,1.797628090949087987e-01,0.000000000000000000e+00,5.485000000000000142e+01,5.860399999999999920e+01,5.000000000000000000e+01,1.000000000000000000e+00
8.920000000000000000e+02,5.000000000000000711e+01,-1.122566779750027521e+01,6.105375330367633779e+01,1.719144938239384746e-01,0.000000000000000000e+00,5.485000000000000142e+01,5.860399999999999920e+01,5.000000000000000000e+01,1.000000000000000000e+00
8.930000000000000000e+02,5.000000000000000000e+01,-1.122566779750027521e+01,6.106125896713349732e+01,1.644088303667814444e-01,0.000000000000000000e+00,5.485000000000000142e+01,5.860399999999999920e+01,5.000000000000000000e+01,1.000000000000000000e+00
8.940000000000000000e+02,5.000000000000000711e+01,-1.122566779750027521e+01,6.106843693870919054e+01,1.572308587910884459e-01,0.000000000000000000e+00,5.485000000000000142e+01,5.860399999999999920e+01,5.000000000000000000e+01,1.000000000000000000e+00
8.950000000000000000e+02,5.000000000000000000e+01,-1.122566779750027521e+01,6.107530152519585442e+01,1.503662723044232874e-01,0.000000000000000000e+00,5.485000000000000142e+01,5.860399999999999920e+01,5.000000000000000000e+01,1.000000000000000000e+00
8.960000000000000000e+02,5.000000000000000711e+01,-1.122566779750027521e+01,6.108186640876163409e+01,1.438013887386428713e-01,0.000000000000000000e+00,5.485000000000000142e+01,5.860399999999999920e+01,5.000000000000000000e+01,1.000000000000000000e+00
8.970000000000000000e+02,5.000000000000000000e+01,-1.122566779750027521e+01,6.108814467422102723e+01,1.375231232792487046e-01,0.000000000000000000e+00,5.485000000000000142e+01,5.860399999999999920e+01,5.000000000000000000e+01,1.000000000000000000e+00
8.980000000000000000e+02,5.000000000000000000e+01,-1.122566779750027521e+01,6.109414883511492178e+01,1.315189623853553758e-01,0.000000000000000000e+00,5.485000000000000142e+01,5.860399999999999920e+01,5.000000000000000000e+01,1.000000000000000000e+00
8.990000000000000000e+02,5.000000000000000000e+01,-1.112698718020738120e+01,6.090683794901698889e+01,2.201492311903932020e-01,0.000000000000000000e+00,5.485000000000000142e+01,5.857099999999999795e+01,5.000000000000000000e+01,1.000000000000000000e+00
9.000000000000000000e+02,5.000000000000000000e+01,-1.083991629353716490e+01,6.035484104210800638e+01,4.850752514291596373e-01,0.000000000000000000e+00,5.485000000000000142e+01,5.847500000000000142e+01,5.000000000000000000e+01,1.000000000000000000e+00
9.010000000000000000e+02,5.000000000000000711e+01,-1.122566779750027521e+01,6.113068045358695457e+01,9.498734391332103177e-02,0.000000000000000000e+00,5.485000000000000142e+01,5.860399999999999920e+01,5.000000000000000000e+01,1.000000000000000000e+00
9.020000000000000000e+02,5.000000000000000000e+01,-1.122566779750027521e+01,6.113482753287181026e+01,9.084026462847166750e-02,0.000000000000000000e+00,5.485000000000000142e+01,5.860399999999999920e+01,5.000000000000000000e+01,1.000000000000000000e+00
9.030000000000000000e+02,5.000000000000000000e+01,-1.141704838861375748e+01,6.151319919657893109e+01,-9.615080796517168349e-02,0.000000000000000000e+00,5.485000000000000142e+01,5.866799999999999926e+01,5.000000000000000000e+01,1.000000000000000000e+00
9.040000000000000000e+02,5.000000000000000000e+01,-1.122566779750027521e+01,6.113459567835987230e+01,9.107211914040559686e-02,0.000000000000000000e+00,5.485000000000000142e+01,5.860399999999999920e+01,5.000000000000000000e+01,1.000000000000000000e+00
9.050000000000000000e+02,5.000000000000000000e+01,-1.122566779750027521e+01,6.113857182174018590e+01,8.709597576009213415e-02,0.000000000000000000e+00,5.485000000000000142e+01,5.860399999999999920e+01,5.000000000000000000e+01,1.000000000000000000e+00
9.060000000000000000e+02,5.000000000000000711e+01,-1.122566779750027521e+01,6.114237436955327354e+01,8.329342794700640706e-02,0.000000000000000000e+00,5.485000000000000142e+01,5.860399999999999920e+01,5.000000000000000000e+01,1.000000000000000000e+00
9.070000000000000000e+02,5.000000000000000711e+01,-1.122566779750027521e+01,6.114601090085704271e+01,7.965689664323255537e-02,0.000000000000000000e+00,5.485000000000000142e+01,5.860399999999999920e+01,5.000000000000000000e+01,1.000000000000000000e+00
9.080000000000000000e+02,5.000000000000000711e+01,-1.122566779750027521e+01,6.114948866381319448e+01,7.617913368708562061e-02,0.000000000000000000e+00,5.485000000000000142e+01,5.860399999999999920e+01,5.000000000000000000e+01,1.000000000000000000e+00
9.090000000000000000e+02,5.000000000000000000e+01,-1.151273868417051105e+01,6.171442305452656285e+01,-2.016843703560497192e-01,0.000000000000000000e+00,5.485000000000000142e+01,5.870000000000000284e+01,5.000000000000000000e+01,1.000000000000000000e+00
9.100000000000000000e+02,5.000000000000000711e+01,-1.122566779750027521e+01,6.114400919522625344e+01,8.165860227402635396e-02,0.000000000000000000e+00,5.485000000000000142e+01,5.860399999999999920e+01,5.000000000000000000e+01,1.000000000000000000e+00
9.110000000000000000e+02,5.000000000000000000e+01,-1.132135809305702701e+01,6.133477717267832929e+01,-1.341907962129723630e-02,0.000000000000000000e+00,5.485000000000000142e+01,5.863600000000000279e+01,5.000000000000000000e+01,1.000000000000000000e+00
9.120000000000000000e+02,5.000000000000000000e+01,-1.122566779750027521e+01,6.114698848382558083e+01,7.867931367470112902e-02,0.000000000000000000e+00,5.485000000000000142e+01,5.860399999999999920e+01,5.000000000000000000e+01,1.000000000000000000e+00
9.130000000000000000e+02,5.000000000000000000e+01,-1.141704838861375748e+01,6.152482920913915621e+01,-1.077808205253971696e-01,0.000000000000000000e+00,5.485000000000000142e+01,5.866799999999999926e+01,5.000000000000000000e+01,1.000000000000000000e+00
9.140000000000000000e+02,5.000000000000000000e+01,-1.132135809305702701e+01,6.133292075438013313e+01,-1.156266132310203310e-02,0.000000000000000000e+00,5.485000000000000142e+01,5.863600000000000279e+01,5.000000000000000000e+01,1.000000000000000000e+00
9.150000000000000000e+02,5.000000000000000000e+01,-1.151273868417051105e+01,6.170682157981106286e+01,-1.940828956405507844e-01,0.000000000000000000e+00,5.485000000000000142e+01,5.870000000000000284e+01,5.000000000000000000e+01,1.000000000000000000e+00
9.160000000000000000e+02,5.000000000000000000e+01,-1.122566779750027521e+01,6.113673959544301795e+01,8.892820205726359450e-02,0.000000000000000000e+00,5.485000000000000142e+01,5.860399999999999920e+01,5.000000000000000000e+01,1.000000000000000000e+00
9.170000000000000000e+02,5.000000000000000000e+01,-1.132135809305702701e+01,6.132782495840591963e+01,-6.466865348888878318e-03,0.000000000000000000e+00,5.485000000000000142e+01,5.863600000000000279e+01,5.000000000000000000e+01,1.000000000000000000e+00
9.180000000000000000e+02,5.000000000000000711e+01,-1.122566779750027521e+01,6.114033979824031206e+01,8.532799925996933932e-02,0.000000000000000000e+00,5.485000000000000142e+01,5.860399999999999920e+01,5.000000000000000000e+01,1.000000000000000000e+00
9.190000000000000000e+02,5.000000000000000000e+01,-1.122566779750027521e+01,6.114406515746786397e+01,8.160264003241191055e-02,0.000000000000000000e+00,5.485000000000000142e+01,5.860399999999999920e+01,5.000000000000000000e+01,1.000000000000000000e+00
9.200000000000000000e+02,5.000000000000000000e+01,-1.132135809305702701e+01,6.133483069164861945e+01,-1.347259859159392892e-02,0.000000000000000000e+00,5.485000000000000142e+01,5.863600000000000279e+01,5.000000000000000000e+01,1.000000000000000000e+00
9.210000000000000000e+02,5.000000000000000711e+01,-1.122566779750027521e+01,6.114703966619602937e+01,7.862813130424942121e-02,0.000000000000000000e+00,5.485000000000000142e+01,5.860399999999999920e+01,5.000000000000000000e+01,1.000000000000000000e+00
9.220000000000000000e+02,5.000000000000000000e+01,-1.151273868417051105e+01,6.171208097838828621e+01,-1.993422942177731638e-01,0.000000000000000000e+00,5.485000000000000142e+01,5.870000000000000284e+01,5.000000000000000000e+01,1.000000000000000000e+00
9.230000000000000000e+02,5.000000000000000000e+01,-1.151273868417051105e+01,6.170337783684450983e+01,-1.906391526739980857e-01,0.000000000000000000e+00,5.485000000000000142e+01,5.870000000000000284e+01,5.000000000000000000e+01,1.000000000000000000e+00
9.240000000000000000e+02,5.000000000000000000e+01,-1.132135809305702701e+01,6.132064902528784955e+01,7.090677691764246671e-04,0.000000000000000000e+00,5.485000000000000142e+01,5.863600000000000279e+01,5.000000000000000000e+01,1.000000000000000000e+00
9.250000000000000000e+02,5.000000000000000000e+01,-1.132135809305702701e+01,6.132067998267792319e+01,6.781103791078144745e-04,0.000000000000000000e+00,5.485000000000000142e+01,5.863600000000000279e+01,5.000000000000000000e+01,1.000000000000000000e+00
9.260000000000000000e+02,5.000000000000000000e+01,-1.141704838861375748e+01,6.150791240995475562e+01,-9.086402134099752503e-02,0.000000000000000000e+00,5.485000000000000142e+01,5.866799999999999926e+01,5.000000000000000000e+01,1.000000000000000000e+00
9.270000000000000000e+02,5.000000000000000000e+01,-1.160842897972724153e+01,6.187835099490352064e+01,-2.699220151762753428e-01,0.000000000000000000e+00,5.485000000000000142e+01,5.873199999999999932e+01,5.000000000000000000e+01,1.000000000000000000e+00
9.280000000000000000e+02,5.000000000000000711e+01,-1.122566779750027521e+01,6.111775510752449492e+01,1.079126899757822944e-01,0.000000000000000000e+00,5.485000000000000142e+01,5.860399999999999920e+01,5.000000000000000000e+01,1.000000000000000000e+00
9.290000000000000000e+02,5.000000000000000000e+01,-1.141704838861375748e+01,6.149687214107336075e+01,-7.982375245960099397e-02,0.000000000000000000e+00,5.485000000000000142e+01,5.866799999999999926e+01,5.000000000000000000e+01,1.000000000000000000e+00
9.300000000000000000e+02,5.000000000000000000e+01,-1.132135809305702701e+01,6.130618427184777630e+01,1.517382120925100941e-02,0.000000000000000000e+00,5.485000000000000142e+01,5.863600000000000279e+01,5.000000000000000000e+01,1.000000000000000000e+00
9.310000000000000000e+02,5.000000000000000000e+01,-1.160842897972724153e+01,6.186845521438770135e+01,-2.600262346604583219e-01,0.000000000000000000e+00,5.485000000000000142e+01,5.873199999999999932e+01,5.000000000000000000e+01,1.000000000000000000e+00
9.320000000000000000e+02,5.000000000000000000e+01,-1.132135809305702701e+01,6.129549419115033970e+01,2.586390190669091149e-02,0.000000000000000000e+00,5.485000000000000142e+01,5.863600000000000279e+01,5.000000000000000000e+01,1.000000000000000000e+00
9.330000000000000000e+02,5.000000000000000000e+01,-1.151273868417051105e+01,6.167102903347951326e+01,-1.582903493089986846e-01,0.000000000000000000e+00,5.485000000000000142e+01,5.870000000000000284e+01,5.000000000000000000e+01,1.000000000000000000e+00
9.340000000000000000e+02,5.000000000000000000e+01,-1.132135809305702701e+01,6.128971254746852537e+01,3.164554558850027344e-02,0.000000000000000000e+00,5.485000000000000142e+01,5.863600000000000279e+01,5.000000000000000000e+01,1.000000000000000000e+00
9.350000000000000000e+02,5.000000000000000000e+01,-1.132135809305702701e+01,6.129109416928424992e+01,3.026392377278150358e-02,0.000000000000000000e+00,5.485000000000000142e+01,5.863600000000000279e+01,5.000000000000000000e+01,1.000000000000000000e+00
9.360000000000000000e+02,5.000000000000000000e+01,-1.122566779750027521e+01,6.110521264901851168e+01,1.204551484817636825e-01,0.000000000000000000e+00,5.485000000000000142e+01,5.860399999999999920e+01,5.000000000000000000e+01,1.000000000000000000e+00
9.370000000000000000e+02,5.000000000000000711e+01,-1.122566779750027521e+01,6.111047163437847729e+01,1.151961631217980342e-01,0.000000000000000000e+00,5.485000000000000142e+01,5.860399999999999920e+01,5.000000000000000000e+01,1.000000000000000000e+00
9.380000000000000000e+02,5.000000000000000000e+01,-1.132135809305702701e+01,6.130270383767503262e+01,1.865425538199681765e-02,0.000000000000000000e+00,5.485000000000000142e+01,5.863600000000000279e+01,5.000000000000000000e+01,1.000000000000000000e+00
9.390000000000000000e+02,5.000000000000000000e+01,-1.132135809305702701e+01,6.130351826908117374e+01,1.783982397585535257e-02,0.000000000000000000e+00,5.485000000000000142e+01,5.863600000000000279e+01,5.000000000000000000e+01,1.000000000000000000e+00
9.400000000000000000e+02,5.000000000000000000e+01,-1.122566779750027521e+01,6.111709432153220689e+01,1.085734759680738182e-01,0.000000000000000000e+00,5.485000000000000142e+01,5.860399999999999920e+01,5.000000000000000000e+01,1.000000000000000000e+00
9.410000000000000000e+02,5.000000000000000711e+01,-1.122566779750027521e+01,6.112183456159494455e+01,1.038332359053327353e-01,0.000000000000000000e+00,5.485000000000000142e+01,5.860399999999999920e+01,5.000000000000000000e+01,1.000000000000000000e+00
9.420000000000000000e+02,5.000000000000000711e+01,-1.122566779750027521e+01,6.112636784617752284e+01,9.929995132275903913e-02,0.000000000000000000e+00,5.485000000000000142e+01,5.860399999999999920e+01,5.000000000000000000e+01,1.000000000000000000e+00
9.430000000000000000e+02,5.000000000000000000e+01,-1.122566779750027521e+01,6.113070321080770952e+01,9.496458669257262786e-02,0.000000000000000000e+00,5.485000000000000142e+01,5.860399999999999920e+01,5.000000000000000000e+01,1.000000000000000000e+00
9.440000000000000000e+02,5.000000000000000000e+01,-1.122566779750027521e+01,6.113484929652862832e+01,9.081850097165354574e-02,0.000000000000000000e+00,5.485000000000000142e+01,5.860399999999999920e+01,5.000000000000000000e+01,1.000000000000000000e+00
9.450000000000000000e+02,5.000000000000000000e+01,-1.141704838861375748e+01,6.151322001005010520e+01,-9.617162143634785942e-02,0.000000000000000000e+00,5.485000000000000142e+01,5.866799999999999926e+01,5.000000000000000000e+01,1.000000000000000000e+00
9.460000000000000000e+02,5.000000000000000000e+01,-1.122566779750027521e+01,6.113461558312982902e+01,9.105221437044797028e-02,0.000000000000000000e+00,5.485000000000000142e+01,5.860399999999999920e+01,5.000000000000000000e+01,1.000000000000000000e+00
9.470000000000000000e+02,5.000000000000000000e+01,-1.122566779750027521e+01,6.113859085748217126e+01,8.707694001810981077e-02,0.000000000000000000e+00,5.485000000000000142e+01,5.860399999999999920e+01,5.000000000000000000e+01,1.000000000000000000e+00
9.480000000000000000e+02,5.000000000000000000e+01,-1.122566779750027521e+01,6.114239257420841511e+01,8.327522329186148875e-02,0.000000000000000000e+00,5.485000000000000142e+01,5.860399999999999920e+01,5.000000000000000000e+01,1.000000000000000000e+00
9.490000000000000000e+02,5.000000000000000000e+01,-1.141704838861375748e+01,6.152043395363845946e+01,-1.033855650247026553e-01,0.000000000000000000e+00,5.485000000000000142e+01,5.866799999999999926e+01,5.000000000000000000e+01,1.000000000000000000e+00
9.500000000000000000e+02,5.000000000000000711e+01,-1.122566779750027521e+01,6.114151457111689325e+01,8.415322638338505745e-02,0.000000000000000000e+00,5.485000000000000142e+01,5.860399999999999920e+01,5.000000000000000000e+01,1.000000000000000000e+00
9.510000000000000000e+02,5.000000000000000000e+01,-1.132135809305702701e+01,6.133239146206776837e+01,-1.103336901073946608e-02,0.000000000000000000e+00,5.485000000000000142e+01,5.863600000000000279e+01,5.000000000000000000e+01,1.000000000000000000e+00
9.520000000000000000e+02,5.000000000000000000e+01,-1.122566779750027521e+01,6.114470693162860471e+01,8.096086587167362902e-02,0.000000000000000000e+00,5.485000000000000142e+01,5.860399999999999920e+01,5.000000000000000000e+01,1.000000000000000000e+00
9.530000000000000000e+02,5.000000000000000000e+01,-1.122566779750027521e+01,6.114824162494571169e+01,7.742617255456951675e-02,0.000000000000000000e+00,5.485000000000000142e+01,5.860399999999999920e+01,5.000000000000000000e+01,1.000000000000000000e+00
9.540000000000000000e+02,5.000000000000000000e+01,-1.132135809305702701e+01,6.133882481755286875e+01,-1.746672449583665243e-02,0.000000000000000000e+00,5.485000000000000142e+01,5.863600000000000279e+01,5.000000000000000000e+01,1.000000000000000000e+00
9.550000000000000000e+02,5.000000000000000000e+01,-1.122566779750027521e+01,6.115085941142895365e+01,7.480838607132729579e-02,0.000000000000000000e+00,5.485000000000000142e+01,5.860399999999999920e+01,5.000000000000000000e+01,1.000000000000000000e+00
9.560000000000000000e+02,5.000000000000000000e+01,-1.141704838861375748e+01,6.152853113482063208e+01,-1.114827462068754688e-01,0.000000000000000000e+00,5.485000000000000142e+01,5.866799999999999926e+01,5.000000000000000000e+01,1.000000000000000000e+00
9.570000000000000000e+02,5.000000000000000000e+01,-1.141704838861375748e+01,6.152366387810657500e+01,-1.066154894928174196e-01,0.000000000000000000e+00,5.485000000000000142e+01,5.866799999999999926e+01,5.000000000000000000e+01,1.000000000000000000e+00
9.580000000000000000e+02,5.000000000000000711e+01,-1.122566779750027521e+01,6.114460347940009655e+01,8.106431810017981909e-02,0.000000000000000000e+00,5.485000000000000142e+01,5.860399999999999920e+01,5.000000000000000000e+01,1.000000000000000000e+00
9.590000000000000000e+02,5.000000000000000000e+01,-1.132135809305702701e+01,6.133534551083152309e+01,-1.398741777449367951e-02,0.000000000000000000e+00,5.485000000000000142e+01,5.863600000000000279e+01,5.000000000000000000e+01,1.000000000000000000e+00
9.600000000000000000e+02,5.000000000000000000e+01,-1.122566779750027521e+01,6.114753200874277184e+01,7.813578875750863684e-02,0.000000000000000000e+00,5.485000000000000142e+01,5.860399999999999920e+01,5.000000000000000000e+01,1.000000000000000000e+00
9.610000000000000000e+02,5.000000000000000000e+01,-1.132135809305702701e+01,6.133814618268421981e+01,-1.678808962719074982e-02,0.000000000000000000e+00,5.485000000000000142e+01,5.863600000000000279e+01,5.000000000000000000e+01,1.000000000000000000e+00
9.620000000000000000e+02,5.000000000000000711e+01,-1.122566779750027521e+01,6.115021040527177121e+01,7.545739222850711414e-02,0.000000000000000000e+00,5.485000000000000142e+01,5.860399999999999920e+01,5.000000000000000000e+01,1.000000000000000000e+00
9.630000000000000000e+02,5.000000000000000000e+01,-1.141704838861375748e+01,6.152791046380663431e+01,-1.108620751928767884e-01,0.000000000000000000e+00,5.485000000000000142e+01,5.866799999999999926e+01,5.000000000000000000e+01,1.000000000000000000e+00
9.640000000000000000e+02,5.000000000000000000e+01,-1.122566779750027521e+01,6.114866466221528185e+01,7.700313528499451443e-02,0.000000000000000000e+00,5.485000000000000142e+01,5.860399999999999920e+01,5.000000000000000000e+01,1.000000000000000000e+00
9.650000000000000000e+02,5.000000000000000000e+01,-1.122566779750027521e+01,6.115202656385451974e+01,7.364123364575865527e-02,0.000000000000000000e+00,5.485000000000000142e+01,5.860399999999999920e+01,5.000000000000000000e+01,1.000000000000000000e+00
9.660000000000000000e+02,5.000000000000000711e+01,-1.122566779750027521e+01,6.115524168728024534e+01,7.042611022003404664e-02,0.000000000000000000e+00,5.485000000000000142e+01,5.860399999999999920e+01,5.000000000000000000e+01,1.000000000000000000e+00
9.670000000000000000e+02,5.000000000000000000e+01,-1.141704838861375748e+01,6.153272208365240203e+01,-1.156736950386451634e-01,0.000000000000000000e+00,5.485000000000000142e+01,5.866799999999999926e+01,5.000000000000000000e+01,1.000000000000000000e+00
9.680000000000000000e+02,5.000000000000000711e+01,-1.122566779750027521e+01,6.115326621019077180e+01,7.240158730950777000e-02,0.000000000000000000e+00,5.485000000000000142e+01,5.860399999999999920e+01,5.000000000000000000e+01,1.000000000000000000e+00
9.690000000000000000e+02,5.000000000000000000e+01,-1.132135809305702701e+01,6.134363003301110950e+01,-2.227193995407954208e-02,0.000000000000000000e+00,5.485000000000000142e+01,5.863600000000000279e+01,5.000000000000000000e+01,1.000000000000000000e+00
9.700000000000000000e+02,5.000000000000000000e+01,-1.122566779750027521e+01,6.115545483462787502e+01,7.021296287240161305e-02,0.000000000000000000e+00,5.485000000000000142e+01,5.860399999999999920e+01,5.000000000000000000e+01,1.000000000000000000e+00
9.710000000000000000e+02,5.000000000000000000e+01,-1.122566779750027521e+01,6.115852028221131320e+01,6.714751528896624466e-02,0.000000000000000000e+00,5.485000000000000142e+01,5.860399999999999920e+01,5.000000000000000000e+01,1.000000000000000000e+00
9.720000000000000000e+02,5.000000000000000711e+01,-1.122566779750027521e+01,6.116145189455261999e+01,6.421590294766225948e-02,0.000000000000000000e+00,5.485000000000000142e+01,5.860399999999999920e+01,5.000000000000000000e+01,1.000000000000000000e+00
9.730000000000000000e+02,5.000000000000000711e+01,-1.122566779750027521e+01,6.116425551480244138e+01,6.141228269784074212e-02,0.000000000000000000e+00,5.485000000000000142e+01,5.860399999999999920e+01,5.000000000000000000e+01,1.000000000000000000e+00
9.740000000000000000e+02,5.000000000000000000e+01,-1.103129688465064895e+01,6.078668099990445484e+01,2.446158847461927799e-01,0.000000000000000000e+00,5.485000000000000142e+01,5.853900000000000148e+01,5.000000000000000000e+01,1.000000000000000000e+00
9.750000000000000000e+02,5.000000000000000000e+01,-1.122566779750027521e+01,6.117761648502754213e+01,4.805131247273705664e-02,0.000000000000000000e+00,5.485000000000000142e+01,5.860399999999999920e+01,5.000000000000000000e+01,1.000000000000000000e+00
9.760000000000000000e+02,5.000000000000000000e+01,-1.112698718020738120e+01,6.098666146121981058e+01,1.403257189875686262e-01,0.000000000000000000e+00,5.485000000000000142e+01,5.857099999999999795e+01,5.000000000000000000e+01,1.000000000000000000e+00
9.770000000000000000e+02,5.000000000000000711e+01,-1.122566779750027521e+01,6.118584089106655455e+01,3.982690643372478745e-02,0.000000000000000000e+00,5.485000000000000142e+01,5.860399999999999920e+01,5.000000000000000000e+01,1.000000000000000000e+00
9.780000000000000000e+02,5.000000000000000000e+01,-1.122566779750027521e+01,6.118757970522690925e+01,3.808809227337040665e-02,0.000000000000000000e+00,5.485000000000000142e+01,5.860399999999999920e+01,5.000000000000000000e+01,1.000000000000000000e+00
9.790000000000000000e+02,5.000000000000000711e+01,-1.122566779750027521e+01,6.118924260400856241e+01,3.642519349171309540e-02,0.000000000000000000e+00,5.485000000000000142e+01,5.860399999999999920e+01,5.000000000000000000e+01,1.000000000000000000e+00
9.800000000000000000e+02,5.000000000000000711e+01,-1.122566779750027521e+01,6.119083290182249613e+01,3.483489567778581125e-02,0.000000000000000000e+00,5.485000000000000142e+01,5.860399999999999920e+01,5.000000000000000000e+01,1.000000000000000000e+00
9.810000000000000000e+02,5.000000000000000000e+01,-1.132135809305702701e+01,6.137955658983909757e+01,-5.819849678207013322e-02,0.000000000000000000e+00,5.485000000000000142e+01,5.863600000000000279e+01,5.000000000000000000e+01,1.000000000000000000e+00
9.820000000000000000e+02,5.000000000000000000e+01,-1.122566779750027521e+01,6.118981286376092044e+01,3.585493373935617900e-02,0.000000000000000000e+00,5.485000000000000142e+01,5.860399999999999920e+01,5.000000000000000000e+01,1.000000000000000000e+00
9.830000000000000000e+02,5.000000000000000000e+01,-1.141704838861375748e+01,6.156578390737165307e+01,-1.487355187578991433e-01,0.000000000000000000e+00,5.485000000000000142e+01,5.866799999999999926e+01,5.000000000000000000e+01,1.000000000000000000e+00
9.840000000000000000e+02,5.000000000000000000e+01,-1.122566779750027521e+01,6.118488457840724948e+01,4.078321909302662363e-02,0.000000000000000000e+00,5.485000000000000142e+01,5.860399999999999920e+01,5.000000000000000000e+01,1.000000000000000000e+00
9.850000000000000000e+02,5.000000000000000000e+01,-1.170710959702013554e+01,6.212852933998409100e+01,-4.214197429639529591e-01,0.000000000000000000e+00,5.485000000000000142e+01,5.876500000000000057e+01,5.000000000000000000e+01,1.000000000000000000e+00
9.860000000000000000e+02,5.000000000000000000e+01,-1.132135809305702701e+01,6.135546908233392571e+01,-3.411098927689715232e-02,0.000000000000000000e+00,5.485000000000000142e+01,5.863600000000000279e+01,5.000000000000000000e+01,1.000000000000000000e+00
9.870000000000000000e+02,5.000000000000000000e+01,-1.132135809305702701e+01,6.135397982101564907e+01,-3.262172795862061658e-02,0.000000000000000000e+00,5.485000000000000142e+01,5.863600000000000279e+01,5.000000000000000000e+01,1.000000000000000000e+00
9.880000000000000000e+02,5.000000000000000000e+01,-1.141704838861375748e+01,6.153975840124223851e+01,-1.227100126284784570e-01,0.000000000000000000e+00,5.485000000000000142e+01,5.866799999999999926e+01,5.000000000000000000e+01,1.000000000000000000e+00
9.890000000000000000e+02,5.000000000000000000e+01,-1.151273868417051105e+01,6.172160379159566901e+01,-2.088651074251572370e-01,0.000000000000000000e+00,5.485000000000000142e+01,5.870000000000000284e+01,5.000000000000000000e+01,1.000000000000000000e+00
9.900000000000000000e+02,5.000000000000000000e+01,-1.160842897972724153e+01,6.189968771232378231e+01,-2.912587325965403373e-01,0.000000000000000000e+00,5.485000000000000142e+01,5.873199999999999932e+01,5.000000000000000000e+01,1.000000000000000000e+00
9.910000000000000000e+02,5.000000000000000000e+01,-1.141704838861375748e+01,6.151256592209906415e+01,-9.551753348530453436e-02,0.000000000000000000e+00,5.485000000000000142e+01,5.866799999999999926e+01,5.000000000000000000e+01,1.000000000000000000e+00
9.920000000000000000e+02,5.000000000000000000e+01,-1.132135809305702701e+01,6.132119287365368621e+01,1.652194033396059414e-04,0.000000000000000000e+00,5.485000000000000142e+01,5.863600000000000279e+01,5.000000000000000000e+01,1.000000000000000000e+00
9.930000000000000000e+02,5.000000000000000000e+01,-1.180279989257686779e+01,6.226306428250616420e+01,-4.602643899292943042e-01,0.000000000000000000e+00,5.485000000000000142e+01,5.879699999999999704e+01,5.000000000000000000e+01,1.000000000000000000e+00
9.940000000000000000e+02,5.000000000000000000e+01,-1.151273868417051105e+01,6.167551091690354781e+01,-1.627722327330302088e-01,0.000000000000000000e+00,5.485000000000000142e+01,5.870000000000000284e+01,5.000000000000000000e+01,1.000000000000000000e+00
9.950000000000000000e+02,5.000000000000000711e+01,-1.151273868417051105e+01,6.166840439800633789e+01,-1.556657138358198966e-01,0.000000000000000000e+00,5.485000000000000142e+01,5.870000000000000284e+01,5.000000000000000000e+01,1.000000000000000000e+00
9.960000000000000000e+02,5.000000000000000000e+01,-1.160842897972724153e+01,6.184881096608967965e+01,-2.403819863624360731e-01,0.000000000000000000e+00,5.485000000000000142e+01,5.873199999999999932e+01,5.000000000000000000e+01,1.000000000000000000e+00
9.970000000000000000e+02,5.000000000000000000e+01,-1.160842897972724153e+01,6.183831606103154854e+01,-2.298870813043023265e-01,0.000000000000000000e+00,5.485000000000000142e+01,5.873199999999999932e+01,5.000000000000000000e+01,1.000000000000000000e+00
9.980000000000000000e+02,5.000000000000000711e+01,-1.151273868417051105e+01,6.164107653453428526e+01,-1.283378503637690460e-01,0.000000000000000000e+00,5.485000000000000142e+01,5.870000000000000284e+01,5.000000000000000000e+01,1.000000000000000000e+00
9.990000000000000000e+02,5.000000000000000000e+01,-1.132135809305702701e+01,6.126106775313728292e+01,6.029033991974906692e-02,0.000000000000000000e+00,5.485000000000000142e+01,5.863600000000000279e+01,5.000000000000000000e+01,1.000000000000000000e+00
1.000000000000000000e+03,5.000000000000000000e+01,-1.151273868417051105e+01,6.163810562905023005e+01,-1.253669448797133934e-01,0.000000000000000000e+00,5.485000000000000142e+01,5.870000000000000284e+01,6.000000000000000000e+01,1.000000000000000000e+00
1.001000000000000000e+03,5.000000000000000000e+01,-1.199418048369035183e+01,6.257449639367544592e+01,-5.803159099850951907e-01,0.000000000000000000e+00,5.485000000000000142e+01,5.886099999999999710e+01,6.000000000000000000e+01,1.000000000000000000e+00
1.002000000000000000e+03,5.000000000000000000e+01,-1.160842897972724153e+01,6.179449884337609689e+01,-1.860698636488558599e-01,0.000000000000000000e+00,5.485000000000000142e+01,5.873199999999999932e+01,6.000000000000000000e+01,1.000000000000000000e+00
1.003000000000000000e+03,5.000000000000000000e+01,-1.141704838861375748e+01,6.141196952369995898e+01,5.078864913800884562e-03,0.000000000000000000e+00,5.485000000000000142e+01,5.866799999999999926e+01,6.000000000000000000e+01,1.000000000000000000e+00
1.004000000000000000e+03,5.000000000000000000e+01,-1.170710959702013554e+01,6.197964981586162025e+01,-2.725402188414826621e-01,0.000000000000000000e+00,5.485000000000000142e+01,5.876500000000000057e+01,6.000000000000000000e+01,1.000000000000000000e+00
1.005000000000000000e+03,5.000000000000000711e+01,-1.180279989257686779e+01,6.215495372691017195e+01,-3.521538343333016630e-01,0.000000000000000000e+00,5.485000000000000142e+01,5.879699999999999704e+01,6.000000000000000000e+01,1.000000000000000000e+00
1.006000000000000000e+03,5.000000000000000000e+01,-1.141704838861375748e+01,6.138491756913472841e+01,3.213081947903223545e-02,0.000000000000000000e+00,5.485000000000000142e+01,5.866799999999999926e+01,6.000000000000000000e+01,1.000000000000000000e+00
1.007000000000000000e+03,5.000000000000000000e+01,-1.141704838861375748e+01,6.138632037766033278e+01,3.072801095342146335e-02,0.000000000000000000e+00,5.485000000000000142e+01,5.866799999999999926e+01,6.000000000000000000e+01,1.000000000000000000e+00
1.008000000000000000e+03,5.000000000000000000e+01,-1.160842897972724153e+01,6.176206758350064518e+01,-1.536386037734044363e-01,0.000000000000000000e+00,5.485000000000000142e+01,5.873199999999999932e+01,6.000000000000000000e+01,1.000000000000000000e+00
1.009000000000000000e+03,5.000000000000000000e+01,-1.170710959702013554e+01,6.194841274192571490e+01,-2.413031449055811350e-01,0.000000000000000000e+00,5.485000000000000142e+01,5.876500000000000057e+01,6.000000000000000000e+01,1.000000000000000000e+00
1.010000000000000000e+03,5.000000000000000000e+01,-1.132135809305702701e+01,6.118321624571883888e+01,1.381418473381919032e-01,0.000000000000000000e+00,5.485000000000000142e+01,5.863600000000000279e+01,6.000000000000000000e+01,1.000000000000000000e+00
1.011000000000000000e+03,5.000000000000000711e+01,-1.180279989257686779e+01,6.213111161515309533e+01,-3.283117225762237634e-01,0.000000000000000000e+00,5.485000000000000142e+01,5.879699999999999704e+01,6.000000000000000000e+01,1.000000000000000000e+00
1.012000000000000000e+03,5.000000000000000711e+01,-1.151273868417051105e+01,6.154931920833525538e+01,-3.658052416474150137e-02,0.000000000000000000e+00,5.485000000000000142e+01,5.870000000000000284e+01,6.000000000000000000e+01,1.000000000000000000e+00
1.013000000000000000e+03,5.000000000000000000e+01,-1.160842897972724153e+01,6.173492495035979744e+01,-1.264959706325508026e-01,0.000000000000000000e+00,5.485000000000000142e+01,5.873199999999999932e+01,6.000000000000000000e+01,1.000000000000000000e+00
1.014000000000000000e+03,5.000000000000000000e+01,-1.199418048369035183e+01,6.248406360106648094e+01,-4.898831173761276636e-01,0.000000000000000000e+00,5.485000000000000142e+01,5.886099999999999710e+01,6.000000000000000000e+01,1.000000000000000000e+00
1.015000000000000000e+03,5.000000000000000000e+01,-1.170710959702013554e+01,6.190106719124477053e+01,-1.939575942246345441e-01,0.000000000000000000e+00,5.485000000000000142e+01,5.876500000000000057e+01,6.000000000000000000e+01,1.000000000000000000e+00
1.016000000000000000e+03,5.000000000000000000e+01,-1.160842897972724153e+01,6.169954623220435508e+01,-9.111725247710968090e-02,0.000000000000000000e+00,5.485000000000000142e+01,5.873199999999999932e+01,6.000000000000000000e+01,1.000000000000000000e+00
1.017000000000000000e+03,5.000000000000000000e+01,-1.189849018813361958e+01,6.226302667089839105e+01,-3.645364827647689099e-01,0.000000000000000000e+00,5.485000000000000142e+01,5.882900000000000063e+01,6.000000000000000000e+01,1.000000000000000000e+00
1.018000000000000000e+03,5.000000000000000000e+01,-1.199418048369035183e+01,6.243431409106845109e+01,-4.401336073780984237e-01,0.000000000000000000e+00,5.485000000000000142e+01,5.886099999999999710e+01,6.000000000000000000e+01,1.000000000000000000e+00
1.019000000000000000e+03,5.000000000000000000e+01,-1.189849018813361958e+01,6.222789535208801937e+01,-3.294051639543965626e-01,0.000000000000000000e+00,5.485000000000000142e+01,5.882900000000000063e+01,6.000000000000000000e+01,1.000000000000000000e+00
1.020000000000000000e+03,5.000000000000000000e+01,-1.218855139653999764e+01,6.278097231153097368e+01,-5.924209149909753780e-01,0.000000000000000000e+00,5.485000000000000142e+01,5.892600000000000193e+01,6.000000000000000000e+01,1.000000000000000000e+00
1.021000000000000000e+03,5.000000000000000000e+01,-1.199418048369035183e+01,6.237485190832644122e+01,-3.806714246360888287e-01,0.000000000000000000e+00,5.485000000000000142e+01,5.886099999999999710e+01,6.000000000000000000e+01,1.000000000000000000e+00
1.022000000000000000e+03,4.999999999999999289e+01,-1.209286110098324585e+01,6.255128497668149379e+01,-4.584238756982481067e-01,0.000000000000000000e+00,5.485000000000000142e+01,5.889399999999999835e+01,6.000000000000000000e+01,1.000000000000000000e+00
1.023000000000000000e+03,5.000000000000000000e+01,-1.237993198765348168e+01,6.309287898356579660e+01,-7.129469959123211353e-01,0.000000000000000000e+00,5.485000000000000142e+01,5.899000000000000199e+01,6.000000000000000000e+01,1.000000000000000000e+00
1.024000000000000000e+03,5.000000000000000000e+01,-1.218855139653999764e+01,6.268734658631267109e+01,-4.987951897726712325e-01,0.000000000000000000e+00,5.485000000000000142e+01,5.892600000000000193e+01,6.000000000000000000e+01,1.000000000000000000e+00
1.025000000000000000e+03,5.000000000000000000e+01,-1.218855139653999764e+01,6.266556954619692021e+01,-4.770181496569231294e-01,0.000000000000000000e+00,5.485000000000000142e+01,5.892600000000000193e+01,6.000000000000000000e+01,1.000000000000000000e+00
1.026000000000000000e+03,5.000000000000000000e+01,-1.218855139653999764e+01,6.264474327602829362e+01,-4.561918794882930395e-01,0.000000000000000000e+00,5.485000000000000142e+01,5.892600000000000193e+01,6.000000000000000000e+01,1.000000000000000000e+00
1.027000000000000000e+03,5.000000000000000000e+01,-1.237993198765348168e+01,6.299923190880149093e+01,-6.192999211480098021e-01,0.000000000000000000e+00,5.485000000000000142e+01,5.899000000000000199e+01,6.000000000000000000e+01,1.000000000000000000e+00
1.028000000000000000e+03,5.000000000000000000e+01,-1.247562228321021216e+01,6.315939654003642545e+01,-6.837742568262128451e-01,0.000000000000000000e+00,5.485000000000000142e+01,5.902199999999999847e+01,6.000000000000000000e+01,1.000000000000000000e+00
1.029000000000000000e+03,5.000000000000000000e+01,-1.257430290050310617e+01,6.332259635620472693e+01,-7.482934557016188704e-01,0.000000000000000000e+00,5.485000000000000142e+01,5.905499999999999972e+01,6.000000000000000000e+01,1.000000000000000000e+00
1.030000000000000000e+03,4.999999999999999289e+01,-1.237993198765348168e+01,6.290967066970640786e+01,-5.297386820529296214e-01,0.000000000000000000e+00,5.485000000000000142e+01,5.899000000000000199e+01,6.000000000000000000e+01,1.000000000000000000e+00
1.031000000000000000e+03,5.000000000000000000e+01,-1.257430290050310617e+01,6.326679839001788253e+01,-6.924954895147744649e-01,0.000000000000000000e+00,5.485000000000000142e+01,5.905499999999999972e+01,6.000000000000000000e+01,1.000000000000000000e+00
1.032000000000000000e+03,5.000000000000000000e+01,-1.237993198765348168e+01,6.285630880269000897e+01,-4.763768150365320642e-01,0.000000000000000000e+00,5.485000000000000142e+01,5.899000000000000199e+01,6.000000000000000000e+01,1.000000000000000000e+00
1.033000000000000000e+03,5.000000000000000000e+01,-1.305574470002296827e+01,6.415763045932187936e+01,-1.101885759298910195e+00,0.000000000000000000e+00,5.485000000000000142e+01,5.921600000000000108e+01,6.000000000000000000e+01,1.000000000000000000e+00
1.034000000000000000e+03,5.000000000000000000e+01,-1.286137378717334379e+01,6.372926718653976508e+01,-8.678933993664248447e-01,0.000000000000000000e+00,5.485000000000000142e+01,5.915100000000000335e+01,6.000000000000000000e+01,1.000000000000000000e+00
1.035000000000000000e+03,5.000000000000000711e+01,-1.305574470002296827e+01,6.407163131450862181e+01,-1.015886614485645767e+00,0.000000000000000000e+00,5.485000000000000142e+01,5.921600000000000108e+01,6.000000000000000000e+01,1.000000000000000000e+00
1.036000000000000000e+03,5.000000000000000000e+01,-1.305574470002296827e+01,6.402727843378659145e+01,-9.715337337636240633e-01,0.000000000000000000e+00,5.485000000000000142e+01,5.921600000000000108e+01,6.000000000000000000e+01,1.000000000000000000e+00
1.037000000000000000e+03,5.000000000000000711e+01,-1.315143499557969875e+01,6.417206478947932169e+01,-1.020629793899616944e+00,0.000000000000000000e+00,5.485000000000000142e+01,5.924799999999999756e+01,6.000000000000000000e+01,1.000000000000000000e+00
1.038000000000000000e+03,5.000000000000000000e+01,-1.305574470002296827e+01,6.394030200348295523e+01,-8.845573034599858442e-01,0.000000000000000000e+00,5.485000000000000142e+01,5.921600000000000108e+01,6.000000000000000000e+01,1.000000000000000000e+00
1.039000000000000000e+03,5.000000000000000711e+01,-1.315143499557969875e+01,6.408888568771990890e+01,-9.374506921402058213e-01,0.000000000000000000e+00,5.485000000000000142e+01,5.924799999999999756e+01,6.000000000000000000e+01,1.000000000000000000e+00
1.040000000000000000e+03,5.000000000000000000e+01,-1.305574470002296827e+01,6.386075444162799641e+01,-8.050097416050235877e-01,0.000000000000000000e+00,5.485000000000000142e+01,5.921600000000000108e+01,6.000000000000000000e+01,1.000000000000000000e+00
1.041000000000000000e+03,4.999999999999999289e+01,-1.315143499557969875e+01,6.401281111534267154e+01,-8.613761197629787869e-01,0.000000000000000000e+00,5.485000000000000142e+01,5.924799999999999756e+01,6.000000000000000000e+01,1.000000000000000000e+00
1.042000000000000000e+03,5.000000000000000000e+01,-1.315143499557969875e+01,6.397520405196387117e+01,-8.237690563841698621e-01,0.000000000000000000e+00,5.485000000000000142e+01,5.924799999999999756e+01,6.000000000000000000e+01,1.000000000000000000e+00
1.043000000000000000e+03,5.000000000000000000e+01,-1.315143499557969875e+01,6.393923888599030647e+01,-7.878038904106047235e-01,0.000000000000000000e+00,5.485000000000000142e+01,5.924799999999999756e+01,6.000000000000000000e+01,1.000000000000000000e+00
1.044000000000000000e+03,5.000000000000000000e+01,-1.305574470002296827e+01,6.371764111189507673e+01,-6.618964118721034628e-01,0.000000000000000000e+00,5.485000000000000142e+01,5.921600000000000108e+01,6.000000000000000000e+01,1.000000000000000000e+00
1.045000000000000000e+03,5.000000000000000000e+01,-1.315143499557969875e+01,6.387594601090662394e+01,-7.245110153269235242e-01,0.000000000000000000e+00,5.485000000000000142e+01,5.924799999999999756e+01,6.000000000000000000e+01,1.000000000000000000e+00
1.046000000000000000e+03,4.999999999999999289e+01,-1.324712529113645232e+01,6.403151720125536883e+01,-7.843919101189182896e-01,0.000000000000000000e+00,5.485000000000000142e+01,5.928000000000000114e+01,6.000000000000000000e+01,1.000000000000000000e+00
1.047000000000000000e+03,4.999999999999999289e+01,-1.344149620398607681e+01,6.437752694433508793e+01,-9.360307403490155664e-01,0.000000000000000000e+00,5.485000000000000142e+01,5.934499999999999886e+01,6.000000000000000000e+01,1.000000000000000000e+00
1.048000000000000000e+03,5.000000000000000711e+01,-1.344149620398607681e+01,6.433666051378382633e+01,-8.951643097977425301e-01,0.000000000000000000e+00,5.485000000000000142e+01,5.934499999999999886e+01,6.000000000000000000e+01,1.000000000000000000e+00
1.049000000000000000e+03,5.000000000000000711e+01,-1.344149620398607681e+01,6.429757828227005234e+01,-8.560820782839704268e-01,0.000000000000000000e+00,5.485000000000000142e+01,5.934499999999999886e+01,6.000000000000000000e+01,1.000000000000000000e+00
1.050000000000000000e+03,4.999999999999999289e+01,-1.382724770794918712e+01,6.501486372697155502e+01,-1.187616019022375902e+00,0.000000000000000000e+00,5.485000000000000142e+01,5.947399999999999665e+01,6.000000000000000000e+01,1.000000000000000000e+00
1.051000000000000000e+03,5.000000000000000000e+01,-1.372856709065631442e+01,6.476996035402291341e+01,-1.041393263366602540e+00,0.000000000000000000e+00,5.485000000000000142e+01,5.944100000000000250e+01,6.000000000000000000e+01,1.000000000000000000e+00
1.052000000000000000e+03,5.000000000000000000e+01,-1.353718649954283038e+01,6.435008822838250353e+01,-8.129017288396771512e-01,0.000000000000000000e+00,5.485000000000000142e+01,5.937700000000000244e+01,6.000000000000000000e+01,1.000000000000000000e+00
1.053000000000000000e+03,5.000000000000000711e+01,-1.363287679509956085e+01,6.450180034359678416e+01,-8.689235484972178680e-01,0.000000000000000000e+00,5.485000000000000142e+01,5.940899999999999892e+01,6.000000000000000000e+01,1.000000000000000000e+00
1.054000000000000000e+03,5.000000000000000000e+01,-1.324712529113645232e+01,6.370920239086682102e+01,-4.620770997303652039e-01,0.000000000000000000e+00,5.485000000000000142e+01,5.928000000000000114e+01,6.000000000000000000e+01,1.000000000000000000e+00
1.055000000000000000e+03,5.000000000000000711e+01,-1.353718649954283038e+01,6.425648698878170251e+01,-7.193004892388707994e-01,0.000000000000000000e+00,5.485000000000000142e+01,5.937700000000000244e+01,6.000000000000000000e+01,1.000000000000000000e+00
1.056000000000000000e+03,4.999999999999999289e+01,-1.372856709065631442e+01,6.459948848842526559e+01,-8.709213977689589381e-01,0.000000000000000000e+00,5.485000000000000142e+01,5.944100000000000250e+01,6.000000000000000000e+01,1.000000000000000000e+00
1.057000000000000000e+03,5.000000000000000000e+01,-1.392293800350593891e+01,6.494172041615635749e+01,-1.018782412650418134e+00,0.000000000000000000e+00,5.485000000000000142e+01,5.950600000000000023e+01,6.000000000000000000e+01,1.000000000000000000e+00
1.058000000000000000e+03,5.000000000000000000e+01,-1.401862829906267116e+01,6.508444392842831405e+01,-1.065815629365642003e+00,0.000000000000000000e+00,5.485000000000000142e+01,5.953799999999999670e+01,6.000000000000000000e+01,1.000000000000000000e+00
1.059000000000000000e+03,5.000000000000000000e+01,-1.411431859461942295e+01,6.522511400420336258e+01,-1.110795409583940518e+00,0.000000000000000000e+00,5.485000000000000142e+01,5.957000000000000028e+01,6.000000000000000000e+01,1.000000000000000000e+00
1.060000000000000000e+03,5.000000000000000711e+01,-1.411431859461942295e+01,6.517661747358140190e+01,-1.062298878961977167e+00,0.000000000000000000e+00,5.485000000000000142e+01,5.957000000000000028e+01,6.000000000000000000e+01,1.000000000000000000e+00
1.061000000000000000e+03,5.000000000000000000e+01,-1.411431859461942295e+01,6.513023826669166283e+01,-1.015919672072246316e+00,0.000000000000000000e+00,5.485000000000000142e+01,5.957000000000000028e+01,6.000000000000000000e+01,1.000000000000000000e+00
1.062000000000000000e+03,4.999999999999999289e+01,-1.411431859461942295e+01,6.508588394269912669e+01,-9.715653480797113994e-01,0.000000000000000000e+00,5.485000000000000142e+01,5.957000000000000028e+01,6.000000000000000000e+01,1.000000000000000000e+00
1.063000000000000000e+03,5.000000000000000000e+01,-1.430868950746904744e+01,6.542372182776848888e+01,-1.115032320299444990e+00,0.000000000000000000e+00,5.485000000000000142e+01,5.963499999999999801e+01,6.000000000000000000e+01,1.000000000000000000e+00
1.064000000000000000e+03,5.000000000000000000e+01,-1.430868950746904744e+01,6.537504031666453841e+01,-1.066350809195491856e+00,0.000000000000000000e+00,5.485000000000000142e+01,5.963499999999999801e+01,6.000000000000000000e+01,1.000000000000000000e+00
1.065000000000000000e+03,4.999999999999999289e+01,-1.421299921191231697e+01,6.514128138394373480e+01,-9.282821720314210490e-01,0.000000000000000000e+00,5.485000000000000142e+01,5.960300000000000153e+01,6.000000000000000000e+01,1.000000000000000000e+00
1.066000000000000000e+03,5.000000000000000000e+01,-1.430868950746904744e+01,6.528795607179006311e+01,-9.792665643210183291e-01,0.000000000000000000e+00,5.485000000000000142e+01,5.963499999999999801e+01,6.000000000000000000e+01,1.000000000000000000e+00
1.067000000000000000e+03,5.000000000000000000e+01,-1.430868950746904744e+01,6.524520199618450533e+01,-9.365124887154598898e-01,0.000000000000000000e+00,5.485000000000000142e+01,5.963499999999999801e+01,6.000000000000000000e+01,1.000000000000000000e+00
1.068000000000000000e+03,4.999999999999999289e+01,-1.440437980302580101e+01,6.539151735430944257e+01,-9.871375512836435551e-01,0.000000000000000000e+00,5.485000000000000142e+01,5.966700000000000159e+01,6.000000000000000000e+01,1.000000000000000000e+00
1.069000000000000000e+03,4.999999999999999289e+01,-1.450007009858253149e+01,6.553562245852448598e+01,-1.035552359941956491e+00,0.000000000000000000e+00,5.485000000000000142e+01,5.969899999999999807e+01,6.000000000000000000e+01,1.000000000000000000e+00
1.070000000000000000e+03,5.000000000000000000e+01,-1.498151189810239359e+01,6.643227518095730488e+01,-1.450763282854904856e+00,0.000000000000000000e+00,5.485000000000000142e+01,5.985999999999999943e+01,6.000000000000000000e+01,1.000000000000000000e+00
1.071000000000000000e+03,5.000000000000000000e+01,-1.479013130698890954e+01,6.599453025397603767e+01,-1.204398946987123686e+00,0.000000000000000000e+00,5.485000000000000142e+01,5.979599999999999937e+01,6.000000000000000000e+01,1.000000000000000000e+00
1.072000000000000000e+03,5.000000000000000000e+01,-1.498151189810239359e+01,6.631635270299707940e+01,-1.334840804894679156e+00,0.000000000000000000e+00,5.485000000000000142e+01,5.985999999999999943e+01,6.000000000000000000e+01,1.000000000000000000e+00
1.073000000000000000e+03,4.999999999999999289e+01,-1.508019251539528760e+01,6.645112742079629697e+01,-1.370934905401012260e+00,0.000000000000000000e+00,5.485000000000000142e+01,5.989300000000000068e+01,6.000000000000000000e+01,1.000000000000000000e+00
1.074000000000000000e+03,4.999999999999999289e+01,-1.508019251539528760e+01,6.639127338642879295e+01,-1.311080871033512230e+00,0.000000000000000000e+00,5.485000000000000142e+01,5.989300000000000068e+01,6.000000000000000000e+01,1.000000000000000000e+00
1.075000000000000000e+03,5.000000000000000711e+01,-1.527157310650877164e+01,6.670843817918687080e+01,-1.436865072678098931e+00,0.000000000000000000e+00,5.485000000000000142e+01,5.995700000000000074e+01,6.000000000000000000e+01,1.000000000000000000e+00
1.076000000000000000e+03,4.999999999999998579e+01,-1.508019251539528760e+01,6.627130003809038783e+01,-1.191107522695112220e+00,0.000000000000000000e+00,5.485000000000000142e+01,5.989300000000000068e+01,6.000000000000000000e+01,1.000000000000000000e+00
1.077000000000000000e+03,5.000000000000000000e+01,-1.527157310650877164e+01,6.659370278115984831e+01,-1.322129674651081555e+00,0.000000000000000000e+00,5.485000000000000142e+01,5.995700000000000074e+01,6.000000000000000000e+01,1.000000000000000000e+00
1.078000000000000000e+03,4.999999999999999289e+01,-1.508019251539528760e+01,6.616157390522222670e+01,-1.081381389826945760e+00,0.000000000000000000e+00,5.485000000000000142e+01,5.989300000000000068e+01,6.000000000000000000e+01,1.000000000000000000e+00
1.079000000000000000e+03,5.000000000000000000e+01,-1.527157310650877164e+01,6.648876721252769073e+01,-1.217194106018919530e+00,0.000000000000000000e+00,5.485000000000000142e+01,5.995700000000000074e+01,6.000000000000000000e+01,1.000000000000000000e+00
1.080000000000000000e+03,5.000000000000000711e+01,-1.517588281095201808e+01,6.624842256969282062e+01,-1.072539758740798321e+00,0.000000000000000000e+00,5.485000000000000142e+01,5.992499999999999716e+01,6.000000000000000000e+01,1.000000000000000000e+00
1.081000000000000000e+03,5.000000000000000000e+01,-1.556163431491514970e+01,6.695625762736715103e+01,-1.394623312451998443e+00,0.000000000000000000e+00,5.485000000000000142e+01,6.005400000000000205e+01,6.000000000000000000e+01,1.000000000000000000e+00
1.082000000000000000e+03,5.000000000000000000e+01,-1.556163431491514970e+01,6.689536937414348472e+01,-1.333735059228333020e+00,0.000000000000000000e+00,5.485000000000000142e+01,6.005400000000000205e+01,6.000000000000000000e+01,1.000000000000000000e+00
1.083000000000000000e+03,4.999999999999999289e+01,-1.565732461047188018e+01,6.702434227983437154e+01,-1.367017669362498689e+00,0.000000000000000000e+00,5.485000000000000142e+01,6.008599999999999852e+01,6.000000000000000000e+01,1.000000000000000000e+00
1.084000000000000000e+03,5.000000000000000000e+01,-1.604307611443501003e+01,6.771932064320952804e+01,-1.676244528774515352e+00,0.000000000000000000e+00,5.485000000000000142e+01,6.021500000000000341e+01,6.000000000000000000e+01,1.000000000000000000e+00
1.085000000000000000e+03,4.999999999999999289e+01,-1.594738581887825823e+01,6.745893418827125743e+01,-1.511548369393001856e+00,0.000000000000000000e+00,5.485000000000000142e+01,6.018299999999999983e+01,6.000000000000000000e+01,1.000000000000000000e+00
1.086000000000000000e+03,4.999999999999999289e+01,-1.594738581887825823e+01,6.739294107095156505e+01,-1.445555252073311481e+00,0.000000000000000000e+00,5.485000000000000142e+01,6.018299999999999983e+01,6.000000000000000000e+01,1.000000000000000000e+00
1.087000000000000000e+03,5.000000000000000000e+01,-1.604307611443501003e+01,6.751703198725033417e+01,-1.473955872815327028e+00,0.000000000000000000e+00,5.485000000000000142e+01,6.021500000000000341e+01,6.000000000000000000e+01,1.000000000000000000e+00
1.088000000000000000e+03,5.000000000000000000e+01,-1.594738581887825823e+01,6.726547730989555873e+01,-1.318091491017297612e+00,0.000000000000000000e+00,5.485000000000000142e+01,6.018299999999999983e+01,6.000000000000000000e+01,1.000000000000000000e+00
1.089000000000000000e+03,5.000000000000000711e+01,-1.594738581887825823e+01,6.720793038108658379e+01,-1.260544562208316899e+00,0.000000000000000000e+00,5.485000000000000142e+01,6.018299999999999983e+01,6.000000000000000000e+01,1.000000000000000000e+00
1.090000000000000000e+03,5.000000000000000000e+01,-1.604307611443501003e+01,6.734009873136554347e+01,-1.297022616930536776e+00,0.000000000000000000e+00,5.485000000000000142e+01,6.021500000000000341e+01,6.000000000000000000e+01,1.000000000000000000e+00
1.091000000000000000e+03,5.000000000000000711e+01,-1.604307611443501003e+01,6.728347165448295186e+01,-1.240395540047935174e+00,0.000000000000000000e+00,5.485000000000000142e+01,6.021500000000000341e+01,6.000000000000000000e+01,1.000000000000000000e+00
1.092000000000000000e+03,5.000000000000000711e+01,-1.604307611443501003e+01,6.722931687514891053e+01,-1.186240760713896503e+00,0.000000000000000000e+00,5.485000000000000142e+01,6.021500000000000341e+01,6.000000000000000000e+01,1.000000000000000000e+00
1.093000000000000000e+03,5.000000000000000000e+01,-1.623445670554849585e+01,6.755193209755471173e+01,-1.317475392006218327e+00,0.000000000000000000e+00,5.485000000000000142e+01,6.027900000000000347e+01,6.000000000000000000e+01,1.000000000000000000e+00
1.094000000000000000e+03,5.000000000000000711e+01,-1.623445670554849585e+01,6.749441206718653063e+01,-1.259955361638029903e+00,0.000000000000000000e+00,5.485000000000000142e+01,6.027900000000000347e+01,6.000000000000000000e+01,1.000000000000000000e+00
1.095000000000000000e+03,5.000000000000000000e+01,-1.642882761839812034e+01,6.781965905117461091e+01,-1.390831432776494125e+00,0.000000000000000000e+00,5.485000000000000142e+01,6.034400000000000119e+01,6.000000000000000000e+01,1.000000000000000000e+00
1.096000000000000000e+03,4.999999999999999289e+01,-1.623445670554849585e+01,6.737868061759782279e+01,-1.144223912049332714e+00,0.000000000000000000e+00,5.485000000000000142e+01,6.027900000000000347e+01,6.000000000000000000e+01,1.000000000000000000e+00
1.097000000000000000e+03,5.000000000000000000e+01,-1.662020820951160260e+01,6.808338599656977408e+01,-1.463177787058168144e+00,0.000000000000000000e+00,5.485000000000000142e+01,6.040800000000000125e+01,6.000000000000000000e+01,1.000000000000000000e+00
1.098000000000000000e+03,5.000000000000000711e+01,-1.642882761839812034e+01,6.764509906124200711e+01,-1.216271442843885442e+00,0.000000000000000000e+00,5.485000000000000142e+01,6.034400000000000119e+01,6.000000000000000000e+01,1.000000000000000000e+00
1.099000000000000000e+03,5.000000000000000000e+01,-1.633313732284136677e+01,6.740479470121937311e+01,-1.071657378378004566e+00,0.000000000000000000e+00,5.485000000000000142e+01,6.031199999999999761e+01,6.000000000000000000e+01,1.000000000000000000e+00
1.100000000000000000e+03,5.000000000000000000e+01,-1.642882761839812034e+01,6.754520973042380660e+01,-1.116382112025692930e+00,0.000000000000000000e+00,5.485000000000000142e+01,6.034400000000000119e+01,6.000000000000000000e+01,1.000000000000000000e+00
1.101000000000000000e+03,5.000000000000000711e+01,-1.681457912236122709e+01,6.825113066240918158e+01,-1.436551540047952269e+00,0.000000000000000000e+00,5.485000000000000142e+01,6.047299999999999898e+01,6.000000000000000000e+01,1.000000000000000000e+00
1.102000000000000000e+03,5.000000000000000711e+01,-1.681457912236122709e+01,6.818841185285084805e+01,-1.373832730489620735e+00,0.000000000000000000e+00,5.485000000000000142e+01,6.047299999999999898e+01,6.000000000000000000e+01,1.000000000000000000e+00
1.103000000000000000e+03,5.000000000000000711e+01,-1.700595971347471291e+01,6.850283694444753735e+01,-1.496877230972822215e+00,0.000000000000000000e+00,5.485000000000000142e+01,6.053699999999999903e+01,6.000000000000000000e+01,1.000000000000000000e+00
1.104000000000000000e+03,5.000000000000000000e+01,-1.700595971347471291e+01,6.843748435850518774e+01,-1.431524645030480603e+00,0.000000000000000000e+00,5.485000000000000142e+01,6.053699999999999903e+01,6.000000000000000000e+01,1.000000000000000000e+00
1.105000000000000000e+03,5.000000000000000000e+01,-1.700595971347471291e+01,6.837498501957668395e+01,-1.369025306101974149e+00,0.000000000000000000e+00,5.485000000000000142e+01,6.053699999999999903e+01,6.000000000000000000e+01,1.000000000000000000e+00
1.106000000000000000e+03,5.000000000000000711e+01,-1.700595971347471291e+01,6.831521435694450872e+01,-1.309254643469793145e+00,0.000000000000000000e+00,5.485000000000000142e+01,6.053699999999999903e+01,6.000000000000000000e+01,1.000000000000000000e+00
1.107000000000000000e+03,5.000000000000000000e+01,-1.700595971347471291e+01,6.825805323855928464e+01,-1.252093525084578607e+00,0.000000000000000000e+00,5.485000000000000142e+01,6.053699999999999903e+01,6.000000000000000000e+01,1.000000000000000000e+00
1.108000000000000000e+03,5.000000000000000000e+01,-1.700595971347471291e+01,6.820338773359148377e+01,-1.197428020116773295e+00,0.000000000000000000e+00,5.485000000000000142e+01,6.053699999999999903e+01,6.000000000000000000e+01,1.000000000000000000e+00
1.109000000000000000e+03,4.999999999999999289e+01,-1.700595971347471291e+01,6.815110888534979949e+01,-1.145149171875096572e+00,0.000000000000000000e+00,5.485000000000000142e+01,6.053699999999999903e+01,6.000000000000000000e+01,1.000000000000000000e+00
1.110000000000000000e+03,5.000000000000000000e+01,-1.700595971347471291e+01,6.810111249411394851e+01,-1.095152780639236045e+00,0.000000000000000000e+00,5.485000000000000142e+01,6.053699999999999903e+01,6.000000000000000000e+01,1.000000000000000000e+00
1.111000000000000000e+03,5.000000000000000000e+01,-1.710165000903146648e+01,6.824050173091286808e+01,-1.138851721881404933e+00,0.000000000000000000e+00,5.485000000000000142e+01,6.056900000000000261e+01,6.000000000000000000e+01,1.000000000000000000e+00
1.112000000000000000e+03,4.999999999999999289e+01,-1.720033062632433740e+01,6.838383319146045380e+01,-1.183502565136126838e+00,0.000000000000000000e+00,5.485000000000000142e+01,6.060199999999999676e+01,6.000000000000000000e+01,1.000000000000000000e+00
1.113000000000000000e+03,5.000000000000000000e+01,-1.700595971347471291e+01,6.795190658749297086e+01,-9.459468740182579438e-01,0.000000000000000000e+00,5.485000000000000142e+01,6.053699999999999903e+01,6.000000000000000000e+01,1.000000000000000000e+00
1.114000000000000000e+03,5.000000000000000711e+01,-1.739171121743782322e+01,6.866526859968787733e+01,-1.273557382250044778e+00,0.000000000000000000e+00,5.485000000000000142e+01,6.066599999999999682e+01,6.000000000000000000e+01,1.000000000000000000e+00
1.115000000000000000e+03,5.000000000000000711e+01,-1.748740151299457324e+01,6.879686881958011213e+01,-1.309467306585528457e+00,0.000000000000000000e+00,5.485000000000000142e+01,6.069800000000000040e+01,6.000000000000000000e+01,1.000000000000000000e+00
1.116000000000000000e+03,5.000000000000000000e+01,-1.729602092188109097e+01,6.836529277354738099e+01,-1.069271851666287132e+00,0.000000000000000000e+00,5.485000000000000142e+01,6.063400000000000034e+01,6.000000000000000000e+01,1.000000000000000000e+00
1.117000000000000000e+03,5.000000000000000000e+01,-1.768177242584419773e+01,6.907327050569992366e+01,-1.391498079855720604e+00,0.000000000000000000e+00,5.485000000000000142e+01,6.076299999999999812e+01,6.000000000000000000e+01,1.000000000000000000e+00
1.118000000000000000e+03,5.000000000000000000e+01,-1.748740151299457324e+01,6.863226296678995197e+01,-1.144861453795378292e+00,0.000000000000000000e+00,5.485000000000000142e+01,6.069800000000000040e+01,6.000000000000000000e+01,1.000000000000000000e+00
1.119000000000000000e+03,5.000000000000000711e+01,-1.748740151299457324e+01,6.858227913711903057e+01,-1.094877624124449778e+00,0.000000000000000000e+00,5.485000000000000142e+01,6.069800000000000040e+01,6.000000000000000000e+01,1.000000000000000000e+00
1.120000000000000000e+03,5.000000000000000000e+01,-1.758309180855130549e+01,6.872168038705392235e+01,-1.138588578502617965e+00,0.000000000000000000e+00,5.485000000000000142e+01,6.072999999999999687e+01,6.000000000000000000e+01,1.000000000000000000e+00
1.121000000000000000e+03,5.000000000000000000e+01,-1.777746272140095130e+01,6.905222615771693029e+01,-1.274763436315977660e+00,0.000000000000000000e+00,5.485000000000000142e+01,6.079500000000000171e+01,6.000000000000000000e+01,1.000000000000000000e+00
1.122000000000000000e+03,5.000000000000000000e+01,-1.787315301695768355e+01,6.918377372215391574e+01,-1.310620705196227975e+00,0.000000000000000000e+00,5.485000000000000142e+01,6.082699999999999818e+01,6.000000000000000000e+01,1.000000000000000000e+00
1.123000000000000000e+03,5.000000000000000000e+01,-1.777746272140095130e+01,6.893935014102962100e+01,-1.161887419628667040e+00,0.000000000000000000e+00,5.485000000000000142e+01,6.079500000000000171e+01,6.000000000000000000e+01,1.000000000000000000e+00
1.124000000000000000e+03,5.000000000000000000e+01,-1.777746272140095130e+01,6.888862296990599532e+01,-1.111160248505047576e+00,0.000000000000000000e+00,5.485000000000000142e+01,6.079500000000000171e+01,6.000000000000000000e+01,1.000000000000000000e+00
1.125000000000000000e+03,5.000000000000000711e+01,-1.796884331251443712e+01,6.921451615360696508e+01,-1.245672841092521743e+00,0.000000000000000000e+00,5.485000000000000142e+01,6.085900000000000176e+01,6.000000000000000000e+01,1.000000000000000000e+00
1.126000000000000000e+03,5.000000000000000000e+01,-1.768177242584419773e+01,6.859852250670290630e+01,-9.167500808587032424e-01,0.000000000000000000e+00,5.485000000000000142e+01,6.076299999999999812e+01,6.000000000000000000e+01,1.000000000000000000e+00
1.127000000000000000e+03,4.999999999999999289e+01,-1.796884331251443712e+01,6.912010632030441570e+01,-1.151263007789984805e+00,0.000000000000000000e+00,5.485000000000000142e+01,6.085900000000000176e+01,6.000000000000000000e+01,1.000000000000000000e+00
1.128000000000000000e+03,5.000000000000000000e+01,-1.787315301695768355e+01,6.888264018191475202e+01,-1.009487164957067140e+00,0.000000000000000000e+00,5.485000000000000142e+01,6.082699999999999818e+01,6.000000000000000000e+01,1.000000000000000000e+00
1.129000000000000000e+03,5.000000000000000000e+01,-1.768177242584419773e+01,6.846416105363928750e+01,-7.823886277950885537e-01,0.000000000000000000e+00,5.485000000000000142e+01,6.076299999999999812e+01,6.000000000000000000e+01,1.000000000000000000e+00
1.130000000000000000e+03,4.999999999999999289e+01,-1.787315301695768355e+01,6.880440817041723278e+01,-9.312551534595504554e-01,0.000000000000000000e+00,5.485000000000000142e+01,6.082699999999999818e+01,6.000000000000000000e+01,1.000000000000000000e+00
1.131000000000000000e+03,5.000000000000000000e+01,-1.796884331251443712e+01,6.895095306002747293e+01,-9.821097475130358134e-01,0.000000000000000000e+00,5.485000000000000142e+01,6.085900000000000176e+01,6.000000000000000000e+01,1.000000000000000000e+00
1.132000000000000000e+03,5.000000000000000000e+01,-1.796884331251443712e+01,6.890807485308364733e+01,-9.392315405692076569e-01,0.000000000000000000e+00,5.485000000000000142e+01,6.085900000000000176e+01,6.000000000000000000e+01,1.000000000000000000e+00
1.133000000000000000e+03,4.999999999999999289e+01,-1.796884331251443712e+01,6.886706867789122555e+01,-8.982253653767936497e-01,0.000000000000000000e+00,5.485000000000000142e+01,6.085900000000000176e+01,6.000000000000000000e+01,1.000000000000000000e+00
1.134000000000000000e+03,5.000000000000000000e+01,-1.777746272140095130e+01,6.845344715995862828e+01,-6.759844385576778691e-01,0.000000000000000000e+00,5.485000000000000142e+01,6.079500000000000171e+01,6.000000000000000000e+01,1.000000000000000000e+00
1.135000000000000000e+03,4.999999999999999289e+01,-1.787315301695768355e+01,6.861113698583280041e+01,-7.379839688751179683e-01,0.000000000000000000e+00,5.485000000000000142e+01,6.082699999999999818e+01,6.000000000000000000e+01,1.000000000000000000e+00
1.136000000000000000e+03,5.000000000000000711e+01,-1.796884331251443712e+01,6.876611995669605903e+01,-7.972766441816153682e-01,0.000000000000000000e+00,5.485000000000000142e+01,6.085900000000000176e+01,6.000000000000000000e+01,1.000000000000000000e+00
1.137000000000000000e+03,5.000000000000000000e+01,-1.796884331251443712e+01,6.873131143043178781e+01,-7.624681179173483647e-01,0.000000000000000000e+00,5.485000000000000142e+01,6.085900000000000176e+01,6.000000000000000000e+01,1.000000000000000000e+00
1.138000000000000000e+03,5.000000000000000000e+01,-1.787315301695768355e+01,6.851081979798595967e+01,-6.376667810282693472e-01,0.000000000000000000e+00,5.485000000000000142e+01,6.082699999999999818e+01,6.000000000000000000e+01,1.000000000000000000e+00
1.139000000000000000e+03,5.000000000000000000e+01,-1.796884331251443712e+01,6.867018254529619981e+01,-7.013392327817599137e-01,0.000000000000000000e+00,5.485000000000000142e+01,6.085900000000000176e+01,6.000000000000000000e+01,1.000000000000000000e+00
1.140000000000000000e+03,5.000000000000000000e+01,-1.806752392980732935e+01,6.883261548721658585e+01,-7.650915574092598259e-01,0.000000000000000000e+00,5.485000000000000142e+01,6.089200000000000301e+01,6.000000000000000000e+01,1.000000000000000000e+00
1.141000000000000000e+03,5.000000000000000711e+01,-1.825890452092081517e+01,6.917361778167749264e+01,-9.147132607566677009e-01,0.000000000000000000e+00,5.485000000000000142e+01,6.095600000000000307e+01,6.000000000000000000e+01,1.000000000000000000e+00
1.142000000000000000e+03,5.000000000000000000e+01,-1.816321422536406160e+01,6.894647923552633983e+01,-7.832650101622846694e-01,0.000000000000000000e+00,5.485000000000000142e+01,6.092399999999999949e+01,6.000000000000000000e+01,1.000000000000000000e+00
1.143000000000000000e+03,5.000000000000000000e+01,-1.816321422536406160e+01,6.891228244715046003e+01,-7.490682217863986470e-01,0.000000000000000000e+00,5.485000000000000142e+01,6.092399999999999949e+01,6.000000000000000000e+01,1.000000000000000000e+00
1.144000000000000000e+03,4.999999999999999289e+01,-1.854896572932716836e+01,6.963424004004760093e+01,-1.085274310720440560e+00,0.000000000000000000e+00,5.485000000000000142e+01,6.105299999999999727e+01,6.000000000000000000e+01,1.000000000000000000e+00
1.145000000000000000e+03,5.000000000000000000e+01,-1.864465602488392193e+01,6.977406056375569676e+01,-1.129404538871775276e+00,0.000000000000000000e+00,5.485000000000000142e+01,6.108500000000000085e+01,6.000000000000000000e+01,1.000000000000000000e+00
1.146000000000000000e+03,4.999999999999999289e+01,-1.854896572932716836e+01,6.953754875043622974e+01,-9.885830211090687047e-01,0.000000000000000000e+00,5.485000000000000142e+01,6.105299999999999727e+01,6.000000000000000000e+01,1.000000000000000000e+00
1.147000000000000000e+03,4.999999999999999289e+01,-1.845327543377043966e+01,6.930718510354736850e+01,-8.539096697769300581e-01,0.000000000000000000e+00,5.485000000000000142e+01,6.102100000000000080e+01,6.000000000000000000e+01,1.000000000000000000e+00
1.148000000000000000e+03,5.000000000000000000e+01,-1.854896572932716836e+01,6.945710684148221503e+01,-9.081411121550472254e-01,0.000000000000000000e+00,5.485000000000000142e+01,6.105299999999999727e+01,6.000000000000000000e+01,1.000000000000000000e+00
1.149000000000000000e+03,5.000000000000000000e+01,-1.845327543377043966e+01,6.923025523062376863e+01,-7.769797968533230792e-01,0.000000000000000000e+00,5.485000000000000142e+01,6.102100000000000080e+01,6.000000000000000000e+01,1.000000000000000000e+00
1.150000000000000000e+03,5.000000000000000711e+01,-1.825890452092081517e+01,6.881607711905230929e+01,-5.571725981314902265e-01,0.000000000000000000e+00,5.485000000000000142e+01,6.095600000000000307e+01,6.000000000000000000e+01,1.000000000000000000e+00
1.151000000000000000e+03,5.000000000000000000e+01,-1.845327543377043966e+01,6.917200709427075367e+01,-7.187316605003097880e-01,0.000000000000000000e+00,5.485000000000000142e+01,6.102100000000000080e+01,6.000000000000000000e+01,1.000000000000000000e+00
1.152000000000000000e+03,5.000000000000000000e+01,-1.816321422536406160e+01,6.857316923307702439e+01,-4.099550077129628378e-01,0.000000000000000000e+00,5.485000000000000142e+01,6.092399999999999949e+01,6.000000000000000000e+01,1.000000000000000000e+00
1.153000000000000000e+03,5.000000000000000000e+01,-1.854896572932716836e+01,6.930993226559763798e+01,-7.609665362704766123e-01,0.000000000000000000e+00,5.485000000000000142e+01,6.105299999999999727e+01,6.000000000000000000e+01,1.000000000000000000e+00
1.154000000000000000e+03,5.000000000000000711e+01,-1.845327543377043966e+01,6.908950619112923164e+01,-6.362307573587830944e-01,0.000000000000000000e+00,5.485000000000000142e+01,6.102100000000000080e+01,6.000000000000000000e+01,1.000000000000000000e+00
1.155000000000000000e+03,5.000000000000000711e+01,-1.835459481647754387e+01,6.886867590310333753e+01,-5.140810866257867762e-01,0.000000000000000000e+00,5.485000000000000142e+01,6.098799999999999955e+01,6.000000000000000000e+01,1.000000000000000000e+00
1.156000000000000000e+03,5.000000000000000711e+01,-1.825890452092081517e+01,6.865902867023392275e+01,-4.001241493131015847e-01,0.000000000000000000e+00,5.485000000000000142e+01,6.095600000000000307e+01,6.000000000000000000e+01,1.000000000000000000e+00
1.157000000000000000e+03,4.999999999999999289e+01,-1.845327543377043966e+01,6.902181526805048861e+01,-5.685398342800516147e-01,0.000000000000000000e+00,5.485000000000000142e+01,6.102100000000000080e+01,6.000000000000000000e+01,1.000000000000000000e+00
1.158000000000000000e+03,5.000000000000000000e+01,-1.854896572932716836e+01,6.918419604825932367e+01,-6.352303189321575339e-01,0.000000000000000000e+00,5.485000000000000142e+01,6.105299999999999727e+01,6.000000000000000000e+01,1.000000000000000000e+00
1.159000000000000000e+03,5.000000000000000711e+01,-1.893471723329029999e+01,6.991112372232005612e+01,-9.764064890297514676e-01,0.000000000000000000e+00,5.485000000000000142e+01,6.118200000000000216e+01,6.000000000000000000e+01,1.000000000000000000e+00
1.160000000000000000e+03,5.000000000000000000e+01,-1.893471723329029999e+01,6.986849451554969903e+01,-9.337772822593964905e-01,0.000000000000000000e+00,5.485000000000000142e+01,6.118200000000000216e+01,6.000000000000000000e+01,1.000000000000000000e+00
1.161000000000000000e+03,5.000000000000000000e+01,-1.893471723329029999e+01,6.982772646936183492e+01,-8.930092360715314870e-01,0.000000000000000000e+00,5.485000000000000142e+01,6.118200000000000216e+01,6.000000000000000000e+01,1.000000000000000000e+00
1.162000000000000000e+03,5.000000000000000711e+01,-1.912609782440378581e+01,7.016314396974921408e+01,-1.037046145345421388e+00,0.000000000000000000e+00,5.485000000000000142e+01,6.124600000000000222e+01,6.000000000000000000e+01,1.000000000000000000e+00
1.163000000000000000e+03,4.999999999999999289e+01,-1.903040752884703224e+01,6.993066445762688943e+01,-9.002569287798576347e-01,0.000000000000000000e+00,5.485000000000000142e+01,6.121399999999999864e+01,6.000000000000000000e+01,1.000000000000000000e+00
1.164000000000000000e+03,5.000000000000000711e+01,-1.941615903281016031e+01,7.064602126004984939e+01,-1.229862227239686856e+00,0.000000000000000000e+00,5.485000000000000142e+01,6.134300000000000352e+01,6.000000000000000000e+01,1.000000000000000000e+00
1.165000000000000000e+03,5.000000000000000000e+01,-1.941615903281016031e+01,7.059232635759569519e+01,-1.176167324785538426e+00,0.000000000000000000e+00,5.485000000000000142e+01,6.134300000000000352e+01,6.000000000000000000e+01,1.000000000000000000e+00
1.166000000000000000e+03,4.999999999999999289e+01,-1.941615903281016031e+01,7.054097573605830007e+01,-1.124816703248148864e+00,0.000000000000000000e+00,5.485000000000000142e+01,6.134300000000000352e+01,6.000000000000000000e+01,1.000000000000000000e+00
1.167000000000000000e+03,4.999999999999999289e+01,-1.970322991948037838e+01,7.105347551020746266e+01,-1.350245590727088496e+00,0.000000000000000000e+00,5.485000000000000142e+01,6.143900000000000006e+01,6.000000000000000000e+01,1.000000000000000000e+00
1.168000000000000000e+03,5.000000000000000000e+01,-1.932046873725341030e+01,7.024571347061778681e+01,-9.252447333643796235e-01,0.000000000000000000e+00,5.485000000000000142e+01,6.131099999999999994e+01,6.000000000000000000e+01,1.000000000000000000e+00
1.169000000000000000e+03,5.000000000000000711e+01,-1.970322991948037838e+01,7.095412923524976634e+01,-1.250899315769383291e+00,0.000000000000000000e+00,5.485000000000000142e+01,6.143900000000000006e+01,6.000000000000000000e+01,1.000000000000000000e+00
1.170000000000000000e+03,5.000000000000000000e+01,-1.951184932836689256e+01,7.052511022567539101e+01,-1.013260897308499331e+00,0.000000000000000000e+00,5.485000000000000142e+01,6.137500000000000000e+01,6.000000000000000000e+01,1.000000000000000000e+00
1.171000000000000000e+03,5.000000000000000000e+01,-1.912609782440378581e+01,6.972621060785380109e+01,-6.001127834500155078e-01,0.000000000000000000e+00,5.485000000000000142e+01,6.124600000000000222e+01,6.000000000000000000e+01,1.000000000000000000e+00
1.172000000000000000e+03,5.000000000000000000e+01,-1.922178811996051451e+01,6.988721293575446225e+01,-6.654248157939502972e-01,0.000000000000000000e+00,5.485000000000000142e+01,6.127799999999999869e+01,6.000000000000000000e+01,1.000000000000000000e+00
1.173000000000000000e+03,5.000000000000000000e+01,-1.960753962392362482e+01,7.061282233974576172e+01,-1.005282715822131800e+00,0.000000000000000000e+00,5.485000000000000142e+01,6.140699999999999648e+01,6.000000000000000000e+01,1.000000000000000000e+00
1.174000000000000000e+03,4.999999999999998579e+01,-1.922178811996051451e+01,6.981427104360375324e+01,-5.924829236432505031e-01,0.000000000000000000e+00,5.485000000000000142e+01,6.127799999999999869e+01,6.000000000000000000e+01,1.000000000000000000e+00
1.175000000000000000e+03,5.000000000000000000e+01,-1.932046873725341030e+01,6.998145657388019458e+01,-6.609878366267888383e-01,0.000000000000000000e+00,5.485000000000000142e+01,6.131099999999999994e+01,6.000000000000000000e+01,1.000000000000000000e+00
1.176000000000000000e+03,5.000000000000000000e+01,-1.932046873725341030e+01,6.995259831917087467e+01,-6.321295819174692632e-01,0.000000000000000000e+00,5.485000000000000142e+01,6.131099999999999994e+01,6.000000000000000000e+01,1.000000000000000000e+00
1.177000000000000000e+03,4.999999999999999289e+01,-1.970322991948037838e+01,7.067381128101419563e+01,-9.705813615338214628e-01,0.000000000000000000e+00,5.485000000000000142e+01,6.143900000000000006e+01,6.000000000000000000e+01,1.000000000000000000e+00
1.178000000000000000e+03,4.999999999999999289e+01,-1.951184932836689256e+01,7.025703075220251037e+01,-7.451814238356219144e-01,0.000000000000000000e+00,5.485000000000000142e+01,6.137500000000000000e+01,6.000000000000000000e+01,1.000000000000000000e+00
1.179000000000000000e+03,5.000000000000000000e+01,-1.951184932836689256e+01,7.022449666588188677e+01,-7.126473375149928735e-01,0.000000000000000000e+00,5.485000000000000142e+01,6.137500000000000000e+01,6.000000000000000000e+01,1.000000000000000000e+00
1.180000000000000000e+03,5.000000000000000000e+01,-1.970322991948037838e+01,7.056778863735630125e+01,-8.645587178759202018e-01,0.000000000000000000e+00,5.485000000000000142e+01,6.143900000000000006e+01,6.000000000000000000e+01,1.000000000000000000e+00
1.181000000000000000e+03,5.000000000000000000e+01,-1.970322991948037838e+01,7.053004262402728841e+01,-8.268127045469134684e-01,0.000000000000000000e+00,5.485000000000000142e+01,6.143900000000000006e+01,6.000000000000000000e+01,1.000000000000000000e+00
1.182000000000000000e+03,5.000000000000000711e+01,-1.970322991948037838e+01,7.049394457455866814e+01,-7.907146550782839789e-01,0.000000000000000000e+00,5.485000000000000142e+01,6.143900000000000006e+01,6.000000000000000000e+01,1.000000000000000000e+00
1.183000000000000000e+03,5.000000000000001421e+01,-1.980191053677327062e+01,7.065247544966562998e+01,-8.505649128923481461e-01,0.000000000000000000e+00,5.485000000000000142e+01,6.147200000000000131e+01,6.000000000000000000e+01,1.000000000000000000e+00
1.184000000000000000e+03,5.000000000000000000e+01,-1.989760083233000287e+01,7.080254321728628497e+01,-9.049423849562892030e-01,0.000000000000000000e+00,5.485000000000000142e+01,6.150399999999999778e+01,6.000000000000000000e+01,1.000000000000000000e+00
1.185000000000000000e+03,5.000000000000000000e+01,-1.989760083233000287e+01,7.076303408202655021e+01,-8.654332496965537747e-01,0.000000000000000000e+00,5.485000000000000142e+01,6.150399999999999778e+01,6.000000000000000000e+01,1.000000000000000000e+00
1.186000000000000000e+03,5.000000000000000000e+01,-1.989760083233000287e+01,7.072524988726570427e+01,-8.276490549357070625e-01,0.000000000000000000e+00,5.485000000000000142e+01,6.150399999999999778e+01,6.000000000000000000e+01,1.000000000000000000e+00
1.187000000000000000e+03,4.999999999999999289e+01,-1.989760083233000287e+01,7.068911532333915204e+01,-7.915144910091577168e-01,0.000000000000000000e+00,5.485000000000000142e+01,6.150399999999999778e+01,6.000000000000000000e+01,1.000000000000000000e+00
1.188000000000000000e+03,5.000000000000000000e+01,-1.989760083233000287e+01,7.065455836854823701e+01,-7.569575362182380251e-01,0.000000000000000000e+00,5.485000000000000142e+01,6.150399999999999778e+01,6.000000000000000000e+01,1.000000000000000000e+00
1.189000000000000000e+03,5.000000000000000711e+01,-1.989760083233000287e+01,7.062151014560997453e+01,-7.239093132799709895e-01,0.000000000000000000e+00,5.485000000000000142e+01,6.150399999999999778e+01,6.000000000000000000e+01,1.000000000000000000e+00
1.190000000000000000e+03,5.000000000000000711e+01,-1.989760083233000287e+01,7.058990478437414140e+01,-6.923039520441370831e-01,0.000000000000000000e+00,5.485000000000000142e+01,6.150399999999999778e+01,6.000000000000000000e+01,1.000000000000000000e+00
1.191000000000000000e+03,5.000000000000000711e+01,-1.989760083233000287e+01,7.055967929053402088e+01,-6.620784582040155630e-01,0.000000000000000000e+00,5.485000000000000142e+01,6.150399999999999778e+01,6.000000000000000000e+01,1.000000000000000000e+00
1.192000000000000000e+03,5.000000000000000711e+01,-1.989760083233000287e+01,7.053077342006912431e+01,-6.331725877391206625e-01,0.000000000000000000e+00,5.485000000000000142e+01,6.150399999999999778e+01,6.000000000000000000e+01,1.000000000000000000e+00
1.193000000000000000e+03,5.000000000000000000e+01,-1.989760083233000287e+01,7.050312955916967894e+01,-6.055287268396778444e-01,0.000000000000000000e+00,5.485000000000000142e+01,6.150399999999999778e+01,6.000000000000000000e+01,1.000000000000000000e+00
1.194000000000000000e+03,5.000000000000000000e+01,-1.989760083233000287e+01,7.047669260940351421e+01,-5.790917770735114489e-01,0.000000000000000000e+00,5.485000000000000142e+01,6.150399999999999778e+01,6.000000000000000000e+01,1.000000000000000000e+00
1.195000000000000000e+03,5.000000000000000000e+01,-2.008898142344348514e+01,7.082581552082491783e+01,-7.368340973814356820e-01,0.000000000000000000e+00,5.485000000000000142e+01,6.156799999999999784e+01,6.000000000000000000e+01,1.000000000000000000e+00
1.196000000000000000e+03,5.000000000000000711e+01,-2.008898142344348514e+01,7.079364587278834620e+01,-7.046644493448543933e-01,0.000000000000000000e+00,5.485000000000000142e+01,6.156799999999999784e+01,6.000000000000000000e+01,1.000000000000000000e+00
1.197000000000000000e+03,5.000000000000000711e+01,-2.028335233629313095e+01,7.114313645960358201e+01,-8.597841233104435155e-01,0.000000000000000000e+00,5.485000000000000142e+01,6.163300000000000267e+01,6.000000000000000000e+01,1.000000000000000000e+00
1.198000000000000000e+03,4.999999999999998579e+01,-2.057042322296334902e+01,7.166720736604032993e+01,-1.096784143076994233e+00,0.000000000000000000e+00,5.485000000000000142e+01,6.172899999999999920e+01,6.000000000000000000e+01,1.000000000000000000e+00
1.199000000000000000e+03,5.000000000000000000e+01,-2.047473292740661677e+01,7.143211973579722951e+01,-9.573868083906088566e-01,0.000000000000000000e+00,5.485000000000000142e+01,6.169700000000000273e+01,6.000000000000000000e+01,1.000000000000000000e+00
1.200000000000000000e+03,4.999999999999999289e+01,-2.076479413581297351e+01,7.195777946720096452e+01,-1.192985331387992343e+00,0.000000000000000000e+00,5.485000000000000142e+01,6.179399999999999693e+01,6.000000000000000000e+01,1.000000000000000000e+00
1.201000000000000000e+03,4.999999999999999289e+01,-2.076479413581297351e+01,7.190569458356169719e+01,-1.140900447748725899e+00,0.000000000000000000e+00,5.485000000000000142e+01,6.179399999999999693e+01,6.000000000000000000e+01,1.000000000000000000e+00
1.202000000000000000e+03,5.000000000000000711e+01,-2.086048443136972708e+01,7.204308651003712782e+01,-1.182602078667394530e+00,0.000000000000000000e+00,5.485000000000000142e+01,6.182600000000000051e+01,6.000000000000000000e+01,1.000000000000000000e+00
1.203000000000000000e+03,5.000000000000000711e+01,-2.066910384025624126e+01,7.161704930883352915e+01,-9.479454685772822353e-01,0.000000000000000000e+00,5.485000000000000142e+01,6.176200000000000045e+01,6.000000000000000000e+01,1.000000000000000000e+00
1.204000000000000000e+03,4.999999999999999289e+01,-2.086048443136972708e+01,7.195006833272469748e+01,-1.089583901354975293e+00,0.000000000000000000e+00,5.485000000000000142e+01,6.182600000000000051e+01,6.000000000000000000e+01,1.000000000000000000e+00
1.205000000000000000e+03,4.999999999999999289e+01,-2.066910384025624126e+01,7.152809223840496600e+01,-8.589883981487317355e-01,0.000000000000000000e+00,5.485000000000000142e+01,6.176200000000000045e+01,6.000000000000000000e+01,1.000000000000000000e+00
1.206000000000000000e+03,4.999999999999999289e+01,-2.066910384025624126e+01,7.149058942123872384e+01,-8.214855809824863631e-01,0.000000000000000000e+00,5.485000000000000142e+01,6.176200000000000045e+01,6.000000000000000000e+01,1.000000000000000000e+00
1.207000000000000000e+03,5.000000000000000000e+01,-2.086048443136972708e+01,7.182912959309133782e+01,-9.686451617216101928e-01,0.000000000000000000e+00,5.485000000000000142e+01,6.182600000000000051e+01,6.000000000000000000e+01,1.000000000000000000e+00
1.208000000000000000e+03,5.000000000000000000e+01,-2.047473292740661677e+01,7.103217786627509156e+01,-5.574449388684747930e-01,0.000000000000000000e+00,5.485000000000000142e+01,6.169700000000000273e+01,6.000000000000000000e+01,1.000000000000000000e+00
1.209000000000000000e+03,5.000000000000000000e+01,-2.066910384025624126e+01,7.138809595129235674e+01,-7.189921110361133794e-01,0.000000000000000000e+00,5.485000000000000142e+01,6.176200000000000045e+01,6.000000000000000000e+01,1.000000000000000000e+00
1.210000000000000000e+03,5.000000000000000000e+01,-2.076479413581297351e+01,7.154390809304275933e+01,-7.791139572297858251e-01,0.000000000000000000e+00,5.485000000000000142e+01,6.179399999999999693e+01,6.000000000000000000e+01,1.000000000000000000e+00
1.211000000000000000e+03,5.000000000000000000e+01,-2.066910384025624126e+01,7.132268971519545175e+01,-6.535858749392077227e-01,0.000000000000000000e+00,5.485000000000000142e+01,6.176200000000000045e+01,6.000000000000000000e+01,1.000000000000000000e+00
1.212000000000000000e+03,5.000000000000000000e+01,-2.047473292740661677e+01,7.091389889372354105e+01,-4.391659663169202865e-01,0.000000000000000000e+00,5.485000000000000142e+01,6.169700000000000273e+01,6.000000000000000000e+01,1.000000000000000000e+00
1.213000000000000000e+03,4.999999999999999289e+01,-2.076479413581297351e+01,7.146218377528519738e+01,-6.973896394722249870e-01,0.000000000000000000e+00,5.485000000000000142e+01,6.179399999999999693e+01,6.000000000000000000e+01,1.000000000000000000e+00
1.214000000000000000e+03,5.000000000000000711e+01,-2.066910384025624126e+01,7.124453342251658228e+01,-5.754295822603363586e-01,0.000000000000000000e+00,5.485000000000000142e+01,6.176200000000000045e+01,6.000000000000000000e+01,1.000000000000000000e+00
1.215000000000000000e+03,5.000000000000000000e+01,-2.086048443136972708e+01,7.159381622273602375e+01,-7.333317913662951160e-01,0.000000000000000000e+00,5.485000000000000142e+01,6.182600000000000051e+01,6.000000000000000000e+01,1.000000000000000000e+00
1.216000000000000000e+03,5.000000000000000000e+01,-2.086048443136972708e+01,7.156179948286727210e+01,-7.013150514975414751e-01,0.000000000000000000e+00,5.485000000000000142e+01,6.182600000000000051e+01,6.000000000000000000e+01,1.000000000000000000e+00
1.217000000000000000e+03,5.000000000000000000e+01,-2.086048443136972708e+01,7.153118057089018578e+01,-6.706961395204622534e-01,0.000000000000000000e+00,5.485000000000000142e+01,6.182600000000000051e+01,6.000000000000000000e+01,1.000000000000000000e+00
1.218000000000000000e+03,5.000000000000000000e+01,-2.086048443136972708e+01,7.150189845864193217e+01,-6.414140272722043123e-01,0.000000000000000000e+00,5.485000000000000142e+01,6.182600000000000051e+01,6.000000000000000000e+01,1.000000000000000000e+00
1.219000000000000000e+03,5.000000000000000711e+01,-2.086048443136972708e+01,7.147389478240545202e+01,-6.134103510357185041e-01,0.000000000000000000e+00,5.485000000000000142e+01,6.182600000000000051e+01,6.000000000000000000e+01,1.000000000000000000e+00
1.220000000000000000e+03,4.999999999999999289e+01,-2.086048443136972708e+01,7.144711372658169068e+01,-5.866292952119682713e-01,0.000000000000000000e+00,5.485000000000000142e+01,6.182600000000000051e+01,6.000000000000000000e+01,1.000000000000000000e+00
1.221000000000000000e+03,5.000000000000000000e+01,-2.076479413581297351e+01,7.123429909097640689e+01,-4.695049551634284946e-01,0.000000000000000000e+00,5.485000000000000142e+01,6.179399999999999693e+01,6.000000000000000000e+01,1.000000000000000000e+00
1.222000000000000000e+03,4.999999999999999289e+01,-2.076479413581297351e+01,7.121380084148887590e+01,-4.490067056759056707e-01,0.000000000000000000e+00,5.485000000000000142e+01,6.179399999999999693e+01,6.000000000000000000e+01,1.000000000000000000e+00
1.223000000000000000e+03,5.000000000000000000e+01,-2.066910384025624126e+01,7.100699470940293168e+01,-3.378908691466881442e-01,0.000000000000000000e+00,5.485000000000000142e+01,6.176200000000000045e+01,6.000000000000000000e+01,1.000000000000000000e+00
1.224000000000000000e+03,5.000000000000000000e+01,-2.086048443136972708e+01,7.136664827941042688e+01,-5.061638480406970286e-01,0.000000000000000000e+00,5.485000000000000142e+01,6.182600000000000051e+01,6.000000000000000000e+01,1.000000000000000000e+00
1.225000000000000000e+03,5.000000000000000000e+01,-2.066910384025624126e+01,7.097014388603301427e+01,-3.010400457767727911e-01,0.000000000000000000e+00,5.485000000000000142e+01,6.176200000000000045e+01,6.000000000000000000e+01,1.000000000000000000e+00
1.226000000000000000e+03,5.000000000000000711e+01,-2.086048443136972708e+01,7.133140633654954854e+01,-4.709219051798153588e-01,0.000000000000000000e+00,5.485000000000000142e+01,6.182600000000000051e+01,6.000000000000000000e+01,1.000000000000000000e+00
1.227000000000000000e+03,5.000000000000000000e+01,-2.066910384025624126e+01,7.093644058111246409e+01,-2.673367408562210557e-01,0.000000000000000000e+00,5.485000000000000142e+01,6.176200000000000045e+01,6.000000000000000000e+01,1.000000000000000000e+00
1.228000000000000000e+03,4.999999999999999289e+01,-2.086048443136972708e+01,7.129917449374076455e+01,-4.386900623710426883e-01,0.000000000000000000e+00,5.485000000000000142e+01,6.182600000000000051e+01,6.000000000000000000e+01,1.000000000000000000e+00
1.229000000000000000e+03,5.000000000000000711e+01,-2.095617472692645578e+01,7.146722442182806390e+01,-5.110496949016034574e-01,0.000000000000000000e+00,5.485000000000000142e+01,6.185799999999999699e+01,6.000000000000000000e+01,1.000000000000000000e+00
1.230000000000000000e+03,5.000000000000000711e+01,-2.086048443136972708e+01,7.125770953734640045e+01,-3.972251059766687131e-01,0.000000000000000000e+00,5.485000000000000142e+01,6.182600000000000051e+01,6.000000000000000000e+01,1.000000000000000000e+00
1.231000000000000000e+03,4.999999999999999289e+01,-2.105485534421935157e+01,7.162062270531505703e+01,-5.657673610957156818e-01,0.000000000000000000e+00,5.485000000000000142e+01,6.189099999999999824e+01,6.000000000000000000e+01,1.000000000000000000e+00
1.232000000000000000e+03,5.000000000000000000e+01,-2.086048443136972708e+01,7.121566597715056446e+01,-3.551815457808370491e-01,0.000000000000000000e+00,5.485000000000000142e+01,6.182600000000000051e+01,6.000000000000000000e+01,1.000000000000000000e+00
1.233000000000000000e+03,5.000000000000000711e+01,-2.095617472692645578e+01,7.138736182715747702e+01,-4.311871002310144751e-01,0.000000000000000000e+00,5.485000000000000142e+01,6.185799999999999699e+01,6.000000000000000000e+01,1.000000000000000000e+00
1.234000000000000000e+03,5.000000000000000711e+01,-2.076479413581297351e+01,7.099413086479600565e+01,-2.293367289830227362e-01,0.000000000000000000e+00,5.485000000000000142e+01,6.179399999999999693e+01,6.000000000000000000e+01,1.000000000000000000e+00
1.235000000000000000e+03,4.999999999999998579e+01,-2.057042322296334902e+01,7.060386245665121407e+01,-3.343923368787740658e-02,0.000000000000000000e+00,5.485000000000000142e+01,6.172899999999999920e+01,6.000000000000000000e+01,1.000000000000000000e+00
1.236000000000000000e+03,5.000000000000001421e+01,-2.037904263184986320e+01,7.022799688077155622e+01,1.510457510783185242e-01,0.000000000000000000e+00,5.485000000000000142e+01,6.166499999999999915e+01,6.000000000000000000e+01,1.000000000000000000e+00
1.237000000000000000e+03,5.000000000000000711e+01,-2.028335233629313095e+01,7.004738860842888926e+01,2.359637278642504610e-01,0.000000000000000000e+00,5.485000000000000142e+01,6.163300000000000267e+01,6.000000000000000000e+01,1.000000000000000000e+00
1.238000000000000000e+03,5.000000000000000000e+01,-2.008898142344348514e+01,6.967743488439170108e+01,4.115465390517824562e-01,0.000000000000000000e+00,5.485000000000000142e+01,6.156799999999999784e+01,6.000000000000000000e+01,1.000000000000000000e+00
1.239000000000000000e+03,5.000000000000000000e+01,-1.999329112788675644e+01,6.950819988955090878e+01,4.850912383358451652e-01,0.000000000000000000e+00,5.485000000000000142e+01,6.153600000000000136e+01,6.000000000000000000e+01,1.000000000000000000e+00
1.240000000000000000e+03,4.999999999999999289e+01,-1.989760083233000287e+01,6.934217580351482013e+01,5.554250288151748594e-01,0.000000000000000000e+00,5.485000000000000142e+01,6.150399999999999778e+01,6.000000000000000000e+01,1.000000000000000000e+00
1.241000000000000000e+03,4.999999999999999289e+01,-1.999329112788675644e+01,6.955362808323729951e+01,4.396630446494477207e-01,0.000000000000000000e+00,5.485000000000000142e+01,6.153600000000000136e+01,6.000000000000000000e+01,1.000000000000000000e+00
1.242000000000000000e+03,4.999999999999999289e+01,-1.989760083233000287e+01,6.938562063485815656e+01,5.119801974718376503e-01,0.000000000000000000e+00,5.485000000000000142e+01,6.150399999999999778e+01,6.000000000000000000e+01,1.000000000000000000e+00
1.243000000000000000e+03,5.000000000000000000e+01,-1.999329112788675644e+01,6.959517614441448075e+01,3.981149834722722547e-01,0.000000000000000000e+00,5.485000000000000142e+01,6.153600000000000136e+01,6.000000000000000000e+01,1.000000000000000000e+00
1.244000000000000000e+03,4.999999999999999289e+01,-1.999329112788675644e+01,6.961255755895800235e+01,3.807335689287451586e-01,0.000000000000000000e+00,5.485000000000000142e+01,6.153600000000000136e+01,6.000000000000000000e+01,1.000000000000000000e+00
1.245000000000000000e+03,5.000000000000000000e+01,-1.989760083233000287e+01,6.944197729194893043e+01,4.556235403810713347e-01,0.000000000000000000e+00,5.485000000000000142e+01,6.150399999999999778e+01,6.000000000000000000e+01,1.000000000000000000e+00
1.246000000000000000e+03,4.999999999999999289e+01,-1.989760083233000287e+01,6.946186948882652246e+01,4.357313435034714244e-01,0.000000000000000000e+00,5.485000000000000142e+01,6.150399999999999778e+01,6.000000000000000000e+01,1.000000000000000000e+00
1.247000000000000000e+03,5.000000000000000000e+01,-2.028335233629313095e+01,7.023555458068817359e+01,4.779775560495935771e-02,0.000000000000000000e+00,5.485000000000000142e+01,6.163300000000000267e+01,6.000000000000000000e+01,1.000000000000000000e+00
1.248000000000000000e+03,5.000000000000000711e+01,-2.018766204073638093e+01,7.005043857494027293e+01,1.372234657961168003e-01,0.000000000000000000e+00,5.485000000000000142e+01,6.160099999999999909e+01,6.000000000000000000e+01,1.000000000000000000e+00
1.249000000000000000e+03,5.000000000000000711e+01,-2.037904263184986320e+01,7.043083529593189951e+01,-5.179266408203039851e-02,0.000000000000000000e+00,5.485000000000000142e+01,6.166499999999999915e+01,6.000000000000000000e+01,1.000000000000000000e+00
1.250000000000000000e+03,4.999999999999999289e+01,-2.018766204073638093e+01,7.005416842244920872e+01,1.334936182871701016e-01,0.000000000000000000e+00,5.485000000000000142e+01,6.160099999999999909e+01,6.000000000000000000e+01,1.000000000000000000e+00
1.251000000000000000e+03,5.000000000000000711e+01,-2.047473292740661677e+01,7.062160512243890764e+01,-1.468721950322802727e-01,0.000000000000000000e+00,5.485000000000000142e+01,6.169700000000000273e+01,6.000000000000000000e+01,1.000000000000000000e+00
1.252000000000000000e+03,5.000000000000000000e+01,-2.047473292740661677e+01,7.061519278777993236e+01,-1.404598603733120121e-01,0.000000000000000000e+00,5.485000000000000142e+01,6.169700000000000273e+01,6.000000000000000000e+01,1.000000000000000000e+00
1.253000000000000000e+03,5.000000000000000000e+01,-2.037904263184986320e+01,7.042185758958727604e+01,-4.281495773741110511e-02,0.000000000000000000e+00,5.485000000000000142e+01,6.166499999999999915e+01,6.000000000000000000e+01,1.000000000000000000e+00
1.254000000000000000e+03,4.999999999999999289e+01,-2.057042322296334902e+01,7.079439396217928504e+01,-2.239707392159424604e-01,0.000000000000000000e+00,5.485000000000000142e+01,6.172899999999999920e+01,6.000000000000000000e+01,1.000000000000000000e+00
1.255000000000000000e+03,5.000000000000000711e+01,-2.086048443136972708e+01,7.135207411296048008e+01,-4.915896815907467854e-01,0.000000000000000000e+00,5.485000000000000142e+01,6.182600000000000051e+01,6.000000000000000000e+01,1.000000000000000000e+00
1.256000000000000000e+03,4.999999999999999289e+01,-2.086048443136972708e+01,7.133061166016221932e+01,-4.701272287924979087e-01,0.000000000000000000e+00,5.485000000000000142e+01,6.182600000000000051e+01,6.000000000000000000e+01,1.000000000000000000e+00
1.257000000000000000e+03,5.000000000000000000e+01,-2.086048443136972708e+01,7.131008624265452056e+01,-4.496018112847914860e-01,0.000000000000000000e+00,5.485000000000000142e+01,6.182600000000000051e+01,6.000000000000000000e+01,1.000000000000000000e+00
1.258000000000000000e+03,5.000000000000000000e+01,-2.086048443136972708e+01,7.129045695014886519e+01,-4.299725187791355596e-01,0.000000000000000000e+00,5.485000000000000142e+01,6.182600000000000051e+01,6.000000000000000000e+01,1.000000000000000000e+00
1.259000000000000000e+03,4.999999999999999289e+01,-2.086048443136972708e+01,7.127168465847060475e+01,-4.112002271008818322e-01,0.000000000000000000e+00,5.485000000000000142e+01,6.182600000000000051e+01,6.000000000000000000e+01,1.000000000000000000e+00
1.260000000000000000e+03,5.000000000000000000e+01,-2.105485534421935157e+01,7.163398768267769867e+01,-5.791323384583517697e-01,0.000000000000000000e+00,5.485000000000000142e+01,6.189099999999999824e+01,6.000000000000000000e+01,1.000000000000000000e+00
1.261000000000000000e+03,5.000000000000000000e+01,-2.086048443136972708e+01,7.122844744919049731e+01,-3.679630178207677904e-01,0.000000000000000000e+00,5.485000000000000142e+01,6.182600000000000051e+01,6.000000000000000000e+01,1.000000000000000000e+00
1.262000000000000000e+03,5.000000000000000000e+01,-2.076479413581297351e+01,7.102517962636999016e+01,-2.603854905570099354e-01,0.000000000000000000e+00,5.485000000000000142e+01,6.179399999999999693e+01,6.000000000000000000e+01,1.000000000000000000e+00
1.263000000000000000e+03,5.000000000000000711e+01,-2.086048443136972708e+01,7.120101420413485016e+01,-3.405297727651173112e-01,0.000000000000000000e+00,5.485000000000000142e+01,6.182600000000000051e+01,6.000000000000000000e+01,1.000000000000000000e+00
1.264000000000000000e+03,4.999999999999998579e+01,-2.057042322296334902e+01,7.061868836601176724e+01,-4.826514304843104730e-02,0.000000000000000000e+00,5.485000000000000142e+01,6.172899999999999920e+01,6.000000000000000000e+01,1.000000000000000000e+00
1.265000000000000000e+03,5.000000000000000000e+01,-2.066910384025624126e+01,7.080963405412998668e+01,-1.405302138737444806e-01,0.000000000000000000e+00,5.485000000000000142e+01,6.176200000000000045e+01,6.000000000000000000e+01,1.000000000000000000e+00
1.266000000000000000e+03,5.000000000000000000e+01,-2.086048443136972708e+01,7.117790424874668531e+01,-3.174198173769602338e-01,0.000000000000000000e+00,5.485000000000000142e+01,6.182600000000000051e+01,6.000000000000000000e+01,1.000000000000000000e+00
1.267000000000000000e+03,4.999999999999999289e+01,-2.086048443136972708e+01,7.116404592725865541e+01,-3.035614958889324422e-01,0.000000000000000000e+00,5.485000000000000142e+01,6.182600000000000051e+01,6.000000000000000000e+01,1.000000000000000000e+00
1.268000000000000000e+03,5.000000000000000711e+01,-2.086048443136972708e+01,7.115079265014389875e+01,-2.903082187741658493e-01,0.000000000000000000e+00,5.485000000000000142e+01,6.182600000000000051e+01,6.000000000000000000e+01,1.000000000000000000e+00
1.269000000000000000e+03,5.000000000000000711e+01,-2.095617472692645578e+01,7.132532082306336463e+01,-3.691460961369001925e-01,0.000000000000000000e+00,5.485000000000000142e+01,6.185799999999999699e+01,6.000000000000000000e+01,1.000000000000000000e+00
1.270000000000000000e+03,4.999999999999999289e+01,-2.086048443136972708e+01,7.112200134789242156e+01,-2.615169165227014814e-01,0.000000000000000000e+00,5.485000000000000142e+01,6.182600000000000051e+01,6.000000000000000000e+01,1.000000000000000000e+00
1.271000000000000000e+03,4.999999999999999289e+01,-2.124623593533283383e+01,7.186524508097478758e+01,-6.190091456419601901e-01,0.000000000000000000e+00,5.485000000000000142e+01,6.195499999999999829e+01,6.000000000000000000e+01,1.000000000000000000e+00
1.272000000000000000e+03,5.000000000000000711e+01,-2.095617472692645578e+01,7.127076103323204848e+01,-3.145863063055875375e-01,0.000000000000000000e+00,5.485000000000000142e+01,6.185799999999999699e+01,6.000000000000000000e+01,1.000000000000000000e+00
1.273000000000000000e+03,5.000000000000000000e+01,-2.124623593533283383e+01,7.182448497336788762e+01,-5.782490380350530090e-01,0.000000000000000000e+00,5.485000000000000142e+01,6.195499999999999829e+01,6.000000000000000000e+01,1.000000000000000000e+00
1.274000000000000000e+03,5.000000000000000000e+01,-2.124623593533283383e+01,7.179923903524262130e+01,-5.530030999097851341e-01,0.000000000000000000e+00,5.485000000000000142e+01,6.195499999999999829e+01,6.000000000000000000e+01,1.000000000000000000e+00
1.275000000000000000e+03,5.000000000000000000e+01,-2.144060684818247964e+01,7.215535104776198239e+01,-7.147441995795018599e-01,0.000000000000000000e+00,5.485000000000000142e+01,6.202000000000000313e+01,6.000000000000000000e+01,1.000000000000000000e+00
1.276000000000000000e+03,5.000000000000000000e+01,-2.144060684818247964e+01,7.212414582881463332e+01,-6.835389806321520156e-01,0.000000000000000000e+00,5.485000000000000142e+01,6.202000000000000313e+01,6.000000000000000000e+01,1.000000000000000000e+00
1.277000000000000000e+03,5.000000000000000711e+01,-2.163198743929596546e+01,7.246870865026623676e+01,-8.367212109702614198e-01,0.000000000000000000e+00,5.485000000000000142e+01,6.208400000000000318e+01,6.000000000000000000e+01,1.000000000000000000e+00
1.278000000000000000e+03,5.000000000000000000e+01,-2.153629714373921189e+01,7.224497518105194160e+01,-7.086780373127311572e-01,0.000000000000000000e+00,5.485000000000000142e+01,6.205199999999999960e+01,6.000000000000000000e+01,1.000000000000000000e+00
1.279000000000000000e+03,5.000000000000000000e+01,-2.182336803040944773e+01,7.277564327078958684e+01,-9.522752403801386656e-01,0.000000000000000000e+00,5.485000000000000142e+01,6.214800000000000324e+01,6.000000000000000000e+01,1.000000000000000000e+00
1.280000000000000000e+03,5.000000000000000711e+01,-2.182336803040944773e+01,7.273406761702187850e+01,-9.106995866124202310e-01,0.000000000000000000e+00,5.485000000000000142e+01,6.214800000000000324e+01,6.000000000000000000e+01,1.000000000000000000e+00
1.281000000000000000e+03,5.000000000000000711e+01,-2.182336803040944773e+01,7.269430712646844484e+01,-8.709390960589876718e-01,0.000000000000000000e+00,5.485000000000000142e+01,6.214800000000000324e+01,6.000000000000000000e+01,1.000000000000000000e+00
1.282000000000000000e+03,5.000000000000000000e+01,-2.163198743929596546e+01,7.228187690747722627e+01,-6.498894681812545926e-01,0.000000000000000000e+00,5.485000000000000142e+01,6.208400000000000318e+01,6.000000000000000000e+01,1.000000000000000000e+00
1.283000000000000000e+03,5.000000000000000000e+01,-2.182336803040944773e+01,7.262790884249996282e+01,-8.045408120905123139e-01,0.000000000000000000e+00,5.485000000000000142e+01,6.214800000000000324e+01,6.000000000000000000e+01,1.000000000000000000e+00
1.284000000000000000e+03,5.000000000000000000e+01,-2.182336803040944773e+01,7.259278316787660401e+01,-7.694151374671529542e-01,0.000000000000000000e+00,5.485000000000000142e+01,6.214800000000000324e+01,6.000000000000000000e+01,1.000000000000000000e+00
1.285000000000000000e+03,5.000000000000000000e+01,-2.182336803040944773e+01,7.255919105500574062e+01,-7.358230245962921190e-01,0.000000000000000000e+00,5.485000000000000142e+01,6.214800000000000324e+01,6.000000000000000000e+01,1.000000000000000000e+00
1.286000000000000000e+03,5.000000000000000711e+01,-2.182336803040944773e+01,7.252706554968155217e+01,-7.036975192720975603e-01,0.000000000000000000e+00,5.485000000000000142e+01,6.214800000000000324e+01,6.000000000000000000e+01,1.000000000000000000e+00
1.287000000000000000e+03,4.999999999999998579e+01,-2.153629714373921189e+01,7.193473415647805780e+01,-3.984370127388571770e-01,0.000000000000000000e+00,5.485000000000000142e+01,6.205199999999999960e+01,6.000000000000000000e+01,1.000000000000000000e+00
1.288000000000000000e+03,4.999999999999999289e+01,-2.153629714373921189e+01,7.191733868236779870e+01,-3.810415386285967432e-01,0.000000000000000000e+00,5.485000000000000142e+01,6.205199999999999960e+01,6.000000000000000000e+01,1.000000000000000000e+00
1.289000000000000000e+03,5.000000000000000000e+01,-2.163198743929596546e+01,7.208790550364075500e+01,-4.559180643447858783e-01,0.000000000000000000e+00,5.485000000000000142e+01,6.208400000000000318e+01,6.000000000000000000e+01,1.000000000000000000e+00
1.290000000000000000e+03,4.999999999999998579e+01,-2.153629714373921189e+01,7.188079762659394589e+01,-3.445004828547453268e-01,0.000000000000000000e+00,5.485000000000000142e+01,6.205199999999999960e+01,6.000000000000000000e+01,1.000000000000000000e+00
1.291000000000000000e+03,4.999999999999999289e+01,-2.153629714373921189e+01,7.186575698268067924e+01,-3.294598389414759021e-01,0.000000000000000000e+00,5.485000000000000142e+01,6.205199999999999960e+01,6.000000000000000000e+01,1.000000000000000000e+00
1.292000000000000000e+03,5.000000000000000000e+01,-2.172767773485269771e+01,7.222577864541794668e+01,-4.981009105652476343e-01,0.000000000000000000e+00,5.485000000000000142e+01,6.211599999999999966e+01,6.000000000000000000e+01,1.000000000000000000e+00
1.293000000000000000e+03,5.000000000000000000e+01,-2.172767773485269771e+01,7.220403191703427126e+01,-4.763541821815723276e-01,0.000000000000000000e+00,5.485000000000000142e+01,6.211599999999999966e+01,6.000000000000000000e+01,1.000000000000000000e+00
1.294000000000000000e+03,4.999999999999998579e+01,-2.153629714373921189e+01,7.180882899228076610e+01,-2.725318485415677561e-01,0.000000000000000000e+00,5.485000000000000142e+01,6.205199999999999960e+01,6.000000000000000000e+01,1.000000000000000000e+00
1.295000000000000000e+03,5.000000000000001421e+01,-2.182336803040944773e+01,7.235853891169912799e+01,-5.351708812896686096e-01,0.000000000000000000e+00,5.485000000000000142e+01,6.214800000000000324e+01,6.000000000000000000e+01,1.000000000000000000e+00
1.296000000000000000e+03,5.000000000000000000e+01,-2.172767773485269771e+01,7.214797091352589575e+01,-4.202931786731967101e-01,0.000000000000000000e+00,5.485000000000000142e+01,6.211599999999999966e+01,6.000000000000000000e+01,1.000000000000000000e+00
1.297000000000000000e+03,5.000000000000000000e+01,-2.182336803040944773e+01,7.231682403635629441e+01,-4.934560059468452442e-01,0.000000000000000000e+00,5.485000000000000142e+01,6.214800000000000324e+01,6.000000000000000000e+01,1.000000000000000000e+00
1.298000000000000000e+03,5.000000000000000711e+01,-2.182336803040944773e+01,7.229528010117569181e+01,-4.719120707662376457e-01,0.000000000000000000e+00,5.485000000000000142e+01,6.214800000000000324e+01,6.000000000000000000e+01,1.000000000000000000e+00
1.299000000000000000e+03,5.000000000000000000e+01,-2.192204864770232220e+01,7.246772966838292973e+01,-5.456810206806037566e-01,0.000000000000000000e+00,5.485000000000000142e+01,6.218099999999999739e+01,6.000000000000000000e+01,1.000000000000000000e+00
1.300000000000000000e+03,5.000000000000000711e+01,-2.182336803040944773e+01,7.225085271689388833e+01,-4.274846864844332739e-01,0.000000000000000000e+00,5.485000000000000142e+01,6.214800000000000324e+01,6.000000000000000000e+01,1.000000000000000000e+00
1.301000000000000000e+03,5.000000000000000000e+01,-2.201773894325907222e+01,7.261244477328787639e+01,-5.947058300288005084e-01,0.000000000000000000e+00,5.485000000000000142e+01,6.221300000000000097e+01,6.000000000000000000e+01,1.000000000000000000e+00
1.302000000000000000e+03,5.000000000000000711e+01,-2.182336803040944773e+01,7.220622461233219269e+01,-3.828565819227369715e-01,0.000000000000000000e+00,5.485000000000000142e+01,6.214800000000000324e+01,6.000000000000000000e+01,1.000000000000000000e+00
1.303000000000000000e+03,5.000000000000000000e+01,-2.182336803040944773e+01,7.218950936865289236e+01,-3.661413382434434705e-01,0.000000000000000000e+00,5.485000000000000142e+01,6.214800000000000324e+01,6.000000000000000000e+01,1.000000000000000000e+00
1.304000000000000000e+03,5.000000000000000000e+01,-2.182336803040944773e+01,7.217352390051998157e+01,-3.501558701105307869e-01,0.000000000000000000e+00,5.485000000000000142e+01,6.214800000000000324e+01,6.000000000000000000e+01,1.000000000000000000e+00
1.305000000000000000e+03,5.000000000000000000e+01,-2.201773894325907222e+01,7.253849207755588679e+01,-5.207531342968096943e-01,0.000000000000000000e+00,5.485000000000000142e+01,6.221300000000000097e+01,6.000000000000000000e+01,1.000000000000000000e+00
1.306000000000000000e+03,5.000000000000000000e+01,-2.201773894325907222e+01,7.251575636933634428e+01,-4.980174260772663453e-01,0.000000000000000000e+00,5.485000000000000142e+01,6.221300000000000097e+01,6.000000000000000000e+01,1.000000000000000000e+00
1.307000000000000000e+03,4.999999999999999289e+01,-2.192204864770232220e+01,7.230681046436126280e+01,-3.847618166589423239e-01,0.000000000000000000e+00,5.485000000000000142e+01,6.218099999999999739e+01,6.000000000000000000e+01,1.000000000000000000e+00
1.308000000000000000e+03,4.999999999999998579e+01,-2.211342923881580447e+01,7.266441768242877686e+01,-5.509884436129842689e-01,0.000000000000000000e+00,5.485000000000000142e+01,6.224499999999999744e+01,6.000000000000000000e+01,1.000000000000000000e+00
1.309000000000000000e+03,5.000000000000000000e+01,-2.220911953437255804e+01,7.282756474376162714e+01,-6.184452093890685509e-01,0.000000000000000000e+00,5.485000000000000142e+01,6.227700000000000102e+01,6.000000000000000000e+01,1.000000000000000000e+00
1.310000000000000000e+03,5.000000000000000000e+01,-2.201773894325907222e+01,7.242615822670606462e+01,-4.084192834469896338e-01,0.000000000000000000e+00,5.485000000000000142e+01,6.221300000000000097e+01,6.000000000000000000e+01,1.000000000000000000e+00
1.311000000000000000e+03,5.000000000000000711e+01,-2.201773894325907222e+01,7.240832693381865681e+01,-3.905879905595747159e-01,0.000000000000000000e+00,5.485000000000000142e+01,6.221300000000000097e+01,6.000000000000000000e+01,1.000000000000000000e+00
1.312000000000000000e+03,5.000000000000000711e+01,-2.192204864770232220e+01,7.220407132092107361e+01,-2.820226732187408603e-01,0.000000000000000000e+00,5.485000000000000142e+01,6.218099999999999739e+01,6.000000000000000000e+01,1.000000000000000000e+00
1.313000000000000000e+03,5.000000000000000711e+01,-2.182336803040944773e+01,7.199870550371571198e+01,-1.753374733062543767e-01,0.000000000000000000e+00,5.485000000000000142e+01,6.214800000000000324e+01,6.000000000000000000e+01,1.000000000000000000e+00
1.314000000000000000e+03,5.000000000000000000e+01,-2.201773894325907222e+01,7.237130612652943285e+01,-3.535671832703535800e-01,0.000000000000000000e+00,5.485000000000000142e+01,6.221300000000000097e+01,6.000000000000000000e+01,1.000000000000000000e+00
1.315000000000000000e+03,5.000000000000000000e+01,-2.259487103833566835e+01,7.348493665393719709e+01,-8.900656156015289699e-01,0.000000000000000000e+00,5.485000000000000142e+01,6.240599999999999881e+01,6.000000000000000000e+01,1.000000000000000000e+00
1.316000000000000000e+03,5.000000000000000000e+01,-2.220911953437255804e+01,7.269141565372622438e+01,-4.822961193536646207e-01,0.000000000000000000e+00,5.485000000000000142e+01,6.227700000000000102e+01,6.000000000000000000e+01,1.000000000000000000e+00
1.317000000000000000e+03,5.000000000000000000e+01,-2.269056133389241836e+01,7.361222314667931244e+01,-9.216618127868947408e-01,0.000000000000000000e+00,5.485000000000000142e+01,6.243800000000000239e+01,6.000000000000000000e+01,1.000000000000000000e+00
1.318000000000000000e+03,5.000000000000000000e+01,-2.249918074277893609e+01,7.319757841026769540e+01,-6.983976674887615310e-01,0.000000000000000000e+00,5.485000000000000142e+01,6.237400000000000233e+01,6.000000000000000000e+01,1.000000000000000000e+00
1.319000000000000000e+03,5.000000000000000000e+01,-2.278924195118529283e+01,7.373454542174671644e+01,-9.453034705614262734e-01,0.000000000000000000e+00,5.485000000000000142e+01,6.247099999999999653e+01,6.000000000000000000e+01,1.000000000000000000e+00
1.320000000000000000e+03,5.000000000000000000e+01,-2.269056133389241836e+01,7.350022124081230857e+01,-8.096599069198907594e-01,0.000000000000000000e+00,5.485000000000000142e+01,6.243800000000000239e+01,6.000000000000000000e+01,1.000000000000000000e+00
1.321000000000000000e+03,5.000000000000000000e+01,-2.269056133389241836e+01,7.346487207018148524e+01,-7.743107362890688794e-01,0.000000000000000000e+00,5.485000000000000142e+01,6.243800000000000239e+01,6.000000000000000000e+01,1.000000000000000000e+00
1.322000000000000000e+03,4.999999999999999289e+01,-2.259487103833566835e+01,7.324386339751424657e+01,-6.489923591785835555e-01,0.000000000000000000e+00,5.485000000000000142e+01,6.240599999999999881e+01,6.000000000000000000e+01,1.000000000000000000e+00
1.323000000000000000e+03,5.000000000000000000e+01,-2.192204864770232220e+01,7.189925901832359045e+01,2.278962937873874051e-02,0.000000000000000000e+00,5.485000000000000142e+01,6.218099999999999739e+01,6.000000000000000000e+01,1.000000000000000000e+00
1.324000000000000000e+03,5.000000000000000000e+01,-2.220911953437255804e+01,7.246186246158413269e+01,-2.527429272115699899e-01,0.000000000000000000e+00,5.485000000000000142e+01,6.227700000000000102e+01,6.000000000000000000e+01,1.000000000000000000e+00
1.325000000000000000e+03,5.000000000000000000e+01,-2.230780015166545027e+01,7.264388079635209294e+01,-3.360806446866447805e-01,0.000000000000000000e+00,5.485000000000000142e+01,6.231000000000000227e+01,6.000000000000000000e+01,1.000000000000000000e+00
1.326000000000000000e+03,5.000000000000000711e+01,-2.220911953437255804e+01,7.243615484689729556e+01,-2.270353125247290826e-01,0.000000000000000000e+00,5.485000000000000142e+01,6.227700000000000102e+01,6.000000000000000000e+01,1.000000000000000000e+00
1.327000000000000000e+03,5.000000000000000000e+01,-2.278924195118529283e+01,7.356115975316994593e+01,-7.719178019846570926e-01,0.000000000000000000e+00,5.485000000000000142e+01,6.247099999999999653e+01,6.000000000000000000e+01,1.000000000000000000e+00
1.328000000000000000e+03,5.000000000000000711e+01,-2.278924195118529283e+01,7.352745837576183874e+01,-7.382164245765443500e-01,0.000000000000000000e+00,5.485000000000000142e+01,6.247099999999999653e+01,6.000000000000000000e+01,1.000000000000000000e+00
1.329000000000000000e+03,4.999999999999999289e+01,-2.259487103833566835e+01,7.311497264521248951e+01,-5.201016068768256062e-01,0.000000000000000000e+00,5.485000000000000142e+01,6.240599999999999881e+01,6.000000000000000000e+01,1.000000000000000000e+00
1.330000000000000000e+03,4.999999999999999289e+01,-2.269056133389241836e+01,7.327946820367689895e+01,-5.889068697844850320e-01,0.000000000000000000e+00,5.485000000000000142e+01,6.243800000000000239e+01,6.000000000000000000e+01,1.000000000000000000e+00
1.331000000000000000e+03,4.999999999999999289e+01,-2.278924195118529283e+01,7.344680986189905525e+01,-6.575679107137716306e-01,0.000000000000000000e+00,5.485000000000000142e+01,6.247099999999999653e+01,6.000000000000000000e+01,1.000000000000000000e+00
1.332000000000000000e+03,5.000000000000000000e+01,-2.278924195118529283e+01,7.341810091870141264e+01,-6.288589675161260217e-01,0.000000000000000000e+00,5.485000000000000142e+01,6.247099999999999653e+01,6.000000000000000000e+01,1.000000000000000000e+00
1.333000000000000000e+03,5.000000000000000000e+01,-2.278924195118529283e+01,7.339064538736602117e+01,-6.014034361807335527e-01,0.000000000000000000e+00,5.485000000000000142e+01,6.247099999999999653e+01,6.000000000000000000e+01,1.000000000000000000e+00
1.334000000000000000e+03,5.000000000000000000e+01,-2.278924195118529283e+01,7.336438854483026262e+01,-5.751465936449714489e-01,0.000000000000000000e+00,5.485000000000000142e+01,6.247099999999999653e+01,6.000000000000000000e+01,1.000000000000000000e+00
1.335000000000000000e+03,5.000000000000000711e+01,-2.298062254229877510e+01,7.371368370012962146e+01,-7.330611578308416920e-01,0.000000000000000000e+00,5.485000000000000142e+01,6.253499999999999659e+01,6.000000000000000000e+01,1.000000000000000000e+00
1.336000000000000000e+03,5.000000000000000000e+01,-2.278924195118529283e+01,7.330727313299838954e+01,-5.180311818131022594e-01,0.000000000000000000e+00,5.485000000000000142e+01,6.247099999999999653e+01,6.000000000000000000e+01,1.000000000000000000e+00
1.337000000000000000e+03,5.000000000000000000e+01,-2.278924195118529283e+01,7.328465626327137272e+01,-4.954143120860830529e-01,0.000000000000000000e+00,5.485000000000000142e+01,6.247099999999999653e+01,6.000000000000000000e+01,1.000000000000000000e+00
1.338000000000000000e+03,4.999999999999998579e+01,-2.288493224674204640e+01,7.345022965131398962e+01,-5.652974045719554308e-01,0.000000000000000000e+00,5.485000000000000142e+01,6.250300000000000011e+01,6.000000000000000000e+01,1.000000000000000000e+00
1.339000000000000000e+03,5.000000000000000711e+01,-2.307631283785552867e+01,7.379995481514180256e+01,-7.236419772862728861e-01,0.000000000000000000e+00,5.485000000000000142e+01,6.256700000000000017e+01,6.000000000000000000e+01,1.000000000000000000e+00
1.340000000000000000e+03,5.000000000000000000e+01,-2.307631283785552867e+01,7.376836112560364711e+01,-6.920482877481187733e-01,0.000000000000000000e+00,5.485000000000000142e+01,6.256700000000000017e+01,6.000000000000000000e+01,1.000000000000000000e+00
1.341000000000000000e+03,5.000000000000000711e+01,-2.278924195118529283e+01,7.317653832949055470e+01,-3.872963783052611464e-01,0.000000000000000000e+00,5.485000000000000142e+01,6.247099999999999653e+01,6.000000000000000000e+01,1.000000000000000000e+00
1.342000000000000000e+03,5.000000000000000711e+01,-2.298062254229877510e+01,7.353403489041507157e+01,-5.534123481162923630e-01,0.000000000000000000e+00,5.485000000000000142e+01,6.253499999999999659e+01,6.000000000000000000e+01,1.000000000000000000e+00
1.343000000000000000e+03,5.000000000000000711e+01,-2.278924195118529283e+01,7.313546766142366096e+01,-3.462257102383677898e-01,0.000000000000000000e+00,5.485000000000000142e+01,6.247099999999999653e+01,6.000000000000000000e+01,1.000000000000000000e+00
1.344000000000000000e+03,5.000000000000000000e+01,-2.298062254229877510e+01,7.349475733824907309e+01,-5.141347959502979847e-01,0.000000000000000000e+00,5.485000000000000142e+01,6.253499999999999659e+01,6.000000000000000000e+01,1.000000000000000000e+00
1.345000000000000000e+03,4.999999999999999289e+01,-2.346206434181863898e+01,7.441417477742518827e+01,-9.521104356065596130e-01,0.000000000000000000e+00,5.485000000000000142e+01,6.269599999999999795e+01,6.000000000000000000e+01,1.000000000000000000e+00
1.346000000000000000e+03,5.000000000000000711e+01,-2.317499345514842091e+01,7.381099785452299500e+01,-6.360043993745645441e-01,0.000000000000000000e+00,5.485000000000000142e+01,6.260000000000000142e+01,6.000000000000000000e+01,1.000000000000000000e+00
1.347000000000000000e+03,5.000000000000000000e+01,-2.356074495911153122e+01,7.453789173278693170e+01,-9.771467736754009259e-01,0.000000000000000000e+00,5.485000000000000142e+01,6.272899999999999920e+01,6.000000000000000000e+01,1.000000000000000000e+00
1.348000000000000000e+03,4.999999999999998579e+01,-2.346206434181863898e+01,7.430217729608507682e+01,-8.401129542664488303e-01,0.000000000000000000e+00,5.485000000000000142e+01,6.269599999999999795e+01,6.000000000000000000e+01,1.000000000000000000e+00
1.349000000000000000e+03,4.999999999999999289e+01,-2.346206434181863898e+01,7.426549856725620202e+01,-8.034342254375717030e-01,0.000000000000000000e+00,5.485000000000000142e+01,6.269599999999999795e+01,6.000000000000000000e+01,1.000000000000000000e+00
1.350000000000000000e+03,5.000000000000000000e+01,-2.336637404626190673e+01,7.404321838394797339e+01,-6.768443376860626692e-01,0.000000000000000000e+00,5.485000000000000142e+01,6.266400000000000148e+01,6.000000000000000000e+01,1.000000000000000000e+00
1.351000000000000000e+03,5.000000000000000000e+01,-2.336637404626190673e+01,7.401366784577894009e+01,-6.472937995170316983e-01,0.000000000000000000e+00,5.485000000000000142e+01,6.266400000000000148e+01,6.000000000000000000e+01,1.000000000000000000e+00
1.352000000000000000e+03,5.000000000000000000e+01,-2.317499345514842091e+01,7.361100181997633740e+01,-4.360083648279142743e-01,0.000000000000000000e+00,5.485000000000000142e+01,6.260000000000000142e+01,6.000000000000000000e+01,1.000000000000000000e+00
1.353000000000000000e+03,4.999999999999999289e+01,-2.365643525466828478e+01,7.453383020308201878e+01,-8.773949484137431032e-01,0.000000000000000000e+00,5.485000000000000142e+01,6.276100000000000279e+01,6.000000000000000000e+01,1.000000000000000000e+00
1.354000000000000000e+03,4.999999999999999289e+01,-2.346206434181863898e+01,7.411526803803808150e+01,-6.532036962194480711e-01,0.000000000000000000e+00,5.485000000000000142e+01,6.269599999999999795e+01,6.000000000000000000e+01,1.000000000000000000e+00
1.355000000000000000e+03,4.999999999999999289e+01,-2.346206434181863898e+01,7.408674963331407071e+01,-6.246852914954391656e-01,0.000000000000000000e+00,5.485000000000000142e+01,6.269599999999999795e+01,6.000000000000000000e+01,1.000000000000000000e+00
1.356000000000000000e+03,5.000000000000000711e+01,-2.327068375070515316e+01,7.368507067875081873e+01,-4.143869280456570214e-01,0.000000000000000000e+00,5.485000000000000142e+01,6.263199999999999790e+01,6.000000000000000000e+01,1.000000000000000000e+00
1.357000000000000000e+03,5.000000000000000000e+01,-2.327068375070515316e+01,7.366697884278181618e+01,-3.962950920766600271e-01,0.000000000000000000e+00,5.485000000000000142e+01,6.263199999999999790e+01,6.000000000000000000e+01,1.000000000000000000e+00
1.358000000000000000e+03,5.000000000000000000e+01,-2.375212555022501704e+01,7.459154107888281260e+01,-8.394155286577951181e-01,0.000000000000000000e+00,5.485000000000000142e+01,6.279299999999999926e+01,6.000000000000000000e+01,1.000000000000000000e+00
1.359000000000000000e+03,5.000000000000000000e+01,-2.356074495911153122e+01,7.418048715622717282e+01,-6.197421971156383824e-01,0.000000000000000000e+00,5.485000000000000142e+01,6.272899999999999920e+01,6.000000000000000000e+01,1.000000000000000000e+00
1.360000000000000000e+03,5.000000000000000000e+01,-2.375212555022501704e+01,7.452783529947492980e+01,-7.757097492499102076e-01,0.000000000000000000e+00,5.485000000000000142e+01,6.279299999999999926e+01,6.000000000000000000e+01,1.000000000000000000e+00
1.361000000000000000e+03,5.000000000000000711e+01,-2.375212555022501704e+01,7.449396836836982061e+01,-7.418428181447984660e-01,0.000000000000000000e+00,5.485000000000000142e+01,6.279299999999999926e+01,6.000000000000000000e+01,1.000000000000000000e+00
1.362000000000000000e+03,5.000000000000000711e+01,-2.384781584578176705e+01,7.464878286464255552e+01,-8.009670188607835861e-01,0.000000000000000000e+00,5.485000000000000142e+01,6.282500000000000284e+01,6.000000000000000000e+01,1.000000000000000000e+00
1.363000000000000000e+03,4.999999999999999289e+01,-2.384781584578176705e+01,7.461381321926751298e+01,-7.659973734857508099e-01,0.000000000000000000e+00,5.485000000000000142e+01,6.282500000000000284e+01,6.000000000000000000e+01,1.000000000000000000e+00
1.364000000000000000e+03,5.000000000000000000e+01,-2.375212555022501704e+01,7.439316750205570372e+01,-6.410419518306842424e-01,0.000000000000000000e+00,5.485000000000000142e+01,6.279299999999999926e+01,6.000000000000000000e+01,1.000000000000000000e+00
1.365000000000000000e+03,5.000000000000000711e+01,-2.394350614133849930e+01,7.473958571329450251e+01,-7.960795719559955463e-01,0.000000000000000000e+00,5.485000000000000142e+01,6.285699999999999932e+01,6.000000000000000000e+01,1.000000000000000000e+00
1.366000000000000000e+03,5.000000000000000000e+01,-2.375212555022501704e+01,7.433042380741628108e+01,-5.782982571912650416e-01,0.000000000000000000e+00,5.485000000000000142e+01,6.279299999999999926e+01,6.000000000000000000e+01,1.000000000000000000e+00
1.367000000000000000e+03,5.000000000000000711e+01,-2.384781584578176705e+01,7.449237854188221775e+01,-6.445626961004465860e-01,0.000000000000000000e+00,5.485000000000000142e+01,6.282500000000000284e+01,6.000000000000000000e+01,1.000000000000000000e+00
1.368000000000000000e+03,5.000000000000000000e+01,-2.375212555022501704e+01,7.427703457555951161e+01,-5.249090253344933510e-01,0.000000000000000000e+00,5.485000000000000142e+01,6.279299999999999926e+01,6.000000000000000000e+01,1.000000000000000000e+00
1.369000000000000000e+03,5.000000000000000000e+01,-2.394350614133849930e+01,7.462852306704743910e+01,-6.850169257089373520e-01,0.000000000000000000e+00,5.485000000000000142e+01,6.285699999999999932e+01,6.000000000000000000e+01,1.000000000000000000e+00
1.370000000000000000e+03,5.000000000000000000e+01,-2.394350614133849930e+01,7.459861571954890280e+01,-6.551095782104003895e-01,0.000000000000000000e+00,5.485000000000000142e+01,6.285699999999999932e+01,6.000000000000000000e+01,1.000000000000000000e+00
1.371000000000000000e+03,5.000000000000000000e+01,-2.432925764530160961e+01,7.532467547941223529e+01,-9.954178341106239003e-01,0.000000000000000000e+00,5.485000000000000142e+01,6.298599999999999710e+01,6.000000000000000000e+01,1.000000000000000000e+00
1.372000000000000000e+03,5.000000000000001421e+01,-2.461931885370798767e+01,7.584867480351914537e+01,-1.229355949811146376e+00,0.000000000000000000e+00,5.485000000000000142e+01,6.308299999999999841e+01,6.000000000000000000e+01,1.000000000000000000e+00
1.373000000000000000e+03,5.000000000000000711e+01,-2.471500914926473769e+01,7.598220482623852945e+01,-1.267195676973786655e+00,0.000000000000000000e+00,5.485000000000000142e+01,6.311500000000000199e+01,6.000000000000000000e+01,1.000000000000000000e+00
1.374000000000000000e+03,5.000000000000000711e+01,-2.461931885370798767e+01,7.573967715069031215e+01,-1.120358296982316926e+00,0.000000000000000000e+00,5.485000000000000142e+01,6.308299999999999841e+01,6.000000000000000000e+01,1.000000000000000000e+00
1.375000000000000000e+03,5.000000000000001421e+01,-2.461931885370798767e+01,7.569076311126561052e+01,-1.071444257557608859e+00,0.000000000000000000e+00,5.485000000000000142e+01,6.308299999999999841e+01,6.000000000000000000e+01,1.000000000000000000e+00
1.376000000000000000e+03,5.000000000000000000e+01,-2.471500914926473769e+01,7.583118744517214793e+01,-1.116178295907408247e+00,0.000000000000000000e+00,5.485000000000000142e+01,6.311500000000000199e+01,6.000000000000000000e+01,1.000000000000000000e+00
1.377000000000000000e+03,5.000000000000001421e+01,-2.461931885370798767e+01,7.559525308013111555e+01,-9.759342264231161135e-01,0.000000000000000000e+00,5.485000000000000142e+01,6.308299999999999841e+01,6.000000000000000000e+01,1.000000000000000000e+00
1.378000000000000000e+03,5.000000000000000711e+01,-2.471500914926473769e+01,7.573984731347157151e+01,-1.024838164206829827e+00,0.000000000000000000e+00,5.485000000000000142e+01,6.311500000000000199e+01,6.000000000000000000e+01,1.000000000000000000e+00
1.379000000000000000e+03,5.000000000000000000e+01,-2.432925764530160961e+01,7.494044224048347758e+01,-6.111845951818661860e-01,0.000000000000000000e+00,5.485000000000000142e+01,6.298599999999999710e+01,6.000000000000000000e+01,1.000000000000000000e+00
1.380000000000000000e+03,5.000000000000000000e+01,-2.404218675863139154e+01,7.435214989517072581e+01,-3.099631365393371030e-01,0.000000000000000000e+00,5.485000000000000142e+01,6.289000000000000057e+01,6.000000000000000000e+01,1.000000000000000000e+00
1.381000000000000000e+03,5.000000000000000000e+01,-2.404218675863139154e+01,7.433861712701813929e+01,-2.964303683867479666e-01,0.000000000000000000e+00,5.485000000000000142e+01,6.289000000000000057e+01,6.000000000000000000e+01,1.000000000000000000e+00
1.382000000000000000e+03,4.999999999999999289e+01,-2.413787705418812379e+01,7.451287801127796229e+01,-3.750009570898451550e-01,0.000000000000000000e+00,5.485000000000000142e+01,6.292199999999999704e+01,6.000000000000000000e+01,1.000000000000000000e+00
1.383000000000000000e+03,5.000000000000000711e+01,-2.404218675863139154e+01,7.430930291707851154e+01,-2.671161584471178907e-01,0.000000000000000000e+00,5.485000000000000142e+01,6.289000000000000057e+01,6.000000000000000000e+01,1.000000000000000000e+00
1.384000000000000000e+03,5.000000000000000000e+01,-2.432925764530160961e+01,7.485924928164074288e+01,-5.299916363391362628e-01,0.000000000000000000e+00,5.485000000000000142e+01,6.298599999999999710e+01,6.000000000000000000e+01,1.000000000000000000e+00
1.385000000000000000e+03,5.000000000000000000e+01,-2.452362855815125542e+01,7.521636595814960913e+01,-6.927373999983523767e-01,0.000000000000000000e+00,5.485000000000000142e+01,6.305100000000000193e+01,6.000000000000000000e+01,1.000000000000000000e+00
1.386000000000000000e+03,5.000000000000001421e+01,-2.461931885370798767e+01,7.537332436174700945e+01,-7.540055080390111186e-01,0.000000000000000000e+00,5.485000000000000142e+01,6.308299999999999841e+01,6.000000000000000000e+01,1.000000000000000000e+00
1.387000000000000000e+03,5.000000000000000000e+01,-2.471500914926473769e+01,7.552760784370529734e+01,-8.125986944405590995e-01,0.000000000000000000e+00,5.485000000000000142e+01,6.311500000000000199e+01,6.000000000000000000e+01,1.000000000000000000e+00
1.388000000000000000e+03,5.000000000000000000e+01,-2.471500914926473769e+01,7.549213036771980967e+01,-7.771212184550716495e-01,0.000000000000000000e+00,5.485000000000000142e+01,6.311500000000000199e+01,6.000000000000000000e+01,1.000000000000000000e+00
1.389000000000000000e+03,5.000000000000001421e+01,-2.471500914926473769e+01,7.545820181288189588e+01,-7.431926636171468648e-01,0.000000000000000000e+00,5.485000000000000142e+01,6.311500000000000199e+01,6.000000000000000000e+01,1.000000000000000000e+00
1.390000000000000000e+03,5.000000000000000711e+01,-2.471500914926473769e+01,7.542575455440552901e+01,-7.107454051407839923e-01,0.000000000000000000e+00,5.485000000000000142e+01,6.311500000000000199e+01,6.000000000000000000e+01,1.000000000000000000e+00
1.391000000000000000e+03,4.999999999999999289e+01,-2.481069944482146994e+01,7.558192674141855605e+01,-7.712272965970966565e-01,0.000000000000000000e+00,5.485000000000000142e+01,6.314699999999999847e+01,6.000000000000000000e+01,1.000000000000000000e+00
1.392000000000000000e+03,5.000000000000000711e+01,-2.471500914926473769e+01,7.536105268951605751e+01,-6.460435402513129421e-01,0.000000000000000000e+00,5.485000000000000142e+01,6.311500000000000199e+01,6.000000000000000000e+01,1.000000000000000000e+00
1.393000000000000000e+03,5.000000000000001421e+01,-2.471500914926473769e+01,7.533284689206443829e+01,-6.178377427996880611e-01,0.000000000000000000e+00,5.485000000000000142e+01,6.311500000000000199e+01,6.000000000000000000e+01,1.000000000000000000e+00
1.394000000000000000e+03,5.000000000000000000e+01,-2.481069944482146994e+01,7.549307536095697913e+01,-6.823759161355122949e-01,0.000000000000000000e+00,5.485000000000000142e+01,6.314699999999999847e+01,6.000000000000000000e+01,1.000000000000000000e+00
1.395000000000000000e+03,4.999999999999999289e+01,-2.500507035767111574e+01,7.584353904914081568e+01,-8.384686914697057070e-01,0.000000000000000000e+00,5.485000000000000142e+01,6.321200000000000330e+01,6.000000000000000000e+01,1.000000000000000000e+00
1.396000000000000000e+03,5.000000000000000000e+01,-2.471500914926473769e+01,7.523947355508249757e+01,-5.244644058177565515e-01,0.000000000000000000e+00,5.485000000000000142e+01,6.311500000000000199e+01,6.000000000000000000e+01,1.000000000000000000e+00
1.397000000000000000e+03,5.000000000000000711e+01,-2.490938006211436218e+01,7.559683154651027337e+01,-6.874514843959032007e-01,0.000000000000000000e+00,5.485000000000000142e+01,6.317999999999999972e+01,6.000000000000000000e+01,1.000000000000000000e+00
1.398000000000000000e+03,5.000000000000000000e+01,-2.481069944482146994e+01,7.537376499829117904e+01,-5.630655534697130982e-01,0.000000000000000000e+00,5.485000000000000142e+01,6.314699999999999847e+01,6.000000000000000000e+01,1.000000000000000000e+00
1.399000000000000000e+03,5.000000000000000000e+01,-2.500507035767111574e+01,7.572943769130760927e+01,-7.243673336364946369e-01,0.000000000000000000e+00,5.485000000000000142e+01,6.321200000000000330e+01,6.000000000000000000e+01,1.000000000000000000e+00
1.400000000000000000e+03,5.000000000000000000e+01,-2.500507035767111574e+01,7.569781233323162439e+01,-6.927419755605099816e-01,0.000000000000000000e+00,5.485000000000000142e+01,6.321200000000000330e+01,6.000000000000000000e+01,1.000000000000000000e+00
1.401000000000000000e+03,5.000000000000000000e+01,-2.510076065322784800e+01,7.585477053706325989e+01,-7.540098838354076793e-01,0.000000000000000000e+00,5.485000000000000142e+01,6.324399999999999977e+01,6.000000000000000000e+01,1.000000000000000000e+00
1.402000000000000000e+03,5.000000000000000000e+01,-2.519645094878460156e+01,7.600905382797742504e+01,-8.126028791928244788e-01,0.000000000000000000e+00,5.485000000000000142e+01,6.327600000000000335e+01,6.000000000000000000e+01,1.000000000000000000e+00
1.403000000000000000e+03,5.000000000000000711e+01,-2.519645094878460156e+01,7.597357616928866264e+01,-7.771252205040555250e-01,0.000000000000000000e+00,5.485000000000000142e+01,6.327600000000000335e+01,6.000000000000000000e+01,1.000000000000000000e+00
1.404000000000000000e+03,5.000000000000000711e+01,-2.568088307004060411e+01,7.688736172338680319e+01,-1.206478653346189756e+00,0.000000000000000000e+00,5.485000000000000142e+01,6.343800000000000239e+01,6.000000000000000000e+01,1.000000000000000000e+00
1.405000000000000000e+03,5.000000000000000000e+01,-2.548651215719095831e+01,7.645443199989261984e+01,-9.679198427016636463e-01,0.000000000000000000e+00,5.485000000000000142e+01,6.337299999999999756e+01,6.000000000000000000e+01,1.000000000000000000e+00
1.406000000000000000e+03,5.000000000000000711e+01,-2.558220245274770832e+01,7.659937613547630519e+01,-1.017173682728589990e+00,0.000000000000000000e+00,5.485000000000000142e+01,6.340500000000000114e+01,6.000000000000000000e+01,1.000000000000000000e+00
1.407000000000000000e+03,4.999999999999999289e+01,-2.539082186163422605e+01,7.618056141934975756e+01,-7.897395577155393864e-01,0.000000000000000000e+00,5.485000000000000142e+01,6.334100000000000108e+01,6.000000000000000000e+01,1.000000000000000000e+00
1.408000000000000000e+03,5.000000000000000000e+01,-2.558220245274770832e+01,7.652048759980144155e+01,-9.382851470537334482e-01,0.000000000000000000e+00,5.485000000000000142e+01,6.340500000000000114e+01,6.000000000000000000e+01,1.000000000000000000e+00
1.409000000000000000e+03,5.000000000000000000e+01,-2.558220245274770832e+01,7.647952274347090906e+01,-8.973202907231977443e-01,0.000000000000000000e+00,5.485000000000000142e+01,6.340500000000000114e+01,6.000000000000000000e+01,1.000000000000000000e+00
1.410000000000000000e+03,5.000000000000000000e+01,-2.568088307004060411e+01,7.663339929301177733e+01,-9.525162229711670037e-01,0.000000000000000000e+00,5.485000000000000142e+01,6.343800000000000239e+01,6.000000000000000000e+01,1.000000000000000000e+00
1.411000000000000000e+03,5.000000000000000711e+01,-2.519645094878460156e+01,7.564409883445438254e+01,-4.476478856697752584e-01,0.000000000000000000e+00,5.485000000000000142e+01,6.327600000000000335e+01,6.000000000000000000e+01,1.000000000000000000e+00
1.412000000000000000e+03,5.000000000000000000e+01,-2.529513156607747248e+01,7.581760775857414103e+01,-5.224761924966696558e-01,0.000000000000000000e+00,5.485000000000000142e+01,6.330899999999999750e+01,6.000000000000000000e+01,1.000000000000000000e+00
1.413000000000000000e+03,5.000000000000000000e+01,-2.539082186163422605e+01,7.598199964433408127e+01,-5.911777826998565466e-01,0.000000000000000000e+00,5.485000000000000142e+01,6.334100000000000108e+01,6.000000000000000000e+01,1.000000000000000000e+00
1.414000000000000000e+03,5.000000000000000000e+01,-2.519645094878460156e+01,7.557593351539351545e+01,-3.794825666089125527e-01,0.000000000000000000e+00,5.485000000000000142e+01,6.327600000000000335e+01,6.000000000000000000e+01,1.000000000000000000e+00
1.415000000000000000e+03,4.999999999999999289e+01,-2.529513156607747248e+01,7.575241848843701575e+01,-4.572869223595500965e-01,0.000000000000000000e+00,5.485000000000000142e+01,6.330899999999999750e+01,6.000000000000000000e+01,1.000000000000000000e+00
1.416000000000000000e+03,4.999999999999999289e+01,-2.519645094878460156e+01,7.553940075986071179e+01,-3.429498110761151630e-01,0.000000000000000000e+00,5.485000000000000142e+01,6.327600000000000335e+01,6.000000000000000000e+01,1.000000000000000000e+00
1.417000000000000000e+03,5.000000000000000000e+01,-2.500507035767111574e+01,7.515002217423628394e+01,-1.449518165651702828e-01,0.000000000000000000e+00,5.485000000000000142e+01,6.321200000000000330e+01,6.000000000000000000e+01,1.000000000000000000e+00
1.418000000000000000e+03,5.000000000000000000e+01,-2.510076065322784800e+01,7.533089650338759213e+01,-2.301358501597415840e-01,0.000000000000000000e+00,5.485000000000000142e+01,6.324399999999999977e+01,6.000000000000000000e+01,1.000000000000000000e+00
1.419000000000000000e+03,4.999999999999999289e+01,-2.481069944482146994e+01,7.475339038472132813e+01,5.730906010013170349e-02,0.000000000000000000e+00,5.485000000000000142e+01,6.314699999999999847e+01,6.000000000000000000e+01,1.000000000000000000e+00
1.420000000000000000e+03,5.000000000000000000e+01,-2.481069944482146994e+01,7.475589245716787445e+01,5.480698765359270919e-02,0.000000000000000000e+00,5.485000000000000142e+01,6.314699999999999847e+01,6.000000000000000000e+01,1.000000000000000000e+00
1.421000000000000000e+03,5.000000000000000000e+01,-2.490938006211436218e+01,7.495133820056155116e+01,-4.195813844718677965e-02,0.000000000000000000e+00,5.485000000000000142e+01,6.317999999999999972e+01,6.000000000000000000e+01,1.000000000000000000e+00
1.422000000000000000e+03,5.000000000000000000e+01,-2.490938006211436218e+01,7.494950633834058351e+01,-4.012627622621601359e-02,0.000000000000000000e+00,5.485000000000000142e+01,6.317999999999999972e+01,6.000000000000000000e+01,1.000000000000000000e+00
1.423000000000000000e+03,5.000000000000000711e+01,-2.490938006211436218e+01,7.494775445390988011e+01,-3.837439179550979768e-02,0.000000000000000000e+00,5.485000000000000142e+01,6.317999999999999972e+01,6.000000000000000000e+01,1.000000000000000000e+00
1.424000000000000000e+03,5.000000000000000000e+01,-2.481069944482146994e+01,7.475302614586149730e+01,5.767329895997207190e-02,0.000000000000000000e+00,5.485000000000000142e+01,6.314699999999999847e+01,6.000000000000000000e+01,1.000000000000000000e+00
1.425000000000000000e+03,5.000000000000001421e+01,-2.471500914926473769e+01,7.456834129925113075e+01,1.466678500136184560e-01,0.000000000000000000e+00,5.485000000000000142e+01,6.311500000000000199e+01,6.000000000000000000e+01,1.000000000000000000e+00
1.426000000000000000e+03,5.000000000000000711e+01,-2.471500914926473769e+01,7.457474471235319413e+01,1.402644369115539080e-01,0.000000000000000000e+00,5.485000000000000142e+01,6.311500000000000199e+01,6.000000000000000000e+01,1.000000000000000000e+00
1.427000000000000000e+03,5.000000000000000000e+01,-2.423356734974487736e+01,7.363900436154155216e+01,5.945629882033238722e-01,0.000000000000000000e+00,5.485000000000000142e+01,6.295400000000000063e+01,6.000000000000000000e+01,1.000000000000000000e+00
1.428000000000000000e+03,5.000000000000000000e+01,-2.394350614133849930e+01,7.309750400246298341e+01,8.460021388755225580e-01,0.000000000000000000e+00,5.485000000000000142e+01,6.285699999999999932e+01,6.000000000000000000e+01,1.000000000000000000e+00
1.429000000000000000e+03,5.000000000000000711e+01,-2.394350614133849930e+01,7.313443984886659166e+01,8.090662924719164151e-01,0.000000000000000000e+00,5.485000000000000142e+01,6.285699999999999932e+01,6.000000000000000000e+01,1.000000000000000000e+00
1.430000000000000000e+03,5.000000000000000711e+01,-2.394350614133849930e+01,7.316976310271651585e+01,7.737430386219935619e-01,0.000000000000000000e+00,5.485000000000000142e+01,6.285699999999999932e+01,6.000000000000000000e+01,1.000000000000000000e+00
1.431000000000000000e+03,5.000000000000000000e+01,-2.404218675863139154e+01,7.339659707828164414e+01,6.455896803497453984e-01,0.000000000000000000e+00,5.485000000000000142e+01,6.289000000000000057e+01,6.000000000000000000e+01,1.000000000000000000e+00
1.432000000000000000e+03,5.000000000000000000e+01,-2.423356734974487736e+01,7.379918870346405413e+01,4.343786462808202353e-01,0.000000000000000000e+00,5.485000000000000142e+01,6.295400000000000063e+01,6.000000000000000000e+01,1.000000000000000000e+00
1.433000000000000000e+03,5.000000000000000711e+01,-2.394350614133849930e+01,7.325069481094433854e+01,6.928113303941711987e-01,0.000000000000000000e+00,5.485000000000000142e+01,6.285699999999999932e+01,6.000000000000000000e+01,1.000000000000000000e+00
1.434000000000000000e+03,5.000000000000000000e+01,-2.404218675863139154e+01,7.347399536619417404e+01,5.681913924372162805e-01,0.000000000000000000e+00,5.485000000000000142e+01,6.289000000000000057e+01,6.000000000000000000e+01,1.000000000000000000e+00
1.435000000000000000e+03,5.000000000000000000e+01,-2.384781584578176705e+01,7.311854646362948529e+01,7.292693821522832076e-01,0.000000000000000000e+00,5.485000000000000142e+01,6.282500000000000284e+01,6.000000000000000000e+01,1.000000000000000000e+00
1.436000000000000000e+03,5.000000000000000000e+01,-2.404218675863139154e+01,7.353064157272579848e+01,5.115451859055886175e-01,0.000000000000000000e+00,5.485000000000000142e+01,6.289000000000000057e+01,6.000000000000000000e+01,1.000000000000000000e+00
1.437000000000000000e+03,5.000000000000000000e+01,-2.375212555022501704e+01,7.298551671596155188e+01,7.666088342634664876e-01,0.000000000000000000e+00,5.485000000000000142e+01,6.279299999999999926e+01,6.000000000000000000e+01,1.000000000000000000e+00
1.438000000000000000e+03,5.000000000000000711e+01,-2.375212555022501704e+01,7.301898630764797815e+01,7.331392425770449917e-01,0.000000000000000000e+00,5.485000000000000142e+01,6.279299999999999926e+01,6.000000000000000000e+01,1.000000000000000000e+00
1.439000000000000000e+03,5.000000000000000000e+01,-2.375212555022501704e+01,7.305099464097473572e+01,7.011309092502823193e-01,0.000000000000000000e+00,5.485000000000000142e+01,6.279299999999999926e+01,6.000000000000000000e+01,1.000000000000000000e+00
1.440000000000000000e+03,5.000000000000000000e+01,-2.365643525466828478e+01,7.289440269196920497e+01,7.620325626990783752e-01,0.000000000000000000e+00,5.485000000000000142e+01,6.276100000000000279e+01,6.000000000000000000e+01,1.000000000000000000e+00
1.441000000000000000e+03,4.999999999999999289e+01,-2.375212555022501704e+01,7.311487530838665805e+01,6.372502418383522160e-01,0.000000000000000000e+00,5.485000000000000142e+01,6.279299999999999926e+01,6.000000000000000000e+01,1.000000000000000000e+00
1.442000000000000000e+03,5.000000000000000711e+01,-2.365643525466828478e+01,7.295549437527428438e+01,7.009408793940006266e-01,0.000000000000000000e+00,5.485000000000000142e+01,6.276100000000000279e+01,6.000000000000000000e+01,1.000000000000000000e+00
1.443000000000000000e+03,4.999999999999999289e+01,-2.356074495911153122e+01,7.279889412970152307e+01,7.618508294100019285e-01,0.000000000000000000e+00,5.485000000000000142e+01,6.272899999999999920e+01,6.000000000000000000e+01,1.000000000000000000e+00
1.444000000000000000e+03,5.000000000000000000e+01,-2.346206434181863898e+01,7.263910308067477217e+01,8.229612611438639203e-01,0.000000000000000000e+00,5.485000000000000142e+01,6.269599999999999795e+01,6.000000000000000000e+01,1.000000000000000000e+00
1.445000000000000000e+03,5.000000000000000000e+01,-2.365643525466828478e+01,7.305528870998695368e+01,6.011465446813277769e-01,0.000000000000000000e+00,5.485000000000000142e+01,6.276100000000000279e+01,6.000000000000000000e+01,1.000000000000000000e+00
1.446000000000000000e+03,5.000000000000000000e+01,-2.346206434181863898e+01,7.270127860572492295e+01,7.607857360937134716e-01,0.000000000000000000e+00,5.485000000000000142e+01,6.269599999999999795e+01,6.000000000000000000e+01,1.000000000000000000e+00
1.447000000000000000e+03,5.000000000000001421e+01,-2.327068375070515316e+01,7.236008832219469866e+01,9.105954285104678192e-01,0.000000000000000000e+00,5.485000000000000142e+01,6.263199999999999790e+01,6.000000000000000000e+01,1.000000000000000000e+00
1.448000000000000000e+03,5.000000000000000000e+01,-2.346206434181863898e+01,7.277424990820857431e+01,6.878144336100636691e-01,0.000000000000000000e+00,5.485000000000000142e+01,6.269599999999999795e+01,6.000000000000000000e+01,1.000000000000000000e+00
1.449000000000000000e+03,4.999999999999998579e+01,-2.346206434181863898e+01,7.280427939289494077e+01,6.577849489236866631e-01,0.000000000000000000e+00,5.485000000000000142e+01,6.269599999999999795e+01,6.000000000000000000e+01,1.000000000000000000e+00
1.450000000000000000e+03,5.000000000000000000e+01,-2.365643525466828478e+01,7.321325354292436316e+01,4.431817117439189602e-01,0.000000000000000000e+00,5.485000000000000142e+01,6.276100000000000279e+01,6.000000000000000000e+01,1.000000000000000000e+00
1.451000000000000000e+03,5.000000000000000000e+01,-2.365643525466828478e+01,7.323260253849028345e+01,4.238327161779997798e-01,0.000000000000000000e+00,5.485000000000000142e+01,6.276100000000000279e+01,6.000000000000000000e+01,1.000000000000000000e+00
1.452000000000000000e+03,4.999999999999999289e+01,-2.365643525466828478e+01,7.325110677079207733e+01,4.053284838761980202e-01,0.000000000000000000e+00,5.485000000000000142e+01,6.276100000000000279e+01,6.000000000000000000e+01,1.000000000000000000e+00
1.453000000000000000e+03,5.000000000000000711e+01,-2.375212555022501704e+01,7.345600594305200559e+01,2.961196071730170520e-01,0.000000000000000000e+00,5.485000000000000142e+01,6.279299999999999926e+01,6.000000000000000000e+01,1.000000000000000000e+00
1.454000000000000000e+03,5.000000000000000000e+01,-2.375212555022501704e+01,7.346893431264474827e+01,2.831912375802682624e-01,0.000000000000000000e+00,5.485000000000000142e+01,6.279299999999999926e+01,6.000000000000000000e+01,1.000000000000000000e+00
1.455000000000000000e+03,5.000000000000000000e+01,-2.375212555022501704e+01,7.348129823889676970e+01,2.708273113282437805e-01,0.000000000000000000e+00,5.485000000000000142e+01,6.279299999999999926e+01,6.000000000000000000e+01,1.000000000000000000e+00
1.456000000000000000e+03,5.000000000000000711e+01,-2.375212555022501704e+01,7.349312236499936546e+01,2.590031852256577949e-01,0.000000000000000000e+00,5.485000000000000142e+01,6.279299999999999926e+01,6.000000000000000000e+01,1.000000000000000000e+00
1.457000000000000000e+03,4.999999999999999289e+01,-2.375212555022501704e+01,7.350443025823973642e+01,2.476952919852752899e-01,0.000000000000000000e+00,5.485000000000000142e+01,6.279299999999999926e+01,6.000000000000000000e+01,1.000000000000000000e+00
1.458000000000000000e+03,5.000000000000000000e+01,-2.365643525466828478e+01,7.332804163551008969e+01,3.283936191581893760e-01,0.000000000000000000e+00,5.485000000000000142e+01,6.276100000000000279e+01,6.000000000000000000e+01,1.000000000000000000e+00
1.459000000000000000e+03,4.999999999999999289e+01,-2.336637404626190673e+01,7.277492051274708729e+01,5.914535335148192186e-01,0.000000000000000000e+00,5.485000000000000142e+01,6.266400000000000148e+01,6.000000000000000000e+01,1.000000000000000000e+00
1.460000000000000000e+03,5.000000000000000711e+01,-2.327068375070515316e+01,7.261354012820694948e+01,6.571436224982079022e-01,0.000000000000000000e+00,5.485000000000000142e+01,6.263199999999999790e+01,6.000000000000000000e+01,1.000000000000000000e+00
1.461000000000000000e+03,5.000000000000000000e+01,-2.307631283785552867e+01,7.226197481618631002e+01,8.143380216692154283e-01,0.000000000000000000e+00,5.485000000000000142e+01,6.256700000000000017e+01,6.000000000000000000e+01,1.000000000000000000e+00
1.462000000000000000e+03,5.000000000000000711e+01,-2.327068375070515316e+01,7.267778396104989724e+01,5.928997896552620217e-01,0.000000000000000000e+00,5.485000000000000142e+01,6.263199999999999790e+01,6.000000000000000000e+01,1.000000000000000000e+00
1.463000000000000000e+03,5.000000000000000000e+01,-2.317499345514842091e+01,7.251646671901524144e+01,6.585267361331815783e-01,0.000000000000000000e+00,5.485000000000000142e+01,6.260000000000000142e+01,6.000000000000000000e+01,1.000000000000000000e+00
1.464000000000000000e+03,5.000000000000000711e+01,-2.317499345514842091e+01,7.254521752384277988e+01,6.297759313056513486e-01,0.000000000000000000e+00,5.485000000000000142e+01,6.260000000000000142e+01,6.000000000000000000e+01,1.000000000000000000e+00
1.465000000000000000e+03,4.999999999999999289e+01,-2.307631283785552867e+01,7.237966017952432196e+01,6.966526583311993814e-01,0.000000000000000000e+00,5.485000000000000142e+01,6.256700000000000017e+01,6.000000000000000000e+01,1.000000000000000000e+00
1.466000000000000000e+03,5.000000000000000000e+01,-2.317499345514842091e+01,7.260312844439587820e+01,5.718650107525447002e-01,0.000000000000000000e+00,5.485000000000000142e+01,6.260000000000000142e+01,6.000000000000000000e+01,1.000000000000000000e+00
1.467000000000000000e+03,5.000000000000000711e+01,-2.278924195118529283e+01,7.187343428644263099e+01,9.158076647426620642e-01,0.000000000000000000e+00,5.485000000000000142e+01,6.247099999999999653e+01,6.000000000000000000e+01,1.000000000000000000e+00
1.468000000000000000e+03,5.000000000000000000e+01,-2.278924195118529283e+01,7.191341779202234363e+01,8.758241591629470912e-01,0.000000000000000000e+00,5.485000000000000142e+01,6.247099999999999653e+01,6.000000000000000000e+01,1.000000000000000000e+00
1.469000000000000000e+03,5.000000000000000000e+01,-2.278924195118529283e+01,7.195165564643534140e+01,8.375863047499455538e-01,0.000000000000000000e+00,5.485000000000000142e+01,6.247099999999999653e+01,6.000000000000000000e+01,1.000000000000000000e+00
1.470000000000000000e+03,5.000000000000000000e+01,-2.269056133389241836e+01,7.179517115392417281e+01,8.953901799682465468e-01,0.000000000000000000e+00,5.485000000000000142e+01,6.243800000000000239e+01,6.000000000000000000e+01,1.000000000000000000e+00
1.471000000000000000e+03,4.999999999999999289e+01,-2.278924195118529283e+01,7.202731615640247753e+01,7.619257947828065314e-01,0.000000000000000000e+00,5.485000000000000142e+01,6.247099999999999653e+01,6.000000000000000000e+01,1.000000000000000000e+00
1.472000000000000000e+03,4.999999999999999289e+01,-2.259487103833566835e+01,7.168032555884590806e+01,9.145454794897532880e-01,0.000000000000000000e+00,5.485000000000000142e+01,6.240599999999999881e+01,6.000000000000000000e+01,1.000000000000000000e+00
1.473000000000000000e+03,5.000000000000000000e+01,-2.269056133389241836e+01,7.190745677978731010e+01,7.831045541051060432e-01,0.000000000000000000e+00,5.485000000000000142e+01,6.243800000000000239e+01,6.000000000000000000e+01,1.000000000000000000e+00
1.474000000000000000e+03,5.000000000000000000e+01,-2.269056133389241836e+01,7.194164656276686287e+01,7.489147711255543793e-01,0.000000000000000000e+00,5.485000000000000142e+01,6.243800000000000239e+01,6.000000000000000000e+01,1.000000000000000000e+00
1.475000000000000000e+03,5.000000000000000000e+01,-2.278924195118529283e+01,7.216739655398656339e+01,6.218453971987266682e-01,0.000000000000000000e+00,5.485000000000000142e+01,6.247099999999999653e+01,6.000000000000000000e+01,1.000000000000000000e+00
1.476000000000000000e+03,4.999999999999999289e+01,-2.249918074277893609e+01,7.162708732531049804e+01,8.720934174684287221e-01,0.000000000000000000e+00,5.485000000000000142e+01,6.237400000000000233e+01,6.000000000000000000e+01,1.000000000000000000e+00
1.477000000000000000e+03,5.000000000000000000e+01,-2.249918074277893609e+01,7.166516229821780826e+01,8.340184445611210640e-01,0.000000000000000000e+00,5.485000000000000142e+01,6.237400000000000233e+01,6.000000000000000000e+01,1.000000000000000000e+00
1.478000000000000000e+03,5.000000000000000711e+01,-2.240349044722218252e+01,7.151437212366133167e+01,8.891183235608576263e-01,0.000000000000000000e+00,5.485000000000000142e+01,6.234199999999999875e+01,6.000000000000000000e+01,1.000000000000000000e+00
1.479000000000000000e+03,5.000000000000000711e+01,-2.230780015166545027e+01,7.136598757028959028e+01,9.418125813758607690e-01,0.000000000000000000e+00,5.485000000000000142e+01,6.231000000000000227e+01,6.000000000000000000e+01,1.000000000000000000e+00
1.480000000000000000e+03,5.000000000000000711e+01,-2.230780015166545027e+01,7.140710643187181006e+01,9.006937197936432105e-01,0.000000000000000000e+00,5.485000000000000142e+01,6.231000000000000227e+01,6.000000000000000000e+01,1.000000000000000000e+00
1.481000000000000000e+03,5.000000000000000000e+01,-2.201773894325907222e+01,7.087897152089537656e+01,1.138767422363697879e+00,0.000000000000000000e+00,5.485000000000000142e+01,6.221300000000000097e+01,6.000000000000000000e+01,1.000000000000000000e+00
1.482000000000000000e+03,5.000000000000000711e+01,-2.182336803040944773e+01,7.054843355842707808e+01,1.274934471982377193e+00,0.000000000000000000e+00,5.485000000000000142e+01,6.214800000000000324e+01,6.000000000000000000e+01,1.000000000000000000e+00
1.483000000000000000e+03,5.000000000000000711e+01,-2.192204864770232220e+01,7.079714919238374193e+01,1.124899455318590480e+00,0.000000000000000000e+00,5.485000000000000142e+01,6.218099999999999739e+01,6.000000000000000000e+01,1.000000000000000000e+00
1.484000000000000000e+03,5.000000000000000000e+01,-2.211342923881580447e+01,7.122066713845171648e+01,8.927621003640852093e-01,0.000000000000000000e+00,5.485000000000000142e+01,6.224499999999999744e+01,6.000000000000000000e+01,1.000000000000000000e+00
1.485000000000000000e+03,5.000000000000000711e+01,-2.182336803040944773e+01,7.069218593866172284e+01,1.131182091747728657e+00,0.000000000000000000e+00,5.485000000000000142e+01,6.214800000000000324e+01,6.000000000000000000e+01,1.000000000000000000e+00
1.486000000000000000e+03,5.000000000000000000e+01,-2.220911953437255804e+01,7.149623391122781868e+01,7.128856231447444625e-01,0.000000000000000000e+00,5.485000000000000142e+01,6.227700000000000102e+01,6.000000000000000000e+01,1.000000000000000000e+00
1.487000000000000000e+03,4.999999999999999289e+01,-2.211342923881580447e+01,7.134015516459723472e+01,7.732740742185629790e-01,0.000000000000000000e+00,5.485000000000000142e+01,6.224499999999999744e+01,6.000000000000000000e+01,1.000000000000000000e+00
1.488000000000000000e+03,5.000000000000000711e+01,-2.201773894325907222e+01,7.118671293441380499e+01,8.310260088452764426e-01,0.000000000000000000e+00,5.485000000000000142e+01,6.221300000000000097e+01,6.000000000000000000e+01,1.000000000000000000e+00
1.489000000000000000e+03,5.000000000000000000e+01,-2.230780015166545027e+01,7.179045348628862655e+01,5.173466653768210577e-01,0.000000000000000000e+00,5.485000000000000142e+01,6.231000000000000227e+01,6.000000000000000000e+01,1.000000000000000000e+00
1.490000000000000000e+03,5.000000000000000000e+01,-2.220911953437255804e+01,7.161998756088416940e+01,5.891319734883898596e-01,0.000000000000000000e+00,5.485000000000000142e+01,6.227700000000000102e+01,6.000000000000000000e+01,1.000000000000000000e+00
1.491000000000000000e+03,4.999999999999999289e+01,-2.240349044722218252e+01,7.202596437126236140e+01,3.775260759598153548e-01,0.000000000000000000e+00,5.485000000000000142e+01,6.234199999999999875e+01,6.000000000000000000e+01,1.000000000000000000e+00
1.492000000000000000e+03,5.000000000000000000e+01,-2.230780015166545027e+01,7.185524406741157577e+01,4.525560842538702278e-01,0.000000000000000000e+00,5.485000000000000142e+01,6.231000000000000227e+01,6.000000000000000000e+01,1.000000000000000000e+00
1.493000000000000000e+03,5.000000000000000000e+01,-2.240349044722218252e+01,7.206220516281968003e+01,3.412852844025053289e-01,0.000000000000000000e+00,5.485000000000000142e+01,6.234199999999999875e+01,6.000000000000000000e+01,1.000000000000000000e+00
1.494000000000000000e+03,5.000000000000000711e+01,-2.259487103833566835e+01,7.245151107640378996e+01,1.433599619318851326e-01,0.000000000000000000e+00,5.485000000000000142e+01,6.240599999999999881e+01,6.000000000000000000e+01,1.000000000000000000e+00
1.495000000000000000e+03,5.000000000000000000e+01,-2.249918074277893609e+01,7.227056724802129395e+01,2.286134947576404786e-01,0.000000000000000000e+00,5.485000000000000142e+01,6.237400000000000233e+01,6.000000000000000000e+01,1.000000000000000000e+00
1.496000000000000000e+03,4.999999999999999289e+01,-2.269056133389241836e+01,7.265495399210793437e+01,3.560734178448002329e-02,0.000000000000000000e+00,5.485000000000000142e+01,6.243800000000000239e+01,6.000000000000000000e+01,1.000000000000000000e+00
1.497000000000000000e+03,5.000000000000000000e+01,-2.278924195118529283e+01,7.284956149273806147e+01,-6.031954155277056973e-02,0.000000000000000000e+00,5.485000000000000142e+01,6.247099999999999653e+01,6.000000000000000000e+01,1.000000000000000000e+00
1.498000000000000000e+03,4.999999999999999289e+01,-2.269056133389241836e+01,7.265387507519626809e+01,3.668625869614413476e-02,0.000000000000000000e+00,5.485000000000000142e+01,6.243800000000000239e+01,6.000000000000000000e+01,1.000000000000000000e+00
1.499000000000000000e+03,5.000000000000000000e+01,-2.278924195118529283e+01,7.284852968056466693e+01,-5.928772937938105170e-02,0.000000000000000000e+00,5.485000000000000142e+01,6.247099999999999653e+01,6.000000000000000000e+01,1.000000000000000000e+00
1.500000000000000000e+03,5.000000000000000000e+01,-2.278924195118529283e+01,7.284594122083703382e+01,-5.669926965174247602e-02,0.000000000000000000e+00,5.485000000000000142e+01,6.247099999999999653e+01,6.000000000000000000e+01,1.000000000000000000e+00
1.501000000000000000e+03,5.000000000000000711e+01,-2.278924195118529283e+01,7.284346577140397017e+01,-5.422382021867485496e-02,0.000000000000000000e+00,5.485000000000000142e+01,6.247099999999999653e+01,6.000000000000000000e+01,1.000000000000000000e+00
1.502000000000000000e+03,5.000000000000000000e+01,-2.278924195118529283e+01,7.284109839831708655e+01,-5.185644713179851650e-02,0.000000000000000000e+00,5.485000000000000142e+01,6.247099999999999653e+01,6.000000000000000000e+01,1.000000000000000000e+00
1.503000000000000000e+03,4.999999999999999289e+01,-2.278924195118529283e+01,7.283883438304066260e+01,-4.959243185538010634e-02,0.000000000000000000e+00,5.485000000000000142e+01,6.247099999999999653e+01,6.000000000000000000e+01,1.000000000000000000e+00
1.504000000000000000e+03,5.000000000000000000e+01,-2.249918074277893609e+01,7.226921066048345210e+01,2.299700822954801605e-01,0.000000000000000000e+00,5.485000000000000142e+01,6.237400000000000233e+01,6.000000000000000000e+01,1.000000000000000000e+00
1.505000000000000000e+03,5.000000000000000000e+01,-2.220911953437255804e+01,7.171179243671679160e+01,4.973270976557702672e-01,0.000000000000000000e+00,5.485000000000000142e+01,6.227700000000000102e+01,6.000000000000000000e+01,1.000000000000000000e+00
1.506000000000000000e+03,4.999999999999999289e+01,-2.201773894325907222e+01,7.135909973805556206e+01,6.586392052035091593e-01,0.000000000000000000e+00,5.485000000000000142e+01,6.221300000000000097e+01,6.000000000000000000e+01,1.000000000000000000e+00
1.507000000000000000e+03,5.000000000000001421e+01,-2.182336803040944773e+01,7.100759972210282456e+01,8.157683083066363805e-01,0.000000000000000000e+00,5.485000000000000142e+01,6.214800000000000324e+01,6.000000000000000000e+01,1.000000000000000000e+00
1.508000000000000000e+03,5.000000000000001421e+01,-2.182336803040944773e+01,7.104321558115560720e+01,7.801524492538534084e-01,0.000000000000000000e+00,5.485000000000000142e+01,6.214800000000000324e+01,6.000000000000000000e+01,1.000000000000000000e+00
1.509000000000000000e+03,5.000000000000000000e+01,-2.192204864770232220e+01,7.127032938699034048e+01,6.517192607119873804e-01,0.000000000000000000e+00,5.485000000000000142e+01,6.218099999999999739e+01,6.000000000000000000e+01,1.000000000000000000e+00
1.510000000000000000e+03,5.000000000000000000e+01,-2.201773894325907222e+01,7.148598580378937584e+01,5.317531394697023739e-01,0.000000000000000000e+00,5.485000000000000142e+01,6.221300000000000097e+01,6.000000000000000000e+01,1.000000000000000000e+00
1.511000000000000000e+03,5.000000000000000000e+01,-2.182336803040944773e+01,7.112894603324340892e+01,6.944219971660402502e-01,0.000000000000000000e+00,5.485000000000000142e+01,6.214800000000000324e+01,6.000000000000000000e+01,1.000000000000000000e+00
1.512000000000000000e+03,5.000000000000000000e+01,-2.182336803040944773e+01,7.115926399941392333e+01,6.641040309955266174e-01,0.000000000000000000e+00,5.485000000000000142e+01,6.214800000000000324e+01,6.000000000000000000e+01,1.000000000000000000e+00
1.513000000000000000e+03,5.000000000000000000e+01,-2.201773894325907222e+01,7.156851403603280914e+01,4.492249072262636256e-01,0.000000000000000000e+00,5.485000000000000142e+01,6.221300000000000097e+01,6.000000000000000000e+01,1.000000000000000000e+00
1.514000000000000000e+03,4.999999999999999289e+01,-2.201773894325907222e+01,7.158812687317768564e+01,4.296120700813862991e-01,0.000000000000000000e+00,5.485000000000000142e+01,6.221300000000000097e+01,6.000000000000000000e+01,1.000000000000000000e+00
1.515000000000000000e+03,5.000000000000001421e+01,-2.182336803040944773e+01,7.122662769682521855e+01,5.967403335842407230e-01,0.000000000000000000e+00,5.485000000000000142e+01,6.214800000000000324e+01,6.000000000000000000e+01,1.000000000000000000e+00
1.516000000000000000e+03,5.000000000000000000e+01,-2.182336803040944773e+01,7.125268095164723547e+01,5.706870787622132513e-01,0.000000000000000000e+00,5.485000000000000142e+01,6.214800000000000324e+01,6.000000000000000000e+01,1.000000000000000000e+00
1.517000000000000000e+03,5.000000000000000000e+01,-2.172767773485269771e+01,7.109039391859187162e+01,6.372838162608280843e-01,0.000000000000000000e+00,5.485000000000000142e+01,6.211599999999999966e+01,6.000000000000000000e+01,1.000000000000000000e+00
1.518000000000000000e+03,4.999999999999999289e+01,-2.153629714373921189e+01,7.074381162985042693e+01,7.924855138887763051e-01,0.000000000000000000e+00,5.485000000000000142e+01,6.205199999999999960e+01,6.000000000000000000e+01,1.000000000000000000e+00
1.519000000000000000e+03,5.000000000000000711e+01,-2.115054563977610158e+01,7.002374960477594357e+01,1.126796035000158236e+00,0.000000000000000000e+00,5.485000000000000142e+01,6.192300000000000182e+01,6.000000000000000000e+01,1.000000000000000000e+00
1.520000000000000000e+03,5.000000000000000000e+01,-2.134192623088958740e+01,7.044735035415209268e+01,8.945758767374915044e-01,0.000000000000000000e+00,5.485000000000000142e+01,6.198700000000000188e+01,6.000000000000000000e+01,1.000000000000000000e+00
1.521000000000000000e+03,5.000000000000000711e+01,-2.086048443136972708e+01,6.954454269960874058e+01,1.315941731760992051e+00,0.000000000000000000e+00,5.485000000000000142e+01,6.182600000000000051e+01,6.000000000000000000e+01,1.000000000000000000e+00
1.522000000000000000e+03,5.000000000000000000e+01,-2.134192623088958740e+01,7.054385996696287009e+01,7.980662639267133152e-01,0.000000000000000000e+00,5.485000000000000142e+01,6.198700000000000188e+01,6.000000000000000000e+01,1.000000000000000000e+00
1.523000000000000000e+03,5.000000000000000711e+01,-2.182336803040944773e+01,7.152056716295059857e+01,3.028008674588583138e-01,0.000000000000000000e+00,5.485000000000000142e+01,6.214800000000000324e+01,6.000000000000000000e+01,1.000000000000000000e+00
1.524000000000000000e+03,5.000000000000001421e+01,-2.182336803040944773e+01,7.153378723157383945e+01,2.895807988356219886e-01,0.000000000000000000e+00,5.485000000000000142e+01,6.214800000000000324e+01,6.000000000000000000e+01,1.000000000000000000e+00
1.525000000000000000e+03,5.000000000000000000e+01,-2.182336803040944773e+01,7.154643012148595460e+01,2.769379089234962898e-01,0.000000000000000000e+00,5.485000000000000142e+01,6.214800000000000324e+01,6.000000000000000000e+01,1.000000000000000000e+00
1.526000000000000000e+03,4.999999999999999289e+01,-2.211342923881580447e+01,7.212597958445878987e+01,-1.255034564298962430e-02,0.000000000000000000e+00,5.485000000000000142e+01,6.224499999999999744e+01,6.000000000000000000e+01,1.000000000000000000e+00
1.527000000000000000e+03,5.000000000000000711e+01,-2.182336803040944773e+01,7.155797309280909246e+01,2.653949376003595373e-01,0.000000000000000000e+00,5.485000000000000142e+01,6.214800000000000324e+01,6.000000000000000000e+01,1.000000000000000000e+00
1.528000000000000000e+03,4.999999999999999289e+01,-2.201773894325907222e+01,7.194981577647146764e+01,6.792316678760221271e-02,0.000000000000000000e+00,5.485000000000000142e+01,6.221300000000000097e+01,6.000000000000000000e+01,1.000000000000000000e+00
1.529000000000000000e+03,5.000000000000000000e+01,-2.182336803040944773e+01,7.157252552210150043e+01,2.508425083079480755e-01,0.000000000000000000e+00,5.485000000000000142e+01,6.214800000000000324e+01,6.000000000000000000e+01,1.000000000000000000e+00
1.530000000000000000e+03,5.000000000000000000e+01,-2.220911953437255804e+01,7.233813850007034318e+01,-1.290189656977816512e-01,0.000000000000000000e+00,5.485000000000000142e+01,6.227700000000000102e+01,6.000000000000000000e+01,1.000000000000000000e+00
1.531000000000000000e+03,5.000000000000000000e+01,-2.278924195118529283e+01,7.346742272972184651e+01,-6.781807785365544516e-01,0.000000000000000000e+00,5.485000000000000142e+01,6.247099999999999653e+01,6.000000000000000000e+01,1.000000000000000000e+00
1.532000000000000000e+03,5.000000000000000000e+01,-2.278924195118529283e+01,7.343781384350413077e+01,-6.485718923188449336e-01,0.000000000000000000e+00,5.485000000000000142e+01,6.247099999999999653e+01,6.000000000000000000e+01,1.000000000000000000e+00
1.533000000000000000e+03,4.999999999999999289e+01,-2.249918074277893609e+01,7.284203910745183919e+01,-3.428583646729128076e-01,0.000000000000000000e+00,5.485000000000000142e+01,6.237400000000000233e+01,6.000000000000000000e+01,1.000000000000000000e+00
1.534000000000000000e+03,4.999999999999999289e+01,-2.211342923881580447e+01,7.207240878321252353e+01,4.102045560327344242e-02,0.000000000000000000e+00,5.485000000000000142e+01,6.224499999999999744e+01,6.000000000000000000e+01,1.000000000000000000e+00
1.535000000000000000e+03,5.000000000000000000e+01,-2.201773894325907222e+01,7.188699688540908994e+01,1.307420578499864094e-01,0.000000000000000000e+00,5.485000000000000142e+01,6.221300000000000097e+01,6.000000000000000000e+01,1.000000000000000000e+00
1.536000000000000000e+03,5.000000000000000711e+01,-2.192204864770232220e+01,7.170550216838729796e+01,2.165464793150317924e-01,0.000000000000000000e+00,5.485000000000000142e+01,6.218099999999999739e+01,6.000000000000000000e+01,1.000000000000000000e+00
1.537000000000000000e+03,4.999999999999999289e+01,-2.153629714373921189e+01,7.096029505828128947e+01,5.760020854579150917e-01,0.000000000000000000e+00,5.485000000000000142e+01,6.205199999999999960e+01,6.000000000000000000e+01,1.000000000000000000e+00
1.538000000000000000e+03,4.999999999999999289e+01,-2.115054563977610158e+01,7.023078152204149660e+01,9.197641177345954322e-01,0.000000000000000000e+00,5.485000000000000142e+01,6.192300000000000182e+01,6.000000000000000000e+01,1.000000000000000000e+00
1.539000000000000000e+03,5.000000000000000711e+01,-2.095617472692645578e+01,6.989068203242098321e+01,1.065492694505477456e+00,0.000000000000000000e+00,5.485000000000000142e+01,6.185799999999999699e+01,6.000000000000000000e+01,1.000000000000000000e+00
1.540000000000000000e+03,5.000000000000000000e+01,-2.105485534421935157e+01,7.013025358864086911e+01,9.246017555784801223e-01,0.000000000000000000e+00,5.485000000000000142e+01,6.189099999999999824e+01,6.000000000000000000e+01,1.000000000000000000e+00
1.541000000000000000e+03,5.000000000000000711e+01,-2.086048443136972708e+01,6.979036530681780448e+01,1.070119124551929479e+00,0.000000000000000000e+00,5.485000000000000142e+01,6.182600000000000051e+01,6.000000000000000000e+01,1.000000000000000000e+00
1.542000000000000000e+03,5.000000000000000000e+01,-2.086048443136972708e+01,6.983708594001920744e+01,1.023398491350519635e+00,0.000000000000000000e+00,5.485000000000000142e+01,6.182600000000000051e+01,6.000000000000000000e+01,1.000000000000000000e+00
1.543000000000000000e+03,5.000000000000000000e+01,-2.086048443136972708e+01,6.988176678389561403e+01,9.787176474741109411e-01,0.000000000000000000e+00,5.485000000000000142e+01,6.182600000000000051e+01,6.000000000000000000e+01,1.000000000000000000e+00
1.544000000000000000e+03,5.000000000000000711e+01,-2.076479413581297351e+01,6.973729407272122671e+01,1.027500063091754567e+00,0.000000000000000000e+00,5.485000000000000142e+01,6.179399999999999693e+01,6.000000000000000000e+01,1.000000000000000000e+00
1.545000000000000000e+03,4.999999999999999289e+01,-2.076479413581297351e+01,6.978215398827710203e+01,9.826401475358711446e-01,0.000000000000000000e+00,5.485000000000000142e+01,6.179399999999999693e+01,6.000000000000000000e+01,1.000000000000000000e+00
1.546000000000000000e+03,4.999999999999998579e+01,-2.057042322296334902e+01,6.944479962100616888e+01,1.125623601957166153e+00,0.000000000000000000e+00,5.485000000000000142e+01,6.172899999999999920e+01,6.000000000000000000e+01,1.000000000000000000e+00
1.547000000000000000e+03,4.999999999999999289e+01,-2.057042322296334902e+01,6.949394353986839690e+01,1.076479683094945461e+00,0.000000000000000000e+00,5.485000000000000142e+01,6.172899999999999920e+01,6.000000000000000000e+01,1.000000000000000000e+00
1.548000000000000000e+03,5.000000000000000000e+01,-2.028335233629313095e+01,6.897933340609964148e+01,1.304018930193495240e+00,0.000000000000000000e+00,5.485000000000000142e+01,6.163300000000000267e+01,6.000000000000000000e+01,1.000000000000000000e+00
1.549000000000000000e+03,5.000000000000000000e+01,-1.989760083233000287e+01,6.828160456297196390e+01,1.615996269358033643e+00,0.000000000000000000e+00,5.485000000000000142e+01,6.150399999999999778e+01,6.000000000000000000e+01,1.000000000000000000e+00
1.550000000000000000e+03,4.999999999999999289e+01,-2.008898142344348514e+01,6.872656344359452874e+01,1.362417979848952410e+00,0.000000000000000000e+00,5.485000000000000142e+01,6.156799999999999784e+01,6.000000000000000000e+01,1.000000000000000000e+00
1.551000000000000000e+03,5.000000000000000711e+01,-1.989760083233000287e+01,6.841163999217459946e+01,1.485960840155404084e+00,0.000000000000000000e+00,5.485000000000000142e+01,6.150399999999999778e+01,6.000000000000000000e+01,1.000000000000000000e+00
1.552000000000000000e+03,5.000000000000000000e+01,-1.989760083233000287e+01,6.847651597632601295e+01,1.421084856003986818e+00,0.000000000000000000e+00,5.485000000000000142e+01,6.150399999999999778e+01,6.000000000000000000e+01,1.000000000000000000e+00
1.553000000000000000e+03,5.000000000000000000e+01,-1.989760083233000287e+01,6.853855952155583964e+01,1.359041310774159683e+00,0.000000000000000000e+00,5.485000000000000142e+01,6.150399999999999778e+01,6.000000000000000000e+01,1.000000000000000000e+00
1.554000000000000000e+03,5.000000000000000000e+01,-1.989760083233000287e+01,6.859789429011520667e+01,1.299706542214791094e+00,0.000000000000000000e+00,5.485000000000000142e+01,6.150399999999999778e+01,6.000000000000000000e+01,1.000000000000000000e+00
1.555000000000000000e+03,5.000000000000000000e+01,-1.951184932836689256e+01,6.789997717122243159e+01,1.611872157144457862e+00,0.000000000000000000e+00,5.485000000000000142e+01,6.137500000000000000e+01,6.000000000000000000e+01,1.000000000000000000e+00
1.556000000000000000e+03,4.999999999999999289e+01,-1.951184932836689256e+01,6.797035035313621165e+01,1.541498975230674473e+00,0.000000000000000000e+00,5.485000000000000142e+01,6.137500000000000000e+01,6.000000000000000000e+01,1.000000000000000000e+00
1.557000000000000000e+03,5.000000000000000000e+01,-1.980191053677327062e+01,6.860510964498162423e+01,1.196800891791649724e+00,0.000000000000000000e+00,5.485000000000000142e+01,6.147200000000000131e+01,6.000000000000000000e+01,1.000000000000000000e+00
1.558000000000000000e+03,5.000000000000000000e+01,-1.989760083233000287e+01,6.884456393471477043e+01,1.053036897615226897e+00,0.000000000000000000e+00,5.485000000000000142e+01,6.150399999999999778e+01,6.000000000000000000e+01,1.000000000000000000e+00
1.559000000000000000e+03,4.999999999999999289e+01,-1.989760083233000287e+01,6.889053877014407590e+01,1.007062062185917428e+00,0.000000000000000000e+00,5.485000000000000142e+01,6.150399999999999778e+01,6.000000000000000000e+01,1.000000000000000000e+00
1.560000000000000000e+03,4.999999999999998579e+01,-1.999329112788675644e+01,6.912170919870827390e+01,8.715819291784689948e-01,0.000000000000000000e+00,5.485000000000000142e+01,6.153600000000000136e+01,6.000000000000000000e+01,1.000000000000000000e+00
1.561000000000000000e+03,5.000000000000000000e+01,-2.028335233629313095e+01,6.972722039296728269e+01,5.561319433258529177e-01,0.000000000000000000e+00,5.485000000000000142e+01,6.163300000000000267e+01,6.000000000000000000e+01,1.000000000000000000e+00
1.562000000000000000e+03,5.000000000000000000e+01,-2.066910384025624126e+01,7.050616208863351630e+01,1.629417516227272267e-01,0.000000000000000000e+00,5.485000000000000142e+01,6.176200000000000045e+01,6.000000000000000000e+01,1.000000000000000000e+00
1.563000000000000000e+03,5.000000000000000000e+01,-2.047473292740661677e+01,7.013302027750462742e+01,3.417126499019921271e-01,0.000000000000000000e+00,5.485000000000000142e+01,6.169700000000000273e+01,6.000000000000000000e+01,1.000000000000000000e+00
1.564000000000000000e+03,5.000000000000000000e+01,-2.076479413581297351e+01,7.071539775919477222e+01,4.939637661820706072e-02,0.000000000000000000e+00,5.485000000000000142e+01,6.179399999999999693e+01,6.000000000000000000e+01,1.000000000000000000e+00
1.565000000000000000e+03,5.000000000000000000e+01,-2.076479413581297351e+01,7.071755436955758967e+01,4.723976625538949675e-02,0.000000000000000000e+00,5.485000000000000142e+01,6.179399999999999693e+01,6.000000000000000000e+01,1.000000000000000000e+00
1.566000000000000000e+03,5.000000000000000711e+01,-2.076479413581297351e+01,7.071961682385926906e+01,4.517731195371301606e-02,0.000000000000000000e+00,5.485000000000000142e+01,6.179399999999999693e+01,6.000000000000000000e+01,1.000000000000000000e+00
1.567000000000000000e+03,4.999999999999999289e+01,-2.086048443136972708e+01,7.090879205435011556e+01,-4.830762298039430191e-02,0.000000000000000000e+00,5.485000000000000142e+01,6.182600000000000051e+01,6.000000000000000000e+01,1.000000000000000000e+00
1.568000000000000000e+03,5.000000000000000711e+01,-2.086048443136972708e+01,7.090668297818999122e+01,-4.619854682025743842e-02,0.000000000000000000e+00,5.485000000000000142e+01,6.182600000000000051e+01,6.000000000000000000e+01,1.000000000000000000e+00
1.569000000000000000e+03,5.000000000000000711e+01,-2.086048443136972708e+01,7.090466598278180754e+01,-4.418155141207690678e-02,0.000000000000000000e+00,5.485000000000000142e+01,6.182600000000000051e+01,6.000000000000000000e+01,1.000000000000000000e+00
1.570000000000000000e+03,5.000000000000000711e+01,-2.086048443136972708e+01,7.090273704794601883e+01,-4.225261657628730932e-02,0.000000000000000000e+00,5.485000000000000142e+01,6.182600000000000051e+01,6.000000000000000000e+01,1.000000000000000000e+00
1.571000000000000000e+03,5.000000000000000000e+01,-2.086048443136972708e+01,7.090089232902120386e+01,-4.040789765147873025e-02,0.000000000000000000e+00,5.485000000000000142e+01,6.182600000000000051e+01,6.000000000000000000e+01,1.000000000000000000e+00
1.572000000000000000e+03,5.000000000000001421e+01,-2.095617472692645578e+01,7.108633097066534390e+01,-1.301562437388761595e-01,0.000000000000000000e+00,5.485000000000000142e+01,6.185799999999999699e+01,6.000000000000000000e+01,1.000000000000000000e+00
1.573000000000000000e+03,5.000000000000000000e+01,-2.086048443136972708e+01,7.089344562098246172e+01,-3.296118961273693249e-02,0.000000000000000000e+00,5.485000000000000142e+01,6.182600000000000051e+01,6.000000000000000000e+01,1.000000000000000000e+00
1.574000000000000000e+03,5.000000000000000711e+01,-2.095617472692645578e+01,7.107920938055679017e+01,-1.230346536303290189e-01,0.000000000000000000e+00,5.485000000000000142e+01,6.185799999999999699e+01,6.000000000000000000e+01,1.000000000000000000e+00
1.575000000000000000e+03,5.000000000000000000e+01,-2.086048443136972708e+01,7.088663495438854056e+01,-2.615052301881395924e-02,0.000000000000000000e+00,5.485000000000000142e+01,6.182600000000000051e+01,6.000000000000000000e+01,1.000000000000000000e+00
1.576000000000000000e+03,5.000000000000000711e+01,-2.086048443136972708e+01,7.088549324131571439e+01,-2.500880994598330548e-02,0.000000000000000000e+00,5.485000000000000142e+01,6.182600000000000051e+01,6.000000000000000000e+01,1.000000000000000000e+00
1.577000000000000000e+03,5.000000000000000711e+01,-2.086048443136972708e+01,7.088440137461650181e+01,-2.391694324676952102e-02,0.000000000000000000e+00,5.485000000000000142e+01,6.182600000000000051e+01,6.000000000000000000e+01,1.000000000000000000e+00
1.578000000000000000e+03,5.000000000000000711e+01,-2.095617472692645578e+01,7.107055999949820091e+01,-1.143852725717398600e-01,0.000000000000000000e+00,5.485000000000000142e+01,6.185799999999999699e+01,6.000000000000000000e+01,1.000000000000000000e+00
1.579000000000000000e+03,5.000000000000000000e+01,-2.086048443136972708e+01,7.087836319910131522e+01,-1.787876773158625365e-02,0.000000000000000000e+00,5.485000000000000142e+01,6.182600000000000051e+01,6.000000000000000000e+01,1.000000000000000000e+00
1.580000000000000000e+03,4.999999999999999289e+01,-2.124623593533283383e+01,7.163224399895725014e+01,-3.860080636244215269e-01,0.000000000000000000e+00,5.485000000000000142e+01,6.195499999999999829e+01,6.000000000000000000e+01,1.000000000000000000e+00
1.581000000000000000e+03,5.000000000000000000e+01,-2.105485534421935157e+01,7.124098552091949443e+01,-1.861301767001479479e-01,0.000000000000000000e+00,5.485000000000000142e+01,6.189099999999999824e+01,6.000000000000000000e+01,1.000000000000000000e+00
1.582000000000000000e+03,5.000000000000000000e+01,-2.134192623088958740e+01,7.179446767533997331e+01,-4.525414444503863542e-01,0.000000000000000000e+00,5.485000000000000142e+01,6.198700000000000188e+01,6.000000000000000000e+01,1.000000000000000000e+00
1.583000000000000000e+03,5.000000000000000711e+01,-2.182336803040944773e+01,7.271657423605131498e+01,-8.932062056418581530e-01,0.000000000000000000e+00,5.485000000000000142e+01,6.214800000000000324e+01,6.000000000000000000e+01,1.000000000000000000e+00
1.584000000000000000e+03,5.000000000000001421e+01,-2.182336803040944773e+01,7.267757749396011491e+01,-8.542094635506543021e-01,0.000000000000000000e+00,5.485000000000000142e+01,6.214800000000000324e+01,6.000000000000000000e+01,1.000000000000000000e+00
1.585000000000000000e+03,5.000000000000000000e+01,-2.182336803040944773e+01,7.264028332164967594e+01,-8.169152912402269928e-01,0.000000000000000000e+00,5.485000000000000142e+01,6.214800000000000324e+01,6.000000000000000000e+01,1.000000000000000000e+00
1.586000000000000000e+03,4.999999999999998579e+01,-2.153629714373921189e+01,7.204300892175221804e+01,-5.067117780130181437e-01,0.000000000000000000e+00,5.485000000000000142e+01,6.205199999999999960e+01,6.000000000000000000e+01,1.000000000000000000e+00
1.587000000000000000e+03,5.000000000000000000e+01,-2.163198743929596546e+01,7.220808907053806536e+01,-5.761016312420939034e-01,0.000000000000000000e+00,5.485000000000000142e+01,6.208400000000000318e+01,6.000000000000000000e+01,1.000000000000000000e+00
1.588000000000000000e+03,5.000000000000000000e+01,-2.144060684818247964e+01,7.180853124372421803e+01,-3.679243955417377254e-01,0.000000000000000000e+00,5.485000000000000142e+01,6.202000000000000313e+01,6.000000000000000000e+01,1.000000000000000000e+00
1.589000000000000000e+03,4.999999999999999289e+01,-2.105485534421935157e+01,7.103780655456124293e+01,1.704878965809936142e-02,0.000000000000000000e+00,5.485000000000000142e+01,6.189099999999999824e+01,6.000000000000000000e+01,1.000000000000000000e+00
1.590000000000000000e+03,5.000000000000000711e+01,-2.095617472692645578e+01,7.084549798285077316e+01,1.106767440756913079e-01,0.000000000000000000e+00,5.485000000000000142e+01,6.185799999999999699e+01,6.000000000000000000e+01,1.000000000000000000e+00
1.591000000000000000e+03,5.000000000000000000e+01,-2.086048443136972708e+01,7.066312722862585360e+01,1.973572027438759702e-01,0.000000000000000000e+00,5.485000000000000142e+01,6.182600000000000051e+01,6.000000000000000000e+01,1.000000000000000000e+00
1.592000000000000000e+03,5.000000000000000000e+01,-2.018766204073638093e+01,6.935547386407975523e+01,8.321881766566279204e-01,0.000000000000000000e+00,5.485000000000000142e+01,6.160099999999999909e+01,6.000000000000000000e+01,1.000000000000000000e+00
1.593000000000000000e+03,5.000000000000000000e+01,-2.037904263184986320e+01,6.976621224573241875e+01,6.128303861174463352e-01,0.000000000000000000e+00,5.485000000000000142e+01,6.166499999999999915e+01,6.000000000000000000e+01,1.000000000000000000e+00
1.594000000000000000e+03,4.999999999999999289e+01,-2.066910384025624126e+01,7.036042653326738616e+01,3.086773069888500420e-01,0.000000000000000000e+00,5.485000000000000142e+01,6.176200000000000045e+01,6.000000000000000000e+01,1.000000000000000000e+00
1.595000000000000000e+03,5.000000000000000000e+01,-2.008898142344348514e+01,6.923898605789744920e+01,8.499953655460361635e-01,0.000000000000000000e+00,5.485000000000000142e+01,6.156799999999999784e+01,6.000000000000000000e+01,1.000000000000000000e+00
1.596000000000000000e+03,5.000000000000000711e+01,-2.037904263184986320e+01,6.984355479827593172e+01,5.354878335739374773e-01,0.000000000000000000e+00,5.485000000000000142e+01,6.166499999999999915e+01,6.000000000000000000e+01,1.000000000000000000e+00
1.597000000000000000e+03,5.000000000000000000e+01,-2.037904263184986320e+01,6.986693381289423144e+01,5.121088189556340931e-01,0.000000000000000000e+00,5.485000000000000142e+01,6.166499999999999915e+01,6.000000000000000000e+01,1.000000000000000000e+00
1.598000000000000000e+03,5.000000000000000711e+01,-2.047473292740661677e+01,7.007649493797225659e+01,3.982379894343679450e-01,0.000000000000000000e+00,5.485000000000000142e+01,6.169700000000000273e+01,6.000000000000000000e+01,1.000000000000000000e+00
1.599000000000000000e+03,5.000000000000000000e+01,-2.018766204073638093e+01,6.953227325847512930e+01,6.553887822612578518e-01,0.000000000000000000e+00,5.485000000000000142e+01,6.160099999999999909e+01,6.000000000000000000e+01,1.000000000000000000e+00
1.600000000000000000e+03,5.000000000000000711e+01,-1.989760083233000287e+01,6.899342850992454146e+01,9.041723224054649677e-01,0.000000000000000000e+00,5.485000000000000142e+01,6.150399999999999778e+01,6.000000000000000000e+01,1.000000000000000000e+00
1.601000000000000000e+03,5.000000000000000711e+01,-1.989760083233000287e+01,6.903290402480580212e+01,8.646968075242029705e-01,0.000000000000000000e+00,5.485000000000000142e+01,6.150399999999999778e+01,6.000000000000000000e+01,1.000000000000000000e+00
1.602000000000000000e+03,5.000000000000000000e+01,-1.989760083233000287e+01,6.907065606702977334e+01,8.269447653002272025e-01,0.000000000000000000e+00,5.485000000000000142e+01,6.150399999999999778e+01,6.000000000000000000e+01,1.000000000000000000e+00
1.603000000000000000e+03,5.000000000000000000e+01,-2.018766204073638093e+01,6.967421843473960053e+01,5.134436059967859567e-01,0.000000000000000000e+00,5.485000000000000142e+01,6.160099999999999909e+01,6.000000000000000000e+01,1.000000000000000000e+00
1.604000000000000000e+03,5.000000000000000711e+01,-2.047473292740661677e+01,7.025824347859062868e+01,2.164894488159977981e-01,0.000000000000000000e+00,5.485000000000000142e+01,6.169700000000000273e+01,6.000000000000000000e+01,1.000000000000000000e+00
1.605000000000000000e+03,5.000000000000000000e+01,-2.028335233629313095e+01,6.989328960967316107e+01,3.900627266199764298e-01,0.000000000000000000e+00,5.485000000000000142e+01,6.163300000000000267e+01,6.000000000000000000e+01,1.000000000000000000e+00
1.606000000000000000e+03,4.999999999999999289e+01,-2.028335233629313095e+01,6.991031946845974687e+01,3.730328678333816872e-01,0.000000000000000000e+00,5.485000000000000142e+01,6.163300000000000267e+01,6.000000000000000000e+01,1.000000000000000000e+00
1.607000000000000000e+03,4.999999999999999289e+01,-2.057042322296334902e+01,7.048821428022276336e+01,8.220894274057732876e-02,0.000000000000000000e+00,5.485000000000000142e+01,6.172899999999999920e+01,6.000000000000000000e+01,1.000000000000000000e+00
1.608000000000000000e+03,5.000000000000000000e+01,-2.018766204073638093e+01,6.974299217782360927e+01,4.446698629127777691e-01,0.000000000000000000e+00,5.485000000000000142e+01,6.160099999999999909e+01,6.000000000000000000e+01,1.000000000000000000e+00
1.609000000000000000e+03,5.000000000000000711e+01,-2.066910384025624126e+01,7.070427034049376402e+01,-3.516650023751666243e-02,0.000000000000000000e+00,5.485000000000000142e+01,6.176200000000000045e+01,6.000000000000000000e+01,1.000000000000000000e+00
1.610000000000000000e+03,5.000000000000000000e+01,-2.066910384025624126e+01,7.070273499632423864e+01,-3.363115606799511187e-02,0.000000000000000000e+00,5.485000000000000142e+01,6.176200000000000045e+01,6.000000000000000000e+01,1.000000000000000000e+00
1.611000000000000000e+03,5.000000000000000711e+01,-2.076479413581297351e+01,7.088846950564381189e+01,-1.236753698308303007e-01,0.000000000000000000e+00,5.485000000000000142e+01,6.179399999999999693e+01,6.000000000000000000e+01,1.000000000000000000e+00
1.612000000000000000e+03,5.000000000000000000e+01,-2.066910384025624126e+01,7.069586710626593629e+01,-2.676326600969490543e-02,0.000000000000000000e+00,5.485000000000000142e+01,6.176200000000000045e+01,6.000000000000000000e+01,1.000000000000000000e+00
1.613000000000000000e+03,5.000000000000000711e+01,-2.086048443136972708e+01,7.106910428420221137e+01,-2.086198528324787194e-01,0.000000000000000000e+00,5.485000000000000142e+01,6.182600000000000051e+01,6.000000000000000000e+01,1.000000000000000000e+00
1.614000000000000000e+03,4.999999999999999289e+01,-2.086048443136972708e+01,7.105999609110565984e+01,-1.995116597359396227e-01,0.000000000000000000e+00,5.485000000000000142e+01,6.182600000000000051e+01,6.000000000000000000e+01,1.000000000000000000e+00
1.615000000000000000e+03,4.999999999999999289e+01,-2.086048443136972708e+01,7.105128555518487588e+01,-1.908011238151557654e-01,0.000000000000000000e+00,5.485000000000000142e+01,6.182600000000000051e+01,6.000000000000000000e+01,1.000000000000000000e+00
1.616000000000000000e+03,4.999999999999999289e+01,-2.086048443136972708e+01,7.104295531501286121e+01,-1.824708836431401249e-01,0.000000000000000000e+00,5.485000000000000142e+01,6.182600000000000051e+01,6.000000000000000000e+01,1.000000000000000000e+00
1.617000000000000000e+03,5.000000000000000711e+01,-2.086048443136972708e+01,7.103498876715008237e+01,-1.745043357803515993e-01,0.000000000000000000e+00,5.485000000000000142e+01,6.182600000000000051e+01,6.000000000000000000e+01,1.000000000000000000e+00
1.618000000000000000e+03,5.000000000000000711e+01,-2.086048443136972708e+01,7.102737003305124119e+01,-1.668856016815070398e-01,0.000000000000000000e+00,5.485000000000000142e+01,6.182600000000000051e+01,6.000000000000000000e+01,1.000000000000000000e+00
1.619000000000000000e+03,4.999999999999998579e+01,-2.057042322296334902e+01,7.045262537485348275e+01,1.177978481098534702e-01,0.000000000000000000e+00,5.485000000000000142e+01,6.172899999999999920e+01,6.000000000000000000e+01,1.000000000000000000e+00
1.620000000000000000e+03,5.000000000000000711e+01,-2.086048443136972708e+01,7.102522689694920643e+01,-1.647424655794747506e-01,0.000000000000000000e+00,5.485000000000000142e+01,6.182600000000000051e+01,6.000000000000000000e+01,1.000000000000000000e+00
1.621000000000000000e+03,5.000000000000000000e+01,-2.076479413581297351e+01,7.083083153763524820e+01,-6.603740182227176014e-02,0.000000000000000000e+00,5.485000000000000142e+01,6.179399999999999693e+01,6.000000000000000000e+01,1.000000000000000000e+00
1.622000000000000000e+03,5.000000000000000000e+01,-2.086048443136972708e+01,7.101515121351567927e+01,-1.546667821459489500e-01,0.000000000000000000e+00,5.485000000000000142e+01,6.182600000000000051e+01,6.000000000000000000e+01,1.000000000000000000e+00
1.623000000000000000e+03,4.999999999999999289e+01,-2.086048443136972708e+01,7.100839857277568967e+01,-1.479141414059669257e-01,0.000000000000000000e+00,5.485000000000000142e+01,6.182600000000000051e+01,6.000000000000000000e+01,1.000000000000000000e+00
1.624000000000000000e+03,5.000000000000000711e+01,-2.086048443136972708e+01,7.100194074748561945e+01,-1.414563161158869931e-01,0.000000000000000000e+00,5.485000000000000142e+01,6.182600000000000051e+01,6.000000000000000000e+01,1.000000000000000000e+00
1.625000000000000000e+03,5.000000000000000000e+01,-2.105485534421935157e+01,7.137602059731361237e+01,-3.211652530942620820e-01,0.000000000000000000e+00,5.485000000000000142e+01,6.189099999999999824e+01,6.000000000000000000e+01,1.000000000000000000e+00
1.626000000000000000e+03,5.000000000000000711e+01,-2.086048443136972708e+01,7.098174302169020677e+01,-1.212585903204732862e-01,0.000000000000000000e+00,5.485000000000000142e+01,6.182600000000000051e+01,6.000000000000000000e+01,1.000000000000000000e+00
1.627000000000000000e+03,5.000000000000000000e+01,-2.105485534421935157e+01,7.135670468973519576e+01,-3.018493455158485772e-01,0.000000000000000000e+00,5.485000000000000142e+01,6.189099999999999824e+01,6.000000000000000000e+01,1.000000000000000000e+00
1.628000000000000000e+03,5.000000000000000000e+01,-2.115054563977610158e+01,7.153072898534155399e+01,-3.801833455654537453e-01,0.000000000000000000e+00,5.485000000000000142e+01,6.192300000000000182e+01,6.000000000000000000e+01,1.000000000000000000e+00
1.629000000000000000e+03,5.000000000000000000e+01,-2.086048443136972708e+01,7.094667190068021512e+01,-8.618746931048548721e-02,0.000000000000000000e+00,5.485000000000000142e+01,6.182600000000000051e+01,6.000000000000000000e+01,1.000000000000000000e+00
1.630000000000000000e+03,5.000000000000000000e+01,-2.086048443136972708e+01,7.094290901760689394e+01,-8.242458623716501787e-02,0.000000000000000000e+00,5.485000000000000142e+01,6.182600000000000051e+01,6.000000000000000000e+01,1.000000000000000000e+00
1.631000000000000000e+03,5.000000000000000000e+01,-2.047473292740661677e+01,7.018464904528114801e+01,2.900838821254711486e-01,0.000000000000000000e+00,5.485000000000000142e+01,6.169700000000000273e+01,6.000000000000000000e+01,1.000000000000000000e+00
1.632000000000000000e+03,5.000000000000000711e+01,-2.008898142344348514e+01,6.944265252542106737e+01,6.463288980224248803e-01,0.000000000000000000e+00,5.485000000000000142e+01,6.156799999999999784e+01,6.000000000000000000e+01,1.000000000000000000e+00
1.633000000000000000e+03,5.000000000000000711e+01,-2.008898142344348514e+01,6.947087078138824268e+01,6.181106420552483494e-01,0.000000000000000000e+00,5.485000000000000142e+01,6.156799999999999784e+01,6.000000000000000000e+01,1.000000000000000000e+00
1.634000000000000000e+03,5.000000000000000000e+01,-1.989760083233000287e+01,6.912345140561713208e+01,7.741494267128677942e-01,0.000000000000000000e+00,5.485000000000000142e+01,6.150399999999999778e+01,6.000000000000000000e+01,1.000000000000000000e+00
1.635000000000000000e+03,4.999999999999999289e+01,-1.960753962392362482e+01,6.858979166159630836e+01,1.017747962327312905e+00,0.000000000000000000e+00,5.485000000000000142e+01,6.140699999999999648e+01,6.000000000000000000e+01,1.000000000000000000e+00
1.636000000000000000e+03,5.000000000000000000e+01,-1.941615903281016031e+01,6.825982016450122103e+01,1.156338868308934398e+00,0.000000000000000000e+00,5.485000000000000142e+01,6.134300000000000352e+01,6.000000000000000000e+01,1.000000000000000000e+00
1.637000000000000000e+03,5.000000000000000000e+01,-1.903040752884703224e+01,6.755564371582744343e+01,1.474763813019592806e+00,0.000000000000000000e+00,5.485000000000000142e+01,6.121399999999999864e+01,6.000000000000000000e+01,1.000000000000000000e+00
1.638000000000000000e+03,5.000000000000000000e+01,-1.903040752884703224e+01,6.762003084580761936e+01,1.410376683039413104e+00,0.000000000000000000e+00,5.485000000000000142e+01,6.121399999999999864e+01,6.000000000000000000e+01,1.000000000000000000e+00
1.639000000000000000e+03,5.000000000000000000e+01,-1.893471723329029999e+01,6.749440405842437940e+01,1.440313174865921031e+00,0.000000000000000000e+00,5.485000000000000142e+01,6.118200000000000216e+01,6.000000000000000000e+01,1.000000000000000000e+00
1.640000000000000000e+03,4.999999999999999289e+01,-1.893471723329029999e+01,6.755728709826000511e+01,1.377430135030290659e+00,0.000000000000000000e+00,5.485000000000000142e+01,6.118200000000000216e+01,6.000000000000000000e+01,1.000000000000000000e+00
1.641000000000000000e+03,4.999999999999999289e+01,-1.893471723329029999e+01,6.761742470969299745e+01,1.317292523597297427e+00,0.000000000000000000e+00,5.485000000000000142e+01,6.118200000000000216e+01,6.000000000000000000e+01,1.000000000000000000e+00
1.642000000000000000e+03,5.000000000000000000e+01,-1.893471723329029999e+01,6.767493675615766335e+01,1.259780477132640186e+00,0.000000000000000000e+00,5.485000000000000142e+01,6.118200000000000216e+01,6.000000000000000000e+01,1.000000000000000000e+00
1.643000000000000000e+03,5.000000000000000711e+01,-1.874034632044065418e+01,6.734968213683750093e+01,1.390664183603156134e+00,0.000000000000000000e+00,5.485000000000000142e+01,6.111699999999999733e+01,6.000000000000000000e+01,1.000000000000000000e+00
1.644000000000000000e+03,5.000000000000000711e+01,-1.854896572932716836e+01,6.703599189440771511e+01,1.512973834919454363e+00,0.000000000000000000e+00,5.485000000000000142e+01,6.105299999999999727e+01,6.000000000000000000e+01,1.000000000000000000e+00
1.645000000000000000e+03,5.000000000000000000e+01,-1.874034632044065418e+01,6.747645288945801667e+01,1.263893430982632626e+00,0.000000000000000000e+00,5.485000000000000142e+01,6.111699999999999733e+01,6.000000000000000000e+01,1.000000000000000000e+00
1.646000000000000000e+03,5.000000000000000000e+01,-1.893471723329029999e+01,6.791188930095052001e+01,1.022827932339781087e+00,0.000000000000000000e+00,5.485000000000000142e+01,6.118200000000000216e+01,6.000000000000000000e+01,1.000000000000000000e+00
1.647000000000000000e+03,5.000000000000001421e+01,-1.883603661599740775e+01,6.776349232499489972e+01,1.072544291002522021e+00,0.000000000000000000e+00,5.485000000000000142e+01,6.114900000000000091e+01,6.000000000000000000e+01,1.000000000000000000e+00
1.648000000000000000e+03,5.000000000000000000e+01,-1.893471723329029999e+01,6.800337174885854097e+01,9.313454844317604620e-01,0.000000000000000000e+00,5.485000000000000142e+01,6.118200000000000216e+01,6.000000000000000000e+01,1.000000000000000000e+00
1.649000000000000000e+03,5.000000000000000000e+01,-1.874034632044065418e+01,6.766377789339874482e+01,1.076568427041907583e+00,0.000000000000000000e+00,5.485000000000000142e+01,6.111699999999999733e+01,6.000000000000000000e+01,1.000000000000000000e+00
1.650000000000000000e+03,4.999999999999999289e+01,-1.864465602488392193e+01,6.752357727705548029e+01,1.121078747828431421e+00,0.000000000000000000e+00,5.485000000000000142e+01,6.108500000000000085e+01,6.000000000000000000e+01,1.000000000000000000e+00
1.651000000000000000e+03,4.999999999999999289e+01,-1.864465602488392193e+01,6.757252277084722891e+01,1.072133254036682581e+00,0.000000000000000000e+00,5.485000000000000142e+01,6.108500000000000085e+01,6.000000000000000000e+01,1.000000000000000000e+00
1.652000000000000000e+03,5.000000000000000711e+01,-1.883603661599740775e+01,6.799373698242534658e+01,8.422996335720697170e-01,0.000000000000000000e+00,5.485000000000000142e+01,6.114900000000000091e+01,6.000000000000000000e+01,1.000000000000000000e+00
1.653000000000000000e+03,5.000000000000000000e+01,-1.854896572932716836e+01,6.746890271571110986e+01,1.080063013616051393e+00,0.000000000000000000e+00,5.485000000000000142e+01,6.105299999999999727e+01,6.000000000000000000e+01,1.000000000000000000e+00
1.654000000000000000e+03,5.000000000000000711e+01,-1.883603661599740775e+01,6.807766595636735474e+01,7.583706596300576752e-01,0.000000000000000000e+00,5.485000000000000142e+01,6.114900000000000091e+01,6.000000000000000000e+01,1.000000000000000000e+00
1.655000000000000000e+03,5.000000000000000711e+01,-1.893471723329029999e+01,6.830382878489490395e+01,6.308884483954031452e-01,0.000000000000000000e+00,5.485000000000000142e+01,6.118200000000000216e+01,6.000000000000000000e+01,1.000000000000000000e+00
1.656000000000000000e+03,5.000000000000000000e+01,-1.893471723329029999e+01,6.833137292190939149e+01,6.033443113809096037e-01,0.000000000000000000e+00,5.485000000000000142e+01,6.118200000000000216e+01,6.000000000000000000e+01,1.000000000000000000e+00
1.657000000000000000e+03,4.999999999999998579e+01,-1.922178811996051451e+01,6.891932296605652652e+01,3.024651539039753811e-01,0.000000000000000000e+00,5.485000000000000142e+01,6.127799999999999869e+01,6.000000000000000000e+01,1.000000000000000000e+00
1.658000000000000000e+03,5.000000000000000711e+01,-1.989760083233000287e+01,7.025464830425794105e+01,-3.570474719279376208e-01,0.000000000000000000e+00,5.485000000000000142e+01,6.150399999999999778e+01,6.000000000000000000e+01,1.000000000000000000e+00
1.659000000000000000e+03,5.000000000000000711e+01,-1.989760083233000287e+01,7.023905986780380317e+01,-3.414590354737992994e-01,0.000000000000000000e+00,5.485000000000000142e+01,6.150399999999999778e+01,6.000000000000000000e+01,1.000000000000000000e+00
1.660000000000000000e+03,5.000000000000000711e+01,-1.989760083233000287e+01,7.022415201130104379e+01,-3.265511789710399682e-01,0.000000000000000000e+00,5.485000000000000142e+01,6.150399999999999778e+01,6.000000000000000000e+01,1.000000000000000000e+00
1.661000000000000000e+03,5.000000000000000000e+01,-1.989760083233000287e+01,7.020989502111727631e+01,-3.122941887872769384e-01,0.000000000000000000e+00,5.485000000000000142e+01,6.150399999999999778e+01,6.000000000000000000e+01,1.000000000000000000e+00
1.662000000000000000e+03,5.000000000000000000e+01,-2.018766204073638093e+01,7.076371903345945213e+01,-5.760569927230703158e-01,0.000000000000000000e+00,5.485000000000000142e+01,6.160099999999999909e+01,6.000000000000000000e+01,1.000000000000000000e+00
1.663000000000000000e+03,5.000000000000000000e+01,-2.028335233629313095e+01,7.092577161992403489e+01,-6.424192836308970644e-01,0.000000000000000000e+00,5.485000000000000142e+01,6.163300000000000267e+01,6.000000000000000000e+01,1.000000000000000000e+00
1.664000000000000000e+03,4.999999999999998579e+01,-2.057042322296334902e+01,7.145933251930881625e+01,-8.889092963454792162e-01,0.000000000000000000e+00,5.485000000000000142e+01,6.172899999999999920e+01,6.000000000000000000e+01,1.000000000000000000e+00
1.665000000000000000e+03,5.000000000000000711e+01,-2.028335233629313095e+01,7.085891491280194998e+01,-5.755625765088103751e-01,0.000000000000000000e+00,5.485000000000000142e+01,6.163300000000000267e+01,6.000000000000000000e+01,1.000000000000000000e+00
1.666000000000000000e+03,5.000000000000000711e+01,-2.037904263184986320e+01,7.102098908512367359e+01,-6.419464532738035079e-01,0.000000000000000000e+00,5.485000000000000142e+01,6.166499999999999915e+01,6.000000000000000000e+01,1.000000000000000000e+00
1.667000000000000000e+03,5.000000000000000000e+01,-2.047473292740661677e+01,7.118016498501420131e+01,-7.054320576075832072e-01,0.000000000000000000e+00,5.485000000000000142e+01,6.169700000000000273e+01,6.000000000000000000e+01,1.000000000000000000e+00
1.668000000000000000e+03,4.999999999999999289e+01,-2.028335233629313095e+01,7.077496068457571710e+01,-4.916083482825882589e-01,0.000000000000000000e+00,5.485000000000000142e+01,6.163300000000000267e+01,6.000000000000000000e+01,1.000000000000000000e+00
1.669000000000000000e+03,5.000000000000000000e+01,-1.999329112788675644e+01,7.018603886423964866e+01,-1.927477363528948828e-01,0.000000000000000000e+00,5.485000000000000142e+01,6.153600000000000136e+01,6.000000000000000000e+01,1.000000000000000000e+00
1.670000000000000000e+03,4.999999999999999289e+01,-2.028335233629313095e+01,7.074508218892431444e+01,-4.617298526311857665e-01,0.000000000000000000e+00,5.485000000000000142e+01,6.163300000000000267e+01,6.000000000000000000e+01,1.000000000000000000e+00
1.671000000000000000e+03,5.000000000000000000e+01,-2.037904263184986320e+01,7.091212621629917123e+01,-5.330835844493073683e-01,0.000000000000000000e+00,5.485000000000000142e+01,6.166499999999999915e+01,6.000000000000000000e+01,1.000000000000000000e+00
1.672000000000000000e+03,4.999999999999999289e+01,-2.047473292740661677e+01,7.107605499093692458e+01,-6.013220635303093697e-01,0.000000000000000000e+00,5.485000000000000142e+01,6.169700000000000273e+01,6.000000000000000000e+01,1.000000000000000000e+00
1.673000000000000000e+03,5.000000000000000711e+01,-2.047473292740661677e+01,7.104980170107270965e+01,-5.750687736660824445e-01,0.000000000000000000e+00,5.485000000000000142e+01,6.169700000000000273e+01,6.000000000000000000e+01,1.000000000000000000e+00
1.674000000000000000e+03,5.000000000000000000e+01,-2.076479413581297351e+01,7.159215316357145298e+01,-8.273590277584761399e-01,0.000000000000000000e+00,5.485000000000000142e+01,6.179399999999999693e+01,6.000000000000000000e+01,1.000000000000000000e+00
1.675000000000000000e+03,5.000000000000000711e+01,-2.076479413581297351e+01,7.155603126202338160e+01,-7.912371262103993219e-01,0.000000000000000000e+00,5.485000000000000142e+01,6.179399999999999693e+01,6.000000000000000000e+01,1.000000000000000000e+00
1.676000000000000000e+03,5.000000000000000711e+01,-2.066910384025624126e+01,7.133428359531636431e+01,-6.651797550601168396e-01,0.000000000000000000e+00,5.485000000000000142e+01,6.176200000000000045e+01,6.000000000000000000e+01,1.000000000000000000e+00
1.677000000000000000e+03,5.000000000000000000e+01,-2.086048443136972708e+01,7.167964796738426969e+01,-8.191635360145392841e-01,0.000000000000000000e+00,5.485000000000000142e+01,6.182600000000000051e+01,6.000000000000000000e+01,1.000000000000000000e+00
1.678000000000000000e+03,5.000000000000000711e+01,-2.066910384025624126e+01,7.126947823219727240e+01,-6.003743919410248209e-01,0.000000000000000000e+00,5.485000000000000142e+01,6.176200000000000045e+01,6.000000000000000000e+01,1.000000000000000000e+00
1.679000000000000000e+03,4.999999999999999289e+01,-2.057042322296334902e+01,7.105021340735970625e+01,-4.797901843963630064e-01,0.000000000000000000e+00,5.485000000000000142e+01,6.172899999999999920e+01,6.000000000000000000e+01,1.000000000000000000e+00
1.680000000000000000e+03,4.999999999999999289e+01,-2.047473292740661677e+01,7.084206329067899333e+01,-3.673303632723798340e-01,0.000000000000000000e+00,5.485000000000000142e+01,6.169700000000000273e+01,6.000000000000000000e+01,1.000000000000000000e+00
1.681000000000000000e+03,4.999999999999999289e+01,-2.028335233629313095e+01,7.045162026763794927e+01,-1.682679313448188496e-01,0.000000000000000000e+00,5.485000000000000142e+01,6.163300000000000267e+01,6.000000000000000000e+01,1.000000000000000000e+00
1.682000000000000000e+03,4.999999999999998579e+01,-2.057042322296334902e+01,7.100588227487499182e+01,-4.354590519116561254e-01,0.000000000000000000e+00,5.485000000000000142e+01,6.172899999999999920e+01,6.000000000000000000e+01,1.000000000000000000e+00
1.683000000000000000e+03,5.000000000000000000e+01,-2.086048443136972708e+01,7.155432899766005050e+01,-6.938445662903214295e-01,0.000000000000000000e+00,5.485000000000000142e+01,6.182600000000000051e+01,6.000000000000000000e+01,1.000000000000000000e+00
1.684000000000000000e+03,5.000000000000000000e+01,-2.086048443136972708e+01,7.152403624170727880e+01,-6.635518103375532828e-01,0.000000000000000000e+00,5.485000000000000142e+01,6.182600000000000051e+01,6.000000000000000000e+01,1.000000000000000000e+00
1.685000000000000000e+03,5.000000000000000711e+01,-2.076479413581297351e+01,7.130786322428107837e+01,-5.430690884680950958e-01,0.000000000000000000e+00,5.485000000000000142e+01,6.179399999999999693e+01,6.000000000000000000e+01,1.000000000000000000e+00
1.686000000000000000e+03,5.000000000000000000e+01,-2.086048443136972708e+01,7.147135603897764611e+01,-6.108716076079191426e-01,0.000000000000000000e+00,5.485000000000000142e+01,6.182600000000000051e+01,6.000000000000000000e+01,1.000000000000000000e+00
1.687000000000000000e+03,5.000000000000000711e+01,-2.066910384025624126e+01,7.107028017994203140e+01,-4.011763396857861430e-01,0.000000000000000000e+00,5.485000000000000142e+01,6.176200000000000045e+01,6.000000000000000000e+01,1.000000000000000000e+00
1.688000000000000000e+03,5.000000000000000711e+01,-2.047473292740661677e+01,7.067250937768345409e+01,-1.977764502768280253e-01,0.000000000000000000e+00,5.485000000000000142e+01,6.169700000000000273e+01,6.000000000000000000e+01,1.000000000000000000e+00
1.689000000000000000e+03,5.000000000000000000e+01,-2.076479413581297351e+01,7.123133315232610130e+01,-4.665390165131223510e-01,0.000000000000000000e+00,5.485000000000000142e+01,6.179399999999999693e+01,6.000000000000000000e+01,1.000000000000000000e+00
1.690000000000000000e+03,5.000000000000001421e+01,-2.095617472692645578e+01,7.158537003652054409e+01,-6.291953095940776564e-01,0.000000000000000000e+00,5.485000000000000142e+01,6.185799999999999699e+01,6.000000000000000000e+01,1.000000000000000000e+00
1.691000000000000000e+03,5.000000000000000711e+01,-2.095617472692645578e+01,7.155789982073133615e+01,-6.017250938048765985e-01,0.000000000000000000e+00,5.485000000000000142e+01,6.185799999999999699e+01,6.000000000000000000e+01,1.000000000000000000e+00
1.692000000000000000e+03,4.999999999999999289e+01,-2.086048443136972708e+01,7.134442611339026996e+01,-4.839416820205474368e-01,0.000000000000000000e+00,5.485000000000000142e+01,6.182600000000000051e+01,6.000000000000000000e+01,1.000000000000000000e+00
1.693000000000000000e+03,5.000000000000000000e+01,-2.134192623088958740e+01,7.226516176225796073e+01,-9.232355313683804354e-01,0.000000000000000000e+00,5.485000000000000142e+01,6.198700000000000188e+01,6.000000000000000000e+01,1.000000000000000000e+00
1.694000000000000000e+03,5.000000000000000711e+01,-2.172767773485269771e+01,7.297951533537829505e+01,-1.251837600525592897e+00,0.000000000000000000e+00,5.485000000000000142e+01,6.211599999999999966e+01,6.000000000000000000e+01,1.000000000000000000e+00
1.695000000000000000e+03,4.999999999999999289e+01,-2.163198743929596546e+01,7.273765818242890191e+01,-1.105670743132938894e+00,0.000000000000000000e+00,5.485000000000000142e+01,6.208400000000000318e+01,6.000000000000000000e+01,1.000000000000000000e+00
1.696000000000000000e+03,5.000000000000000711e+01,-2.182336803040944773e+01,7.306379103399586938e+01,-1.240423003586413442e+00,0.000000000000000000e+00,5.485000000000000142e+01,6.214800000000000324e+01,6.000000000000000000e+01,1.000000000000000000e+00
1.697000000000000000e+03,5.000000000000000000e+01,-2.163198743929596546e+01,7.263522941269498290e+01,-1.003241973399016329e+00,0.000000000000000000e+00,5.485000000000000142e+01,6.208400000000000318e+01,6.000000000000000000e+01,1.000000000000000000e+00
1.698000000000000000e+03,4.999999999999999289e+01,-2.144060684818247964e+01,7.221702294500221342e+01,-7.764160968197353352e-01,0.000000000000000000e+00,5.485000000000000142e+01,6.202000000000000313e+01,6.000000000000000000e+01,1.000000000000000000e+00
1.699000000000000000e+03,5.000000000000000711e+01,-2.172767773485269771e+01,7.274473363966166062e+01,-1.017055904808955802e+00,0.000000000000000000e+00,5.485000000000000142e+01,6.211599999999999966e+01,6.000000000000000000e+01,1.000000000000000000e+00
1.700000000000000000e+03,5.000000000000000000e+01,-2.172767773485269771e+01,7.270032970856304644e+01,-9.726519737103470620e-01,0.000000000000000000e+00,5.485000000000000142e+01,6.211599999999999966e+01,6.000000000000000000e+01,1.000000000000000000e+00
1.701000000000000000e+03,5.000000000000000711e+01,-2.182336803040944773e+01,7.284506724270204359e+01,-1.021699212292588088e+00,0.000000000000000000e+00,5.485000000000000142e+01,6.214800000000000324e+01,6.000000000000000000e+01,1.000000000000000000e+00
1.702000000000000000e+03,5.000000000000000711e+01,-2.182336803040944773e+01,7.280046058813012166e+01,-9.770925577206698298e-01,0.000000000000000000e+00,5.485000000000000142e+01,6.214800000000000324e+01,6.000000000000000000e+01,1.000000000000000000e+00
1.703000000000000000e+03,5.000000000000001421e+01,-2.182336803040944773e+01,7.275780142809296080e+01,-9.344333976835018651e-01,0.000000000000000000e+00,5.485000000000000142e+01,6.214800000000000324e+01,6.000000000000000000e+01,1.000000000000000000e+00
1.704000000000000000e+03,5.000000000000001421e+01,-2.182336803040944773e+01,7.271700473637642403e+01,-8.936367059669624302e-01,0.000000000000000000e+00,5.485000000000000142e+01,6.214800000000000324e+01,6.000000000000000000e+01,1.000000000000000000e+00
1.705000000000000000e+03,4.999999999999999289e+01,-2.211342923881580447e+01,7.324544775151328224e+01,-1.132018512697485990e+00,0.000000000000000000e+00,5.485000000000000142e+01,6.224499999999999744e+01,6.000000000000000000e+01,1.000000000000000000e+00
1.706000000000000000e+03,4.999999999999999289e+01,-2.211342923881580447e+01,7.319602463543628801e+01,-1.082595396620488648e+00,0.000000000000000000e+00,5.485000000000000142e+01,6.224499999999999744e+01,6.000000000000000000e+01,1.000000000000000000e+00
1.707000000000000000e+03,5.000000000000000000e+01,-2.201773894325907222e+01,7.296155647568349423e+01,-9.438175324244187925e-01,0.000000000000000000e+00,5.485000000000000142e+01,6.221300000000000097e+01,6.000000000000000000e+01,1.000000000000000000e+00
1.708000000000000000e+03,4.999999999999999289e+01,-2.192204864770232220e+01,7.273314725791273361e+01,-8.110986102104135176e-01,0.000000000000000000e+00,5.485000000000000142e+01,6.218099999999999739e+01,6.000000000000000000e+01,1.000000000000000000e+00
1.709000000000000000e+03,4.999999999999999289e+01,-2.240349044722218252e+01,7.363959947002037154e+01,-1.236109022798195456e+00,0.000000000000000000e+00,5.485000000000000142e+01,6.234199999999999875e+01,6.000000000000000000e+01,1.000000000000000000e+00
1.710000000000000000e+03,5.000000000000000000e+01,-2.230780015166545027e+01,7.339842901548981047e+01,-1.090628863824363970e+00,0.000000000000000000e+00,5.485000000000000142e+01,6.231000000000000227e+01,6.000000000000000000e+01,1.000000000000000000e+00
1.711000000000000000e+03,5.000000000000000000e+01,-2.230780015166545027e+01,7.335081294178685596e+01,-1.043012790121406796e+00,0.000000000000000000e+00,5.485000000000000142e+01,6.231000000000000227e+01,6.000000000000000000e+01,1.000000000000000000e+00
1.712000000000000000e+03,5.000000000000000711e+01,-2.259487103833566835e+01,7.386688421609142097e+01,-1.272013177755747293e+00,0.000000000000000000e+00,5.485000000000000142e+01,6.240599999999999881e+01,6.000000000000000000e+01,1.000000000000000000e+00
1.713000000000000000e+03,4.999999999999999289e+01,-2.249918074277893609e+01,7.362414621191548747e+01,-1.124965469136561369e+00,0.000000000000000000e+00,5.485000000000000142e+01,6.237400000000000233e+01,6.000000000000000000e+01,1.000000000000000000e+00
1.714000000000000000e+03,5.000000000000000000e+01,-2.220911953437255804e+01,7.300757247409659101e+01,-7.984529397240274218e-01,0.000000000000000000e+00,5.485000000000000142e+01,6.227700000000000102e+01,6.000000000000000000e+01,1.000000000000000000e+00
1.715000000000000000e+03,5.000000000000000000e+01,-2.269056133389241836e+01,7.391457678710479229e+01,-1.224015453212377480e+00,0.000000000000000000e+00,5.485000000000000142e+01,6.243800000000000239e+01,6.000000000000000000e+01,1.000000000000000000e+00
1.716000000000000000e+03,4.999999999999999289e+01,-2.288493224674204640e+01,7.424139288170900386e+01,-1.356460634966961454e+00,0.000000000000000000e+00,5.485000000000000142e+01,6.250300000000000011e+01,6.000000000000000000e+01,1.000000000000000000e+00
1.717000000000000000e+03,4.999999999999999289e+01,-2.278924195118529283e+01,7.399496796213956884e+01,-1.205726010954285554e+00,0.000000000000000000e+00,5.485000000000000142e+01,6.247099999999999653e+01,6.000000000000000000e+01,1.000000000000000000e+00
1.718000000000000000e+03,4.999999999999999289e+01,-2.278924195118529283e+01,7.394232682957147063e+01,-1.153084878386188228e+00,0.000000000000000000e+00,5.485000000000000142e+01,6.247099999999999653e+01,6.000000000000000000e+01,1.000000000000000000e+00
1.719000000000000000e+03,5.000000000000000711e+01,-2.278924195118529283e+01,7.389198397108296490e+01,-1.102742019897671177e+00,0.000000000000000000e+00,5.485000000000000142e+01,6.247099999999999653e+01,6.000000000000000000e+01,1.000000000000000000e+00
1.720000000000000000e+03,5.000000000000000000e+01,-2.288493224674204640e+01,7.403104186714089963e+01,-1.146109620398855222e+00,0.000000000000000000e+00,5.485000000000000142e+01,6.250300000000000011e+01,6.000000000000000000e+01,1.000000000000000000e+00
1.721000000000000000e+03,4.999999999999999289e+01,-2.298062254229877510e+01,7.416820636487578611e+01,-1.187583822577015003e+00,0.000000000000000000e+00,5.485000000000000142e+01,6.253499999999999659e+01,6.000000000000000000e+01,1.000000000000000000e+00
1.722000000000000000e+03,4.999999999999999289e+01,-2.307631283785552867e+01,7.430356012870004179e+01,-1.227247290844521110e+00,0.000000000000000000e+00,5.485000000000000142e+01,6.256700000000000017e+01,6.000000000000000000e+01,1.000000000000000000e+00
1.723000000000000000e+03,5.000000000000000711e+01,-2.298062254229877510e+01,7.406277657102853595e+01,-1.082154028729755302e+00,0.000000000000000000e+00,5.485000000000000142e+01,6.253499999999999659e+01,6.000000000000000000e+01,1.000000000000000000e+00
1.724000000000000000e+03,5.000000000000000711e+01,-2.317499345514842091e+01,7.439578623364462828e+01,-1.220792778496198938e+00,0.000000000000000000e+00,5.485000000000000142e+01,6.260000000000000142e+01,6.000000000000000000e+01,1.000000000000000000e+00
1.725000000000000000e+03,4.999999999999999289e+01,-2.298062254229877510e+01,7.396223156571632273e+01,-9.816090234175541829e-01,0.000000000000000000e+00,5.485000000000000142e+01,6.253499999999999659e+01,6.000000000000000000e+01,1.000000000000000000e+00
1.726000000000000000e+03,5.000000000000000000e+01,-2.278924195118529283e+01,7.354496957709879723e+01,-7.557276259135083940e-01,0.000000000000000000e+00,5.485000000000000142e+01,6.247099999999999653e+01,6.000000000000000000e+01,1.000000000000000000e+00
1.727000000000000000e+03,5.000000000000000000e+01,-2.278924195118529283e+01,7.351197505116201114e+01,-7.227330999767243025e-01,0.000000000000000000e+00,5.485000000000000142e+01,6.247099999999999653e+01,6.000000000000000000e+01,1.000000000000000000e+00
1.728000000000000000e+03,5.000000000000000000e+01,-2.259487103833566835e+01,7.310016531145591046e+01,-5.052942731202394455e-01,0.000000000000000000e+00,5.485000000000000142e+01,6.240599999999999881e+01,6.000000000000000000e+01,1.000000000000000000e+00
1.729000000000000000e+03,4.999999999999999289e+01,-2.240349044722218252e+01,7.270369888309562612e+01,-3.002084358734499192e-01,0.000000000000000000e+00,5.485000000000000142e+01,6.234199999999999875e+01,6.000000000000000000e+01,1.000000000000000000e+00
1.730000000000000000e+03,4.999999999999999289e+01,-2.240349044722218252e+01,7.269059199817542094e+01,-2.871015509532451326e-01,0.000000000000000000e+00,5.485000000000000142e+01,6.234199999999999875e+01,6.000000000000000000e+01,1.000000000000000000e+00
1.731000000000000000e+03,5.000000000000000711e+01,-2.249918074277893609e+01,7.286526017191131643e+01,-3.660794291323787863e-01,0.000000000000000000e+00,5.485000000000000142e+01,6.237400000000000233e+01,6.000000000000000000e+01,1.000000000000000000e+00
1.732000000000000000e+03,4.999999999999999289e+01,-2.230780015166545027e+01,7.247487176375730655e+01,-1.670716120918646908e-01,0.000000000000000000e+00,5.485000000000000142e+01,6.231000000000000227e+01,6.000000000000000000e+01,1.000000000000000000e+00
1.733000000000000000e+03,5.000000000000000711e+01,-2.259487103833566835e+01,7.302918600143463834e+01,-4.343149630989648347e-01,0.000000000000000000e+00,5.485000000000000142e+01,6.240599999999999881e+01,6.000000000000000000e+01,1.000000000000000000e+00
1.734000000000000000e+03,5.000000000000000711e+01,-2.269056133389241836e+01,7.319742694321719512e+01,-5.068656093247699834e-01,0.000000000000000000e+00,5.485000000000000142e+01,6.243800000000000239e+01,6.000000000000000000e+01,1.000000000000000000e+00
1.735000000000000000e+03,5.000000000000000000e+01,-2.240349044722218252e+01,7.261368908998136362e+01,-2.101986427591781004e-01,0.000000000000000000e+00,5.485000000000000142e+01,6.234199999999999875e+01,6.000000000000000000e+01,1.000000000000000000e+00
1.736000000000000000e+03,5.000000000000000711e+01,-2.249918074277893609e+01,7.279171478951360541e+01,-2.925340467346674855e-01,0.000000000000000000e+00,5.485000000000000142e+01,6.237400000000000233e+01,6.000000000000000000e+01,1.000000000000000000e+00
1.737000000000000000e+03,5.000000000000000000e+01,-2.240349044722218252e+01,7.259174014145281717e+01,-1.882496942306346455e-01,0.000000000000000000e+00,5.485000000000000142e+01,6.234199999999999875e+01,6.000000000000000000e+01,1.000000000000000000e+00
1.738000000000000000e+03,4.999999999999999289e+01,-2.220911953437255804e+01,7.220326556376669203e+01,5.853970605865538301e-03,0.000000000000000000e+00,5.485000000000000142e+01,6.227700000000000102e+01,6.000000000000000000e+01,1.000000000000000000e+00
1.739000000000000000e+03,4.999999999999999289e+01,-2.249918074277893609e+01,7.277097969648674791e+01,-2.717989537078198126e-01,0.000000000000000000e+00,5.485000000000000142e+01,6.237400000000000233e+01,6.000000000000000000e+01,1.000000000000000000e+00
1.740000000000000000e+03,5.000000000000000000e+01,-2.249918074277893609e+01,7.275911314917499340e+01,-2.599324063960641307e-01,0.000000000000000000e+00,5.485000000000000142e+01,6.237400000000000233e+01,6.000000000000000000e+01,1.000000000000000000e+00
1.741000000000000000e+03,5.000000000000000711e+01,-2.230780015166545027e+01,7.237335904387654750e+01,-6.555889221109573173e-02,0.000000000000000000e+00,5.485000000000000142e+01,6.231000000000000227e+01,6.000000000000000000e+01,1.000000000000000000e+00
1.742000000000000000e+03,5.000000000000000000e+01,-2.249918074277893609e+01,7.274490243260748912e+01,-2.457216898285575768e-01,0.000000000000000000e+00,5.485000000000000142e+01,6.237400000000000233e+01,6.000000000000000000e+01,1.000000000000000000e+00
1.743000000000000000e+03,5.000000000000000711e+01,-2.249918074277893609e+01,7.273417439992709888e+01,-2.349936571481608394e-01,0.000000000000000000e+00,5.485000000000000142e+01,6.237400000000000233e+01,6.000000000000000000e+01,1.000000000000000000e+00
1.744000000000000000e+03,5.000000000000000000e+01,-2.259487103833566835e+01,7.291111756692070855e+01,-3.162465285850432073e-01,0.000000000000000000e+00,5.485000000000000142e+01,6.240599999999999881e+01,6.000000000000000000e+01,1.000000000000000000e+00
1.745000000000000000e+03,5.000000000000000000e+01,-2.240349044722218252e+01,7.252290482745108591e+01,-1.194143802289003575e-01,0.000000000000000000e+00,5.485000000000000142e+01,6.234199999999999875e+01,6.000000000000000000e+01,1.000000000000000000e+00
1.746000000000000000e+03,5.000000000000000711e+01,-2.259487103833566835e+01,7.289209692421478337e+01,-2.972258858791091973e-01,0.000000000000000000e+00,5.485000000000000142e+01,6.240599999999999881e+01,6.000000000000000000e+01,1.000000000000000000e+00
1.747000000000000000e+03,5.000000000000000711e+01,-2.249918074277893609e+01,7.269191743382323523e+01,-1.927366910442961379e-01,0.000000000000000000e+00,5.485000000000000142e+01,6.237400000000000233e+01,6.000000000000000000e+01,1.000000000000000000e+00
1.748000000000000000e+03,5.000000000000000000e+01,-2.201773894325907222e+01,7.174163849268279591e+01,2.761004505762797434e-01,0.000000000000000000e+00,5.485000000000000142e+01,6.221300000000000097e+01,6.000000000000000000e+01,1.000000000000000000e+00
1.749000000000000000e+03,4.999999999999998579e+01,-2.211342923881580447e+01,7.194089566172583261e+01,1.725335770899584786e-01,0.000000000000000000e+00,5.485000000000000142e+01,6.224499999999999744e+01,6.000000000000000000e+01,1.000000000000000000e+00
1.750000000000000000e+03,4.999999999999999289e+01,-2.278924195118529283e+01,7.327054828050532365e+01,-4.813063293200394721e-01,0.000000000000000000e+00,5.485000000000000142e+01,6.247099999999999653e+01,6.000000000000000000e+01,1.000000000000000000e+00
1.751000000000000000e+03,5.000000000000000711e+01,-2.240349044722218252e+01,7.249487341746159075e+01,-9.138297023940300523e-02,0.000000000000000000e+00,5.485000000000000142e+01,6.234199999999999875e+01,6.000000000000000000e+01,1.000000000000000000e+00
1.752000000000000000e+03,4.999999999999999289e+01,-2.249918074277893609e+01,7.267808652400955793e+01,-1.789057812306296125e-01,0.000000000000000000e+00,5.485000000000000142e+01,6.237400000000000233e+01,6.000000000000000000e+01,1.000000000000000000e+00
1.753000000000000000e+03,4.999999999999999289e+01,-2.269056133389241836e+01,7.304468126888870927e+01,-3.541199349962960707e-01,0.000000000000000000e+00,5.485000000000000142e+01,6.243800000000000239e+01,6.000000000000000000e+01,1.000000000000000000e+00
1.754000000000000000e+03,5.000000000000000000e+01,-2.230780015166545027e+01,7.228040936073968226e+01,2.739079092576701679e-02,0.000000000000000000e+00,5.485000000000000142e+01,6.231000000000000227e+01,6.000000000000000000e+01,1.000000000000000000e+00
1.755000000000000000e+03,4.999999999999999289e+01,-2.240349044722218252e+01,7.246880804448367996e+01,-6.531759726150450363e-02,0.000000000000000000e+00,5.485000000000000142e+01,6.234199999999999875e+01,6.000000000000000000e+01,1.000000000000000000e+00
1.756000000000000000e+03,4.999999999999999289e+01,-2.249918074277893609e+01,7.265315914651479545e+01,-1.539784037358678526e-01,0.000000000000000000e+00,5.485000000000000142e+01,6.237400000000000233e+01,6.000000000000000000e+01,1.000000000000000000e+00
1.757000000000000000e+03,5.000000000000000711e+01,-2.249918074277893609e+01,7.264643655988231785e+01,-1.472558171033802876e-01,0.000000000000000000e+00,5.485000000000000142e+01,6.237400000000000233e+01,6.000000000000000000e+01,1.000000000000000000e+00
1.758000000000000000e+03,4.999999999999999289e+01,-2.278924195118529283e+01,7.320746602912235801e+01,-4.182240779370756112e-01,0.000000000000000000e+00,5.485000000000000142e+01,6.247099999999999653e+01,6.000000000000000000e+01,1.000000000000000000e+00
1.759000000000000000e+03,4.999999999999999289e+01,-2.278924195118529283e+01,7.318920666594213742e+01,-3.999647147568525796e-01,0.000000000000000000e+00,5.485000000000000142e+01,6.247099999999999653e+01,6.000000000000000000e+01,1.000000000000000000e+00
1.760000000000000000e+03,4.999999999999999289e+01,-2.259487103833566835e+01,7.279148876235865373e+01,-1.966177240229892431e-01,0.000000000000000000e+00,5.485000000000000142e+01,6.240599999999999881e+01,6.000000000000000000e+01,1.000000000000000000e+00
1.761000000000000000e+03,5.000000000000000711e+01,-2.269056133389241836e+01,7.297010739505904553e+01,-2.795460611666222284e-01,0.000000000000000000e+00,5.485000000000000142e+01,6.243800000000000239e+01,6.000000000000000000e+01,1.000000000000000000e+00
1.762000000000000000e+03,4.999999999999999289e+01,-2.269056133389241836e+01,7.295790261459393378e+01,-2.673412807015190795e-01,0.000000000000000000e+00,5.485000000000000142e+01,6.243800000000000239e+01,6.000000000000000000e+01,1.000000000000000000e+00
1.763000000000000000e+03,5.000000000000000000e+01,-2.259487103833566835e+01,7.275902786462314964e+01,-1.641568262874830153e-01,0.000000000000000000e+00,5.485000000000000142e+01,6.240599999999999881e+01,6.000000000000000000e+01,1.000000000000000000e+00
1.764000000000000000e+03,5.000000000000000000e+01,-2.278924195118529283e+01,7.313211662646395439e+01,-3.428746752786622221e-01,0.000000000000000000e+00,5.485000000000000142e+01,6.247099999999999653e+01,6.000000000000000000e+01,1.000000000000000000e+00
1.765000000000000000e+03,4.999999999999999289e+01,-2.269056133389241836e+01,7.292409405450803206e+01,-2.335327206156208035e-01,0.000000000000000000e+00,5.485000000000000142e+01,6.243800000000000239e+01,6.000000000000000000e+01,1.000000000000000000e+00
1.766000000000000000e+03,4.999999999999999289e+01,-2.259487103833566835e+01,7.272669536201402707e+01,-1.318243236783656069e-01,0.000000000000000000e+00,5.485000000000000142e+01,6.240599999999999881e+01,6.000000000000000000e+01,1.000000000000000000e+00
1.767000000000000000e+03,4.999999999999999289e+01,-2.259487103833566835e+01,7.272094000662200131e+01,-1.260689682863389005e-01,0.000000000000000000e+00,5.485000000000000142e+01,6.240599999999999881e+01,6.000000000000000000e+01,1.000000000000000000e+00
1.768000000000000000e+03,5.000000000000000000e+01,-2.230780015166545027e+01,7.215382746152444327e+01,1.539726901410057303e-01,0.000000000000000000e+00,5.485000000000000142e+01,6.231000000000000227e+01,6.000000000000000000e+01,1.000000000000000000e+00
1.769000000000000000e+03,5.000000000000000000e+01,-2.230780015166545027e+01,7.216054979870547470e+01,1.472503529599705208e-01,0.000000000000000000e+00,5.485000000000000142e+01,6.231000000000000227e+01,6.000000000000000000e+01,1.000000000000000000e+00
1.770000000000000000e+03,4.999999999999999289e+01,-2.259487103833566835e+01,7.272858710786091763e+01,-1.337160695252532228e-01,0.000000000000000000e+00,5.485000000000000142e+01,6.240599999999999881e+01,6.000000000000000000e+01,1.000000000000000000e+00
1.771000000000000000e+03,5.000000000000000000e+01,-2.269056133389241836e+01,7.290995198166673674e+01,-2.193906477743154948e-01,0.000000000000000000e+00,5.485000000000000142e+01,6.243800000000000239e+01,6.000000000000000000e+01,1.000000000000000000e+00
1.772000000000000000e+03,5.000000000000000711e+01,-2.240349044722218252e+01,7.233876507899803698e+01,6.472536822414967639e-02,0.000000000000000000e+00,5.485000000000000142e+01,6.234199999999999875e+01,6.000000000000000000e+01,1.000000000000000000e+00
1.773000000000000000e+03,5.000000000000000711e+01,-2.192204864770232220e+01,7.139972674664440433e+01,5.223219010579259747e-01,0.000000000000000000e+00,5.485000000000000142e+01,6.218099999999999739e+01,6.000000000000000000e+01,1.000000000000000000e+00
1.774000000000000000e+03,4.999999999999999289e+01,-2.249918074277893609e+01,7.255159796305133568e+01,-5.241722027240791615e-02,0.000000000000000000e+00,5.485000000000000142e+01,6.237400000000000233e+01,6.000000000000000000e+01,1.000000000000000000e+00
1.775000000000000000e+03,4.999999999999999289e+01,-2.192204864770232220e+01,7.142024244786578890e+01,5.018061998365331844e-01,0.000000000000000000e+00,5.485000000000000142e+01,6.218099999999999739e+01,6.000000000000000000e+01,1.000000000000000000e+00
1.776000000000000000e+03,5.000000000000000000e+01,-2.220911953437255804e+01,7.200375941091333232e+01,2.053601234592318803e-01,0.000000000000000000e+00,5.485000000000000142e+01,6.227700000000000102e+01,6.000000000000000000e+01,1.000000000000000000e+00
1.777000000000000000e+03,4.999999999999999289e+01,-2.211342923881580447e+01,7.182552246509992244e+01,2.879067737158728102e-01,0.000000000000000000e+00,5.485000000000000142e+01,6.224499999999999744e+01,6.000000000000000000e+01,1.000000000000000000e+00
1.778000000000000000e+03,5.000000000000000711e+01,-2.182336803040944773e+01,7.127063371571298944e+01,5.527343146964664999e-01,0.000000000000000000e+00,5.485000000000000142e+01,6.214800000000000324e+01,6.000000000000000000e+01,1.000000000000000000e+00
1.779000000000000000e+03,5.000000000000000000e+01,-2.182336803040944773e+01,7.129476569932329255e+01,5.286023310861566182e-01,0.000000000000000000e+00,5.485000000000000142e+01,6.214800000000000324e+01,6.000000000000000000e+01,1.000000000000000000e+00
1.780000000000000000e+03,5.000000000000000000e+01,-2.192204864770232220e+01,7.151089700747806432e+01,4.111516402242616497e-01,0.000000000000000000e+00,5.485000000000000142e+01,6.218099999999999739e+01,6.000000000000000000e+01,1.000000000000000000e+00
1.781000000000000000e+03,5.000000000000000711e+01,-2.182336803040944773e+01,7.133579468346704289e+01,4.875733469424088362e-01,0.000000000000000000e+00,5.485000000000000142e+01,6.214800000000000324e+01,6.000000000000000000e+01,1.000000000000000000e+00
1.782000000000000000e+03,5.000000000000000000e+01,-2.192204864770232220e+01,7.155013469561109218e+01,3.719139520912352337e-01,0.000000000000000000e+00,5.485000000000000142e+01,6.218099999999999739e+01,6.000000000000000000e+01,1.000000000000000000e+00
1.783000000000000000e+03,5.000000000000000000e+01,-2.201773894325907222e+01,7.175357501338717725e+01,2.641639298718987949e-01,0.000000000000000000e+00,5.485000000000000142e+01,6.221300000000000097e+01,6.000000000000000000e+01,1.000000000000000000e+00
1.784000000000000000e+03,5.000000000000000000e+01,-2.201773894325907222e+01,7.176510822103614373e+01,2.526307222229319804e-01,0.000000000000000000e+00,5.485000000000000142e+01,6.221300000000000097e+01,6.000000000000000000e+01,1.000000000000000000e+00
1.785000000000000000e+03,5.000000000000000000e+01,-2.201773894325907222e+01,7.177613789711386971e+01,2.416010461452084424e-01,0.000000000000000000e+00,5.485000000000000142e+01,6.221300000000000097e+01,6.000000000000000000e+01,1.000000000000000000e+00
1.786000000000000000e+03,5.000000000000000000e+01,-2.201773894325907222e+01,7.178668602544748012e+01,2.310529178115955928e-01,0.000000000000000000e+00,5.485000000000000142e+01,6.221300000000000097e+01,6.000000000000000000e+01,1.000000000000000000e+00
1.787000000000000000e+03,5.000000000000000711e+01,-2.249918074277893609e+01,7.273863782555790181e+01,-2.394570827789633261e-01,0.000000000000000000e+00,5.485000000000000142e+01,6.237400000000000233e+01,6.000000000000000000e+01,1.000000000000000000e+00
1.788000000000000000e+03,5.000000000000000000e+01,-2.269056133389241836e+01,7.310258894405508556e+01,-4.120276101626676457e-01,0.000000000000000000e+00,5.485000000000000142e+01,6.243800000000000239e+01,6.000000000000000000e+01,1.000000000000000000e+00
1.789000000000000000e+03,4.999999999999999289e+01,-2.211342923881580447e+01,7.195553309725596591e+01,1.578961415598344464e-01,0.000000000000000000e+00,5.485000000000000142e+01,6.224499999999999744e+01,6.000000000000000000e+01,1.000000000000000000e+00
1.790000000000000000e+03,4.999999999999999289e+01,-2.211342923881580447e+01,7.196242672951099451e+01,1.510025093048051326e-01,0.000000000000000000e+00,5.485000000000000142e+01,6.224499999999999744e+01,6.000000000000000000e+01,1.000000000000000000e+00
1.791000000000000000e+03,4.999999999999998579e+01,-2.211342923881580447e+01,7.196901939072772336e+01,1.444098480880679214e-01,0.000000000000000000e+00,5.485000000000000142e+01,6.224499999999999744e+01,6.000000000000000000e+01,1.000000000000000000e+00
1.792000000000000000e+03,4.999999999999999289e+01,-2.220911953437255804e+01,7.216252704255002470e+01,4.659249182253165367e-02,0.000000000000000000e+00,5.485000000000000142e+01,6.227700000000000102e+01,6.000000000000000000e+01,1.000000000000000000e+00
1.793000000000000000e+03,5.000000000000000000e+01,-2.259487103833566835e+01,7.291922261134202188e+01,-3.243515730063527558e-01,0.000000000000000000e+00,5.485000000000000142e+01,6.240599999999999881e+01,6.000000000000000000e+01,1.000000000000000000e+00
1.794000000000000000e+03,5.000000000000000000e+01,-2.230780015166545027e+01,7.234345318998386176e+01,-3.565303831841160065e-02,0.000000000000000000e+00,5.485000000000000142e+01,6.231000000000000227e+01,6.000000000000000000e+01,1.000000000000000000e+00
1.795000000000000000e+03,4.999999999999999289e+01,-2.211342923881580447e+01,7.196164087281155730e+01,1.517883660042414484e-01,0.000000000000000000e+00,5.485000000000000142e+01,6.224499999999999744e+01,6.000000000000000000e+01,1.000000000000000000e+00
1.796000000000000000e+03,4.999999999999999289e+01,-2.192204864770232220e+01,7.159386220103951359e+01,3.281864466628067745e-01,0.000000000000000000e+00,5.485000000000000142e+01,6.218099999999999739e+01,6.000000000000000000e+01,1.000000000000000000e+00
1.797000000000000000e+03,5.000000000000000711e+01,-2.182336803040944773e+01,7.141513767620250519e+01,4.082303542069523616e-01,0.000000000000000000e+00,5.485000000000000142e+01,6.214800000000000324e+01,6.000000000000000000e+01,1.000000000000000000e+00
1.798000000000000000e+03,4.999999999999999289e+01,-2.201773894325907222e+01,7.181321645167403744e+01,2.045224915850318015e-01,0.000000000000000000e+00,5.485000000000000142e+01,6.221300000000000097e+01,6.000000000000000000e+01,1.000000000000000000e+00
1.799000000000000000e+03,5.000000000000000711e+01,-2.182336803040944773e+01,7.144189002581904901e+01,3.814780045904044847e-01,0.000000000000000000e+00,5.485000000000000142e+01,6.214800000000000324e+01,6.000000000000000000e+01,1.000000000000000000e+00
1.800000000000000000e+03,5.000000000000000000e+01,-2.192204864770232220e+01,7.165159799143604857e+01,2.704506562662766789e-01,0.000000000000000000e+00,5.485000000000000142e+01,6.218099999999999739e+01,6.000000000000000000e+01,1.000000000000000000e+00
1.801000000000000000e+03,5.000000000000000000e+01,-2.182336803040944773e+01,7.147035276341391352e+01,3.530152669955365918e-01,0.000000000000000000e+00,5.485000000000000142e+01,6.214800000000000324e+01,6.000000000000000000e+01,1.000000000000000000e+00
1.802000000000000000e+03,5.000000000000000711e+01,-2.182336803040944773e+01,7.148576515669368803e+01,3.376028737157677484e-01,0.000000000000000000e+00,5.485000000000000142e+01,6.214800000000000324e+01,6.000000000000000000e+01,1.000000000000000000e+00
1.803000000000000000e+03,5.000000000000000000e+01,-2.182336803040944773e+01,7.150050465594075888e+01,3.228633744686903451e-01,0.000000000000000000e+00,5.485000000000000142e+01,6.214800000000000324e+01,6.000000000000000000e+01,1.000000000000000000e+00
1.804000000000000000e+03,4.999999999999998579e+01,-2.211342923881580447e+01,7.208205919178922727e+01,3.137004702656603916e-02,0.000000000000000000e+00,5.485000000000000142e+01,6.224499999999999744e+01,6.000000000000000000e+01,1.000000000000000000e+00
1.805000000000000000e+03,5.000000000000000000e+01,-2.192204864770232220e+01,7.170902314260695221e+01,2.130255050953724916e-01,0.000000000000000000e+00,5.485000000000000142e+01,6.218099999999999739e+01,6.000000000000000000e+01,1.000000000000000000e+00
1.806000000000000000e+03,5.000000000000000711e+01,-2.230780015166545027e+01,7.247298505734806895e+01,-1.651849056826167339e-01,0.000000000000000000e+00,5.485000000000000142e+01,6.231000000000000227e+01,6.000000000000000000e+01,1.000000000000000000e+00
1.807000000000000000e+03,5.000000000000000711e+01,-2.269056133389241836e+01,7.321458448873781322e+01,-5.240231548453890831e-01,0.000000000000000000e+00,5.485000000000000142e+01,6.243800000000000239e+01,6.000000000000000000e+01,1.000000000000000000e+00
1.808000000000000000e+03,4.999999999999999289e+01,-2.240349044722218252e+01,7.263009754937453977e+01,-2.266071021523616280e-01,0.000000000000000000e+00,5.485000000000000142e+01,6.234199999999999875e+01,6.000000000000000000e+01,1.000000000000000000e+00
1.809000000000000000e+03,5.000000000000000711e+01,-2.269056133389241836e+01,7.318181251027068868e+01,-4.912511763782664298e-01,0.000000000000000000e+00,5.485000000000000142e+01,6.243800000000000239e+01,6.000000000000000000e+01,1.000000000000000000e+00
1.810000000000000000e+03,5.000000000000000000e+01,-2.249918074277893609e+01,7.278595919343868559e+01,-2.867784506597550465e-01,0.000000000000000000e+00,5.485000000000000142e+01,6.237400000000000233e+01,6.000000000000000000e+01,1.000000000000000000e+00
1.811000000000000000e+03,4.999999999999999289e+01,-2.269056133389241836e+01,7.314784429496577900e+01,-4.572829610733644135e-01,0.000000000000000000e+00,5.485000000000000142e+01,6.243800000000000239e+01,6.000000000000000000e+01,1.000000000000000000e+00
1.812000000000000000e+03,5.000000000000000711e+01,-2.240349044722218252e+01,7.256627118457863901e+01,-1.627807373564515436e-01,0.000000000000000000e+00,5.485000000000000142e+01,6.234199999999999875e+01,6.000000000000000000e+01,1.000000000000000000e+00
1.813000000000000000e+03,5.000000000000000711e+01,-2.278924195118529283e+01,7.331382566840332515e+01,-5.245837172180320973e-01,0.000000000000000000e+00,5.485000000000000142e+01,6.247099999999999653e+01,6.000000000000000000e+01,1.000000000000000000e+00
1.814000000000000000e+03,5.000000000000000000e+01,-2.249918074277893609e+01,7.272346416711835104e+01,-2.242834243394187799e-01,0.000000000000000000e+00,5.485000000000000142e+01,6.237400000000000233e+01,6.000000000000000000e+01,1.000000000000000000e+00
1.815000000000000000e+03,5.000000000000000711e+01,-2.278924195118529283e+01,7.328113066629134664e+01,-4.918887151060534757e-01,0.000000000000000000e+00,5.485000000000000142e+01,6.247099999999999653e+01,6.000000000000000000e+01,1.000000000000000000e+00
1.816000000000000000e+03,5.000000000000000000e+01,-2.288493224674204640e+01,7.344685797936861604e+01,-5.619257326265698627e-01,0.000000000000000000e+00,5.485000000000000142e+01,6.250300000000000011e+01,6.000000000000000000e+01,1.000000000000000000e+00
1.817000000000000000e+03,4.999999999999999289e+01,-2.278924195118529283e+01,7.323512188358176900e+01,-4.458799323964860450e-01,0.000000000000000000e+00,5.485000000000000142e+01,6.247099999999999653e+01,6.000000000000000000e+01,1.000000000000000000e+00
1.818000000000000000e+03,4.999999999999999289e+01,-2.307631283785552867e+01,7.377726355003075298e+01,-7.009507121752326375e-01,0.000000000000000000e+00,5.485000000000000142e+01,6.256700000000000017e+01,6.000000000000000000e+01,1.000000000000000000e+00
1.819000000000000000e+03,4.999999999999999289e+01,-2.356074495911153122e+01,7.469437482850973709e+01,-1.133629869398209866e+00,0.000000000000000000e+00,5.485000000000000142e+01,6.272899999999999920e+01,6.000000000000000000e+01,1.000000000000000000e+00
1.820000000000000000e+03,5.000000000000000000e+01,-2.346206434181863898e+01,7.445182845212029576e+01,-9.897641103016573405e-01,0.000000000000000000e+00,5.485000000000000142e+01,6.269599999999999795e+01,6.000000000000000000e+01,1.000000000000000000e+00
1.821000000000000000e+03,5.000000000000000000e+01,-2.365643525466828478e+01,7.478887179228811988e+01,-1.132436537619835759e+00,0.000000000000000000e+00,5.485000000000000142e+01,6.276100000000000279e+01,6.000000000000000000e+01,1.000000000000000000e+00
1.822000000000000000e+03,5.000000000000000711e+01,-2.365643525466828478e+01,7.473943042554293470e+01,-1.082995170874648139e+00,0.000000000000000000e+00,5.485000000000000142e+01,6.276100000000000279e+01,6.000000000000000000e+01,1.000000000000000000e+00
1.823000000000000000e+03,5.000000000000000000e+01,-2.346206434181863898e+01,7.431189190229798669e+01,-8.498275604793478211e-01,0.000000000000000000e+00,5.485000000000000142e+01,6.269599999999999795e+01,6.000000000000000000e+01,1.000000000000000000e+00
1.824000000000000000e+03,5.000000000000000000e+01,-2.375212555022501704e+01,7.484224759329522669e+01,-1.090122043070208768e+00,0.000000000000000000e+00,5.485000000000000142e+01,6.279299999999999926e+01,6.000000000000000000e+01,1.000000000000000000e+00
1.825000000000000000e+03,5.000000000000000000e+01,-2.375212555022501704e+01,7.479465364702276986e+01,-1.042528096797750381e+00,0.000000000000000000e+00,5.485000000000000142e+01,6.279299999999999926e+01,6.000000000000000000e+01,1.000000000000000000e+00
1.826000000000000000e+03,5.000000000000000000e+01,-2.394350614133849930e+01,7.512354326122587622e+01,-1.180037119887373365e+00,0.000000000000000000e+00,5.485000000000000142e+01,6.285699999999999932e+01,6.000000000000000000e+01,1.000000000000000000e+00
1.827000000000000000e+03,5.000000000000000000e+01,-2.375212555022501704e+01,7.469761804428233631e+01,-9.454924940573202763e-01,0.000000000000000000e+00,5.485000000000000142e+01,6.279299999999999926e+01,6.000000000000000000e+01,1.000000000000000000e+00
1.828000000000000000e+03,4.999999999999999289e+01,-2.375212555022501704e+01,7.465633852035266216e+01,-9.042129701276507836e-01,0.000000000000000000e+00,5.485000000000000142e+01,6.279299999999999926e+01,6.000000000000000000e+01,1.000000000000000000e+00
1.829000000000000000e+03,5.000000000000000000e+01,-2.375212555022501704e+01,7.461686123082101574e+01,-8.647356805960016990e-01,0.000000000000000000e+00,5.485000000000000142e+01,6.279299999999999926e+01,6.000000000000000000e+01,1.000000000000000000e+00
1.830000000000000000e+03,4.999999999999999289e+01,-2.375212555022501704e+01,7.457910749142661189e+01,-8.269819412016014004e-01,0.000000000000000000e+00,5.485000000000000142e+01,6.279299999999999926e+01,6.000000000000000000e+01,1.000000000000000000e+00
1.831000000000000000e+03,4.999999999999999289e+01,-2.375212555022501704e+01,7.454300205320706141e+01,-7.908765029820501447e-01,0.000000000000000000e+00,5.485000000000000142e+01,6.279299999999999926e+01,6.000000000000000000e+01,1.000000000000000000e+00
1.832000000000000000e+03,5.000000000000000000e+01,-2.375212555022501704e+01,7.450847295251567459e+01,-7.563474022906578886e-01,0.000000000000000000e+00,5.485000000000000142e+01,6.279299999999999926e+01,6.000000000000000000e+01,1.000000000000000000e+00
1.833000000000000000e+03,4.999999999999999289e+01,-2.375212555022501704e+01,7.447545136758692763e+01,-7.233258173619172560e-01,0.000000000000000000e+00,5.485000000000000142e+01,6.279299999999999926e+01,6.000000000000000000e+01,1.000000000000000000e+00
1.834000000000000000e+03,5.000000000000000711e+01,-2.394350614133849930e+01,7.481827712429270605e+01,-8.747709829541984172e-01,0.000000000000000000e+00,5.485000000000000142e+01,6.285699999999999932e+01,6.000000000000000000e+01,1.000000000000000000e+00
1.835000000000000000e+03,5.000000000000000000e+01,-2.394350614133849930e+01,7.478008525079735591e+01,-8.365791094588503896e-01,0.000000000000000000e+00,5.485000000000000142e+01,6.285699999999999932e+01,6.000000000000000000e+01,1.000000000000000000e+00
1.836000000000000000e+03,5.000000000000000000e+01,-2.404218675863139154e+01,7.493661371673233873e+01,-8.944269581009501868e-01,0.000000000000000000e+00,5.485000000000000142e+01,6.289000000000000057e+01,6.000000000000000000e+01,1.000000000000000000e+00
1.837000000000000000e+03,5.000000000000000000e+01,-2.375212555022501704e+01,7.433010512490118060e+01,-5.779795746761622333e-01,0.000000000000000000e+00,5.485000000000000142e+01,6.279299999999999926e+01,6.000000000000000000e+01,1.000000000000000000e+00
1.838000000000000000e+03,4.999999999999999289e+01,-2.375212555022501704e+01,7.430487095135282516e+01,-5.527454011278121193e-01,0.000000000000000000e+00,5.485000000000000142e+01,6.279299999999999926e+01,6.000000000000000000e+01,1.000000000000000000e+00
1.839000000000000000e+03,4.999999999999999289e+01,-2.375212555022501704e+01,7.428073848371687404e+01,-5.286129334918638900e-01,0.000000000000000000e+00,5.485000000000000142e+01,6.279299999999999926e+01,6.000000000000000000e+01,1.000000000000000000e+00
1.840000000000000000e+03,5.000000000000000000e+01,-2.365643525466828478e+01,7.407045680083942329e+01,-4.140215461711449496e-01,0.000000000000000000e+00,5.485000000000000142e+01,6.276100000000000279e+01,6.000000000000000000e+01,1.000000000000000000e+00
1.841000000000000000e+03,5.000000000000000711e+01,-2.365643525466828478e+01,7.405238091718092619e+01,-3.959456625126392404e-01,0.000000000000000000e+00,5.485000000000000142e+01,6.276100000000000279e+01,6.000000000000000000e+01,1.000000000000000000e+00
1.842000000000000000e+03,4.999999999999999289e+01,-2.365643525466828478e+01,7.403509421363406773e+01,-3.786589589657907151e-01,0.000000000000000000e+00,5.485000000000000142e+01,6.276100000000000279e+01,6.000000000000000000e+01,1.000000000000000000e+00
1.843000000000000000e+03,4.999999999999999289e+01,-2.375212555022501704e+01,7.420576505662562283e+01,-4.536395064006122912e-01,0.000000000000000000e+00,5.485000000000000142e+01,6.279299999999999926e+01,6.000000000000000000e+01,1.000000000000000000e+00
1.844000000000000000e+03,5.000000000000000000e+01,-2.365643525466828478e+01,7.399875665978392192e+01,-3.423214051156416304e-01,0.000000000000000000e+00,5.485000000000000142e+01,6.276100000000000279e+01,6.000000000000000000e+01,1.000000000000000000e+00
1.845000000000000000e+03,5.000000000000000000e+01,-2.375212555022501704e+01,7.417101397430553789e+01,-4.188884240805185177e-01,0.000000000000000000e+00,5.485000000000000142e+01,6.279299999999999926e+01,6.000000000000000000e+01,1.000000000000000000e+00
1.846000000000000000e+03,5.000000000000000000e+01,-2.394350614133849930e+01,7.452713124917779908e+01,-5.836251078392927782e-01,0.000000000000000000e+00,5.485000000000000142e+01,6.285699999999999932e+01,6.000000000000000000e+01,1.000000000000000000e+00
1.847000000000000000e+03,5.000000000000000711e+01,-2.375212555022501704e+01,7.412724495277358017e+01,-3.751194025485586891e-01,0.000000000000000000e+00,5.485000000000000142e+01,6.279299999999999926e+01,6.000000000000000000e+01,1.000000000000000000e+00
1.848000000000000000e+03,5.000000000000000711e+01,-2.375212555022501704e+01,7.411086750879458407e+01,-3.587419585695610369e-01,0.000000000000000000e+00,5.485000000000000142e+01,6.279299999999999926e+01,6.000000000000000000e+01,1.000000000000000000e+00
1.849000000000000000e+03,5.000000000000000000e+01,-2.375212555022501704e+01,7.409520509226940987e+01,-3.430795420443898402e-01,0.000000000000000000e+00,5.485000000000000142e+01,6.279299999999999926e+01,6.000000000000000000e+01,1.000000000000000000e+00
1.850000000000000000e+03,5.000000000000000711e+01,-2.375212555022501704e+01,7.408022648561244239e+01,-3.281009353874205781e-01,0.000000000000000000e+00,5.485000000000000142e+01,6.279299999999999926e+01,6.000000000000000000e+01,1.000000000000000000e+00
1.851000000000000000e+03,5.000000000000000000e+01,-2.375212555022501704e+01,7.406590183417543471e+01,-3.137762839504194545e-01,0.000000000000000000e+00,5.485000000000000142e+01,6.279299999999999926e+01,6.000000000000000000e+01,1.000000000000000000e+00
1.852000000000000000e+03,5.000000000000000000e+01,-2.375212555022501704e+01,7.405220258674269473e+01,-3.000770365176747556e-01,0.000000000000000000e+00,5.485000000000000142e+01,6.279299999999999926e+01,6.000000000000000000e+01,1.000000000000000000e+00
1.853000000000000000e+03,5.000000000000000000e+01,-2.375212555022501704e+01,7.403910143862408688e+01,-2.869758883990682352e-01,0.000000000000000000e+00,5.485000000000000142e+01,6.279299999999999926e+01,6.000000000000000000e+01,1.000000000000000000e+00
1.854000000000000000e+03,4.999999999999999289e+01,-2.375212555022501704e+01,7.402657227723267397e+01,-2.744467270076618726e-01,0.000000000000000000e+00,5.485000000000000142e+01,6.279299999999999926e+01,6.000000000000000000e+01,1.000000000000000000e+00
1.855000000000000000e+03,5.000000000000000000e+01,-2.375212555022501704e+01,7.401459013003834286e+01,-2.624645798133284358e-01,0.000000000000000000e+00,5.485000000000000142e+01,6.279299999999999926e+01,6.000000000000000000e+01,1.000000000000000000e+00
1.856000000000000000e+03,5.000000000000000000e+01,-2.375212555022501704e+01,7.400313111479370320e+01,-2.510055645686890546e-01,0.000000000000000000e+00,5.485000000000000142e+01,6.279299999999999926e+01,6.000000000000000000e+01,1.000000000000000000e+00
1.857000000000000000e+03,5.000000000000000000e+01,-2.375212555022501704e+01,7.399217239193316686e+01,-2.400468417081506878e-01,0.000000000000000000e+00,5.485000000000000142e+01,6.279299999999999926e+01,6.000000000000000000e+01,1.000000000000000000e+00
1.858000000000000000e+03,5.000000000000000000e+01,-2.384781584578176705e+01,7.416889494051443421e+01,-3.210790947326638833e-01,0.000000000000000000e+00,5.485000000000000142e+01,6.282500000000000284e+01,6.000000000000000000e+01,1.000000000000000000e+00
1.859000000000000000e+03,5.000000000000000711e+01,-2.394350614133849930e+01,7.434207967906668557e+01,-3.985735377281776626e-01,0.000000000000000000e+00,5.485000000000000142e+01,6.285699999999999932e+01,6.000000000000000000e+01,1.000000000000000000e+00
1.860000000000000000e+03,4.999999999999999289e+01,-2.413787705418812379e+01,7.470493397547252812e+01,-5.670569212844107643e-01,0.000000000000000000e+00,5.485000000000000142e+01,6.292199999999999704e+01,6.000000000000000000e+01,1.000000000000000000e+00
1.861000000000000000e+03,4.999999999999999289e+01,-2.423356734974487736e+01,7.486737949859885077e+01,-6.338121488539836257e-01,0.000000000000000000e+00,5.485000000000000142e+01,6.295400000000000063e+01,6.000000000000000000e+01,1.000000000000000000e+00
1.862000000000000000e+03,5.000000000000000000e+01,-2.442793826259450185e+01,7.521996344601920725e+01,-7.920251834247056255e-01,0.000000000000000000e+00,5.485000000000000142e+01,6.301899999999999835e+01,6.000000000000000000e+01,1.000000000000000000e+00
1.863000000000000000e+03,5.000000000000000000e+01,-2.442793826259450185e+01,7.518538419476382728e+01,-7.574459321693287617e-01,0.000000000000000000e+00,5.485000000000000142e+01,6.301899999999999835e+01,6.000000000000000000e+01,1.000000000000000000e+00
1.864000000000000000e+03,5.000000000000000711e+01,-2.471500914926473769e+01,7.571392311320146007e+01,-9.989139639367148327e-01,0.000000000000000000e+00,5.485000000000000142e+01,6.311500000000000199e+01,6.000000000000000000e+01,1.000000000000000000e+00
1.865000000000000000e+03,5.000000000000000711e+01,-2.471500914926473769e+01,7.567031124622506866e+01,-9.553020969603210899e-01,0.000000000000000000e+00,5.485000000000000142e+01,6.311500000000000199e+01,6.000000000000000000e+01,1.000000000000000000e+00
1.866000000000000000e+03,5.000000000000000000e+01,-2.471500914926473769e+01,7.562860344207072671e+01,-9.135942928059854751e-01,0.000000000000000000e+00,5.485000000000000142e+01,6.311500000000000199e+01,6.000000000000000000e+01,1.000000000000000000e+00
1.867000000000000000e+03,5.000000000000000711e+01,-2.471500914926473769e+01,7.558871657072174344e+01,-8.737074214570017539e-01,0.000000000000000000e+00,5.485000000000000142e+01,6.311500000000000199e+01,6.000000000000000000e+01,1.000000000000000000e+00
1.868000000000000000e+03,5.000000000000001421e+01,-2.471500914926473769e+01,7.555057113155829995e+01,-8.355619822935496099e-01,0.000000000000000000e+00,5.485000000000000142e+01,6.311500000000000199e+01,6.000000000000000000e+01,1.000000000000000000e+00
1.869000000000000000e+03,5.000000000000000000e+01,-2.481069944482146994e+01,7.570129391636477578e+01,-8.905944715433073977e-01,0.000000000000000000e+00,5.485000000000000142e+01,6.314699999999999847e+01,6.000000000000000000e+01,1.000000000000000000e+00
1.870000000000000000e+03,5.000000000000000000e+01,-2.510076065322784800e+01,7.622986975327393111e+01,-1.129109100046081338e+00,0.000000000000000000e+00,5.485000000000000142e+01,6.324399999999999977e+01,6.000000000000000000e+01,1.000000000000000000e+00
1.871000000000000000e+03,5.000000000000000000e+01,-2.490938006211436218e+01,7.580616801713742348e+01,-8.967879550230603014e-01,0.000000000000000000e+00,5.485000000000000142e+01,6.317999999999999972e+01,6.000000000000000000e+01,1.000000000000000000e+00
1.872000000000000000e+03,5.000000000000000711e+01,-2.471500914926473769e+01,7.538675916733883753e+01,-6.717500180740898497e-01,0.000000000000000000e+00,5.485000000000000142e+01,6.311500000000000199e+01,6.000000000000000000e+01,1.000000000000000000e+00
1.873000000000000000e+03,5.000000000000000000e+01,-2.529513156607747248e+01,7.649234814863589804e+01,-1.197216582558427556e+00,0.000000000000000000e+00,5.485000000000000142e+01,6.330899999999999750e+01,6.000000000000000000e+01,1.000000000000000000e+00
1.874000000000000000e+03,5.000000000000000711e+01,-2.539082186163422605e+01,7.662728135307057187e+01,-1.236459491436344926e+00,0.000000000000000000e+00,5.485000000000000142e+01,6.334100000000000108e+01,6.000000000000000000e+01,1.000000000000000000e+00
1.875000000000000000e+03,4.999999999999999289e+01,-2.481069944482146994e+01,7.543838131366801747e+01,-6.276818688465554130e-01,0.000000000000000000e+00,5.485000000000000142e+01,6.314699999999999847e+01,6.000000000000000000e+01,1.000000000000000000e+00
1.876000000000000000e+03,5.000000000000000000e+01,-2.510076065322784800e+01,7.597843572617946961e+01,-8.776750729516169525e-01,0.000000000000000000e+00,5.485000000000000142e+01,6.324399999999999977e+01,6.000000000000000000e+01,1.000000000000000000e+00
1.877000000000000000e+03,5.000000000000000000e+01,-2.529513156607747248e+01,7.632037279329762214e+01,-1.025241227220148987e+00,0.000000000000000000e+00,5.485000000000000142e+01,6.330899999999999750e+01,6.000000000000000000e+01,1.000000000000000000e+00
1.878000000000000000e+03,5.000000000000000711e+01,-2.568088307004060411e+01,7.703027287092295694e+01,-1.349389800882344836e+00,0.000000000000000000e+00,5.485000000000000142e+01,6.343800000000000239e+01,6.000000000000000000e+01,1.000000000000000000e+00
1.879000000000000000e+03,5.000000000000000000e+01,-2.548651215719095831e+01,7.659110374926156339e+01,-1.104591592070605310e+00,0.000000000000000000e+00,5.485000000000000142e+01,6.337299999999999756e+01,6.000000000000000000e+01,1.000000000000000000e+00
1.880000000000000000e+03,5.000000000000000711e+01,-2.568088307004060411e+01,7.692313380396043954e+01,-1.242250733919827210e+00,0.000000000000000000e+00,5.485000000000000142e+01,6.343800000000000239e+01,6.000000000000000000e+01,1.000000000000000000e+00
1.881000000000000000e+03,4.999999999999999289e+01,-2.568088307004060411e+01,7.686889802819298723e+01,-1.188014958152384448e+00,0.000000000000000000e+00,5.485000000000000142e+01,6.343800000000000239e+01,6.000000000000000000e+01,1.000000000000000000e+00
1.882000000000000000e+03,5.000000000000000000e+01,-2.568088307004060411e+01,7.681703014748310920e+01,-1.136147077442499542e+00,0.000000000000000000e+00,5.485000000000000142e+01,6.343800000000000239e+01,6.000000000000000000e+01,1.000000000000000000e+00
1.883000000000000000e+03,4.999999999999999289e+01,-2.568088307004060411e+01,7.676742678123144970e+01,-1.086543711190849137e+00,0.000000000000000000e+00,5.485000000000000142e+01,6.343800000000000239e+01,6.000000000000000000e+01,1.000000000000000000e+00
1.884000000000000000e+03,4.999999999999999289e+01,-2.568088307004060411e+01,7.671998906236150617e+01,-1.039105992320903837e+00,0.000000000000000000e+00,5.485000000000000142e+01,6.343800000000000239e+01,6.000000000000000000e+01,1.000000000000000000e+00
1.885000000000000000e+03,5.000000000000000000e+01,-2.568088307004060411e+01,7.667462244026236817e+01,-9.937393702217618419e-01,0.000000000000000000e+00,5.485000000000000142e+01,6.343800000000000239e+01,6.000000000000000000e+01,1.000000000000000000e+00
1.886000000000000000e+03,5.000000000000000000e+01,-2.568088307004060411e+01,7.663123649233496337e+01,-9.503534222943560428e-01,0.000000000000000000e+00,5.485000000000000142e+01,6.343800000000000239e+01,6.000000000000000000e+01,1.000000000000000000e+00
1.887000000000000000e+03,5.000000000000000711e+01,-2.568088307004060411e+01,7.658974474376603325e+01,-9.088616737254193723e-01,0.000000000000000000e+00,5.485000000000000142e+01,6.343800000000000239e+01,6.000000000000000000e+01,1.000000000000000000e+00
1.888000000000000000e+03,5.000000000000000711e+01,-2.568088307004060411e+01,7.655006449517060219e+01,-8.691814251299890826e-01,0.000000000000000000e+00,5.485000000000000142e+01,6.343800000000000239e+01,6.000000000000000000e+01,1.000000000000000000e+00
1.889000000000000000e+03,5.000000000000000000e+01,-2.568088307004060411e+01,7.651211665775952042e+01,-8.312335877189155342e-01,0.000000000000000000e+00,5.485000000000000142e+01,6.343800000000000239e+01,6.000000000000000000e+01,1.000000000000000000e+00
1.890000000000000000e+03,4.999999999999999289e+01,-2.568088307004060411e+01,7.647582559570344074e+01,-7.949425256628398495e-01,0.000000000000000000e+00,5.485000000000000142e+01,6.343800000000000239e+01,6.000000000000000000e+01,1.000000000000000000e+00
1.891000000000000000e+03,5.000000000000000000e+01,-2.568088307004060411e+01,7.644111897537905520e+01,-7.602359053384465382e-01,0.000000000000000000e+00,5.485000000000000142e+01,6.343800000000000239e+01,6.000000000000000000e+01,1.000000000000000000e+00
1.892000000000000000e+03,5.000000000000000711e+01,-2.568088307004060411e+01,7.640792762119713188e+01,-7.270445511565171159e-01,0.000000000000000000e+00,5.485000000000000142e+01,6.343800000000000239e+01,6.000000000000000000e+01,1.000000000000000000e+00
1.893000000000000000e+03,5.000000000000000711e+01,-2.548651215719095831e+01,7.599592964662579675e+01,-5.094174894348316718e-01,0.000000000000000000e+00,5.485000000000000142e+01,6.337299999999999756e+01,6.000000000000000000e+01,1.000000000000000000e+00
1.894000000000000000e+03,5.000000000000000000e+01,-2.539082186163422605e+01,7.578648602306374471e+01,-3.956641614295205445e-01,0.000000000000000000e+00,5.485000000000000142e+01,6.334100000000000108e+01,6.000000000000000000e+01,1.000000000000000000e+00
1.895000000000000000e+03,4.999999999999999289e+01,-2.568088307004060411e+01,7.633667016221566826e+01,-6.557870921750643678e-01,0.000000000000000000e+00,5.485000000000000142e+01,6.343800000000000239e+01,6.000000000000000000e+01,1.000000000000000000e+00
1.896000000000000000e+03,5.000000000000000000e+01,-2.568088307004060411e+01,7.630803896827774224e+01,-6.271558982371379098e-01,0.000000000000000000e+00,5.485000000000000142e+01,6.343800000000000239e+01,6.000000000000000000e+01,1.000000000000000000e+00
1.897000000000000000e+03,5.000000000000000711e+01,-2.519645094878460156e+01,7.533294350806252737e+01,-1.364925592779214214e-01,0.000000000000000000e+00,5.485000000000000142e+01,6.327600000000000335e+01,6.000000000000000000e+01,1.000000000000000000e+00
1.898000000000000000e+03,5.000000000000000000e+01,-2.519645094878460156e+01,7.532698434085352801e+01,-1.305333920689290550e-01,0.000000000000000000e+00,5.485000000000000142e+01,6.327600000000000335e+01,6.000000000000000000e+01,1.000000000000000000e+00
1.899000000000000000e+03,4.999999999999999289e+01,-2.529513156607747248e+01,7.551433825624431506e+01,-2.192066901668462964e-01,0.000000000000000000e+00,5.485000000000000142e+01,6.330899999999999750e+01,6.000000000000000000e+01,1.000000000000000000e+00
1.900000000000000000e+03,5.000000000000000000e+01,-2.539082186163422605e+01,7.569197067088973085e+01,-3.011488092555051344e-01,0.000000000000000000e+00,5.485000000000000142e+01,6.334100000000000108e+01,6.000000000000000000e+01,1.000000000000000000e+00
1.901000000000000000e+03,4.999999999999999289e+01,-2.529513156607747248e+01,7.549161990847809989e+01,-1.964883424006313994e-01,0.000000000000000000e+00,5.485000000000000142e+01,6.330899999999999750e+01,6.000000000000000000e+01,1.000000000000000000e+00
1.902000000000000000e+03,4.999999999999999289e+01,-2.539082186163422605e+01,7.567024418988728485e+01,-2.794223282530693409e-01,0.000000000000000000e+00,5.485000000000000142e+01,6.334100000000000108e+01,6.000000000000000000e+01,1.000000000000000000e+00
1.903000000000000000e+03,5.000000000000000000e+01,-2.510076065322784800e+01,7.509058625894897432e+01,1.017439427887395498e-02,0.000000000000000000e+00,5.485000000000000142e+01,6.324399999999999977e+01,6.000000000000000000e+01,1.000000000000000000e+00
1.904000000000000000e+03,5.000000000000000000e+01,-2.529513156607747248e+01,7.547128619680258055e+01,-1.761546307251114774e-01,0.000000000000000000e+00,5.485000000000000142e+01,6.330899999999999750e+01,6.000000000000000000e+01,1.000000000000000000e+00
1.905000000000000000e+03,5.000000000000000711e+01,-2.510076065322784800e+01,7.508333968091129407e+01,1.742097231656197787e-02,0.000000000000000000e+00,5.485000000000000142e+01,6.324399999999999977e+01,6.000000000000000000e+01,1.000000000000000000e+00
1.906000000000000000e+03,4.999999999999999289e+01,-2.519645094878460156e+01,7.527130308952787630e+01,-7.485214074328057354e-02,0.000000000000000000e+00,5.485000000000000142e+01,6.327600000000000335e+01,6.000000000000000000e+01,1.000000000000000000e+00
1.907000000000000000e+03,5.000000000000000000e+01,-2.510076065322784800e+01,7.508083227730281806e+01,1.992837592503089728e-02,0.000000000000000000e+00,5.485000000000000142e+01,6.324399999999999977e+01,6.000000000000000000e+01,1.000000000000000000e+00
1.908000000000000000e+03,5.000000000000000000e+01,-2.510076065322784800e+01,7.508170233589773090e+01,1.905831733012164006e-02,0.000000000000000000e+00,5.485000000000000142e+01,6.324399999999999977e+01,6.000000000000000000e+01,1.000000000000000000e+00
1.909000000000000000e+03,5.000000000000000000e+01,-2.500507035767111574e+01,7.489533158689441450e+01,1.097387707767028542e-01,0.000000000000000000e+00,5.485000000000000142e+01,6.321200000000000330e+01,6.000000000000000000e+01,1.000000000000000000e+00
1.910000000000000000e+03,4.999999999999999289e+01,-2.500507035767111574e+01,7.490012270289243190e+01,1.049476547786790809e-01,0.000000000000000000e+00,5.485000000000000142e+01,6.321200000000000330e+01,6.000000000000000000e+01,1.000000000000000000e+00
1.911000000000000000e+03,5.000000000000000711e+01,-2.471500914926473769e+01,7.433724608964001845e+01,3.777630596247267269e-01,0.000000000000000000e+00,5.485000000000000142e+01,6.311500000000000199e+01,6.000000000000000000e+01,1.000000000000000000e+00
1.912000000000000000e+03,5.000000000000000711e+01,-2.461931885370798767e+01,7.416653613232597309e+01,4.527827213820201369e-01,0.000000000000000000e+00,5.485000000000000142e+01,6.308299999999999841e+01,6.000000000000000000e+01,1.000000000000000000e+00
1.913000000000000000e+03,4.999999999999999289e+01,-2.442793826259450185e+01,7.381189865815579765e+01,6.160396044386939884e-01,0.000000000000000000e+00,5.485000000000000142e+01,6.301899999999999835e+01,6.000000000000000000e+01,1.000000000000000000e+00
1.914000000000000000e+03,5.000000000000000000e+01,-2.423356734974487736e+01,7.345853877419752109e+01,7.750285755473507177e-01,0.000000000000000000e+00,5.485000000000000142e+01,6.295400000000000063e+01,6.000000000000000000e+01,1.000000000000000000e+00
1.915000000000000000e+03,5.000000000000000711e+01,-2.471500914926473769e+01,7.443424016123941556e+01,2.807689880253280701e-01,0.000000000000000000e+00,5.485000000000000142e+01,6.311500000000000199e+01,6.000000000000000000e+01,1.000000000000000000e+00
1.916000000000000000e+03,5.000000000000000000e+01,-2.442793826259450185e+01,7.388488986942104475e+01,5.430483931734542136e-01,0.000000000000000000e+00,5.485000000000000142e+01,6.301899999999999835e+01,6.000000000000000000e+01,1.000000000000000000e+00
1.917000000000000000e+03,4.999999999999999289e+01,-2.442793826259450185e+01,7.390859897264699896e+01,5.193392899474975621e-01,0.000000000000000000e+00,5.485000000000000142e+01,6.301899999999999835e+01,6.000000000000000000e+01,1.000000000000000000e+00
1.918000000000000000e+03,4.999999999999998579e+01,-2.442793826259450185e+01,7.393127295343663263e+01,4.966653091578567270e-01,0.000000000000000000e+00,5.485000000000000142e+01,6.301899999999999835e+01,6.000000000000000000e+01,1.000000000000000000e+00
1.919000000000000000e+03,5.000000000000000000e+01,-2.413787705418812379e+01,7.338549845192942200e+01,7.523786022587011235e-01,0.000000000000000000e+00,5.485000000000000142e+01,6.292199999999999704e+01,6.000000000000000000e+01,1.000000000000000000e+00
1.920000000000000000e+03,5.000000000000000000e+01,-2.413787705418812379e+01,7.341834676189625952e+01,7.195302922918676014e-01,0.000000000000000000e+00,5.485000000000000142e+01,6.292199999999999704e+01,6.000000000000000000e+01,1.000000000000000000e+00
1.921000000000000000e+03,4.999999999999999289e+01,-2.413787705418812379e+01,7.344976093821755114e+01,6.881161159705656560e-01,0.000000000000000000e+00,5.485000000000000142e+01,6.292199999999999704e+01,6.000000000000000000e+01,1.000000000000000000e+00
1.922000000000000000e+03,5.000000000000000000e+01,-2.432925764530160961e+01,7.385420923706780627e+01,4.750484082338040093e-01,0.000000000000000000e+00,5.485000000000000142e+01,6.298599999999999710e+01,6.000000000000000000e+01,1.000000000000000000e+00
1.923000000000000000e+03,5.000000000000000000e+01,-2.404218675863139154e+01,7.331334104534646201e+01,7.288457132849291975e-01,0.000000000000000000e+00,5.485000000000000142e+01,6.289000000000000057e+01,6.000000000000000000e+01,1.000000000000000000e+00
1.924000000000000000e+03,4.999999999999999289e+01,-2.384781584578176705e+01,7.296490619516559661e+01,8.829096506161641100e-01,0.000000000000000000e+00,5.485000000000000142e+01,6.282500000000000284e+01,6.000000000000000000e+01,1.000000000000000000e+00
1.925000000000000000e+03,5.000000000000000000e+01,-2.432925764530160961e+01,7.394531759254370229e+01,3.839400527579067135e-01,0.000000000000000000e+00,5.485000000000000142e+01,6.298599999999999710e+01,6.000000000000000000e+01,1.000000000000000000e+00
1.926000000000000000e+03,5.000000000000000000e+01,-2.432925764530160961e+01,7.396208013978230156e+01,3.671775055193056692e-01,0.000000000000000000e+00,5.485000000000000142e+01,6.298599999999999710e+01,6.000000000000000000e+01,1.000000000000000000e+00
1.927000000000000000e+03,5.000000000000000000e+01,-2.404218675863139154e+01,7.341650238184239186e+01,6.256843767889948005e-01,0.000000000000000000e+00,5.485000000000000142e+01,6.289000000000000057e+01,6.000000000000000000e+01,1.000000000000000000e+00
1.928000000000000000e+03,5.000000000000000000e+01,-2.442793826259450185e+01,7.419848068685196552e+01,2.294575757425330598e-01,0.000000000000000000e+00,5.485000000000000142e+01,6.301899999999999835e+01,6.000000000000000000e+01,1.000000000000000000e+00
1.929000000000000000e+03,5.000000000000000000e+01,-2.432925764530160961e+01,7.401544573034536256e+01,3.138119149562449417e-01,0.000000000000000000e+00,5.485000000000000142e+01,6.298599999999999710e+01,6.000000000000000000e+01,1.000000000000000000e+00
1.930000000000000000e+03,5.000000000000000000e+01,-2.413787705418812379e+01,7.365474089047380346e+01,4.831361637143226639e-01,0.000000000000000000e+00,5.485000000000000142e+01,6.292199999999999704e+01,6.000000000000000000e+01,1.000000000000000000e+00
1.931000000000000000e+03,4.999999999999999289e+01,-2.432925764530160961e+01,7.405023991167514907e+01,2.790177336264548780e-01,0.000000000000000000e+00,5.485000000000000142e+01,6.298599999999999710e+01,6.000000000000000000e+01,1.000000000000000000e+00
1.932000000000000000e+03,4.999999999999998579e+01,-2.442793826259450185e+01,7.425547453537389231e+01,1.724637272205984395e-01,0.000000000000000000e+00,5.485000000000000142e+01,6.301899999999999835e+01,6.000000000000000000e+01,1.000000000000000000e+00
1.933000000000000000e+03,4.999999999999998579e+01,-2.442793826259450185e+01,7.426300417796709041e+01,1.649340846274007788e-01,0.000000000000000000e+00,5.485000000000000142e+01,6.301899999999999835e+01,6.000000000000000000e+01,1.000000000000000000e+00
1.934000000000000000e+03,5.000000000000000711e+01,-2.432925764530160961e+01,7.407715217213197434e+01,2.521054731696412143e-01,0.000000000000000000e+00,5.485000000000000142e+01,6.298599999999999710e+01,6.000000000000000000e+01,1.000000000000000000e+00
1.935000000000000000e+03,5.000000000000001421e+01,-2.471500914926473769e+01,7.484282029024058147e+01,-1.278111409758331263e-01,0.000000000000000000e+00,5.485000000000000142e+01,6.311500000000000199e+01,6.000000000000000000e+01,1.000000000000000000e+00
1.936000000000000000e+03,5.000000000000001421e+01,-2.471500914926473769e+01,7.483724014752601761e+01,-1.222309982612676815e-01,0.000000000000000000e+00,5.485000000000000142e+01,6.311500000000000199e+01,6.000000000000000000e+01,1.000000000000000000e+00
1.937000000000000000e+03,5.000000000000000711e+01,-2.471500914926473769e+01,7.483190362983879140e+01,-1.168944805740447790e-01,0.000000000000000000e+00,5.485000000000000142e+01,6.311500000000000199e+01,6.000000000000000000e+01,1.000000000000000000e+00
1.938000000000000000e+03,5.000000000000000711e+01,-2.471500914926473769e+01,7.482680010068500565e+01,-1.117909514202638649e-01,0.000000000000000000e+00,5.485000000000000142e+01,6.311500000000000199e+01,6.000000000000000000e+01,1.000000000000000000e+00
1.939000000000000000e+03,5.000000000000000711e+01,-2.471500914926473769e+01,7.482191938795246244e+01,-1.069102386877167354e-01,0.000000000000000000e+00,5.485000000000000142e+01,6.311500000000000199e+01,6.000000000000000000e+01,1.000000000000000000e+00
1.940000000000000000e+03,5.000000000000000711e+01,-2.461931885370798767e+01,7.463004894217181118e+01,-1.073008846381956483e-02,0.000000000000000000e+00,5.485000000000000142e+01,6.308299999999999841e+01,6.000000000000000000e+01,1.000000000000000000e+00
1.941000000000000000e+03,4.999999999999999289e+01,-2.432925764530160961e+01,7.406212192164451835e+01,2.671357236570841565e-01,0.000000000000000000e+00,5.485000000000000142e+01,6.298599999999999710e+01,6.000000000000000000e+01,1.000000000000000000e+00
1.942000000000000000e+03,4.999999999999999289e+01,-2.394350614133849930e+01,7.331912350165032422e+01,6.243826396881715368e-01,0.000000000000000000e+00,5.485000000000000142e+01,6.285699999999999932e+01,6.000000000000000000e+01,1.000000000000000000e+00
1.943000000000000000e+03,5.000000000000000711e+01,-2.423356734974487736e+01,7.391384215228782750e+01,3.197251974570528010e-01,0.000000000000000000e+00,5.485000000000000142e+01,6.295400000000000063e+01,6.000000000000000000e+01,1.000000000000000000e+00
1.944000000000000000e+03,5.000000000000000000e+01,-2.452362855815125542e+01,7.449525967757956835e+01,2.836888057169378863e-02,0.000000000000000000e+00,5.485000000000000142e+01,6.305100000000000193e+01,6.000000000000000000e+01,1.000000000000000000e+00
1.945000000000000000e+03,5.000000000000000711e+01,-2.432925764530160961e+01,7.411624251145231312e+01,2.130151338493008473e-01,0.000000000000000000e+00,5.485000000000000142e+01,6.298599999999999710e+01,6.000000000000000000e+01,1.000000000000000000e+00
1.946000000000000000e+03,5.000000000000001421e+01,-2.461931885370798767e+01,7.469300115192802991e+01,-7.368229822002947405e-02,0.000000000000000000e+00,5.485000000000000142e+01,6.308299999999999841e+01,6.000000000000000000e+01,1.000000000000000000e+00
1.947000000000000000e+03,5.000000000000000711e+01,-2.471500914926473769e+01,7.487698705711669334e+01,-1.619779078519512083e-01,0.000000000000000000e+00,5.485000000000000142e+01,6.311500000000000199e+01,6.000000000000000000e+01,1.000000000000000000e+00
1.948000000000000000e+03,5.000000000000001421e+01,-2.471500914926473769e+01,7.486991521787389559e+01,-1.549060686091459083e-01,0.000000000000000000e+00,5.485000000000000142e+01,6.311500000000000199e+01,6.000000000000000000e+01,1.000000000000000000e+00
1.949000000000000000e+03,5.000000000000000711e+01,-2.471500914926473769e+01,7.486315213005860869e+01,-1.481429807938611509e-01,0.000000000000000000e+00,5.485000000000000142e+01,6.311500000000000199e+01,6.000000000000000000e+01,1.000000000000000000e+00
1.950000000000000000e+03,5.000000000000000711e+01,-2.471500914926473769e+01,7.485668431380503307e+01,-1.416751645402907489e-01,0.000000000000000000e+00,5.485000000000000142e+01,6.311500000000000199e+01,6.000000000000000000e+01,1.000000000000000000e+00
1.951000000000000000e+03,5.000000000000000000e+01,-2.461931885370798767e+01,7.466329605630438948e+01,-4.397720259640174045e-02,0.000000000000000000e+00,5.485000000000000142e+01,6.308299999999999841e+01,6.000000000000000000e+01,1.000000000000000000e+00
1.952000000000000000e+03,5.000000000000000000e+01,-2.452362855815125542e+01,7.447417322172707088e+01,4.945533642418544623e-02,0.000000000000000000e+00,5.485000000000000142e+01,6.305100000000000193e+01,6.000000000000000000e+01,1.000000000000000000e+00
1.953000000000000000e+03,5.000000000000000711e+01,-2.471500914926473769e+01,7.485073804916117979e+01,-1.357288998964319982e-01,0.000000000000000000e+00,5.485000000000000142e+01,6.311500000000000199e+01,6.000000000000000000e+01,1.000000000000000000e+00
1.954000000000000000e+03,5.000000000000000711e+01,-2.461931885370798767e+01,7.465760940130863332e+01,-3.829054760063758944e-02,0.000000000000000000e+00,5.485000000000000142e+01,6.308299999999999841e+01,6.000000000000000000e+01,1.000000000000000000e+00
1.955000000000000000e+03,5.000000000000000000e+01,-2.471500914926473769e+01,7.484314048493688176e+01,-1.281313356721435481e-01,0.000000000000000000e+00,5.485000000000000142e+01,6.311500000000000199e+01,6.000000000000000000e+01,1.000000000000000000e+00
1.956000000000000000e+03,5.000000000000000711e+01,-2.471500914926473769e+01,7.483754636275160976e+01,-1.225372134868667334e-01,0.000000000000000000e+00,5.485000000000000142e+01,6.311500000000000199e+01,6.000000000000000000e+01,1.000000000000000000e+00
1.957000000000000000e+03,5.000000000000000000e+01,-2.471500914926473769e+01,7.483219647592733281e+01,-1.171873266625938909e-01,0.000000000000000000e+00,5.485000000000000142e+01,6.311500000000000199e+01,6.000000000000000000e+01,1.000000000000000000e+00
1.958000000000000000e+03,5.000000000000000711e+01,-2.471500914926473769e+01,7.482708016132343687e+01,-1.120710120586946995e-01,0.000000000000000000e+00,5.485000000000000142e+01,6.311500000000000199e+01,6.000000000000000000e+01,1.000000000000000000e+00
1.959000000000000000e+03,5.000000000000000711e+01,-2.471500914926473769e+01,7.482218722134435041e+01,-1.071780720796083053e-01,0.000000000000000000e+00,5.485000000000000142e+01,6.311500000000000199e+01,6.000000000000000000e+01,1.000000000000000000e+00
1.960000000000000000e+03,5.000000000000000711e+01,-2.471500914926473769e+01,7.481750790361422787e+01,-1.024987543494795955e-01,0.000000000000000000e+00,5.485000000000000142e+01,6.311500000000000199e+01,6.000000000000000000e+01,1.000000000000000000e+00
1.961000000000000000e+03,5.000000000000001421e+01,-2.461931885370798767e+01,7.462583006007469066e+01,-6.511206366689767377e-03,0.000000000000000000e+00,5.485000000000000142e+01,6.308299999999999841e+01,6.000000000000000000e+01,1.000000000000000000e+00
1.962000000000000000e+03,5.000000000000000711e+01,-2.471500914926473769e+01,7.481274860694054496e+01,-9.773945767580061172e-02,0.000000000000000000e+00,5.485000000000000142e+01,6.311500000000000199e+01,6.000000000000000000e+01,1.000000000000000000e+00
1.963000000000000000e+03,5.000000000000000711e+01,-2.471500914926473769e+01,7.480848137234337969e+01,-9.347222307863570223e-02,0.000000000000000000e+00,5.485000000000000142e+01,6.311500000000000199e+01,6.000000000000000000e+01,1.000000000000000000e+00
1.964000000000000000e+03,5.000000000000001421e+01,-2.471500914926473769e+01,7.480440044214712714e+01,-8.939129288237755711e-02,0.000000000000000000e+00,5.485000000000000142e+01,6.311500000000000199e+01,6.000000000000000000e+01,1.000000000000000000e+00
1.965000000000000000e+03,5.000000000000000711e+01,-2.471500914926473769e+01,7.480049768243529229e+01,-8.548853317055006562e-02,0.000000000000000000e+00,5.485000000000000142e+01,6.311500000000000199e+01,6.000000000000000000e+01,1.000000000000000000e+00
1.966000000000000000e+03,5.000000000000000711e+01,-2.471500914926473769e+01,7.479676531441238296e+01,-8.175616514763467402e-02,0.000000000000000000e+00,5.485000000000000142e+01,6.311500000000000199e+01,6.000000000000000000e+01,1.000000000000000000e+00
1.967000000000000000e+03,5.000000000000000000e+01,-2.471500914926473769e+01,7.479319589889948361e+01,-7.818674963474410433e-02,0.000000000000000000e+00,5.485000000000000142e+01,6.311500000000000199e+01,6.000000000000000000e+01,1.000000000000000000e+00
1.968000000000000000e+03,5.000000000000000711e+01,-2.471500914926473769e+01,7.478978232150694794e+01,-7.477317224220392244e-02,0.000000000000000000e+00,5.485000000000000142e+01,6.311500000000000199e+01,6.000000000000000000e+01,1.000000000000000000e+00
1.969000000000000000e+03,5.000000000000001421e+01,-2.471500914926473769e+01,7.478651777845423965e+01,-7.150862918948855396e-02,0.000000000000000000e+00,5.485000000000000142e+01,6.311500000000000199e+01,6.000000000000000000e+01,1.000000000000000000e+00
1.970000000000000000e+03,5.000000000000000000e+01,-2.481069944482146994e+01,7.497059858447319414e+01,-1.598991396517248087e-01,0.000000000000000000e+00,5.485000000000000142e+01,6.314699999999999847e+01,6.000000000000000000e+01,1.000000000000000000e+00
1.971000000000000000e+03,5.000000000000000000e+01,-2.471500914926473769e+01,7.477641468129435509e+01,-6.140553202961497592e-02,0.000000000000000000e+00,5.485000000000000142e+01,6.311500000000000199e+01,6.000000000000000000e+01,1.000000000000000000e+00
1.972000000000000000e+03,5.000000000000000000e+01,-2.471500914926473769e+01,7.477373375982246273e+01,-5.872461055772341260e-02,0.000000000000000000e+00,5.485000000000000142e+01,6.311500000000000199e+01,6.000000000000000000e+01,1.000000000000000000e+00
1.973000000000000000e+03,5.000000000000000711e+01,-2.471500914926473769e+01,7.477116988545856202e+01,-5.616073619381851956e-02,0.000000000000000000e+00,5.485000000000000142e+01,6.311500000000000199e+01,6.000000000000000000e+01,1.000000000000000000e+00
1.974000000000000000e+03,5.000000000000000711e+01,-2.490938006211436218e+01,7.514897367910909054e+01,-2.395936169947181504e-01,0.000000000000000000e+00,5.485000000000000142e+01,6.317999999999999972e+01,6.000000000000000000e+01,1.000000000000000000e+00
1.975000000000000000e+03,5.000000000000000711e+01,-2.481069944482146994e+01,7.494546028405692084e+01,-1.347608392354501805e-01,0.000000000000000000e+00,5.485000000000000142e+01,6.314699999999999847e+01,6.000000000000000000e+01,1.000000000000000000e+00
1.976000000000000000e+03,5.000000000000000711e+01,-2.510076065322784800e+01,7.550703527506598789e+01,-4.062746218381293462e-01,0.000000000000000000e+00,5.485000000000000142e+01,6.324399999999999977e+01,6.000000000000000000e+01,1.000000000000000000e+00
1.977000000000000000e+03,5.000000000000000711e+01,-2.471500914926473769e+01,7.473463624253803061e+01,-1.962709327328299169e-02,0.000000000000000000e+00,5.485000000000000142e+01,6.311500000000000199e+01,6.000000000000000000e+01,1.000000000000000000e+00
1.978000000000000000e+03,5.000000000000000000e+01,-2.500507035767111574e+01,7.530123789029097736e+01,-2.961675326198597302e-01,0.000000000000000000e+00,5.485000000000000142e+01,6.321200000000000330e+01,6.000000000000000000e+01,1.000000000000000000e+00
1.979000000000000000e+03,4.999999999999999289e+01,-2.490938006211436218e+01,7.510110460684335010e+01,-1.917245447289903093e-01,0.000000000000000000e+00,5.485000000000000142e+01,6.317999999999999972e+01,6.000000000000000000e+01,1.000000000000000000e+00
1.980000000000000000e+03,4.999999999999999289e+01,-2.500507035767111574e+01,7.527993687224100938e+01,-2.748665145698983570e-01,0.000000000000000000e+00,5.485000000000000142e+01,6.321200000000000330e+01,6.000000000000000000e+01,1.000000000000000000e+00
1.981000000000000000e+03,5.000000000000000000e+01,-2.510076065322784800e+01,7.545513921888711195e+01,-3.543785656592580713e-01,0.000000000000000000e+00,5.485000000000000142e+01,6.324399999999999977e+01,6.000000000000000000e+01,1.000000000000000000e+00
1.982000000000000000e+03,5.000000000000000000e+01,-2.500507035767111574e+01,7.525246448350159767e+01,-2.473941258304785396e-01,0.000000000000000000e+00,5.485000000000000142e+01,6.321200000000000330e+01,6.000000000000000000e+01,1.000000000000000000e+00
1.983000000000000000e+03,5.000000000000000000e+01,-2.471500914926473769e+01,7.467420488090182573e+01,4.080426836291375925e-02,0.000000000000000000e+00,5.485000000000000142e+01,6.311500000000000199e+01,6.000000000000000000e+01,1.000000000000000000e+00
1.984000000000000000e+03,5.000000000000001421e+01,-2.471500914926473769e+01,7.467598636598279427e+01,3.902278328195717128e-02,0.000000000000000000e+00,5.485000000000000142e+01,6.311500000000000199e+01,6.000000000000000000e+01,1.000000000000000000e+00
1.985000000000000000e+03,5.000000000000000711e+01,-2.490938006211436218e+01,7.505794580380246828e+01,-1.485657416880988291e-01,0.000000000000000000e+00,5.485000000000000142e+01,6.317999999999999972e+01,6.000000000000000000e+01,1.000000000000000000e+00
1.986000000000000000e+03,5.000000000000000000e+01,-2.481069944482146994e+01,7.485840662047657190e+01,-4.770717565510475267e-02,0.000000000000000000e+00,5.485000000000000142e+01,6.314699999999999847e+01,6.000000000000000000e+01,1.000000000000000000e+00
1.987000000000000000e+03,5.000000000000000000e+01,-2.481069944482146994e+01,7.485632375941585792e+01,-4.562431459438812120e-02,0.000000000000000000e+00,5.485000000000000142e+01,6.314699999999999847e+01,6.000000000000000000e+01,1.000000000000000000e+00
1.988000000000000000e+03,5.000000000000001421e+01,-2.471500914926473769e+01,7.466712901311046835e+01,4.788013615428053649e-02,0.000000000000000000e+00,5.485000000000000142e+01,6.311500000000000199e+01,6.000000000000000000e+01,1.000000000000000000e+00
1.989000000000000000e+03,5.000000000000000000e+01,-2.471500914926473769e+01,7.466921942550247593e+01,4.578972376226356222e-02,0.000000000000000000e+00,5.485000000000000142e+01,6.311500000000000199e+01,6.000000000000000000e+01,1.000000000000000000e+00
1.990000000000000000e+03,5.000000000000000711e+01,-2.481069944482146994e+01,7.485842139345346880e+01,-4.772194863199870352e-02,0.000000000000000000e+00,5.485000000000000142e+01,6.314699999999999847e+01,6.000000000000000000e+01,1.000000000000000000e+00
1.991000000000000000e+03,5.000000000000001421e+01,-2.471500914926473769e+01,7.466913506595098227e+01,4.587408331376614801e-02,0.000000000000000000e+00,5.485000000000000142e+01,6.311500000000000199e+01,6.000000000000000000e+01,1.000000000000000000e+00
1.992000000000000000e+03,5.000000000000000711e+01,-2.471500914926473769e+01,7.467113789551525826e+01,4.387125374948675632e-02,0.000000000000000000e+00,5.485000000000000142e+01,6.311500000000000199e+01,6.000000000000000000e+01,1.000000000000000000e+00
1.993000000000000000e+03,5.000000000000001421e+01,-2.471500914926473769e+01,7.467305328297773315e+01,4.195586628701711979e-02,0.000000000000000000e+00,5.485000000000000142e+01,6.311500000000000199e+01,6.000000000000000000e+01,1.000000000000000000e+00
1.994000000000000000e+03,5.000000000000000000e+01,-2.471500914926473769e+01,7.467488504599781152e+01,4.012410326692916057e-02,0.000000000000000000e+00,5.485000000000000142e+01,6.311500000000000199e+01,6.000000000000000000e+01,1.000000000000000000e+00
1.995000000000000000e+03,5.000000000000001421e+01,-2.471500914926473769e+01,7.467663683555868204e+01,3.837231370606637715e-02,0.000000000000000000e+00,5.485000000000000142e+01,6.311500000000000199e+01,6.000000000000000000e+01,1.000000000000000000e+00
1.996000000000000000e+03,5.000000000000000000e+01,-2.481069944482146994e+01,7.486551496470836753e+01,-5.481551988689875587e-02,0.000000000000000000e+00,5.485000000000000142e+01,6.314699999999999847e+01,6.000000000000000000e+01,1.000000000000000000e+00
1.997000000000000000e+03,5.000000000000000000e+01,-2.471500914926473769e+01,7.467591893697429839e+01,3.909021229044266910e-02,0.000000000000000000e+00,5.485000000000000142e+01,6.311500000000000199e+01,6.000000000000000000e+01,1.000000000000000000e+00
1.998000000000000000e+03,5.000000000000000711e+01,-2.461931885370798767e+01,7.449042276613266722e+01,1.288960875753258073e-01,0.000000000000000000e+00,5.485000000000000142e+01,6.308299999999999841e+01,6.000000000000000000e+01,1.000000000000000000e+00
1.999000000000000000e+03,5.000000000000000711e+01,-2.461931885370798767e+01,7.449605027683735159e+01,1.232685768706412860e-01,0.000000000000000000e+00,5.485000000000000142e+01,6.308299999999999841e+01,6.000000000000000000e+01,1.000000000000000000e+00
2.000000000000000000e+03,5.000000000000001421e+01,-2.471500914926473769e+01,7.468863491592648529e+01,2.637423333826637017e-02,0.000000000000000000e+00,5.485000000000000142e+01,6.311500000000000199e+01,6.000000000000000000e+01,1.000000000000000000e+00
2.001000000000000000e+03,5.000000000000000711e+01,-2.471500914926473769e+01,7.468978639603135150e+01,2.522275323339348216e-02,0.000000000000000000e+00,5.485000000000000142e+01,6.311500000000000199e+01,6.000000000000000000e+01,1.000000000000000000e+00
2.002000000000000000e+03,5.000000000000000711e+01,-2.471500914926473769e+01,7.469088760334099675e+01,2.412154592374889453e-02,0.000000000000000000e+00,5.485000000000000142e+01,6.311500000000000199e+01,6.000000000000000000e+01,1.000000000000000000e+00
2.003000000000000000e+03,5.000000000000000000e+01,-2.471500914926473769e+01,7.469194073272957723e+01,2.306841653516207569e-02,0.000000000000000000e+00,5.485000000000000142e+01,6.311500000000000199e+01,6.000000000000000000e+01,1.000000000000000000e+00
2.004000000000000000e+03,5.000000000000000000e+01,-2.442793826259450185e+01,7.413133941885193678e+01,2.965988437425631785e-01,0.000000000000000000e+00,5.485000000000000142e+01,6.301899999999999835e+01,6.000000000000000000e+01,1.000000000000000000e+00
2.005000000000000000e+03,4.999999999999999289e+01,-2.442793826259450185e+01,7.414428871156947309e+01,2.836495510250250374e-01,0.000000000000000000e+00,5.485000000000000142e+01,6.301899999999999835e+01,6.000000000000000000e+01,1.000000000000000000e+00
2.006000000000000000e+03,4.999999999999999289e+01,-2.452362855815125542e+01,7.434387546892192233e+01,1.797530892293313642e-01,0.000000000000000000e+00,5.485000000000000142e+01,6.305100000000000193e+01,6.000000000000000000e+01,1.000000000000000000e+00
2.007000000000000000e+03,5.000000000000000000e+01,-2.413787705418812379e+01,7.359706198580283854e+01,5.408150683852863683e-01,0.000000000000000000e+00,5.485000000000000142e+01,6.292199999999999704e+01,6.000000000000000000e+01,1.000000000000000000e+00
2.008000000000000000e+03,5.000000000000000000e+01,-2.404218675863139154e+01,7.343347076220666736e+01,6.087159964247176314e-01,0.000000000000000000e+00,5.485000000000000142e+01,6.289000000000000057e+01,6.000000000000000000e+01,1.000000000000000000e+00
2.009000000000000000e+03,5.000000000000000000e+01,-2.432925764530160961e+01,7.402165533026882827e+01,3.076023150327844013e-01,0.000000000000000000e+00,5.485000000000000142e+01,6.298599999999999710e+01,6.000000000000000000e+01,1.000000000000000000e+00
2.010000000000000000e+03,4.999999999999999289e+01,-2.423356734974487736e+01,7.384788220518403534e+01,3.856851445608329709e-01,0.000000000000000000e+00,5.485000000000000142e+01,6.295400000000000063e+01,6.000000000000000000e+01,1.000000000000000000e+00
2.011000000000000000e+03,5.000000000000000711e+01,-2.375212555022501704e+01,7.292285674638681314e+01,8.292688038382083349e-01,0.000000000000000000e+00,5.485000000000000142e+01,6.279299999999999926e+01,6.000000000000000000e+01,1.000000000000000000e+00
2.012000000000000000e+03,5.000000000000000711e+01,-2.423356734974487736e+01,7.390092622288022994e+01,3.326411268646501385e-01,0.000000000000000000e+00,5.485000000000000142e+01,6.295400000000000063e+01,6.000000000000000000e+01,1.000000000000000000e+00
2.013000000000000000e+03,5.000000000000000000e+01,-2.375212555022501704e+01,7.297358490032777922e+01,7.785406498972406997e-01,0.000000000000000000e+00,5.485000000000000142e+01,6.279299999999999926e+01,6.000000000000000000e+01,1.000000000000000000e+00
2.014000000000000000e+03,4.999999999999999289e+01,-2.404218675863139154e+01,7.357503397908750742e+01,4.671527795438764064e-01,0.000000000000000000e+00,5.485000000000000142e+01,6.289000000000000057e+01,6.000000000000000000e+01,1.000000000000000000e+00
2.015000000000000000e+03,5.000000000000000000e+01,-2.394350614133849930e+01,7.340237662464011237e+01,5.411295166983906002e-01,0.000000000000000000e+00,5.485000000000000142e+01,6.285699999999999932e+01,6.000000000000000000e+01,1.000000000000000000e+00
2.016000000000000000e+03,5.000000000000000000e+01,-2.394350614133849930e+01,7.342600195109589833e+01,5.175041902426023022e-01,0.000000000000000000e+00,5.485000000000000142e+01,6.285699999999999932e+01,6.000000000000000000e+01,1.000000000000000000e+00
2.017000000000000000e+03,5.000000000000000000e+01,-2.375212555022501704e+01,7.307419016982059645e+01,6.779353804044240261e-01,0.000000000000000000e+00,5.485000000000000142e+01,6.279299999999999926e+01,6.000000000000000000e+01,1.000000000000000000e+00
2.018000000000000000e+03,4.999999999999999289e+01,-2.404218675863139154e+01,7.367124689469535781e+01,3.709398639360264593e-01,0.000000000000000000e+00,5.485000000000000142e+01,6.289000000000000057e+01,6.000000000000000000e+01,1.000000000000000000e+00
2.019000000000000000e+03,4.999999999999999289e+01,-2.375212555022501704e+01,7.311998331045377597e+01,6.321422397712370689e-01,0.000000000000000000e+00,5.485000000000000142e+01,6.279299999999999926e+01,6.000000000000000000e+01,1.000000000000000000e+00
2.020000000000000000e+03,5.000000000000000711e+01,-2.384781584578176705e+01,7.333478500856443816e+01,5.130308372173336684e-01,0.000000000000000000e+00,5.485000000000000142e+01,6.282500000000000284e+01,6.000000000000000000e+01,1.000000000000000000e+00
2.021000000000000000e+03,5.000000000000000000e+01,-2.423356734974487736e+01,7.411184494086164420e+01,1.217224088832294382e-01,0.000000000000000000e+00,5.485000000000000142e+01,6.295400000000000063e+01,6.000000000000000000e+01,1.000000000000000000e+00
2.022000000000000000e+03,5.000000000000000000e+01,-2.423356734974487736e+01,7.411715925390151938e+01,1.164080958433549307e-01,0.000000000000000000e+00,5.485000000000000142e+01,6.295400000000000063e+01,6.000000000000000000e+01,1.000000000000000000e+00
2.023000000000000000e+03,5.000000000000000000e+01,-2.375212555022501704e+01,7.318037735235502339e+01,5.717481978699944234e-01,0.000000000000000000e+00,5.485000000000000142e+01,6.279299999999999926e+01,6.000000000000000000e+01,1.000000000000000000e+00
2.024000000000000000e+03,5.000000000000000000e+01,-2.404218675863139154e+01,7.377279802102627571e+01,2.693887376051148919e-01,0.000000000000000000e+00,5.485000000000000142e+01,6.289000000000000057e+01,6.000000000000000000e+01,1.000000000000000000e+00
2.025000000000000000e+03,5.000000000000000711e+01,-2.384781584578176705e+01,7.340430360893304851e+01,4.435122368487246503e-01,0.000000000000000000e+00,5.485000000000000142e+01,6.282500000000000284e+01,6.000000000000000000e+01,1.000000000000000000e+00
2.026000000000000000e+03,5.000000000000000711e+01,-2.384781584578176705e+01,7.342366703498790059e+01,4.241488107938709007e-01,0.000000000000000000e+00,5.485000000000000142e+01,6.282500000000000284e+01,6.000000000000000000e+01,1.000000000000000000e+00
2.027000000000000000e+03,4.999999999999999289e+01,-2.375212555022501704e+01,7.325498224628958610e+01,4.971433039354245520e-01,0.000000000000000000e+00,5.485000000000000142e+01,6.279299999999999926e+01,6.000000000000000000e+01,1.000000000000000000e+00
2.028000000000000000e+03,5.000000000000000711e+01,-2.404218675863139154e+01,7.384414571881831080e+01,1.980410398130834637e-01,0.000000000000000000e+00,5.485000000000000142e+01,6.289000000000000057e+01,6.000000000000000000e+01,1.000000000000000000e+00
2.029000000000000000e+03,5.000000000000000000e+01,-2.375212555022501704e+01,7.328533349596493451e+01,4.667920542600798584e-01,0.000000000000000000e+00,5.485000000000000142e+01,6.279299999999999926e+01,6.000000000000000000e+01,1.000000000000000000e+00
2.030000000000000000e+03,5.000000000000000000e+01,-2.413787705418812379e+01,7.406037467617309744e+01,7.750237801502929402e-02,0.000000000000000000e+00,5.485000000000000142e+01,6.292199999999999704e+01,6.000000000000000000e+01,1.000000000000000000e+00
2.031000000000000000e+03,5.000000000000000711e+01,-2.413787705418812379e+01,7.406375837439173893e+01,7.411867979639093218e-02,0.000000000000000000e+00,5.485000000000000142e+01,6.292199999999999704e+01,6.000000000000000000e+01,1.000000000000000000e+00
2.032000000000000000e+03,5.000000000000000000e+01,-2.375212555022501704e+01,7.331233296874619043e+01,4.397925814788298249e-01,0.000000000000000000e+00,5.485000000000000142e+01,6.279299999999999926e+01,6.000000000000000000e+01,1.000000000000000000e+00
2.033000000000000000e+03,4.999999999999999289e+01,-2.394350614133849930e+01,7.370593964024477884e+01,2.375665010937182686e-01,0.000000000000000000e+00,5.485000000000000142e+01,6.285699999999999932e+01,6.000000000000000000e+01,1.000000000000000000e+00
2.034000000000000000e+03,5.000000000000000000e+01,-2.404218675863139154e+01,7.390936453287109487e+01,1.328222257602966194e-01,0.000000000000000000e+00,5.485000000000000142e+01,6.289000000000000057e+01,6.000000000000000000e+01,1.000000000000000000e+00
2.035000000000000000e+03,4.999999999999999289e+01,-2.375212555022501704e+01,7.334770490338860327e+01,4.044206468364073270e-01,0.000000000000000000e+00,5.485000000000000142e+01,6.279299999999999926e+01,6.000000000000000000e+01,1.000000000000000000e+00
2.036000000000000000e+03,5.000000000000000000e+01,-2.404218675863139154e+01,7.393282017123394212e+01,1.093665873974440372e-01,0.000000000000000000e+00,5.485000000000000142e+01,6.289000000000000057e+01,6.000000000000000000e+01,1.000000000000000000e+00
2.037000000000000000e+03,5.000000000000000000e+01,-2.375212555022501704e+01,7.337013648540921906e+01,3.819890648158004165e-01,0.000000000000000000e+00,5.485000000000000142e+01,6.279299999999999926e+01,6.000000000000000000e+01,1.000000000000000000e+00
2.038000000000000000e+03,5.000000000000000711e+01,-2.384781584578176705e+01,7.357401667537828871e+01,2.737991704034832829e-01,0.000000000000000000e+00,5.485000000000000142e+01,6.282500000000000284e+01,6.000000000000000000e+01,1.000000000000000000e+00
2.039000000000000000e+03,5.000000000000000711e+01,-2.404218675863139154e+01,7.396622628181508219e+01,7.596047681631198922e-02,0.000000000000000000e+00,5.485000000000000142e+01,6.289000000000000057e+01,6.000000000000000000e+01,1.000000000000000000e+00
2.040000000000000000e+03,5.000000000000000000e+01,-2.404218675863139154e+01,7.396954266173364090e+01,7.264409689774442569e-02,0.000000000000000000e+00,5.485000000000000142e+01,6.289000000000000057e+01,6.000000000000000000e+01,1.000000000000000000e+00
2.041000000000000000e+03,5.000000000000000000e+01,-2.394350614133849930e+01,7.377966134124937980e+01,1.638448000891228884e-01,0.000000000000000000e+00,5.485000000000000142e+01,6.285699999999999932e+01,6.000000000000000000e+01,1.000000000000000000e+00
2.042000000000000000e+03,5.000000000000000711e+01,-2.413787705418812379e+01,7.416707041876702533e+01,-2.919336457889631919e-02,0.000000000000000000e+00,5.485000000000000142e+01,6.292199999999999704e+01,6.000000000000000000e+01,1.000000000000000000e+00
2.043000000000000000e+03,5.000000000000000000e+01,-2.404218675863139154e+01,7.397859303595060965e+01,6.359372268078140877e-02,0.000000000000000000e+00,5.485000000000000142e+01,6.289000000000000057e+01,6.000000000000000000e+01,1.000000000000000000e+00
2.044000000000000000e+03,5.000000000000000711e+01,-2.413787705418812379e+01,7.416857231372058834e+01,-3.069525953245887118e-02,0.000000000000000000e+00,5.485000000000000142e+01,6.292199999999999704e+01,6.000000000000000000e+01,1.000000000000000000e+00
2.045000000000000000e+03,5.000000000000001421e+01,-2.461931885370798767e+01,7.510909637620419232e+01,-4.897775224961908869e-01,0.000000000000000000e+00,5.485000000000000142e+01,6.308299999999999841e+01,6.000000000000000000e+01,1.000000000000000000e+00
2.046000000000000000e+03,5.000000000000000000e+01,-2.461931885370798767e+01,7.508771304097183474e+01,-4.683941872638436865e-01,0.000000000000000000e+00,5.485000000000000142e+01,6.308299999999999841e+01,6.000000000000000000e+01,1.000000000000000000e+00
2.047000000000000000e+03,5.000000000000001421e+01,-2.471500914926473769e+01,7.525446610827812322e+01,-5.394569590133725390e-01,0.000000000000000000e+00,5.485000000000000142e+01,6.311500000000000199e+01,6.000000000000000000e+01,1.000000000000000000e+00
2.048000000000000000e+03,5.000000000000001421e+01,-2.471500914926473769e+01,7.523091380449085364e+01,-5.159046552261050689e-01,0.000000000000000000e+00,5.485000000000000142e+01,6.311500000000000199e+01,6.000000000000000000e+01,1.000000000000000000e+00
2.049000000000000000e+03,5.000000000000000711e+01,-2.471500914926473769e+01,7.520838977738890208e+01,-4.933806281241587821e-01,0.000000000000000000e+00,5.485000000000000142e+01,6.311500000000000199e+01,6.000000000000000000e+01,1.000000000000000000e+00
2.050000000000000000e+03,4.999999999999999289e+01,-2.481069944482146994e+01,7.537405195461414564e+01,-5.633525097926846970e-01,0.000000000000000000e+00,5.485000000000000142e+01,6.314699999999999847e+01,6.000000000000000000e+01,1.000000000000000000e+00
2.051000000000000000e+03,5.000000000000000000e+01,-2.481069944482146994e+01,7.534945638822415503e+01,-5.387569434026920900e-01,0.000000000000000000e+00,5.485000000000000142e+01,6.314699999999999847e+01,6.000000000000000000e+01,1.000000000000000000e+00
2.052000000000000000e+03,5.000000000000001421e+01,-2.471500914926473769e+01,7.513873182515202132e+01,-4.237226758872717491e-01,0.000000000000000000e+00,5.485000000000000142e+01,6.311500000000000199e+01,6.000000000000000000e+01,1.000000000000000000e+00
2.053000000000000000e+03,5.000000000000000000e+01,-2.471500914926473769e+01,7.512023239713035139e+01,-4.052232478656127568e-01,0.000000000000000000e+00,5.485000000000000142e+01,6.311500000000000199e+01,6.000000000000000000e+01,1.000000000000000000e+00
2.054000000000000000e+03,5.000000000000000711e+01,-2.500507035767111574e+01,7.566999919342681835e+01,-6.649288357556980555e-01,0.000000000000000000e+00,5.485000000000000142e+01,6.321200000000000330e+01,6.000000000000000000e+01,1.000000000000000000e+00
2.055000000000000000e+03,5.000000000000000000e+01,-2.529513156607747248e+01,7.620842743008647346e+01,-9.132958640090031999e-01,0.000000000000000000e+00,5.485000000000000142e+01,6.330899999999999750e+01,6.000000000000000000e+01,1.000000000000000000e+00
2.056000000000000000e+03,5.000000000000000000e+01,-2.548651215719095831e+01,7.654295923085311415e+01,-1.056447073662155178e+00,0.000000000000000000e+00,5.485000000000000142e+01,6.337299999999999756e+01,6.000000000000000000e+01,1.000000000000000000e+00
2.057000000000000000e+03,5.000000000000000000e+01,-2.539082186163422605e+01,7.630963268812007527e+01,-9.188108264858537710e-01,0.000000000000000000e+00,5.485000000000000142e+01,6.334100000000000108e+01,6.000000000000000000e+01,1.000000000000000000e+00
2.058000000000000000e+03,5.000000000000000711e+01,-2.539082186163422605e+01,7.626951806665333322e+01,-8.786962050191043927e-01,0.000000000000000000e+00,5.485000000000000142e+01,6.334100000000000108e+01,6.000000000000000000e+01,1.000000000000000000e+00
2.059000000000000000e+03,5.000000000000000000e+01,-2.568088307004060411e+01,7.679861337334230598e+01,-1.117730303301696315e+00,0.000000000000000000e+00,5.485000000000000142e+01,6.343800000000000239e+01,6.000000000000000000e+01,1.000000000000000000e+00
2.060000000000000000e+03,4.999999999999999289e+01,-2.568088307004060411e+01,7.674981407023618374e+01,-1.068931000195582071e+00,0.000000000000000000e+00,5.485000000000000142e+01,6.343800000000000239e+01,6.000000000000000000e+01,1.000000000000000000e+00
2.061000000000000000e+03,5.000000000000000000e+01,-2.568088307004060411e+01,7.670314530969173461e+01,-1.022262239651128723e+00,0.000000000000000000e+00,5.485000000000000142e+01,6.343800000000000239e+01,6.000000000000000000e+01,1.000000000000000000e+00
2.062000000000000000e+03,5.000000000000000000e+01,-2.558220245274770832e+01,7.646546116411430205e+01,-8.832587113665920642e-01,0.000000000000000000e+00,5.485000000000000142e+01,6.340500000000000114e+01,6.000000000000000000e+01,1.000000000000000000e+00
2.063000000000000000e+03,5.000000000000000000e+01,-2.568088307004060411e+01,7.661995163212114335e+01,-9.390685620805335754e-01,0.000000000000000000e+00,5.485000000000000142e+01,6.343800000000000239e+01,6.000000000000000000e+01,1.000000000000000000e+00
2.064000000000000000e+03,4.999999999999999289e+01,-2.568088307004060411e+01,7.657895257245260723e+01,-8.980695024120032288e-01,0.000000000000000000e+00,5.485000000000000142e+01,6.343800000000000239e+01,6.000000000000000000e+01,1.000000000000000000e+00
2.065000000000000000e+03,5.000000000000000000e+01,-2.568088307004060411e+01,7.653974350231368362e+01,-8.588604322730760687e-01,0.000000000000000000e+00,5.485000000000000142e+01,6.343800000000000239e+01,6.000000000000000000e+01,1.000000000000000000e+00
2.066000000000000000e+03,4.999999999999999289e+01,-2.568088307004060411e+01,7.650224627204575256e+01,-8.213632020051503391e-01,0.000000000000000000e+00,5.485000000000000142e+01,6.343800000000000239e+01,6.000000000000000000e+01,1.000000000000000000e+00
2.067000000000000000e+03,5.000000000000000000e+01,-2.568088307004060411e+01,7.646638614394825595e+01,-7.855030739076489521e-01,0.000000000000000000e+00,5.485000000000000142e+01,6.343800000000000239e+01,6.000000000000000000e+01,1.000000000000000000e+00
2.068000000000000000e+03,5.000000000000000000e+01,-2.568088307004060411e+01,7.643209164331499039e+01,-7.512085732743800648e-01,0.000000000000000000e+00,5.485000000000000142e+01,6.343800000000000239e+01,6.000000000000000000e+01,1.000000000000000000e+00
2.069000000000000000e+03,5.000000000000000000e+01,-2.568088307004060411e+01,7.639929441597415405e+01,-7.184113459335433882e-01,0.000000000000000000e+00,5.485000000000000142e+01,6.343800000000000239e+01,6.000000000000000000e+01,1.000000000000000000e+00
2.070000000000000000e+03,5.000000000000000000e+01,-2.568088307004060411e+01,7.636792909204804403e+01,-6.870460220074373625e-01,0.000000000000000000e+00,5.485000000000000142e+01,6.343800000000000239e+01,6.000000000000000000e+01,1.000000000000000000e+00
2.071000000000000000e+03,5.000000000000000711e+01,-2.568088307004060411e+01,7.633793315566093440e+01,-6.570500856203200790e-01,0.000000000000000000e+00,5.485000000000000142e+01,6.343800000000000239e+01,6.000000000000000000e+01,1.000000000000000000e+00
2.072000000000000000e+03,5.000000000000000711e+01,-2.558220245274770832e+01,7.611619391070034624e+01,-5.339914579526326976e-01,0.000000000000000000e+00,5.485000000000000142e+01,6.340500000000000114e+01,6.000000000000000000e+01,1.000000000000000000e+00
2.073000000000000000e+03,5.000000000000000711e+01,-2.519645094878460156e+01,7.533821885274041108e+01,-1.417679039558057963e-01,0.000000000000000000e+00,5.485000000000000142e+01,6.327600000000000335e+01,6.000000000000000000e+01,1.000000000000000000e+00
2.074000000000000000e+03,5.000000000000000000e+01,-2.529513156607747248e+01,7.552508227740261759e+01,-2.299507113251479107e-01,0.000000000000000000e+00,5.485000000000000142e+01,6.330899999999999750e+01,6.000000000000000000e+01,1.000000000000000000e+00
2.075000000000000000e+03,5.000000000000000000e+01,-2.529513156607747248e+01,7.551504279432850808e+01,-2.199112282510332084e-01,0.000000000000000000e+00,5.485000000000000142e+01,6.330899999999999750e+01,6.000000000000000000e+01,1.000000000000000000e+00
2.076000000000000000e+03,4.999999999999999289e+01,-2.558220245274770832e+01,7.606705009227509606e+01,-4.848476395273928485e-01,0.000000000000000000e+00,5.485000000000000142e+01,6.340500000000000114e+01,6.000000000000000000e+01,1.000000000000000000e+00
2.077000000000000000e+03,4.999999999999999289e+01,-2.568088307004060411e+01,7.623893490183112931e+01,-5.580518317905275305e-01,0.000000000000000000e+00,5.485000000000000142e+01,6.343800000000000239e+01,6.000000000000000000e+01,1.000000000000000000e+00
2.078000000000000000e+03,5.000000000000000000e+01,-2.558220245274770832e+01,7.602151784960464909e+01,-4.393153968569420975e-01,0.000000000000000000e+00,5.485000000000000142e+01,6.340500000000000114e+01,6.000000000000000000e+01,1.000000000000000000e+00
2.079000000000000000e+03,4.999999999999999289e+01,-2.548651215719095831e+01,7.581513483310848756e+01,-3.286226759175335244e-01,0.000000000000000000e+00,5.485000000000000142e+01,6.337299999999999756e+01,6.000000000000000000e+01,1.000000000000000000e+00
2.080000000000000000e+03,5.000000000000000711e+01,-2.548651215719095831e+01,7.580078740285428296e+01,-3.142752456633199354e-01,0.000000000000000000e+00,5.485000000000000142e+01,6.337299999999999756e+01,6.000000000000000000e+01,1.000000000000000000e+00
2.081000000000000000e+03,5.000000000000000000e+01,-2.519645094878460156e+01,7.521960781854772904e+01,-2.315686976312808509e-02,0.000000000000000000e+00,5.485000000000000142e+01,6.327600000000000335e+01,6.000000000000000000e+01,1.000000000000000000e+00
2.082000000000000000e+03,5.000000000000000711e+01,-2.471500914926473769e+01,7.427673261073628908e+01,4.382765385284546622e-01,0.000000000000000000e+00,5.485000000000000142e+01,6.311500000000000199e+01,6.000000000000000000e+01,1.000000000000000000e+00
2.083000000000000000e+03,5.000000000000001421e+01,-2.471500914926473769e+01,7.429586744995893355e+01,4.191416993058164620e-01,0.000000000000000000e+00,5.485000000000000142e+01,6.311500000000000199e+01,6.000000000000000000e+01,1.000000000000000000e+00
2.084000000000000000e+03,5.000000000000000000e+01,-2.394350614133849930e+01,7.280484412777438763e+01,1.138662013564113895e+00,0.000000000000000000e+00,5.485000000000000142e+01,6.285699999999999932e+01,6.000000000000000000e+01,1.000000000000000000e+00
2.085000000000000000e+03,5.000000000000000711e+01,-2.375212555022501704e+01,7.248015165140427030e+01,1.271973898820753401e+00,0.000000000000000000e+00,5.485000000000000142e+01,6.279299999999999926e+01,6.000000000000000000e+01,1.000000000000000000e+00
2.086000000000000000e+03,5.000000000000000000e+01,-2.394350614133849930e+01,7.291009076215431151e+01,1.033415379184191574e+00,0.000000000000000000e+00,5.485000000000000142e+01,6.285699999999999932e+01,6.000000000000000000e+01,1.000000000000000000e+00
2.087000000000000000e+03,5.000000000000000711e+01,-2.413787705418812379e+01,7.333546466726593849e+01,8.024123869221890804e-01,0.000000000000000000e+00,5.485000000000000142e+01,6.292199999999999704e+01,6.000000000000000000e+01,1.000000000000000000e+00
2.088000000000000000e+03,5.000000000000000000e+01,-2.394350614133849930e+01,7.299024168527432721e+01,9.532644560641760911e-01,0.000000000000000000e+00,5.485000000000000142e+01,6.285699999999999932e+01,6.000000000000000000e+01,1.000000000000000000e+00
2.089000000000000000e+03,5.000000000000000000e+01,-2.423356734974487736e+01,7.359931908005252410e+01,6.342482696923521512e-01,0.000000000000000000e+00,5.485000000000000142e+01,6.295400000000000063e+01,6.000000000000000000e+01,1.000000000000000000e+00
2.090000000000000000e+03,4.999999999999999289e+01,-2.423356734974487736e+01,7.362700990445426896e+01,6.065574452905989622e-01,0.000000000000000000e+00,5.485000000000000142e+01,6.295400000000000063e+01,6.000000000000000000e+01,1.000000000000000000e+00
2.091000000000000000e+03,4.999999999999999289e+01,-2.384781584578176705e+01,7.289883039330227632e+01,9.489854524794858470e-01,0.000000000000000000e+00,5.485000000000000142e+01,6.282500000000000284e+01,6.000000000000000000e+01,1.000000000000000000e+00
2.092000000000000000e+03,5.000000000000000000e+01,-2.423356734974487736e+01,7.369492379131823157e+01,5.386435584266437981e-01,0.000000000000000000e+00,5.485000000000000142e+01,6.295400000000000063e+01,6.000000000000000000e+01,1.000000000000000000e+00
2.093000000000000000e+03,4.999999999999999289e+01,-2.375212555022501704e+01,7.277657638712756238e+01,9.755491630974477690e-01,0.000000000000000000e+00,5.485000000000000142e+01,6.279299999999999926e+01,6.000000000000000000e+01,1.000000000000000000e+00
2.094000000000000000e+03,5.000000000000000000e+01,-2.375212555022501704e+01,7.281916816366282319e+01,9.329573865621929585e-01,0.000000000000000000e+00,5.485000000000000142e+01,6.279299999999999926e+01,6.000000000000000000e+01,1.000000000000000000e+00
2.095000000000000000e+03,5.000000000000000000e+01,-2.365643525466828478e+01,7.267269759232858917e+01,9.837376623396948405e-01,0.000000000000000000e+00,5.485000000000000142e+01,6.276100000000000279e+01,6.000000000000000000e+01,1.000000000000000000e+00
2.096000000000000000e+03,4.999999999999999289e+01,-2.346206434181863898e+01,7.233539114176652163e+01,1.126673200052107360e+00,0.000000000000000000e+00,5.485000000000000142e+01,6.269599999999999795e+01,6.000000000000000000e+01,1.000000000000000000e+00
2.097000000000000000e+03,4.999999999999999289e+01,-2.365643525466828478e+01,7.276483661642775758e+01,8.915986382405197697e-01,0.000000000000000000e+00,5.485000000000000142e+01,6.276100000000000279e+01,6.000000000000000000e+01,1.000000000000000000e+00
2.098000000000000000e+03,5.000000000000000711e+01,-2.375212555022501704e+01,7.299096599474381719e+01,7.611595554812036202e-01,0.000000000000000000e+00,5.485000000000000142e+01,6.279299999999999926e+01,6.000000000000000000e+01,1.000000000000000000e+00
2.099000000000000000e+03,5.000000000000000000e+01,-2.375212555022501704e+01,7.302419767482828661e+01,7.279278753967310944e-01,0.000000000000000000e+00,5.485000000000000142e+01,6.279299999999999926e+01,6.000000000000000000e+01,1.000000000000000000e+00
2.100000000000000000e+03,5.000000000000000000e+01,-2.394350614133849930e+01,7.343038412653140767e+01,5.131220148070976261e-01,0.000000000000000000e+00,5.485000000000000142e+01,6.285699999999999932e+01,6.000000000000000000e+01,1.000000000000000000e+00
2.101000000000000000e+03,5.000000000000000711e+01,-2.375212555022501704e+01,7.307838102262066116e+01,6.737445276043616538e-01,0.000000000000000000e+00,5.485000000000000142e+01,6.279299999999999926e+01,6.000000000000000000e+01,1.000000000000000000e+00
2.102000000000000000e+03,4.999999999999999289e+01,-2.442793826259450185e+01,7.442991615189663435e+01,-1.977889302136714988e-03,0.000000000000000000e+00,5.485000000000000142e+01,6.301899999999999835e+01,6.000000000000000000e+01,1.000000000000000000e+00
2.103000000000000000e+03,5.000000000000000000e+01,-2.442793826259450185e+01,7.442982979866877713e+01,-1.891536074278260928e-03,0.000000000000000000e+00,5.485000000000000142e+01,6.301899999999999835e+01,6.000000000000000000e+01,1.000000000000000000e+00
2.104000000000000000e+03,5.000000000000000711e+01,-2.461931885370798767e+01,7.480415285848935980e+01,-1.848340047813650799e-01,0.000000000000000000e+00,5.485000000000000142e+01,6.308299999999999841e+01,6.000000000000000000e+01,1.000000000000000000e+00
2.105000000000000000e+03,5.000000000000000000e+01,-2.471500914926473769e+01,7.498328595991738155e+01,-2.682768106526425833e-01,0.000000000000000000e+00,5.485000000000000142e+01,6.311500000000000199e+01,6.000000000000000000e+01,1.000000000000000000e+00
2.106000000000000000e+03,4.999999999999999289e+01,-2.500507035767111574e+01,7.553903173940783233e+01,-5.339613817367214743e-01,0.000000000000000000e+00,5.485000000000000142e+01,6.321200000000000330e+01,6.000000000000000000e+01,1.000000000000000000e+00
2.107000000000000000e+03,5.000000000000000711e+01,-2.510076065322784800e+01,7.570292219004578271e+01,-6.021615368179262795e-01,0.000000000000000000e+00,5.485000000000000142e+01,6.324399999999999977e+01,6.000000000000000000e+01,1.000000000000000000e+00
2.108000000000000000e+03,5.000000000000000711e+01,-2.519645094878460156e+01,7.586383507084435962e+01,-6.673841220597539481e-01,0.000000000000000000e+00,5.485000000000000142e+01,6.327600000000000335e+01,6.000000000000000000e+01,1.000000000000000000e+00
2.109000000000000000e+03,5.000000000000000711e+01,-2.500507035767111574e+01,7.546029191597371266e+01,-4.552215583025903678e-01,0.000000000000000000e+00,5.485000000000000142e+01,6.321200000000000330e+01,6.000000000000000000e+01,1.000000000000000000e+00
2.110000000000000000e+03,5.000000000000000711e+01,-2.558220245274770832e+01,7.656948428630136050e+01,-9.872818335536479584e-01,0.000000000000000000e+00,5.485000000000000142e+01,6.340500000000000114e+01,6.000000000000000000e+01,1.000000000000000000e+00
2.111000000000000000e+03,5.000000000000000711e+01,-2.548651215719095831e+01,7.633917744832756114e+01,-8.526652911365978360e-01,0.000000000000000000e+00,5.485000000000000142e+01,6.337299999999999756e+01,6.000000000000000000e+01,1.000000000000000000e+00
2.112000000000000000e+03,5.000000000000000000e+01,-2.568088307004060411e+01,7.668220642457607994e+01,-1.001323354535468724e+00,0.000000000000000000e+00,5.485000000000000142e+01,6.343800000000000239e+01,6.000000000000000000e+01,1.000000000000000000e+00
2.113000000000000000e+03,5.000000000000000000e+01,-2.568088307004060411e+01,7.663848936533480583e+01,-9.576062952941947204e-01,0.000000000000000000e+00,5.485000000000000142e+01,6.343800000000000239e+01,6.000000000000000000e+01,1.000000000000000000e+00
2.114000000000000000e+03,4.999999999999999289e+01,-2.548651215719095831e+01,7.621642523043514927e+01,-7.299130732441961866e-01,0.000000000000000000e+00,5.485000000000000142e+01,6.337299999999999756e+01,6.000000000000000000e+01,1.000000000000000000e+00
2.115000000000000000e+03,5.000000000000000000e+01,-2.558220245274770832e+01,7.637176057081103409e+01,-7.895581180633279850e-01,0.000000000000000000e+00,5.485000000000000142e+01,6.340500000000000114e+01,6.000000000000000000e+01,1.000000000000000000e+00
2.116000000000000000e+03,5.000000000000000000e+01,-2.519645094878460156e+01,7.558262765583164366e+01,-3.861767070470401575e-01,0.000000000000000000e+00,5.485000000000000142e+01,6.327600000000000335e+01,6.000000000000000000e+01,1.000000000000000000e+00
2.117000000000000000e+03,4.999999999999999289e+01,-2.519645094878460156e+01,7.556576745787150173e+01,-3.693165090869040545e-01,0.000000000000000000e+00,5.485000000000000142e+01,6.327600000000000335e+01,6.000000000000000000e+01,1.000000000000000000e+00
2.118000000000000000e+03,5.000000000000000711e+01,-2.490938006211436218e+01,7.498803489966495306e+01,-7.865483755058105819e-02,0.000000000000000000e+00,5.485000000000000142e+01,6.317999999999999972e+01,6.000000000000000000e+01,1.000000000000000000e+00
2.119000000000000000e+03,5.000000000000001421e+01,-2.471500914926473769e+01,7.460434515479064999e+01,1.106639944741012738e-01,0.000000000000000000e+00,5.485000000000000142e+01,6.311500000000000199e+01,6.000000000000000000e+01,1.000000000000000000e+00
2.120000000000000000e+03,5.000000000000000000e+01,-2.471500914926473769e+01,7.460917666539147319e+01,1.058324838732677409e-01,0.000000000000000000e+00,5.485000000000000142e+01,6.311500000000000199e+01,6.000000000000000000e+01,1.000000000000000000e+00
2.121000000000000000e+03,5.000000000000000711e+01,-2.471500914926473769e+01,7.461379723570593114e+01,1.012119135588110119e-01,0.000000000000000000e+00,5.485000000000000142e+01,6.311500000000000199e+01,6.000000000000000000e+01,1.000000000000000000e+00
2.122000000000000000e+03,5.000000000000000711e+01,-2.461931885370798767e+01,7.443101325377132582e+01,1.883055999366673172e-01,0.000000000000000000e+00,5.485000000000000142e+01,6.308299999999999841e+01,6.000000000000000000e+01,1.000000000000000000e+00
2.123000000000000000e+03,5.000000000000000000e+01,-2.452362855815125542e+01,7.425203171969705807e+01,2.715968384542034042e-01,0.000000000000000000e+00,5.485000000000000142e+01,6.305100000000000193e+01,6.000000000000000000e+01,1.000000000000000000e+00
2.124000000000000000e+03,4.999999999999999289e+01,-2.442793826259450185e+01,7.407668662133758630e+01,3.512516412569057778e-01,0.000000000000000000e+00,5.485000000000000142e+01,6.301899999999999835e+01,6.000000000000000000e+01,1.000000000000000000e+00
2.125000000000000000e+03,5.000000000000000000e+01,-2.413787705418812379e+01,7.352456346341951132e+01,6.133135907686115829e-01,0.000000000000000000e+00,5.485000000000000142e+01,6.292199999999999704e+01,6.000000000000000000e+01,1.000000000000000000e+00
2.126000000000000000e+03,5.000000000000000711e+01,-2.413787705418812379e+01,7.355134029475942725e+01,5.865367594287008712e-01,0.000000000000000000e+00,5.485000000000000142e+01,6.292199999999999704e+01,6.000000000000000000e+01,1.000000000000000000e+00
2.127000000000000000e+03,5.000000000000000000e+01,-2.413787705418812379e+01,7.357694806885456273e+01,5.609289853335635012e-01,0.000000000000000000e+00,5.485000000000000142e+01,6.292199999999999704e+01,6.000000000000000000e+01,1.000000000000000000e+00
2.128000000000000000e+03,5.000000000000000000e+01,-2.423356734974487736e+01,7.378864064736971784e+01,4.449267023751577455e-01,0.000000000000000000e+00,5.485000000000000142e+01,6.295400000000000063e+01,6.000000000000000000e+01,1.000000000000000000e+00
2.129000000000000000e+03,5.000000000000000000e+01,-2.413787705418812379e+01,7.362086300651037618e+01,5.170140476777506100e-01,0.000000000000000000e+00,5.485000000000000142e+01,6.292199999999999704e+01,6.000000000000000000e+01,1.000000000000000000e+00
2.130000000000000000e+03,5.000000000000000000e+01,-2.442793826259450185e+01,7.421089402145425140e+01,2.170442411402478955e-01,0.000000000000000000e+00,5.485000000000000142e+01,6.301899999999999835e+01,6.000000000000000000e+01,1.000000000000000000e+00
2.131000000000000000e+03,5.000000000000000711e+01,-2.452362855815125542e+01,7.440757283876433803e+01,1.160557193869264786e-01,0.000000000000000000e+00,5.485000000000000142e+01,6.305100000000000193e+01,6.000000000000000000e+01,1.000000000000000000e+00
2.132000000000000000e+03,5.000000000000000000e+01,-2.404218675863139154e+01,7.347077555271455651e+01,5.714112059168346969e-01,0.000000000000000000e+00,5.485000000000000142e+01,6.289000000000000057e+01,6.000000000000000000e+01,1.000000000000000000e+00
2.133000000000000000e+03,5.000000000000000711e+01,-2.394350614133849930e+01,7.330267004636048966e+01,6.408360949780192994e-01,0.000000000000000000e+00,5.485000000000000142e+01,6.285699999999999932e+01,6.000000000000000000e+01,1.000000000000000000e+00
2.134000000000000000e+03,5.000000000000000000e+01,-2.375212555022501704e+01,7.295624284755919575e+01,7.958827026658221726e-01,0.000000000000000000e+00,5.485000000000000142e+01,6.279299999999999926e+01,6.000000000000000000e+01,1.000000000000000000e+00
2.135000000000000000e+03,5.000000000000000000e+01,-2.365643525466828478e+01,7.280378769387277771e+01,8.526475607955019687e-01,0.000000000000000000e+00,5.485000000000000142e+01,6.276100000000000279e+01,6.000000000000000000e+01,1.000000000000000000e+00
2.136000000000000000e+03,5.000000000000000000e+01,-2.356074495911153122e+01,7.265381085316528242e+01,9.069341059462454613e-01,0.000000000000000000e+00,5.485000000000000142e+01,6.272899999999999920e+01,6.000000000000000000e+01,1.000000000000000000e+00
2.137000000000000000e+03,5.000000000000000000e+01,-2.356074495911153122e+01,7.269340694553444848e+01,8.673380135770851762e-01,0.000000000000000000e+00,5.485000000000000142e+01,6.272899999999999920e+01,6.000000000000000000e+01,1.000000000000000000e+00
2.138000000000000000e+03,5.000000000000000000e+01,-2.336637404626190673e+01,7.235101856982051061e+01,1.015355476441397009e+00,0.000000000000000000e+00,5.485000000000000142e+01,6.266400000000000148e+01,6.000000000000000000e+01,1.000000000000000000e+00
2.139000000000000000e+03,4.999999999999999289e+01,-2.298062254229877510e+01,7.164068688740889002e+01,1.339935654889880423e+00,0.000000000000000000e+00,5.485000000000000142e+01,6.253499999999999659e+01,6.000000000000000000e+01,1.000000000000000000e+00
2.140000000000000000e+03,4.999999999999999289e+01,-2.288493224674204640e+01,7.151198469527584223e+01,1.372947551466193739e+00,0.000000000000000000e+00,5.485000000000000142e+01,6.250300000000000011e+01,6.000000000000000000e+01,1.000000000000000000e+00
2.141000000000000000e+03,5.000000000000000000e+01,-2.278924195118529283e+01,7.138472377886229481e+01,1.404518172322994030e+00,0.000000000000000000e+00,5.485000000000000142e+01,6.247099999999999653e+01,6.000000000000000000e+01,1.000000000000000000e+00
2.142000000000000000e+03,5.000000000000000711e+01,-2.278924195118529283e+01,7.144604403456868624e+01,1.343197916616609033e+00,0.000000000000000000e+00,5.485000000000000142e+01,6.247099999999999653e+01,6.000000000000000000e+01,1.000000000000000000e+00
2.143000000000000000e+03,5.000000000000000000e+01,-2.278924195118529283e+01,7.150468709190626271e+01,1.284554859279026351e+00,0.000000000000000000e+00,5.485000000000000142e+01,6.247099999999999653e+01,6.000000000000000000e+01,1.000000000000000000e+00
2.144000000000000000e+03,5.000000000000000711e+01,-2.249918074277893609e+01,7.099331128287161619e+01,1.505869459907320351e+00,0.000000000000000000e+00,5.485000000000000142e+01,6.237400000000000233e+01,6.000000000000000000e+01,1.000000000000000000e+00
2.145000000000000000e+03,4.999999999999999289e+01,-2.230780015166545027e+01,7.068465082014913037e+01,1.623149331516310356e+00,0.000000000000000000e+00,5.485000000000000142e+01,6.231000000000000227e+01,6.000000000000000000e+01,1.000000000000000000e+00
2.146000000000000000e+03,5.000000000000000000e+01,-2.240349044722218252e+01,7.094271917686918982e+01,1.460771270352990481e+00,0.000000000000000000e+00,5.485000000000000142e+01,6.234199999999999875e+01,6.000000000000000000e+01,1.000000000000000000e+00
2.147000000000000000e+03,5.000000000000000711e+01,-2.278924195118529283e+01,7.176115677650341240e+01,1.028085174681881542e+00,0.000000000000000000e+00,5.485000000000000142e+01,6.247099999999999653e+01,6.000000000000000000e+01,1.000000000000000000e+00
2.148000000000000000e+03,5.000000000000000000e+01,-2.201773894325907222e+01,7.029671948955621019e+01,1.721019453702867352e+00,0.000000000000000000e+00,5.485000000000000142e+01,6.221300000000000097e+01,6.000000000000000000e+01,1.000000000000000000e+00
2.149000000000000000e+03,4.999999999999999289e+01,-2.163198743929596546e+01,6.961719659010034889e+01,2.014790849195614353e+00,0.000000000000000000e+00,5.485000000000000142e+01,6.208400000000000318e+01,6.000000000000000000e+01,1.000000000000000000e+00
2.150000000000000000e+03,5.000000000000000711e+01,-2.105485534421935157e+01,6.857609389607155492e+01,2.478761448147798863e+00,0.000000000000000000e+00,5.485000000000000142e+01,6.189099999999999824e+01,6.000000000000000000e+01,1.000000000000000000e+00
2.151000000000000000e+03,5.000000000000000711e+01,-2.076479413581297351e+01,6.811685628990153418e+01,2.647937845911449095e+00,0.000000000000000000e+00,5.485000000000000142e+01,6.179399999999999693e+01,6.000000000000000000e+01,1.000000000000000000e+00
2.152000000000000000e+03,4.999999999999999289e+01,-2.047473292740661677e+01,6.766500480387919936e+01,2.809728123527416965e+00,0.000000000000000000e+00,5.485000000000000142e+01,6.169700000000000273e+01,6.000000000000000000e+01,1.000000000000000000e+00
2.153000000000000000e+03,5.000000000000000000e+01,-2.028335233629313095e+01,6.741326987493314959e+01,2.870082461359985349e+00,0.000000000000000000e+00,5.485000000000000142e+01,6.163300000000000267e+01,6.000000000000000000e+01,1.000000000000000000e+00
2.154000000000000000e+03,5.000000000000000000e+01,-2.028335233629313095e+01,6.753857561600300130e+01,2.744776720290134531e+00,0.000000000000000000e+00,5.485000000000000142e+01,6.163300000000000267e+01,6.000000000000000000e+01,1.000000000000000000e+00
2.155000000000000000e+03,5.000000000000000000e+01,-2.008898142344348514e+01,6.727815486722138871e+01,2.810826556222094208e+00,0.000000000000000000e+00,5.485000000000000142e+01,6.156799999999999784e+01,6.000000000000000000e+01,1.000000000000000000e+00
2.156000000000000000e+03,4.999999999999999289e+01,-2.057042322296334902e+01,6.834273773347905490e+01,2.227685489484287462e+00,0.000000000000000000e+00,5.485000000000000142e+01,6.172899999999999920e+01,6.000000000000000000e+01,1.000000000000000000e+00
2.157000000000000000e+03,5.000000000000000000e+01,-2.066910384025624126e+01,6.863304979329126354e+01,2.036054046964980380e+00,0.000000000000000000e+00,5.485000000000000142e+01,6.176200000000000045e+01,6.000000000000000000e+01,1.000000000000000000e+00
2.158000000000000000e+03,4.999999999999999289e+01,-2.057042322296334902e+01,6.852888954254255793e+01,2.041533680420782648e+00,0.000000000000000000e+00,5.485000000000000142e+01,6.172899999999999920e+01,6.000000000000000000e+01,1.000000000000000000e+00
2.159000000000000000e+03,4.999999999999999289e+01,-2.066910384025624126e+01,6.881107434792906474e+01,1.858029492327169852e+00,0.000000000000000000e+00,5.485000000000000142e+01,6.176200000000000045e+01,6.000000000000000000e+01,1.000000000000000000e+00
2.160000000000000000e+03,5.000000000000001421e+01,-2.037904263184986320e+01,6.832473602992341455e+01,2.054306601926460640e+00,0.000000000000000000e+00,5.485000000000000142e+01,6.166499999999999915e+01,6.000000000000000000e+01,1.000000000000000000e+00
2.161000000000000000e+03,5.000000000000000000e+01,-2.018766204073638093e+01,6.804001993933523806e+01,2.147642101401147752e+00,0.000000000000000000e+00,5.485000000000000142e+01,6.160099999999999909e+01,6.000000000000000000e+01,1.000000000000000000e+00
2.162000000000000000e+03,5.000000000000000711e+01,-2.037904263184986320e+01,6.850819009554578543e+01,1.870852536304084657e+00,0.000000000000000000e+00,5.485000000000000142e+01,6.166499999999999915e+01,6.000000000000000000e+01,1.000000000000000000e+00
2.163000000000000000e+03,5.000000000000000711e+01,-2.066910384025624126e+01,6.915732872756692018e+01,1.511775112689327516e+00,0.000000000000000000e+00,5.485000000000000142e+01,6.176200000000000045e+01,6.000000000000000000e+01,1.000000000000000000e+00
2.164000000000000000e+03,5.000000000000000000e+01,-2.086048443136972708e+01,6.959773738726470071e+01,1.262747044105028138e+00,0.000000000000000000e+00,5.485000000000000142e+01,6.182600000000000051e+01,6.000000000000000000e+01,1.000000000000000000e+00
2.165000000000000000e+03,5.000000000000000711e+01,-2.086048443136972708e+01,6.965286801722938037e+01,1.207616414140352035e+00,0.000000000000000000e+00,5.485000000000000142e+01,6.182600000000000051e+01,6.000000000000000000e+01,1.000000000000000000e+00
2.166000000000000000e+03,5.000000000000000000e+01,-2.076479413581297351e+01,6.951838886198002854e+01,1.246405273832951854e+00,0.000000000000000000e+00,5.485000000000000142e+01,6.179399999999999693e+01,6.000000000000000000e+01,1.000000000000000000e+00
2.167000000000000000e+03,5.000000000000000711e+01,-2.095617472692645578e+01,6.994721166490778330e+01,1.008963062018680024e+00,0.000000000000000000e+00,5.485000000000000142e+01,6.185799999999999699e+01,6.000000000000000000e+01,1.000000000000000000e+00
2.168000000000000000e+03,5.000000000000000711e+01,-2.124623593533283383e+01,7.055872082085997476e+01,6.875151144728652852e-01,0.000000000000000000e+00,5.485000000000000142e+01,6.195499999999999829e+01,6.000000000000000000e+01,1.000000000000000000e+00
2.169000000000000000e+03,5.000000000000000711e+01,-2.105485534421935157e+01,7.021433159455911266e+01,8.405237496602390168e-01,0.000000000000000000e+00,5.485000000000000142e+01,6.189099999999999824e+01,6.000000000000000000e+01,1.000000000000000000e+00
2.170000000000000000e+03,5.000000000000000000e+01,-2.105485534421935157e+01,7.025102825842014909e+01,8.038270857992017016e-01,0.000000000000000000e+00,5.485000000000000142e+01,6.189099999999999824e+01,6.000000000000000000e+01,1.000000000000000000e+00
2.171000000000000000e+03,4.999999999999999289e+01,-2.086048443136972708e+01,6.990586704116650196e+01,9.546173902032198955e-01,0.000000000000000000e+00,5.485000000000000142e+01,6.182600000000000051e+01,6.000000000000000000e+01,1.000000000000000000e+00
2.172000000000000000e+03,4.999999999999999289e+01,-2.124623593533283383e+01,7.070220632554273266e+01,5.440296097900962913e-01,0.000000000000000000e+00,5.485000000000000142e+01,6.195499999999999829e+01,6.000000000000000000e+01,1.000000000000000000e+00
2.173000000000000000e+03,5.000000000000000000e+01,-2.086048443136972708e+01,6.997129689395453056e+01,8.891875374151965161e-01,0.000000000000000000e+00,5.485000000000000142e+01,6.182600000000000051e+01,6.000000000000000000e+01,1.000000000000000000e+00
2.174000000000000000e+03,5.000000000000000711e+01,-2.095617472692645578e+01,7.019732100533843777e+01,7.588537215880256648e-01,0.000000000000000000e+00,5.485000000000000142e+01,6.185799999999999699e+01,6.000000000000000000e+01,1.000000000000000000e+00
2.175000000000000000e+03,4.999999999999999289e+01,-2.086048443136972708e+01,7.004324919290527873e+01,8.172352384644427925e-01,0.000000000000000000e+00,5.485000000000000142e+01,6.182600000000000051e+01,6.000000000000000000e+01,1.000000000000000000e+00
2.176000000000000000e+03,4.999999999999999289e+01,-2.076479413581297351e+01,6.989172627561202944e+01,8.730678602009422917e-01,0.000000000000000000e+00,5.485000000000000142e+01,6.179399999999999693e+01,6.000000000000000000e+01,1.000000000000000000e+00
2.177000000000000000e+03,5.000000000000000000e+01,-2.076479413581297351e+01,6.992984379198991007e+01,8.349503438230647667e-01,0.000000000000000000e+00,5.485000000000000142e+01,6.179399999999999693e+01,6.000000000000000000e+01,1.000000000000000000e+00
2.178000000000000000e+03,4.999999999999999289e+01,-2.057042322296334902e+01,6.958604139385163023e+01,9.843818291117114594e-01,0.000000000000000000e+00,5.485000000000000142e+01,6.172899999999999920e+01,6.000000000000000000e+01,1.000000000000000000e+00
2.179000000000000000e+03,5.000000000000000000e+01,-2.076479413581297351e+01,7.000927452934712392e+01,7.555196064658566968e-01,0.000000000000000000e+00,5.485000000000000142e+01,6.179399999999999693e+01,6.000000000000000000e+01,1.000000000000000000e+00
2.180000000000000000e+03,5.000000000000000000e+01,-2.047473292740661677e+01,6.947480142074066123e+01,9.999315066659608675e-01,0.000000000000000000e+00,5.485000000000000142e+01,6.169700000000000273e+01,6.000000000000000000e+01,1.000000000000000000e+00
2.181000000000000000e+03,5.000000000000000000e+01,-2.018766204073638093e+01,6.895684924850985453e+01,1.230812792226531949e+00,0.000000000000000000e+00,5.485000000000000142e+01,6.160099999999999909e+01,6.000000000000000000e+01,1.000000000000000000e+00
2.182000000000000000e+03,5.000000000000000711e+01,-1.989760083233000287e+01,6.844312709938587602e+01,1.454473732944129516e+00,0.000000000000000000e+00,5.485000000000000142e+01,6.150399999999999778e+01,6.000000000000000000e+01,1.000000000000000000e+00
2.183000000000000000e+03,4.999999999999999289e+01,-1.960753962392362482e+01,6.793916982646399561e+01,1.668369797459627213e+00,0.000000000000000000e+00,5.485000000000000142e+01,6.140699999999999648e+01,6.000000000000000000e+01,1.000000000000000000e+00
2.184000000000000000e+03,5.000000000000000000e+01,-1.932046873725341030e+01,6.745040119042600679e+01,1.870067546827397065e+00,0.000000000000000000e+00,5.485000000000000142e+01,6.131099999999999994e+01,6.000000000000000000e+01,1.000000000000000000e+00
2.185000000000000000e+03,5.000000000000000711e+01,-1.893471723329029999e+01,6.677738562377869869e+01,2.157331609511606185e+00,0.000000000000000000e+00,5.485000000000000142e+01,6.118200000000000216e+01,6.000000000000000000e+01,1.000000000000000000e+00
2.186000000000000000e+03,4.999999999999998579e+01,-1.864465602488392193e+01,6.630411462146950896e+01,2.340541403414399202e+00,0.000000000000000000e+00,5.485000000000000142e+01,6.108500000000000085e+01,6.000000000000000000e+01,1.000000000000000000e+00
2.187000000000000000e+03,5.000000000000000711e+01,-1.825890452092081517e+01,6.565163960585073255e+01,2.607264915070087952e+00,0.000000000000000000e+00,5.485000000000000142e+01,6.095600000000000307e+01,6.000000000000000000e+01,1.000000000000000000e+00
2.188000000000000000e+03,5.000000000000000000e+01,-1.816321422536406160e+01,6.557826809994855921e+01,2.584946125415497509e+00,0.000000000000000000e+00,5.485000000000000142e+01,6.092399999999999949e+01,6.000000000000000000e+01,1.000000000000000000e+00
2.189000000000000000e+03,5.000000000000000000e+01,-1.796884331251443712e+01,6.531086926206815235e+01,2.657974050446281211e+00,0.000000000000000000e+00,5.485000000000000142e+01,6.085900000000000176e+01,6.000000000000000000e+01,1.000000000000000000e+00
2.190000000000000000e+03,5.000000000000000000e+01,-1.796884331251443712e+01,6.542691450209856896e+01,2.541928810415865936e+00,0.000000000000000000e+00,5.485000000000000142e+01,6.085900000000000176e+01,6.000000000000000000e+01,1.000000000000000000e+00
2.191000000000000000e+03,4.999999999999999289e+01,-1.768177242584419773e+01,6.497628482581532694e+01,2.705487600028869011e+00,0.000000000000000000e+00,5.485000000000000142e+01,6.076299999999999812e+01,6.000000000000000000e+01,1.000000000000000000e+00
2.192000000000000000e+03,4.999999999999998579e+01,-1.720033062632433740e+01,6.415254027783913671e+01,3.047790348485186485e+00,0.000000000000000000e+00,5.485000000000000142e+01,6.060199999999999676e+01,6.000000000000000000e+01,1.000000000000000000e+00
2.193000000000000000e+03,5.000000000000000000e+01,-1.700595971347471291e+01,6.390534888666191193e+01,3.100610826812796095e+00,0.000000000000000000e+00,5.485000000000000142e+01,6.053699999999999903e+01,6.000000000000000000e+01,1.000000000000000000e+00
2.194000000000000000e+03,5.000000000000000000e+01,-1.700595971347471291e+01,6.404071933077064216e+01,2.965240382704064981e+00,0.000000000000000000e+00,5.485000000000000142e+01,6.053699999999999903e+01,6.000000000000000000e+01,1.000000000000000000e+00
2.195000000000000000e+03,5.000000000000000000e+01,-1.681457912236122709e+01,6.379577395548513152e+01,3.018805166876094237e+00,0.000000000000000000e+00,5.485000000000000142e+01,6.047299999999999898e+01,6.000000000000000000e+01,1.000000000000000000e+00
2.196000000000000000e+03,5.000000000000000000e+01,-1.633313732284136677e+01,6.298570862768208656e+01,3.347428695159277545e+00,0.000000000000000000e+00,5.485000000000000142e+01,6.031199999999999761e+01,6.000000000000000000e+01,1.000000000000000000e+00
2.197000000000000000e+03,5.000000000000000000e+01,-1.652451791395485259e+01,6.350626060576729515e+01,3.018257308187557886e+00,0.000000000000000000e+00,5.485000000000000142e+01,6.037599999999999767e+01,6.000000000000000000e+01,1.000000000000000000e+00
2.198000000000000000e+03,4.999999999999999289e+01,-1.681457912236122709e+01,6.420549410690232151e+01,2.609085015458896262e+00,0.000000000000000000e+00,5.485000000000000142e+01,6.047299999999999898e+01,6.000000000000000000e+01,1.000000000000000000e+00
2.199000000000000000e+03,5.000000000000001421e+01,-1.691026941791798066e+01,6.450660770820579160e+01,2.403661709712201944e+00,0.000000000000000000e+00,5.485000000000000142e+01,6.050500000000000256e+01,6.000000000000000000e+01,1.000000000000000000e+00
2.200000000000000000e+03,4.999999999999999289e+01,-1.700595971347471291e+01,6.479875267536498029e+01,2.207207038109722852e+00,0.000000000000000000e+00,5.485000000000000142e+01,6.053699999999999903e+01,6.000000000000000000e+01,1.000000000000000000e+00
2.201000000000000000e+03,5.000000000000000000e+01,-1.700595971347471291e+01,6.489511775104782032e+01,2.110841962426888596e+00,0.000000000000000000e+00,5.485000000000000142e+01,6.053699999999999903e+01,6.000000000000000000e+01,1.000000000000000000e+00
2.202000000000000000e+03,4.999999999999999289e+01,-1.729602092188109097e+01,6.555473414922867903e+01,1.741286772652410608e+00,0.000000000000000000e+00,5.485000000000000142e+01,6.063400000000000034e+01,6.000000000000000000e+01,1.000000000000000000e+00
2.203000000000000000e+03,4.999999999999999289e+01,-1.700595971347471291e+01,6.506329892784120261e+01,1.942660785633502973e+00,0.000000000000000000e+00,5.485000000000000142e+01,6.053699999999999903e+01,6.000000000000000000e+01,1.000000000000000000e+00
2.204000000000000000e+03,5.000000000000000711e+01,-1.700595971347471291e+01,6.514811410394447933e+01,1.857845609530236031e+00,0.000000000000000000e+00,5.485000000000000142e+01,6.053699999999999903e+01,6.000000000000000000e+01,1.000000000000000000e+00
2.205000000000000000e+03,5.000000000000001421e+01,-1.691026941791798066e+01,6.504202348884707874e+01,1.868245929070915468e+00,0.000000000000000000e+00,5.485000000000000142e+01,6.050500000000000256e+01,6.000000000000000000e+01,1.000000000000000000e+00
2.206000000000000000e+03,5.000000000000000711e+01,-1.662020820951160260e+01,6.455613121313966474e+01,2.064076996371943640e+00,0.000000000000000000e+00,5.485000000000000142e+01,6.040800000000000125e+01,6.000000000000000000e+01,1.000000000000000000e+00
2.207000000000000000e+03,5.000000000000000000e+01,-1.652451791395485259e+01,6.445904451242724065e+01,2.065473401527612829e+00,0.000000000000000000e+00,5.485000000000000142e+01,6.037599999999999767e+01,6.000000000000000000e+01,1.000000000000000000e+00
2.208000000000000000e+03,5.000000000000000000e+01,-1.642882761839812034e+01,6.436201877776207425e+01,2.066808840636041644e+00,0.000000000000000000e+00,5.485000000000000142e+01,6.034400000000000119e+01,6.000000000000000000e+01,1.000000000000000000e+00
2.209000000000000000e+03,5.000000000000000000e+01,-1.604307611443501003e+01,6.369759279484680548e+01,2.345483319588202775e+00,0.000000000000000000e+00,5.485000000000000142e+01,6.021500000000000341e+01,6.000000000000000000e+01,1.000000000000000000e+00
2.210000000000000000e+03,4.999999999999999289e+01,-1.584870520158536422e+01,6.341973918267090227e+01,2.428966018914459291e+00,0.000000000000000000e+00,5.485000000000000142e+01,6.014999999999999858e+01,6.000000000000000000e+01,1.000000000000000000e+00
2.211000000000000000e+03,5.000000000000000000e+01,-1.594738581887825823e+01,6.371883900598563599e+01,2.228546812892626239e+00,0.000000000000000000e+00,5.485000000000000142e+01,6.018299999999999983e+01,6.000000000000000000e+01,1.000000000000000000e+00
2.212000000000000000e+03,5.000000000000000711e+01,-1.575301490602863375e+01,6.343588002982568241e+01,2.317134876202957106e+00,0.000000000000000000e+00,5.485000000000000142e+01,6.011800000000000210e+01,6.000000000000000000e+01,1.000000000000000000e+00
2.213000000000000000e+03,5.000000000000000000e+01,-1.584870520158536422e+01,6.372424729751412542e+01,2.124457904071233472e+00,0.000000000000000000e+00,5.485000000000000142e+01,6.014999999999999858e+01,6.000000000000000000e+01,1.000000000000000000e+00
2.214000000000000000e+03,5.000000000000000711e+01,-1.575301490602863375e+01,6.362979678391052119e+01,2.123218122118117002e+00,0.000000000000000000e+00,5.485000000000000142e+01,6.011800000000000210e+01,6.000000000000000000e+01,1.000000000000000000e+00
2.215000000000000000e+03,4.999999999999999289e+01,-1.565732461047188018e+01,6.353529214231628686e+01,2.122032468155589768e+00,0.000000000000000000e+00,5.485000000000000142e+01,6.008599999999999852e+01,6.000000000000000000e+01,1.000000000000000000e+00
2.216000000000000000e+03,5.000000000000000000e+01,-1.594738581887825823e+01,6.419539710994843063e+01,1.751988708929829386e+00,0.000000000000000000e+00,5.485000000000000142e+01,6.018299999999999983e+01,6.000000000000000000e+01,1.000000000000000000e+00
2.217000000000000000e+03,5.000000000000000000e+01,-1.613876640999174228e+01,6.464629332291244168e+01,1.492473087079305261e+00,0.000000000000000000e+00,5.485000000000000142e+01,6.024699999999999989e+01,6.000000000000000000e+01,1.000000000000000000e+00
2.218000000000000000e+03,4.999999999999999289e+01,-1.623445670554849585e+01,6.489865644855646565e+01,1.335800256992024426e+00,0.000000000000000000e+00,5.485000000000000142e+01,6.027900000000000347e+01,6.000000000000000000e+01,1.000000000000000000e+00
2.219000000000000000e+03,5.000000000000000711e+01,-1.604307611443501003e+01,6.458257088645397914e+01,1.460505227981037768e+00,0.000000000000000000e+00,5.485000000000000142e+01,6.021500000000000341e+01,6.000000000000000000e+01,1.000000000000000000e+00
2.220000000000000000e+03,4.999999999999999289e+01,-1.604307611443501003e+01,6.464633549684144498e+01,1.396740617593559053e+00,0.000000000000000000e+00,5.485000000000000142e+01,6.021500000000000341e+01,6.000000000000000000e+01,1.000000000000000000e+00
2.221000000000000000e+03,4.999999999999999289e+01,-1.604307611443501003e+01,6.470731619008849123e+01,1.335759924346512362e+00,0.000000000000000000e+00,5.485000000000000142e+01,6.021500000000000341e+01,6.000000000000000000e+01,1.000000000000000000e+00
2.222000000000000000e+03,5.000000000000000000e+01,-1.671589850506833486e+01,6.608190434844041761e+01,6.339941566279221341e-01,0.000000000000000000e+00,5.485000000000000142e+01,6.043999999999999773e+01,6.000000000000000000e+01,1.000000000000000000e+00
2.223000000000000000e+03,5.000000000000000000e+01,-1.691026941791798066e+01,6.648983980954733397e+01,4.204296083706486886e-01,0.000000000000000000e+00,5.485000000000000142e+01,6.050500000000000256e+01,6.000000000000000000e+01,1.000000000000000000e+00
2.224000000000000000e+03,5.000000000000000000e+01,-1.662020820951160260e+01,6.594073691204043541e+01,6.794712974711654141e-01,0.000000000000000000e+00,5.485000000000000142e+01,6.040800000000000125e+01,6.000000000000000000e+01,1.000000000000000000e+00
2.225000000000000000e+03,5.000000000000000711e+01,-1.662020820951160260e+01,6.597040214138893077e+01,6.498060681226771607e-01,0.000000000000000000e+00,5.485000000000000142e+01,6.040800000000000125e+01,6.000000000000000000e+01,1.000000000000000000e+00
2.226000000000000000e+03,5.000000000000000000e+01,-1.671589850506833486e+01,6.618597502957213408e+01,5.299234754962066640e-01,0.000000000000000000e+00,5.485000000000000142e+01,6.043999999999999773e+01,6.000000000000000000e+01,1.000000000000000000e+00
2.227000000000000000e+03,5.000000000000000000e+01,-1.700595971347471291e+01,6.677656966087245394e+01,2.293900526022551456e-01,0.000000000000000000e+00,5.485000000000000142e+01,6.053699999999999903e+01,6.000000000000000000e+01,1.000000000000000000e+00
2.228000000000000000e+03,5.000000000000000000e+01,-1.700595971347471291e+01,6.678658466598898258e+01,2.193750474857270871e-01,0.000000000000000000e+00,5.485000000000000142e+01,6.053699999999999903e+01,6.000000000000000000e+01,1.000000000000000000e+00
2.229000000000000000e+03,4.999999999999998579e+01,-1.710165000903146648e+01,6.698336524463181263e+01,1.182847643996416537e-01,0.000000000000000000e+00,5.485000000000000142e+01,6.056900000000000261e+01,6.000000000000000000e+01,1.000000000000000000e+00
2.230000000000000000e+03,4.999999999999999289e+01,-1.758309180855130549e+01,6.793039366807180102e+01,-3.473018595205040748e-01,0.000000000000000000e+00,5.485000000000000142e+01,6.072999999999999687e+01,6.000000000000000000e+01,1.000000000000000000e+00
2.231000000000000000e+03,5.000000000000000000e+01,-1.787315301695768355e+01,6.848268927062666478e+01,-6.095362536689780120e-01,0.000000000000000000e+00,5.485000000000000142e+01,6.082699999999999818e+01,6.000000000000000000e+01,1.000000000000000000e+00
2.232000000000000000e+03,5.000000000000000711e+01,-1.796884331251443712e+01,6.864328017657865644e+01,-6.744368640642142143e-01,0.000000000000000000e+00,5.485000000000000142e+01,6.085900000000000176e+01,6.000000000000000000e+01,1.000000000000000000e+00
2.233000000000000000e+03,5.000000000000000000e+01,-1.835459481647754387e+01,6.936849612100832019e+01,-1.013901304530774761e+00,0.000000000000000000e+00,5.485000000000000142e+01,6.098799999999999955e+01,6.000000000000000000e+01,1.000000000000000000e+00
2.234000000000000000e+03,5.000000000000000000e+01,-1.874034632044065418e+01,7.007889129152218288e+01,-1.338544971081533363e+00,0.000000000000000000e+00,5.485000000000000142e+01,6.111699999999999733e+01,6.000000000000000000e+01,1.000000000000000000e+00
2.235000000000000000e+03,5.000000000000000000e+01,-1.893471723329029999e+01,7.040070710954756805e+01,-1.465989876257266511e+00,0.000000000000000000e+00,5.485000000000000142e+01,6.118200000000000216e+01,6.000000000000000000e+01,1.000000000000000000e+00
2.236000000000000000e+03,5.000000000000000000e+01,-1.893471723329029999e+01,7.033670304335140600e+01,-1.401985810061108673e+00,0.000000000000000000e+00,5.485000000000000142e+01,6.118200000000000216e+01,6.000000000000000000e+01,1.000000000000000000e+00
2.237000000000000000e+03,5.000000000000000000e+01,-1.893471723329029999e+01,7.027549334876448484e+01,-1.340776115474187957e+00,0.000000000000000000e+00,5.485000000000000142e+01,6.118200000000000216e+01,6.000000000000000000e+01,1.000000000000000000e+00
2.238000000000000000e+03,5.000000000000001421e+01,-1.883603661599740775e+01,7.002390311589223870e+01,-1.187866499894818961e+00,0.000000000000000000e+00,5.485000000000000142e+01,6.114900000000000091e+01,6.000000000000000000e+01,1.000000000000000000e+00
2.239000000000000000e+03,5.000000000000000000e+01,-1.874034632044065418e+01,6.978483889529910300e+01,-1.044492574858448819e+00,0.000000000000000000e+00,5.485000000000000142e+01,6.111699999999999733e+01,6.000000000000000000e+01,1.000000000000000000e+00
2.240000000000000000e+03,4.999999999999999289e+01,-1.864465602488392193e+01,6.955203427740686095e+01,-9.073782525229435736e-01,0.000000000000000000e+00,5.485000000000000142e+01,6.108500000000000085e+01,6.000000000000000000e+01,1.000000000000000000e+00
2.241000000000000000e+03,5.000000000000000000e+01,-1.893471723329029999e+01,7.007987734648027356e+01,-1.145160113189977125e+00,0.000000000000000000e+00,5.485000000000000142e+01,6.118200000000000216e+01,6.000000000000000000e+01,1.000000000000000000e+00
2.242000000000000000e+03,5.000000000000000000e+01,-1.903040752884703224e+01,7.021708329901866819e+01,-1.186675770171635280e+00,0.000000000000000000e+00,5.485000000000000142e+01,6.121399999999999864e+01,6.000000000000000000e+01,1.000000000000000000e+00
2.243000000000000000e+03,4.999999999999999289e+01,-1.893471723329029999e+01,6.997807106483098494e+01,-1.043353831540688725e+00,0.000000000000000000e+00,5.485000000000000142e+01,6.118200000000000216e+01,6.000000000000000000e+01,1.000000000000000000e+00
2.244000000000000000e+03,5.000000000000000000e+01,-1.903040752884703224e+01,7.011972180658341358e+01,-1.089314277736377123e+00,0.000000000000000000e+00,5.485000000000000142e+01,6.121399999999999864e+01,6.000000000000000000e+01,1.000000000000000000e+00
2.245000000000000000e+03,5.000000000000000000e+01,-1.903040752884703224e+01,7.007216312676588643e+01,-1.041755597918847753e+00,0.000000000000000000e+00,5.485000000000000142e+01,6.121399999999999864e+01,6.000000000000000000e+01,1.000000000000000000e+00
2.246000000000000000e+03,5.000000000000000000e+01,-1.970322991948037838e+01,7.134295066320770218e+01,-1.639720743727324237e+00,0.000000000000000000e+00,5.485000000000000142e+01,6.143900000000000006e+01,6.000000000000000000e+01,1.000000000000000000e+00
2.247000000000000000e+03,4.999999999999999289e+01,-1.960753962392362482e+01,7.108415881051993779e+01,-1.476619186596313860e+00,0.000000000000000000e+00,5.485000000000000142e+01,6.140699999999999648e+01,6.000000000000000000e+01,1.000000000000000000e+00
2.248000000000000000e+03,5.000000000000000000e+01,-1.989760083233000287e+01,7.158714922882401765e+01,-1.689548396494017668e+00,0.000000000000000000e+00,5.485000000000000142e+01,6.150399999999999778e+01,6.000000000000000000e+01,1.000000000000000000e+00
2.249000000000000000e+03,5.000000000000000000e+01,-1.999329112788675644e+01,7.170058757949472295e+01,-1.707296451607966725e+00,0.000000000000000000e+00,5.485000000000000142e+01,6.153600000000000136e+01,6.000000000000000000e+01,1.000000000000000000e+00
2.250000000000000000e+03,4.999999999999999289e+01,-2.008898142344348514e+01,7.181325106281276760e+01,-1.724269639369287122e+00,0.000000000000000000e+00,5.485000000000000142e+01,6.156799999999999784e+01,6.000000000000000000e+01,1.000000000000000000e+00
2.251000000000000000e+03,5.000000000000000000e+01,-1.989760083233000287e+01,7.136356504453821969e+01,-1.465964212208223039e+00,0.000000000000000000e+00,5.485000000000000142e+01,6.150399999999999778e+01,6.000000000000000000e+01,1.000000000000000000e+00
2.252000000000000000e+03,5.000000000000000711e+01,-1.989760083233000287e+01,7.129956209881603968e+01,-1.401961266486033475e+00,0.000000000000000000e+00,5.485000000000000142e+01,6.150399999999999778e+01,6.000000000000000000e+01,1.000000000000000000e+00
2.253000000000000000e+03,4.999999999999999289e+01,-1.960753962392362482e+01,7.067089492322054411e+01,-1.063355299296919743e+00,0.000000000000000000e+00,5.485000000000000142e+01,6.140699999999999648e+01,6.000000000000000000e+01,1.000000000000000000e+00
2.254000000000000000e+03,5.000000000000000000e+01,-1.989760083233000287e+01,7.119192814634038768e+01,-1.294327314010384811e+00,0.000000000000000000e+00,5.485000000000000142e+01,6.150399999999999778e+01,6.000000000000000000e+01,1.000000000000000000e+00
2.255000000000000000e+03,5.000000000000000711e+01,-1.960753962392362482e+01,7.056796019188604419e+01,-9.604205679624113756e-01,0.000000000000000000e+00,5.485000000000000142e+01,6.140699999999999648e+01,6.000000000000000000e+01,1.000000000000000000e+00
2.256000000000000000e+03,5.000000000000000000e+01,-1.903040752884703224e+01,6.939696190200398007e+01,-3.665543731569448349e-01,0.000000000000000000e+00,5.485000000000000142e+01,6.121399999999999864e+01,6.000000000000000000e+01,1.000000000000000000e+00
2.257000000000000000e+03,5.000000000000000711e+01,-1.912609782440378581e+01,6.956816122252733692e+01,-4.420633981235446153e-01,0.000000000000000000e+00,5.485000000000000142e+01,6.124600000000000222e+01,6.000000000000000000e+01,1.000000000000000000e+00
2.258000000000000000e+03,5.000000000000000711e+01,-1.960753962392362482e+01,7.049072524722359390e+01,-8.831856232999601986e-01,0.000000000000000000e+00,5.485000000000000142e+01,6.140699999999999648e+01,6.000000000000000000e+01,1.000000000000000000e+00
2.259000000000000000e+03,5.000000000000000000e+01,-1.960753962392362482e+01,7.045216599656798451e+01,-8.446263726443536957e-01,0.000000000000000000e+00,5.485000000000000142e+01,6.140699999999999648e+01,6.000000000000000000e+01,1.000000000000000000e+00
2.260000000000000000e+03,5.000000000000000711e+01,-1.980191053677327062e+01,7.079554594623020591e+01,-9.936354094569269657e-01,0.000000000000000000e+00,5.485000000000000142e+01,6.147200000000000131e+01,6.000000000000000000e+01,1.000000000000000000e+00
2.261000000000000000e+03,5.000000000000000000e+01,-2.008898142344348514e+01,7.131377300154785814e+01,-1.224791578104374112e+00,0.000000000000000000e+00,5.485000000000000142e+01,6.156799999999999784e+01,6.000000000000000000e+01,1.000000000000000000e+00
2.262000000000000000e+03,4.999999999999999289e+01,-1.999329112788675644e+01,7.107309665853271952e+01,-1.079805530645967293e+00,0.000000000000000000e+00,5.485000000000000142e+01,6.153600000000000136e+01,6.000000000000000000e+01,1.000000000000000000e+00
2.263000000000000000e+03,4.999999999999999289e+01,-1.999329112788675644e+01,7.102595312379092718e+01,-1.032661995904180730e+00,0.000000000000000000e+00,5.485000000000000142e+01,6.153600000000000136e+01,6.000000000000000000e+01,1.000000000000000000e+00
2.264000000000000000e+03,5.000000000000000711e+01,-1.989760083233000287e+01,7.079366502048773668e+01,-8.960641881577333656e-01,0.000000000000000000e+00,5.485000000000000142e+01,6.150399999999999778e+01,6.000000000000000000e+01,1.000000000000000000e+00
2.265000000000000000e+03,5.000000000000000000e+01,-1.989760083233000287e+01,7.075454350093039579e+01,-8.569426686003982496e-01,0.000000000000000000e+00,5.485000000000000142e+01,6.150399999999999778e+01,6.000000000000000000e+01,1.000000000000000000e+00
2.266000000000000000e+03,5.000000000000000000e+01,-2.008898142344348514e+01,7.109153564177694307e+01,-1.002554218333459701e+00,0.000000000000000000e+00,5.485000000000000142e+01,6.156799999999999784e+01,6.000000000000000000e+01,1.000000000000000000e+00
2.267000000000000000e+03,5.000000000000000711e+01,-1.989760083233000287e+01,7.067335920097690405e+01,-7.757583686468985107e-01,0.000000000000000000e+00,5.485000000000000142e+01,6.150399999999999778e+01,6.000000000000000000e+01,1.000000000000000000e+00
2.268000000000000000e+03,4.999999999999999289e+01,-1.989760083233000287e+01,7.063949014718379260e+01,-7.418893148537970550e-01,0.000000000000000000e+00,5.485000000000000142e+01,6.150399999999999778e+01,6.000000000000000000e+01,1.000000000000000000e+00
2.269000000000000000e+03,5.000000000000000711e+01,-1.989760083233000287e+01,7.060709979197933706e+01,-7.094989596493307404e-01,0.000000000000000000e+00,5.485000000000000142e+01,6.150399999999999778e+01,6.000000000000000000e+01,1.000000000000000000e+00
2.270000000000000000e+03,4.999999999999999289e+01,-1.989760083233000287e+01,7.057612357644403289e+01,-6.785227441140389004e-01,0.000000000000000000e+00,5.485000000000000142e+01,6.150399999999999778e+01,6.000000000000000000e+01,1.000000000000000000e+00
2.271000000000000000e+03,5.000000000000000711e+01,-1.941615903281016031e+01,6.960463556476270242e+01,-1.884765319525420479e-01,0.000000000000000000e+00,5.485000000000000142e+01,6.134300000000000352e+01,6.000000000000000000e+01,1.000000000000000000e+00
2.272000000000000000e+03,5.000000000000000000e+01,-1.941615903281016031e+01,6.959640681460358280e+01,-1.802477817934272086e-01,0.000000000000000000e+00,5.485000000000000142e+01,6.134300000000000352e+01,6.000000000000000000e+01,1.000000000000000000e+00
2.273000000000000000e+03,5.000000000000000711e+01,-1.912609782440378581e+01,6.902107877320911200e+01,1.050190511946793581e-01,0.000000000000000000e+00,5.485000000000000142e+01,6.124600000000000222e+01,6.000000000000000000e+01,1.000000000000000000e+00
2.274000000000000000e+03,4.999999999999999289e+01,-1.922178811996051451e+01,6.921286665110062586e+01,8.921468859881473423e-03,0.000000000000000000e+00,5.485000000000000142e+01,6.127799999999999869e+01,6.000000000000000000e+01,1.000000000000000000e+00
2.275000000000000000e+03,4.999999999999999289e+01,-1.970322991948037838e+01,7.015512035152208625e+01,-4.518904320417141407e-01,0.000000000000000000e+00,5.485000000000000142e+01,6.143900000000000006e+01,6.000000000000000000e+01,1.000000000000000000e+00
2.276000000000000000e+03,5.000000000000000000e+01,-1.960753962392362482e+01,6.994818831801195813e+01,-3.406486940883272641e-01,0.000000000000000000e+00,5.485000000000000142e+01,6.140699999999999648e+01,6.000000000000000000e+01,1.000000000000000000e+00
2.277000000000000000e+03,4.999999999999999289e+01,-1.922178811996051451e+01,6.917865446640502114e+01,4.313365355548420821e-02,0.000000000000000000e+00,5.485000000000000142e+01,6.127799999999999869e+01,6.000000000000000000e+01,1.000000000000000000e+00
2.278000000000000000e+03,5.000000000000000711e+01,-1.960753962392362482e+01,6.993519902479989980e+01,-3.276594008762676591e-01,0.000000000000000000e+00,5.485000000000000142e+01,6.140699999999999648e+01,6.000000000000000000e+01,1.000000000000000000e+00
2.279000000000000000e+03,5.000000000000000000e+01,-1.960753962392362482e+01,6.992089365044286353e+01,-3.133540265192364949e-01,0.000000000000000000e+00,5.485000000000000142e+01,6.140699999999999648e+01,6.000000000000000000e+01,1.000000000000000000e+00
2.280000000000000000e+03,4.999999999999999289e+01,-1.922178811996051451e+01,6.915255146443894319e+01,6.923665552156665903e-02,0.000000000000000000e+00,5.485000000000000142e+01,6.127799999999999869e+01,6.000000000000000000e+01,1.000000000000000000e+00
2.281000000000000000e+03,5.000000000000000000e+01,-1.912609782440378581e+01,6.896837146567970933e+01,1.577263587240753662e-01,0.000000000000000000e+00,5.485000000000000142e+01,6.124600000000000222e+01,6.000000000000000000e+01,1.000000000000000000e+00
2.282000000000000000e+03,5.000000000000000711e+01,-1.912609782440378581e+01,6.897525768533795087e+01,1.508401390658414831e-01,0.000000000000000000e+00,5.485000000000000142e+01,6.124600000000000222e+01,6.000000000000000000e+01,1.000000000000000000e+00
2.283000000000000000e+03,4.999999999999999289e+01,-1.893471723329029999e+01,6.860743761465808177e+01,3.272796186322145529e-01,0.000000000000000000e+00,5.485000000000000142e+01,6.118200000000000216e+01,6.000000000000000000e+01,1.000000000000000000e+00
2.284000000000000000e+03,5.000000000000000711e+01,-1.893471723329029999e+01,6.862172640799482792e+01,3.129908252954770043e-01,0.000000000000000000e+00,5.485000000000000142e+01,6.118200000000000216e+01,6.000000000000000000e+01,1.000000000000000000e+00
2.285000000000000000e+03,4.999999999999999289e+01,-1.845327543377043966e+01,6.769352716737432729e+01,7.597482663961094840e-01,0.000000000000000000e+00,5.485000000000000142e+01,6.102100000000000080e+01,6.000000000000000000e+01,1.000000000000000000e+00
2.286000000000000000e+03,4.999999999999998579e+01,-1.864465602488392193e+01,6.810110287451834665e+01,5.435531503655643970e-01,0.000000000000000000e+00,5.485000000000000142e+01,6.108500000000000085e+01,6.000000000000000000e+01,1.000000000000000000e+00
2.287000000000000000e+03,4.999999999999998579e+01,-1.806752392980732935e+01,6.699576699812504899e+01,1.071756931682267933e+00,0.000000000000000000e+00,5.485000000000000142e+01,6.089200000000000301e+01,6.000000000000000000e+01,1.000000000000000000e+00
2.288000000000000000e+03,4.999999999999999289e+01,-1.796884331251443712e+01,6.684950622717570923e+01,1.119337085338721005e+00,0.000000000000000000e+00,5.485000000000000142e+01,6.085900000000000176e+01,6.000000000000000000e+01,1.000000000000000000e+00
2.289000000000000000e+03,5.000000000000000000e+01,-1.796884331251443712e+01,6.689837568123274991e+01,1.070467631281685428e+00,0.000000000000000000e+00,5.485000000000000142e+01,6.085900000000000176e+01,6.000000000000000000e+01,1.000000000000000000e+00
2.290000000000000000e+03,5.000000000000000000e+01,-1.796884331251443712e+01,6.694511152998794046e+01,1.023731782526496881e+00,0.000000000000000000e+00,5.485000000000000142e+01,6.085900000000000176e+01,6.000000000000000000e+01,1.000000000000000000e+00
2.291000000000000000e+03,4.999999999999999289e+01,-1.796884331251443712e+01,6.698980692511796065e+01,9.790363873964708086e-01,0.000000000000000000e+00,5.485000000000000142e+01,6.085900000000000176e+01,6.000000000000000000e+01,1.000000000000000000e+00
2.292000000000000000e+03,4.999999999999999289e+01,-1.777746272140095130e+01,6.665814530843567809e+01,1.119317412965266101e+00,0.000000000000000000e+00,5.485000000000000142e+01,6.079500000000000171e+01,6.000000000000000000e+01,1.000000000000000000e+00
2.293000000000000000e+03,4.999999999999999289e+01,-1.796884331251443712e+01,6.708141954653946470e+01,8.874237659749685259e-01,0.000000000000000000e+00,5.485000000000000142e+01,6.085900000000000176e+01,6.000000000000000000e+01,1.000000000000000000e+00
2.294000000000000000e+03,4.999999999999999289e+01,-1.796884331251443712e+01,6.712016383146352894e+01,8.486794810509040721e-01,0.000000000000000000e+00,5.485000000000000142e+01,6.085900000000000176e+01,6.000000000000000000e+01,1.000000000000000000e+00
2.295000000000000000e+03,5.000000000000000711e+01,-1.777746272140095130e+01,6.678281092577715583e+01,9.946517956238014602e-01,0.000000000000000000e+00,5.485000000000000142e+01,6.079500000000000171e+01,6.000000000000000000e+01,1.000000000000000000e+00
2.296000000000000000e+03,4.999999999999999289e+01,-1.787315301695768355e+01,6.701343953100717954e+01,8.597134859505027871e-01,0.000000000000000000e+00,5.485000000000000142e+01,6.082699999999999818e+01,6.000000000000000000e+01,1.000000000000000000e+00
2.297000000000000000e+03,4.999999999999999289e+01,-1.768177242584419773e+01,6.667656836205816262e+01,1.005204063786032220e+00,0.000000000000000000e+00,5.485000000000000142e+01,6.076299999999999812e+01,6.000000000000000000e+01,1.000000000000000000e+00
2.298000000000000000e+03,5.000000000000000711e+01,-1.768177242584419773e+01,6.672045485028104395e+01,9.613175755631644392e-01,0.000000000000000000e+00,5.485000000000000142e+01,6.076299999999999812e+01,6.000000000000000000e+01,1.000000000000000000e+00
2.299000000000000000e+03,5.000000000000000711e+01,-1.777746272140095130e+01,6.694962810737951031e+01,8.278346140214473126e-01,0.000000000000000000e+00,5.485000000000000142e+01,6.079500000000000171e+01,6.000000000000000000e+01,1.000000000000000000e+00
2.300000000000000000e+03,5.000000000000000000e+01,-1.796884331251443712e+01,6.736017641561106473e+01,6.086668969033746102e-01,0.000000000000000000e+00,5.485000000000000142e+01,6.085900000000000176e+01,6.000000000000000000e+01,1.000000000000000000e+00
2.301000000000000000e+03,5.000000000000000000e+01,-1.787315301695768355e+01,6.719954755416642911e+01,6.736054627912611004e-01,0.000000000000000000e+00,5.485000000000000142e+01,6.082699999999999818e+01,6.000000000000000000e+01,1.000000000000000000e+00
2.302000000000000000e+03,4.999999999999999289e+01,-1.787315301695768355e+01,6.722895668538133407e+01,6.441963315763471476e-01,0.000000000000000000e+00,5.485000000000000142e+01,6.082699999999999818e+01,6.000000000000000000e+01,1.000000000000000000e+00
2.303000000000000000e+03,5.000000000000000711e+01,-1.787315301695768355e+01,6.725708183502753457e+01,6.160711819301576408e-01,0.000000000000000000e+00,5.485000000000000142e+01,6.082699999999999818e+01,6.000000000000000000e+01,1.000000000000000000e+00
2.304000000000000000e+03,5.000000000000000000e+01,-1.796884331251443712e+01,6.747118188228331803e+01,4.976614302311215265e-01,0.000000000000000000e+00,5.485000000000000142e+01,6.085900000000000176e+01,6.000000000000000000e+01,1.000000000000000000e+00
2.305000000000000000e+03,5.000000000000000000e+01,-1.796884331251443712e+01,6.749290942327091614e+01,4.759338892435209800e-01,0.000000000000000000e+00,5.485000000000000142e+01,6.085900000000000176e+01,6.000000000000000000e+01,1.000000000000000000e+00
2.306000000000000000e+03,5.000000000000000000e+01,-1.796884331251443712e+01,6.751368835540782243e+01,4.551549571066175748e-01,0.000000000000000000e+00,5.485000000000000142e+01,6.085900000000000176e+01,6.000000000000000000e+01,1.000000000000000000e+00
2.307000000000000000e+03,5.000000000000000711e+01,-1.796884331251443712e+01,6.753356009427585604e+01,4.352832182385866777e-01,0.000000000000000000e+00,5.485000000000000142e+01,6.085900000000000176e+01,6.000000000000000000e+01,1.000000000000000000e+00
2.308000000000000000e+03,5.000000000000000711e+01,-1.825890452092081517e+01,6.812002279984569952e+01,1.388817210751202569e-01,0.000000000000000000e+00,5.485000000000000142e+01,6.095600000000000307e+01,6.000000000000000000e+01,1.000000000000000000e+00
2.309000000000000000e+03,5.000000000000001421e+01,-1.825890452092081517e+01,6.812608627614461909e+01,1.328182447762099871e-01,0.000000000000000000e+00,5.485000000000000142e+01,6.095600000000000307e+01,6.000000000000000000e+01,1.000000000000000000e+00
2.310000000000000000e+03,5.000000000000001421e+01,-1.883603661599740775e+01,6.926095204237478242e+01,-4.249154263773620710e-01,0.000000000000000000e+00,5.485000000000000142e+01,6.114900000000000091e+01,6.000000000000000000e+01,1.000000000000000000e+00
2.311000000000000000e+03,5.000000000000000000e+01,-1.893471723329029999e+01,6.943545344935746755e+01,-5.007362160671652296e-01,0.000000000000000000e+00,5.485000000000000142e+01,6.118200000000000216e+01,6.000000000000000000e+01,1.000000000000000000e+00
2.312000000000000000e+03,5.000000000000000000e+01,-1.903040752884703224e+01,6.960079448689053550e+01,-5.703869580435004805e-01,0.000000000000000000e+00,5.485000000000000142e+01,6.121399999999999864e+01,6.000000000000000000e+01,1.000000000000000000e+00
2.313000000000000000e+03,5.000000000000000711e+01,-1.893471723329029999e+01,6.938868898007270047e+01,-4.539717467823946029e-01,0.000000000000000000e+00,5.485000000000000142e+01,6.118200000000000216e+01,6.000000000000000000e+01,1.000000000000000000e+00
2.314000000000000000e+03,5.000000000000000000e+01,-1.912609782440378581e+01,6.974327454224696510e+01,-6.171767178431760703e-01,0.000000000000000000e+00,5.485000000000000142e+01,6.124600000000000222e+01,6.000000000000000000e+01,1.000000000000000000e+00
2.315000000000000000e+03,5.000000000000000000e+01,-1.893471723329029999e+01,6.934192340662218612e+01,-4.072061733318883547e-01,0.000000000000000000e+00,5.485000000000000142e+01,6.118200000000000216e+01,6.000000000000000000e+01,1.000000000000000000e+00
2.316000000000000000e+03,4.999999999999999289e+01,-1.893471723329029999e+01,6.932414507725202668e+01,-3.894278439617307463e-01,0.000000000000000000e+00,5.485000000000000142e+01,6.118200000000000216e+01,6.000000000000000000e+01,1.000000000000000000e+00
2.317000000000000000e+03,5.000000000000000711e+01,-1.893471723329029999e+01,6.930714293698679285e+01,-3.724257036964868095e-01,0.000000000000000000e+00,5.485000000000000142e+01,6.118200000000000216e+01,6.000000000000000000e+01,1.000000000000000000e+00
2.318000000000000000e+03,5.000000000000000000e+01,-1.893471723329029999e+01,6.929088309796702561e+01,-3.561658646767271175e-01,0.000000000000000000e+00,5.485000000000000142e+01,6.118200000000000216e+01,6.000000000000000000e+01,1.000000000000000000e+00
2.319000000000000000e+03,5.000000000000000000e+01,-1.883603661599740775e+01,6.908228024221796204e+01,-2.462436262205526250e-01,0.000000000000000000e+00,5.485000000000000142e+01,6.114900000000000091e+01,6.000000000000000000e+01,1.000000000000000000e+00
2.320000000000000000e+03,5.000000000000000000e+01,-1.893471723329029999e+01,6.926458233180414936e+01,-3.298650985138529279e-01,0.000000000000000000e+00,5.485000000000000142e+01,6.118200000000000216e+01,6.000000000000000000e+01,1.000000000000000000e+00
2.321000000000000000e+03,4.999999999999999289e+01,-1.893471723329029999e+01,6.925018065827077862e+01,-3.154634249804828539e-01,0.000000000000000000e+00,5.485000000000000142e+01,6.118200000000000216e+01,6.000000000000000000e+01,1.000000000000000000e+00
2.322000000000000000e+03,5.000000000000000000e+01,-1.922178811996051451e+01,6.979801621586379667e+01,-5.762280959032846095e-01,0.000000000000000000e+00,5.485000000000000142e+01,6.127799999999999869e+01,6.000000000000000000e+01,1.000000000000000000e+00
2.323000000000000000e+03,5.000000000000000000e+01,-1.903040752884703224e+01,6.939845286769359234e+01,-3.680453388465552145e-01,0.000000000000000000e+00,5.485000000000000142e+01,6.121399999999999864e+01,6.000000000000000000e+01,1.000000000000000000e+00
2.324000000000000000e+03,5.000000000000000711e+01,-1.893471723329029999e+01,6.919518145079619842e+01,-2.604642175058945464e-01,0.000000000000000000e+00,5.485000000000000142e+01,6.118200000000000216e+01,6.000000000000000000e+01,1.000000000000000000e+00
2.325000000000000000e+03,4.999999999999999289e+01,-1.903040752884703224e+01,6.937101259139890885e+01,-3.406050625518773911e-01,0.000000000000000000e+00,5.485000000000000142e+01,6.121399999999999864e+01,6.000000000000000000e+01,1.000000000000000000e+00
2.326000000000000000e+03,5.000000000000000000e+01,-1.883603661599740775e+01,6.897588628764202667e+01,-1.398496716446157306e-01,0.000000000000000000e+00,5.485000000000000142e+01,6.114900000000000091e+01,6.000000000000000000e+01,1.000000000000000000e+00
2.327000000000000000e+03,5.000000000000000711e+01,-1.854896572932716836e+01,6.840817208692301676e+01,1.407936424041540402e-01,0.000000000000000000e+00,5.485000000000000142e+01,6.105299999999999727e+01,6.000000000000000000e+01,1.000000000000000000e+00
2.328000000000000000e+03,4.999999999999999289e+01,-1.854896572932716836e+01,6.841431903633539946e+01,1.346466929917610744e-01,0.000000000000000000e+00,5.485000000000000142e+01,6.105299999999999727e+01,6.000000000000000000e+01,1.000000000000000000e+00
2.329000000000000000e+03,5.000000000000000000e+01,-1.854896572932716836e+01,6.842019761434669078e+01,1.287681149804719705e-01,0.000000000000000000e+00,5.485000000000000142e+01,6.105299999999999727e+01,6.000000000000000000e+01,1.000000000000000000e+00
2.330000000000000000e+03,5.000000000000000711e+01,-1.854896572932716836e+01,6.842581953785970938e+01,1.231461914674624875e-01,0.000000000000000000e+00,5.485000000000000142e+01,6.105299999999999727e+01,6.000000000000000000e+01,1.000000000000000000e+00
2.331000000000000000e+03,5.000000000000000000e+01,-1.893471723329029999e+01,6.918585738625338877e+01,-2.511401529630887253e-01,0.000000000000000000e+00,5.485000000000000142e+01,6.118200000000000216e+01,6.000000000000000000e+01,1.000000000000000000e+00
2.332000000000000000e+03,4.999999999999999289e+01,-1.903040752884703224e+01,6.936209560882431902e+01,-3.316880799772899402e-01,0.000000000000000000e+00,5.485000000000000142e+01,6.121399999999999864e+01,6.000000000000000000e+01,1.000000000000000000e+00
2.333000000000000000e+03,5.000000000000000000e+01,-1.893471723329029999e+01,6.916041152376398315e+01,-2.256942904736814470e-01,0.000000000000000000e+00,5.485000000000000142e+01,6.118200000000000216e+01,6.000000000000000000e+01,1.000000000000000000e+00
2.334000000000000000e+03,5.000000000000000000e+01,-1.903040752884703224e+01,6.933776069443460699e+01,-3.073531655875709756e-01,0.000000000000000000e+00,5.485000000000000142e+01,6.121399999999999864e+01,6.000000000000000000e+01,1.000000000000000000e+00
2.335000000000000000e+03,5.000000000000000000e+01,-1.893471723329029999e+01,6.913713905427698592e+01,-2.024218209866884277e-01,0.000000000000000000e+00,5.485000000000000142e+01,6.118200000000000216e+01,6.000000000000000000e+01,1.000000000000000000e+00
2.336000000000000000e+03,5.000000000000000000e+01,-1.893471723329029999e+01,6.912830146280394672e+01,-1.935842295136452895e-01,0.000000000000000000e+00,5.485000000000000142e+01,6.118200000000000216e+01,6.000000000000000000e+01,1.000000000000000000e+00
2.337000000000000000e+03,5.000000000000000000e+01,-1.893471723329029999e+01,6.911984971423392210e+01,-1.851324809436236396e-01,0.000000000000000000e+00,5.485000000000000142e+01,6.118200000000000216e+01,6.000000000000000000e+01,1.000000000000000000e+00
2.338000000000000000e+03,5.000000000000000711e+01,-1.883603661599740775e+01,6.891871405330762457e+01,-8.267743731020886500e-02,0.000000000000000000e+00,5.485000000000000142e+01,6.114900000000000091e+01,6.000000000000000000e+01,1.000000000000000000e+00
2.339000000000000000e+03,5.000000000000000711e+01,-1.893471723329029999e+01,6.910815732534808831e+01,-1.734400920577826299e-01,0.000000000000000000e+00,5.485000000000000142e+01,6.118200000000000216e+01,6.000000000000000000e+01,1.000000000000000000e+00
2.340000000000000000e+03,5.000000000000000711e+01,-1.893471723329029999e+01,6.910058505536660789e+01,-1.658678220763043221e-01,0.000000000000000000e+00,5.485000000000000142e+01,6.118200000000000216e+01,6.000000000000000000e+01,1.000000000000000000e+00
2.341000000000000000e+03,5.000000000000000711e+01,-1.893471723329029999e+01,6.909334338525965791e+01,-1.586261519693538402e-01,0.000000000000000000e+00,5.485000000000000142e+01,6.118200000000000216e+01,6.000000000000000000e+01,1.000000000000000000e+00
2.342000000000000000e+03,5.000000000000000711e+01,-1.883603661599740775e+01,6.889336497163891693e+01,-5.732835564150544350e-02,0.000000000000000000e+00,5.485000000000000142e+01,6.114900000000000091e+01,6.000000000000000000e+01,1.000000000000000000e+00
2.343000000000000000e+03,4.999999999999999289e+01,-1.835459481647754387e+01,6.794899786127096775e+01,4.055969552065700756e-01,0.000000000000000000e+00,5.485000000000000142e+01,6.098799999999999955e+01,6.000000000000000000e+01,1.000000000000000000e+00
2.344000000000000000e+03,5.000000000000001421e+01,-1.825890452092081517e+01,6.777950311186815213e+01,4.794014090526770855e-01,0.000000000000000000e+00,5.485000000000000142e+01,6.095600000000000307e+01,6.000000000000000000e+01,1.000000000000000000e+00
2.345000000000000000e+03,4.999999999999999289e+01,-1.806752392980732935e+01,6.742602779050361050e+01,6.414961393037140747e-01,0.000000000000000000e+00,5.485000000000000142e+01,6.089200000000000301e+01,6.000000000000000000e+01,1.000000000000000000e+00
2.346000000000000000e+03,4.999999999999999289e+01,-1.796884331251443712e+01,6.726098214205748604e+01,7.078611704569441887e-01,0.000000000000000000e+00,5.485000000000000142e+01,6.085900000000000176e+01,6.000000000000000000e+01,1.000000000000000000e+00
2.347000000000000000e+03,5.000000000000000000e+01,-1.796884331251443712e+01,6.729188685289170735e+01,6.769564596227302111e-01,0.000000000000000000e+00,5.485000000000000142e+01,6.085900000000000176e+01,6.000000000000000000e+01,1.000000000000000000e+00
2.348000000000000000e+03,5.000000000000000000e+01,-1.787315301695768355e+01,6.713423946475980131e+01,7.389135521978847931e-01,0.000000000000000000e+00,5.485000000000000142e+01,6.082699999999999818e+01,6.000000000000000000e+01,1.000000000000000000e+00
2.349000000000000000e+03,4.999999999999999289e+01,-1.758309180855130549e+01,6.659904134773826456e+01,9.840504608130316022e-01,0.000000000000000000e+00,5.485000000000000142e+01,6.072999999999999687e+01,6.000000000000000000e+01,1.000000000000000000e+00
2.350000000000000000e+03,5.000000000000000000e+01,-1.720033062632433740e+01,6.589319299897546500e+01,1.307137627348871289e+00,0.000000000000000000e+00,5.485000000000000142e+01,6.060199999999999676e+01,6.000000000000000000e+01,1.000000000000000000e+00
2.351000000000000000e+03,5.000000000000000000e+01,-1.710165000903146648e+01,6.575720878032078076e+01,1.344441228710682834e+00,0.000000000000000000e+00,5.485000000000000142e+01,6.056900000000000261e+01,6.000000000000000000e+01,1.000000000000000000e+00
2.352000000000000000e+03,4.999999999999999289e+01,-1.700595971347471291e+01,6.562870329830809624e+01,1.377256415166606240e+00,0.000000000000000000e+00,5.485000000000000142e+01,6.053699999999999903e+01,6.000000000000000000e+01,1.000000000000000000e+00
2.353000000000000000e+03,4.999999999999999289e+01,-1.700595971347471291e+01,6.568883332525648200e+01,1.317126388218222921e+00,0.000000000000000000e+00,5.485000000000000142e+01,6.053699999999999903e+01,6.000000000000000000e+01,1.000000000000000000e+00
2.354000000000000000e+03,4.999999999999998579e+01,-1.710165000903146648e+01,6.593354093983393227e+01,1.168109069197522665e+00,0.000000000000000000e+00,5.485000000000000142e+01,6.056900000000000261e+01,6.000000000000000000e+01,1.000000000000000000e+00
2.355000000000000000e+03,5.000000000000000711e+01,-1.700595971347471291e+01,6.579733692224965580e+01,1.208622791225059556e+00,0.000000000000000000e+00,5.485000000000000142e+01,6.053699999999999903e+01,6.000000000000000000e+01,1.000000000000000000e+00
2.356000000000000000e+03,4.999999999999998579e+01,-1.710165000903146648e+01,6.603730734763026078e+01,1.064342661401191714e+00,0.000000000000000000e+00,5.485000000000000142e+01,6.056900000000000261e+01,6.000000000000000000e+01,1.000000000000000000e+00
2.357000000000000000e+03,4.999999999999999289e+01,-1.710165000903146648e+01,6.608377578459494828e+01,1.017874224436513986e+00,0.000000000000000000e+00,5.485000000000000142e+01,6.056900000000000261e+01,6.000000000000000000e+01,1.000000000000000000e+00
2.358000000000000000e+03,4.999999999999999289e+01,-1.720033062632433740e+01,6.632126835257632536e+01,8.790622737480060511e-01,0.000000000000000000e+00,5.485000000000000142e+01,6.060199999999999676e+01,6.000000000000000000e+01,1.000000000000000000e+00
2.359000000000000000e+03,5.000000000000000000e+01,-1.729602092188109097e+01,6.654685040221312420e+01,7.491705196679688816e-01,0.000000000000000000e+00,5.485000000000000142e+01,6.063400000000000034e+01,6.000000000000000000e+01,1.000000000000000000e+00
2.360000000000000000e+03,5.000000000000000711e+01,-1.748740151299457324e+01,6.695396429252420489e+01,5.334372204703766718e-01,0.000000000000000000e+00,5.485000000000000142e+01,6.069800000000000040e+01,6.000000000000000000e+01,1.000000000000000000e+00
2.361000000000000000e+03,4.999999999999999289e+01,-1.758309180855130549e+01,6.716445660030984754e+01,4.186352082414487308e-01,0.000000000000000000e+00,5.485000000000000142e+01,6.072999999999999687e+01,6.000000000000000000e+01,1.000000000000000000e+00
2.362000000000000000e+03,5.000000000000000711e+01,-1.729602092188109097e+01,6.662112544875154185e+01,6.748954731295586651e-01,0.000000000000000000e+00,5.485000000000000142e+01,6.063400000000000034e+01,6.000000000000000000e+01,1.000000000000000000e+00
2.363000000000000000e+03,5.000000000000000000e+01,-1.768177242584419773e+01,6.740525227491993121e+01,2.765201509242685707e-01,0.000000000000000000e+00,5.485000000000000142e+01,6.076299999999999812e+01,6.000000000000000000e+01,1.000000000000000000e+00
2.364000000000000000e+03,5.000000000000001421e+01,-1.739171121743782322e+01,6.684986639375141237e+01,5.418448236864235046e-01,0.000000000000000000e+00,5.485000000000000142e+01,6.066599999999999682e+01,6.000000000000000000e+01,1.000000000000000000e+00
2.365000000000000000e+03,5.000000000000000000e+01,-1.729602092188109097e+01,6.668632012853286994e+01,6.097007933482239128e-01,0.000000000000000000e+00,5.485000000000000142e+01,6.063400000000000034e+01,6.000000000000000000e+01,1.000000000000000000e+00
2.366000000000000000e+03,5.000000000000000711e+01,-1.729602092188109097e+01,6.671293922772947838e+01,5.830816941516198115e-01,0.000000000000000000e+00,5.485000000000000142e+01,6.063400000000000034e+01,6.000000000000000000e+01,1.000000000000000000e+00
2.367000000000000000e+03,5.000000000000000000e+01,-1.720033062632433740e+01,6.655119333468925902e+01,6.491372916350766076e-01,0.000000000000000000e+00,5.485000000000000142e+01,6.060199999999999676e+01,6.000000000000000000e+01,1.000000000000000000e+00
2.368000000000000000e+03,5.000000000000000711e+01,-1.700595971347471291e+01,6.619927847200743543e+01,8.066812414672799303e-01,0.000000000000000000e+00,5.485000000000000142e+01,6.053699999999999903e+01,6.000000000000000000e+01,1.000000000000000000e+00
2.369000000000000000e+03,5.000000000000000000e+01,-1.681457912236122709e+01,6.586009195331322985e+01,9.544871690479936888e-01,0.000000000000000000e+00,5.485000000000000142e+01,6.047299999999999898e+01,6.000000000000000000e+01,1.000000000000000000e+00
2.370000000000000000e+03,5.000000000000000000e+01,-1.681457912236122709e+01,6.590176417829960087e+01,9.128149440616254440e-01,0.000000000000000000e+00,5.485000000000000142e+01,6.047299999999999898e+01,6.000000000000000000e+01,1.000000000000000000e+00
2.371000000000000000e+03,4.999999999999999289e+01,-1.613876640999174228e+01,6.461949709725045921e+01,1.519269312741281519e+00,0.000000000000000000e+00,5.485000000000000142e+01,6.024699999999999989e+01,6.000000000000000000e+01,1.000000000000000000e+00
2.372000000000000000e+03,5.000000000000000000e+01,-1.613876640999174228e+01,6.468582730541720593e+01,1.452939104574537232e+00,0.000000000000000000e+00,5.485000000000000142e+01,6.024699999999999989e+01,6.000000000000000000e+01,1.000000000000000000e+00
2.373000000000000000e+03,4.999999999999999289e+01,-1.633313732284136677e+01,6.512951731538440470e+01,1.203620007456957852e+00,0.000000000000000000e+00,5.485000000000000142e+01,6.031199999999999761e+01,6.000000000000000000e+01,1.000000000000000000e+00
2.374000000000000000e+03,4.999999999999999289e+01,-1.642882761839812034e+01,6.536926932281504321e+01,1.059558295583066689e+00,0.000000000000000000e+00,5.485000000000000142e+01,6.034400000000000119e+01,6.000000000000000000e+01,1.000000000000000000e+00
2.375000000000000000e+03,5.000000000000000711e+01,-1.604307611443501003e+01,6.466086750377309045e+01,1.382208610661925130e+00,0.000000000000000000e+00,5.485000000000000142e+01,6.021500000000000341e+01,6.000000000000000000e+01,1.000000000000000000e+00
2.376000000000000000e+03,5.000000000000000000e+01,-1.642882761839812034e+01,6.547587511405140503e+01,9.529525043467117484e-01,0.000000000000000000e+00,5.485000000000000142e+01,6.034400000000000119e+01,6.000000000000000000e+01,1.000000000000000000e+00
2.377000000000000000e+03,5.000000000000000000e+01,-1.623445670554849585e+01,6.513722460557879401e+01,1.097232099969703167e+00,0.000000000000000000e+00,5.485000000000000142e+01,6.027900000000000347e+01,6.000000000000000000e+01,1.000000000000000000e+00
2.378000000000000000e+03,5.000000000000000000e+01,-1.652451791395485259e+01,6.575258752439765431e+01,7.719303895572018348e-01,0.000000000000000000e+00,5.485000000000000142e+01,6.037599999999999767e+01,6.000000000000000000e+01,1.000000000000000000e+00
2.379000000000000000e+03,5.000000000000000000e+01,-1.623445670554849585e+01,6.521883089880674333e+01,1.015625806741754067e+00,0.000000000000000000e+00,5.485000000000000142e+01,6.027900000000000347e+01,6.000000000000000000e+01,1.000000000000000000e+00
2.380000000000000000e+03,4.999999999999999289e+01,-1.652451791395485259e+01,6.583063094541319060e+01,6.938869685416582112e-01,0.000000000000000000e+00,5.485000000000000142e+01,6.037599999999999767e+01,6.000000000000000000e+01,1.000000000000000000e+00
2.381000000000000000e+03,5.000000000000000000e+01,-1.604307611443501003e+01,6.491906135712596893e+01,1.124014757309042878e+00,0.000000000000000000e+00,5.485000000000000142e+01,6.021500000000000341e+01,6.000000000000000000e+01,1.000000000000000000e+00
2.382000000000000000e+03,5.000000000000000711e+01,-1.604307611443501003e+01,6.496813503498515274e+01,1.074941079449864390e+00,0.000000000000000000e+00,5.485000000000000142e+01,6.021500000000000341e+01,6.000000000000000000e+01,1.000000000000000000e+00
2.383000000000000000e+03,5.000000000000000000e+01,-1.604307611443501003e+01,6.501506619127779629e+01,1.028009923157210403e+00,0.000000000000000000e+00,5.485000000000000142e+01,6.021500000000000341e+01,6.000000000000000000e+01,1.000000000000000000e+00
2.384000000000000000e+03,5.000000000000000000e+01,-1.536726340206550212e+01,6.373782844036718842e+01,1.629434961698317030e+00,0.000000000000000000e+00,5.485000000000000142e+01,5.998899999999999721e+01,6.000000000000000000e+01,1.000000000000000000e+00
2.385000000000000000e+03,4.999999999999999289e+01,-1.508019251539528760e+01,6.324735993733436601e+01,1.832832578060916040e+00,0.000000000000000000e+00,5.485000000000000142e+01,5.989300000000000068e+01,6.000000000000000000e+01,1.000000000000000000e+00
2.386000000000000000e+03,5.000000000000000000e+01,-1.517588281095201808e+01,6.351458291415747937e+01,1.661299896794536934e+00,0.000000000000000000e+00,5.485000000000000142e+01,5.992499999999999716e+01,6.000000000000000000e+01,1.000000000000000000e+00
2.387000000000000000e+03,4.999999999999999289e+01,-1.508019251539528760e+01,6.339991125425733998e+01,1.680281261137942739e+00,0.000000000000000000e+00,5.485000000000000142e+01,5.989300000000000068e+01,6.000000000000000000e+01,1.000000000000000000e+00
2.388000000000000000e+03,4.999999999999999289e+01,-1.508019251539528760e+01,6.347327112857011855e+01,1.606921386825165943e+00,0.000000000000000000e+00,5.485000000000000142e+01,5.989300000000000068e+01,6.000000000000000000e+01,1.000000000000000000e+00
2.389000000000000000e+03,4.999999999999999289e+01,-1.508019251539528760e+01,6.354342816340378164e+01,1.536764351991502187e+00,0.000000000000000000e+00,5.485000000000000142e+01,5.989300000000000068e+01,6.000000000000000000e+01,1.000000000000000000e+00
2.390000000000000000e+03,5.000000000000000000e+01,-1.488582160254566134e+01,6.323026646133286022e+01,1.655555141212804005e+00,0.000000000000000000e+00,5.485000000000000142e+01,5.982800000000000296e+01,6.000000000000000000e+01,1.000000000000000000e+00
2.391000000000000000e+03,4.999999999999999289e+01,-1.508019251539528760e+01,6.368280254208910662e+01,1.397389973306176980e+00,0.000000000000000000e+00,5.485000000000000142e+01,5.989300000000000068e+01,6.000000000000000000e+01,1.000000000000000000e+00
2.392000000000000000e+03,5.000000000000000000e+01,-1.517588281095201808e+01,6.393101440720488426e+01,1.244868403747133145e+00,0.000000000000000000e+00,5.485000000000000142e+01,5.992499999999999716e+01,6.000000000000000000e+01,1.000000000000000000e+00
2.393000000000000000e+03,4.999999999999999289e+01,-1.508019251539528760e+01,6.379816164709468040e+01,1.282030868300601645e+00,0.000000000000000000e+00,5.485000000000000142e+01,5.989300000000000068e+01,6.000000000000000000e+01,1.000000000000000000e+00
2.394000000000000000e+03,5.000000000000000000e+01,-1.517588281095201808e+01,6.404133701645241672e+01,1.134545794499602689e+00,0.000000000000000000e+00,5.485000000000000142e+01,5.992499999999999716e+01,6.000000000000000000e+01,1.000000000000000000e+00
2.395000000000000000e+03,5.000000000000000000e+01,-1.517588281095201808e+01,6.409087047183965069e+01,1.085012339112369384e+00,0.000000000000000000e+00,5.485000000000000142e+01,5.992499999999999716e+01,6.000000000000000000e+01,1.000000000000000000e+00
2.396000000000000000e+03,5.000000000000000000e+01,-1.527157310650877164e+01,6.432544415356760226e+01,9.461289529411631705e-01,0.000000000000000000e+00,5.485000000000000142e+01,5.995700000000000074e+01,6.000000000000000000e+01,1.000000000000000000e+00
2.397000000000000000e+03,4.999999999999999289e+01,-1.508019251539528760e+01,6.399234582190704401e+01,1.087846693488236927e+00,0.000000000000000000e+00,5.485000000000000142e+01,5.989300000000000068e+01,6.000000000000000000e+01,1.000000000000000000e+00
2.398000000000000000e+03,5.000000000000000000e+01,-1.517588281095201808e+01,6.422704324951345711e+01,9.488395614385599641e-01,0.000000000000000000e+00,5.485000000000000142e+01,5.992499999999999716e+01,6.000000000000000000e+01,1.000000000000000000e+00
2.399000000000000000e+03,5.000000000000000711e+01,-1.517588281095201808e+01,6.426846890400358348e+01,9.074139069484402631e-01,0.000000000000000000e+00,5.485000000000000142e+01,5.992499999999999716e+01,6.000000000000000000e+01,1.000000000000000000e+00
2.400000000000000000e+03,4.999999999999998579e+01,-1.508019251539528760e+01,6.412088312267603385e+01,9.593093927192423154e-01,0.000000000000000000e+00,5.485000000000000142e+01,5.989300000000000068e+01,6.000000000000000000e+01,1.000000000000000000e+00
2.401000000000000000e+03,4.999999999999999289e+01,-1.508019251539528760e+01,6.416276588248810242e+01,9.174266329071798509e-01,0.000000000000000000e+00,5.485000000000000142e+01,5.989300000000000068e+01,6.000000000000000000e+01,1.000000000000000000e+00
2.402000000000000000e+03,5.000000000000000000e+01,-1.498151189810239359e+01,6.400976716142133682e+01,9.717447366810592069e-01,0.000000000000000000e+00,5.485000000000000142e+01,5.985999999999999943e+01,6.000000000000000000e+01,1.000000000000000000e+00
2.403000000000000000e+03,5.000000000000000711e+01,-1.498151189810239359e+01,6.405219283942881248e+01,9.293190586735886605e-01,0.000000000000000000e+00,5.485000000000000142e+01,5.985999999999999943e+01,6.000000000000000000e+01,1.000000000000000000e+00
2.404000000000000000e+03,5.000000000000000000e+01,-1.498151189810239359e+01,6.409276624277354983e+01,8.887456553288460848e-01,0.000000000000000000e+00,5.485000000000000142e+01,5.985999999999999943e+01,6.000000000000000000e+01,1.000000000000000000e+00
2.405000000000000000e+03,4.999999999999998579e+01,-1.508019251539528760e+01,6.432462115007336934e+01,7.555713653219062742e-01,0.000000000000000000e+00,5.485000000000000142e+01,5.989300000000000068e+01,6.000000000000000000e+01,1.000000000000000000e+00
2.406000000000000000e+03,4.999999999999998579e+01,-1.508019251539528760e+01,6.435760885378483920e+01,7.225836616104395205e-01,0.000000000000000000e+00,5.485000000000000142e+01,5.989300000000000068e+01,6.000000000000000000e+01,1.000000000000000000e+00
2.407000000000000000e+03,5.000000000000000000e+01,-1.508019251539528760e+01,6.438915633801990168e+01,6.910361773753843639e-01,0.000000000000000000e+00,5.485000000000000142e+01,5.989300000000000068e+01,6.000000000000000000e+01,1.000000000000000000e+00
2.408000000000000000e+03,4.999999999999998579e+01,-1.508019251539528760e+01,6.441932648172756615e+01,6.608660336677124603e-01,0.000000000000000000e+00,5.485000000000000142e+01,5.989300000000000068e+01,6.000000000000000000e+01,1.000000000000000000e+00
2.409000000000000000e+03,4.999999999999999289e+01,-1.508019251539528760e+01,6.444817941860708288e+01,6.320130967881963935e-01,0.000000000000000000e+00,5.485000000000000142e+01,5.989300000000000068e+01,6.000000000000000000e+01,1.000000000000000000e+00
2.410000000000000000e+03,5.000000000000000000e+01,-1.469444101143217907e+01,6.372111128293585125e+01,9.733297284963207119e-01,0.000000000000000000e+00,5.485000000000000142e+01,5.976400000000000290e+01,6.000000000000000000e+01,1.000000000000000000e+00
2.411000000000000000e+03,4.999999999999999289e+01,-1.450007009858253149e+01,6.338335042944955688e+01,1.116719669132972381e+00,0.000000000000000000e+00,5.485000000000000142e+01,5.969899999999999807e+01,6.000000000000000000e+01,1.000000000000000000e+00
2.412000000000000000e+03,5.000000000000001421e+01,-1.459576039413928505e+01,6.361930843045722384e+01,9.764519636820701010e-01,0.000000000000000000e+00,5.485000000000000142e+01,5.973100000000000165e+01,6.000000000000000000e+01,1.000000000000000000e+00
2.413000000000000000e+03,5.000000000000000000e+01,-1.421299921191231697e+01,6.291312833676135341e+01,1.299870875150966887e+00,0.000000000000000000e+00,5.485000000000000142e+01,5.960300000000000153e+01,6.000000000000000000e+01,1.000000000000000000e+00
2.414000000000000000e+03,5.000000000000000000e+01,-1.440437980302580101e+01,6.334428540948277941e+01,1.060094393543023372e+00,0.000000000000000000e+00,5.485000000000000142e+01,5.966700000000000159e+01,6.000000000000000000e+01,1.000000000000000000e+00
2.415000000000000000e+03,4.999999999999999289e+01,-1.430868950746904744e+01,6.320336554865650669e+01,1.105323958812532315e+00,0.000000000000000000e+00,5.485000000000000142e+01,5.963499999999999801e+01,6.000000000000000000e+01,1.000000000000000000e+00
2.416000000000000000e+03,5.000000000000000000e+01,-1.421299921191231697e+01,6.306442037819918767e+01,1.148578833713132630e+00,0.000000000000000000e+00,5.485000000000000142e+01,5.960300000000000153e+01,6.000000000000000000e+01,1.000000000000000000e+00
2.417000000000000000e+03,5.000000000000000000e+01,-1.411431859461942295e+01,6.292151359637522035e+01,1.192804998244195946e+00,0.000000000000000000e+00,5.485000000000000142e+01,5.957000000000000028e+01,6.000000000000000000e+01,1.000000000000000000e+00
2.418000000000000000e+03,4.999999999999999289e+01,-1.411431859461942295e+01,6.297359060679881537e+01,1.140727987820604472e+00,0.000000000000000000e+00,5.485000000000000142e+01,5.957000000000000028e+01,6.000000000000000000e+01,1.000000000000000000e+00
2.419000000000000000e+03,5.000000000000000000e+01,-1.411431859461942295e+01,6.302339397231091311e+01,1.090924622308503844e+00,0.000000000000000000e+00,5.485000000000000142e+01,5.957000000000000028e+01,6.000000000000000000e+01,1.000000000000000000e+00
2.420000000000000000e+03,5.000000000000000000e+01,-1.411431859461942295e+01,6.307102295861709251e+01,1.043295636002326665e+00,0.000000000000000000e+00,5.485000000000000142e+01,5.957000000000000028e+01,6.000000000000000000e+01,1.000000000000000000e+00
2.421000000000000000e+03,4.999999999999999289e+01,-1.411431859461942295e+01,6.311657249755342747e+01,9.977460970659901562e-01,0.000000000000000000e+00,5.485000000000000142e+01,5.957000000000000028e+01,6.000000000000000000e+01,1.000000000000000000e+00
2.422000000000000000e+03,5.000000000000000000e+01,-1.411431859461942295e+01,6.316013337630015201e+01,9.541852183192648384e-01,0.000000000000000000e+00,5.485000000000000142e+01,5.957000000000000028e+01,6.000000000000000000e+01,1.000000000000000000e+00
2.423000000000000000e+03,5.000000000000000000e+01,-1.382724770794918712e+01,6.264018395394164429e+01,1.187063754007541938e+00,0.000000000000000000e+00,5.485000000000000142e+01,5.947399999999999665e+01,6.000000000000000000e+01,1.000000000000000000e+00
2.424000000000000000e+03,5.000000000000000000e+01,-1.392293800350593891e+01,6.287921312722527745e+01,1.043724876280665681e+00,0.000000000000000000e+00,5.485000000000000142e+01,5.950600000000000023e+01,6.000000000000000000e+01,1.000000000000000000e+00
2.425000000000000000e+03,5.000000000000000000e+01,-1.401862829906267116e+01,6.311198422794840468e+01,9.066440711142670361e-01,0.000000000000000000e+00,5.485000000000000142e+01,5.953799999999999670e+01,6.000000000000000000e+01,1.000000000000000000e+00
2.426000000000000000e+03,4.999999999999999289e+01,-1.411431859461942295e+01,6.333877047906913305e+01,7.755481155502835788e-01,0.000000000000000000e+00,5.485000000000000142e+01,5.957000000000000028e+01,6.000000000000000000e+01,1.000000000000000000e+00
2.427000000000000000e+03,5.000000000000000000e+01,-1.392293800350593891e+01,6.299822471043443528e+01,9.247132930715030730e-01,0.000000000000000000e+00,5.485000000000000142e+01,5.950600000000000023e+01,6.000000000000000000e+01,1.000000000000000000e+00
2.428000000000000000e+03,5.000000000000000000e+01,-1.372856709065631442e+01,6.265834129825827858e+01,1.070225792398031839e+00,0.000000000000000000e+00,5.485000000000000142e+01,5.944100000000000250e+01,6.000000000000000000e+01,1.000000000000000000e+00
2.429000000000000000e+03,5.000000000000000000e+01,-1.363287679509956085e+01,6.251786376703707759e+01,1.115013028062488365e+00,0.000000000000000000e+00,5.485000000000000142e+01,5.940899999999999892e+01,6.000000000000000000e+01,1.000000000000000000e+00
2.430000000000000000e+03,5.000000000000000000e+01,-1.363287679509956085e+01,6.256654443585580339e+01,1.066332359243759242e+00,0.000000000000000000e+00,5.485000000000000142e+01,5.940899999999999892e+01,6.000000000000000000e+01,1.000000000000000000e+00
2.431000000000000000e+03,5.000000000000000000e+01,-1.315143499557969875e+01,6.167123554610883218e+01,1.480199449470864126e+00,0.000000000000000000e+00,5.485000000000000142e+01,5.924799999999999756e+01,6.000000000000000000e+01,1.000000000000000000e+00
2.432000000000000000e+03,5.000000000000000000e+01,-1.353718649954283038e+01,6.249052136610427510e+01,1.046665133438550832e+00,0.000000000000000000e+00,5.485000000000000142e+01,5.937700000000000244e+01,6.000000000000000000e+01,1.000000000000000000e+00
2.433000000000000000e+03,5.000000000000000000e+01,-1.344149620398607681e+01,6.234901519341692477e+01,1.092481010569152922e+00,0.000000000000000000e+00,5.485000000000000142e+01,5.934499999999999886e+01,6.000000000000000000e+01,1.000000000000000000e+00
2.434000000000000000e+03,5.000000000000000000e+01,-1.315143499557969875e+01,6.182925357795445365e+01,1.322181417625246214e+00,0.000000000000000000e+00,5.485000000000000142e+01,5.924799999999999756e+01,6.000000000000000000e+01,1.000000000000000000e+00
2.435000000000000000e+03,5.000000000000000000e+01,-1.334580590842934633e+01,6.226723480112399045e+01,1.078571107305359655e+00,0.000000000000000000e+00,5.485000000000000142e+01,5.931300000000000239e+01,6.000000000000000000e+01,1.000000000000000000e+00
2.436000000000000000e+03,5.000000000000000000e+01,-1.324712529113645232e+01,6.212127153219338993e+01,1.125853758943063276e+00,0.000000000000000000e+00,5.485000000000000142e+01,5.928000000000000114e+01,6.000000000000000000e+01,1.000000000000000000e+00
2.437000000000000000e+03,5.000000000000000000e+01,-1.315143499557969875e+01,6.198322267808023156e+01,1.168212317499465192e+00,0.000000000000000000e+00,5.485000000000000142e+01,5.924799999999999756e+01,6.000000000000000000e+01,1.000000000000000000e+00
2.438000000000000000e+03,5.000000000000000000e+01,-1.315143499557969875e+01,6.203422598970697521e+01,1.117209005872720207e+00,0.000000000000000000e+00,5.485000000000000142e+01,5.924799999999999756e+01,6.000000000000000000e+01,1.000000000000000000e+00
2.439000000000000000e+03,5.000000000000000000e+01,-1.315143499557969875e+01,6.208300253334135732e+01,1.068432462238340763e+00,0.000000000000000000e+00,5.485000000000000142e+01,5.924799999999999756e+01,6.000000000000000000e+01,1.000000000000000000e+00
2.440000000000000000e+03,5.000000000000000000e+01,-1.324712529113645232e+01,6.231685234954053954e+01,9.302729415959190007e-01,0.000000000000000000e+00,5.485000000000000142e+01,5.928000000000000114e+01,6.000000000000000000e+01,1.000000000000000000e+00
2.441000000000000000e+03,5.000000000000000000e+01,-1.315143499557969875e+01,6.217026457726503708e+01,9.811704183146646718e-01,0.000000000000000000e+00,5.485000000000000142e+01,5.924799999999999756e+01,6.000000000000000000e+01,1.000000000000000000e+00
2.442000000000000000e+03,5.000000000000000000e+01,-1.315143499557969875e+01,6.221310177376999917e+01,9.383332218096984700e-01,0.000000000000000000e+00,5.485000000000000142e+01,5.924799999999999756e+01,6.000000000000000000e+01,1.000000000000000000e+00
2.443000000000000000e+03,5.000000000000000000e+01,-1.315143499557969875e+01,6.225406872900988731e+01,8.973662665698094454e-01,0.000000000000000000e+00,5.485000000000000142e+01,5.924799999999999756e+01,6.000000000000000000e+01,1.000000000000000000e+00
2.444000000000000000e+03,5.000000000000000000e+01,-1.315143499557969875e+01,6.229324709637649704e+01,8.581878992032030418e-01,0.000000000000000000e+00,5.485000000000000142e+01,5.924799999999999756e+01,6.000000000000000000e+01,1.000000000000000000e+00
2.445000000000000000e+03,5.000000000000000000e+01,-1.315143499557969875e+01,6.233071496433311154e+01,8.207200312465868786e-01,0.000000000000000000e+00,5.485000000000000142e+01,5.924799999999999756e+01,6.000000000000000000e+01,1.000000000000000000e+00
2.446000000000000000e+03,5.000000000000000000e+01,-1.305574470002296827e+01,6.217934419059254481e+01,8.764005094304259114e-01,0.000000000000000000e+00,5.485000000000000142e+01,5.921600000000000108e+01,6.000000000000000000e+01,1.000000000000000000e+00
2.447000000000000000e+03,5.000000000000000711e+01,-1.266999319605985974e+01,6.146294583401705580e+01,1.207047362042806826e+00,0.000000000000000000e+00,5.485000000000000142e+01,5.908700000000000330e+01,6.000000000000000000e+01,1.000000000000000000e+00
2.448000000000000000e+03,5.000000000000000000e+01,-1.276568349161659022e+01,6.170284747728985764e+01,1.062836014326735912e+00,0.000000000000000000e+00,5.485000000000000142e+01,5.911899999999999977e+01,6.000000000000000000e+01,1.000000000000000000e+00
2.449000000000000000e+03,4.999999999999999289e+01,-1.237993198765348168e+01,6.099458876109657268e+01,1.385343226556905005e+00,0.000000000000000000e+00,5.485000000000000142e+01,5.899000000000000199e+01,6.000000000000000000e+01,1.000000000000000000e+00
2.450000000000000000e+03,5.000000000000000000e+01,-1.218855139653999764e+01,6.068066620949977619e+01,1.507885187040224784e+00,0.000000000000000000e+00,5.485000000000000142e+01,5.892600000000000193e+01,6.000000000000000000e+01,1.000000000000000000e+00
2.451000000000000000e+03,5.000000000000000000e+01,-1.218855139653999764e+01,6.074649939490615935e+01,1.442052001633839620e+00,0.000000000000000000e+00,5.485000000000000142e+01,5.892600000000000193e+01,6.000000000000000000e+01,1.000000000000000000e+00
2.452000000000000000e+03,5.000000000000000000e+01,-1.218855139653999764e+01,6.080945835067092275e+01,1.379093045869074885e+00,0.000000000000000000e+00,5.485000000000000142e+01,5.892600000000000193e+01,6.000000000000000000e+01,1.000000000000000000e+00
2.453000000000000000e+03,5.000000000000000000e+01,-1.189849018813361958e+01,6.030221001103460310e+01,1.596280177099017594e+00,0.000000000000000000e+00,5.485000000000000142e+01,5.882900000000000063e+01,6.000000000000000000e+01,1.000000000000000000e+00
2.454000000000000000e+03,4.999999999999999289e+01,-1.209286110098324585e+01,6.075215818938554690e+01,1.340702911597692060e+00,0.000000000000000000e+00,5.485000000000000142e+01,5.889399999999999835e+01,6.000000000000000000e+01,1.000000000000000000e+00
2.455000000000000000e+03,4.999999999999999289e+01,-1.209286110098324585e+01,6.081069231659409269e+01,1.282168784389148275e+00,0.000000000000000000e+00,5.485000000000000142e+01,5.889399999999999835e+01,6.000000000000000000e+01,1.000000000000000000e+00
2.456000000000000000e+03,5.000000000000000000e+01,-1.199418048369035183e+01,6.067361797617009955e+01,1.320562507520248952e+00,0.000000000000000000e+00,5.485000000000000142e+01,5.886099999999999710e+01,6.000000000000000000e+01,1.000000000000000000e+00
2.457000000000000000e+03,4.999999999999999289e+01,-1.209286110098324585e+01,6.092432569742171466e+01,1.168535403561526520e+00,0.000000000000000000e+00,5.485000000000000142e+01,5.889399999999999835e+01,6.000000000000000000e+01,1.000000000000000000e+00
2.458000000000000000e+03,5.000000000000000000e+01,-1.199418048369035183e+01,6.078229020511913205e+01,1.211890278571214896e+00,0.000000000000000000e+00,5.485000000000000142e+01,5.886099999999999710e+01,6.000000000000000000e+01,1.000000000000000000e+00
2.459000000000000000e+03,5.000000000000000000e+01,-1.189849018813361958e+01,6.064799764372451563e+01,1.250492544409105289e+00,0.000000000000000000e+00,5.485000000000000142e+01,5.882900000000000063e+01,6.000000000000000000e+01,1.000000000000000000e+00
2.460000000000000000e+03,5.000000000000000000e+01,-1.199418048369035183e+01,6.088979607248888470e+01,1.104384411201462024e+00,0.000000000000000000e+00,5.485000000000000142e+01,5.886099999999999710e+01,6.000000000000000000e+01,1.000000000000000000e+00
2.461000000000000000e+03,5.000000000000000000e+01,-1.209286110098324585e+01,6.113106561315615295e+01,9.617954878270910113e-01,0.000000000000000000e+00,5.485000000000000142e+01,5.889399999999999835e+01,6.000000000000000000e+01,1.000000000000000000e+00
2.462000000000000000e+03,5.000000000000000000e+01,-1.189849018813361958e+01,6.079280118299773505e+01,1.105689005135889191e+00,0.000000000000000000e+00,5.485000000000000142e+01,5.882900000000000063e+01,6.000000000000000000e+01,1.000000000000000000e+00
2.463000000000000000e+03,5.000000000000000000e+01,-1.160842897972724153e+01,6.027361621910172573e+01,1.334812760625516015e+00,0.000000000000000000e+00,5.485000000000000142e+01,5.873199999999999932e+01,6.000000000000000000e+01,1.000000000000000000e+00
2.464000000000000000e+03,5.000000000000000711e+01,-1.180279989257686779e+01,6.071214891764402211e+01,1.090650974932846129e+00,0.000000000000000000e+00,5.485000000000000142e+01,5.879699999999999704e+01,6.000000000000000000e+01,1.000000000000000000e+00
2.465000000000000000e+03,5.000000000000000711e+01,-1.151273868417051105e+01,6.019230740413870961e+01,1.320431280031807875e+00,0.000000000000000000e+00,5.485000000000000142e+01,5.870000000000000284e+01,6.000000000000000000e+01,1.000000000000000000e+00
2.466000000000000000e+03,5.000000000000000000e+01,-1.160842897972724153e+01,6.043715930792154012e+01,1.171269671805701851e+00,0.000000000000000000e+00,5.485000000000000142e+01,5.873199999999999932e+01,6.000000000000000000e+01,1.000000000000000000e+00
2.467000000000000000e+03,5.000000000000000000e+01,-1.141704838861375748e+01,6.011389045851528579e+01,1.303157930098474138e+00,0.000000000000000000e+00,5.485000000000000142e+01,5.866799999999999926e+01,6.000000000000000000e+01,1.000000000000000000e+00
2.468000000000000000e+03,5.000000000000000000e+01,-1.141704838861375748e+01,6.017078539876890630e+01,1.246262989844852953e+00,0.000000000000000000e+00,5.485000000000000142e+01,5.866799999999999926e+01,6.000000000000000000e+01,1.000000000000000000e+00
2.469000000000000000e+03,5.000000000000000711e+01,-1.122566779750027521e+01,5.985079070382291633e+01,1.374877093677362661e+00,0.000000000000000000e+00,5.485000000000000142e+01,5.860399999999999920e+01,6.000000000000000000e+01,1.000000000000000000e+00
2.470000000000000000e+03,5.000000000000000711e+01,-1.122566779750027521e+01,5.991081685130216528e+01,1.314850946198112158e+00,0.000000000000000000e+00,5.485000000000000142e+01,5.860399999999999920e+01,6.000000000000000000e+01,1.000000000000000000e+00
2.471000000000000000e+03,5.000000000000000711e+01,-1.122566779750027521e+01,5.996822230024933020e+01,1.257445497250949007e+00,0.000000000000000000e+00,5.485000000000000142e+01,5.860399999999999920e+01,6.000000000000000000e+01,1.000000000000000000e+00
2.472000000000000000e+03,5.000000000000000000e+01,-1.054985508513078685e+01,5.870100154189093900e+01,1.848853543239849406e+00,0.000000000000000000e+00,5.485000000000000142e+01,5.837800000000000011e+01,6.000000000000000000e+01,1.000000000000000000e+00
2.473000000000000000e+03,5.000000000000000000e+01,-1.035548417228116236e+01,5.840146542999582380e+01,1.954018742285343446e+00,0.000000000000000000e+00,5.485000000000000142e+01,5.831300000000000239e+01,6.000000000000000000e+01,1.000000000000000000e+00
2.474000000000000000e+03,5.000000000000000000e+01,-1.074123567624427089e+01,5.924143786036518833e+01,1.499797815879083007e+00,0.000000000000000000e+00,5.485000000000000142e+01,5.844200000000000017e+01,6.000000000000000000e+01,1.000000000000000000e+00
2.475000000000000000e+03,5.000000000000000000e+01,-1.045416478957403505e+01,5.874530949255640877e+01,1.708855297017630281e+00,0.000000000000000000e+00,5.485000000000000142e+01,5.834599999999999653e+01,6.000000000000000000e+01,1.000000000000000000e+00
2.476000000000000000e+03,5.000000000000000000e+01,-1.045416478957403505e+01,5.881991688877472768e+01,1.634247900799310704e+00,0.000000000000000000e+00,5.485000000000000142e+01,5.834599999999999653e+01,6.000000000000000000e+01,1.000000000000000000e+00
2.477000000000000000e+03,5.000000000000000711e+01,-1.064554538068751910e+01,5.926567262253104929e+01,1.379872758156470036e+00,0.000000000000000000e+00,5.485000000000000142e+01,5.840999999999999659e+01,6.000000000000000000e+01,1.000000000000000000e+00
2.478000000000000000e+03,5.000000000000000000e+01,-1.064554538068751910e+01,5.932591687713723161e+01,1.319628503550292375e+00,0.000000000000000000e+00,5.485000000000000142e+01,5.840999999999999659e+01,6.000000000000000000e+01,1.000000000000000000e+00
2.479000000000000000e+03,5.000000000000000000e+01,-1.045416478957403505e+01,5.900912526788218315e+01,1.445039521691851681e+00,0.000000000000000000e+00,5.485000000000000142e+01,5.834599999999999653e+01,6.000000000000000000e+01,1.000000000000000000e+00
2.480000000000000000e+03,5.000000000000000000e+01,-1.025979387672441057e+01,5.869195892553003091e+01,1.567834951194380100e+00,0.000000000000000000e+00,5.485000000000000142e+01,5.828099999999999881e+01,6.000000000000000000e+01,1.000000000000000000e+00
2.481000000000000000e+03,5.000000000000000711e+01,-1.035548417228116236e+01,5.894761229609158448e+01,1.407871876189582094e+00,0.000000000000000000e+00,5.485000000000000142e+01,5.831300000000000239e+01,6.000000000000000000e+01,1.000000000000000000e+00
2.482000000000000000e+03,5.000000000000000000e+01,-1.025979387672441057e+01,5.882187615063835295e+01,1.437917726086054282e+00,0.000000000000000000e+00,5.485000000000000142e+01,5.828099999999999881e+01,6.000000000000000000e+01,1.000000000000000000e+00
2.483000000000000000e+03,5.000000000000000000e+01,-1.025979387672441057e+01,5.888465460689891273e+01,1.375139269825494281e+00,0.000000000000000000e+00,5.485000000000000142e+01,5.828099999999999881e+01,6.000000000000000000e+01,1.000000000000000000e+00
2.484000000000000000e+03,5.000000000000000000e+01,-1.025979387672441057e+01,5.894469220080068794e+01,1.315101675923719293e+00,0.000000000000000000e+00,5.485000000000000142e+01,5.828099999999999881e+01,6.000000000000000000e+01,1.000000000000000000e+00
2.485000000000000000e+03,5.000000000000000000e+01,-1.025979387672441057e+01,5.900210859642778161e+01,1.257685280296626740e+00,0.000000000000000000e+00,5.485000000000000142e+01,5.828099999999999881e+01,6.000000000000000000e+01,1.000000000000000000e+00
2.486000000000000000e+03,5.000000000000000000e+01,-1.025979387672441057e+01,5.905701823341623680e+01,1.202775643308170439e+00,0.000000000000000000e+00,5.485000000000000142e+01,5.828099999999999881e+01,6.000000000000000000e+01,1.000000000000000000e+00
2.487000000000000000e+03,5.000000000000000000e+01,-1.025979387672441057e+01,5.910953055504970166e+01,1.150263321674707351e+00,0.000000000000000000e+00,5.485000000000000142e+01,5.828099999999999881e+01,6.000000000000000000e+01,1.000000000000000000e+00
2.488000000000000000e+03,5.000000000000000711e+01,-1.035548417228116236e+01,5.934695304786082914e+01,1.008531124420339653e+00,0.000000000000000000e+00,5.485000000000000142e+01,5.831300000000000239e+01,6.000000000000000000e+01,1.000000000000000000e+00
2.489000000000000000e+03,5.000000000000000000e+01,-1.025979387672441057e+01,5.920378197169967649e+01,1.056011905024734965e+00,0.000000000000000000e+00,5.485000000000000142e+01,5.828099999999999881e+01,6.000000000000000000e+01,1.000000000000000000e+00
2.490000000000000000e+03,5.000000000000000000e+01,-1.016410358116767831e+01,5.906268387235380146e+01,1.101419708813876186e+00,0.000000000000000000e+00,5.485000000000000142e+01,5.824900000000000233e+01,6.000000000000000000e+01,1.000000000000000000e+00
2.491000000000000000e+03,5.000000000000000000e+01,-1.016410358116767831e+01,5.911077106660691527e+01,1.053332514560765931e+00,0.000000000000000000e+00,5.485000000000000142e+01,5.824900000000000233e+01,6.000000000000000000e+01,1.000000000000000000e+00
2.492000000000000000e+03,5.000000000000000000e+01,-9.874042372761300257e+00,5.858930025589651791e+01,1.284742116864781458e+00,0.000000000000000000e+00,5.485000000000000142e+01,5.815200000000000102e+01,6.000000000000000000e+01,1.000000000000000000e+00
2.493000000000000000e+03,5.000000000000000000e+01,-9.874042372761300257e+00,5.864539117495711906e+01,1.228651197804181416e+00,0.000000000000000000e+00,5.485000000000000142e+01,5.815200000000000102e+01,6.000000000000000000e+01,1.000000000000000000e+00
2.494000000000000000e+03,5.000000000000000000e+01,-9.972722990054194270e+00,5.889208611436998098e+01,1.080636875684213072e+00,0.000000000000000000e+00,5.485000000000000142e+01,5.818500000000000227e+01,6.000000000000000000e+01,1.000000000000000000e+00
2.495000000000000000e+03,5.000000000000000000e+01,-9.682661781647816213e+00,5.837180739247622796e+01,1.310854389171591805e+00,0.000000000000000000e+00,5.485000000000000142e+01,5.808800000000000097e+01,6.000000000000000000e+01,1.000000000000000000e+00
2.496000000000000000e+03,5.000000000000000000e+01,-9.586971486091064421e+00,5.824183553314676942e+01,1.345135952944300106e+00,0.000000000000000000e+00,5.485000000000000142e+01,5.805599999999999739e+01,6.000000000000000000e+01,1.000000000000000000e+00
2.497000000000000000e+03,5.000000000000000000e+01,-9.296910277684707680e+00,5.773310465119652690e+01,1.563805626488181222e+00,0.000000000000000000e+00,5.485000000000000142e+01,5.795900000000000318e+01,6.000000000000000000e+01,1.000000000000000000e+00
2.498000000000000000e+03,5.000000000000000000e+01,-9.296910277684707680e+00,5.780137928286806925e+01,1.495530994816639758e+00,0.000000000000000000e+00,5.485000000000000142e+01,5.795900000000000318e+01,6.000000000000000000e+01,1.000000000000000000e+00
2.499000000000000000e+03,5.000000000000000000e+01,-9.296910277684707680e+00,5.786667309310571738e+01,1.430237184578995180e+00,0.000000000000000000e+00,5.485000000000000142e+01,5.795900000000000318e+01,6.000000000000000000e+01,1.000000000000000000e+00
2.500000000000000000e+03,5.000000000000000000e+01,-9.392600573241439932e+00,5.811631904389882664e+01,1.276281529342612187e+00,0.000000000000000000e+00,5.485000000000000142e+01,5.799099999999999966e+01,6.000000000000000000e+01,1.000000000000000000e+00
2.501000000000000000e+03,5.000000000000000000e+01,-9.392600573241439932e+00,5.817204057977841103e+01,1.220559993463026904e+00,0.000000000000000000e+00,5.485000000000000142e+01,5.799099999999999966e+01,6.000000000000000000e+01,1.000000000000000000e+00
2.502000000000000000e+03,5.000000000000000000e+01,-9.296910277684707680e+00,5.803812653191572224e+01,1.258783745768986106e+00,0.000000000000000000e+00,5.485000000000000142e+01,5.795900000000000318e+01,6.000000000000000000e+01,1.000000000000000000e+00
2.503000000000000000e+03,5.000000000000000000e+01,-9.296910277684707680e+00,5.809308412711858693e+01,1.203826150566120745e+00,0.000000000000000000e+00,5.485000000000000142e+01,5.795900000000000318e+01,6.000000000000000000e+01,1.000000000000000000e+00
2.504000000000000000e+03,5.000000000000000000e+01,-9.586971486091064421e+00,5.871310086570863973e+01,8.738706203824300189e-01,0.000000000000000000e+00,5.485000000000000142e+01,5.805599999999999739e+01,6.000000000000000000e+01,1.000000000000000000e+00
2.505000000000000000e+03,5.000000000000000000e+01,-9.392600573241439932e+00,5.837099769892088119e+01,1.021602874320558740e+00,0.000000000000000000e+00,5.485000000000000142e+01,5.799099999999999966e+01,6.000000000000000000e+01,1.000000000000000000e+00
2.506000000000000000e+03,5.000000000000000000e+01,-9.392600573241439932e+00,5.841560014744605667e+01,9.770004257953798232e-01,0.000000000000000000e+00,5.485000000000000142e+01,5.799099999999999966e+01,6.000000000000000000e+01,1.000000000000000000e+00
2.507000000000000000e+03,5.000000000000000000e+01,-9.392600573241439932e+00,5.845825528506946966e+01,9.343452881719682690e-01,0.000000000000000000e+00,5.485000000000000142e+01,5.799099999999999966e+01,6.000000000000000000e+01,1.000000000000000000e+00
2.508000000000000000e+03,5.000000000000000000e+01,-9.296910277684707680e+00,5.831184530852374337e+01,9.850649691609627556e-01,0.000000000000000000e+00,5.485000000000000142e+01,5.795900000000000318e+01,6.000000000000000000e+01,1.000000000000000000e+00
2.509000000000000000e+03,5.000000000000000000e+01,-9.296910277684707680e+00,5.835485253832444386e+01,9.420577393602639349e-01,0.000000000000000000e+00,5.485000000000000142e+01,5.795900000000000318e+01,6.000000000000000000e+01,1.000000000000000000e+00
2.510000000000000000e+03,5.000000000000000000e+01,-9.296910277684707680e+00,5.839598210332837169e+01,9.009281743563404277e-01,0.000000000000000000e+00,5.485000000000000142e+01,5.795900000000000318e+01,6.000000000000000000e+01,1.000000000000000000e+00
2.511000000000000000e+03,5.000000000000000000e+01,-9.392600573241439932e+00,5.862251880249758784e+01,7.700817707438537552e-01,0.000000000000000000e+00,5.485000000000000142e+01,5.799099999999999966e+01,6.000000000000000000e+01,1.000000000000000000e+00
2.512000000000000000e+03,5.000000000000000000e+01,-9.392600573241439932e+00,5.865614002009901640e+01,7.364605531424203155e-01,0.000000000000000000e+00,5.485000000000000142e+01,5.799099999999999966e+01,6.000000000000000000e+01,1.000000000000000000e+00
2.513000000000000000e+03,5.000000000000000000e+01,-9.296910277684707680e+00,5.850109053799792491e+01,7.958197396867845441e-01,0.000000000000000000e+00,5.485000000000000142e+01,5.795900000000000318e+01,6.000000000000000000e+01,1.000000000000000000e+00
2.514000000000000000e+03,5.000000000000000000e+01,-9.296910277684707680e+00,5.853583545685722811e+01,7.610748208274791260e-01,0.000000000000000000e+00,5.485000000000000142e+01,5.795900000000000318e+01,6.000000000000000000e+01,1.000000000000000000e+00
2.515000000000000000e+03,5.000000000000000000e+01,-9.296910277684707680e+00,5.856906343748751453e+01,7.278468401971938118e-01,0.000000000000000000e+00,5.485000000000000142e+01,5.795900000000000318e+01,6.000000000000000000e+01,1.000000000000000000e+00
2.516000000000000000e+03,5.000000000000000000e+01,-9.488290868798191724e+00,5.897524635125195402e+01,5.130445175462319263e-01,0.000000000000000000e+00,5.485000000000000142e+01,5.802300000000000324e+01,6.000000000000000000e+01,1.000000000000000000e+00
2.517000000000000000e+03,5.000000000000000000e+01,-9.296910277684707680e+00,5.862323986386640939e+01,6.736704138183035040e-01,0.000000000000000000e+00,5.485000000000000142e+01,5.795900000000000318e+01,6.000000000000000000e+01,1.000000000000000000e+00
2.518000000000000000e+03,5.000000000000000000e+01,-9.296910277684707680e+00,5.865265183079655742e+01,6.442584468881492610e-01,0.000000000000000000e+00,5.485000000000000142e+01,5.795900000000000318e+01,6.000000000000000000e+01,1.000000000000000000e+00
2.519000000000000000e+03,5.000000000000000000e+01,-9.296910277684707680e+00,5.868077969235270075e+01,6.161305853320121484e-01,0.000000000000000000e+00,5.485000000000000142e+01,5.795900000000000318e+01,6.000000000000000000e+01,1.000000000000000000e+00
2.520000000000000000e+03,5.000000000000000000e+01,-9.392600573241439932e+00,5.889488233311834620e+01,4.977182401230914044e-01,0.000000000000000000e+00,5.485000000000000142e+01,5.799099999999999966e+01,6.000000000000000000e+01,1.000000000000000000e+00
2.521000000000000000e+03,5.000000000000000000e+01,-9.296910277684707680e+00,5.872940953292086874e+01,5.675007447638429348e-01,0.000000000000000000e+00,5.485000000000000142e+01,5.795900000000000318e+01,6.000000000000000000e+01,1.000000000000000000e+00
2.522000000000000000e+03,4.999999999999999289e+01,-9.488290868798191724e+00,5.912859185120192507e+01,3.596990175962639924e-01,0.000000000000000000e+00,5.485000000000000142e+01,5.802300000000000324e+01,6.000000000000000000e+01,1.000000000000000000e+00
2.523000000000000000e+03,5.000000000000000000e+01,-9.392600573241439932e+00,5.895709323077329600e+01,4.355073424681429328e-01,0.000000000000000000e+00,5.485000000000000142e+01,5.799099999999999966e+01,6.000000000000000000e+01,1.000000000000000000e+00
2.524000000000000000e+03,5.000000000000000000e+01,-9.392600573241439932e+00,5.897610716888274851e+01,4.164934043586875911e-01,0.000000000000000000e+00,5.485000000000000142e+01,5.799099999999999966e+01,6.000000000000000000e+01,1.000000000000000000e+00
2.525000000000000000e+03,5.000000000000000000e+01,-9.586971486091064421e+00,5.937454670319544903e+01,2.124247828956186412e-01,0.000000000000000000e+00,5.485000000000000142e+01,5.805599999999999739e+01,6.000000000000000000e+01,1.000000000000000000e+00
2.526000000000000000e+03,5.000000000000000000e+01,-9.488290868798191724e+00,5.919076810717366754e+01,2.975227616245179063e-01,0.000000000000000000e+00,5.485000000000000142e+01,5.802300000000000324e+01,6.000000000000000000e+01,1.000000000000000000e+00
2.527000000000000000e+03,5.000000000000000000e+01,-9.296910277684707680e+00,5.882935209455460068e+01,4.675581831301081071e-01,0.000000000000000000e+00,5.485000000000000142e+01,5.795900000000000318e+01,6.000000000000000000e+01,1.000000000000000000e+00
2.528000000000000000e+03,5.000000000000000000e+01,-9.296910277684707680e+00,5.884976534937189996e+01,4.471449283128128838e-01,0.000000000000000000e+00,5.485000000000000142e+01,5.795900000000000318e+01,6.000000000000000000e+01,1.000000000000000000e+00
2.529000000000000000e+03,5.000000000000000000e+01,-9.296910277684707680e+00,5.886928737612973350e+01,4.276229015549779522e-01,0.000000000000000000e+00,5.485000000000000142e+01,5.795900000000000318e+01,6.000000000000000000e+01,1.000000000000000000e+00
2.530000000000000000e+03,5.000000000000000000e+01,-9.488290868798191724e+00,5.926236272813420669e+01,2.259281406639824519e-01,0.000000000000000000e+00,5.485000000000000142e+01,5.802300000000000324e+01,6.000000000000000000e+01,1.000000000000000000e+00
2.531000000000000000e+03,5.000000000000000000e+01,-9.296910277684707680e+00,5.889782094573087079e+01,3.990893319538400541e-01,0.000000000000000000e+00,5.485000000000000142e+01,5.795900000000000318e+01,6.000000000000000000e+01,1.000000000000000000e+00
2.532000000000000000e+03,5.000000000000000000e+01,-8.429716974201715729e+00,5.721871933011043154e+01,1.210997644091283743e+00,0.000000000000000000e+00,5.485000000000000142e+01,5.766899999999999693e+01,6.000000000000000000e+01,1.000000000000000000e+00
2.533000000000000000e+03,5.000000000000000711e+01,-8.334026678644985253e+00,5.708438779693485543e+01,1.249638881710130933e+00,0.000000000000000000e+00,5.485000000000000142e+01,5.763700000000000045e+01,6.000000000000000000e+01,1.000000000000000000e+00
2.534000000000000000e+03,5.000000000000000000e+01,-7.948275174681875832e+00,5.638428475990640010e+01,1.563990414775472848e+00,0.000000000000000000e+00,5.485000000000000142e+01,5.750800000000000267e+01,6.000000000000000000e+01,1.000000000000000000e+00
2.535000000000000000e+03,5.000000000000000000e+01,-7.562523670718745095e+00,5.569790608527429043e+01,1.864617585444455772e+00,0.000000000000000000e+00,5.485000000000000142e+01,5.737899999999999778e+01,6.000000000000000000e+01,1.000000000000000000e+00
2.536000000000000000e+03,5.000000000000000000e+01,-7.368152757869119718e+00,5.539905822015162329e+01,1.969094537717496873e+00,0.000000000000000000e+00,5.485000000000000142e+01,5.731400000000000006e+01,6.000000000000000000e+01,1.000000000000000000e+00
2.537000000000000000e+03,5.000000000000000000e+01,-7.368152757869119718e+00,5.548502747490550036e+01,1.883125282963621361e+00,0.000000000000000000e+00,5.485000000000000142e+01,5.731400000000000006e+01,6.000000000000000000e+01,1.000000000000000000e+00
2.538000000000000000e+03,5.000000000000000000e+01,-7.466833375162013731e+00,5.576029628331202304e+01,1.706537091849987808e+00,0.000000000000000000e+00,5.485000000000000142e+01,5.734700000000000131e+01,6.000000000000000000e+01,1.000000000000000000e+00
2.539000000000000000e+03,5.000000000000000000e+01,-7.368152757869119718e+00,5.564174955872097428e+01,1.726403199148147660e+00,0.000000000000000000e+00,5.485000000000000142e+01,5.731400000000000006e+01,6.000000000000000000e+01,1.000000000000000000e+00
2.540000000000000000e+03,5.000000000000000000e+01,-7.081081871198905198e+00,5.515551461936358635e+01,1.925567251835321514e+00,0.000000000000000000e+00,5.485000000000000142e+01,5.721800000000000352e+01,6.000000000000000000e+01,1.000000000000000000e+00
2.541000000000000000e+03,5.000000000000000000e+01,-6.599640071679043096e+00,5.429771930855338269e+01,2.301920763125659075e+00,0.000000000000000000e+00,5.485000000000000142e+01,5.705700000000000216e+01,6.000000000000000000e+01,1.000000000000000000e+00
2.542000000000000000e+03,5.000000000000000000e+01,-6.405269158829397291e+00,5.401796378641707719e+01,2.387305372412317883e+00,0.000000000000000000e+00,5.485000000000000142e+01,5.699199999999999733e+01,6.000000000000000000e+01,1.000000000000000000e+00
2.543000000000000000e+03,5.000000000000000000e+01,-6.405269158829397291e+00,5.412219182616072288e+01,2.283077332668674408e+00,0.000000000000000000e+00,5.485000000000000142e+01,5.699199999999999733e+01,6.000000000000000000e+01,1.000000000000000000e+00
2.544000000000000000e+03,5.000000000000000000e+01,-6.213888567715913247e+00,5.384746370154101669e+01,2.366424866174898778e+00,0.000000000000000000e+00,5.485000000000000142e+01,5.692799999999999727e+01,6.000000000000000000e+01,1.000000000000000000e+00
2.545000000000000000e+03,5.000000000000000000e+01,-6.019517654866287870e+00,5.357052438226423874e+01,2.448993272602055349e+00,0.000000000000000000e+00,5.485000000000000142e+01,5.686299999999999955e+01,6.000000000000000000e+01,1.000000000000000000e+00
2.546000000000000000e+03,5.000000000000000000e+01,-5.538075855346425769e+00,5.273558147597914569e+01,2.802494379367283628e+00,0.000000000000000000e+00,5.485000000000000142e+01,5.670199999999999818e+01,6.000000000000000000e+01,1.000000000000000000e+00
2.547000000000000000e+03,5.000000000000000000e+01,-5.732446768196072462e+00,5.323819210098073285e+01,2.494254667215333843e+00,0.000000000000000000e+00,5.485000000000000142e+01,5.676700000000000301e+01,6.000000000000000000e+01,1.000000000000000000e+00
2.548000000000000000e+03,5.000000000000000000e+01,-5.442385559789695293e+00,5.277963091763930947e+01,2.662754642150388928e+00,0.000000000000000000e+00,5.485000000000000142e+01,5.667000000000000171e+01,6.000000000000000000e+01,1.000000000000000000e+00
2.549000000000000000e+03,5.000000000000000000e+01,-5.442385559789695293e+00,5.289588487487360169e+01,2.546500684916095381e+00,0.000000000000000000e+00,5.485000000000000142e+01,5.667000000000000171e+01,6.000000000000000000e+01,1.000000000000000000e+00
2.550000000000000000e+03,5.000000000000000000e+01,-5.442385559789695293e+00,5.300706326774357535e+01,2.435322292046124382e+00,0.000000000000000000e+00,5.485000000000000142e+01,5.667000000000000171e+01,6.000000000000000000e+01,1.000000000000000000e+00
2.551000000000000000e+03,5.000000000000000711e+01,-5.442385559789695293e+00,5.311338769174781049e+01,2.328997868041885688e+00,0.000000000000000000e+00,5.485000000000000142e+01,5.667000000000000171e+01,6.000000000000000000e+01,1.000000000000000000e+00
2.552000000000000000e+03,5.000000000000000711e+01,-5.442385559789695293e+00,5.321507006768442949e+01,2.227315492105270689e+00,0.000000000000000000e+00,5.485000000000000142e+01,5.667000000000000171e+01,6.000000000000000000e+01,1.000000000000000000e+00
2.553000000000000000e+03,5.000000000000000000e+01,-5.442385559789695293e+00,5.331231306404153258e+01,2.130072495748168926e+00,0.000000000000000000e+00,5.485000000000000142e+01,5.667000000000000171e+01,6.000000000000000000e+01,1.000000000000000000e+00
2.554000000000000000e+03,5.000000000000000711e+01,-5.442385559789695293e+00,5.340531050094644883e+01,2.037075058843253128e+00,0.000000000000000000e+00,5.485000000000000142e+01,5.667000000000000171e+01,6.000000000000000000e+01,1.000000000000000000e+00
2.555000000000000000e+03,5.000000000000000711e+01,-5.442385559789695293e+00,5.349424773647880471e+01,1.948137823310894579e+00,0.000000000000000000e+00,5.485000000000000142e+01,5.667000000000000171e+01,6.000000000000000000e+01,1.000000000000000000e+00
2.556000000000000000e+03,5.000000000000000000e+01,-5.442385559789695293e+00,5.357930203611746833e+01,1.863083523672233621e+00,0.000000000000000000e+00,5.485000000000000142e+01,5.667000000000000171e+01,6.000000000000000000e+01,1.000000000000000000e+00
2.557000000000000000e+03,5.000000000000000000e+01,-5.442385559789695293e+00,5.366064292605766184e+01,1.781742633732034564e+00,0.000000000000000000e+00,5.485000000000000142e+01,5.667000000000000171e+01,6.000000000000000000e+01,1.000000000000000000e+00
2.558000000000000000e+03,5.000000000000000711e+01,-5.442385559789695293e+00,5.373843253110258189e+01,1.703953028687116067e+00,0.000000000000000000e+00,5.485000000000000142e+01,5.667000000000000171e+01,6.000000000000000000e+01,1.000000000000000000e+00
2.559000000000000000e+03,5.000000000000000711e+01,-5.442385559789695293e+00,5.381282589780281711e+01,1.629559661986884622e+00,0.000000000000000000e+00,5.485000000000000142e+01,5.667000000000000171e+01,6.000000000000000000e+01,1.000000000000000000e+00
2.560000000000000000e+03,5.000000000000000000e+01,-5.442385559789695293e+00,5.388397130348779740e+01,1.558414256301904555e+00,0.000000000000000000e+00,5.485000000000000142e+01,5.667000000000000171e+01,6.000000000000000000e+01,1.000000000000000000e+00
2.561000000000000000e+03,5.000000000000000711e+01,-5.442385559789695293e+00,5.395201055180513805e+01,1.490375007984558797e+00,0.000000000000000000e+00,5.485000000000000142e+01,5.667000000000000171e+01,6.000000000000000000e+01,1.000000000000000000e+00
2.562000000000000000e+03,5.000000000000000711e+01,-5.442385559789695293e+00,5.401707925535695409e+01,1.425306304432745863e+00,0.000000000000000000e+00,5.485000000000000142e+01,5.667000000000000171e+01,6.000000000000000000e+01,1.000000000000000000e+00
2.563000000000000000e+03,5.000000000000000711e+01,-5.442385559789695293e+00,5.407930710599642765e+01,1.363078453793274303e+00,0.000000000000000000e+00,5.485000000000000142e+01,5.667000000000000171e+01,6.000000000000000000e+01,1.000000000000000000e+00
2.564000000000000000e+03,5.000000000000000000e+01,-5.442385559789695293e+00,5.413881813332348258e+01,1.303567426466213153e+00,0.000000000000000000e+00,5.485000000000000142e+01,5.667000000000000171e+01,6.000000000000000000e+01,1.000000000000000000e+00
2.565000000000000000e+03,5.000000000000000000e+01,-5.346695264232942613e+00,5.400852813043047007e+01,1.338167133802473652e+00,0.000000000000000000e+00,5.485000000000000142e+01,5.663799999999999812e+01,6.000000000000000000e+01,1.000000000000000000e+00
2.566000000000000000e+03,5.000000000000000000e+01,-5.442385559789695293e+00,5.425415436886406439e+01,1.188231190925632452e+00,0.000000000000000000e+00,5.485000000000000142e+01,5.667000000000000171e+01,6.000000000000000000e+01,1.000000000000000000e+00
2.567000000000000000e+03,5.000000000000000000e+01,-5.248014646940048600e+00,5.392577595904244703e+01,1.322238687897603127e+00,0.000000000000000000e+00,5.485000000000000142e+01,5.660499999999999687e+01,6.000000000000000000e+01,1.000000000000000000e+00
2.568000000000000000e+03,5.000000000000000000e+01,-5.442385559789695293e+00,5.436375968259098101e+01,1.078625877198715166e+00,0.000000000000000000e+00,5.485000000000000142e+01,5.667000000000000171e+01,6.000000000000000000e+01,1.000000000000000000e+00
2.569000000000000000e+03,5.000000000000000711e+01,-5.442385559789695293e+00,5.441085171450962577e+01,1.031533845280071748e+00,0.000000000000000000e+00,5.485000000000000142e+01,5.667000000000000171e+01,6.000000000000000000e+01,1.000000000000000000e+00
2.570000000000000000e+03,5.000000000000000711e+01,-5.442385559789695293e+00,5.445588774210174421e+01,9.864978176879571903e-01,0.000000000000000000e+00,5.485000000000000142e+01,5.667000000000000171e+01,6.000000000000000000e+01,1.000000000000000000e+00
2.571000000000000000e+03,5.000000000000000000e+01,-5.442385559789695293e+00,5.449895752904110680e+01,9.434280307485931605e-01,0.000000000000000000e+00,5.485000000000000142e+01,5.667000000000000171e+01,6.000000000000000000e+01,1.000000000000000000e+00
2.572000000000000000e+03,5.000000000000000711e+01,-5.442385559789695293e+00,5.454014691998390418e+01,9.022386398057957724e-01,0.000000000000000000e+00,5.485000000000000142e+01,5.667000000000000171e+01,6.000000000000000000e+01,1.000000000000000000e+00
2.573000000000000000e+03,5.000000000000000711e+01,-5.442385559789695293e+00,5.457953801167021624e+01,8.628475481194795016e-01,0.000000000000000000e+00,5.485000000000000142e+01,5.667000000000000171e+01,6.000000000000000000e+01,1.000000000000000000e+00
2.574000000000000000e+03,5.000000000000000711e+01,-5.442385559789695293e+00,5.461720931655536759e+01,8.251762432343289211e-01,0.000000000000000000e+00,5.485000000000000142e+01,5.667000000000000171e+01,6.000000000000000000e+01,1.000000000000000000e+00
2.575000000000000000e+03,5.000000000000000000e+01,-5.538075855346425769e+00,5.484043874076140668e+01,6.976371145850216449e-01,0.000000000000000000e+00,5.485000000000000142e+01,5.670199999999999818e+01,6.000000000000000000e+01,1.000000000000000000e+00
2.576000000000000000e+03,5.000000000000000000e+01,-5.732446768196072462e+00,5.525115280775092685e+01,4.812939604451448306e-01,0.000000000000000000e+00,5.485000000000000142e+01,5.676700000000000301e+01,6.000000000000000000e+01,1.000000000000000000e+00
2.577000000000000000e+03,5.000000000000000000e+01,-5.538075855346425769e+00,5.489191002565156907e+01,6.461658296948549207e-01,0.000000000000000000e+00,5.485000000000000142e+01,5.670199999999999818e+01,6.000000000000000000e+01,1.000000000000000000e+00
2.578000000000000000e+03,5.000000000000000000e+01,-5.538075855346425769e+00,5.492012116217256334e+01,6.179546931738637561e-01,0.000000000000000000e+00,5.485000000000000142e+01,5.670199999999999818e+01,6.000000000000000000e+01,1.000000000000000000e+00
2.579000000000000000e+03,5.000000000000000711e+01,-5.442385559789695293e+00,5.475989779924943690e+01,6.824877605402596137e-01,0.000000000000000000e+00,5.485000000000000142e+01,5.667000000000000171e+01,6.000000000000000000e+01,1.000000000000000000e+00
2.580000000000000000e+03,5.000000000000000000e+01,-5.538075855346425769e+00,5.497689754667550943e+01,5.611783086709151158e-01,0.000000000000000000e+00,5.485000000000000142e+01,5.670199999999999818e+01,6.000000000000000000e+01,1.000000000000000000e+00
2.581000000000000000e+03,5.000000000000000711e+01,-5.442385559789695293e+00,5.481419536754024335e+01,6.281901922494548263e-01,0.000000000000000000e+00,5.485000000000000142e+01,5.667000000000000171e+01,6.000000000000000000e+01,1.000000000000000000e+00
2.582000000000000000e+03,5.000000000000000000e+01,-5.732446768196072462e+00,5.540908025319075847e+01,3.233665150053087189e-01,0.000000000000000000e+00,5.485000000000000142e+01,5.676700000000000301e+01,6.000000000000000000e+01,1.000000000000000000e+00
2.583000000000000000e+03,5.000000000000000000e+01,-6.118198272159181883e+00,5.617785957725833867e+01,-5.966130509915346103e-02,0.000000000000000000e+00,5.485000000000000142e+01,5.689600000000000080e+01,6.000000000000000000e+01,1.000000000000000000e+00
2.584000000000000000e+03,5.000000000000000000e+01,-6.118198272159181883e+00,5.617525480748280131e+01,-5.705653532361835284e-02,0.000000000000000000e+00,5.485000000000000142e+01,5.689600000000000080e+01,6.000000000000000000e+01,1.000000000000000000e+00
2.585000000000000000e+03,5.000000000000000000e+01,-6.213888567715913247e+00,5.635996658155103489e+01,-1.460780138351195911e-01,0.000000000000000000e+00,5.485000000000000142e+01,5.692799999999999727e+01,6.000000000000000000e+01,1.000000000000000000e+00
2.586000000000000000e+03,5.000000000000000000e+01,-6.405269158829397291e+00,5.672799456320178990e+01,-3.227254043723922217e-01,0.000000000000000000e+00,5.485000000000000142e+01,5.699199999999999733e+01,6.000000000000000000e+01,1.000000000000000000e+00
2.587000000000000000e+03,5.000000000000000000e+01,-6.213888567715913247e+00,5.633949896066367558e+01,-1.256103929477615788e-01,0.000000000000000000e+00,5.485000000000000142e+01,5.692799999999999727e+01,6.000000000000000000e+01,1.000000000000000000e+00
2.588000000000000000e+03,4.999999999999999289e+01,-6.309578863272665927e+00,5.652121772249329723e+01,-2.116388592206313313e-01,0.000000000000000000e+00,5.485000000000000142e+01,5.696000000000000085e+01,6.000000000000000000e+01,1.000000000000000000e+00
2.589000000000000000e+03,5.000000000000000000e+01,-6.213888567715913247e+00,5.632477490027964251e+01,-1.108863325637303027e-01,0.000000000000000000e+00,5.485000000000000142e+01,5.692799999999999727e+01,6.000000000000000000e+01,1.000000000000000000e+00
2.590000000000000000e+03,5.000000000000000000e+01,-6.405269158829397291e+00,5.669433932548579236e+01,-2.890701666563967320e-01,0.000000000000000000e+00,5.485000000000000142e+01,5.699199999999999733e+01,6.000000000000000000e+01,1.000000000000000000e+00
2.591000000000000000e+03,5.000000000000000000e+01,-6.213888567715913247e+00,5.630731308647979461e+01,-9.342451876388094267e-02,0.000000000000000000e+00,5.485000000000000142e+01,5.692799999999999727e+01,6.000000000000000000e+01,1.000000000000000000e+00
2.592000000000000000e+03,5.000000000000000000e+01,-6.405269158829397291e+00,5.667763988194815283e+01,-2.723707231187513234e-01,0.000000000000000000e+00,5.485000000000000142e+01,5.699199999999999733e+01,6.000000000000000000e+01,1.000000000000000000e+00
2.593000000000000000e+03,5.000000000000000000e+01,-6.213888567715913247e+00,5.629134272866568267e+01,-7.745416094976811938e-02,0.000000000000000000e+00,5.485000000000000142e+01,5.692799999999999727e+01,6.000000000000000000e+01,1.000000000000000000e+00
2.594000000000000000e+03,5.000000000000000000e+01,-6.405269158829397291e+00,5.666236677849797587e+01,-2.570976196685775261e-01,0.000000000000000000e+00,5.485000000000000142e+01,5.699199999999999733e+01,6.000000000000000000e+01,1.000000000000000000e+00
2.595000000000000000e+03,5.000000000000000000e+01,-6.405269158829397291e+00,5.665114208088263581e+01,-2.458729220532343274e-01,0.000000000000000000e+00,5.485000000000000142e+01,5.699199999999999733e+01,6.000000000000000000e+01,1.000000000000000000e+00
2.596000000000000000e+03,5.000000000000000000e+01,-6.405269158829397291e+00,5.664040744551181206e+01,-2.351382866824125173e-01,0.000000000000000000e+00,5.485000000000000142e+01,5.699199999999999733e+01,6.000000000000000000e+01,1.000000000000000000e+00
2.597000000000000000e+03,5.000000000000000000e+01,-6.405269158829397291e+00,5.663014147661952080e+01,-2.248723177901204018e-01,0.000000000000000000e+00,5.485000000000000142e+01,5.699199999999999733e+01,6.000000000000000000e+01,1.000000000000000000e+00
2.598000000000000000e+03,5.000000000000000000e+01,-6.599640071679043096e+00,5.700057944366279372e+01,-4.009393719837540115e-01,0.000000000000000000e+00,5.485000000000000142e+01,5.705700000000000216e+01,6.000000000000000000e+01,1.000000000000000000e+00
2.599000000000000000e+03,5.000000000000000000e+01,-6.500959454386149083e+00,5.679002180870827488e+01,-2.890623543221260139e-01,0.000000000000000000e+00,5.485000000000000142e+01,5.702400000000000091e+01,6.000000000000000000e+01,1.000000000000000000e+00
2.600000000000000000e+03,4.999999999999999289e+01,-6.886710958349258505e+00,5.753206292773929675e+01,-6.453519693900396925e-01,0.000000000000000000e+00,5.485000000000000142e+01,5.715299999999999869e+01,6.000000000000000000e+01,1.000000000000000000e+00
2.601000000000000000e+03,5.000000000000000000e+01,-7.272462462312367926e+00,5.825854869780295076e+01,-9.860862354905854943e-01,0.000000000000000000e+00,5.485000000000000142e+01,5.728199999999999648e+01,6.000000000000000000e+01,1.000000000000000000e+00
2.602000000000000000e+03,5.000000000000000000e+01,-7.081081871198905198e+00,5.784109123731861501e+01,-7.600093661197091510e-01,0.000000000000000000e+00,5.485000000000000142e+01,5.721800000000000352e+01,6.000000000000000000e+01,1.000000000000000000e+00
2.603000000000000000e+03,5.000000000000000000e+01,-7.368152757869119718e+00,5.836951823806910511e+01,-1.001365480199983837e+00,0.000000000000000000e+00,5.485000000000000142e+01,5.731400000000000006e+01,6.000000000000000000e+01,1.000000000000000000e+00
2.604000000000000000e+03,5.000000000000000000e+01,-7.368152757869119718e+00,5.832579933965153884e+01,-9.576465817824209026e-01,0.000000000000000000e+00,5.485000000000000142e+01,5.731400000000000006e+01,6.000000000000000000e+01,1.000000000000000000e+00
2.605000000000000000e+03,5.000000000000000000e+01,-7.272462462312367926e+00,5.809678635550771730e+01,-8.243238931953494886e-01,0.000000000000000000e+00,5.485000000000000142e+01,5.728199999999999648e+01,6.000000000000000000e+01,1.000000000000000000e+00
2.606000000000000000e+03,5.000000000000000000e+01,-7.368152757869119718e+00,5.824799978722130334e+01,-8.798470293521825081e-01,0.000000000000000000e+00,5.485000000000000142e+01,5.731400000000000006e+01,6.000000000000000000e+01,1.000000000000000000e+00
2.607000000000000000e+03,5.000000000000000000e+01,-7.466833375162013731e+00,5.840263920681711340e+01,-9.358058316550994515e-01,0.000000000000000000e+00,5.485000000000000142e+01,5.734700000000000131e+01,6.000000000000000000e+01,1.000000000000000000e+00
2.608000000000000000e+03,5.000000000000000000e+01,-7.368152757869119718e+00,5.816872968598305960e+01,-8.005769281139392124e-01,0.000000000000000000e+00,5.485000000000000142e+01,5.731400000000000006e+01,6.000000000000000000e+01,1.000000000000000000e+00
2.609000000000000000e+03,5.000000000000000000e+01,-7.368152757869119718e+00,5.813377707169015451e+01,-7.656243138210360177e-01,0.000000000000000000e+00,5.485000000000000142e+01,5.731400000000000006e+01,6.000000000000000000e+01,1.000000000000000000e+00
2.610000000000000000e+03,5.000000000000000000e+01,-7.368152757869119718e+00,5.810035046345988974e+01,-7.321977055907689103e-01,0.000000000000000000e+00,5.485000000000000142e+01,5.731400000000000006e+01,6.000000000000000000e+01,1.000000000000000000e+00
2.611000000000000000e+03,5.000000000000000000e+01,-7.562523670718745095e+00,5.844863896806162273e+01,-8.861152973428790824e-01,0.000000000000000000e+00,5.485000000000000142e+01,5.737899999999999778e+01,6.000000000000000000e+01,1.000000000000000000e+00
2.612000000000000000e+03,5.000000000000000000e+01,-7.753904261832229139e+00,5.878435745286770953e+01,-1.030453191035479721e+00,0.000000000000000000e+00,5.485000000000000142e+01,5.744299999999999784e+01,6.000000000000000000e+01,1.000000000000000000e+00
2.613000000000000000e+03,5.000000000000000000e+01,-7.562523670718745095e+00,5.836496296293612573e+01,-8.024392922173763099e-01,0.000000000000000000e+00,5.485000000000000142e+01,5.737899999999999778e+01,6.000000000000000000e+01,1.000000000000000000e+00
2.614000000000000000e+03,5.000000000000000000e+01,-7.948275174681875832e+00,5.908459041319034810e+01,-1.136315238508472047e+00,0.000000000000000000e+00,5.485000000000000142e+01,5.750800000000000267e+01,6.000000000000000000e+01,1.000000000000000000e+00
2.615000000000000000e+03,4.999999999999999289e+01,-8.043965470238607196e+00,5.922218252661141236e+01,-1.178217056372807825e+00,0.000000000000000000e+00,5.485000000000000142e+01,5.753999999999999915e+01,6.000000000000000000e+01,1.000000000000000000e+00
2.616000000000000000e+03,5.000000000000000000e+01,-8.334026678644985253e+00,5.973820096782699807e+01,-1.404174289182006818e+00,0.000000000000000000e+00,5.485000000000000142e+01,5.763700000000000045e+01,6.000000000000000000e+01,1.000000000000000000e+00
2.617000000000000000e+03,5.000000000000000000e+01,-8.334026678644985253e+00,5.967689572581181778e+01,-1.342869047166832086e+00,0.000000000000000000e+00,5.485000000000000142e+01,5.763700000000000045e+01,6.000000000000000000e+01,1.000000000000000000e+00
2.618000000000000000e+03,5.000000000000000000e+01,-8.525407269758469297e+00,5.999267266960691103e+01,-1.467265399848445950e+00,0.000000000000000000e+00,5.485000000000000142e+01,5.770100000000000051e+01,6.000000000000000000e+01,1.000000000000000000e+00
2.619000000000000000e+03,5.000000000000000000e+01,-8.334026678644985253e+00,5.955420727203745912e+01,-1.220180593392472312e+00,0.000000000000000000e+00,5.485000000000000142e+01,5.763700000000000045e+01,6.000000000000000000e+01,1.000000000000000000e+00
2.620000000000000000e+03,5.000000000000000000e+01,-8.525407269758469297e+00,5.987534070569926570e+01,-1.349933435940800841e+00,0.000000000000000000e+00,5.485000000000000142e+01,5.770100000000000051e+01,6.000000000000000000e+01,1.000000000000000000e+00
2.621000000000000000e+03,5.000000000000000000e+01,-8.334026678644985253e+00,5.944199793749206151e+01,-1.107971258847072704e+00,0.000000000000000000e+00,5.485000000000000142e+01,5.763700000000000045e+01,6.000000000000000000e+01,1.000000000000000000e+00
2.622000000000000000e+03,5.000000000000000000e+01,-8.429716974201715729e+00,5.958082752872923749e+01,-1.151110554527518870e+00,0.000000000000000000e+00,5.485000000000000142e+01,5.766899999999999693e+01,6.000000000000000000e+01,1.000000000000000000e+00
2.623000000000000000e+03,5.000000000000000000e+01,-8.621097565315199773e+00,5.990497651073232532e+01,-1.283878945417129325e+00,0.000000000000000000e+00,5.485000000000000142e+01,5.773299999999999699e+01,6.000000000000000000e+01,1.000000000000000000e+00
2.624000000000000000e+03,5.000000000000000000e+01,-8.911158773721577830e+00,6.041638182968128490e+01,-1.505223055959707068e+00,0.000000000000000000e+00,5.485000000000000142e+01,5.782999999999999829e+01,6.000000000000000000e+01,1.000000000000000000e+00
2.625000000000000000e+03,5.000000000000000000e+01,-9.105529686571223635e+00,6.073092060210711907e+01,-1.625390915535898095e+00,0.000000000000000000e+00,5.485000000000000142e+01,5.789500000000000313e+01,6.000000000000000000e+01,1.000000000000000000e+00
2.626000000000000000e+03,4.999999999999999289e+01,-9.201219982127955888e+00,6.084716002236545052e+01,-1.645940040237501067e+00,0.000000000000000000e+00,5.485000000000000142e+01,5.792699999999999960e+01,6.000000000000000000e+01,1.000000000000000000e+00
2.627000000000000000e+03,5.000000000000000000e+01,-9.296910277684707680e+00,6.096250228258270454e+01,-1.665592004897997302e+00,0.000000000000000000e+00,5.485000000000000142e+01,5.795900000000000318e+01,6.000000000000000000e+01,1.000000000000000000e+00
2.628000000000000000e+03,5.000000000000000000e+01,-9.296910277684707680e+00,6.088978373065828720e+01,-1.592873452973581072e+00,0.000000000000000000e+00,5.485000000000000142e+01,5.795900000000000318e+01,6.000000000000000000e+01,1.000000000000000000e+00
2.629000000000000000e+03,5.000000000000000000e+01,-9.392600573241439932e+00,6.100744284000184336e+01,-1.614842266760406764e+00,0.000000000000000000e+00,5.485000000000000142e+01,5.799099999999999966e+01,6.000000000000000000e+01,1.000000000000000000e+00
2.630000000000000000e+03,5.000000000000000000e+01,-9.586971486091064421e+00,6.131719571633239241e+01,-1.730224230241325323e+00,0.000000000000000000e+00,5.485000000000000142e+01,5.805599999999999739e+01,6.000000000000000000e+01,1.000000000000000000e+00
2.631000000000000000e+03,5.000000000000000000e+01,-9.392600573241439932e+00,6.086139963672185615e+01,-1.468799063480416001e+00,0.000000000000000000e+00,5.485000000000000142e+01,5.799099999999999966e+01,6.000000000000000000e+01,1.000000000000000000e+00
2.632000000000000000e+03,5.000000000000000000e+01,-9.488290868798191724e+00,6.098447574489128442e+01,-1.496184876093094696e+00,0.000000000000000000e+00,5.485000000000000142e+01,5.802300000000000324e+01,6.000000000000000000e+01,1.000000000000000000e+00
2.633000000000000000e+03,5.000000000000000000e+01,-9.586971486091064421e+00,6.111220629630120271e+01,-1.525234810210137626e+00,0.000000000000000000e+00,5.485000000000000142e+01,5.805599999999999739e+01,6.000000000000000000e+01,1.000000000000000000e+00
2.634000000000000000e+03,5.000000000000000000e+01,-1.006841328561092652e+01,6.198747983428692976e+01,-1.919066548676002570e+00,0.000000000000000000e+00,5.485000000000000142e+01,5.821699999999999875e+01,6.000000000000000000e+01,1.000000000000000000e+00
2.635000000000000000e+03,5.000000000000000711e+01,-1.006841328561092652e+01,6.190369476564111295e+01,-1.835281480030183543e+00,0.000000000000000000e+00,5.485000000000000142e+01,5.821699999999999875e+01,6.000000000000000000e+01,1.000000000000000000e+00
2.636000000000000000e+03,5.000000000000000000e+01,-9.392600573241439932e+00,6.050144776638813227e+01,-1.108847193146692778e+00,0.000000000000000000e+00,5.485000000000000142e+01,5.799099999999999966e+01,6.000000000000000000e+01,1.000000000000000000e+00
2.637000000000000000e+03,5.000000000000000000e+01,-9.488290868798191724e+00,6.064023911496228436e+01,-1.151948246164092637e+00,0.000000000000000000e+00,5.485000000000000142e+01,5.802300000000000324e+01,6.000000000000000000e+01,1.000000000000000000e+00
2.638000000000000000e+03,5.000000000000000000e+01,-9.392600573241439932e+00,6.040274305955683332e+01,-1.010142486315398269e+00,0.000000000000000000e+00,5.485000000000000142e+01,5.799099999999999966e+01,6.000000000000000000e+01,1.000000000000000000e+00
2.639000000000000000e+03,4.999999999999999289e+01,-9.488290868798191724e+00,6.054584378481374785e+01,-1.057552916015556344e+00,0.000000000000000000e+00,5.485000000000000142e+01,5.802300000000000324e+01,6.000000000000000000e+01,1.000000000000000000e+00
2.640000000000000000e+03,5.000000000000000000e+01,-9.296910277684707680e+00,6.012526614033272665e+01,-8.283558626480157505e-01,0.000000000000000000e+00,5.485000000000000142e+01,5.795900000000000318e+01,6.000000000000000000e+01,1.000000000000000000e+00
2.641000000000000000e+03,5.000000000000000000e+01,-9.296910277684707680e+00,6.008910071768856653e+01,-7.921904400038590754e-01,0.000000000000000000e+00,5.485000000000000142e+01,5.795900000000000318e+01,6.000000000000000000e+01,1.000000000000000000e+00
2.642000000000000000e+03,5.000000000000000000e+01,-9.296910277684707680e+00,6.005451425144951116e+01,-7.576039737648027073e-01,0.000000000000000000e+00,5.485000000000000142e+01,5.795900000000000318e+01,6.000000000000000000e+01,1.000000000000000000e+00
2.643000000000000000e+03,5.000000000000000000e+01,-8.815468478164845578e+00,5.907957361001984964e+01,-2.641051318550070026e-01,0.000000000000000000e+00,5.485000000000000142e+01,5.779800000000000182e+01,6.000000000000000000e+01,1.000000000000000000e+00
2.644000000000000000e+03,5.000000000000000000e+01,-9.105529686571223635e+00,5.963550152201356980e+01,-5.299718354423434974e-01,0.000000000000000000e+00,5.485000000000000142e+01,5.789500000000000313e+01,6.000000000000000000e+01,1.000000000000000000e+00
2.645000000000000000e+03,5.000000000000000000e+01,-9.296910277684707680e+00,5.998676897484459403e+01,-6.898586971598844597e-01,0.000000000000000000e+00,5.485000000000000142e+01,5.795900000000000318e+01,6.000000000000000000e+01,1.000000000000000000e+00
2.646000000000000000e+03,5.000000000000000000e+01,-9.586971486091064421e+00,6.052410879164173707e+01,-9.371373055506677652e-01,0.000000000000000000e+00,5.485000000000000142e+01,5.805599999999999739e+01,6.000000000000000000e+01,1.000000000000000000e+00
2.647000000000000000e+03,5.000000000000000000e+01,-1.006841328561092652e+01,6.142505824473958853e+01,-1.356644959128660011e+00,0.000000000000000000e+00,5.485000000000000142e+01,5.821699999999999875e+01,6.000000000000000000e+01,1.000000000000000000e+00
2.648000000000000000e+03,5.000000000000000000e+01,-1.025979387672441057e+01,6.174023374210221249e+01,-1.480439865377800368e+00,0.000000000000000000e+00,5.485000000000000142e+01,5.828099999999999881e+01,6.000000000000000000e+01,1.000000000000000000e+00
2.649000000000000000e+03,5.000000000000000000e+01,-1.035548417228116236e+01,6.186280162121271076e+01,-1.507317448931545512e+00,0.000000000000000000e+00,5.485000000000000142e+01,5.831300000000000239e+01,6.000000000000000000e+01,1.000000000000000000e+00
2.650000000000000000e+03,5.000000000000000000e+01,-1.045416478957403505e+01,6.199004613247976891e+01,-1.535881342905729641e+00,0.000000000000000000e+00,5.485000000000000142e+01,5.834599999999999653e+01,6.000000000000000000e+01,1.000000000000000000e+00
2.651000000000000000e+03,5.000000000000000000e+01,-1.083991629353716490e+01,6.267765202902234023e+01,-1.837735735485178212e+00,0.000000000000000000e+00,5.485000000000000142e+01,5.847500000000000142e+01,6.000000000000000000e+01,1.000000000000000000e+00
2.652000000000000000e+03,5.000000000000000711e+01,-1.122566779750027521e+01,6.335207917935581889e+01,-2.126411381855539684e+00,0.000000000000000000e+00,5.485000000000000142e+01,5.860399999999999920e+01,6.000000000000000000e+01,1.000000000000000000e+00
2.653000000000000000e+03,5.000000000000000000e+01,-1.122566779750027521e+01,6.325924158405672415e+01,-2.033573786556442720e+00,0.000000000000000000e+00,5.485000000000000142e+01,5.860399999999999920e+01,6.000000000000000000e+01,1.000000000000000000e+00
2.654000000000000000e+03,5.000000000000000711e+01,-1.122566779750027521e+01,6.317045721156035398e+01,-1.944789414060074551e+00,0.000000000000000000e+00,5.485000000000000142e+01,5.860399999999999920e+01,6.000000000000000000e+01,1.000000000000000000e+00
2.655000000000000000e+03,5.000000000000000711e+01,-1.122566779750027521e+01,6.308554910106720826e+01,-1.859881303566926825e+00,0.000000000000000000e+00,5.485000000000000142e+01,5.860399999999999920e+01,6.000000000000000000e+01,1.000000000000000000e+00
2.656000000000000000e+03,5.000000000000000000e+01,-1.122566779750027521e+01,6.300434801775931248e+01,-1.778680220259033939e+00,0.000000000000000000e+00,5.485000000000000142e+01,5.860399999999999920e+01,6.000000000000000000e+01,1.000000000000000000e+00
2.657000000000000000e+03,5.000000000000000711e+01,-1.122566779750027521e+01,6.292669211548943764e+01,-1.701024317989162205e+00,0.000000000000000000e+00,5.485000000000000142e+01,5.860399999999999920e+01,6.000000000000000000e+01,1.000000000000000000e+00
2.658000000000000000e+03,5.000000000000000000e+01,-1.103129688465064895e+01,6.247217088309782440e+01,-1.440873998447171456e+00,0.000000000000000000e+00,5.485000000000000142e+01,5.853900000000000148e+01,6.000000000000000000e+01,1.000000000000000000e+00
2.659000000000000000e+03,5.000000000000000000e+01,-1.103129688465064895e+01,6.240926335810700465e+01,-1.377966473456356811e+00,0.000000000000000000e+00,5.485000000000000142e+01,5.853900000000000148e+01,6.000000000000000000e+01,1.000000000000000000e+00
2.660000000000000000e+03,5.000000000000000000e+01,-1.112698718020738120e+01,6.253630515198734230e+01,-1.409317971779963763e+00,0.000000000000000000e+00,5.485000000000000142e+01,5.857099999999999795e+01,6.000000000000000000e+01,1.000000000000000000e+00
2.661000000000000000e+03,5.000000000000000000e+01,-1.054985508513078685e+01,6.134570832352425640e+01,-7.958532383934709964e-01,0.000000000000000000e+00,5.485000000000000142e+01,5.837800000000000011e+01,6.000000000000000000e+01,1.000000000000000000e+00
2.662000000000000000e+03,5.000000000000000000e+01,-1.045416478957403505e+01,6.112375912067120964e+01,-6.695943310971693707e-01,0.000000000000000000e+00,5.485000000000000142e+01,5.834599999999999653e+01,6.000000000000000000e+01,1.000000000000000000e+00
2.663000000000000000e+03,5.000000000000000000e+01,-1.103129688465064895e+01,6.222359212954435037e+01,-1.192295244893700534e+00,0.000000000000000000e+00,5.485000000000000142e+01,5.853900000000000148e+01,6.000000000000000000e+01,1.000000000000000000e+00
2.664000000000000000e+03,5.000000000000000000e+01,-1.093560658909389716e+01,6.198433455312205353e+01,-1.048727964028163262e+00,0.000000000000000000e+00,5.485000000000000142e+01,5.850699999999999790e+01,6.000000000000000000e+01,1.000000000000000000e+00
2.665000000000000000e+03,4.999999999999999289e+01,-1.093560658909389716e+01,6.193854784264163271e+01,-1.002941253547741773e+00,0.000000000000000000e+00,5.485000000000000142e+01,5.850699999999999790e+01,6.000000000000000000e+01,1.000000000000000000e+00
2.666000000000000000e+03,5.000000000000000000e+01,-1.122566779750027521e+01,6.246221869965373230e+01,-1.236550902153454645e+00,0.000000000000000000e+00,5.485000000000000142e+01,5.860399999999999920e+01,6.000000000000000000e+01,1.000000000000000000e+00
2.667000000000000000e+03,5.000000000000000000e+01,-1.122566779750027521e+01,6.240823177445176384e+01,-1.182563976951483298e+00,0.000000000000000000e+00,5.485000000000000142e+01,5.860399999999999920e+01,6.000000000000000000e+01,1.000000000000000000e+00
2.668000000000000000e+03,5.000000000000000711e+01,-1.180279989257686779e+01,6.348566889662631496e+01,-1.682869004049444062e+00,0.000000000000000000e+00,5.485000000000000142e+01,5.879699999999999704e+01,6.000000000000000000e+01,1.000000000000000000e+00
2.669000000000000000e+03,5.000000000000000000e+01,-1.170710959702013554e+01,6.322499322185043269e+01,-1.517883624830298261e+00,0.000000000000000000e+00,5.485000000000000142e+01,5.876500000000000057e+01,6.000000000000000000e+01,1.000000000000000000e+00
2.670000000000000000e+03,5.000000000000000000e+01,-1.189849018813361958e+01,6.353312915475215306e+01,-1.634638966618533251e+00,0.000000000000000000e+00,5.485000000000000142e+01,5.882900000000000063e+01,6.000000000000000000e+01,1.000000000000000000e+00
2.671000000000000000e+03,5.000000000000000711e+01,-1.218855139653999764e+01,6.402922054283465059e+01,-1.840669146294646730e+00,0.000000000000000000e+00,5.485000000000000142e+01,5.892600000000000193e+01,6.000000000000000000e+01,1.000000000000000000e+00
2.672000000000000000e+03,5.000000000000000000e+01,-1.218855139653999764e+01,6.394885824852914880e+01,-1.760306851989148269e+00,0.000000000000000000e+00,5.485000000000000142e+01,5.892600000000000193e+01,6.000000000000000000e+01,1.000000000000000000e+00
2.673000000000000000e+03,5.000000000000000000e+01,-1.218855139653999764e+01,6.387200451433562876e+01,-1.683453117795630893e+00,0.000000000000000000e+00,5.485000000000000142e+01,5.892600000000000193e+01,6.000000000000000000e+01,1.000000000000000000e+00
2.674000000000000000e+03,5.000000000000000000e+01,-1.218855139653999764e+01,6.379850615903688293e+01,-1.609954762496885960e+00,0.000000000000000000e+00,5.485000000000000142e+01,5.892600000000000193e+01,6.000000000000000000e+01,1.000000000000000000e+00
2.675000000000000000e+03,5.000000000000000000e+01,-1.218855139653999764e+01,6.372821668919774396e+01,-1.539665292657745654e+00,0.000000000000000000e+00,5.485000000000000142e+01,5.892600000000000193e+01,6.000000000000000000e+01,1.000000000000000000e+00
2.676000000000000000e+03,5.000000000000000000e+01,-1.228424169209672812e+01,6.384819882864552198e+01,-1.563957136548793425e+00,0.000000000000000000e+00,5.485000000000000142e+01,5.895799999999999841e+01,6.000000000000000000e+01,1.000000000000000000e+00
2.677000000000000000e+03,5.000000000000000000e+01,-1.237993198765348168e+01,6.396712040361768459e+01,-1.587188415964205790e+00,0.000000000000000000e+00,5.485000000000000142e+01,5.899000000000000199e+01,6.000000000000000000e+01,1.000000000000000000e+00
2.678000000000000000e+03,5.000000000000000711e+01,-1.266999319605985974e+01,6.446528344869749105e+01,-1.795290252637622208e+00,0.000000000000000000e+00,5.485000000000000142e+01,5.908700000000000330e+01,6.000000000000000000e+01,1.000000000000000000e+00
2.679000000000000000e+03,5.000000000000000000e+01,-1.286137378717334379e+01,6.476130800725958636e+01,-1.899934220086245462e+00,0.000000000000000000e+00,5.485000000000000142e+01,5.915100000000000335e+01,6.000000000000000000e+01,1.000000000000000000e+00
2.680000000000000000e+03,5.000000000000000000e+01,-1.315143499557969875e+01,6.524581679491656416e+01,-2.094381799336867189e+00,0.000000000000000000e+00,5.485000000000000142e+01,5.924799999999999756e+01,6.000000000000000000e+01,1.000000000000000000e+00
2.681000000000000000e+03,5.000000000000000000e+01,-1.324712529113645232e+01,6.534158040967427894e+01,-2.094455118537822624e+00,0.000000000000000000e+00,5.485000000000000142e+01,5.928000000000000114e+01,6.000000000000000000e+01,1.000000000000000000e+00
2.682000000000000000e+03,5.000000000000000711e+01,-1.324712529113645232e+01,6.525013800190403401e+01,-2.003012710767571924e+00,0.000000000000000000e+00,5.485000000000000142e+01,5.928000000000000114e+01,6.000000000000000000e+01,1.000000000000000000e+00
2.683000000000000000e+03,5.000000000000000000e+01,-1.315143499557969875e+01,6.497548508258574884e+01,-1.824050087006046983e+00,0.000000000000000000e+00,5.485000000000000142e+01,5.924799999999999756e+01,6.000000000000000000e+01,1.000000000000000000e+00
2.684000000000000000e+03,4.999999999999999289e+01,-1.315143499557969875e+01,6.489584836448513272e+01,-1.744413368905440853e+00,0.000000000000000000e+00,5.485000000000000142e+01,5.924799999999999756e+01,6.000000000000000000e+01,1.000000000000000000e+00
2.685000000000000000e+03,5.000000000000000000e+01,-1.315143499557969875e+01,6.481968852835998973e+01,-1.668253532780288095e+00,0.000000000000000000e+00,5.485000000000000142e+01,5.924799999999999756e+01,6.000000000000000000e+01,1.000000000000000000e+00
2.686000000000000000e+03,5.000000000000000711e+01,-1.315143499557969875e+01,6.474685377603779557e+01,-1.595418780458092822e+00,0.000000000000000000e+00,5.485000000000000142e+01,5.924799999999999756e+01,6.000000000000000000e+01,1.000000000000000000e+00
2.687000000000000000e+03,5.000000000000000000e+01,-1.315143499557969875e+01,6.467719893674535570e+01,-1.525763941165660276e+00,0.000000000000000000e+00,5.485000000000000142e+01,5.924799999999999756e+01,6.000000000000000000e+01,1.000000000000000000e+00
2.688000000000000000e+03,5.000000000000000000e+01,-1.296005440446621648e+01,6.423617953483284282e+01,-1.276125130366624782e+00,0.000000000000000000e+00,5.485000000000000142e+01,5.918399999999999750e+01,6.000000000000000000e+01,1.000000000000000000e+00
2.689000000000000000e+03,5.000000000000000000e+01,-1.257430290050310617e+01,6.342580345319267821e+01,-8.515005526895722543e-01,0.000000000000000000e+00,5.485000000000000142e+01,5.905499999999999972e+01,6.000000000000000000e+01,1.000000000000000000e+00
2.690000000000000000e+03,5.000000000000000711e+01,-1.296005440446621648e+01,6.414328892401455562e+01,-1.183234519548329811e+00,0.000000000000000000e+00,5.485000000000000142e+01,5.918399999999999750e+01,6.000000000000000000e+01,1.000000000000000000e+00
2.691000000000000000e+03,5.000000000000000000e+01,-1.296005440446621648e+01,6.409162975382430716e+01,-1.131575349358084903e+00,0.000000000000000000e+00,5.485000000000000142e+01,5.918399999999999750e+01,6.000000000000000000e+01,1.000000000000000000e+00
2.692000000000000000e+03,5.000000000000000000e+01,-1.237993198765348168e+01,6.290730888081388628e+01,-5.273768931604074783e-01,0.000000000000000000e+00,5.485000000000000142e+01,5.899000000000000199e+01,6.000000000000000000e+01,1.000000000000000000e+00
2.693000000000000000e+03,5.000000000000000000e+01,-1.218855139653999764e+01,6.250987834110624419e+01,-3.213269445662436663e-01,0.000000000000000000e+00,5.485000000000000142e+01,5.892600000000000193e+01,6.000000000000000000e+01,1.000000000000000000e+00
2.694000000000000000e+03,5.000000000000000000e+01,-1.247562228321021216e+01,6.305745790164103681e+01,-5.818356184308204337e-01,0.000000000000000000e+00,5.485000000000000142e+01,5.902199999999999847e+01,6.000000000000000000e+01,1.000000000000000000e+00
2.695000000000000000e+03,5.000000000000000000e+01,-1.218855139653999764e+01,6.247044691159628371e+01,-2.818955150562821310e-01,0.000000000000000000e+00,5.485000000000000142e+01,5.892600000000000193e+01,6.000000000000000000e+01,1.000000000000000000e+00
2.696000000000000000e+03,5.000000000000000000e+01,-1.199418048369035183e+01,6.207788382456077159e+01,-8.370334087041983451e-02,0.000000000000000000e+00,5.485000000000000142e+01,5.886099999999999710e+01,6.000000000000000000e+01,1.000000000000000000e+00
2.697000000000000000e+03,5.000000000000000000e+01,-1.170710959702013554e+01,6.151262093236019268e+01,1.944886646599395807e-01,0.000000000000000000e+00,5.485000000000000142e+01,5.876500000000000057e+01,6.000000000000000000e+01,1.000000000000000000e+00
2.698000000000000000e+03,5.000000000000000000e+01,-1.189849018813361958e+01,6.189551781084826132e+01,2.972377285361593735e-03,0.000000000000000000e+00,5.485000000000000142e+01,5.882900000000000063e+01,6.000000000000000000e+01,1.000000000000000000e+00
2.699000000000000000e+03,5.000000000000000000e+01,-1.160842897972724153e+01,6.132818903014450029e+01,2.802399495827405662e-01,0.000000000000000000e+00,5.485000000000000142e+01,5.873199999999999932e+01,6.000000000000000000e+01,1.000000000000000000e+00
2.700000000000000000e+03,5.000000000000000711e+01,-1.151273868417051105e+01,6.115322128381580313e+01,3.595174003547088049e-01,0.000000000000000000e+00,5.485000000000000142e+01,5.870000000000000284e+01,6.000000000000000000e+01,1.000000000000000000e+00
2.701000000000000000e+03,5.000000000000000000e+01,-1.151273868417051105e+01,6.116891755557296051e+01,3.438211285975529274e-01,0.000000000000000000e+00,5.485000000000000142e+01,5.870000000000000284e+01,6.000000000000000000e+01,1.000000000000000000e+00
2.702000000000000000e+03,5.000000000000000000e+01,-1.151273868417051105e+01,6.118392853936677511e+01,3.288101448037373808e-01,0.000000000000000000e+00,5.485000000000000142e+01,5.870000000000000284e+01,6.000000000000000000e+01,1.000000000000000000e+00
2.703000000000000000e+03,5.000000000000000000e+01,-1.151273868417051105e+01,6.119828415437805802e+01,3.144545297924551397e-01,0.000000000000000000e+00,5.485000000000000142e+01,5.870000000000000284e+01,6.000000000000000000e+01,1.000000000000000000e+00
2.704000000000000000e+03,5.000000000000000000e+01,-1.160842897972724153e+01,6.139921583500185420e+01,2.092131447253908760e-01,0.000000000000000000e+00,5.485000000000000142e+01,5.873199999999999932e+01,6.000000000000000000e+01,1.000000000000000000e+00
2.705000000000000000e+03,5.000000000000000000e+01,-1.160842897972724153e+01,6.140834993079676707e+01,2.000790489304753450e-01,0.000000000000000000e+00,5.485000000000000142e+01,5.873199999999999932e+01,6.000000000000000000e+01,1.000000000000000000e+00
2.706000000000000000e+03,5.000000000000000000e+01,-1.160842897972724153e+01,6.141708523852270218e+01,1.913437412045418118e-01,0.000000000000000000e+00,5.485000000000000142e+01,5.873199999999999932e+01,6.000000000000000000e+01,1.000000000000000000e+00
2.707000000000000000e+03,5.000000000000000000e+01,-1.151273868417051105e+01,6.123823634751641976e+01,2.745023366540925158e-01,0.000000000000000000e+00,5.485000000000000142e+01,5.870000000000000284e+01,6.000000000000000000e+01,1.000000000000000000e+00
2.708000000000000000e+03,5.000000000000000711e+01,-1.151273868417051105e+01,6.125022092258802076e+01,2.625177615824940691e-01,0.000000000000000000e+00,5.485000000000000142e+01,5.870000000000000284e+01,6.000000000000000000e+01,1.000000000000000000e+00
2.709000000000000000e+03,5.000000000000000711e+01,-1.151273868417051105e+01,6.126168225971054682e+01,2.510564244599691741e-01,0.000000000000000000e+00,5.485000000000000142e+01,5.870000000000000284e+01,6.000000000000000000e+01,1.000000000000000000e+00
2.710000000000000000e+03,5.000000000000000711e+01,-1.180279989257686779e+01,6.184010175564085188e+01,-3.730186306398328155e-02,0.000000000000000000e+00,5.485000000000000142e+01,5.879699999999999704e+01,6.000000000000000000e+01,1.000000000000000000e+00
2.711000000000000000e+03,5.000000000000000000e+01,-1.209286110098324585e+01,6.240593173562582763e+01,-3.130706346425847775e-01,0.000000000000000000e+00,5.485000000000000142e+01,5.889399999999999835e+01,6.000000000000000000e+01,1.000000000000000000e+00
2.712000000000000000e+03,5.000000000000000711e+01,-1.180279989257686779e+01,6.182480474377214108e+01,-2.200485119526773836e-02,0.000000000000000000e+00,5.485000000000000142e+01,5.879699999999999704e+01,6.000000000000000000e+01,1.000000000000000000e+00
2.713000000000000000e+03,5.000000000000000000e+01,-1.189849018813361958e+01,6.201104684922098187e+01,-1.125566610873615647e-01,0.000000000000000000e+00,5.485000000000000142e+01,5.882900000000000063e+01,6.000000000000000000e+01,1.000000000000000000e+00
2.714000000000000000e+03,4.999999999999999289e+01,-1.209286110098324585e+01,6.238638843725293981e+01,-2.935273362696962929e-01,0.000000000000000000e+00,5.485000000000000142e+01,5.889399999999999835e+01,6.000000000000000000e+01,1.000000000000000000e+00
2.715000000000000000e+03,5.000000000000000000e+01,-1.218855139653999764e+01,6.256077606581221318e+01,-3.722246692722108175e-01,0.000000000000000000e+00,5.485000000000000142e+01,5.892600000000000193e+01,6.000000000000000000e+01,1.000000000000000000e+00
2.716000000000000000e+03,5.000000000000000000e+01,-1.218855139653999764e+01,6.254452500381118085e+01,-3.559736072711792154e-01,0.000000000000000000e+00,5.485000000000000142e+01,5.892600000000000193e+01,6.000000000000000000e+01,1.000000000000000000e+00
2.717000000000000000e+03,5.000000000000000000e+01,-1.218855139653999764e+01,6.252898345151749027e+01,-3.404320549774911275e-01,0.000000000000000000e+00,5.485000000000000142e+01,5.892600000000000193e+01,6.000000000000000000e+01,1.000000000000000000e+00
2.718000000000000000e+03,5.000000000000000000e+01,-1.218855139653999764e+01,6.251412043224637216e+01,-3.255690357063746876e-01,0.000000000000000000e+00,5.485000000000000142e+01,5.892600000000000193e+01,6.000000000000000000e+01,1.000000000000000000e+00
2.719000000000000000e+03,5.000000000000000000e+01,-1.218855139653999764e+01,6.249990632173288674e+01,-3.113549251928903194e-01,0.000000000000000000e+00,5.485000000000000142e+01,5.892600000000000193e+01,6.000000000000000000e+01,1.000000000000000000e+00
2.720000000000000000e+03,5.000000000000000000e+01,-1.218855139653999764e+01,6.248631278908624864e+01,-2.977613925462512801e-01,0.000000000000000000e+00,5.485000000000000142e+01,5.892600000000000193e+01,6.000000000000000000e+01,1.000000000000000000e+00
2.721000000000000000e+03,5.000000000000000000e+01,-1.189849018813361958e+01,6.190585418775858528e+01,-7.363999624964534529e-03,0.000000000000000000e+00,5.485000000000000142e+01,5.882900000000000063e+01,6.000000000000000000e+01,1.000000000000000000e+00
2.722000000000000000e+03,5.000000000000000000e+01,-1.218855139653999764e+01,6.247299123338184756e+01,-2.844398368418462053e-01,0.000000000000000000e+00,5.485000000000000142e+01,5.892600000000000193e+01,6.000000000000000000e+01,1.000000000000000000e+00
2.723000000000000000e+03,5.000000000000000000e+01,-1.199418048369035183e+01,6.208031706308264575e+01,-8.613657939229632521e-02,0.000000000000000000e+00,5.485000000000000142e+01,5.886099999999999710e+01,6.000000000000000000e+01,1.000000000000000000e+00
2.724000000000000000e+03,5.000000000000000000e+01,-1.209286110098324585e+01,6.226960931146163603e+01,-1.767482104783908714e-01,0.000000000000000000e+00,5.485000000000000142e+01,5.889399999999999835e+01,6.000000000000000000e+01,1.000000000000000000e+00
2.725000000000000000e+03,5.000000000000000000e+01,-1.218855139653999764e+01,6.244909543286763665e+01,-2.605440363276353422e-01,0.000000000000000000e+00,5.485000000000000142e+01,5.892600000000000193e+01,6.000000000000000000e+01,1.000000000000000000e+00
2.726000000000000000e+03,5.000000000000000000e+01,-1.218855139653999764e+01,6.243772026717365264e+01,-2.491688706336523118e-01,0.000000000000000000e+00,5.485000000000000142e+01,5.892600000000000193e+01,6.000000000000000000e+01,1.000000000000000000e+00
2.727000000000000000e+03,5.000000000000000000e+01,-1.218855139653999764e+01,6.242684173305254802e+01,-2.382903365125479955e-01,0.000000000000000000e+00,5.485000000000000142e+01,5.892600000000000193e+01,6.000000000000000000e+01,1.000000000000000000e+00
2.728000000000000000e+03,4.999999999999999289e+01,-1.209286110098324585e+01,6.222923532646191092e+01,-1.363742254786714514e-01,0.000000000000000000e+00,5.485000000000000142e+01,5.889399999999999835e+01,6.000000000000000000e+01,1.000000000000000000e+00
2.729000000000000000e+03,5.000000000000000000e+01,-1.218855139653999764e+01,6.241048414708595260e+01,-2.219327505459500749e-01,0.000000000000000000e+00,5.485000000000000142e+01,5.892600000000000193e+01,6.000000000000000000e+01,1.000000000000000000e+00
2.730000000000000000e+03,5.000000000000000000e+01,-1.237993198765348168e+01,6.277520036535527481e+01,-3.952683777017952926e-01,0.000000000000000000e+00,5.485000000000000142e+01,5.899000000000000199e+01,6.000000000000000000e+01,1.000000000000000000e+00
2.731000000000000000e+03,5.000000000000000000e+01,-1.218855139653999764e+01,6.238353758864888476e+01,-1.949861921088852090e-01,0.000000000000000000e+00,5.485000000000000142e+01,5.892600000000000193e+01,6.000000000000000000e+01,1.000000000000000000e+00
2.732000000000000000e+03,5.000000000000000000e+01,-1.228424169209672812e+01,6.256222745286202525e+01,-2.779857607652952423e-01,0.000000000000000000e+00,5.485000000000000142e+01,5.895799999999999841e+01,6.000000000000000000e+01,1.000000000000000000e+00
2.733000000000000000e+03,4.999999999999999289e+01,-1.237993198765348168e+01,6.273729361545722583e+01,-3.573616278037444749e-01,0.000000000000000000e+00,5.485000000000000142e+01,5.899000000000000199e+01,6.000000000000000000e+01,1.000000000000000000e+00
2.734000000000000000e+03,4.999999999999999289e+01,-1.305574470002296827e+01,6.404381138977404930e+01,-9.880666897510843594e-01,0.000000000000000000e+00,5.485000000000000142e+01,5.921600000000000108e+01,6.000000000000000000e+01,1.000000000000000000e+00
2.735000000000000000e+03,5.000000000000000000e+01,-1.315143499557969875e+01,6.418787592847023404e+01,-1.036440932890536404e+00,0.000000000000000000e+00,5.485000000000000142e+01,5.924799999999999756e+01,6.000000000000000000e+01,1.000000000000000000e+00
2.736000000000000000e+03,4.999999999999999289e+01,-1.334580590842934633e+01,6.452288139205296602e+01,-1.177075483623623908e+00,0.000000000000000000e+00,5.485000000000000142e+01,5.931300000000000239e+01,6.000000000000000000e+01,1.000000000000000000e+00
2.737000000000000000e+03,5.000000000000000000e+01,-1.324712529113645232e+01,6.427843821131729385e+01,-1.031312920180839754e+00,0.000000000000000000e+00,5.485000000000000142e+01,5.928000000000000114e+01,6.000000000000000000e+01,1.000000000000000000e+00
2.738000000000000000e+03,5.000000000000000000e+01,-1.344149620398607681e+01,6.461366756025570623e+01,-1.172171356269625875e+00,0.000000000000000000e+00,5.485000000000000142e+01,5.934499999999999886e+01,6.000000000000000000e+01,1.000000000000000000e+00
2.739000000000000000e+03,5.000000000000000000e+01,-1.353718649954283038e+01,6.474969422130098451e+01,-1.212507721758157020e+00,0.000000000000000000e+00,5.485000000000000142e+01,5.937700000000000244e+01,6.000000000000000000e+01,1.000000000000000000e+00
2.740000000000000000e+03,5.000000000000000000e+01,-1.392293800350593891e+01,6.545141837813251584e+01,-1.528480374626572713e+00,0.000000000000000000e+00,5.485000000000000142e+01,5.950600000000000023e+01,6.000000000000000000e+01,1.000000000000000000e+00
2.741000000000000000e+03,5.000000000000000711e+01,-1.363287679509956085e+01,6.481722746904905819e+01,-1.184350673949490007e+00,0.000000000000000000e+00,5.485000000000000142e+01,5.940899999999999892e+01,6.000000000000000000e+01,1.000000000000000000e+00
2.742000000000000000e+03,5.000000000000000000e+01,-1.363287679509956085e+01,6.476551956835845658e+01,-1.132642773258895730e+00,0.000000000000000000e+00,5.485000000000000142e+01,5.940899999999999892e+01,6.000000000000000000e+01,1.000000000000000000e+00
2.743000000000000000e+03,5.000000000000000000e+01,-1.353718649954283038e+01,6.452886637604902376e+01,-9.916798765061981547e-01,0.000000000000000000e+00,5.485000000000000142e+01,5.937700000000000244e+01,6.000000000000000000e+01,1.000000000000000000e+00
2.744000000000000000e+03,5.000000000000000000e+01,-1.353718649954283038e+01,6.448557034413961730e+01,-9.483838445967924802e-01,0.000000000000000000e+00,5.485000000000000142e+01,5.937700000000000244e+01,6.000000000000000000e+01,1.000000000000000000e+00
2.745000000000000000e+03,4.999999999999999289e+01,-1.344149620398607681e+01,6.425696176445559615e+01,-8.154655604695254523e-01,0.000000000000000000e+00,5.485000000000000142e+01,5.934499999999999886e+01,6.000000000000000000e+01,1.000000000000000000e+00
2.746000000000000000e+03,5.000000000000000000e+01,-1.344149620398607681e+01,6.422135912315617645e+01,-7.798629191700987562e-01,0.000000000000000000e+00,5.485000000000000142e+01,5.934499999999999886e+01,6.000000000000000000e+01,1.000000000000000000e+00
2.747000000000000000e+03,5.000000000000000711e+01,-1.344149620398607681e+01,6.418731086763212090e+01,-7.458146636460392109e-01,0.000000000000000000e+00,5.485000000000000142e+01,5.934499999999999886e+01,6.000000000000000000e+01,1.000000000000000000e+00
2.748000000000000000e+03,5.000000000000000000e+01,-1.382724770794918712e+01,6.490941050854334549e+01,-1.082162800594164365e+00,0.000000000000000000e+00,5.485000000000000142e+01,5.947399999999999665e+01,6.000000000000000000e+01,1.000000000000000000e+00
2.749000000000000000e+03,5.000000000000000000e+01,-1.411431859461942295e+01,6.542377252147959155e+01,-1.309453926860175255e+00,0.000000000000000000e+00,5.485000000000000142e+01,5.957000000000000028e+01,6.000000000000000000e+01,1.000000000000000000e+00
2.750000000000000000e+03,4.999999999999999289e+01,-1.411431859461942295e+01,6.536660270252453131e+01,-1.252284107905116128e+00,0.000000000000000000e+00,5.485000000000000142e+01,5.957000000000000028e+01,6.000000000000000000e+01,1.000000000000000000e+00
2.751000000000000000e+03,4.999999999999999289e+01,-1.411431859461942295e+01,6.531192887684751724e+01,-1.197610282228103173e+00,0.000000000000000000e+00,5.485000000000000142e+01,5.957000000000000028e+01,6.000000000000000000e+01,1.000000000000000000e+00
2.752000000000000000e+03,5.000000000000000711e+01,-1.469444101143217907e+01,6.639455917629973669e+01,-1.700118164867555848e+00,0.000000000000000000e+00,5.485000000000000142e+01,5.976400000000000290e+01,6.000000000000000000e+01,1.000000000000000000e+00
2.753000000000000000e+03,5.000000000000000711e+01,-1.459576039413928505e+01,6.612728032736748673e+01,-1.531519933228194352e+00,0.000000000000000000e+00,5.485000000000000142e+01,5.973100000000000165e+01,6.000000000000000000e+01,1.000000000000000000e+00
2.754000000000000000e+03,4.999999999999999289e+01,-1.469444101143217907e+01,6.625346817553469236e+01,-1.559027164102521956e+00,0.000000000000000000e+00,5.485000000000000142e+01,5.976400000000000290e+01,6.000000000000000000e+01,1.000000000000000000e+00
2.755000000000000000e+03,5.000000000000000000e+01,-1.498151189810239359e+01,6.674701063249518995e+01,-1.765498734392791924e+00,0.000000000000000000e+00,5.485000000000000142e+01,5.985999999999999943e+01,6.000000000000000000e+01,1.000000000000000000e+00
2.756000000000000000e+03,5.000000000000000000e+01,-1.479013130698890954e+01,6.629552458151248118e+01,-1.505393274523569636e+00,0.000000000000000000e+00,5.485000000000000142e+01,5.979599999999999937e+01,6.000000000000000000e+01,1.000000000000000000e+00
2.757000000000000000e+03,4.999999999999998579e+01,-1.430868950746904744e+01,6.528793599572678374e+01,-9.792464882577494034e-01,0.000000000000000000e+00,5.485000000000000142e+01,5.963499999999999801e+01,6.000000000000000000e+01,1.000000000000000000e+00
2.758000000000000000e+03,4.999999999999999289e+01,-1.421299921191231697e+01,6.505797997516354769e+01,-8.449807632512331690e-01,0.000000000000000000e+00,5.485000000000000142e+01,5.960300000000000153e+01,6.000000000000000000e+01,1.000000000000000000e+00
2.759000000000000000e+03,4.999999999999999289e+01,-1.401862829906267116e+01,6.464083299018764706e+01,-6.222046911249836665e-01,0.000000000000000000e+00,5.485000000000000142e+01,5.953799999999999670e+01,6.000000000000000000e+01,1.000000000000000000e+00
2.760000000000000000e+03,5.000000000000000711e+01,-1.392293800350593891e+01,6.442646515832106502e+01,-5.035271548151200038e-01,0.000000000000000000e+00,5.485000000000000142e+01,5.950600000000000023e+01,6.000000000000000000e+01,1.000000000000000000e+00
2.761000000000000000e+03,4.999999999999999289e+01,-1.372856709065631442e+01,6.402422579290738724e+01,-2.956587022510784868e-01,0.000000000000000000e+00,5.485000000000000142e+01,5.944100000000000250e+01,6.000000000000000000e+01,1.000000000000000000e+00
2.762000000000000000e+03,5.000000000000000000e+01,-1.363287679509956085e+01,6.382411472462860047e+01,-1.912379295290403958e-01,0.000000000000000000e+00,5.485000000000000142e+01,5.940899999999999892e+01,6.000000000000000000e+01,1.000000000000000000e+00
2.763000000000000000e+03,5.000000000000000000e+01,-1.315143499557969875e+01,6.287390121834060608e+01,2.775337772390933377e-01,0.000000000000000000e+00,5.485000000000000142e+01,5.924799999999999756e+01,6.000000000000000000e+01,1.000000000000000000e+00
2.764000000000000000e+03,5.000000000000000000e+01,-1.334580590842934633e+01,6.326627387503242517e+01,7.953203339692097029e-02,0.000000000000000000e+00,5.485000000000000142e+01,5.931300000000000239e+01,6.000000000000000000e+01,1.000000000000000000e+00
2.765000000000000000e+03,5.000000000000000000e+01,-1.344149620398607681e+01,6.345694900801303362e+01,-1.545280402695359268e-02,0.000000000000000000e+00,5.485000000000000142e+01,5.934499999999999886e+01,6.000000000000000000e+01,1.000000000000000000e+00
2.766000000000000000e+03,5.000000000000000711e+01,-1.324712529113645232e+01,6.307601861857691716e+01,1.711066725595414284e-01,0.000000000000000000e+00,5.485000000000000142e+01,5.928000000000000114e+01,6.000000000000000000e+01,1.000000000000000000e+00
2.767000000000000000e+03,5.000000000000000000e+01,-1.315143499557969875e+01,6.289628619167299917e+01,2.551488039066983626e-01,0.000000000000000000e+00,5.485000000000000142e+01,5.924799999999999756e+01,6.000000000000000000e+01,1.000000000000000000e+00
2.768000000000000000e+03,5.000000000000000000e+01,-1.315143499557969875e+01,6.290742580539039608e+01,2.440091901893053083e-01,0.000000000000000000e+00,5.485000000000000142e+01,5.924799999999999756e+01,6.000000000000000000e+01,1.000000000000000000e+00
2.769000000000000000e+03,5.000000000000000000e+01,-1.315143499557969875e+01,6.291807907156520230e+01,2.333559240144941482e-01,0.000000000000000000e+00,5.485000000000000142e+01,5.924799999999999756e+01,6.000000000000000000e+01,1.000000000000000000e+00
2.770000000000000000e+03,5.000000000000000711e+01,-1.324712529113645232e+01,6.311547004524646098e+01,1.316552458899981626e-01,0.000000000000000000e+00,5.485000000000000142e+01,5.928000000000000114e+01,6.000000000000000000e+01,1.000000000000000000e+00
2.771000000000000000e+03,5.000000000000000000e+01,-1.296005440446621648e+01,6.255960955443084970e+01,4.004448500353727791e-01,0.000000000000000000e+00,5.485000000000000142e+01,5.918399999999999750e+01,6.000000000000000000e+01,1.000000000000000000e+00
2.772000000000000000e+03,5.000000000000000000e+01,-1.276568349161659022e+01,6.219683695817771252e+01,5.688465334388810302e-01,0.000000000000000000e+00,5.485000000000000142e+01,5.911899999999999977e+01,6.000000000000000000e+01,1.000000000000000000e+00
2.773000000000000000e+03,5.000000000000000000e+01,-1.237993198765348168e+01,6.146701101567064995e+01,9.129209719828308423e-01,0.000000000000000000e+00,5.485000000000000142e+01,5.899000000000000199e+01,6.000000000000000000e+01,1.000000000000000000e+00
2.774000000000000000e+03,5.000000000000000000e+01,-1.218855139653999764e+01,6.113246284738712433e+01,1.056088549152872424e+00,0.000000000000000000e+00,5.485000000000000142e+01,5.892600000000000193e+01,6.000000000000000000e+01,1.000000000000000000e+00
2.775000000000000000e+03,5.000000000000000000e+01,-1.218855139653999764e+01,6.117857091573310413e+01,1.009980480806892622e+00,0.000000000000000000e+00,5.485000000000000142e+01,5.892600000000000193e+01,6.000000000000000000e+01,1.000000000000000000e+00
2.776000000000000000e+03,5.000000000000000000e+01,-1.218855139653999764e+01,6.122266593889617781e+01,9.658854576438217210e-01,0.000000000000000000e+00,5.485000000000000142e+01,5.892600000000000193e+01,6.000000000000000000e+01,1.000000000000000000e+00
2.777000000000000000e+03,5.000000000000000000e+01,-1.218855139653999764e+01,6.126483580498472747e+01,9.237155915552700547e-01,0.000000000000000000e+00,5.485000000000000142e+01,5.892600000000000193e+01,6.000000000000000000e+01,1.000000000000000000e+00
2.778000000000000000e+03,5.000000000000000000e+01,-1.218855139653999764e+01,6.130516456497539934e+01,8.833868315646032920e-01,0.000000000000000000e+00,5.485000000000000142e+01,5.892600000000000193e+01,6.000000000000000000e+01,1.000000000000000000e+00
2.779000000000000000e+03,5.000000000000000000e+01,-1.228424169209672812e+01,6.153093542170368124e+01,7.533062703930468729e-01,0.000000000000000000e+00,5.485000000000000142e+01,5.895799999999999841e+01,6.000000000000000000e+01,1.000000000000000000e+00
2.780000000000000000e+03,4.999999999999999289e+01,-1.237993198765348168e+01,6.175102705445993223e+01,6.289049331935437914e-01,0.000000000000000000e+00,5.485000000000000142e+01,5.899000000000000199e+01,6.000000000000000000e+01,1.000000000000000000e+00
2.781000000000000000e+03,5.000000000000000000e+01,-1.257430290050310617e+01,6.215874032372302338e+01,4.155625767800792403e-01,0.000000000000000000e+00,5.485000000000000142e+01,5.905499999999999972e+01,6.000000000000000000e+01,1.000000000000000000e+00
2.782000000000000000e+03,5.000000000000000000e+01,-1.247562228321021216e+01,6.198383057803728491e+01,4.917917051729268074e-01,0.000000000000000000e+00,5.485000000000000142e+01,5.902199999999999847e+01,6.000000000000000000e+01,1.000000000000000000e+00
2.783000000000000000e+03,5.000000000000000711e+01,-1.296005440446621648e+01,6.295301613470284252e+01,7.038269763379123578e-03,0.000000000000000000e+00,5.485000000000000142e+01,5.918399999999999750e+01,6.000000000000000000e+01,1.000000000000000000e+00
2.784000000000000000e+03,5.000000000000000711e+01,-1.296005440446621648e+01,6.295332342051097640e+01,6.730983955245290265e-03,0.000000000000000000e+00,5.485000000000000142e+01,5.918399999999999750e+01,6.000000000000000000e+01,1.000000000000000000e+00
2.785000000000000000e+03,5.000000000000000000e+01,-1.257430290050310617e+01,6.219895591641353150e+01,3.753469840895743981e-01,0.000000000000000000e+00,5.485000000000000142e+01,5.905499999999999972e+01,6.000000000000000000e+01,1.000000000000000000e+00
2.786000000000000000e+03,5.000000000000000000e+01,-1.305574470002296827e+01,6.315720749193123851e+01,-1.014627919082655705e-01,0.000000000000000000e+00,5.485000000000000142e+01,5.921600000000000108e+01,6.000000000000000000e+01,1.000000000000000000e+00
2.787000000000000000e+03,5.000000000000000000e+01,-1.247562228321021216e+01,6.201786059410595442e+01,4.577616891042574632e-01,0.000000000000000000e+00,5.485000000000000142e+01,5.902199999999999847e+01,6.000000000000000000e+01,1.000000000000000000e+00
2.788000000000000000e+03,5.000000000000000000e+01,-1.247562228321021216e+01,6.203784614102275441e+01,4.377761421874571401e-01,0.000000000000000000e+00,5.485000000000000142e+01,5.902199999999999847e+01,6.000000000000000000e+01,1.000000000000000000e+00
2.789000000000000000e+03,5.000000000000000000e+01,-1.228424169209672812e+01,6.168255349037170987e+01,6.016882017250210213e-01,0.000000000000000000e+00,5.485000000000000142e+01,5.895799999999999841e+01,6.000000000000000000e+01,1.000000000000000000e+00
2.790000000000000000e+03,5.000000000000000000e+01,-1.276568349161659022e+01,6.265068696105873158e+01,1.149965305578614649e-01,0.000000000000000000e+00,5.485000000000000142e+01,5.911899999999999977e+01,6.000000000000000000e+01,1.000000000000000000e+00
2.791000000000000000e+03,5.000000000000000000e+01,-1.247562228321021216e+01,6.208824907451307240e+01,3.873732086971396482e-01,0.000000000000000000e+00,5.485000000000000142e+01,5.902199999999999847e+01,6.000000000000000000e+01,1.000000000000000000e+00
2.792000000000000000e+03,5.000000000000000000e+01,-1.247562228321021216e+01,6.210516151087680470e+01,3.704607723334121805e-01,0.000000000000000000e+00,5.485000000000000142e+01,5.902199999999999847e+01,6.000000000000000000e+01,1.000000000000000000e+00
2.793000000000000000e+03,5.000000000000000000e+01,-1.228424169209672812e+01,6.174692991947456733e+01,5.373117726221611212e-01,0.000000000000000000e+00,5.485000000000000142e+01,5.895799999999999841e+01,6.000000000000000000e+01,1.000000000000000000e+00
2.794000000000000000e+03,5.000000000000000000e+01,-1.257430290050310617e+01,6.233784711852654681e+01,2.364557819765591984e-01,0.000000000000000000e+00,5.485000000000000142e+01,5.905499999999999972e+01,6.000000000000000000e+01,1.000000000000000000e+00
2.795000000000000000e+03,5.000000000000000000e+01,-1.237993198765348168e+01,6.196791487721891656e+01,4.120171104345606850e-01,0.000000000000000000e+00,5.485000000000000142e+01,5.899000000000000199e+01,6.000000000000000000e+01,1.000000000000000000e+00
2.796000000000000000e+03,5.000000000000000000e+01,-1.218855139653999764e+01,6.161149760572283185e+01,5.770537908171677888e-01,0.000000000000000000e+00,5.485000000000000142e+01,5.892600000000000193e+01,6.000000000000000000e+01,1.000000000000000000e+00
2.797000000000000000e+03,5.000000000000000000e+01,-1.257430290050310617e+01,6.239135273423977424e+01,1.829501662633332137e-01,0.000000000000000000e+00,5.485000000000000142e+01,5.905499999999999972e+01,6.000000000000000000e+01,1.000000000000000000e+00
2.798000000000000000e+03,5.000000000000000000e+01,-1.218855139653999764e+01,6.164467883321023578e+01,5.438725633297647466e-01,0.000000000000000000e+00,5.485000000000000142e+01,5.892600000000000193e+01,6.000000000000000000e+01,1.000000000000000000e+00
2.799000000000000000e+03,5.000000000000000000e+01,-1.218855139653999764e+01,6.166842391911389853e+01,5.201274774260995493e-01,0.000000000000000000e+00,5.485000000000000142e+01,5.892600000000000193e+01,6.000000000000000000e+01,1.000000000000000000e+00
2.800000000000000000e+03,5.000000000000000000e+01,-1.218855139653999764e+01,6.169113231160335431e+01,4.974190849366424416e-01,0.000000000000000000e+00,5.485000000000000142e+01,5.892600000000000193e+01,6.000000000000000000e+01,1.000000000000000000e+00
2.801000000000000000e+03,5.000000000000000000e+01,-1.218855139653999764e+01,6.171284927196927583e+01,4.757021245707237500e-01,0.000000000000000000e+00,5.485000000000000142e+01,5.892600000000000193e+01,6.000000000000000000e+01,1.000000000000000000e+00
2.802000000000000000e+03,5.000000000000000000e+01,-1.257430290050310617e+01,6.248827945945450324e+01,8.602344104860326635e-02,0.000000000000000000e+00,5.485000000000000142e+01,5.905499999999999972e+01,6.000000000000000000e+01,1.000000000000000000e+00
2.803000000000000000e+03,5.000000000000000000e+01,-1.228424169209672812e+01,6.192457662860814338e+01,3.596650634885829589e-01,0.000000000000000000e+00,5.485000000000000142e+01,5.895799999999999841e+01,6.000000000000000000e+01,1.000000000000000000e+00
2.804000000000000000e+03,5.000000000000000000e+01,-1.276568349161659022e+01,6.288214354272368922e+01,-1.164600511070983391e-01,0.000000000000000000e+00,5.485000000000000142e+01,5.911899999999999977e+01,6.000000000000000000e+01,1.000000000000000000e+00
2.805000000000000000e+03,5.000000000000000000e+01,-1.276568349161659022e+01,6.287705898044874431e+01,-1.113754888321549369e-01,0.000000000000000000e+00,5.485000000000000142e+01,5.911899999999999977e+01,6.000000000000000000e+01,1.000000000000000000e+00
2.806000000000000000e+03,5.000000000000000000e+01,-1.296005440446621648e+01,6.325245213761391483e+01,-2.923977331476983466e-01,0.000000000000000000e+00,5.485000000000000142e+01,5.918399999999999750e+01,6.000000000000000000e+01,1.000000000000000000e+00
2.807000000000000000e+03,5.000000000000000000e+01,-1.276568349161659022e+01,6.285943053127158464e+01,-9.374703965499345260e-02,0.000000000000000000e+00,5.485000000000000142e+01,5.911899999999999977e+01,6.000000000000000000e+01,1.000000000000000000e+00
2.808000000000000000e+03,5.000000000000000000e+01,-1.276568349161659022e+01,6.285533760278077864e+01,-8.965411116418370296e-02,0.000000000000000000e+00,5.485000000000000142e+01,5.911899999999999977e+01,6.000000000000000000e+01,1.000000000000000000e+00
2.809000000000000000e+03,5.000000000000000000e+01,-1.257430290050310617e+01,6.247701772568287026e+01,9.728517482023632534e-02,0.000000000000000000e+00,5.485000000000000142e+01,5.905499999999999972e+01,6.000000000000000000e+01,1.000000000000000000e+00
2.810000000000000000e+03,5.000000000000000000e+01,-1.296005440446621648e+01,6.323592650064415466e+01,-2.758720961779357883e-01,0.000000000000000000e+00,5.485000000000000142e+01,5.918399999999999750e+01,6.000000000000000000e+01,1.000000000000000000e+00
2.811000000000000000e+03,5.000000000000000000e+01,-1.247562228321021216e+01,6.227616783919184940e+01,1.994544440183610434e-01,0.000000000000000000e+00,5.485000000000000142e+01,5.902199999999999847e+01,6.000000000000000000e+01,1.000000000000000000e+00
2.812000000000000000e+03,5.000000000000000000e+01,-1.218855139653999764e+01,6.172326741272279094e+01,4.652839838172050380e-01,0.000000000000000000e+00,5.485000000000000142e+01,5.892600000000000193e+01,6.000000000000000000e+01,1.000000000000000000e+00
2.813000000000000000e+03,5.000000000000000000e+01,-1.237993198765348168e+01,6.211798702055820343e+01,2.619449670952725961e-01,0.000000000000000000e+00,5.485000000000000142e+01,5.899000000000000199e+01,6.000000000000000000e+01,1.000000000000000000e+00
2.814000000000000000e+03,5.000000000000000000e+01,-1.218855139653999764e+01,6.175501770695592541e+01,4.335336895840705695e-01,0.000000000000000000e+00,5.485000000000000142e+01,5.892600000000000193e+01,6.000000000000000000e+01,1.000000000000000000e+00
2.815000000000000000e+03,5.000000000000000000e+01,-1.218855139653999764e+01,6.177394547679649861e+01,4.146059197435004728e-01,0.000000000000000000e+00,5.485000000000000142e+01,5.892600000000000193e+01,6.000000000000000000e+01,1.000000000000000000e+00
2.816000000000000000e+03,5.000000000000000000e+01,-1.209286110098324585e+01,6.160484405232165273e+01,4.880170486615916792e-01,0.000000000000000000e+00,5.485000000000000142e+01,5.889399999999999835e+01,6.000000000000000000e+01,1.000000000000000000e+00
2.817000000000000000e+03,5.000000000000000000e+01,-1.218855139653999764e+01,6.181335334799371850e+01,3.751980485462824699e-01,0.000000000000000000e+00,5.485000000000000142e+01,5.892600000000000193e+01,6.000000000000000000e+01,1.000000000000000000e+00
2.818000000000000000e+03,5.000000000000000000e+01,-1.228424169209672812e+01,6.201693704706475074e+01,2.673046450319740419e-01,0.000000000000000000e+00,5.485000000000000142e+01,5.895799999999999841e+01,6.000000000000000000e+01,1.000000000000000000e+00
2.819000000000000000e+03,5.000000000000000000e+01,-1.218855139653999764e+01,6.184140455462004127e+01,3.471468419199580380e-01,0.000000000000000000e+00,5.485000000000000142e+01,5.892600000000000193e+01,6.000000000000000000e+01,1.000000000000000000e+00
2.820000000000000000e+03,5.000000000000000000e+01,-1.218855139653999764e+01,6.185656073667141897e+01,3.319906598685801180e-01,0.000000000000000000e+00,5.485000000000000142e+01,5.892600000000000193e+01,6.000000000000000000e+01,1.000000000000000000e+00
2.821000000000000000e+03,5.000000000000000000e+01,-1.218855139653999764e+01,6.187105521068851743e+01,3.174961858514854796e-01,0.000000000000000000e+00,5.485000000000000142e+01,5.892600000000000193e+01,6.000000000000000000e+01,1.000000000000000000e+00
2.822000000000000000e+03,4.999999999999999289e+01,-1.237993198765348168e+01,6.225932250929779599e+01,1.206094783556792283e-01,0.000000000000000000e+00,5.485000000000000142e+01,5.899000000000000199e+01,6.000000000000000000e+01,1.000000000000000000e+00
2.823000000000000000e+03,5.000000000000000711e+01,-1.266999319605985974e+01,6.283204678515279085e+01,-1.620535890929262202e-01,0.000000000000000000e+00,5.485000000000000142e+01,5.908700000000000330e+01,6.000000000000000000e+01,1.000000000000000000e+00
2.824000000000000000e+03,5.000000000000000000e+01,-1.257430290050310617e+01,6.263776882025705106e+01,-6.346591975394234864e-02,0.000000000000000000e+00,5.485000000000000142e+01,5.905499999999999972e+01,6.000000000000000000e+01,1.000000000000000000e+00
2.825000000000000000e+03,5.000000000000000000e+01,-1.286137378717334379e+01,6.319660640812808339e+01,-3.352326209547386582e-01,0.000000000000000000e+00,5.485000000000000142e+01,5.915100000000000335e+01,6.000000000000000000e+01,1.000000000000000000e+00
2.826000000000000000e+03,5.000000000000000000e+01,-1.315143499557969875e+01,6.374942894497937829e+01,-5.979939493996777600e-01,0.000000000000000000e+00,5.485000000000000142e+01,5.924799999999999756e+01,6.000000000000000000e+01,1.000000000000000000e+00
2.827000000000000000e+03,5.000000000000000000e+01,-1.286137378717334379e+01,6.315586240562686982e+01,-2.944886184535267515e-01,0.000000000000000000e+00,5.485000000000000142e+01,5.915100000000000335e+01,6.000000000000000000e+01,1.000000000000000000e+00
2.828000000000000000e+03,5.000000000000000000e+01,-1.315143499557969875e+01,6.371046379639484059e+01,-5.590288008151393928e-01,0.000000000000000000e+00,5.485000000000000142e+01,5.924799999999999756e+01,6.000000000000000000e+01,1.000000000000000000e+00
2.829000000000000000e+03,5.000000000000000000e+01,-1.315143499557969875e+01,6.368605700003668346e+01,-5.346220044569823804e-01,0.000000000000000000e+00,5.485000000000000142e+01,5.924799999999999756e+01,6.000000000000000000e+01,1.000000000000000000e+00
2.830000000000000000e+03,5.000000000000000000e+01,-1.315143499557969875e+01,6.366271578689642041e+01,-5.112807913167203289e-01,0.000000000000000000e+00,5.485000000000000142e+01,5.924799999999999756e+01,6.000000000000000000e+01,1.000000000000000000e+00
2.831000000000000000e+03,5.000000000000000000e+01,-1.315143499557969875e+01,6.364039363437527896e+01,-4.889586387955821012e-01,0.000000000000000000e+00,5.485000000000000142e+01,5.924799999999999756e+01,6.000000000000000000e+01,1.000000000000000000e+00
2.832000000000000000e+03,5.000000000000000000e+01,-1.324712529113645232e+01,6.380624887248202981e+01,-5.591235813455769366e-01,0.000000000000000000e+00,5.485000000000000142e+01,5.928000000000000114e+01,6.000000000000000000e+01,1.000000000000000000e+00
2.833000000000000000e+03,5.000000000000000000e+01,-1.344149620398607681e+01,6.416209366917311741e+01,-7.205974651870379333e-01,0.000000000000000000e+00,5.485000000000000142e+01,5.934499999999999886e+01,6.000000000000000000e+01,1.000000000000000000e+00
2.834000000000000000e+03,4.999999999999999289e+01,-1.344149620398607681e+01,6.413063290084886603e+01,-6.891366968627955503e-01,0.000000000000000000e+00,5.485000000000000142e+01,5.934499999999999886e+01,6.000000000000000000e+01,1.000000000000000000e+00
2.835000000000000000e+03,5.000000000000000000e+01,-1.344149620398607681e+01,6.410054568709756495e+01,-6.590494831114862562e-01,0.000000000000000000e+00,5.485000000000000142e+01,5.934499999999999886e+01,6.000000000000000000e+01,1.000000000000000000e+00
2.836000000000000000e+03,4.999999999999999289e+01,-1.353718649954283038e+01,6.425897488097625398e+01,-7.217883814334340453e-01,0.000000000000000000e+00,5.485000000000000142e+01,5.937700000000000244e+01,6.000000000000000000e+01,1.000000000000000000e+00
2.837000000000000000e+03,4.999999999999999289e+01,-1.344149620398607681e+01,6.404025929663889372e+01,-5.987630926528221265e-01,0.000000000000000000e+00,5.485000000000000142e+01,5.934499999999999886e+01,6.000000000000000000e+01,1.000000000000000000e+00
2.838000000000000000e+03,5.000000000000000000e+01,-1.363287679509956085e+01,6.438852337253565850e+01,-7.556465774360985321e-01,0.000000000000000000e+00,5.485000000000000142e+01,5.940899999999999892e+01,6.000000000000000000e+01,1.000000000000000000e+00
2.839000000000000000e+03,5.000000000000000711e+01,-1.353718649954283038e+01,6.416832956365304597e+01,-6.311430641102122596e-01,0.000000000000000000e+00,5.485000000000000142e+01,5.937700000000000244e+01,6.000000000000000000e+01,1.000000000000000000e+00
2.840000000000000000e+03,5.000000000000000000e+01,-1.372856709065631442e+01,6.451517995322757315e+01,-7.866128625712613953e-01,0.000000000000000000e+00,5.485000000000000142e+01,5.944100000000000250e+01,6.000000000000000000e+01,1.000000000000000000e+00
2.841000000000000000e+03,5.000000000000000000e+01,-1.372856709065631442e+01,6.448083700001748753e+01,-7.522699093611773247e-01,0.000000000000000000e+00,5.485000000000000142e+01,5.944100000000000250e+01,6.000000000000000000e+01,1.000000000000000000e+00
2.842000000000000000e+03,5.000000000000000000e+01,-1.411431859461942295e+01,6.520265480953223403e+01,-1.088336214912813737e+00,0.000000000000000000e+00,5.485000000000000142e+01,5.957000000000000028e+01,6.000000000000000000e+01,1.000000000000000000e+00
2.843000000000000000e+03,4.999999999999999289e+01,-1.382724770794918712e+01,6.459353036684314020e+01,-7.662826588939628536e-01,0.000000000000000000e+00,5.485000000000000142e+01,5.947399999999999665e+01,6.000000000000000000e+01,1.000000000000000000e+00
2.844000000000000000e+03,5.000000000000000000e+01,-1.372856709065631442e+01,6.436702210610438613e+01,-6.384550154480750361e-01,0.000000000000000000e+00,5.485000000000000142e+01,5.944100000000000250e+01,6.000000000000000000e+01,1.000000000000000000e+00
2.845000000000000000e+03,4.999999999999999289e+01,-1.401862829906267116e+01,6.490660617076454741e+01,-8.879778717018846912e-01,0.000000000000000000e+00,5.485000000000000142e+01,5.953799999999999670e+01,6.000000000000000000e+01,1.000000000000000000e+00
2.846000000000000000e+03,5.000000000000000711e+01,-1.401862829906267116e+01,6.486783769398201116e+01,-8.492093949193363356e-01,0.000000000000000000e+00,5.485000000000000142e+01,5.953799999999999670e+01,6.000000000000000000e+01,1.000000000000000000e+00
2.847000000000000000e+03,5.000000000000000711e+01,-1.382724770794918712e+01,6.445635617815217699e+01,-6.291084702029891007e-01,0.000000000000000000e+00,5.485000000000000142e+01,5.947399999999999665e+01,6.000000000000000000e+01,1.000000000000000000e+00
2.848000000000000000e+03,5.000000000000000000e+01,-1.401862829906267116e+01,6.480329539663694050e+01,-7.846670975742711107e-01,0.000000000000000000e+00,5.485000000000000142e+01,5.953799999999999670e+01,6.000000000000000000e+01,1.000000000000000000e+00
2.849000000000000000e+03,5.000000000000000000e+01,-1.411431859461942295e+01,6.495624021559484618e+01,-8.419216209754275537e-01,0.000000000000000000e+00,5.485000000000000142e+01,5.957000000000000028e+01,6.000000000000000000e+01,1.000000000000000000e+00
2.850000000000000000e+03,4.999999999999999289e+01,-1.372856709065631442e+01,6.416482114764745859e+01,-4.362540569911497745e-01,0.000000000000000000e+00,5.485000000000000142e+01,5.944100000000000250e+01,6.000000000000000000e+01,1.000000000000000000e+00
2.851000000000000000e+03,4.999999999999999289e+01,-1.401862829906267116e+01,6.471323316108107804e+01,-6.946048620184150924e-01,0.000000000000000000e+00,5.485000000000000142e+01,5.953799999999999670e+01,6.000000000000000000e+01,1.000000000000000000e+00
2.852000000000000000e+03,4.999999999999999289e+01,-1.411431859461942295e+01,6.487011003262655606e+01,-7.557914380071429905e-01,0.000000000000000000e+00,5.485000000000000142e+01,5.957000000000000028e+01,6.000000000000000000e+01,1.000000000000000000e+00
2.853000000000000000e+03,5.000000000000000711e+01,-1.401862829906267116e+01,6.464990989923531117e+01,-6.312816001726374582e-01,0.000000000000000000e+00,5.485000000000000142e+01,5.953799999999999670e+01,6.000000000000000000e+01,1.000000000000000000e+00
2.854000000000000000e+03,5.000000000000000711e+01,-1.401862829906267116e+01,6.462234859749629834e+01,-6.037202984336237366e-01,0.000000000000000000e+00,5.485000000000000142e+01,5.953799999999999670e+01,6.000000000000000000e+01,1.000000000000000000e+00
2.855000000000000000e+03,4.999999999999999289e+01,-1.382724770794918712e+01,6.422158495948838208e+01,-3.943372515392029598e-01,0.000000000000000000e+00,5.485000000000000142e+01,5.947399999999999665e+01,6.000000000000000000e+01,1.000000000000000000e+00
2.856000000000000000e+03,4.999999999999999289e+01,-1.392293800350593891e+01,6.439157129947490432e+01,-4.686332959689673006e-01,0.000000000000000000e+00,5.485000000000000142e+01,5.950600000000000023e+01,6.000000000000000000e+01,1.000000000000000000e+00
2.857000000000000000e+03,5.000000000000000000e+01,-1.411431859461942295e+01,6.474551674893088204e+01,-6.311981543114595361e-01,0.000000000000000000e+00,5.485000000000000142e+01,5.957000000000000028e+01,6.000000000000000000e+01,1.000000000000000000e+00
2.858000000000000000e+03,5.000000000000000711e+01,-1.411431859461942295e+01,6.471795909037830086e+01,-6.036404957588751286e-01,0.000000000000000000e+00,5.485000000000000142e+01,5.957000000000000028e+01,6.000000000000000000e+01,1.000000000000000000e+00
2.859000000000000000e+03,5.000000000000000000e+01,-1.411431859461942295e+01,6.469160457942636810e+01,-5.772859848069507027e-01,0.000000000000000000e+00,5.485000000000000142e+01,5.957000000000000028e+01,6.000000000000000000e+01,1.000000000000000000e+00
2.860000000000000000e+03,5.000000000000000711e+01,-1.421299921191231697e+01,6.485945359714908420e+01,-6.464543852367603538e-01,0.000000000000000000e+00,5.485000000000000142e+01,5.960300000000000153e+01,6.000000000000000000e+01,1.000000000000000000e+00
2.861000000000000000e+03,5.000000000000000711e+01,-1.411431859461942295e+01,6.463817695286516596e+01,-5.238583582457402299e-01,0.000000000000000000e+00,5.485000000000000142e+01,5.957000000000000028e+01,6.000000000000000000e+01,1.000000000000000000e+00
2.862000000000000000e+03,4.999999999999999289e+01,-1.421299921191231697e+01,6.480835858243089831e+01,-5.953593705185850071e-01,0.000000000000000000e+00,5.485000000000000142e+01,5.960300000000000153e+01,6.000000000000000000e+01,1.000000000000000000e+00
2.863000000000000000e+03,5.000000000000000000e+01,-1.421299921191231697e+01,6.478236561946552285e+01,-5.693664075532068880e-01,0.000000000000000000e+00,5.485000000000000142e+01,5.960300000000000153e+01,6.000000000000000000e+01,1.000000000000000000e+00
2.864000000000000000e+03,5.000000000000000000e+01,-1.421299921191231697e+01,6.475750749061408840e+01,-5.445082787017707648e-01,0.000000000000000000e+00,5.485000000000000142e+01,5.960300000000000153e+01,6.000000000000000000e+01,1.000000000000000000e+00
2.865000000000000000e+03,5.000000000000000711e+01,-1.411431859461942295e+01,6.454068174019839432e+01,-4.263631455789707037e-01,0.000000000000000000e+00,5.485000000000000142e+01,5.957000000000000028e+01,6.000000000000000000e+01,1.000000000000000000e+00
2.866000000000000000e+03,4.999999999999998579e+01,-1.430868950746904744e+01,6.490232276226363695e+01,-5.936332547946003846e-01,0.000000000000000000e+00,5.485000000000000142e+01,5.963499999999999801e+01,6.000000000000000000e+01,1.000000000000000000e+00
2.867000000000000000e+03,4.999999999999998579e+01,-1.450007009858253149e+01,6.525081080320079252e+01,-7.507407046182708044e-01,0.000000000000000000e+00,5.485000000000000142e+01,5.969899999999999807e+01,6.000000000000000000e+01,1.000000000000000000e+00
2.868000000000000000e+03,5.000000000000000000e+01,-1.469444101143217907e+01,6.559828973376905026e+01,-9.038487223368741885e-01,0.000000000000000000e+00,5.485000000000000142e+01,5.976400000000000290e+01,6.000000000000000000e+01,1.000000000000000000e+00
2.869000000000000000e+03,4.999999999999999289e+01,-1.479013130698890954e+01,6.574603116849881701e+01,-9.558998615099102425e-01,0.000000000000000000e+00,5.485000000000000142e+01,5.979599999999999937e+01,6.000000000000000000e+01,1.000000000000000000e+00
2.870000000000000000e+03,5.000000000000000000e+01,-1.498151189810239359e+01,6.607870290930158319e+01,-1.097191011199189381e+00,0.000000000000000000e+00,5.485000000000000142e+01,5.985999999999999943e+01,6.000000000000000000e+01,1.000000000000000000e+00
2.871000000000000000e+03,5.000000000000000000e+01,-1.508019251539528760e+01,6.622385324658736749e+01,-1.143660731192078783e+00,0.000000000000000000e+00,5.485000000000000142e+01,5.989300000000000068e+01,6.000000000000000000e+01,1.000000000000000000e+00
2.872000000000000000e+03,4.999999999999999289e+01,-1.488582160254566134e+01,6.579366610850460972e+01,-9.078445059589550503e-01,0.000000000000000000e+00,5.485000000000000142e+01,5.982800000000000296e+01,6.000000000000000000e+01,1.000000000000000000e+00
2.873000000000000000e+03,4.999999999999999289e+01,-1.498151189810239359e+01,6.594123309018829104e+01,-9.597211920858991219e-01,0.000000000000000000e+00,5.485000000000000142e+01,5.985999999999999943e+01,6.000000000000000000e+01,1.000000000000000000e+00
2.874000000000000000e+03,4.999999999999998579e+01,-1.508019251539528760e+01,6.609238526114631895e+01,-1.012192745751040235e+00,0.000000000000000000e+00,5.485000000000000142e+01,5.989300000000000068e+01,6.000000000000000000e+01,1.000000000000000000e+00
2.875000000000000000e+03,5.000000000000000711e+01,-1.498151189810239359e+01,6.585514074244804306e+01,-8.736288443456390329e-01,0.000000000000000000e+00,5.485000000000000142e+01,5.985999999999999943e+01,6.000000000000000000e+01,1.000000000000000000e+00
2.876000000000000000e+03,4.999999999999998579e+01,-1.508019251539528760e+01,6.601005164353986743e+01,-9.298591281445911516e-01,0.000000000000000000e+00,5.485000000000000142e+01,5.989300000000000068e+01,6.000000000000000000e+01,1.000000000000000000e+00
2.877000000000000000e+03,4.999999999999999289e+01,-1.508019251539528760e+01,6.596945466114951273e+01,-8.892621457542272401e-01,0.000000000000000000e+00,5.485000000000000142e+01,5.989300000000000068e+01,6.000000000000000000e+01,1.000000000000000000e+00
2.878000000000000000e+03,5.000000000000000711e+01,-1.498151189810239359e+01,6.573757720424828221e+01,-7.560653061458807445e-01,0.000000000000000000e+00,5.485000000000000142e+01,5.985999999999999943e+01,6.000000000000000000e+01,1.000000000000000000e+00
2.879000000000000000e+03,5.000000000000000000e+01,-1.498151189810239359e+01,6.570456793543482377e+01,-7.230560373324260715e-01,0.000000000000000000e+00,5.485000000000000142e+01,5.985999999999999943e+01,6.000000000000000000e+01,1.000000000000000000e+00
2.880000000000000000e+03,4.999999999999999289e+01,-1.508019251539528760e+01,6.586605273724964604e+01,-7.858602218543623286e-01,0.000000000000000000e+00,5.485000000000000142e+01,5.989300000000000068e+01,6.000000000000000000e+01,1.000000000000000000e+00
2.881000000000000000e+03,5.000000000000000000e+01,-1.479013130698890954e+01,6.526428409122982544e+01,-4.741527842409108406e-01,0.000000000000000000e+00,5.485000000000000142e+01,5.979599999999999937e+01,6.000000000000000000e+01,1.000000000000000000e+00
2.882000000000000000e+03,5.000000000000000711e+01,-1.469444101143217907e+01,6.505638009939524125e+01,-3.619390879630589031e-01,0.000000000000000000e+00,5.485000000000000142e+01,5.976400000000000290e+01,6.000000000000000000e+01,1.000000000000000000e+00
2.883000000000000000e+03,4.999999999999999289e+01,-1.479013130698890954e+01,6.522778091995878924e+01,-4.376496129698826953e-01,0.000000000000000000e+00,5.485000000000000142e+01,5.979599999999999937e+01,6.000000000000000000e+01,1.000000000000000000e+00
2.884000000000000000e+03,5.000000000000000000e+01,-1.469444101143217907e+01,6.502147063039203090e+01,-3.270296189598563830e-01,0.000000000000000000e+00,5.485000000000000142e+01,5.976400000000000290e+01,6.000000000000000000e+01,1.000000000000000000e+00
2.885000000000000000e+03,5.000000000000000000e+01,-1.469444101143217907e+01,6.500719275186162349e+01,-3.127517404294471448e-01,0.000000000000000000e+00,5.485000000000000142e+01,5.976400000000000290e+01,6.000000000000000000e+01,1.000000000000000000e+00
2.886000000000000000e+03,5.000000000000000711e+01,-1.498151189810239359e+01,6.555514669965660346e+01,-5.736348015541994361e-01,0.000000000000000000e+00,5.485000000000000142e+01,5.985999999999999943e+01,6.000000000000000000e+01,1.000000000000000000e+00
2.887000000000000000e+03,5.000000000000000711e+01,-1.488582160254566134e+01,6.534289939432130723e+01,-4.570777917756411179e-01,0.000000000000000000e+00,5.485000000000000142e+01,5.982800000000000296e+01,6.000000000000000000e+01,1.000000000000000000e+00
2.888000000000000000e+03,5.000000000000000000e+01,-1.498151189810239359e+01,6.551014652733540800e+01,-5.286346292330097452e-01,0.000000000000000000e+00,5.485000000000000142e+01,5.985999999999999943e+01,6.000000000000000000e+01,1.000000000000000000e+00
2.889000000000000000e+03,4.999999999999999289e+01,-1.508019251539528760e+01,6.568011962833665507e+01,-5.999271129413733528e-01,0.000000000000000000e+00,5.485000000000000142e+01,5.989300000000000068e+01,6.000000000000000000e+01,1.000000000000000000e+00
2.890000000000000000e+03,5.000000000000000711e+01,-1.498151189810239359e+01,6.546087433137932976e+01,-4.793624332769278462e-01,0.000000000000000000e+00,5.485000000000000142e+01,5.985999999999999943e+01,6.000000000000000000e+01,1.000000000000000000e+00
2.891000000000000000e+03,4.999999999999999289e+01,-1.508019251539528760e+01,6.563299862110477534e+01,-5.528061057094962871e-01,0.000000000000000000e+00,5.485000000000000142e+01,5.989300000000000068e+01,6.000000000000000000e+01,1.000000000000000000e+00
2.892000000000000000e+03,4.999999999999999289e+01,-1.508019251539528760e+01,6.560886350315034576e+01,-5.286709877550652692e-01,0.000000000000000000e+00,5.485000000000000142e+01,5.989300000000000068e+01,6.000000000000000000e+01,1.000000000000000000e+00
2.893000000000000000e+03,5.000000000000000711e+01,-1.498151189810239359e+01,6.539272919749464563e+01,-4.112172993922443842e-01,0.000000000000000000e+00,5.485000000000000142e+01,5.985999999999999943e+01,6.000000000000000000e+01,1.000000000000000000e+00
2.894000000000000000e+03,4.999999999999998579e+01,-1.508019251539528760e+01,6.556782865487352296e+01,-4.876361394782461334e-01,0.000000000000000000e+00,5.485000000000000142e+01,5.989300000000000068e+01,6.000000000000000000e+01,1.000000000000000000e+00
2.895000000000000000e+03,5.000000000000000711e+01,-1.479013130698890954e+01,6.497908025832393264e+01,-1.889489513350165462e-01,0.000000000000000000e+00,5.485000000000000142e+01,5.979599999999999937e+01,6.000000000000000000e+01,1.000000000000000000e+00
2.896000000000000000e+03,5.000000000000000711e+01,-1.469444101143217907e+01,6.478362806120931339e+01,-8.918704977713261262e-02,0.000000000000000000e+00,5.485000000000000142e+01,5.976400000000000290e+01,6.000000000000000000e+01,1.000000000000000000e+00
2.897000000000000000e+03,5.000000000000000000e+01,-1.479013130698890954e+01,6.496693704006912640e+01,-1.768057330802183524e-01,0.000000000000000000e+00,5.485000000000000142e+01,5.979599999999999937e+01,6.000000000000000000e+01,1.000000000000000000e+00
2.898000000000000000e+03,5.000000000000000000e+01,-1.479013130698890954e+01,6.495921782861535121e+01,-1.690865216264411663e-01,0.000000000000000000e+00,5.485000000000000142e+01,5.979599999999999937e+01,6.000000000000000000e+01,1.000000000000000000e+00
2.899000000000000000e+03,5.000000000000000711e+01,-1.459576039413928505e+01,6.457157990129616110e+01,2.418049284312842606e-02,0.000000000000000000e+00,5.485000000000000142e+01,5.973100000000000165e+01,6.000000000000000000e+01,1.000000000000000000e+00
2.900000000000000000e+03,5.000000000000000000e+01,-1.488582160254566134e+01,6.514009415682839688e+01,-2.542725542827374285e-01,0.000000000000000000e+00,5.485000000000000142e+01,5.982800000000000296e+01,6.000000000000000000e+01,1.000000000000000000e+00
2.901000000000000000e+03,5.000000000000000711e+01,-1.488582160254566134e+01,6.512899279954091014e+01,-2.431711969952451979e-01,0.000000000000000000e+00,5.485000000000000142e+01,5.982800000000000296e+01,6.000000000000000000e+01,1.000000000000000000e+00
2.902000000000000000e+03,5.000000000000000000e+01,-1.421299921191231697e+01,6.380210628112735805e+01,4.108929307849636392e-01,0.000000000000000000e+00,5.485000000000000142e+01,5.960300000000000153e+01,6.000000000000000000e+01,1.000000000000000000e+00
2.903000000000000000e+03,5.000000000000000000e+01,-1.421299921191231697e+01,6.382004557168278325e+01,3.929536402295362718e-01,0.000000000000000000e+00,5.485000000000000142e+01,5.960300000000000153e+01,6.000000000000000000e+01,1.000000000000000000e+00
2.904000000000000000e+03,5.000000000000000000e+01,-1.411431859461942295e+01,6.364414873604843592e+01,4.701698585709856992e-01,0.000000000000000000e+00,5.485000000000000142e+01,5.957000000000000028e+01,6.000000000000000000e+01,1.000000000000000000e+00
2.905000000000000000e+03,5.000000000000000000e+01,-1.392293800350593891e+01,6.329027037181322868e+01,6.326676316927086763e-01,0.000000000000000000e+00,5.485000000000000142e+01,5.950600000000000023e+01,6.000000000000000000e+01,1.000000000000000000e+00
2.906000000000000000e+03,5.000000000000000000e+01,-1.372856709065631442e+01,6.293763645559477737e+01,7.909306350615372683e-01,0.000000000000000000e+00,5.485000000000000142e+01,5.944100000000000250e+01,6.000000000000000000e+01,1.000000000000000000e+00
2.907000000000000000e+03,5.000000000000000000e+01,-1.382724770794918712e+01,6.316522082928887016e+01,6.620268786603141775e-01,0.000000000000000000e+00,5.485000000000000142e+01,5.947399999999999665e+01,6.000000000000000000e+01,1.000000000000000000e+00
2.908000000000000000e+03,4.999999999999999289e+01,-1.382724770794918712e+01,6.319412444782789606e+01,6.331232601212906097e-01,0.000000000000000000e+00,5.485000000000000142e+01,5.947399999999999665e+01,6.000000000000000000e+01,1.000000000000000000e+00
2.909000000000000000e+03,5.000000000000000000e+01,-1.372856709065631442e+01,6.302871324548398491e+01,6.998538451723297360e-01,0.000000000000000000e+00,5.485000000000000142e+01,5.944100000000000250e+01,6.000000000000000000e+01,1.000000000000000000e+00
2.910000000000000000e+03,4.999999999999999289e+01,-1.382724770794918712e+01,6.325232127187621955e+01,5.749264360729616774e-01,0.000000000000000000e+00,5.485000000000000142e+01,5.947399999999999665e+01,6.000000000000000000e+01,1.000000000000000000e+00
2.911000000000000000e+03,4.999999999999999289e+01,-1.411431859461942295e+01,6.383903061197639062e+01,2.752879826430280619e-01,0.000000000000000000e+00,5.485000000000000142e+01,5.957000000000000028e+01,6.000000000000000000e+01,1.000000000000000000e+00
2.912000000000000000e+03,5.000000000000000000e+01,-1.401862829906267116e+01,6.366384666632394129e+01,3.547816327387252611e-01,0.000000000000000000e+00,5.485000000000000142e+01,5.953799999999999670e+01,6.000000000000000000e+01,1.000000000000000000e+00
2.913000000000000000e+03,5.000000000000000000e+01,-1.401862829906267116e+01,6.367933617786474798e+01,3.392921211979201823e-01,0.000000000000000000e+00,5.485000000000000142e+01,5.953799999999999670e+01,6.000000000000000000e+01,1.000000000000000000e+00
2.914000000000000000e+03,5.000000000000000000e+01,-1.372856709065631442e+01,6.312669087588150774e+01,6.018762147748046853e-01,0.000000000000000000e+00,5.485000000000000142e+01,5.944100000000000250e+01,6.000000000000000000e+01,1.000000000000000000e+00
2.915000000000000000e+03,5.000000000000000000e+01,-1.401862829906267116e+01,6.372042691215489185e+01,2.982013869077779211e-01,0.000000000000000000e+00,5.485000000000000142e+01,5.953799999999999670e+01,6.000000000000000000e+01,1.000000000000000000e+00
2.916000000000000000e+03,5.000000000000000000e+01,-1.401862829906267116e+01,6.373344617075724727e+01,2.851821283054203904e-01,0.000000000000000000e+00,5.485000000000000142e+01,5.953799999999999670e+01,6.000000000000000000e+01,1.000000000000000000e+00
2.917000000000000000e+03,5.000000000000000000e+01,-1.411431859461942295e+01,6.393309983933417584e+01,1.812187552852402295e-01,0.000000000000000000e+00,5.485000000000000142e+01,5.957000000000000028e+01,6.000000000000000000e+01,1.000000000000000000e+00
2.918000000000000000e+03,4.999999999999999289e+01,-1.421299921191231697e+01,6.413406462980621825e+01,7.893458210609645420e-02,0.000000000000000000e+00,5.485000000000000142e+01,5.960300000000000153e+01,6.000000000000000000e+01,1.000000000000000000e+00
2.919000000000000000e+03,5.000000000000000000e+01,-1.411431859461942295e+01,6.394445794739291955e+01,1.698606472265019041e-01,0.000000000000000000e+00,5.485000000000000142e+01,5.957000000000000028e+01,6.000000000000000000e+01,1.000000000000000000e+00
2.920000000000000000e+03,5.000000000000000000e+01,-1.392293800350593891e+01,6.357746829845275016e+01,3.454697050531918556e-01,0.000000000000000000e+00,5.485000000000000142e+01,5.950600000000000023e+01,6.000000000000000000e+01,1.000000000000000000e+00
2.921000000000000000e+03,5.000000000000000000e+01,-1.392293800350593891e+01,6.359255125791181484e+01,3.303867455941244535e-01,0.000000000000000000e+00,5.485000000000000142e+01,5.950600000000000023e+01,6.000000000000000000e+01,1.000000000000000000e+00
2.922000000000000000e+03,4.999999999999999289e+01,-1.411431859461942295e+01,6.398138134911089736e+01,1.329372455085222893e-01,0.000000000000000000e+00,5.485000000000000142e+01,5.957000000000000028e+01,6.000000000000000000e+01,1.000000000000000000e+00
2.923000000000000000e+03,4.999999999999999289e+01,-1.353718649954283038e+01,6.285811827691542675e+01,6.790682226273974109e-01,0.000000000000000000e+00,5.485000000000000142e+01,5.937700000000000244e+01,6.000000000000000000e+01,1.000000000000000000e+00
2.924000000000000000e+03,5.000000000000000000e+01,-1.344149620398607681e+01,6.270056308684118562e+01,7.409331171448911846e-01,0.000000000000000000e+00,5.485000000000000142e+01,5.934499999999999886e+01,6.000000000000000000e+01,1.000000000000000000e+00
2.925000000000000000e+03,5.000000000000000000e+01,-1.344149620398607681e+01,6.273291169513971965e+01,7.085845088463541552e-01,0.000000000000000000e+00,5.485000000000000142e+01,5.934499999999999886e+01,6.000000000000000000e+01,1.000000000000000000e+00
2.926000000000000000e+03,5.000000000000000000e+01,-1.324712529113645232e+01,6.238359225530984986e+01,8.635330358266057882e-01,0.000000000000000000e+00,5.485000000000000142e+01,5.928000000000000114e+01,6.000000000000000000e+01,1.000000000000000000e+00
2.927000000000000000e+03,5.000000000000000000e+01,-1.315143499557969875e+01,6.223409066663222688e+01,9.173443289474743079e-01,0.000000000000000000e+00,5.485000000000000142e+01,5.924799999999999756e+01,6.000000000000000000e+01,1.000000000000000000e+00
2.928000000000000000e+03,5.000000000000000000e+01,-1.315143499557969875e+01,6.227414126186861409e+01,8.772937337110850997e-01,0.000000000000000000e+00,5.485000000000000142e+01,5.924799999999999756e+01,6.000000000000000000e+01,1.000000000000000000e+00
2.929000000000000000e+03,5.000000000000000711e+01,-1.324712529113645232e+01,6.249964609831626916e+01,7.474791928201884872e-01,0.000000000000000000e+00,5.485000000000000142e+01,5.928000000000000114e+01,6.000000000000000000e+01,1.000000000000000000e+00
2.930000000000000000e+03,5.000000000000000000e+01,-1.344149620398607681e+01,6.291253623468138301e+01,5.289599693046946882e-01,0.000000000000000000e+00,5.485000000000000142e+01,5.934499999999999886e+01,6.000000000000000000e+01,1.000000000000000000e+00
2.931000000000000000e+03,5.000000000000000000e+01,-1.315143499557969875e+01,6.236817169486577939e+01,7.832633007139222503e-01,0.000000000000000000e+00,5.485000000000000142e+01,5.924799999999999756e+01,6.000000000000000000e+01,1.000000000000000000e+00
2.932000000000000000e+03,5.000000000000000000e+01,-1.353718649954283038e+01,6.315702978263607292e+01,3.801567169067572860e-01,0.000000000000000000e+00,5.485000000000000142e+01,5.937700000000000244e+01,6.000000000000000000e+01,1.000000000000000000e+00
2.933000000000000000e+03,5.000000000000000000e+01,-1.334580590842934633e+01,6.279922150921738222e+01,5.465843992119665540e-01,0.000000000000000000e+00,5.485000000000000142e+01,5.931300000000000239e+01,6.000000000000000000e+01,1.000000000000000000e+00
2.934000000000000000e+03,5.000000000000000000e+01,-1.344149620398607681e+01,6.301028781339421414e+01,4.312083905918645543e-01,0.000000000000000000e+00,5.485000000000000142e+01,5.934499999999999886e+01,6.000000000000000000e+01,1.000000000000000000e+00
2.935000000000000000e+03,5.000000000000000000e+01,-1.315143499557969875e+01,6.246165550978566472e+01,6.897794857940373614e-01,0.000000000000000000e+00,5.485000000000000142e+01,5.924799999999999756e+01,6.000000000000000000e+01,1.000000000000000000e+00
2.936000000000000000e+03,5.000000000000000000e+01,-1.334580590842934633e+01,6.287202651833977285e+01,4.737793900895754806e-01,0.000000000000000000e+00,5.485000000000000142e+01,5.931300000000000239e+01,6.000000000000000000e+01,1.000000000000000000e+00
2.937000000000000000e+03,5.000000000000000000e+01,-1.324712529113645232e+01,6.269965847695441141e+01,5.474668141820473455e-01,0.000000000000000000e+00,5.485000000000000142e+01,5.928000000000000114e+01,6.000000000000000000e+01,1.000000000000000000e+00
2.938000000000000000e+03,5.000000000000000000e+01,-1.315143499557969875e+01,6.253635766380727290e+01,6.150773317724289591e-01,0.000000000000000000e+00,5.485000000000000142e+01,5.924799999999999756e+01,6.000000000000000000e+01,1.000000000000000000e+00
2.939000000000000000e+03,5.000000000000000000e+01,-1.305574470002296827e+01,6.237600867734977328e+01,6.797360226731959942e-01,0.000000000000000000e+00,5.485000000000000142e+01,5.921600000000000108e+01,6.000000000000000000e+01,1.000000000000000000e+00
2.940000000000000000e+03,5.000000000000000711e+01,-1.296005440446621648e+01,6.221848264294640529e+01,7.415717615198155199e-01,0.000000000000000000e+00,5.485000000000000142e+01,5.918399999999999750e+01,6.000000000000000000e+01,1.000000000000000000e+00
2.941000000000000000e+03,5.000000000000000000e+01,-1.305574470002296827e+01,6.243806195546439142e+01,6.176827445585798548e-01,0.000000000000000000e+00,5.485000000000000142e+01,5.921600000000000108e+01,6.000000000000000000e+01,1.000000000000000000e+00
2.942000000000000000e+03,5.000000000000000000e+01,-1.296005440446621648e+01,6.227782671945979587e+01,6.822276850064248332e-01,0.000000000000000000e+00,5.485000000000000142e+01,5.918399999999999750e+01,6.000000000000000000e+01,1.000000000000000000e+00
2.943000000000000000e+03,5.000000000000000000e+01,-1.315143499557969875e+01,6.268201793363890317e+01,4.694170619407951328e-01,0.000000000000000000e+00,5.485000000000000142e+01,5.924799999999999756e+01,6.000000000000000000e+01,1.000000000000000000e+00
2.944000000000000000e+03,5.000000000000000000e+01,-1.315143499557969875e+01,6.270251234577138888e+01,4.489226498083118688e-01,0.000000000000000000e+00,5.485000000000000142e+01,5.924799999999999756e+01,6.000000000000000000e+01,1.000000000000000000e+00
2.945000000000000000e+03,5.000000000000000000e+01,-1.315143499557969875e+01,6.272211198657425513e+01,4.293230090054422354e-01,0.000000000000000000e+00,5.485000000000000142e+01,5.924799999999999756e+01,6.000000000000000000e+01,1.000000000000000000e+00
2.946000000000000000e+03,5.000000000000000000e+01,-1.315143499557969875e+01,6.274085592112179199e+01,4.105790744579053131e-01,0.000000000000000000e+00,5.485000000000000142e+01,5.924799999999999756e+01,6.000000000000000000e+01,1.000000000000000000e+00
2.947000000000000000e+03,5.000000000000000000e+01,-1.315143499557969875e+01,6.275878150893516505e+01,3.926534866445353655e-01,0.000000000000000000e+00,5.485000000000000142e+01,5.924799999999999756e+01,6.000000000000000000e+01,1.000000000000000000e+00
2.948000000000000000e+03,5.000000000000000000e+01,-1.344149620398607681e+01,6.334338303100908973e+01,9.811317297698507467e-02,0.000000000000000000e+00,5.485000000000000142e+01,5.934499999999999886e+01,6.000000000000000000e+01,1.000000000000000000e+00
2.949000000000000000e+03,5.000000000000000000e+01,-1.315143499557969875e+01,6.278020802918472754e+01,3.712269663949707699e-01,0.000000000000000000e+00,5.485000000000000142e+01,5.924799999999999756e+01,6.000000000000000000e+01,1.000000000000000000e+00
2.950000000000000000e+03,5.000000000000000000e+01,-1.315143499557969875e+01,6.279641553219396144e+01,3.550194633857393089e-01,0.000000000000000000e+00,5.485000000000000142e+01,5.924799999999999756e+01,6.000000000000000000e+01,1.000000000000000000e+00
2.951000000000000000e+03,5.000000000000000000e+01,-1.315143499557969875e+01,6.281191542725017740e+01,3.395195683295215705e-01,0.000000000000000000e+00,5.485000000000000142e+01,5.924799999999999756e+01,6.000000000000000000e+01,1.000000000000000000e+00
2.952000000000000000e+03,5.000000000000000000e+01,-1.315143499557969875e+01,6.282673860800892385e+01,3.246963875707752356e-01,0.000000000000000000e+00,5.485000000000000142e+01,5.924799999999999756e+01,6.000000000000000000e+01,1.000000000000000000e+00
2.953000000000000000e+03,5.000000000000000000e+01,-1.266999319605985974e+01,6.189905042383904288e+01,7.709427722208175293e-01,0.000000000000000000e+00,5.485000000000000142e+01,5.908700000000000330e+01,6.000000000000000000e+01,1.000000000000000000e+00
2.954000000000000000e+03,5.000000000000000000e+01,-1.218855139653999764e+01,6.099084503665531543e+01,1.197706359884685323e+00,0.000000000000000000e+00,5.485000000000000142e+01,5.892600000000000193e+01,6.000000000000000000e+01,1.000000000000000000e+00
2.955000000000000000e+03,5.000000000000000000e+01,-1.199418048369035183e+01,6.066288030591231006e+01,1.331300177778036886e+00,0.000000000000000000e+00,5.485000000000000142e+01,5.886099999999999710e+01,6.000000000000000000e+01,1.000000000000000000e+00
2.956000000000000000e+03,5.000000000000000000e+01,-1.170710959702013554e+01,6.015939545211578832e+01,1.547714144904344780e+00,0.000000000000000000e+00,5.485000000000000142e+01,5.876500000000000057e+01,6.000000000000000000e+01,1.000000000000000000e+00
2.957000000000000000e+03,5.000000000000000000e+01,-1.141704838861375748e+01,5.965950898868305785e+01,1.757539399930697410e+00,0.000000000000000000e+00,5.485000000000000142e+01,5.866799999999999926e+01,6.000000000000000000e+01,1.000000000000000000e+00
2.958000000000000000e+03,5.000000000000000711e+01,-1.151273868417051105e+01,5.992344471936952033e+01,1.589293964800996273e+00,0.000000000000000000e+00,5.485000000000000142e+01,5.870000000000000284e+01,6.000000000000000000e+01,1.000000000000000000e+00
2.959000000000000000e+03,5.000000000000000000e+01,-1.122566779750027521e+01,5.943122368921201826e+01,1.794444108288260731e+00,0.000000000000000000e+00,5.485000000000000142e+01,5.860399999999999920e+01,6.000000000000000000e+01,1.000000000000000000e+00
2.960000000000000000e+03,5.000000000000000000e+01,-1.151273868417051105e+01,6.007117629591586194e+01,1.441562388254653326e+00,0.000000000000000000e+00,5.485000000000000142e+01,5.870000000000000284e+01,6.000000000000000000e+01,1.000000000000000000e+00
2.961000000000000000e+03,5.000000000000000000e+01,-1.122566779750027521e+01,5.957250541111906728e+01,1.653162386381211046e+00,0.000000000000000000e+00,5.485000000000000142e+01,5.860399999999999920e+01,6.000000000000000000e+01,1.000000000000000000e+00
2.962000000000000000e+03,5.000000000000000000e+01,-1.112698718020738120e+01,5.945162838518189830e+01,1.675358795025479575e+00,0.000000000000000000e+00,5.485000000000000142e+01,5.857099999999999795e+01,6.000000000000000000e+01,1.000000000000000000e+00
2.963000000000000000e+03,4.999999999999999289e+01,-1.093560658909389716e+01,5.915036770522745968e+01,1.785238883866432369e+00,0.000000000000000000e+00,5.485000000000000142e+01,5.850699999999999790e+01,6.000000000000000000e+01,1.000000000000000000e+00
2.964000000000000000e+03,4.999999999999999289e+01,-1.093560658909389716e+01,5.922830995404479637e+01,1.707296635049094791e+00,0.000000000000000000e+00,5.485000000000000142e+01,5.850699999999999790e+01,6.000000000000000000e+01,1.000000000000000000e+00
2.965000000000000000e+03,5.000000000000000711e+01,-1.064554538068751910e+01,5.873539074763642276e+01,1.910154633051102335e+00,0.000000000000000000e+00,5.485000000000000142e+01,5.840999999999999659e+01,6.000000000000000000e+01,1.000000000000000000e+00
2.966000000000000000e+03,5.000000000000000000e+01,-1.103129688465064895e+01,5.957344810246777200e+01,1.457848782182881830e+00,0.000000000000000000e+00,5.485000000000000142e+01,5.853900000000000148e+01,6.000000000000000000e+01,1.000000000000000000e+00
2.967000000000000000e+03,5.000000000000000000e+01,-1.074123567624427089e+01,5.906963818177416670e+01,1.671597494470106415e+00,0.000000000000000000e+00,5.485000000000000142e+01,5.844200000000000017e+01,6.000000000000000000e+01,1.000000000000000000e+00
2.968000000000000000e+03,5.000000000000000000e+01,-1.045416478957403505e+01,5.858101046467184858e+01,1.873154324902189360e+00,0.000000000000000000e+00,5.485000000000000142e+01,5.834599999999999653e+01,6.000000000000000000e+01,1.000000000000000000e+00
2.969000000000000000e+03,5.000000000000000000e+01,-1.025979387672441057e+01,5.828253530746906108e+01,1.977258569255345710e+00,0.000000000000000000e+00,5.485000000000000142e+01,5.828099999999999881e+01,6.000000000000000000e+01,1.000000000000000000e+00
2.970000000000000000e+03,5.000000000000000000e+01,-1.025979387672441057e+01,5.836886099798244487e+01,1.890932878741961476e+00,0.000000000000000000e+00,5.485000000000000142e+01,5.828099999999999881e+01,6.000000000000000000e+01,1.000000000000000000e+00
2.971000000000000000e+03,5.000000000000000000e+01,-1.025979387672441057e+01,5.845141777078396217e+01,1.808376105940446843e+00,0.000000000000000000e+00,5.485000000000000142e+01,5.828099999999999881e+01,6.000000000000000000e+01,1.000000000000000000e+00
2.972000000000000000e+03,5.000000000000000000e+01,-1.054985508513078685e+01,5.909782872668027665e+01,1.452026358450509314e+00,0.000000000000000000e+00,5.485000000000000142e+01,5.837800000000000011e+01,6.000000000000000000e+01,1.000000000000000000e+00
2.973000000000000000e+03,5.000000000000000000e+01,-1.025979387672441057e+01,5.859376460314392432e+01,1.666029273580484915e+00,0.000000000000000000e+00,5.485000000000000142e+01,5.828099999999999881e+01,6.000000000000000000e+01,1.000000000000000000e+00
2.974000000000000000e+03,5.000000000000000000e+01,-1.045416478957403505e+01,5.904675797700449635e+01,1.407406812569542698e+00,0.000000000000000000e+00,5.485000000000000142e+01,5.834599999999999653e+01,6.000000000000000000e+01,1.000000000000000000e+00
2.975000000000000000e+03,5.000000000000000711e+01,-1.035548417228116236e+01,5.891515143903658469e+01,1.440332733244579444e+00,0.000000000000000000e+00,5.485000000000000142e+01,5.831300000000000239e+01,6.000000000000000000e+01,1.000000000000000000e+00
2.976000000000000000e+03,5.000000000000000000e+01,-1.025979387672441057e+01,5.879083251131274324e+01,1.468961365411665776e+00,0.000000000000000000e+00,5.485000000000000142e+01,5.828099999999999881e+01,6.000000000000000000e+01,1.000000000000000000e+00
2.977000000000000000e+03,5.000000000000000000e+01,-1.045416478957403505e+01,5.923522204169263716e+01,1.218942747881401223e+00,0.000000000000000000e+00,5.485000000000000142e+01,5.834599999999999653e+01,6.000000000000000000e+01,1.000000000000000000e+00
2.978000000000000000e+03,5.000000000000000000e+01,-1.045416478957403505e+01,5.928844020751238020e+01,1.165724582061655523e+00,0.000000000000000000e+00,5.485000000000000142e+01,5.834599999999999653e+01,6.000000000000000000e+01,1.000000000000000000e+00
2.979000000000000000e+03,5.000000000000000000e+01,-1.025979387672441057e+01,5.895907917529557807e+01,1.300714701428828945e+00,0.000000000000000000e+00,5.485000000000000142e+01,5.828099999999999881e+01,6.000000000000000000e+01,1.000000000000000000e+00
2.980000000000000000e+03,5.000000000000000000e+01,-1.025979387672441057e+01,5.901586744593842582e+01,1.243926430785985415e+00,0.000000000000000000e+00,5.485000000000000142e+01,5.828099999999999881e+01,6.000000000000000000e+01,1.000000000000000000e+00
2.981000000000000000e+03,5.000000000000000000e+01,-1.025979387672441057e+01,5.907017638142878013e+01,1.189617495295625549e+00,0.000000000000000000e+00,5.485000000000000142e+01,5.828099999999999881e+01,6.000000000000000000e+01,1.000000000000000000e+00
2.982000000000000000e+03,5.000000000000000000e+01,-1.025979387672441057e+01,5.912211422776056935e+01,1.137679648963836332e+00,0.000000000000000000e+00,5.485000000000000142e+01,5.828099999999999881e+01,6.000000000000000000e+01,1.000000000000000000e+00
2.983000000000000000e+03,5.000000000000000000e+01,-1.016410358116767831e+01,5.898458168352107123e+01,1.179521897646611972e+00,0.000000000000000000e+00,5.485000000000000142e+01,5.824900000000000233e+01,6.000000000000000000e+01,1.000000000000000000e+00
2.984000000000000000e+03,5.000000000000000000e+01,-1.016410358116767831e+01,5.903607876330277549e+01,1.128024817864907492e+00,0.000000000000000000e+00,5.485000000000000142e+01,5.824900000000000233e+01,6.000000000000000000e+01,1.000000000000000000e+00
2.985000000000000000e+03,5.000000000000000000e+01,-1.016410358116767831e+01,5.908532751752873224e+01,1.078776063638951177e+00,0.000000000000000000e+00,5.485000000000000142e+01,5.824900000000000233e+01,6.000000000000000000e+01,1.000000000000000000e+00
2.986000000000000000e+03,5.000000000000000000e+01,-1.016410358116767831e+01,5.913242610647959907e+01,1.031677474688081020e+00,0.000000000000000000e+00,5.485000000000000142e+01,5.824900000000000233e+01,6.000000000000000000e+01,1.000000000000000000e+00
2.987000000000000000e+03,5.000000000000000000e+01,-9.874042372761300257e+00,5.861000985226516491e+01,1.264032520496133793e+00,0.000000000000000000e+00,5.485000000000000142e+01,5.815200000000000102e+01,6.000000000000000000e+01,1.000000000000000000e+00
2.988000000000000000e+03,4.999999999999999289e+01,-9.778352077204548465e+00,5.847799378374254076e+01,1.300358293462007042e+00,0.000000000000000000e+00,5.485000000000000142e+01,5.811999999999999744e+01,6.000000000000000000e+01,1.000000000000000000e+00
2.989000000000000000e+03,5.000000000000000000e+01,-1.006841328561092652e+01,5.910222504643272146e+01,9.661882391782121715e-01,0.000000000000000000e+00,5.485000000000000142e+01,5.821699999999999875e+01,6.000000000000000000e+01,1.000000000000000000e+00
2.990000000000000000e+03,5.000000000000000000e+01,-9.874042372761300257e+00,5.876415240064662271e+01,1.109889972114680212e+00,0.000000000000000000e+00,5.485000000000000142e+01,5.815200000000000102e+01,6.000000000000000000e+01,1.000000000000000000e+00
2.991000000000000000e+03,5.000000000000000000e+01,-1.016410358116767831e+01,5.938006795308174901e+01,7.840356280859308580e-01,0.000000000000000000e+00,5.485000000000000142e+01,5.824900000000000233e+01,6.000000000000000000e+01,1.000000000000000000e+00
2.992000000000000000e+03,5.000000000000000000e+01,-9.972722990054194270e+00,5.903989274315483016e+01,9.328302468993650010e-01,0.000000000000000000e+00,5.485000000000000142e+01,5.818500000000000227e+01,6.000000000000000000e+01,1.000000000000000000e+00
2.993000000000000000e+03,5.000000000000000000e+01,-1.006841328561092652e+01,5.926782226392255382e+01,8.005910216883750374e-01,0.000000000000000000e+00,5.485000000000000142e+01,5.821699999999999875e+01,6.000000000000000000e+01,1.000000000000000000e+00
2.994000000000000000e+03,5.000000000000000711e+01,-1.006841328561092652e+01,5.930277549353080957e+01,7.656377920801236137e-01,0.000000000000000000e+00,5.485000000000000142e+01,5.821699999999999875e+01,6.000000000000000000e+01,1.000000000000000000e+00
2.995000000000000000e+03,5.000000000000000000e+01,-9.874042372761300257e+00,5.895594695911299254e+01,9.180954136483098216e-01,0.000000000000000000e+00,5.485000000000000142e+01,5.815200000000000102e+01,6.000000000000000000e+01,1.000000000000000000e+00
2.996000000000000000e+03,5.000000000000000000e+01,-9.586971486091064421e+00,5.843442188177583319e+01,1.152549604315230791e+00,0.000000000000000000e+00,5.485000000000000142e+01,5.805599999999999739e+01,6.000000000000000000e+01,1.000000000000000000e+00
2.997000000000000000e+03,5.000000000000000000e+01,-9.296910277684707680e+00,5.791728281801904643e+01,1.379627459665660805e+00,0.000000000000000000e+00,5.485000000000000142e+01,5.795900000000000318e+01,6.000000000000000000e+01,1.000000000000000000e+00
2.998000000000000000e+03,5.000000000000000000e+01,-9.296910277684707680e+00,5.797751636306911394e+01,1.319393914615598185e+00,0.000000000000000000e+00,5.485000000000000142e+01,5.795900000000000318e+01,6.000000000000000000e+01,1.000000000000000000e+00
2.999000000000000000e+03,5.000000000000000000e+01,-9.296910277684707680e+00,5.803512015475794783e+01,1.261790122926763180e+00,0.000000000000000000e+00,5.485000000000000142e+01,5.795900000000000318e+01,6.000000000000000000e+01,1.000000000000000000e+00
3.000000000000000000e+03,5.000000000000000000e+01,-9.392600573241439932e+00,5.827741182769474193e+01,1.115188745546693116e+00,0.000000000000000000e+00,5.485000000000000142e+01,5.799099999999999966e+01,6.000000000000000000e+01,1.000000000000000000e+00
