t,MV,MVP,MVI,MVD,MVFF,SP,PV,DV,Man
0.000000000000000000e+00,4.999999999999998579e+01,1.015274035857031265e+02,-1.486221935735460420e+02,9.709478998784290127e+01,0.000000000000000000e+00,5.485000000000000142e+01,2.089799999999999969e+01,5.000000000000000000e+01,1.000000000000000000e+00
1.000000000000000000e+00,5.000000000000000000e+01,1.015274035857031265e+02,-1.443831047051087353e+02,9.285570111940560878e+01,0.000000000000000000e+00,5.485000000000000142e+01,2.089799999999999969e+01,5.000000000000000000e+01,1.000000000000000000e+00
2.000000000000000000e+00,5.000000000000001421e+01,1.014287229684102272e+02,-1.401360385056206042e+02,8.870731553721039120e+01,0.000000000000000000e+00,5.485000000000000142e+01,2.093100000000000094e+01,5.000000000000000000e+01,1.000000000000000000e+00
3.000000000000000000e+00,5.000000000000000000e+01,1.015274035857031265e+02,-1.364561936635860775e+02,8.492879007788295098e+01,0.000000000000000000e+00,5.485000000000000142e+01,2.089799999999999969e+01,5.000000000000000000e+01,1.000000000000000000e+00
4.000000000000000000e+00,5.000000000000000000e+01,1.014287229684102272e+02,-1.325552107128636123e+02,8.112648774445338518e+01,0.000000000000000000e+00,5.485000000000000142e+01,2.093100000000000094e+01,5.000000000000000000e+01,1.000000000000000000e+00
5.000000000000000000e+00,5.000000000000000000e+01,1.015274035857031265e+02,-1.292063393732573786e+02,7.767893578755425210e+01,0.000000000000000000e+00,5.485000000000000142e+01,2.089799999999999969e+01,5.000000000000000000e+01,1.000000000000000000e+00
6.000000000000000000e+00,5.000000000000000000e+01,1.014287229684102272e+02,-1.256218798593101837e+02,7.419315689089995658e+01,0.000000000000000000e+00,5.485000000000000142e+01,2.093100000000000094e+01,5.000000000000000000e+01,1.000000000000000000e+00
7.000000000000000000e+00,5.000000000000000000e+01,1.014287229684102272e+02,-1.223826598606901257e+02,7.095393689227989853e+01,0.000000000000000000e+00,5.485000000000000142e+01,2.093100000000000094e+01,5.000000000000000000e+01,1.000000000000000000e+00
8.000000000000000000e+00,5.000000000000000000e+01,1.015274035857031265e+02,-1.194779147928072263e+02,6.795051120710409975e+01,0.000000000000000000e+00,5.485000000000000142e+01,2.089799999999999969e+01,5.000000000000000000e+01,1.000000000000000000e+00
9.000000000000000000e+00,5.000000000000000000e+01,1.013330326728534914e+02,-1.161309884947422262e+02,6.479795582188873482e+01,0.000000000000000000e+00,5.485000000000000142e+01,2.096300000000000097e+01,5.000000000000000000e+01,1.000000000000000000e+00
1.000000000000000000e+01,5.000000000000000000e+01,1.014287229684102272e+02,-1.134891590555006644e+02,6.206043608709043724e+01,0.000000000000000000e+00,5.485000000000000142e+01,2.093100000000000094e+01,5.000000000000000000e+01,1.000000000000000000e+00
1.100000000000000000e+01,5.000000000000000000e+01,1.013330326728534914e+02,-1.105924421208683981e+02,5.925940944801490673e+01,0.000000000000000000e+00,5.485000000000000142e+01,2.096300000000000097e+01,5.000000000000000000e+01,1.000000000000000000e+00
1.200000000000000000e+01,4.999999999999999289e+01,1.013330326728534914e+02,-1.080052188211146245e+02,5.667218614826112599e+01,0.000000000000000000e+00,5.485000000000000142e+01,2.096300000000000097e+01,5.000000000000000000e+01,1.000000000000000000e+00
1.300000000000000000e+01,4.999999999999999289e+01,1.011416520817400198e+02,-1.051565461914489958e+02,5.401489410970896898e+01,0.000000000000000000e+00,5.485000000000000142e+01,2.102700000000000102e+01,5.000000000000000000e+01,1.000000000000000000e+00
1.400000000000000000e+01,5.000000000000000000e+01,1.011416520817400198e+02,-1.027982946685922485e+02,5.165664258685222876e+01,0.000000000000000000e+00,5.485000000000000142e+01,2.102700000000000102e+01,5.000000000000000000e+01,1.000000000000000000e+00
1.500000000000000000e+01,5.000000000000000000e+01,1.009472811688903846e+02,-1.001627469841535572e+02,4.921546581526317254e+01,0.000000000000000000e+00,5.485000000000000142e+01,2.109199999999999875e+01,5.000000000000000000e+01,1.000000000000000000e+00
1.600000000000000000e+01,5.000000000000000711e+01,1.007559005777768988e+02,-9.763962941426629527e+01,4.688372883648940359e+01,0.000000000000000000e+00,5.485000000000000142e+01,2.115599999999999881e+01,5.000000000000000000e+01,1.000000000000000000e+00
1.700000000000000000e+01,5.000000000000000711e+01,1.006602102822201772e+02,-9.540551662938923982e+01,4.474530634716906974e+01,0.000000000000000000e+00,5.485000000000000142e+01,2.118799999999999883e+01,5.000000000000000000e+01,1.000000000000000000e+00
1.800000000000000000e+01,5.000000000000000000e+01,1.005615296649272778e+02,-9.325891574797481098e+01,4.269738608304753313e+01,0.000000000000000000e+00,5.485000000000000142e+01,2.122100000000000009e+01,5.000000000000000000e+01,1.000000000000000000e+00
1.900000000000000000e+01,5.000000000000000000e+01,1.002744587782570420e+02,-9.083317004121639116e+01,4.055871126295934914e+01,0.000000000000000000e+00,5.485000000000000142e+01,2.131700000000000017e+01,5.000000000000000000e+01,1.000000000000000000e+00
2.000000000000000000e+01,5.000000000000000000e+01,1.003701490738137778e+02,-8.924960862852859123e+01,3.887945955471481341e+01,0.000000000000000000e+00,5.485000000000000142e+01,2.128500000000000014e+01,5.000000000000000000e+01,1.000000000000000000e+00
2.100000000000000000e+01,5.000000000000000000e+01,1.000800878654074211e+02,-8.698470076658529138e+01,3.690461290117787030e+01,0.000000000000000000e+00,5.485000000000000142e+01,2.138200000000000145e+01,5.000000000000000000e+01,1.000000000000000000e+00
2.200000000000000000e+01,5.000000000000000000e+01,9.959864606588755009e+01,-8.443160764971707977e+01,3.483296158382952967e+01,0.000000000000000000e+00,5.485000000000000142e+01,2.154299999999999926e+01,5.000000000000000000e+01,1.000000000000000000e+00
2.300000000000000000e+01,4.999999999999999289e+01,9.959864606588755009e+01,-8.291082553851211401e+01,3.331217947262455681e+01,0.000000000000000000e+00,5.485000000000000142e+01,2.154299999999999926e+01,5.000000000000000000e+01,1.000000000000000000e+00
2.400000000000000000e+01,5.000000000000000000e+01,9.959864606588755009e+01,-8.145643968316942107e+01,3.185779361728186743e+01,0.000000000000000000e+00,5.485000000000000142e+01,2.154299999999999926e+01,5.000000000000000000e+01,1.000000000000000000e+00
2.500000000000000000e+01,5.000000000000000711e+01,9.921289456192442913e+01,-7.931088989676757706e+01,3.009799533484315504e+01,0.000000000000000000e+00,5.485000000000000142e+01,2.167200000000000060e+01,5.000000000000000000e+01,1.000000000000000000e+00
2.600000000000000000e+01,5.000000000000000000e+01,9.902151397081095752e+01,-7.762242737187683872e+01,2.860091340106588476e+01,0.000000000000000000e+00,5.485000000000000142e+01,2.173600000000000065e+01,5.000000000000000000e+01,1.000000000000000000e+00
2.700000000000000000e+01,5.000000000000000000e+01,9.863576246684783655e+01,-7.561907063900675041e+01,2.698330817215891742e+01,0.000000000000000000e+00,5.485000000000000142e+01,2.186499999999999844e+01,5.000000000000000000e+01,1.000000000000000000e+00
2.800000000000000000e+01,5.000000000000000000e+01,9.863576246684783655e+01,-7.444099876387798531e+01,2.580523629703015231e+01,0.000000000000000000e+00,5.485000000000000142e+01,2.186499999999999844e+01,5.000000000000000000e+01,1.000000000000000000e+00
2.900000000000000000e+01,5.000000000000000000e+01,9.825001096288472979e+01,-7.255969928756049114e+01,2.430968832467575780e+01,0.000000000000000000e+00,5.485000000000000142e+01,2.199399999999999977e+01,5.000000000000000000e+01,1.000000000000000000e+00
3.000000000000000000e+01,4.999999999999999289e+01,9.795994975447834463e+01,-7.093089718417195400e+01,2.297094742969360226e+01,0.000000000000000000e+00,5.485000000000000142e+01,2.209100000000000108e+01,5.000000000000000000e+01,1.000000000000000000e+00
3.100000000000000000e+01,5.000000000000000000e+01,9.766988854607198789e+01,-6.936054354775424713e+01,2.169065500168226279e+01,0.000000000000000000e+00,5.485000000000000142e+01,2.218799999999999883e+01,5.000000000000000000e+01,1.000000000000000000e+00
3.200000000000000000e+01,5.000000000000000000e+01,9.766988854607198789e+01,-6.841354511273773653e+01,2.074365656666574509e+01,0.000000000000000000e+00,5.485000000000000142e+01,2.218799999999999883e+01,5.000000000000000000e+01,1.000000000000000000e+00
3.300000000000000000e+01,5.000000000000000000e+01,9.738281765940175205e+01,-6.694628348555998798e+01,1.956346582615823948e+01,0.000000000000000000e+00,5.485000000000000142e+01,2.228399999999999892e+01,5.000000000000000000e+01,1.000000000000000000e+00
3.400000000000000000e+01,5.000000000000000000e+01,9.670700494703226013e+01,-6.477003667716498114e+01,1.806303173013272101e+01,0.000000000000000000e+00,5.485000000000000142e+01,2.251000000000000156e+01,5.000000000000000000e+01,1.000000000000000000e+00
3.500000000000000000e+01,5.000000000000000000e+01,9.651562435591876010e+01,-6.360701202855119618e+01,1.709138767263243253e+01,0.000000000000000000e+00,5.485000000000000142e+01,2.257400000000000162e+01,5.000000000000000000e+01,1.000000000000000000e+00
3.600000000000000000e+01,5.000000000000000000e+01,9.641993406036202430e+01,-6.267361148382835978e+01,1.625367742346633548e+01,0.000000000000000000e+00,5.485000000000000142e+01,2.260600000000000165e+01,5.000000000000000000e+01,1.000000000000000000e+00
3.700000000000000000e+01,5.000000000000000000e+01,9.583981164354926818e+01,-6.082907048389090221e+01,1.498925884034163225e+01,0.000000000000000000e+00,5.485000000000000142e+01,2.280000000000000071e+01,5.000000000000000000e+01,1.000000000000000000e+00
3.800000000000000000e+01,5.000000000000000000e+01,9.564843105243579657e+01,-5.980024455431090757e+01,1.415181350187510745e+01,0.000000000000000000e+00,5.485000000000000142e+01,2.286400000000000077e+01,5.000000000000000000e+01,1.000000000000000000e+00
3.900000000000000000e+01,5.000000000000000000e+01,9.535836984402943983e+01,-5.861492797773290420e+01,1.325655813370346614e+01,0.000000000000000000e+00,5.485000000000000142e+01,2.296099999999999852e+01,5.000000000000000000e+01,1.000000000000000000e+00
4.000000000000000000e+01,5.000000000000000000e+01,9.478123774895283304e+01,-5.690708914381923478e+01,1.212585139486639996e+01,0.000000000000000000e+00,5.485000000000000142e+01,2.315399999999999991e+01,5.000000000000000000e+01,1.000000000000000000e+00
4.100000000000000000e+01,5.000000000000000000e+01,9.468255713165993370e+01,-5.618463026219810530e+01,1.150207313053817337e+01,0.000000000000000000e+00,5.485000000000000142e+01,2.318700000000000117e+01,5.000000000000000000e+01,1.000000000000000000e+00
4.200000000000000000e+01,5.000000000000000000e+01,9.391404444546985530e+01,-5.417898534180686454e+01,1.026494089633700568e+01,0.000000000000000000e+00,5.485000000000000142e+01,2.344399999999999906e+01,5.000000000000000000e+01,1.000000000000000000e+00
4.300000000000000000e+01,5.000000000000000000e+01,9.362398323706348435e+01,-5.316336683447882905e+01,9.539383597415346472e+00,0.000000000000000000e+00,5.485000000000000142e+01,2.354100000000000037e+01,5.000000000000000000e+01,1.000000000000000000e+00
4.400000000000000000e+01,5.000000000000000000e+01,9.333392202865709919e+01,-5.217942563825735647e+01,8.845503609600259054e+00,0.000000000000000000e+00,5.485000000000000142e+01,2.363800000000000168e+01,5.000000000000000000e+01,1.000000000000000000e+00
4.500000000000000000e+01,5.000000000000000000e+01,9.294817052469399243e+01,-5.103857592300281709e+01,8.090405398308822882e+00,0.000000000000000000e+00,5.485000000000000142e+01,2.376699999999999946e+01,5.000000000000000000e+01,1.000000000000000000e+00
4.600000000000000000e+01,5.000000000000000000e+01,9.275678993358050661e+01,-5.031094898499343770e+01,7.554159051412930204e+00,0.000000000000000000e+00,5.485000000000000142e+01,2.383099999999999952e+01,5.000000000000000000e+01,1.000000000000000000e+00
4.700000000000000000e+01,5.000000000000000000e+01,9.217965783850391404e+01,-4.885207280372212324e+01,6.672414965218210092e+00,0.000000000000000000e+00,5.485000000000000142e+01,2.402400000000000091e+01,5.000000000000000000e+01,1.000000000000000000e+00
4.800000000000000000e+01,5.000000000000000000e+01,9.169522571724790794e+01,-4.761304566992413356e+01,5.917819952676222073e+00,0.000000000000000000e+00,5.485000000000000142e+01,2.418599999999999994e+01,5.000000000000000000e+01,1.000000000000000000e+00
4.900000000000000000e+01,5.000000000000000000e+01,9.121378391772803695e+01,-4.641281370114647586e+01,5.199029783418435358e+00,0.000000000000000000e+00,5.485000000000000142e+01,2.434700000000000131e+01,5.000000000000000000e+01,1.000000000000000000e+00
5.000000000000000000e+01,5.000000000000000000e+01,9.092671303105781533e+01,-4.562421932654869750e+01,4.697506295490882167e+00,0.000000000000000000e+00,5.485000000000000142e+01,2.444300000000000139e+01,5.000000000000000000e+01,1.000000000000000000e+00
5.100000000000000000e+01,5.000000000000000000e+01,9.054096152709470857e+01,-4.466446819797167223e+01,4.123506670876962765e+00,0.000000000000000000e+00,5.485000000000000142e+01,2.457199999999999918e+01,5.000000000000000000e+01,1.000000000000000000e+00
5.200000000000000000e+01,5.000000000000000000e+01,8.996083911028196667e+01,-4.334952175007954622e+01,3.388682639797579110e+00,0.000000000000000000e+00,5.485000000000000142e+01,2.476599999999999824e+01,5.000000000000000000e+01,1.000000000000000000e+00
5.300000000000000000e+01,5.000000000000000000e+01,8.957508760631884570e+01,-4.244691292327060950e+01,2.871825316951762908e+00,0.000000000000000000e+00,5.485000000000000142e+01,2.489499999999999957e+01,5.000000000000000000e+01,1.000000000000000000e+00
5.400000000000000000e+01,5.000000000000000000e+01,8.928801671964862408e+01,-4.175992262598338556e+01,2.471905906334759706e+00,0.000000000000000000e+00,5.485000000000000142e+01,2.499099999999999966e+01,5.000000000000000000e+01,1.000000000000000000e+00
5.500000000000000000e+01,5.000000000000000000e+01,8.899795551124223891e+01,-4.108454243506342607e+01,2.086586923821190709e+00,0.000000000000000000e+00,5.485000000000000142e+01,2.508800000000000097e+01,5.000000000000000000e+01,1.000000000000000000e+00
5.600000000000000000e+01,5.000000000000000000e+01,8.842082341616564634e+01,-3.986437653007321558e+01,1.443553113907567909e+00,0.000000000000000000e+00,5.485000000000000142e+01,2.528099999999999881e+01,5.000000000000000000e+01,1.000000000000000000e+00
5.700000000000000000e+01,5.000000000000000000e+01,8.803507191220252537e+01,-3.904669066279590339e+01,1.011618750593374916e+00,0.000000000000000000e+00,5.485000000000000142e+01,2.541000000000000014e+01,5.000000000000000000e+01,1.000000000000000000e+00
5.800000000000000000e+01,5.000000000000000000e+01,8.726356890427629764e+01,-3.749320136589402352e+01,2.296324616177274347e-01,0.000000000000000000e+00,5.485000000000000142e+01,2.566799999999999926e+01,5.000000000000000000e+01,1.000000000000000000e+00
5.900000000000000000e+01,5.000000000000000000e+01,8.707218831316281182e+01,-3.710877013444534356e+01,3.658182128253198440e-02,0.000000000000000000e+00,5.485000000000000142e+01,2.573199999999999932e+01,5.000000000000000000e+01,1.000000000000000000e+00
6.000000000000000000e+01,5.000000000000000000e+01,8.668643680919969086e+01,-3.635251162434676786e+01,-3.339251848529247724e-01,0.000000000000000000e+00,5.485000000000000142e+01,2.586100000000000065e+01,5.000000000000000000e+01,1.000000000000000000e+00
6.100000000000000000e+01,5.000000000000000000e+01,8.610631439238694895e+01,-3.523217345320983895e+01,-8.741409391771066684e-01,0.000000000000000000e+00,5.485000000000000142e+01,2.605499999999999972e+01,5.000000000000000000e+01,1.000000000000000000e+00
6.200000000000000000e+01,5.000000000000000000e+01,8.610631439238694895e+01,-3.527033781944592050e+01,-8.359765729410300050e-01,0.000000000000000000e+00,5.485000000000000142e+01,2.605499999999999972e+01,5.000000000000000000e+01,1.000000000000000000e+00
6.300000000000000000e+01,5.000000000000000000e+01,8.523912108890398542e+01,-3.361031038731429277e+01,-1.628810701589689991e+00,0.000000000000000000e+00,5.485000000000000142e+01,2.634499999999999886e+01,5.000000000000000000e+01,1.000000000000000000e+00
6.400000000000000000e+01,5.000000000000000000e+01,8.514343079334723541e+01,-3.349422027246145461e+01,-1.649210520885782350e+00,0.000000000000000000e+00,5.485000000000000142e+01,2.637699999999999889e+01,5.000000000000000000e+01,1.000000000000000000e+00
6.500000000000000000e+01,5.000000000000000000e+01,8.456629869827062862e+01,-3.243715660359095665e+01,-2.129142094679674635e+00,0.000000000000000000e+00,5.485000000000000142e+01,2.657000000000000028e+01,5.000000000000000000e+01,1.000000000000000000e+00
6.600000000000000000e+01,5.000000000000000000e+01,8.418054719430750765e+01,-3.177545204582507310e+01,-2.405095148482433665e+00,0.000000000000000000e+00,5.485000000000000142e+01,2.669900000000000162e+01,5.000000000000000000e+01,1.000000000000000000e+00
6.700000000000000000e+01,5.000000000000000711e+01,8.389048598590115091e+01,-3.131299822186491966e+01,-2.577487764036230367e+00,0.000000000000000000e+00,5.485000000000000142e+01,2.679599999999999937e+01,5.000000000000000000e+01,1.000000000000000000e+00
6.800000000000000000e+01,5.000000000000000000e+01,8.321766359526780832e+01,-3.010925964995666959e+01,-3.108403945311137395e+00,0.000000000000000000e+00,5.485000000000000142e+01,2.702100000000000080e+01,5.000000000000000000e+01,1.000000000000000000e+00
6.900000000000000000e+01,5.000000000000000000e+01,8.302329268241817317e+01,-2.986471460492851548e+01,-3.158578077489659020e+00,0.000000000000000000e+00,5.485000000000000142e+01,2.708599999999999852e+01,5.000000000000000000e+01,1.000000000000000000e+00
7.000000000000000000e+01,5.000000000000000000e+01,8.225178967449193124e+01,-2.849329310955677386e+01,-3.758496564935155604e+00,0.000000000000000000e+00,5.485000000000000142e+01,2.734400000000000119e+01,5.000000000000000000e+01,1.000000000000000000e+00
7.100000000000000000e+01,5.000000000000000000e+01,8.206040908337845963e+01,-2.828298073005133517e+01,-3.777428353327123567e+00,0.000000000000000000e+00,5.485000000000000142e+01,2.740800000000000125e+01,5.000000000000000000e+01,1.000000000000000000e+00
7.200000000000000000e+01,5.000000000000000000e+01,8.138459637100896771e+01,-2.712578061518146555e+01,-4.258815755827502159e+00,0.000000000000000000e+00,5.485000000000000142e+01,2.763400000000000034e+01,5.000000000000000000e+01,1.000000000000000000e+00
7.300000000000000000e+01,5.000000000000000000e+01,8.119321577989548189e+01,-2.693731181258722174e+01,-4.255903967308259261e+00,0.000000000000000000e+00,5.485000000000000142e+01,2.769800000000000040e+01,5.000000000000000000e+01,1.000000000000000000e+00
7.400000000000000000e+01,5.000000000000000000e+01,8.071177398037562511e+01,-2.618125733083190454e+01,-4.530516649543722352e+00,0.000000000000000000e+00,5.485000000000000142e+01,2.785900000000000176e+01,5.000000000000000000e+01,1.000000000000000000e+00
7.500000000000000000e+01,5.000000000000000000e+01,8.032602247641251836e+01,-2.562439506322134264e+01,-4.701627413191177496e+00,0.000000000000000000e+00,5.485000000000000142e+01,2.798799999999999955e+01,5.000000000000000000e+01,1.000000000000000000e+00
7.600000000000000000e+01,5.000000000000000000e+01,7.974590005959976224e+01,-2.469474763768584680e+01,-5.051152421913915447e+00,0.000000000000000000e+00,5.485000000000000142e+01,2.818199999999999861e+01,5.000000000000000000e+01,1.000000000000000000e+00
7.700000000000000000e+01,5.000000000000000000e+01,7.945882917292954062e+01,-2.435366886399229003e+01,-5.105160308937251479e+00,0.000000000000000000e+00,5.485000000000000142e+01,2.827799999999999869e+01,5.000000000000000000e+01,1.000000000000000000e+00
7.800000000000000000e+01,5.000000000000000000e+01,7.859163586944656288e+01,-2.288003093077032446e+01,-5.711604938676236642e+00,0.000000000000000000e+00,5.485000000000000142e+01,2.856800000000000139e+01,5.000000000000000000e+01,1.000000000000000000e+00
7.900000000000000000e+01,5.000000000000000000e+01,7.839726495659692773e+01,-2.274913977339835114e+01,-5.648125183198576593e+00,0.000000000000000000e+00,5.485000000000000142e+01,2.863299999999999912e+01,5.000000000000000000e+01,1.000000000000000000e+00
8.000000000000000000e+01,4.999999999999999289e+01,7.791582315707707096e+01,-2.205386867105424287e+01,-5.861954486022828981e+00,0.000000000000000000e+00,5.485000000000000142e+01,2.879400000000000048e+01,5.000000000000000000e+01,1.000000000000000000e+00
8.100000000000000000e+01,5.000000000000000000e+01,7.743438135755722840e+01,-2.136793320265572049e+01,-6.066448154901507017e+00,0.000000000000000000e+00,5.485000000000000142e+01,2.895499999999999829e+01,5.000000000000000000e+01,1.000000000000000000e+00
8.200000000000000000e+01,5.000000000000000000e+01,7.685724926248062161e+01,-2.050372295965846092e+01,-6.353526302822158911e+00,0.000000000000000000e+00,5.485000000000000142e+01,2.914799999999999969e+01,5.000000000000000000e+01,1.000000000000000000e+00
8.300000000000000000e+01,5.000000000000000000e+01,7.656718805407423645e+01,-2.021365480702263540e+01,-6.353533247051601052e+00,0.000000000000000000e+00,5.485000000000000142e+01,2.924500000000000099e+01,5.000000000000000000e+01,1.000000000000000000e+00
8.400000000000000000e+01,5.000000000000000000e+01,7.608574625455439389e+01,-1.954918131463846365e+01,-6.536564939915931127e+00,0.000000000000000000e+00,5.485000000000000142e+01,2.940599999999999881e+01,5.000000000000000000e+01,1.000000000000000000e+00
8.500000000000000000e+01,5.000000000000000000e+01,7.550562383774163777e+01,-1.869964594501028898e+01,-6.805977892731347012e+00,0.000000000000000000e+00,5.485000000000000142e+01,2.960000000000000142e+01,5.000000000000000000e+01,1.000000000000000000e+00
8.600000000000000000e+01,5.000000000000000000e+01,7.511987233377853102e+01,-1.824212868270603849e+01,-6.877743651072494302e+00,0.000000000000000000e+00,5.485000000000000142e+01,2.972899999999999920e+01,5.000000000000000000e+01,1.000000000000000000e+00
8.700000000000000000e+01,5.000000000000000711e+01,7.454274023870192423e+01,-1.741333901899281855e+01,-7.129401219709104787e+00,0.000000000000000000e+00,5.485000000000000142e+01,2.992200000000000060e+01,5.000000000000000000e+01,1.000000000000000000e+00
8.800000000000000000e+01,5.000000000000000000e+01,7.444704994314517421e+01,-1.753740073966185520e+01,-6.909649203483319901e+00,0.000000000000000000e+00,5.485000000000000142e+01,2.995400000000000063e+01,5.000000000000000000e+01,1.000000000000000000e+00
8.900000000000000000e+01,5.000000000000000000e+01,7.357985663966221068e+01,-1.614254549691225549e+01,-7.437311142749956971e+00,0.000000000000000000e+00,5.485000000000000142e+01,3.024399999999999977e+01,5.000000000000000000e+01,1.000000000000000000e+00
9.000000000000000000e+01,5.000000000000000000e+01,7.338548572681257554e+01,-1.608699743427066409e+01,-7.298488292541909672e+00,0.000000000000000000e+00,5.485000000000000142e+01,3.030900000000000105e+01,5.000000000000000000e+01,1.000000000000000000e+00
9.100000000000000000e+01,5.000000000000000000e+01,7.261697304062249714e+01,-1.490217153680463547e+01,-7.714801503817861672e+00,0.000000000000000000e+00,5.485000000000000142e+01,3.056599999999999895e+01,5.000000000000000000e+01,1.000000000000000000e+00
9.200000000000000000e+01,5.000000000000000000e+01,7.261697304062249714e+01,-1.523899423533596043e+01,-7.377978805286536712e+00,0.000000000000000000e+00,5.485000000000000142e+01,3.056599999999999895e+01,5.000000000000000000e+01,1.000000000000000000e+00
9.300000000000000000e+01,5.000000000000000000e+01,7.194116032825300522e+01,-1.423899156991788928e+01,-7.702168758335115939e+00,0.000000000000000000e+00,5.485000000000000142e+01,3.079200000000000159e+01,5.000000000000000000e+01,1.000000000000000000e+00
9.400000000000000000e+01,5.000000000000000000e+01,7.155540882428988425e+01,-1.382060135781736321e+01,-7.734807466472521043e+00,0.000000000000000000e+00,5.485000000000000142e+01,3.092099999999999937e+01,5.000000000000000000e+01,1.000000000000000000e+00
9.500000000000000000e+01,5.000000000000000000e+01,7.107396702477002748e+01,-1.321643330683264672e+01,-7.857533717937380757e+00,0.000000000000000000e+00,5.485000000000000142e+01,3.108200000000000074e+01,5.000000000000000000e+01,1.000000000000000000e+00
9.600000000000000000e+01,5.000000000000000000e+01,7.039815431240053556e+01,-1.223736766483548344e+01,-8.160786647565052121e+00,0.000000000000000000e+00,5.485000000000000142e+01,3.130799999999999983e+01,5.000000000000000000e+01,1.000000000000000000e+00
9.700000000000000000e+01,5.000000000000000000e+01,6.991671251288067879e+01,-1.165179755927071525e+01,-8.264914953609963533e+00,0.000000000000000000e+00,5.485000000000000142e+01,3.146900000000000119e+01,5.000000000000000000e+01,1.000000000000000000e+00
9.800000000000000000e+01,5.000000000000000000e+01,6.972533192176719297e+01,-1.163823217340255489e+01,-8.087099748364638074e+00,0.000000000000000000e+00,5.485000000000000142e+01,3.153300000000000125e+01,5.000000000000000000e+01,1.000000000000000000e+00
9.900000000000000000e+01,5.000000000000000000e+01,6.885813861828422944e+01,-1.029478357665905719e+01,-8.563355041625172248e+00,0.000000000000000000e+00,5.485000000000000142e+01,3.182300000000000040e+01,5.000000000000000000e+01,1.000000000000000000e+00
1.000000000000000000e+02,5.000000000000000000e+01,6.876244832272747942e+01,-1.048145069237656557e+01,-8.280997630350913852e+00,0.000000000000000000e+00,5.485000000000000142e+01,3.185500000000000043e+01,5.000000000000000000e+01,1.000000000000000000e+00
1.010000000000000000e+02,5.000000000000000000e+01,6.837669681876435845e+01,-1.008833173353688295e+01,-8.288365085227475504e+00,0.000000000000000000e+00,5.485000000000000142e+01,3.198400000000000176e+01,5.000000000000000000e+01,1.000000000000000000e+00
1.020000000000000000e+02,5.000000000000000000e+01,6.799094531480125170e+01,-9.695534432491221821e+00,-8.295410882310029876e+00,0.000000000000000000e+00,5.485000000000000142e+01,3.211299999999999955e+01,5.000000000000000000e+01,1.000000000000000000e+00
1.030000000000000000e+02,5.000000000000000000e+01,6.779657440195163076e+01,-9.677450388819506699e+00,-8.119124013132124063e+00,0.000000000000000000e+00,5.485000000000000142e+01,3.217799999999999727e+01,5.000000000000000000e+01,1.000000000000000000e+00
1.040000000000000000e+02,5.000000000000000000e+01,6.712375201131828817e+01,-8.715655679598558692e+00,-8.408096331719729477e+00,0.000000000000000000e+00,5.485000000000000142e+01,3.240299999999999869e+01,5.000000000000000000e+01,1.000000000000000000e+00
1.050000000000000000e+02,5.000000000000000000e+01,6.683369080291190301e+01,-8.515288580335575119e+00,-8.318402222576327887e+00,0.000000000000000000e+00,5.485000000000000142e+01,3.250000000000000000e+01,5.000000000000000000e+01,1.000000000000000000e+00
1.060000000000000000e+02,5.000000000000000000e+01,6.644793929894879625e+01,-8.123802679155870621e+00,-8.324136619792925629e+00,0.000000000000000000e+00,5.485000000000000142e+01,3.262899999999999778e+01,5.000000000000000000e+01,1.000000000000000000e+00
1.070000000000000000e+02,5.000000000000000000e+01,6.587080720387218946e+01,-7.358161494715902862e+00,-8.512645709156286600e+00,0.000000000000000000e+00,5.485000000000000142e+01,3.282200000000000273e+01,5.000000000000000000e+01,1.000000000000000000e+00
1.080000000000000000e+02,5.000000000000000000e+01,6.558074599546583272e+01,-7.162358946260985348e+00,-8.418387049204847372e+00,0.000000000000000000e+00,5.485000000000000142e+01,3.291899999999999693e+01,5.000000000000000000e+01,1.000000000000000000e+00
1.090000000000000000e+02,5.000000000000000000e+01,6.500361390038921172e+01,-6.400832667947433663e+00,-8.602781232441778059e+00,0.000000000000000000e+00,5.485000000000000142e+01,3.311200000000000188e+01,5.000000000000000000e+01,1.000000000000000000e+00
1.100000000000000000e+02,5.000000000000000000e+01,6.490493328309631238e+01,-6.583371014698192525e+00,-8.321562268398119855e+00,0.000000000000000000e+00,5.485000000000000142e+01,3.314500000000000313e+01,5.000000000000000000e+01,1.000000000000000000e+00
1.110000000000000000e+02,5.000000000000000000e+01,6.413642059690624819e+01,-5.443211792994933518e+00,-8.693208803911314675e+00,0.000000000000000000e+00,5.485000000000000142e+01,3.340200000000000102e+01,5.000000000000000000e+01,1.000000000000000000e+00
1.120000000000000000e+02,5.000000000000000000e+01,6.394204968405661305e+01,-5.442495321172927447e+00,-8.499554362883685599e+00,0.000000000000000000e+00,5.485000000000000142e+01,3.346699999999999875e+01,5.000000000000000000e+01,1.000000000000000000e+00
1.130000000000000000e+02,5.000000000000000000e+01,6.346060788453675627e+01,-4.871715571003882417e+00,-8.588892313532873857e+00,0.000000000000000000e+00,5.485000000000000142e+01,3.362800000000000011e+01,5.000000000000000000e+01,1.000000000000000000e+00
1.140000000000000000e+02,5.000000000000000000e+01,6.297916608501689240e+01,-4.304836251663028079e+00,-8.674329833353864316e+00,0.000000000000000000e+00,5.485000000000000142e+01,3.378900000000000148e+01,5.000000000000000000e+01,1.000000000000000000e+00
1.150000000000000000e+02,5.000000000000000000e+01,6.268910487661051434e+01,-4.116092716067305091e+00,-8.573012160543209248e+00,0.000000000000000000e+00,5.485000000000000142e+01,3.388600000000000279e+01,5.000000000000000000e+01,1.000000000000000000e+00
1.160000000000000000e+02,5.000000000000000000e+01,6.201628248597719306e+01,-3.174114437712017178e+00,-8.842168048265175884e+00,0.000000000000000000e+00,5.485000000000000142e+01,3.411099999999999710e+01,5.000000000000000000e+01,1.000000000000000000e+00
1.170000000000000000e+02,5.000000000000000000e+01,6.163053098201405788e+01,-2.805495776696472987e+00,-8.825035205317584897e+00,0.000000000000000000e+00,5.485000000000000142e+01,3.424000000000000199e+01,5.000000000000000000e+01,1.000000000000000000e+00
1.180000000000000000e+02,5.000000000000000000e+01,6.105040856520133019e+01,-2.055873376950961173e+00,-8.994535188250369018e+00,0.000000000000000000e+00,5.485000000000000142e+01,3.443399999999999750e+01,5.000000000000000000e+01,1.000000000000000000e+00
1.190000000000000000e+02,5.000000000000000000e+01,6.085902797408784437e+01,-2.074162687047826026e+00,-8.784865287040018345e+00,0.000000000000000000e+00,5.485000000000000142e+01,3.449799999999999756e+01,5.000000000000000000e+01,1.000000000000000000e+00
1.200000000000000000e+02,5.000000000000000000e+01,6.047327647012470919e+01,-1.703042228590105012e+00,-8.770234241534604180e+00,0.000000000000000000e+00,5.485000000000000142e+01,3.462700000000000244e+01,5.000000000000000000e+01,1.000000000000000000e+00
1.210000000000000000e+02,5.000000000000000000e+01,5.989614437504811661e+01,-9.568773462545205888e-01,-8.939267028793596026e+00,0.000000000000000000e+00,5.485000000000000142e+01,3.482000000000000028e+01,5.000000000000000000e+01,1.000000000000000000e+00
1.220000000000000000e+02,5.000000000000000000e+01,5.951039287108500986e+01,-5.924979570634594239e-01,-8.917894914021550434e+00,0.000000000000000000e+00,5.485000000000000142e+01,3.494899999999999807e+01,5.000000000000000000e+01,1.000000000000000000e+00
1.230000000000000000e+02,5.000000000000000000e+01,5.912464136712188179e+01,-2.271854766752223753e-01,-8.897455890446659410e+00,0.000000000000000000e+00,5.485000000000000142e+01,3.507800000000000296e+01,5.000000000000000000e+01,1.000000000000000000e+00
1.240000000000000000e+02,5.000000000000000000e+01,5.902895107156514598e+01,-4.284391957455415678e-01,-8.600511875819604413e+00,0.000000000000000000e+00,5.485000000000000142e+01,3.510999999999999943e+01,5.000000000000000000e+01,1.000000000000000000e+00
1.250000000000000000e+02,5.000000000000000000e+01,5.816175776808217535e+01,8.925941958701955059e-01,-9.054351963952370852e+00,0.000000000000000000e+00,5.485000000000000142e+01,3.539999999999999858e+01,5.000000000000000000e+01,1.000000000000000000e+00
1.260000000000000000e+02,5.000000000000000000e+01,5.787169655967579729e+01,1.064746237897811199e+00,-8.936442797573608487e+00,0.000000000000000000e+00,5.485000000000000142e+01,3.549699999999999989e+01,5.000000000000000000e+01,1.000000000000000000e+00
1.270000000000000000e+02,5.000000000000000000e+01,5.758163535126941923e+01,1.242046109533436749e+00,-8.823681460802855980e+00,0.000000000000000000e+00,5.485000000000000142e+01,3.559400000000000119e+01,5.000000000000000000e+01,1.000000000000000000e+00
1.280000000000000000e+02,5.000000000000000000e+01,5.719588384730631248e+01,1.611471881693995911e+00,-8.807355729000308386e+00,0.000000000000000000e+00,5.485000000000000142e+01,3.572299999999999898e+01,5.000000000000000000e+01,1.000000000000000000e+00
1.290000000000000000e+02,5.000000000000000000e+01,5.671444204778644860e+01,2.168813245056114170e+00,-8.883255292842562767e+00,0.000000000000000000e+00,5.485000000000000142e+01,3.588400000000000034e+01,5.000000000000000000e+01,1.000000000000000000e+00
1.300000000000000000e+02,5.000000000000000000e+01,5.623300024826659183e+01,2.722840887916401442e+00,-8.955841136182993267e+00,0.000000000000000000e+00,5.485000000000000142e+01,3.604500000000000171e+01,5.000000000000000000e+01,1.000000000000000000e+00
1.310000000000000000e+02,5.000000000000000000e+01,5.613730995270985602e+01,2.519038110906796746e+00,-8.656348063616652766e+00,0.000000000000000000e+00,5.485000000000000142e+01,3.607699999999999818e+01,5.000000000000000000e+01,1.000000000000000000e+00
1.320000000000000000e+02,5.000000000000000000e+01,5.546149724034037121e+01,3.463228091695549793e+00,-8.924725332035920999e+00,0.000000000000000000e+00,5.485000000000000142e+01,3.630299999999999727e+01,5.000000000000000000e+01,1.000000000000000000e+00
1.330000000000000000e+02,5.000000000000000000e+01,5.498005544082050733e+01,4.015445182398099888e+00,-8.995500623218607217e+00,0.000000000000000000e+00,5.485000000000000142e+01,3.646399999999999864e+01,5.000000000000000000e+01,1.000000000000000000e+00
1.340000000000000000e+02,5.000000000000000000e+01,5.468999423241413638e+01,4.190166631738174274e+00,-8.880160864152310651e+00,0.000000000000000000e+00,5.485000000000000142e+01,3.656099999999999994e+01,5.000000000000000000e+01,1.000000000000000000e+00
1.350000000000000000e+02,5.000000000000000000e+01,5.430723305018716474e+01,4.551276465499938695e+00,-8.858509515687103431e+00,0.000000000000000000e+00,5.485000000000000142e+01,3.668900000000000006e+01,5.000000000000000000e+01,1.000000000000000000e+00
1.360000000000000000e+02,5.000000000000000000e+01,5.430723305018716474e+01,4.164520295744623013e+00,-8.471753345931787749e+00,0.000000000000000000e+00,5.485000000000000142e+01,3.668900000000000006e+01,5.000000000000000000e+01,1.000000000000000000e+00
1.370000000000000000e+02,5.000000000000000000e+01,5.353573004226092280e+01,5.303972370930896574e+00,-8.839702413191819375e+00,0.000000000000000000e+00,5.485000000000000142e+01,3.694700000000000273e+01,5.000000000000000000e+01,1.000000000000000000e+00
1.380000000000000000e+02,5.000000000000000000e+01,5.334135912941130186e+01,5.298293036876220441e+00,-8.639652166287522306e+00,0.000000000000000000e+00,5.485000000000000142e+01,3.701200000000000045e+01,5.000000000000000000e+01,1.000000000000000000e+00
1.390000000000000000e+02,5.000000000000000000e+01,5.295560762544819511e+01,5.675753396000137840e+00,-8.631361021448332949e+00,0.000000000000000000e+00,5.485000000000000142e+01,3.714099999999999824e+01,5.000000000000000000e+01,1.000000000000000000e+00
1.400000000000000000e+02,5.000000000000000000e+01,5.276422703433470929e+01,5.673320009459905222e+00,-8.437547043794614510e+00,0.000000000000000000e+00,5.485000000000000142e+01,3.720499999999999829e+01,5.000000000000000000e+01,1.000000000000000000e+00
1.410000000000000000e+02,5.000000000000000000e+01,5.237847553037157411e+01,6.059604133227898259e+00,-8.438079663599472369e+00,0.000000000000000000e+00,5.485000000000000142e+01,3.733400000000000318e+01,5.000000000000000000e+01,1.000000000000000000e+00
1.420000000000000000e+02,5.000000000000000000e+01,5.189703373085173865e+01,6.633067824661504019e+00,-8.530101555513242673e+00,0.000000000000000000e+00,5.485000000000000142e+01,3.749499999999999744e+01,5.000000000000000000e+01,1.000000000000000000e+00
1.430000000000000000e+02,5.000000000000000000e+01,5.141559193133187478e+01,7.202513906316992731e+00,-8.618105837648867507e+00,0.000000000000000000e+00,5.485000000000000142e+01,3.765599999999999881e+01,5.000000000000000000e+01,1.000000000000000000e+00
1.440000000000000000e+02,5.000000000000000000e+01,5.141559193133187478e+01,6.826253588662812177e+00,-8.241845519994686953e+00,0.000000000000000000e+00,5.485000000000000142e+01,3.765599999999999881e+01,5.000000000000000000e+01,1.000000000000000000e+00
1.450000000000000000e+02,5.000000000000000000e+01,5.093415013181201090e+01,7.408284722014478518e+00,-8.342434853826489416e+00,0.000000000000000000e+00,5.485000000000000142e+01,3.781700000000000017e+01,5.000000000000000000e+01,1.000000000000000000e+00
1.460000000000000000e+02,5.000000000000000000e+01,5.044971801055601190e+01,7.991774285391441524e+00,-8.441492295947453428e+00,0.000000000000000000e+00,5.485000000000000142e+01,3.797899999999999920e+01,5.000000000000000000e+01,1.000000000000000000e+00
1.470000000000000000e+02,5.000000000000000000e+01,5.016264712388577607e+01,8.184833252646036783e+00,-8.347480376531812851e+00,0.000000000000000000e+00,5.485000000000000142e+01,3.807500000000000284e+01,5.000000000000000000e+01,1.000000000000000000e+00
1.480000000000000000e+02,5.000000000000000000e+01,4.987258591547941933e+01,8.387846801022451615e+00,-8.260432716501870942e+00,0.000000000000000000e+00,5.485000000000000142e+01,3.817199999999999704e+01,5.000000000000000000e+01,1.000000000000000000e+00
1.490000000000000000e+02,5.000000000000000000e+01,4.948683441151628415e+01,8.781863609246133962e+00,-8.268698020762418111e+00,0.000000000000000000e+00,5.485000000000000142e+01,3.830100000000000193e+01,5.000000000000000000e+01,1.000000000000000000e+00
1.500000000000000000e+02,5.000000000000000000e+01,4.929545382040280543e+01,8.795263829116642285e+00,-8.090717649519447718e+00,0.000000000000000000e+00,5.485000000000000142e+01,3.836500000000000199e+01,5.000000000000000000e+01,1.000000000000000000e+00
1.510000000000000000e+02,5.000000000000000000e+01,4.910108290755317739e+01,8.822284632471099286e+00,-7.923367540024276678e+00,0.000000000000000000e+00,5.485000000000000142e+01,3.842999999999999972e+01,5.000000000000000000e+01,1.000000000000000000e+00
1.520000000000000000e+02,5.000000000000000000e+01,4.861964110803331351e+01,9.418220285930425817e+00,-8.037861393963739332e+00,0.000000000000000000e+00,5.485000000000000142e+01,3.859100000000000108e+01,5.000000000000000000e+01,1.000000000000000000e+00
1.530000000000000000e+02,5.000000000000000000e+01,4.852395081247658482e+01,9.254495845844761703e+00,-7.778446658321345630e+00,0.000000000000000000e+00,5.485000000000000142e+01,3.862299999999999756e+01,5.000000000000000000e+01,1.000000000000000000e+00
1.540000000000000000e+02,5.000000000000000000e+01,4.804250901295672094e+01,9.856758641023100509e+00,-7.899267653979821446e+00,0.000000000000000000e+00,5.485000000000000142e+01,3.878399999999999892e+01,5.000000000000000000e+01,1.000000000000000000e+00
1.550000000000000000e+02,5.000000000000000000e+01,4.765675750899361418e+01,1.026654365675197056e+01,-7.923301165745584740e+00,0.000000000000000000e+00,5.485000000000000142e+01,3.891299999999999670e+01,5.000000000000000000e+01,1.000000000000000000e+00
1.560000000000000000e+02,5.000000000000000000e+01,4.756106721343686417e+01,1.010782083403702103e+01,-7.668888047473886083e+00,0.000000000000000000e+00,5.485000000000000142e+01,3.894500000000000028e+01,5.000000000000000000e+01,1.000000000000000000e+00
1.570000000000000000e+02,5.000000000000000000e+01,4.678956420551062223e+01,1.128232543212358330e+01,-8.071889637634205528e+00,0.000000000000000000e+00,5.485000000000000142e+01,3.920300000000000296e+01,5.000000000000000000e+01,1.000000000000000000e+00
1.580000000000000000e+02,5.000000000000000000e+01,4.659519329266100129e+01,1.131016825296844175e+01,-7.905361545629443043e+00,0.000000000000000000e+00,5.485000000000000142e+01,3.926800000000000068e+01,5.000000000000000000e+01,1.000000000000000000e+00
1.590000000000000000e+02,5.000000000000000000e+01,4.649950299710426549e+01,1.115222866119662015e+01,-7.651731658300886529e+00,0.000000000000000000e+00,5.485000000000000142e+01,3.929999999999999716e+01,5.000000000000000000e+01,1.000000000000000000e+00
1.600000000000000000e+02,5.000000000000000000e+01,4.601806119758440161e+01,1.176002374236186121e+01,-7.778084939946262821e+00,0.000000000000000000e+00,5.485000000000000142e+01,3.946099999999999852e+01,5.000000000000000000e+01,1.000000000000000000e+00
1.610000000000000000e+02,5.000000000000000000e+01,4.563230969362127354e+01,1.217509950844072364e+01,-7.807409202061998066e+00,0.000000000000000000e+00,5.485000000000000142e+01,3.959000000000000341e+01,5.000000000000000000e+01,1.000000000000000000e+00
1.620000000000000000e+02,5.000000000000000000e+01,4.534224848521491680e+01,1.240169217681055436e+01,-7.743940662025471156e+00,0.000000000000000000e+00,5.485000000000000142e+01,3.968699999999999761e+01,5.000000000000000000e+01,1.000000000000000000e+00
1.630000000000000000e+02,5.000000000000000000e+01,4.495948730298795226e+01,1.281240856939521677e+01,-7.771895872383168147e+00,0.000000000000000000e+00,5.485000000000000142e+01,3.981499999999999773e+01,5.000000000000000000e+01,1.000000000000000000e+00
1.640000000000000000e+02,5.000000000000000000e+01,4.466942609458157420e+01,1.304055172425917775e+01,-7.709977818840751951e+00,0.000000000000000000e+00,5.485000000000000142e+01,3.991199999999999903e+01,5.000000000000000000e+01,1.000000000000000000e+00
1.650000000000000000e+02,5.000000000000000000e+01,4.447505518173194616e+01,1.308419535545231582e+01,-7.559250537184261987e+00,0.000000000000000000e+00,5.485000000000000142e+01,3.997699999999999676e+01,5.000000000000000000e+01,1.000000000000000000e+00
1.660000000000000000e+02,5.000000000000000000e+01,4.380223279109860357e+01,1.407043373894168781e+01,-7.872666530040292265e+00,0.000000000000000000e+00,5.485000000000000142e+01,4.020199999999999818e+01,5.000000000000000000e+01,1.000000000000000000e+00
1.670000000000000000e+02,5.000000000000000000e+01,4.370654249554184645e+01,1.391392158809289548e+01,-7.620464083634741925e+00,0.000000000000000000e+00,5.485000000000000142e+01,4.023400000000000176e+01,5.000000000000000000e+01,1.000000000000000000e+00
1.680000000000000000e+02,5.000000000000000711e+01,4.332079099157873969e+01,1.433587896767031467e+01,-7.656669959249053470e+00,0.000000000000000000e+00,5.485000000000000142e+01,4.036299999999999955e+01,5.000000000000000000e+01,1.000000000000000000e+00
1.690000000000000000e+02,5.000000000000000000e+01,4.312642007872911876e+01,1.438184998176651952e+01,-7.508270060495638276e+00,0.000000000000000000e+00,5.485000000000000142e+01,4.042799999999999727e+01,5.000000000000000000e+01,1.000000000000000000e+00
1.700000000000000000e+02,5.000000000000000000e+01,4.274066857476598358e+01,1.480870567189858633e+01,-7.549374246664570798e+00,0.000000000000000000e+00,5.485000000000000142e+01,4.055700000000000216e+01,5.000000000000000000e+01,1.000000000000000000e+00
1.710000000000000000e+02,5.000000000000000000e+01,4.274066857476598358e+01,1.447910540872576490e+01,-7.219773983491748481e+00,0.000000000000000000e+00,5.485000000000000142e+01,4.055700000000000216e+01,5.000000000000000000e+01,1.000000000000000000e+00
1.720000000000000000e+02,5.000000000000000711e+01,4.245359768809576906e+01,1.472550372095799887e+01,-7.179101409053767036e+00,0.000000000000000000e+00,5.485000000000000142e+01,4.065299999999999869e+01,5.000000000000000000e+01,1.000000000000000000e+00
1.730000000000000000e+02,5.000000000000000000e+01,4.187347527128301294e+01,1.554698640934314646e+01,-7.420461680626159406e+00,0.000000000000000000e+00,5.485000000000000142e+01,4.084700000000000131e+01,5.000000000000000000e+01,1.000000000000000000e+00
1.740000000000000000e+02,5.000000000000000000e+01,4.177778497572628424e+01,1.541021719777709009e+01,-7.188002173503374337e+00,0.000000000000000000e+00,5.485000000000000142e+01,4.087899999999999778e+01,5.000000000000000000e+01,1.000000000000000000e+00
1.750000000000000000e+02,5.000000000000000000e+01,4.168209468016952712e+01,1.528359700150974021e+01,-6.965691681679267333e+00,0.000000000000000000e+00,5.485000000000000142e+01,4.091100000000000136e+01,5.000000000000000000e+01,1.000000000000000000e+00
1.760000000000000000e+02,5.000000000000000000e+01,4.120065288064967035e+01,1.592134409584235044e+01,-7.121996976492021680e+00,0.000000000000000000e+00,5.485000000000000142e+01,4.107200000000000273e+01,5.000000000000000000e+01,1.000000000000000000e+00
1.770000000000000000e+02,5.000000000000000000e+01,4.110496258509293455e+01,1.579760563911984050e+01,-6.902568224212775050e+00,0.000000000000000000e+00,5.485000000000000142e+01,4.110399999999999920e+01,5.000000000000000000e+01,1.000000000000000000e+00
1.780000000000000000e+02,5.000000000000000000e+01,4.081490137668655649e+01,1.606370301538790812e+01,-6.878604392074465501e+00,0.000000000000000000e+00,5.485000000000000142e+01,4.120100000000000051e+01,5.000000000000000000e+01,1.000000000000000000e+00
1.790000000000000000e+02,5.000000000000000000e+01,4.052484016828018554e+01,1.633084663537383818e+01,-6.855686803654025496e+00,0.000000000000000000e+00,5.485000000000000142e+01,4.129800000000000182e+01,5.000000000000000000e+01,1.000000000000000000e+00
1.800000000000000000e+02,5.000000000000000000e+01,4.033345957716669972e+01,1.640593791119258071e+01,-6.739397488359280430e+00,0.000000000000000000e+00,5.485000000000000142e+01,4.136200000000000188e+01,5.000000000000000000e+01,1.000000000000000000e+00
1.810000000000000000e+02,5.000000000000000000e+01,3.985201777764683584e+01,1.705356484764664415e+01,-6.905582625293479992e+00,0.000000000000000000e+00,5.485000000000000142e+01,4.152300000000000324e+01,5.000000000000000000e+01,1.000000000000000000e+00
1.820000000000000000e+02,5.000000000000000000e+01,3.985201777764683584e+01,1.675207206476281740e+01,-6.604089842409652356e+00,0.000000000000000000e+00,5.485000000000000142e+01,4.152300000000000324e+01,5.000000000000000000e+01,1.000000000000000000e+00
1.830000000000000000e+02,5.000000000000000000e+01,3.946626627368372908e+01,1.721840361449584478e+01,-6.684669888179572972e+00,0.000000000000000000e+00,5.485000000000000142e+01,4.165200000000000102e+01,5.000000000000000000e+01,1.000000000000000000e+00
1.840000000000000000e+02,5.000000000000000000e+01,3.908051476972061522e+01,1.768121709724418977e+01,-6.761731866964804993e+00,0.000000000000000000e+00,5.485000000000000142e+01,4.178099999999999881e+01,5.000000000000000000e+01,1.000000000000000000e+00
1.850000000000000000e+02,5.000000000000000000e+01,3.888614385687099428e+01,1.776626046635983158e+01,-6.652404323230826755e+00,0.000000000000000000e+00,5.485000000000000142e+01,4.184599999999999653e+01,5.000000000000000000e+01,1.000000000000000000e+00
1.860000000000000000e+02,5.000000000000000000e+01,3.859907297020075845e+01,1.803742973088936452e+01,-6.636502701090123857e+00,0.000000000000000000e+00,5.485000000000000142e+01,4.194200000000000017e+01,5.000000000000000000e+01,1.000000000000000000e+00
1.870000000000000000e+02,5.000000000000000000e+01,3.850039235290786621e+01,1.794073769407493657e+01,-6.441130046982803670e+00,0.000000000000000000e+00,5.485000000000000142e+01,4.197500000000000142e+01,5.000000000000000000e+01,1.000000000000000000e+00
1.880000000000000000e+02,5.000000000000000000e+01,3.801895055338800233e+01,1.860138677302207100e+01,-6.620337326410072443e+00,0.000000000000000000e+00,5.485000000000000142e+01,4.213600000000000279e+01,5.000000000000000000e+01,1.000000000000000000e+00
1.890000000000000000e+02,5.000000000000000000e+01,3.792326025783126653e+01,1.849955041669725020e+01,-6.422810674528517616e+00,0.000000000000000000e+00,5.485000000000000142e+01,4.216799999999999926e+01,5.000000000000000000e+01,1.000000000000000000e+00
1.900000000000000000e+02,4.999999999999999289e+01,3.782756996227451651e+01,1.840633793227450710e+01,-6.233907894549024498e+00,0.000000000000000000e+00,5.485000000000000142e+01,4.220000000000000284e+01,5.000000000000000000e+01,1.000000000000000000e+00
1.910000000000000000e+02,5.000000000000000000e+01,3.773187966671778781e+01,1.832137280769387644e+01,-6.053252474411663364e+00,0.000000000000000000e+00,5.485000000000000142e+01,4.223199999999999932e+01,5.000000000000000000e+01,1.000000000000000000e+00
1.920000000000000000e+02,5.000000000000000000e+01,3.705606695434829589e+01,1.937921207426881409e+01,-6.435279028617108210e+00,0.000000000000000000e+00,5.485000000000000142e+01,4.245799999999999841e+01,5.000000000000000000e+01,1.000000000000000000e+00
1.930000000000000000e+02,5.000000000000000711e+01,3.696037665879154588e+01,1.928545523045221088e+01,-6.245831889243755874e+00,0.000000000000000000e+00,5.485000000000000142e+01,4.249000000000000199e+01,5.000000000000000000e+01,1.000000000000000000e+00
1.940000000000000000e+02,5.000000000000000000e+01,3.676600574594192494e+01,1.939302242245328500e+01,-6.159028168395209057e+00,0.000000000000000000e+00,5.485000000000000142e+01,4.255499999999999972e+01,5.000000000000000000e+01,1.000000000000000000e+00
1.950000000000000000e+02,5.000000000000000000e+01,3.657462515482843912e+01,1.949852931445695248e+01,-6.073154469285390711e+00,0.000000000000000000e+00,5.485000000000000142e+01,4.261899999999999977e+01,5.000000000000000000e+01,1.000000000000000000e+00
1.960000000000000000e+02,5.000000000000000000e+01,3.599450273801568301e+01,2.036829685275053947e+01,-6.362799590766222479e+00,0.000000000000000000e+00,5.485000000000000142e+01,4.281300000000000239e+01,5.000000000000000000e+01,1.000000000000000000e+00
1.970000000000000000e+02,5.000000000000000000e+01,3.599450273801568301e+01,2.009050158772456030e+01,-6.085004325740245079e+00,0.000000000000000000e+00,5.485000000000000142e+01,4.281300000000000239e+01,5.000000000000000000e+01,1.000000000000000000e+00
1.980000000000000000e+02,5.000000000000000000e+01,3.599450273801568301e+01,1.982483466466032951e+01,-5.819337402676011628e+00,0.000000000000000000e+00,5.485000000000000142e+01,4.281300000000000239e+01,5.000000000000000000e+01,1.000000000000000000e+00
1.990000000000000000e+02,5.000000000000000711e+01,3.541737064293909043e+01,2.069983358580560306e+01,-6.117204228744692607e+00,0.000000000000000000e+00,5.485000000000000142e+01,4.300600000000000023e+01,5.000000000000000000e+01,1.000000000000000000e+00
2.000000000000000000e+02,5.000000000000000711e+01,3.541737064293909043e+01,2.043276083807860388e+01,-5.850131481017693424e+00,0.000000000000000000e+00,5.485000000000000142e+01,4.300600000000000023e+01,5.000000000000000000e+01,1.000000000000000000e+00
2.010000000000000000e+02,5.000000000000000711e+01,3.503161913897598367e+01,2.093200966892879578e+01,-5.963628807904778562e+00,0.000000000000000000e+00,5.485000000000000142e+01,4.313499999999999801e+01,5.000000000000000000e+01,1.000000000000000000e+00
2.020000000000000000e+02,5.000000000000000000e+01,3.474454825230574073e+01,2.123325037828288586e+01,-5.977798630588626594e+00,0.000000000000000000e+00,5.485000000000000142e+01,4.323100000000000165e+01,5.000000000000000000e+01,1.000000000000000000e+00
2.030000000000000000e+02,5.000000000000000000e+01,3.435879674834263398e+01,2.172692535297993999e+01,-6.085722101322574851e+00,0.000000000000000000e+00,5.485000000000000142e+01,4.335999999999999943e+01,5.000000000000000000e+01,1.000000000000000000e+00
2.040000000000000000e+02,5.000000000000000000e+01,3.416442583549301304e+01,2.184148282344796144e+01,-6.005908658940972700e+00,0.000000000000000000e+00,5.485000000000000142e+01,4.342499999999999716e+01,5.000000000000000000e+01,1.000000000000000000e+00
2.050000000000000000e+02,5.000000000000000000e+01,3.387735494882277010e+01,2.214087762484026456e+01,-6.018232573663032881e+00,0.000000000000000000e+00,5.485000000000000142e+01,4.352100000000000080e+01,5.000000000000000000e+01,1.000000000000000000e+00
2.060000000000000000e+02,5.000000000000000000e+01,3.358729374041639204e+01,2.244558446112855421e+01,-6.032878201544947139e+00,0.000000000000000000e+00,5.485000000000000142e+01,4.361800000000000210e+01,5.000000000000000000e+01,1.000000000000000000e+00
2.070000000000000000e+02,5.000000000000000000e+01,3.339292282756677110e+01,2.256244905834704184e+01,-5.955371885913814722e+00,0.000000000000000000e+00,5.485000000000000142e+01,4.368299999999999983e+01,5.000000000000000000e+01,1.000000000000000000e+00
2.080000000000000000e+02,5.000000000000000000e+01,3.300717132360366435e+01,2.305710316862612075e+01,-6.064274492229786873e+00,0.000000000000000000e+00,5.485000000000000142e+01,4.381199999999999761e+01,5.000000000000000000e+01,1.000000000000000000e+00
2.090000000000000000e+02,5.000000000000000000e+01,3.291148102804690723e+01,2.297954411668420960e+01,-5.891025144731118601e+00,0.000000000000000000e+00,5.485000000000000142e+01,4.384400000000000119e+01,5.000000000000000000e+01,1.000000000000000000e+00
2.100000000000000000e+02,5.000000000000000000e+01,3.262441014137669271e+01,2.328395464988158992e+01,-5.908364791258282622e+00,0.000000000000000000e+00,5.485000000000000142e+01,4.393999999999999773e+01,5.000000000000000000e+01,1.000000000000000000e+00
2.110000000000000000e+02,5.000000000000000000e+01,3.243003922852705045e+01,2.340625541325881187e+01,-5.836294641785863213e+00,0.000000000000000000e+00,5.485000000000000142e+01,4.400500000000000256e+01,5.000000000000000000e+01,1.000000000000000000e+00
2.120000000000000000e+02,5.000000000000000000e+01,3.213997802012069371e+01,2.371890552911812478e+01,-5.858883549238819377e+00,0.000000000000000000e+00,5.485000000000000142e+01,4.410199999999999676e+01,5.000000000000000000e+01,1.000000000000000000e+00
2.130000000000000000e+02,4.999999999999999289e+01,3.204428772456393659e+01,2.365031369838571251e+01,-5.694601422949649994e+00,0.000000000000000000e+00,5.485000000000000142e+01,4.413400000000000034e+01,5.000000000000000000e+01,1.000000000000000000e+00
2.140000000000000000e+02,5.000000000000000000e+01,3.175721683789372207e+01,2.396329995034827931e+01,-5.720516788242003159e+00,0.000000000000000000e+00,5.485000000000000142e+01,4.422999999999999687e+01,5.000000000000000000e+01,1.000000000000000000e+00
2.150000000000000000e+02,4.999999999999999289e+01,3.127278471663769821e+01,2.466126057532566307e+01,-5.934045291963362168e+00,0.000000000000000000e+00,5.485000000000000142e+01,4.439200000000000301e+01,5.000000000000000000e+01,1.000000000000000000e+00
2.160000000000000000e+02,5.000000000000000000e+01,3.117709442108096596e+01,2.458938723683201744e+01,-5.766481657912985170e+00,0.000000000000000000e+00,5.485000000000000142e+01,4.442399999999999949e+01,5.000000000000000000e+01,1.000000000000000000e+00
2.170000000000000000e+02,4.999999999999999289e+01,3.098571382996748369e+01,2.471203242784366694e+01,-5.697746257811151516e+00,0.000000000000000000e+00,5.485000000000000142e+01,4.448799999999999955e+01,5.000000000000000000e+01,1.000000000000000000e+00
2.180000000000000000e+02,5.000000000000000000e+01,3.059996232600437338e+01,2.521793428820749483e+01,-5.817896614211869988e+00,0.000000000000000000e+00,5.485000000000000142e+01,4.461699999999999733e+01,5.000000000000000000e+01,1.000000000000000000e+00
2.190000000000000000e+02,5.000000000000000000e+01,3.030990111759799532e+01,2.553138764875073008e+01,-5.841288766348726291e+00,0.000000000000000000e+00,5.485000000000000142e+01,4.471399999999999864e+01,5.000000000000000000e+01,1.000000000000000000e+00
2.200000000000000000e+02,5.000000000000000000e+01,3.030990111759799532e+01,2.527636117215134703e+01,-5.586262289749343246e+00,0.000000000000000000e+00,5.485000000000000142e+01,4.471399999999999864e+01,5.000000000000000000e+01,1.000000000000000000e+00
2.210000000000000000e+02,4.999999999999999289e+01,3.001983990919161727e+01,2.559992752111033454e+01,-5.619767430301952693e+00,0.000000000000000000e+00,5.485000000000000142e+01,4.481099999999999994e+01,5.000000000000000000e+01,1.000000000000000000e+00
2.220000000000000000e+02,5.000000000000000000e+01,2.982845931807813500e+01,2.572897815003667787e+01,-5.557437468114811985e+00,0.000000000000000000e+00,5.485000000000000142e+01,4.487500000000000000e+01,5.000000000000000000e+01,1.000000000000000000e+00
2.230000000000000000e+02,5.000000000000000000e+01,2.944270781411502469e+01,2.624100579149154200e+01,-5.683713605606566688e+00,0.000000000000000000e+00,5.485000000000000142e+01,4.500399999999999778e+01,5.000000000000000000e+01,1.000000000000000000e+00
2.240000000000000000e+02,5.000000000000000000e+01,2.925132722300154242e+01,2.636726457628343567e+01,-5.618591799284978983e+00,0.000000000000000000e+00,5.485000000000000142e+01,4.506799999999999784e+01,5.000000000000000000e+01,1.000000000000000000e+00
2.250000000000000000e+02,5.000000000000000000e+01,2.915264660570864663e+01,2.631501379912304017e+01,-5.467660404831687693e+00,0.000000000000000000e+00,5.485000000000000142e+01,4.510099999999999909e+01,5.000000000000000000e+01,1.000000000000000000e+00
2.260000000000000000e+02,5.000000000000000000e+01,2.896126601459516436e+01,2.645070531164945038e+01,-5.411971326244612968e+00,0.000000000000000000e+00,5.485000000000000142e+01,4.516499999999999915e+01,5.000000000000000000e+01,1.000000000000000000e+00
2.270000000000000000e+02,5.000000000000000000e+01,2.857551451063205405e+01,2.696908390049102522e+01,-5.544598411123078385e+00,0.000000000000000000e+00,5.485000000000000142e+01,4.529399999999999693e+01,5.000000000000000000e+01,1.000000000000000000e+00
2.280000000000000000e+02,5.000000000000000000e+01,2.828545330222567600e+01,2.729446926449832489e+01,-5.579922566723999111e+00,0.000000000000000000e+00,5.485000000000000142e+01,4.539099999999999824e+01,5.000000000000000000e+01,1.000000000000000000e+00
2.290000000000000000e+02,4.999999999999999289e+01,2.828545330222567600e+01,2.705085384865259712e+01,-5.336307150878274008e+00,0.000000000000000000e+00,5.485000000000000142e+01,4.539099999999999824e+01,5.000000000000000000e+01,1.000000000000000000e+00
2.300000000000000000e+02,5.000000000000000000e+01,2.809407271111219373e+01,2.719228015000481946e+01,-5.286352861117012303e+00,0.000000000000000000e+00,5.485000000000000142e+01,4.545499999999999829e+01,5.000000000000000000e+01,1.000000000000000000e+00
2.310000000000000000e+02,5.000000000000000711e+01,2.789970179826254792e+01,2.734173750797818414e+01,-5.241439306240731177e+00,0.000000000000000000e+00,5.485000000000000142e+01,4.552000000000000313e+01,5.000000000000000000e+01,1.000000000000000000e+00
2.320000000000000000e+02,5.000000000000000000e+01,2.761263091159233340e+01,2.767450849282681702e+01,-5.287139404419152200e+00,0.000000000000000000e+00,5.485000000000000142e+01,4.561599999999999966e+01,5.000000000000000000e+01,1.000000000000000000e+00
2.330000000000000000e+02,5.000000000000000000e+01,2.732256970318595535e+01,2.801113433234814210e+01,-5.333704035534096555e+00,0.000000000000000000e+00,5.485000000000000142e+01,4.571300000000000097e+01,5.000000000000000000e+01,1.000000000000000000e+00
2.340000000000000000e+02,5.000000000000000000e+01,2.722687940762922310e+01,2.796547146238438941e+01,-5.192350870013612507e+00,0.000000000000000000e+00,5.485000000000000142e+01,4.574499999999999744e+01,5.000000000000000000e+01,1.000000000000000000e+00
2.350000000000000000e+02,5.000000000000000711e+01,2.713118911207246953e+01,2.792597997021089284e+01,-5.057169082283361483e+00,0.000000000000000000e+00,5.485000000000000142e+01,4.577700000000000102e+01,5.000000000000000000e+01,1.000000000000000000e+00
2.360000000000000000e+02,5.000000000000000000e+01,2.645537639970298471e+01,2.902730752302790762e+01,-5.482683922730890558e+00,0.000000000000000000e+00,5.485000000000000142e+01,4.600300000000000011e+01,5.000000000000000000e+01,1.000000000000000000e+00
2.370000000000000000e+02,5.000000000000000000e+01,2.645537639970298471e+01,2.878793747661327629e+01,-5.243313876316261890e+00,0.000000000000000000e+00,5.485000000000000142e+01,4.600300000000000011e+01,5.000000000000000000e+01,1.000000000000000000e+00
2.380000000000000000e+02,5.000000000000000000e+01,2.635968610414625246e+01,2.874622097614890492e+01,-5.105907080295156497e+00,0.000000000000000000e+00,5.485000000000000142e+01,4.603499999999999659e+01,5.000000000000000000e+01,1.000000000000000000e+00
2.390000000000000000e+02,5.000000000000000000e+01,2.635968610414625246e+01,2.852330073634958651e+01,-4.882986840495838976e+00,0.000000000000000000e+00,5.485000000000000142e+01,4.603499999999999659e+01,5.000000000000000000e+01,1.000000000000000000e+00
2.400000000000000000e+02,5.000000000000000000e+01,2.606962489573987440e+01,2.887757158684515701e+01,-4.947196482585029642e+00,0.000000000000000000e+00,5.485000000000000142e+01,4.613199999999999790e+01,5.000000000000000000e+01,1.000000000000000000e+00
2.410000000000000000e+02,5.000000000000000711e+01,2.568387339177674278e+01,2.941624191189974269e+01,-5.100115303676484579e+00,0.000000000000000000e+00,5.485000000000000142e+01,4.626100000000000279e+01,5.000000000000000000e+01,1.000000000000000000e+00
2.420000000000000000e+02,5.000000000000000000e+01,2.539680250510652826e+01,2.975518300130484306e+01,-5.151985506411371318e+00,0.000000000000000000e+00,5.485000000000000142e+01,4.635699999999999932e+01,5.000000000000000000e+01,1.000000000000000000e+00
2.430000000000000000e+02,5.000000000000000000e+01,2.529812188781363602e+01,2.972330392011609135e+01,-5.021425807929727370e+00,0.000000000000000000e+00,5.485000000000000142e+01,4.639000000000000057e+01,5.000000000000000000e+01,1.000000000000000000e+00
2.440000000000000000e+02,5.000000000000000000e+01,2.529812188781363602e+01,2.950407207205561377e+01,-4.802193959869251572e+00,0.000000000000000000e+00,5.485000000000000142e+01,4.639000000000000057e+01,5.000000000000000000e+01,1.000000000000000000e+00
2.450000000000000000e+02,5.000000000000000000e+01,2.501105100114342150e+01,2.985602019358222492e+01,-4.867071194725648198e+00,0.000000000000000000e+00,5.485000000000000142e+01,4.648599999999999710e+01,5.000000000000000000e+01,1.000000000000000000e+00
2.460000000000000000e+02,5.000000000000000711e+01,2.452960920162355762e+01,3.058539155268161025e+01,-5.115000754305166986e+00,0.000000000000000000e+00,5.485000000000000142e+01,4.664699999999999847e+01,5.000000000000000000e+01,1.000000000000000000e+00
2.470000000000000000e+02,5.000000000000000000e+01,2.462529949718028988e+01,3.017487146813522969e+01,-4.800170965315518679e+00,0.000000000000000000e+00,5.485000000000000142e+01,4.661500000000000199e+01,5.000000000000000000e+01,1.000000000000000000e+00
2.480000000000000000e+02,5.000000000000000000e+01,2.433523828877391182e+01,3.053275800032340825e+01,-4.867996289097319185e+00,0.000000000000000000e+00,5.485000000000000142e+01,4.671200000000000330e+01,5.000000000000000000e+01,1.000000000000000000e+00
2.490000000000000000e+02,5.000000000000000000e+01,2.443092858433066539e+01,3.013302195351009161e+01,-4.563950537840756105e+00,0.000000000000000000e+00,5.485000000000000142e+01,4.667999999999999972e+01,5.000000000000000000e+01,1.000000000000000000e+00
2.500000000000000000e+02,5.000000000000000000e+01,2.414385769766042955e+01,3.049537161191040724e+01,-4.639229309570838566e+00,0.000000000000000000e+00,5.485000000000000142e+01,4.677600000000000335e+01,5.000000000000000000e+01,1.000000000000000000e+00
2.510000000000000000e+02,5.000000000000000000e+01,2.404517708036755508e+01,3.048587909838937193e+01,-4.531056178756926123e+00,0.000000000000000000e+00,5.485000000000000142e+01,4.680899999999999750e+01,5.000000000000000000e+01,1.000000000000000000e+00
2.520000000000000000e+02,5.000000000000000000e+01,2.365942557640442345e+01,3.104271781054162460e+01,-4.702143386946048942e+00,0.000000000000000000e+00,5.485000000000000142e+01,4.693800000000000239e+01,5.000000000000000000e+01,1.000000000000000000e+00
2.530000000000000000e+02,4.999999999999999289e+01,2.346804498529094118e+01,3.121183124683474119e+01,-4.679876232125683266e+00,0.000000000000000000e+00,5.485000000000000142e+01,4.700200000000000244e+01,5.000000000000000000e+01,1.000000000000000000e+00
2.540000000000000000e+02,5.000000000000000711e+01,2.346804498529094118e+01,3.100751120820288520e+01,-4.475556193493825496e+00,0.000000000000000000e+00,5.485000000000000142e+01,4.700200000000000244e+01,5.000000000000000000e+01,1.000000000000000000e+00
2.550000000000000000e+02,4.999999999999999289e+01,2.337235468973420893e+01,3.099931445732875446e+01,-4.371669147062964278e+00,0.000000000000000000e+00,5.485000000000000142e+01,4.703399999999999892e+01,5.000000000000000000e+01,1.000000000000000000e+00
2.560000000000000000e+02,5.000000000000000000e+01,2.317798377688458444e+01,3.118870625000112895e+01,-4.366690026885712506e+00,0.000000000000000000e+00,5.485000000000000142e+01,4.709899999999999665e+01,5.000000000000000000e+01,1.000000000000000000e+00
2.570000000000000000e+02,4.999999999999999289e+01,2.308229348132783088e+01,3.118526251785312908e+01,-4.267555999180960846e+00,0.000000000000000000e+00,5.485000000000000142e+01,4.713100000000000023e+01,5.000000000000000000e+01,1.000000000000000000e+00
2.580000000000000000e+02,5.000000000000000000e+01,2.289091289021434861e+01,3.137334972769340524e+01,-4.264262617907753850e+00,0.000000000000000000e+00,5.485000000000000142e+01,4.719500000000000028e+01,5.000000000000000000e+01,1.000000000000000000e+00
2.590000000000000000e+02,5.000000000000000000e+01,2.260085168180797055e+01,3.175463363383216731e+01,-4.355485315640136967e+00,0.000000000000000000e+00,5.485000000000000142e+01,4.729200000000000159e+01,5.000000000000000000e+01,1.000000000000000000e+00
2.600000000000000000e+02,5.000000000000000000e+01,2.250516138625123830e+01,3.175167909133808308e+01,-4.256840477589321381e+00,0.000000000000000000e+00,5.485000000000000142e+01,4.732399999999999807e+01,5.000000000000000000e+01,1.000000000000000000e+00
2.610000000000000000e+02,5.000000000000000000e+01,2.250516138625123830e+01,3.156582849023454784e+01,-4.070989876485786141e+00,0.000000000000000000e+00,5.485000000000000142e+01,4.732399999999999807e+01,5.000000000000000000e+01,1.000000000000000000e+00
2.620000000000000000e+02,5.000000000000000000e+01,2.250516138625123830e+01,3.138809199303328157e+01,-3.893253379284519866e+00,0.000000000000000000e+00,5.485000000000000142e+01,4.732399999999999807e+01,5.000000000000000000e+01,1.000000000000000000e+00
2.630000000000000000e+02,5.000000000000000000e+01,2.221510017784486024e+01,3.178557389634297436e+01,-4.000674074187833718e+00,0.000000000000000000e+00,5.485000000000000142e+01,4.742099999999999937e+01,5.000000000000000000e+01,1.000000000000000000e+00
2.640000000000000000e+02,4.999999999999999289e+01,2.173365837832499992e+01,3.255277153211257968e+01,-4.286429910437582258e+00,0.000000000000000000e+00,5.485000000000000142e+01,4.758200000000000074e+01,5.000000000000000000e+01,1.000000000000000000e+00
2.650000000000000000e+02,5.000000000000000000e+01,2.154227778721151765e+01,3.274003472052882557e+01,-4.282312507740343221e+00,0.000000000000000000e+00,5.485000000000000142e+01,4.764600000000000080e+01,5.000000000000000000e+01,1.000000000000000000e+00
2.660000000000000000e+02,5.000000000000000000e+01,2.154227778721151765e+01,3.255307202886427120e+01,-4.095349816075787963e+00,0.000000000000000000e+00,5.485000000000000142e+01,4.764600000000000080e+01,5.000000000000000000e+01,1.000000000000000000e+00
2.670000000000000000e+02,5.000000000000000000e+01,2.154227778721151765e+01,3.237427199417798818e+01,-3.916549781389506268e+00,0.000000000000000000e+00,5.485000000000000142e+01,4.764600000000000080e+01,5.000000000000000000e+01,1.000000000000000000e+00
2.680000000000000000e+02,5.000000000000000000e+01,2.154227778721151765e+01,3.220327824072275291e+01,-3.745556027934274113e+00,0.000000000000000000e+00,5.485000000000000142e+01,4.764600000000000080e+01,5.000000000000000000e+01,1.000000000000000000e+00
2.690000000000000000e+02,5.000000000000000000e+01,2.125221657880513959e+01,3.260720850442423568e+01,-3.859425083229374831e+00,0.000000000000000000e+00,5.485000000000000142e+01,4.774300000000000210e+01,5.000000000000000000e+01,1.000000000000000000e+00
2.700000000000000000e+02,4.999999999999999289e+01,2.086646507484202928e+01,3.319337014833317312e+01,-4.059835223175203289e+00,0.000000000000000000e+00,5.485000000000000142e+01,4.787199999999999989e+01,5.000000000000000000e+01,1.000000000000000000e+00
2.710000000000000000e+02,4.999999999999999289e+01,2.057640386643565122e+01,3.358357920785578443e+01,-4.159983074291438321e+00,0.000000000000000000e+00,5.485000000000000142e+01,4.796900000000000119e+01,5.000000000000000000e+01,1.000000000000000000e+00
2.720000000000000000e+02,5.000000000000000000e+01,2.067209416199240479e+01,3.321475451002387302e+01,-3.886848672016277373e+00,0.000000000000000000e+00,5.485000000000000142e+01,4.793699999999999761e+01,5.000000000000000000e+01,1.000000000000000000e+00
2.730000000000000000e+02,4.999999999999999289e+01,2.057640386643565122e+01,3.323226030715851920e+01,-3.808664173594173086e+00,0.000000000000000000e+00,5.485000000000000142e+01,4.796900000000000119e+01,5.000000000000000000e+01,1.000000000000000000e+00
2.740000000000000000e+02,5.000000000000000000e+01,2.057640386643565122e+01,3.306597676193513280e+01,-3.642380628370784024e+00,0.000000000000000000e+00,5.485000000000000142e+01,4.796900000000000119e+01,5.000000000000000000e+01,1.000000000000000000e+00
2.750000000000000000e+02,5.000000000000000711e+01,2.057640386643565122e+01,3.290695303699303054e+01,-3.483356903428678653e+00,0.000000000000000000e+00,5.485000000000000142e+01,4.796900000000000119e+01,5.000000000000000000e+01,1.000000000000000000e+00
2.760000000000000000e+02,5.000000000000000711e+01,2.057640386643565122e+01,3.275487217378741889e+01,-3.331276040223067447e+00,0.000000000000000000e+00,5.485000000000000142e+01,4.796900000000000119e+01,5.000000000000000000e+01,1.000000000000000000e+00
2.770000000000000000e+02,5.000000000000000000e+01,2.038502327532216896e+01,3.298383669488462289e+01,-3.368859970206790511e+00,0.000000000000000000e+00,5.485000000000000142e+01,4.803300000000000125e+01,5.000000000000000000e+01,1.000000000000000000e+00
2.780000000000000000e+02,5.000000000000000000e+01,2.019065236247254091e+01,3.321701041673476595e+01,-3.407662779207304204e+00,0.000000000000000000e+00,5.485000000000000142e+01,4.809799999999999898e+01,5.000000000000000000e+01,1.000000000000000000e+00
2.790000000000000000e+02,4.999999999999999289e+01,1.970921056295268059e+01,3.401009850017642577e+01,-3.719309063129109028e+00,0.000000000000000000e+00,5.485000000000000142e+01,4.825900000000000034e+01,5.000000000000000000e+01,1.000000000000000000e+00
2.800000000000000000e+02,5.000000000000000000e+01,1.961352026739594834e+01,3.403491895643069398e+01,-3.648439223826643207e+00,0.000000000000000000e+00,5.485000000000000142e+01,4.829099999999999682e+01,5.000000000000000000e+01,1.000000000000000000e+00
2.810000000000000000e+02,5.000000000000000000e+01,1.951782997183919832e+01,3.406283353902207978e+01,-3.580663510861281651e+00,0.000000000000000000e+00,5.485000000000000142e+01,4.832300000000000040e+01,5.000000000000000000e+01,1.000000000000000000e+00
2.820000000000000000e+02,5.000000000000000000e+01,1.932345905898957028e+01,3.428676007024957073e+01,-3.610219129239142344e+00,0.000000000000000000e+00,5.485000000000000142e+01,4.838799999999999812e+01,5.000000000000000000e+01,1.000000000000000000e+00
2.830000000000000000e+02,5.000000000000000000e+01,1.932345905898957028e+01,3.412914049328470156e+01,-3.452599552274269179e+00,0.000000000000000000e+00,5.485000000000000142e+01,4.838799999999999812e+01,5.000000000000000000e+01,1.000000000000000000e+00
2.840000000000000000e+02,5.000000000000000711e+01,1.942213967628246607e+01,3.378534956432807235e+01,-3.207489240610536640e+00,0.000000000000000000e+00,5.485000000000000142e+01,4.835499999999999687e+01,5.000000000000000000e+01,1.000000000000000000e+00
2.850000000000000000e+02,4.999999999999999289e+01,1.913207846787608801e+01,3.421277143791824926e+01,-3.344849905794339495e+00,0.000000000000000000e+00,5.485000000000000142e+01,4.845199999999999818e+01,5.000000000000000000e+01,1.000000000000000000e+00
2.860000000000000000e+02,5.000000000000000000e+01,1.865063666835622769e+01,3.500860188634688086e+01,-3.659238554703110324e+00,0.000000000000000000e+00,5.485000000000000142e+01,4.861299999999999955e+01,5.000000000000000000e+01,1.000000000000000000e+00
2.870000000000000000e+02,5.000000000000000000e+01,1.865063666835622769e+01,3.484884215643613459e+01,-3.499478824792363163e+00,0.000000000000000000e+00,5.485000000000000142e+01,4.861299999999999955e+01,5.000000000000000000e+01,1.000000000000000000e+00
2.880000000000000000e+02,5.000000000000000000e+01,1.865063666835622769e+01,3.469605742171075491e+01,-3.346694090066980820e+00,0.000000000000000000e+00,5.485000000000000142e+01,4.861299999999999955e+01,5.000000000000000000e+01,1.000000000000000000e+00
2.890000000000000000e+02,5.000000000000000711e+01,1.855195605106333190e+01,3.474299606852027722e+01,-3.294952119583606454e+00,0.000000000000000000e+00,5.485000000000000142e+01,4.864600000000000080e+01,5.000000000000000000e+01,1.000000000000000000e+00
2.900000000000000000e+02,5.000000000000000000e+01,1.816919486883636381e+01,3.534795210885979344e+01,-3.517146977696160359e+00,0.000000000000000000e+00,5.485000000000000142e+01,4.877400000000000091e+01,5.000000000000000000e+01,1.000000000000000000e+00
2.910000000000000000e+02,5.000000000000000711e+01,1.826488516439311738e+01,3.500719317379072493e+01,-3.272078338183840973e+00,0.000000000000000000e+00,5.485000000000000142e+01,4.874199999999999733e+01,5.000000000000000000e+01,1.000000000000000000e+00
2.920000000000000000e+02,5.000000000000000711e+01,1.797482395598673932e+01,3.543179513372148648e+01,-3.406619089708222248e+00,0.000000000000000000e+00,5.485000000000000142e+01,4.883899999999999864e+01,5.000000000000000000e+01,1.000000000000000000e+00
2.930000000000000000e+02,5.000000000000000000e+01,1.778344336487325705e+01,3.565747023133441473e+01,-3.440913596207671343e+00,0.000000000000000000e+00,5.485000000000000142e+01,4.890299999999999869e+01,5.000000000000000000e+01,1.000000000000000000e+00
2.940000000000000000e+02,5.000000000000000000e+01,1.768476274758036126e+01,3.570029532210533318e+01,-3.385058069685701554e+00,0.000000000000000000e+00,5.485000000000000142e+01,4.893599999999999994e+01,5.000000000000000000e+01,1.000000000000000000e+00
2.950000000000000000e+02,5.000000000000000000e+01,1.768476274758036126e+01,3.555250611545464778e+01,-3.237268863035013489e+00,0.000000000000000000e+00,5.485000000000000142e+01,4.893599999999999994e+01,5.000000000000000000e+01,1.000000000000000000e+00
2.960000000000000000e+02,5.000000000000000000e+01,1.758907245202360770e+01,3.559837210099651372e+01,-3.187444553020123195e+00,0.000000000000000000e+00,5.485000000000000142e+01,4.896800000000000352e+01,5.000000000000000000e+01,1.000000000000000000e+00
2.970000000000000000e+02,5.000000000000000000e+01,1.758907245202360770e+01,3.545921055870201855e+01,-3.048283010725624464e+00,0.000000000000000000e+00,5.485000000000000142e+01,4.896800000000000352e+01,5.000000000000000000e+01,1.000000000000000000e+00
2.980000000000000000e+02,5.000000000000000000e+01,1.691625006139028642e+01,3.664239454792041784e+01,-3.558644609310707807e+00,0.000000000000000000e+00,5.485000000000000142e+01,4.919299999999999784e+01,5.000000000000000000e+01,1.000000000000000000e+00
2.990000000000000000e+02,5.000000000000000000e+01,1.691625006139028642e+01,3.648702667749254402e+01,-3.403276738882828223e+00,0.000000000000000000e+00,5.485000000000000142e+01,4.919299999999999784e+01,5.000000000000000000e+01,1.000000000000000000e+00
3.000000000000000000e+02,5.000000000000000000e+01,1.672187914854063706e+01,3.671869778791526784e+01,-3.440576936455906232e+00,0.000000000000000000e+00,5.485000000000000142e+01,4.925800000000000267e+01,5.000000000000000000e+01,1.000000000000000000e+00
3.010000000000000000e+02,5.000000000000000000e+01,1.672187914854063706e+01,3.656848466737442038e+01,-3.290363815915057000e+00,0.000000000000000000e+00,5.485000000000000142e+01,4.925800000000000267e+01,5.000000000000000000e+01,1.000000000000000000e+00
3.020000000000000000e+02,5.000000000000000000e+01,1.662618885298390836e+01,3.661203256536744277e+01,-3.238221418351348024e+00,0.000000000000000000e+00,5.485000000000000142e+01,4.928999999999999915e+01,5.000000000000000000e+01,1.000000000000000000e+00
3.030000000000000000e+02,5.000000000000000000e+01,1.653049855742715479e+01,3.665785696302762631e+01,-3.188355520454774883e+00,0.000000000000000000e+00,5.485000000000000142e+01,4.932200000000000273e+01,5.000000000000000000e+01,1.000000000000000000e+00
3.040000000000000000e+02,5.000000000000000000e+01,1.643480826187042254e+01,3.670585847001272128e+01,-3.140666731883145602e+00,0.000000000000000000e+00,5.485000000000000142e+01,4.935399999999999920e+01,5.000000000000000000e+01,1.000000000000000000e+00
3.050000000000000000e+02,5.000000000000000000e+01,1.662618885298390836e+01,3.619433357089900483e+01,-2.820522423882911855e+00,0.000000000000000000e+00,5.485000000000000142e+01,4.928999999999999915e+01,5.000000000000000000e+01,1.000000000000000000e+00
3.060000000000000000e+02,5.000000000000000000e+01,1.595037614061442000e+01,3.739331151209874804e+01,-3.343687652713174252e+00,0.000000000000000000e+00,5.485000000000000142e+01,4.951599999999999824e+01,5.000000000000000000e+01,1.000000000000000000e+00
3.070000000000000000e+02,5.000000000000000000e+01,1.614474705346404448e+01,3.686707277707192532e+01,-3.011819830535969800e+00,0.000000000000000000e+00,5.485000000000000142e+01,4.945100000000000051e+01,5.000000000000000000e+01,1.000000000000000000e+00
3.080000000000000000e+02,5.000000000000000000e+01,1.585468584505766820e+01,3.730303743671936445e+01,-3.157723281777033097e+00,0.000000000000000000e+00,5.485000000000000142e+01,4.954800000000000182e+01,5.000000000000000000e+01,1.000000000000000000e+00
3.090000000000000000e+02,5.000000000000000000e+01,1.575899554950093595e+01,3.735237632526747831e+01,-3.111371874768414258e+00,0.000000000000000000e+00,5.485000000000000142e+01,4.957999999999999829e+01,5.000000000000000000e+01,1.000000000000000000e+00
3.100000000000000000e+02,4.999999999999999289e+01,1.566330525394418416e+01,3.740373888298996263e+01,-3.067044136934148124e+00,0.000000000000000000e+00,5.485000000000000142e+01,4.961200000000000188e+01,5.000000000000000000e+01,1.000000000000000000e+00
3.110000000000000000e+02,5.000000000000000000e+01,1.575899554950093595e+01,3.708263111501405263e+01,-2.841626664514987244e+00,0.000000000000000000e+00,5.485000000000000142e+01,4.957999999999999829e+01,5.000000000000000000e+01,1.000000000000000000e+00
3.120000000000000000e+02,5.000000000000000000e+01,1.575899554950093595e+01,3.695856773361831671e+01,-2.717563283119257100e+00,0.000000000000000000e+00,5.485000000000000142e+01,4.957999999999999829e+01,5.000000000000000000e+01,1.000000000000000000e+00
3.130000000000000000e+02,5.000000000000000000e+01,1.527755374998107563e+01,3.778178506593469166e+01,-3.059338815915767729e+00,0.000000000000000000e+00,5.485000000000000142e+01,4.974099999999999966e+01,5.000000000000000000e+01,1.000000000000000000e+00
3.140000000000000000e+02,5.000000000000000711e+01,1.508318283713144936e+01,3.802847225930957364e+01,-3.111655096441017232e+00,0.000000000000000000e+00,5.485000000000000142e+01,4.980599999999999739e+01,5.000000000000000000e+01,1.000000000000000000e+00
3.150000000000000000e+02,5.000000000000000000e+01,1.546893434109455967e+01,3.713795825628512404e+01,-2.606892597379683707e+00,0.000000000000000000e+00,5.485000000000000142e+01,4.967699999999999960e+01,5.000000000000000000e+01,1.000000000000000000e+00
3.160000000000000000e+02,5.000000000000000711e+01,1.508318283713144936e+01,3.777880456987393387e+01,-2.861987407005381012e+00,0.000000000000000000e+00,5.485000000000000142e+01,4.980599999999999739e+01,5.000000000000000000e+01,1.000000000000000000e+00
3.170000000000000000e+02,5.000000000000000000e+01,1.469743133316831951e+01,3.840851362709695849e+01,-3.105944960265275334e+00,0.000000000000000000e+00,5.485000000000000142e+01,4.993500000000000227e+01,5.000000000000000000e+01,1.000000000000000000e+00
3.180000000000000000e+02,5.000000000000000000e+01,1.489180224601796532e+01,3.789265456744951877e+01,-2.784456813467485414e+00,0.000000000000000000e+00,5.485000000000000142e+01,4.986999999999999744e+01,5.000000000000000000e+01,1.000000000000000000e+00
3.190000000000000000e+02,5.000000000000000711e+01,1.479611195046121352e+01,3.795829000219722360e+01,-2.754401952658431352e+00,0.000000000000000000e+00,5.485000000000000142e+01,4.990200000000000102e+01,5.000000000000000000e+01,1.000000000000000000e+00
3.200000000000000000e+02,5.000000000000000000e+01,1.469743133316831951e+01,3.803108769877517403e+01,-2.728519031943493545e+00,0.000000000000000000e+00,5.485000000000000142e+01,4.993500000000000227e+01,5.000000000000000000e+01,1.000000000000000000e+00
3.210000000000000000e+02,4.999999999999999289e+01,1.450605074205483547e+01,3.828636815839482921e+01,-2.792418900449669117e+00,0.000000000000000000e+00,5.485000000000000142e+01,4.999900000000000233e+01,5.000000000000000000e+01,1.000000000000000000e+00
3.220000000000000000e+02,5.000000000000000000e+01,1.479611195046121352e+01,3.759699460010973837e+01,-2.393106550570949675e+00,0.000000000000000000e+00,5.485000000000000142e+01,4.990200000000000102e+01,5.000000000000000000e+01,1.000000000000000000e+00
3.230000000000000000e+02,5.000000000000000000e+01,1.460174103761158904e+01,3.787276901618904645e+01,-2.474510053800636822e+00,0.000000000000000000e+00,5.485000000000000142e+01,4.996699999999999875e+01,5.000000000000000000e+01,1.000000000000000000e+00
3.240000000000000000e+02,5.000000000000000000e+01,1.441036044649810499e+01,3.813913932555104225e+01,-2.549499772049145019e+00,0.000000000000000000e+00,5.485000000000000142e+01,5.003099999999999881e+01,5.000000000000000000e+01,1.000000000000000000e+00
3.250000000000000000e+02,5.000000000000000000e+01,1.469743133316831951e+01,3.746622153029592539e+01,-2.163652863464245790e+00,0.000000000000000000e+00,5.485000000000000142e+01,4.993500000000000227e+01,5.000000000000000000e+01,1.000000000000000000e+00
3.260000000000000000e+02,5.000000000000000000e+01,1.412029923809172693e+01,3.850082501558549097e+01,-2.621124253677214799e+00,0.000000000000000000e+00,5.485000000000000142e+01,5.012800000000000011e+01,5.000000000000000000e+01,1.000000000000000000e+00
3.270000000000000000e+02,5.000000000000000000e+01,1.402460894253499468e+01,3.857359143270765856e+01,-2.598200375242652793e+00,0.000000000000000000e+00,5.485000000000000142e+01,5.015999999999999659e+01,5.000000000000000000e+01,1.000000000000000000e+00
3.280000000000000000e+02,5.000000000000000000e+01,1.402460894253499468e+01,3.846015586845091860e+01,-2.484764810985911954e+00,0.000000000000000000e+00,5.485000000000000142e+01,5.015999999999999659e+01,5.000000000000000000e+01,1.000000000000000000e+00
3.290000000000000000e+02,5.000000000000000000e+01,1.383023802968534888e+01,3.873192855064245066e+01,-2.562166580327796428e+00,0.000000000000000000e+00,5.485000000000000142e+01,5.022500000000000142e+01,5.000000000000000000e+01,1.000000000000000000e+00
3.300000000000000000e+02,5.000000000000000000e+01,1.383023802968534888e+01,3.862006619601858404e+01,-2.450304225703933358e+00,0.000000000000000000e+00,5.485000000000000142e+01,5.022500000000000142e+01,5.000000000000000000e+01,1.000000000000000000e+00
3.310000000000000000e+02,5.000000000000000000e+01,1.373454773412861663e+01,3.870029049300411828e+01,-2.434838227132733124e+00,0.000000000000000000e+00,5.485000000000000142e+01,5.025699999999999790e+01,5.000000000000000000e+01,1.000000000000000000e+00
3.320000000000000000e+02,5.000000000000000000e+01,1.383023802968534888e+01,3.840678438146248652e+01,-2.237022411147835843e+00,0.000000000000000000e+00,5.485000000000000142e+01,5.022500000000000142e+01,5.000000000000000000e+01,1.000000000000000000e+00
3.330000000000000000e+02,5.000000000000000000e+01,1.363885743857186483e+01,3.868352323091285427e+01,-2.322380669484714666e+00,0.000000000000000000e+00,5.485000000000000142e+01,5.028900000000000148e+01,5.000000000000000000e+01,1.000000000000000000e+00
3.340000000000000000e+02,5.000000000000000000e+01,1.354316714301513436e+01,3.876933257858181747e+01,-2.312499721596951829e+00,0.000000000000000000e+00,5.485000000000000142e+01,5.032099999999999795e+01,5.000000000000000000e+01,1.000000000000000000e+00
3.350000000000000000e+02,5.000000000000000000e+01,1.325310593460875630e+01,3.923582905244554553e+01,-2.488934987054297387e+00,0.000000000000000000e+00,5.485000000000000142e+01,5.041799999999999926e+01,5.000000000000000000e+01,1.000000000000000000e+00
3.360000000000000000e+02,5.000000000000000000e+01,1.286735443064564599e+01,3.988182531067030823e+01,-2.749179741315957326e+00,0.000000000000000000e+00,5.485000000000000142e+01,5.054699999999999704e+01,5.000000000000000000e+01,1.000000000000000000e+00
3.370000000000000000e+02,5.000000000000000000e+01,1.286735443064564599e+01,3.976179809561371314e+01,-2.629152526259362244e+00,0.000000000000000000e+00,5.485000000000000142e+01,5.054699999999999704e+01,5.000000000000000000e+01,1.000000000000000000e+00
3.380000000000000000e+02,5.000000000000000000e+01,1.286735443064564599e+01,3.964701118265077184e+01,-2.514365613296418278e+00,0.000000000000000000e+00,5.485000000000000142e+01,5.054699999999999704e+01,5.000000000000000000e+01,1.000000000000000000e+00
3.390000000000000000e+02,5.000000000000000000e+01,1.267597383953216372e+01,3.991164142688027994e+01,-2.587615266412440107e+00,0.000000000000000000e+00,5.485000000000000142e+01,5.061099999999999710e+01,5.000000000000000000e+01,1.000000000000000000e+00
3.400000000000000000e+02,5.000000000000000000e+01,1.286735443064564599e+01,3.942426235795212364e+01,-2.291616788597774068e+00,0.000000000000000000e+00,5.485000000000000142e+01,5.054699999999999704e+01,5.000000000000000000e+01,1.000000000000000000e+00
3.410000000000000000e+02,5.000000000000000000e+01,1.238591263112578567e+01,4.026607620861621228e+01,-2.651988839741993953e+00,0.000000000000000000e+00,5.485000000000000142e+01,5.070799999999999841e+01,5.000000000000000000e+01,1.000000000000000000e+00
3.420000000000000000e+02,5.000000000000000000e+01,1.257729322223926971e+01,3.977588663566248783e+01,-2.353179857901756655e+00,0.000000000000000000e+00,5.485000000000000142e+01,5.064399999999999835e+01,5.000000000000000000e+01,1.000000000000000000e+00
3.430000000000000000e+02,5.000000000000000000e+01,1.209585142271940761e+01,4.061501268689031008e+01,-2.710864109609714134e+00,0.000000000000000000e+00,5.485000000000000142e+01,5.080499999999999972e+01,5.000000000000000000e+01,1.000000000000000000e+00
3.440000000000000000e+02,5.000000000000000000e+01,1.209585142271940761e+01,4.049665830482375384e+01,-2.592509727543163223e+00,0.000000000000000000e+00,5.485000000000000142e+01,5.080499999999999972e+01,5.000000000000000000e+01,1.000000000000000000e+00
3.450000000000000000e+02,5.000000000000000000e+01,1.200016112716265404e+01,4.057067401162696285e+01,-2.570835138789619556e+00,0.000000000000000000e+00,5.485000000000000142e+01,5.083700000000000330e+01,5.000000000000000000e+01,1.000000000000000000e+00
3.460000000000000000e+02,5.000000000000000000e+01,1.190447083160592356e+01,4.064563601542428728e+01,-2.550106847030205071e+00,0.000000000000000000e+00,5.485000000000000142e+01,5.086899999999999977e+01,5.000000000000000000e+01,1.000000000000000000e+00
3.470000000000000000e+02,5.000000000000000711e+01,1.190447083160592356e+01,4.053430018010372038e+01,-2.438771011709638614e+00,0.000000000000000000e+00,5.485000000000000142e+01,5.086899999999999977e+01,5.000000000000000000e+01,1.000000000000000000e+00
3.480000000000000000e+02,5.000000000000000000e+01,1.190447083160592356e+01,4.042782518747331721e+01,-2.332296019079238114e+00,0.000000000000000000e+00,5.485000000000000142e+01,5.086899999999999977e+01,5.000000000000000000e+01,1.000000000000000000e+00
3.490000000000000000e+02,5.000000000000000000e+01,1.151871932764281503e+01,4.108066019065638841e+01,-2.599379518299198555e+00,0.000000000000000000e+00,5.485000000000000142e+01,5.099799999999999756e+01,5.000000000000000000e+01,1.000000000000000000e+00
3.500000000000000000e+02,5.000000000000000711e+01,1.132434841479316745e+01,4.134742887695903590e+01,-2.671777291752202022e+00,0.000000000000000000e+00,5.485000000000000142e+01,5.106300000000000239e+01,5.000000000000000000e+01,1.000000000000000000e+00
3.510000000000000000e+02,5.000000000000000711e+01,1.132434841479316745e+01,4.123078099731659307e+01,-2.555129412109757858e+00,0.000000000000000000e+00,5.485000000000000142e+01,5.106300000000000239e+01,5.000000000000000000e+01,1.000000000000000000e+00
3.520000000000000000e+02,5.000000000000000000e+01,1.103727752812295293e+01,4.168083434480084293e+01,-2.718111872923798522e+00,0.000000000000000000e+00,5.485000000000000142e+01,5.115899999999999892e+01,5.000000000000000000e+01,1.000000000000000000e+00
3.530000000000000000e+02,5.000000000000000000e+01,1.113296782367968341e+01,4.137496070912383317e+01,-2.507928532803518795e+00,0.000000000000000000e+00,5.485000000000000142e+01,5.112700000000000244e+01,5.000000000000000000e+01,1.000000000000000000e+00
3.540000000000000000e+02,5.000000000000000000e+01,1.094158723256620114e+01,4.163987199166925990e+01,-2.581459224235459704e+00,0.000000000000000000e+00,5.485000000000000142e+01,5.119100000000000250e+01,5.000000000000000000e+01,1.000000000000000000e+00
3.550000000000000000e+02,5.000000000000000000e+01,1.094158723256620114e+01,4.152716733405424776e+01,-2.468754566620448010e+00,0.000000000000000000e+00,5.485000000000000142e+01,5.119100000000000250e+01,5.000000000000000000e+01,1.000000000000000000e+00
3.560000000000000000e+02,5.000000000000000000e+01,1.094158723256620114e+01,4.141938328092869170e+01,-2.360970513494891065e+00,0.000000000000000000e+00,5.485000000000000142e+01,5.119100000000000250e+01,5.000000000000000000e+01,1.000000000000000000e+00
3.570000000000000000e+02,5.000000000000000000e+01,1.055583572860309083e+01,4.207096637625861035e+01,-2.626802104861704290e+00,0.000000000000000000e+00,5.485000000000000142e+01,5.132000000000000028e+01,5.000000000000000000e+01,1.000000000000000000e+00
3.580000000000000000e+02,5.000000000000000000e+01,1.065152602415984440e+01,4.176907925954328960e+01,-2.420605283703133104e+00,0.000000000000000000e+00,5.485000000000000142e+01,5.128799999999999670e+01,5.000000000000000000e+01,1.000000000000000000e+00
3.590000000000000000e+02,5.000000000000000000e+01,1.026577452019671277e+01,4.241805874359201312e+01,-2.683833263788730772e+00,0.000000000000000000e+00,5.485000000000000142e+01,5.141700000000000159e+01,5.000000000000000000e+01,1.000000000000000000e+00
3.600000000000000000e+02,5.000000000000000000e+01,1.026577452019671277e+01,4.230088450886023566e+01,-2.566659029056949315e+00,0.000000000000000000e+00,5.485000000000000142e+01,5.141700000000000159e+01,5.000000000000000000e+01,1.000000000000000000e+00
3.610000000000000000e+02,5.000000000000000000e+01,1.007439392908323050e+01,4.256323166007650372e+01,-2.637625589159733330e+00,0.000000000000000000e+00,5.485000000000000142e+01,5.148100000000000165e+01,5.000000000000000000e+01,1.000000000000000000e+00
3.620000000000000000e+02,5.000000000000000000e+01,9.975713311790336491e+00,4.264112772890147340e+01,-2.616841040691812115e+00,0.000000000000000000e+00,5.485000000000000142e+01,5.151400000000000290e+01,5.000000000000000000e+01,1.000000000000000000e+00
3.630000000000000000e+02,5.000000000000000000e+01,9.975713311790336491e+00,4.252687832656530986e+01,-2.502591638355647241e+00,0.000000000000000000e+00,5.485000000000000142e+01,5.151400000000000290e+01,5.000000000000000000e+01,1.000000000000000000e+00
3.640000000000000000e+02,5.000000000000000000e+01,9.975713311790336491e+00,4.241761697116481855e+01,-2.393330282955157262e+00,0.000000000000000000e+00,5.485000000000000142e+01,5.151400000000000290e+01,5.000000000000000000e+01,1.000000000000000000e+00
3.650000000000000000e+02,4.999999999999999289e+01,9.880023016233604238e+00,4.250032870961376119e+01,-2.380351725847372091e+00,0.000000000000000000e+00,5.485000000000000142e+01,5.154599999999999937e+01,5.000000000000000000e+01,1.000000000000000000e+00
3.660000000000000000e+02,5.000000000000000000e+01,9.975713311790336491e+00,4.220920143962592164e+01,-2.184914751416257683e+00,0.000000000000000000e+00,5.485000000000000142e+01,5.151400000000000290e+01,5.000000000000000000e+01,1.000000000000000000e+00
3.670000000000000000e+02,5.000000000000000000e+01,9.880023016233604238e+00,4.230101245065031890e+01,-2.181035466883927576e+00,0.000000000000000000e+00,5.485000000000000142e+01,5.154599999999999937e+01,5.000000000000000000e+01,1.000000000000000000e+00
3.680000000000000000e+02,5.000000000000000000e+01,9.784332720676852446e+00,4.239299282845418304e+01,-2.177325549131035931e+00,0.000000000000000000e+00,5.485000000000000142e+01,5.157800000000000296e+01,5.000000000000000000e+01,1.000000000000000000e+00
3.690000000000000000e+02,5.000000000000000000e+01,9.784332720676852446e+00,4.229793235714114275e+01,-2.082265077817990750e+00,0.000000000000000000e+00,5.485000000000000142e+01,5.157800000000000296e+01,5.000000000000000000e+01,1.000000000000000000e+00
3.700000000000000000e+02,5.000000000000000000e+01,9.975713311790336491e+00,4.183261651487428878e+01,-1.808329826664627715e+00,0.000000000000000000e+00,5.485000000000000142e+01,5.151400000000000290e+01,5.000000000000000000e+01,1.000000000000000000e+00
3.710000000000000000e+02,5.000000000000000000e+01,9.880023016233604238e+00,4.194086895352560873e+01,-1.820891969759216078e+00,0.000000000000000000e+00,5.485000000000000142e+01,5.154599999999999937e+01,5.000000000000000000e+01,1.000000000000000000e+00
3.720000000000000000e+02,5.000000000000000000e+01,9.688642425120120194e+00,4.223577575948660723e+01,-1.924418184606730309e+00,0.000000000000000000e+00,5.485000000000000142e+01,5.160999999999999943e+01,5.000000000000000000e+01,1.000000000000000000e+00
3.730000000000000000e+02,5.000000000000000000e+01,9.398581216713742137e+00,4.271921559481913278e+01,-2.117796811532876244e+00,0.000000000000000000e+00,5.485000000000000142e+01,5.170700000000000074e+01,5.000000000000000000e+01,1.000000000000000000e+00
3.740000000000000000e+02,5.000000000000000000e+01,9.398581216713742137e+00,4.262675410547964105e+01,-2.025335322193385856e+00,0.000000000000000000e+00,5.485000000000000142e+01,5.170700000000000074e+01,5.000000000000000000e+01,1.000000000000000000e+00
3.750000000000000000e+02,5.000000000000000000e+01,9.207200625600258093e+00,4.291273506135498650e+01,-2.119935686955244591e+00,0.000000000000000000e+00,5.485000000000000142e+01,5.177100000000000080e+01,5.000000000000000000e+01,1.000000000000000000e+00
3.760000000000000000e+02,5.000000000000000000e+01,9.108520008307365856e+00,4.301323309988411836e+01,-2.121753108191487769e+00,0.000000000000000000e+00,5.485000000000000142e+01,5.180400000000000205e+01,5.000000000000000000e+01,1.000000000000000000e+00
3.770000000000000000e+02,5.000000000000000000e+01,9.012829712750633604e+00,4.310780170293524804e+01,-2.120631415685875876e+00,0.000000000000000000e+00,5.485000000000000142e+01,5.183599999999999852e+01,5.000000000000000000e+01,1.000000000000000000e+00
3.780000000000000000e+02,5.000000000000000711e+01,9.012829712750633604e+00,4.301521645681217620e+01,-2.028046169562804035e+00,0.000000000000000000e+00,5.485000000000000142e+01,5.183599999999999852e+01,5.000000000000000000e+01,1.000000000000000000e+00
3.790000000000000000e+02,5.000000000000000000e+01,9.012829712750633604e+00,4.292667341610786025e+01,-1.939503128858488301e+00,0.000000000000000000e+00,5.485000000000000142e+01,5.183599999999999852e+01,5.000000000000000000e+01,1.000000000000000000e+00
3.800000000000000000e+02,5.000000000000000000e+01,9.012829712750633604e+00,4.284199610103387101e+01,-1.854825813784499955e+00,0.000000000000000000e+00,5.485000000000000142e+01,5.183599999999999852e+01,5.000000000000000000e+01,1.000000000000000000e+00
3.810000000000000000e+02,5.000000000000000000e+01,8.917139417193881812e+00,4.294821855824697110e+01,-1.865357975440850913e+00,0.000000000000000000e+00,5.485000000000000142e+01,5.186800000000000210e+01,5.000000000000000000e+01,1.000000000000000000e+00
3.820000000000000000e+02,5.000000000000000000e+01,8.917139417193881812e+00,4.286677836737440117e+01,-1.783917784568280984e+00,0.000000000000000000e+00,5.485000000000000142e+01,5.186800000000000210e+01,5.000000000000000000e+01,1.000000000000000000e+00
3.830000000000000000e+02,5.000000000000000000e+01,8.435697617674019710e+00,4.373075799229647487e+01,-2.166455609970497687e+00,0.000000000000000000e+00,5.485000000000000142e+01,5.202900000000000347e+01,5.000000000000000000e+01,1.000000000000000000e+00
3.840000000000000000e+02,5.000000000000000000e+01,8.531387913230771503e+00,4.344896927326409752e+01,-1.980357186494868582e+00,0.000000000000000000e+00,5.485000000000000142e+01,5.199699999999999989e+01,5.000000000000000000e+01,1.000000000000000000e+00
3.850000000000000000e+02,4.999999999999999289e+01,8.145636409267662970e+00,4.411716967337284956e+01,-2.262806082640513861e+00,0.000000000000000000e+00,5.485000000000000142e+01,5.212599999999999767e+01,5.000000000000000000e+01,1.000000000000000000e+00
3.860000000000000000e+02,5.000000000000000000e+01,8.145636409267662970e+00,4.401837718329635152e+01,-2.164013592564016264e+00,0.000000000000000000e+00,5.485000000000000142e+01,5.212599999999999767e+01,5.000000000000000000e+01,1.000000000000000000e+00
3.870000000000000000e+02,5.000000000000000000e+01,8.049946113710911177e+00,4.411110072392036585e+01,-2.161046837631277029e+00,0.000000000000000000e+00,5.485000000000000142e+01,5.215800000000000125e+01,5.000000000000000000e+01,1.000000000000000000e+00
3.880000000000000000e+02,5.000000000000000000e+01,7.954255818154178925e+00,4.420395379093614707e+01,-2.158209609090328218e+00,0.000000000000000000e+00,5.485000000000000142e+01,5.218999999999999773e+01,5.000000000000000000e+01,1.000000000000000000e+00
3.890000000000000000e+02,5.000000000000000000e+01,7.954255818154178925e+00,4.410972790785019981e+01,-2.063983726004379626e+00,0.000000000000000000e+00,5.485000000000000142e+01,5.218999999999999773e+01,5.000000000000000000e+01,1.000000000000000000e+00
3.900000000000000000e+02,5.000000000000000000e+01,7.855575200861285801e+00,4.421266876885069053e+01,-2.068243969711980323e+00,0.000000000000000000e+00,5.485000000000000142e+01,5.222299999999999898e+01,5.000000000000000000e+01,1.000000000000000000e+00
3.910000000000000000e+02,5.000000000000000000e+01,8.049946113710911177e+00,4.374211498993331304e+01,-1.792061103644223108e+00,0.000000000000000000e+00,5.485000000000000142e+01,5.215800000000000125e+01,5.000000000000000000e+01,1.000000000000000000e+00
3.920000000000000000e+02,5.000000000000000000e+01,8.049946113710911177e+00,4.366387488789520432e+01,-1.713821001606113281e+00,0.000000000000000000e+00,5.485000000000000142e+01,5.215800000000000125e+01,5.000000000000000000e+01,1.000000000000000000e+00
3.930000000000000000e+02,5.000000000000000000e+01,8.049946113710911177e+00,4.358905069257728826e+01,-1.638996806288196106e+00,0.000000000000000000e+00,5.485000000000000142e+01,5.215800000000000125e+01,5.000000000000000000e+01,1.000000000000000000e+00
3.940000000000000000e+02,5.000000000000000000e+01,8.049946113710911177e+00,4.351749326794296024e+01,-1.567439381653872310e+00,0.000000000000000000e+00,5.485000000000000142e+01,5.215800000000000125e+01,5.000000000000000000e+01,1.000000000000000000e+00
3.950000000000000000e+02,5.000000000000000000e+01,7.664194609747801756e+00,4.420372136315564404e+01,-1.867915972903448463e+00,0.000000000000000000e+00,5.485000000000000142e+01,5.228699999999999903e+01,5.000000000000000000e+01,1.000000000000000000e+00
3.960000000000000000e+02,5.000000000000000000e+01,7.855575200861285801e+00,4.374776384902068571e+01,-1.603339049881970846e+00,0.000000000000000000e+00,5.485000000000000142e+01,5.222299999999999898e+01,5.000000000000000000e+01,1.000000000000000000e+00
3.970000000000000000e+02,5.000000000000000000e+01,7.855575200861285801e+00,4.367776321644774384e+01,-1.533338417309033863e+00,0.000000000000000000e+00,5.485000000000000142e+01,5.222299999999999898e+01,5.000000000000000000e+01,1.000000000000000000e+00
3.980000000000000000e+02,5.000000000000000000e+01,7.954255818154178925e+00,4.341776585163471935e+01,-1.372021669788898945e+00,0.000000000000000000e+00,5.485000000000000142e+01,5.218999999999999773e+01,5.000000000000000000e+01,1.000000000000000000e+00
3.990000000000000000e+02,5.000000000000000000e+01,7.855575200861285801e+00,4.355091727954875580e+01,-1.406492480410041601e+00,0.000000000000000000e+00,5.485000000000000142e+01,5.222299999999999898e+01,5.000000000000000000e+01,1.000000000000000000e+00
4.000000000000000000e+02,5.000000000000000000e+01,7.759884905304533120e+00,4.367671364843204174e+01,-1.436598553736575967e+00,0.000000000000000000e+00,5.485000000000000142e+01,5.225500000000000256e+01,5.000000000000000000e+01,1.000000000000000000e+00
4.010000000000000000e+02,5.000000000000000711e+01,7.568504314191049076e+00,4.398839842921825749e+01,-1.556902743409302792e+00,0.000000000000000000e+00,5.485000000000000142e+01,5.231900000000000261e+01,5.000000000000000000e+01,1.000000000000000000e+00
4.020000000000000000e+02,5.000000000000000000e+01,7.664194609747801756e+00,4.373322235100508948e+01,-1.397416960752889015e+00,0.000000000000000000e+00,5.485000000000000142e+01,5.228699999999999903e+01,5.000000000000000000e+01,1.000000000000000000e+00
4.030000000000000000e+02,5.000000000000000000e+01,7.568504314191049076e+00,4.385941495056520978e+01,-1.427919264756257078e+00,0.000000000000000000e+00,5.485000000000000142e+01,5.231900000000000261e+01,5.000000000000000000e+01,1.000000000000000000e+00
4.040000000000000000e+02,5.000000000000000000e+01,7.087062514671208291e+00,4.473893721544459368e+01,-1.825999730115801079e+00,0.000000000000000000e+00,5.485000000000000142e+01,5.247999999999999687e+01,5.000000000000000000e+01,1.000000000000000000e+00
4.050000000000000000e+02,5.000000000000000000e+01,7.087062514671208291e+00,4.465921537732462099e+01,-1.746277891995830167e+00,0.000000000000000000e+00,5.485000000000000142e+01,5.247999999999999687e+01,5.000000000000000000e+01,1.000000000000000000e+00
4.060000000000000000e+02,5.000000000000000000e+01,7.087062514671208291e+00,4.458297413745907534e+01,-1.670036652130287180e+00,0.000000000000000000e+00,5.485000000000000142e+01,5.247999999999999687e+01,5.000000000000000000e+01,1.000000000000000000e+00
4.070000000000000000e+02,5.000000000000000000e+01,7.087062514671208291e+00,4.451006153542539323e+01,-1.597124050096602632e+00,0.000000000000000000e+00,5.485000000000000142e+01,5.247999999999999687e+01,5.000000000000000000e+01,1.000000000000000000e+00
4.080000000000000000e+02,5.000000000000000000e+01,7.087062514671208291e+00,4.444033224528401860e+01,-1.527394759955229553e+00,0.000000000000000000e+00,5.485000000000000142e+01,5.247999999999999687e+01,5.000000000000000000e+01,1.000000000000000000e+00
4.090000000000000000e+02,5.000000000000000000e+01,7.087062514671208291e+00,4.437364728592166330e+01,-1.460709800592874918e+00,0.000000000000000000e+00,5.485000000000000142e+01,5.247999999999999687e+01,5.000000000000000000e+01,1.000000000000000000e+00
4.100000000000000000e+02,5.000000000000000000e+01,7.087062514671208291e+00,4.430987374404072909e+01,-1.396936258711937606e+00,0.000000000000000000e+00,5.485000000000000142e+01,5.247999999999999687e+01,5.000000000000000000e+01,1.000000000000000000e+00
4.110000000000000000e+02,5.000000000000000000e+01,7.087062514671208291e+00,4.424888450924282068e+01,-1.335947023914028753e+00,0.000000000000000000e+00,5.485000000000000142e+01,5.247999999999999687e+01,5.000000000000000000e+01,1.000000000000000000e+00
4.120000000000000000e+02,5.000000000000000000e+01,7.087062514671208291e+00,4.419055802067834549e+01,-1.277620535349555109e+00,0.000000000000000000e+00,5.485000000000000142e+01,5.247999999999999687e+01,5.000000000000000000e+01,1.000000000000000000e+00
4.130000000000000000e+02,5.000000000000000000e+01,7.087062514671208291e+00,4.413477802475718903e+01,-1.221840539428401096e+00,0.000000000000000000e+00,5.485000000000000142e+01,5.247999999999999687e+01,5.000000000000000000e+01,1.000000000000000000e+00
4.140000000000000000e+02,5.000000000000000000e+01,7.087062514671208291e+00,4.408143334343757402e+01,-1.168495858108786978e+00,0.000000000000000000e+00,5.485000000000000142e+01,5.247999999999999687e+01,5.000000000000000000e+01,1.000000000000000000e+00
4.150000000000000000e+02,5.000000000000000000e+01,7.087062514671208291e+00,4.403041765263125740e+01,-1.117480167302470351e+00,0.000000000000000000e+00,5.485000000000000142e+01,5.247999999999999687e+01,5.000000000000000000e+01,1.000000000000000000e+00
4.160000000000000000e+02,5.000000000000000000e+01,7.087062514671208291e+00,4.398162927028340619e+01,-1.068691784954617585e+00,0.000000000000000000e+00,5.485000000000000142e+01,5.247999999999999687e+01,5.000000000000000000e+01,1.000000000000000000e+00
4.170000000000000000e+02,5.000000000000000000e+01,6.602630393415184429e+00,4.488268523736743987e+01,-1.485315630782622076e+00,0.000000000000000000e+00,5.485000000000000142e+01,5.264200000000000301e+01,5.000000000000000000e+01,1.000000000000000000e+00
4.180000000000000000e+02,5.000000000000000000e+01,6.602630393415184429e+00,4.481783742259432302e+01,-1.420467816009503226e+00,0.000000000000000000e+00,5.485000000000000142e+01,5.264200000000000301e+01,5.000000000000000000e+01,1.000000000000000000e+00
4.190000000000000000e+02,5.000000000000000000e+01,6.315559506744969021e+00,4.531742928128061010e+01,-1.632988788025577342e+00,0.000000000000000000e+00,5.485000000000000142e+01,5.273799999999999955e+01,5.000000000000000000e+01,1.000000000000000000e+00
4.200000000000000000e+02,5.000000000000000000e+01,6.121188593895344532e+00,4.562638989351226826e+01,-1.747578487407611902e+00,0.000000000000000000e+00,5.485000000000000142e+01,5.280299999999999727e+01,5.000000000000000000e+01,1.000000000000000000e+00
4.210000000000000000e+02,5.000000000000000000e+01,6.025498298338591852e+00,4.573729469204842957e+01,-1.762792990387022973e+00,0.000000000000000000e+00,5.485000000000000142e+01,5.283500000000000085e+01,5.000000000000000000e+01,1.000000000000000000e+00
4.220000000000000000e+02,5.000000000000000000e+01,6.025498298338591852e+00,4.566033241483619065e+01,-1.685830713174779838e+00,0.000000000000000000e+00,5.485000000000000142e+01,5.283500000000000085e+01,5.000000000000000000e+01,1.000000000000000000e+00
4.230000000000000000e+02,5.000000000000000000e+01,5.834117707225107807e+00,4.596113589835749735e+01,-1.795253605582603162e+00,0.000000000000000000e+00,5.485000000000000142e+01,5.289900000000000091e+01,5.000000000000000000e+01,1.000000000000000000e+00
4.240000000000000000e+02,5.000000000000000711e+01,5.834117707225107807e+00,4.588275641397527949e+01,-1.716874121200382630e+00,0.000000000000000000e+00,5.485000000000000142e+01,5.289900000000000091e+01,5.000000000000000000e+01,1.000000000000000000e+00
4.250000000000000000e+02,5.000000000000000000e+01,5.544056498818729750e+00,4.637525747420983180e+01,-1.919313973028567322e+00,0.000000000000000000e+00,5.485000000000000142e+01,5.299600000000000222e+01,5.000000000000000000e+01,1.000000000000000000e+00
4.260000000000000000e+02,5.000000000000000000e+01,5.639746794375482430e+00,4.610425878173005287e+01,-1.744005576105537969e+00,0.000000000000000000e+00,5.485000000000000142e+01,5.296399999999999864e+01,5.000000000000000000e+01,1.000000000000000000e+00
4.270000000000000000e+02,5.000000000000000000e+01,5.544056498818729750e+00,4.621531957101021248e+01,-1.759376069828947120e+00,0.000000000000000000e+00,5.485000000000000142e+01,5.299600000000000222e+01,5.000000000000000000e+01,1.000000000000000000e+00
4.280000000000000000e+02,5.000000000000000000e+01,5.448366203261998386e+00,4.632570929556221273e+01,-1.774075498824213559e+00,0.000000000000000000e+00,5.485000000000000142e+01,5.302799999999999869e+01,5.000000000000000000e+01,1.000000000000000000e+00
4.290000000000000000e+02,5.000000000000000000e+01,5.253995290412352581e+00,4.662851016322568398e+01,-1.882505453638039894e+00,0.000000000000000000e+00,5.485000000000000142e+01,5.309300000000000352e+01,5.000000000000000000e+01,1.000000000000000000e+00
4.300000000000000000e+02,5.000000000000000000e+01,5.158304994855621217e+00,4.673352414722200621e+01,-1.891829142077628534e+00,0.000000000000000000e+00,5.485000000000000142e+01,5.312500000000000000e+01,5.000000000000000000e+01,1.000000000000000000e+00
4.310000000000000000e+02,5.000000000000000000e+01,5.158304994855621217e+00,4.665092824420629825e+01,-1.809233239061919241e+00,0.000000000000000000e+00,5.485000000000000142e+01,5.312500000000000000e+01,5.000000000000000000e+01,1.000000000000000000e+00
4.320000000000000000e+02,5.000000000000000000e+01,5.158304994855621217e+00,4.657193841905631615e+01,-1.730243413911935368e+00,0.000000000000000000e+00,5.485000000000000142e+01,5.312500000000000000e+01,5.000000000000000000e+01,1.000000000000000000e+00
4.330000000000000000e+02,5.000000000000000000e+01,5.158304994855621217e+00,4.649639723299968352e+01,-1.654702227855305852e+00,0.000000000000000000e+00,5.485000000000000142e+01,5.312500000000000000e+01,5.000000000000000000e+01,1.000000000000000000e+00
4.340000000000000000e+02,5.000000000000000000e+01,5.158304994855621217e+00,4.642415412092788785e+01,-1.582459115783503956e+00,0.000000000000000000e+00,5.485000000000000142e+01,5.312500000000000000e+01,5.000000000000000000e+01,1.000000000000000000e+00
4.350000000000000000e+02,5.000000000000000000e+01,4.966924403742137173e+00,4.672947073422544406e+01,-1.696395137967588340e+00,0.000000000000000000e+00,5.485000000000000142e+01,5.318900000000000006e+01,5.000000000000000000e+01,1.000000000000000000e+00
4.360000000000000000e+02,5.000000000000000000e+01,5.062614699298889853e+00,4.646820451814723896e+01,-1.530819217446128144e+00,0.000000000000000000e+00,5.485000000000000142e+01,5.315699999999999648e+01,5.000000000000000000e+01,1.000000000000000000e+00
4.370000000000000000e+02,5.000000000000000000e+01,5.158304994855621217e+00,4.621416722796356424e+01,-1.372472222819184351e+00,0.000000000000000000e+00,5.485000000000000142e+01,5.312500000000000000e+01,5.000000000000000000e+01,1.000000000000000000e+00
4.380000000000000000e+02,4.999999999999999289e+01,4.966924403742137173e+00,4.652865171834901759e+01,-1.495576122091156090e+00,0.000000000000000000e+00,5.485000000000000142e+01,5.318900000000000006e+01,5.000000000000000000e+01,1.000000000000000000e+00
4.390000000000000000e+02,5.000000000000000000e+01,5.062614699298889853e+00,4.627615311642269802e+01,-1.338767815721587207e+00,0.000000000000000000e+00,5.485000000000000142e+01,5.315699999999999648e+01,5.000000000000000000e+01,1.000000000000000000e+00
4.400000000000000000e+02,5.000000000000000000e+01,5.062614699298889853e+00,4.621770347411173674e+01,-1.280318173410624372e+00,0.000000000000000000e+00,5.485000000000000142e+01,5.315699999999999648e+01,5.000000000000000000e+01,1.000000000000000000e+00
4.410000000000000000e+02,5.000000000000000000e+01,5.158304994855621217e+00,4.597460287978410065e+01,-1.132907874639717427e+00,0.000000000000000000e+00,5.485000000000000142e+01,5.312500000000000000e+01,5.000000000000000000e+01,1.000000000000000000e+00
4.420000000000000000e+02,5.000000000000000000e+01,5.158304994855621217e+00,4.592514093480279058e+01,-1.083445929658411133e+00,0.000000000000000000e+00,5.485000000000000142e+01,5.312500000000000000e+01,5.000000000000000000e+01,1.000000000000000000e+00
4.430000000000000000e+02,5.000000000000000000e+01,5.062614699298889853e+00,4.606504128431619449e+01,-1.127655983615088342e+00,0.000000000000000000e+00,5.485000000000000142e+01,5.315699999999999648e+01,5.000000000000000000e+01,1.000000000000000000e+00
4.440000000000000000e+02,5.000000000000000000e+01,5.158304994855621217e+00,4.582860581166475811e+01,-9.869108065203761049e-01,0.000000000000000000e+00,5.485000000000000142e+01,5.312500000000000000e+01,5.000000000000000000e+01,1.000000000000000000e+00
4.450000000000000000e+02,5.000000000000000000e+01,5.062614699298889853e+00,4.597272081539347965e+01,-1.035335514692371284e+00,0.000000000000000000e+00,5.485000000000000142e+01,5.315699999999999648e+01,5.000000000000000000e+01,1.000000000000000000e+00
4.460000000000000000e+02,5.000000000000000000e+01,5.158304994855621217e+00,4.574031598817819599e+01,-8.986209830338167670e-01,0.000000000000000000e+00,5.485000000000000142e+01,5.312500000000000000e+01,5.000000000000000000e+01,1.000000000000000000e+00
4.470000000000000000e+02,5.000000000000000000e+01,5.062614699298889853e+00,4.588828566225519978e+01,-9.509003615540871923e-01,0.000000000000000000e+00,5.485000000000000142e+01,5.315699999999999648e+01,5.000000000000000000e+01,1.000000000000000000e+00
4.480000000000000000e+02,5.000000000000000000e+01,5.158304994855621217e+00,4.565956721324638323e+01,-8.178722081020061152e-01,0.000000000000000000e+00,5.485000000000000142e+01,5.312500000000000000e+01,5.000000000000000000e+01,1.000000000000000000e+00
4.490000000000000000e+02,5.000000000000000000e+01,5.158304994855621217e+00,4.562385949943801933e+01,-7.821644942936386569e-01,0.000000000000000000e+00,5.485000000000000142e+01,5.312500000000000000e+01,5.000000000000000000e+01,1.000000000000000000e+00
4.500000000000000000e+02,5.000000000000000000e+01,5.158304994855621217e+00,4.558971075879536983e+01,-7.480157536509924876e-01,0.000000000000000000e+00,5.485000000000000142e+01,5.312500000000000000e+01,5.000000000000000000e+01,1.000000000000000000e+00
4.510000000000000000e+02,5.000000000000000000e+01,4.868243786449243160e+00,4.612451148023199465e+01,-9.927552666812375914e-01,0.000000000000000000e+00,5.485000000000000142e+01,5.322200000000000131e+01,5.000000000000000000e+01,1.000000000000000000e+00
4.520000000000000000e+02,5.000000000000000000e+01,4.868243786449243160e+00,4.608116849755910494e+01,-9.494122840083480952e-01,0.000000000000000000e+00,5.485000000000000142e+01,5.322200000000000131e+01,5.000000000000000000e+01,1.000000000000000000e+00
4.530000000000000000e+02,5.000000000000000000e+01,4.868243786449243160e+00,4.603971783841249987e+01,-9.079616248617417007e-01,0.000000000000000000e+00,5.485000000000000142e+01,5.322200000000000131e+01,5.000000000000000000e+01,1.000000000000000000e+00
4.540000000000000000e+02,4.999999999999999289e+01,4.966924403742137173e+00,4.580702397566970063e+01,-7.739483794118442450e-01,0.000000000000000000e+00,5.485000000000000142e+01,5.318900000000000006e+01,5.000000000000000000e+01,1.000000000000000000e+00
4.550000000000000000e+02,5.000000000000000000e+01,4.868243786449243160e+00,4.596628685434298944e+01,-8.345306407922341574e-01,0.000000000000000000e+00,5.485000000000000142e+01,5.322200000000000131e+01,5.000000000000000000e+01,1.000000000000000000e+00
4.560000000000000000e+02,5.000000000000000000e+01,4.772553490892511796e+00,4.611705466677947385e+01,-8.896081576719845341e-01,0.000000000000000000e+00,5.485000000000000142e+01,5.325399999999999778e+01,5.000000000000000000e+01,1.000000000000000000e+00
4.570000000000000000e+02,5.000000000000000000e+01,4.676863195335759116e+00,4.626541783434539923e+01,-9.422810296811565678e-01,0.000000000000000000e+00,5.485000000000000142e+01,5.328600000000000136e+01,5.000000000000000000e+01,1.000000000000000000e+00
4.580000000000000000e+02,5.000000000000000000e+01,4.482492282486133739e+00,4.660453425174546993e+01,-1.087026534231601449e+00,0.000000000000000000e+00,5.485000000000000142e+01,5.335099999999999909e+01,5.000000000000000000e+01,1.000000000000000000e+00
4.590000000000000000e+02,5.000000000000000000e+01,4.386801986929381059e+00,4.674427827463222229e+01,-1.131080261561603573e+00,0.000000000000000000e+00,5.485000000000000142e+01,5.338300000000000267e+01,5.000000000000000000e+01,1.000000000000000000e+00
4.600000000000000000e+02,5.000000000000000000e+01,4.386801986929381059e+00,4.669489612192664652e+01,-1.081698108856033347e+00,0.000000000000000000e+00,5.485000000000000142e+01,5.338300000000000267e+01,5.000000000000000000e+01,1.000000000000000000e+00
4.610000000000000000e+02,5.000000000000000000e+01,4.386801986929381059e+00,4.664766995857807785e+01,-1.034471945507460244e+00,0.000000000000000000e+00,5.485000000000000142e+01,5.338300000000000267e+01,5.000000000000000000e+01,1.000000000000000000e+00
4.620000000000000000e+02,5.000000000000000000e+01,4.581172899779027752e+00,4.622224992453878656e+01,-8.034228243178164197e-01,0.000000000000000000e+00,5.485000000000000142e+01,5.331799999999999784e+01,5.000000000000000000e+01,1.000000000000000000e+00
4.630000000000000000e+02,5.000000000000000000e+01,4.291111691372650583e+00,4.675463161302291581e+01,-1.045743304395563511e+00,0.000000000000000000e+00,5.485000000000000142e+01,5.341499999999999915e+01,5.000000000000000000e+01,1.000000000000000000e+00
4.640000000000000000e+02,5.000000000000000000e+01,4.195421395815897903e+00,4.689617803210489910e+01,-1.091599427920799226e+00,0.000000000000000000e+00,5.485000000000000142e+01,5.344700000000000273e+01,5.000000000000000000e+01,1.000000000000000000e+00
4.650000000000000000e+02,5.000000000000000000e+01,4.195421395815897903e+00,4.684851958426984453e+01,-1.043940980085740655e+00,0.000000000000000000e+00,5.485000000000000142e+01,5.344700000000000273e+01,5.000000000000000000e+01,1.000000000000000000e+00
4.660000000000000000e+02,5.000000000000000000e+01,4.001050482966272526e+00,4.718319760117304185e+01,-1.184248084139311263e+00,0.000000000000000000e+00,5.485000000000000142e+01,5.351200000000000045e+01,5.000000000000000000e+01,1.000000000000000000e+00
4.670000000000000000e+02,4.999999999999999289e+01,3.809669891852788481e+00,4.750589982240840214e+01,-1.315569714261197287e+00,0.000000000000000000e+00,5.485000000000000142e+01,5.357600000000000051e+01,5.000000000000000000e+01,1.000000000000000000e+00
4.680000000000000000e+02,5.000000000000000000e+01,3.905360187409541162e+00,4.726126017109905320e+01,-1.166620358508596578e+00,0.000000000000000000e+00,5.485000000000000142e+01,5.354399999999999693e+01,5.000000000000000000e+01,1.000000000000000000e+00
4.690000000000000000e+02,5.000000000000000000e+01,3.713979596296057117e+00,4.758473200618812626e+01,-1.298711602484185601e+00,0.000000000000000000e+00,5.485000000000000142e+01,5.360799999999999699e+01,5.000000000000000000e+01,1.000000000000000000e+00
4.700000000000000000e+02,5.000000000000000000e+01,3.713979596296057117e+00,4.752803118940804694e+01,-1.242010785704105169e+00,0.000000000000000000e+00,5.485000000000000142e+01,5.360799999999999699e+01,5.000000000000000000e+01,1.000000000000000000e+00
4.710000000000000000e+02,5.000000000000000000e+01,3.519608683446410868e+00,4.785406162070678704e+01,-1.373670304153201016e+00,0.000000000000000000e+00,5.485000000000000142e+01,5.367300000000000182e+01,5.000000000000000000e+01,1.000000000000000000e+00
4.720000000000000000e+02,5.000000000000000000e+01,3.423918387889679504e+00,4.798129098225653877e+01,-1.405209370146218495e+00,0.000000000000000000e+00,5.485000000000000142e+01,5.370499999999999829e+01,5.000000000000000000e+01,1.000000000000000000e+00
4.730000000000000000e+02,5.000000000000000000e+01,3.229547475040033255e+00,4.830019628044834690e+01,-1.529743755488379264e+00,0.000000000000000000e+00,5.485000000000000142e+01,5.377000000000000313e+01,5.000000000000000000e+01,1.000000000000000000e+00
4.740000000000000000e+02,5.000000000000000000e+01,3.229547475040033255e+00,4.823340876562634350e+01,-1.462956240666377195e+00,0.000000000000000000e+00,5.485000000000000142e+01,5.377000000000000313e+01,5.000000000000000000e+01,1.000000000000000000e+00
4.750000000000000000e+02,5.000000000000000000e+01,3.038166883926549211e+00,4.854394278871200186e+01,-1.582109672638553066e+00,0.000000000000000000e+00,5.485000000000000142e+01,5.383400000000000318e+01,5.000000000000000000e+01,1.000000000000000000e+00
4.760000000000000000e+02,5.000000000000000000e+01,3.133857179483301891e+00,4.828766619405386251e+01,-1.421523373537162405e+00,0.000000000000000000e+00,5.485000000000000142e+01,5.380199999999999960e+01,5.000000000000000000e+01,1.000000000000000000e+00
4.770000000000000000e+02,5.000000000000000000e+01,3.038166883926549211e+00,4.841280632492740210e+01,-1.450973208853955754e+00,0.000000000000000000e+00,5.485000000000000142e+01,5.383400000000000318e+01,5.000000000000000000e+01,1.000000000000000000e+00
4.780000000000000000e+02,5.000000000000000711e+01,2.942476588369817847e+00,4.853666069712030406e+01,-1.479137285490120357e+00,0.000000000000000000e+00,5.485000000000000142e+01,5.386599999999999966e+01,5.000000000000000000e+01,1.000000000000000000e+00
4.790000000000000000e+02,5.000000000000000000e+01,2.556725084406708870e+00,4.922674399849754678e+01,-1.783469082904252989e+00,0.000000000000000000e+00,5.485000000000000142e+01,5.399499999999999744e+01,5.000000000000000000e+01,1.000000000000000000e+00
4.800000000000000000e+02,5.000000000000000000e+01,2.362354171557062621e+00,4.952913474901967561e+01,-1.891488920576743338e+00,0.000000000000000000e+00,5.485000000000000142e+01,5.406000000000000227e+01,5.000000000000000000e+01,1.000000000000000000e+00
4.810000000000000000e+02,5.000000000000000000e+01,2.362354171557062621e+00,4.944655369983060211e+01,-1.808907871387664512e+00,0.000000000000000000e+00,5.485000000000000142e+01,5.406000000000000227e+01,5.000000000000000000e+01,1.000000000000000000e+00
4.820000000000000000e+02,5.000000000000000000e+01,2.266663876000331257e+00,4.955478090146404213e+01,-1.821444777464373832e+00,0.000000000000000000e+00,5.485000000000000142e+01,5.409199999999999875e+01,5.000000000000000000e+01,1.000000000000000000e+00
4.830000000000000000e+02,5.000000000000000000e+01,2.266663876000331257e+00,4.947525792930880328e+01,-1.741921805309130322e+00,0.000000000000000000e+00,5.485000000000000142e+01,5.409199999999999875e+01,5.000000000000000000e+01,1.000000000000000000e+00
4.840000000000000000e+02,5.000000000000000000e+01,2.266663876000331257e+00,4.939920687306264568e+01,-1.665870749062974721e+00,0.000000000000000000e+00,5.485000000000000142e+01,5.409199999999999875e+01,5.000000000000000000e+01,1.000000000000000000e+00
4.850000000000000000e+02,4.999999999999999289e+01,2.075283284886847213e+00,4.970088179429642850e+01,-1.776165079183278372e+00,0.000000000000000000e+00,5.485000000000000142e+01,5.415599999999999881e+01,5.000000000000000000e+01,1.000000000000000000e+00
4.860000000000000000e+02,5.000000000000000000e+01,2.266663876000331257e+00,4.924893005835293991e+01,-1.515593934353267391e+00,0.000000000000000000e+00,5.485000000000000142e+01,5.409199999999999875e+01,5.000000000000000000e+01,1.000000000000000000e+00
4.870000000000000000e+02,5.000000000000000000e+01,2.170973580443578577e+00,4.936996313603389552e+01,-1.540936716477472990e+00,0.000000000000000000e+00,5.485000000000000142e+01,5.412400000000000233e+01,5.000000000000000000e+01,1.000000000000000000e+00
4.880000000000000000e+02,5.000000000000000000e+01,2.170973580443578577e+00,4.930268694456569989e+01,-1.473660525009281574e+00,0.000000000000000000e+00,5.485000000000000142e+01,5.412400000000000233e+01,5.000000000000000000e+01,1.000000000000000000e+00
4.890000000000000000e+02,5.000000000000000000e+01,2.075283284886847213e+00,4.942555080481268703e+01,-1.500834089699534246e+00,0.000000000000000000e+00,5.485000000000000142e+01,5.415599999999999881e+01,5.000000000000000000e+01,1.000000000000000000e+00
4.900000000000000000e+02,5.000000000000000000e+01,2.170973580443578577e+00,4.917282264379304735e+01,-1.343796224236628589e+00,0.000000000000000000e+00,5.485000000000000142e+01,5.412400000000000233e+01,5.000000000000000000e+01,1.000000000000000000e+00
4.910000000000000000e+02,5.000000000000000000e+01,2.266663876000331257e+00,4.892695064330979449e+01,-1.193614519310126187e+00,0.000000000000000000e+00,5.485000000000000142e+01,5.409199999999999875e+01,5.000000000000000000e+01,1.000000000000000000e+00
4.920000000000000000e+02,5.000000000000000000e+01,2.266663876000331257e+00,4.887483828977727285e+01,-1.141502165777601885e+00,0.000000000000000000e+00,5.485000000000000142e+01,5.409199999999999875e+01,5.000000000000000000e+01,1.000000000000000000e+00
4.930000000000000000e+02,5.000000000000000000e+01,2.170973580443578577e+00,4.901220394567526739e+01,-1.183177526118843303e+00,0.000000000000000000e+00,5.485000000000000142e+01,5.412400000000000233e+01,5.000000000000000000e+01,1.000000000000000000e+00
4.940000000000000000e+02,5.000000000000000000e+01,2.170973580443578577e+00,4.896054726377725785e+01,-1.131520844220838873e+00,0.000000000000000000e+00,5.485000000000000142e+01,5.412400000000000233e+01,5.000000000000000000e+01,1.000000000000000000e+00
4.950000000000000000e+02,5.000000000000000000e+01,2.170973580443578577e+00,4.891114587554888971e+01,-1.082119455992470503e+00,0.000000000000000000e+00,5.485000000000000142e+01,5.412400000000000233e+01,5.000000000000000000e+01,1.000000000000000000e+00
4.960000000000000000e+02,5.000000000000000000e+01,2.266663876000331257e+00,4.867669849502239998e+01,-9.433623710227272419e-01,0.000000000000000000e+00,5.485000000000000142e+01,5.409199999999999875e+01,5.000000000000000000e+01,1.000000000000000000e+00
4.970000000000000000e+02,5.000000000000000000e+01,2.170973580443578577e+00,4.882271479220037236e+01,-9.936883726439488251e-01,0.000000000000000000e+00,5.485000000000000142e+01,5.412400000000000233e+01,5.000000000000000000e+01,1.000000000000000000e+00
4.980000000000000000e+02,5.000000000000000000e+01,2.266663876000331257e+00,4.859212824932637886e+01,-8.587921253267047916e-01,0.000000000000000000e+00,5.485000000000000142e+01,5.409199999999999875e+01,5.000000000000000000e+01,1.000000000000000000e+00
4.990000000000000000e+02,5.000000000000000000e+01,2.266663876000331257e+00,4.855463400129072227e+01,-8.212978772910496383e-01,0.000000000000000000e+00,5.485000000000000142e+01,5.409199999999999875e+01,5.000000000000000000e+01,1.000000000000000000e+00
5.000000000000000000e+02,5.000000000000000000e+01,2.266663876000331257e+00,4.851877672522336837e+01,-7.854406012236975210e-01,0.000000000000000000e+00,5.485000000000000142e+01,5.409199999999999875e+01,5.000000000000000000e+01,1.000000000000000000e+00
5.010000000000000000e+02,5.000000000000000000e+01,2.075283284886847213e+00,4.885889059503111298e+01,-9.341738799179604147e-01,0.000000000000000000e+00,5.485000000000000142e+01,5.415599999999999881e+01,5.000000000000000000e+01,1.000000000000000000e+00
5.020000000000000000e+02,5.000000000000000000e+01,1.979592989330094532e+00,4.900530805513827204e+01,-9.849010444683652388e-01,0.000000000000000000e+00,5.485000000000000142e+01,5.418800000000000239e+01,5.000000000000000000e+01,1.000000000000000000e+00
5.030000000000000000e+02,4.999999999999999289e+01,2.075283284886847213e+00,4.877510516070778834e+01,-8.503884455946378873e-01,0.000000000000000000e+00,5.485000000000000142e+01,5.415599999999999881e+01,5.000000000000000000e+01,1.000000000000000000e+00
5.040000000000000000e+02,5.000000000000000000e+01,2.170973580443578577e+00,4.855077498983565221e+01,-7.217485702792348912e-01,0.000000000000000000e+00,5.485000000000000142e+01,5.412400000000000233e+01,5.000000000000000000e+01,1.000000000000000000e+00
5.050000000000000000e+02,5.000000000000000000e+01,1.593841485366985555e+00,4.964833098204508133e+01,-1.242172467412068881e+00,0.000000000000000000e+00,5.485000000000000142e+01,5.431700000000000017e+01,5.000000000000000000e+01,1.000000000000000000e+00
5.060000000000000000e+02,5.000000000000000000e+01,1.593841485366985555e+00,4.959409862333721719e+01,-1.187940108704201192e+00,0.000000000000000000e+00,5.485000000000000142e+01,5.431700000000000017e+01,5.000000000000000000e+01,1.000000000000000000e+00
5.070000000000000000e+02,5.000000000000000000e+01,1.593841485366985555e+00,4.954223401050053610e+01,-1.136075495867521878e+00,0.000000000000000000e+00,5.485000000000000142e+01,5.431700000000000017e+01,5.000000000000000000e+01,1.000000000000000000e+00
5.080000000000000000e+02,5.000000000000000000e+01,1.399470572517360401e+00,4.987288950054829684e+01,-1.272360073065652353e+00,0.000000000000000000e+00,5.485000000000000142e+01,5.438199999999999790e+01,5.000000000000000000e+01,1.000000000000000000e+00
5.090000000000000000e+02,5.000000000000000000e+01,1.303780276960607942e+00,5.000454199410048517e+01,-1.308322271061095110e+00,0.000000000000000000e+00,5.485000000000000142e+01,5.441400000000000148e+01,5.000000000000000000e+01,1.000000000000000000e+00
5.100000000000000000e+02,5.000000000000000000e+01,1.303780276960607942e+00,4.994742158242569019e+01,-1.251201859386296800e+00,0.000000000000000000e+00,5.485000000000000142e+01,5.441400000000000148e+01,5.000000000000000000e+01,1.000000000000000000e+00
5.110000000000000000e+02,5.000000000000000711e+01,1.208089981403876578e+00,5.007999782840673930e+01,-1.288087809810612994e+00,0.000000000000000000e+00,5.485000000000000142e+01,5.444599999999999795e+01,5.000000000000000000e+01,1.000000000000000000e+00
5.120000000000000000e+02,5.000000000000000000e+01,1.303780276960607942e+00,4.983655801732834334e+01,-1.140338294288950394e+00,0.000000000000000000e+00,5.485000000000000142e+01,5.441400000000000148e+01,5.000000000000000000e+01,1.000000000000000000e+00
5.130000000000000000e+02,5.000000000000000711e+01,1.208089981403876578e+00,4.997397448702044898e+01,-1.182064468424325332e+00,0.000000000000000000e+00,5.485000000000000142e+01,5.444599999999999795e+01,5.000000000000000000e+01,1.000000000000000000e+00
5.140000000000000000e+02,5.000000000000000000e+01,1.109409364110982787e+00,5.011541931005779560e+01,-1.224828674168778830e+00,0.000000000000000000e+00,5.485000000000000142e+01,5.447899999999999920e+01,5.000000000000000000e+01,1.000000000000000000e+00
5.150000000000000000e+02,5.000000000000000000e+01,9.180287729974988542e-01,5.043634981184776223e+01,-1.354378584845264522e+00,0.000000000000000000e+00,5.485000000000000142e+01,5.454299999999999926e+01,5.000000000000000000e+01,1.000000000000000000e+00
5.160000000000000000e+02,5.000000000000000000e+01,9.180287729974988542e-01,5.037721861455709416e+01,-1.295247387554593566e+00,0.000000000000000000e+00,5.485000000000000142e+01,5.454299999999999926e+01,5.000000000000000000e+01,1.000000000000000000e+00
5.170000000000000000e+02,5.000000000000000000e+01,6.279675645911211301e-01,5.088812759547882081e+01,-1.516095160069946379e+00,0.000000000000000000e+00,5.485000000000000142e+01,5.464000000000000057e+01,5.000000000000000000e+01,1.000000000000000000e+00
5.180000000000000000e+02,5.000000000000000000e+01,6.279675645911211301e-01,5.082193596854035178e+01,-1.449903533131478683e+00,0.000000000000000000e+00,5.485000000000000142e+01,5.464000000000000057e+01,5.000000000000000000e+01,1.000000000000000000e+00
5.190000000000000000e+02,5.000000000000000000e+01,3.408966779209058329e-01,5.132024268493629648e+01,-1.661139362857200652e+00,0.000000000000000000e+00,5.485000000000000142e+01,5.473599999999999710e+01,5.000000000000000000e+01,1.000000000000000000e+00
5.200000000000000000e+02,5.000000000000000000e+01,4.365869734776371969e-01,5.106051571070454287e+01,-1.497102684182179955e+00,0.000000000000000000e+00,5.485000000000000142e+01,5.470400000000000063e+01,5.000000000000000000e+01,1.000000000000000000e+00
5.210000000000000000e+02,5.000000000000000000e+01,3.408966779209058329e-01,5.118235610310104988e+01,-1.523252781021949609e+00,0.000000000000000000e+00,5.485000000000000142e+01,5.473599999999999710e+01,5.000000000000000000e+01,1.000000000000000000e+00
5.220000000000000000e+02,5.000000000000000000e+01,3.408966779209058329e-01,5.111585197956718218e+01,-1.456748657488083465e+00,0.000000000000000000e+00,5.485000000000000142e+01,5.473599999999999710e+01,5.000000000000000000e+01,1.000000000000000000e+00
5.230000000000000000e+02,5.000000000000000000e+01,3.408966779209058329e-01,5.105225137835220295e+01,-1.393148056273106894e+00,0.000000000000000000e+00,5.485000000000000142e+01,5.473599999999999710e+01,5.000000000000000000e+01,1.000000000000000000e+00
5.240000000000000000e+02,5.000000000000000000e+01,3.408966779209058329e-01,5.099142753375485881e+01,-1.332324211675762315e+00,0.000000000000000000e+00,5.485000000000000142e+01,5.473599999999999710e+01,5.000000000000000000e+01,1.000000000000000000e+00
5.250000000000000000e+02,5.000000000000000000e+01,3.408966779209058329e-01,5.093325921457345373e+01,-1.274155892494358566e+00,0.000000000000000000e+00,5.485000000000000142e+01,5.473599999999999710e+01,5.000000000000000000e+01,1.000000000000000000e+00
5.260000000000000000e+02,5.000000000000000000e+01,3.408966779209058329e-01,5.087763048247359166e+01,-1.218527160394491160e+00,0.000000000000000000e+00,5.485000000000000142e+01,5.473599999999999710e+01,5.000000000000000000e+01,1.000000000000000000e+00
5.270000000000000000e+02,5.000000000000000000e+01,3.408966779209058329e-01,5.082443046090534722e+01,-1.165327138826253162e+00,0.000000000000000000e+00,5.485000000000000142e+01,5.473599999999999710e+01,5.000000000000000000e+01,1.000000000000000000e+00
5.280000000000000000e+02,5.000000000000000000e+01,3.408966779209058329e-01,5.077355311410945404e+01,-1.114449792030356434e+00,0.000000000000000000e+00,5.485000000000000142e+01,5.473599999999999710e+01,5.000000000000000000e+01,1.000000000000000000e+00
5.290000000000000000e+02,5.000000000000000000e+01,2.422160606280120421e-01,5.091794994540677521e+01,-1.160166006034784925e+00,0.000000000000000000e+00,5.485000000000000142e+01,5.476899999999999835e+01,5.000000000000000000e+01,1.000000000000000000e+00
5.300000000000000000e+02,5.000000000000000000e+01,3.408966779209058329e-01,5.067424502033061628e+01,-1.015141698251515789e+00,0.000000000000000000e+00,5.485000000000000142e+01,5.473599999999999710e+01,5.000000000000000000e+01,1.000000000000000000e+00
5.310000000000000000e+02,5.000000000000000000e+01,2.422160606280120421e-01,5.082297757175191322e+01,-1.065193632379921373e+00,0.000000000000000000e+00,5.485000000000000142e+01,5.476899999999999835e+01,5.000000000000000000e+01,1.000000000000000000e+00
5.320000000000000000e+02,5.000000000000000000e+01,2.422160606280120421e-01,5.077647198200484979e+01,-1.018688042632856838e+00,0.000000000000000000e+00,5.485000000000000142e+01,5.476899999999999835e+01,5.000000000000000000e+01,1.000000000000000000e+00
5.330000000000000000e+02,5.000000000000000000e+01,-1.405451215989557967e-01,5.148080807879676257e+01,-1.340262957197809079e+00,0.000000000000000000e+00,5.485000000000000142e+01,5.489699999999999847e+01,5.000000000000000000e+01,1.000000000000000000e+00
5.340000000000000000e+02,5.000000000000000000e+01,-3.349160344486021845e-01,5.180254889078091196e+01,-1.467632856332306224e+00,0.000000000000000000e+00,5.485000000000000142e+01,5.496200000000000330e+01,5.000000000000000000e+01,1.000000000000000000e+00
5.350000000000000000e+02,5.000000000000000000e+01,-3.349160344486021845e-01,5.173847309325346089e+01,-1.403557058804858260e+00,0.000000000000000000e+00,5.485000000000000142e+01,5.496200000000000330e+01,5.000000000000000000e+01,1.000000000000000000e+00
5.360000000000000000e+02,5.000000000000000000e+01,-1.405451215989557967e-01,5.129693906797446346e+01,-1.156393946375511073e+00,0.000000000000000000e+00,5.485000000000000142e+01,5.489699999999999847e+01,5.000000000000000000e+01,1.000000000000000000e+00
5.370000000000000000e+02,5.000000000000000000e+01,-4.306063300053334930e-01,5.181391029051513897e+01,-1.383303960509802977e+00,0.000000000000000000e+00,5.485000000000000142e+01,5.499399999999999977e+01,5.000000000000000000e+01,1.000000000000000000e+00
5.380000000000000000e+02,5.000000000000000000e+01,-5.262966255620861178e-01,5.194071905354024210e+01,-1.414422427978154317e+00,0.000000000000000000e+00,5.485000000000000142e+01,5.502600000000000335e+01,5.000000000000000000e+01,1.000000000000000000e+00
5.390000000000000000e+02,5.000000000000000000e+01,-5.262966255620861178e-01,5.187896638513794301e+01,-1.352669759575854114e+00,0.000000000000000000e+00,5.485000000000000142e+01,5.502600000000000335e+01,5.000000000000000000e+01,1.000000000000000000e+00
5.400000000000000000e+02,5.000000000000000000e+01,-3.349160344486021845e-01,5.144550415100405161e+01,-1.110588116555444982e+00,0.000000000000000000e+00,5.485000000000000142e+01,5.496200000000000330e+01,5.000000000000000000e+01,1.000000000000000000e+00
5.410000000000000000e+02,5.000000000000000000e+01,5.083546951452812962e-02,5.064235529661927870e+01,-6.931907661338116977e-01,0.000000000000000000e+00,5.485000000000000142e+01,5.483299999999999841e+01,5.000000000000000000e+01,1.000000000000000000e+00
5.420000000000000000e+02,5.000000000000000000e+01,5.083546951452812962e-02,5.061209108511226162e+01,-6.629265546267959497e-01,0.000000000000000000e+00,5.485000000000000142e+01,5.483299999999999841e+01,5.000000000000000000e+01,1.000000000000000000e+00
5.430000000000000000e+02,5.000000000000000000e+01,-3.349160344486021845e-01,5.133780956139373330e+01,-1.002893526945132674e+00,0.000000000000000000e+00,5.485000000000000142e+01,5.496200000000000330e+01,5.000000000000000000e+01,1.000000000000000000e+00
5.440000000000000000e+02,5.000000000000000000e+01,-3.349160344486021845e-01,5.129402394955160815e+01,-9.591079151030016403e-01,0.000000000000000000e+00,5.485000000000000142e+01,5.496200000000000330e+01,5.000000000000000000e+01,1.000000000000000000e+00
5.450000000000000000e+02,5.000000000000000000e+01,-4.485482604222445352e-02,5.068469143354426620e+01,-6.398366075020389676e-01,0.000000000000000000e+00,5.485000000000000142e+01,5.486500000000000199e+01,5.000000000000000000e+01,1.000000000000000000e+00
5.460000000000000000e+02,5.000000000000000000e+01,-1.405451215989557967e-01,5.084395944778739818e+01,-7.034143261884461262e-01,0.000000000000000000e+00,5.485000000000000142e+01,5.489699999999999847e+01,5.000000000000000000e+01,1.000000000000000000e+00
5.470000000000000000e+02,5.000000000000000000e+01,-4.485482604222445352e-02,5.062604606151927555e+01,-5.811912354770488731e-01,0.000000000000000000e+00,5.485000000000000142e+01,5.486500000000000199e+01,5.000000000000000000e+01,1.000000000000000000e+00
5.480000000000000000e+02,5.000000000000000000e+01,-3.349160344486021845e-01,5.116813022172807024e+01,-8.332141872794682769e-01,0.000000000000000000e+00,5.485000000000000142e+01,5.496200000000000330e+01,5.000000000000000000e+01,1.000000000000000000e+00
5.490000000000000000e+02,5.000000000000000000e+01,-5.262966255620861178e-01,5.150615833104465935e+01,-9.798617054825689010e-01,0.000000000000000000e+00,5.485000000000000142e+01,5.502600000000000335e+01,5.000000000000000000e+01,1.000000000000000000e+00
5.500000000000000000e+02,5.000000000000000000e+01,-5.262966255620861178e-01,5.146337827200298420e+01,-9.370816464408920909e-01,0.000000000000000000e+00,5.485000000000000142e+01,5.502600000000000335e+01,5.000000000000000000e+01,1.000000000000000000e+00
5.510000000000000000e+02,5.000000000000000000e+01,-6.249772428549585923e-01,5.161551886928067745e+01,-9.905416264257179693e-01,0.000000000000000000e+00,5.485000000000000142e+01,5.505899999999999750e+01,5.000000000000000000e+01,1.000000000000000000e+00
5.520000000000000000e+02,5.000000000000000000e+01,-4.306063300053334930e-01,5.119201680145392430e+01,-7.614104714485928627e-01,0.000000000000000000e+00,5.485000000000000142e+01,5.499399999999999977e+01,5.000000000000000000e+01,1.000000000000000000e+00
5.530000000000000000e+02,5.000000000000000000e+01,-5.262966255620861178e-01,5.134597698802259202e+01,-8.196803624605047967e-01,0.000000000000000000e+00,5.485000000000000142e+01,5.502600000000000335e+01,5.000000000000000000e+01,1.000000000000000000e+00
5.540000000000000000e+02,5.000000000000000000e+01,-6.249772428549585923e-01,5.150324324112717989e+01,-8.782659982722170744e-01,0.000000000000000000e+00,5.485000000000000142e+01,5.505899999999999750e+01,5.000000000000000000e+01,1.000000000000000000e+00
5.550000000000000000e+02,5.000000000000000000e+01,-7.206675384117111616e-01,5.165210159923485378e+01,-9.314340608231433949e-01,0.000000000000000000e+00,5.485000000000000142e+01,5.509100000000000108e+01,5.000000000000000000e+01,1.000000000000000000e+00
5.560000000000000000e+02,5.000000000000000000e+01,-6.249772428549585923e-01,5.142423303494945941e+01,-7.992557920945017047e-01,0.000000000000000000e+00,5.485000000000000142e+01,5.505899999999999750e+01,5.000000000000000000e+01,1.000000000000000000e+00
5.570000000000000000e+02,5.000000000000000000e+01,-8.163578339684425256e-01,5.176374374343574658e+01,-9.473859094673064973e-01,0.000000000000000000e+00,5.485000000000000142e+01,5.512299999999999756e+01,5.000000000000000000e+01,1.000000000000000000e+00
5.580000000000000000e+02,5.000000000000000000e+01,-8.163578339684425256e-01,5.172238155434774143e+01,-9.060237203793025662e-01,0.000000000000000000e+00,5.485000000000000142e+01,5.512299999999999756e+01,5.000000000000000000e+01,1.000000000000000000e+00
5.590000000000000000e+02,5.000000000000000000e+01,-1.010728746818088997e+00,5.206308093985850860e+01,-1.052352193040417383e+00,0.000000000000000000e+00,5.485000000000000142e+01,5.518800000000000239e+01,5.000000000000000000e+01,1.000000000000000000e+00
5.600000000000000000e+02,5.000000000000000000e+01,-1.010728746818088997e+00,5.201713599813967903e+01,-1.006407251321590257e+00,0.000000000000000000e+00,5.485000000000000142e+01,5.518800000000000239e+01,5.000000000000000000e+01,1.000000000000000000e+00
5.610000000000000000e+02,5.000000000000000000e+01,-1.393489929045056863e+00,5.272200826546917085e+01,-1.328518336424114210e+00,0.000000000000000000e+00,5.485000000000000142e+01,5.531600000000000250e+01,5.000000000000000000e+01,1.000000000000000000e+00
5.620000000000000000e+02,5.000000000000000000e+01,-1.587860841894681796e+00,5.304426183916985593e+01,-1.456400997275177689e+00,0.000000000000000000e+00,5.485000000000000142e+01,5.538100000000000023e+01,5.000000000000000000e+01,1.000000000000000000e+00
5.630000000000000000e+02,5.000000000000000000e+01,-1.492170546337929338e+00,5.279347359508609827e+01,-1.301303048748164937e+00,0.000000000000000000e+00,5.485000000000000142e+01,5.534899999999999665e+01,5.000000000000000000e+01,1.000000000000000000e+00
5.640000000000000000e+02,5.000000000000000000e+01,-1.393489929045056863e+00,5.254360672798646448e+01,-1.150116798941401397e+00,0.000000000000000000e+00,5.485000000000000142e+01,5.531600000000000250e+01,5.000000000000000000e+01,1.000000000000000000e+00
5.650000000000000000e+02,5.000000000000000000e+01,-1.393489929045056863e+00,5.249339345371700460e+01,-1.099903524671940858e+00,0.000000000000000000e+00,5.485000000000000142e+01,5.531600000000000250e+01,5.000000000000000000e+01,1.000000000000000000e+00
5.660000000000000000e+02,5.000000000000000000e+01,-1.587860841894681796e+00,5.282562818607490840e+01,-1.237767344180228379e+00,0.000000000000000000e+00,5.485000000000000142e+01,5.538100000000000023e+01,5.000000000000000000e+01,1.000000000000000000e+00
5.670000000000000000e+02,5.000000000000000000e+01,-1.587860841894681796e+00,5.277158815188681018e+01,-1.183727309992126608e+00,0.000000000000000000e+00,5.485000000000000142e+01,5.538100000000000023e+01,5.000000000000000000e+01,1.000000000000000000e+00
5.680000000000000000e+02,5.000000000000000000e+01,-1.587860841894681796e+00,5.271990746681935036e+01,-1.132046624924667011e+00,0.000000000000000000e+00,5.485000000000000142e+01,5.538100000000000023e+01,5.000000000000000000e+01,1.000000000000000000e+00
5.690000000000000000e+02,5.000000000000000000e+01,-1.587860841894681796e+00,5.267048312338268090e+01,-1.082622281488000437e+00,0.000000000000000000e+00,5.485000000000000142e+01,5.538100000000000023e+01,5.000000000000000000e+01,1.000000000000000000e+00
5.700000000000000000e+02,5.000000000000000000e+01,-1.587860841894681796e+00,5.262321661132006057e+01,-1.035355769425380101e+00,0.000000000000000000e+00,5.485000000000000142e+01,5.538100000000000023e+01,5.000000000000000000e+01,1.000000000000000000e+00
5.710000000000000000e+02,5.000000000000000000e+01,-1.779241433008165840e+00,5.295241936419033379e+01,-1.173177931182163514e+00,0.000000000000000000e+00,5.485000000000000142e+01,5.544500000000000028e+01,5.000000000000000000e+01,1.000000000000000000e+00
5.720000000000000000e+02,5.000000000000000000e+01,-1.683551137451413160e+00,5.271399643596861750e+01,-1.030445298517205677e+00,0.000000000000000000e+00,5.485000000000000142e+01,5.541299999999999670e+01,5.000000000000000000e+01,1.000000000000000000e+00
5.730000000000000000e+02,5.000000000000000000e+01,-1.587860841894681796e+00,5.248180511208296650e+01,-8.939442701882839293e-01,0.000000000000000000e+00,5.485000000000000142e+01,5.538100000000000023e+01,5.000000000000000000e+01,1.000000000000000000e+00
5.740000000000000000e+02,5.000000000000000000e+01,-1.587860841894681796e+00,5.244277614662320275e+01,-8.549153047285210638e-01,0.000000000000000000e+00,5.485000000000000142e+01,5.538100000000000023e+01,5.000000000000000000e+01,1.000000000000000000e+00
5.750000000000000000e+02,5.000000000000000000e+01,-1.587860841894681796e+00,5.240545115779336527e+01,-8.175903158986868036e-01,0.000000000000000000e+00,5.485000000000000142e+01,5.538100000000000023e+01,5.000000000000000000e+01,1.000000000000000000e+00
5.760000000000000000e+02,5.000000000000000000e+01,-1.587860841894681796e+00,5.236975575119635096e+01,-7.818949093016674956e-01,0.000000000000000000e+00,5.485000000000000142e+01,5.538100000000000023e+01,5.000000000000000000e+01,1.000000000000000000e+00
5.770000000000000000e+02,5.000000000000000000e+01,-1.587860841894681796e+00,5.233561878044103111e+01,-7.477579385463520856e-01,0.000000000000000000e+00,5.485000000000000142e+01,5.538100000000000023e+01,5.000000000000000000e+01,1.000000000000000000e+00
5.780000000000000000e+02,5.000000000000000000e+01,-1.587860841894681796e+00,5.230297220533670099e+01,-7.151113634420200871e-01,0.000000000000000000e+00,5.485000000000000142e+01,5.538100000000000023e+01,5.000000000000000000e+01,1.000000000000000000e+00
5.790000000000000000e+02,5.000000000000000000e+01,-1.587860841894681796e+00,5.227175095627854517e+01,-6.838901143838611585e-01,0.000000000000000000e+00,5.485000000000000142e+01,5.538100000000000023e+01,5.000000000000000000e+01,1.000000000000000000e+00
5.800000000000000000e+02,5.000000000000000000e+01,-1.587860841894681796e+00,5.224189280455400564e+01,-6.540319626593256164e-01,0.000000000000000000e+00,5.485000000000000142e+01,5.538100000000000023e+01,5.000000000000000000e+01,1.000000000000000000e+00
5.810000000000000000e+02,5.000000000000000000e+01,-1.587860841894681796e+00,5.221333823831148635e+01,-6.254773964168065525e-01,0.000000000000000000e+00,5.485000000000000142e+01,5.538100000000000023e+01,5.000000000000000000e+01,1.000000000000000000e+00
5.820000000000000000e+02,5.000000000000000000e+01,-1.587860841894681796e+00,5.218603034394411821e+01,-5.981695020494403048e-01,0.000000000000000000e+00,5.485000000000000142e+01,5.538100000000000023e+01,5.000000000000000000e+01,1.000000000000000000e+00
5.830000000000000000e+02,5.000000000000000000e+01,-1.587860841894681796e+00,5.215991469265228631e+01,-5.720538507576052867e-01,0.000000000000000000e+00,5.485000000000000142e+01,5.538100000000000023e+01,5.000000000000000000e+01,1.000000000000000000e+00
5.840000000000000000e+02,5.000000000000000000e+01,-1.683551137451413160e+00,5.232214205342290825e+01,-6.385909159714965311e-01,0.000000000000000000e+00,5.485000000000000142e+01,5.541299999999999670e+01,5.000000000000000000e+01,1.000000000000000000e+00
5.850000000000000000e+02,5.000000000000000000e+01,-1.683551137451413160e+00,5.229426163220031754e+01,-6.107104947489068181e-01,0.000000000000000000e+00,5.485000000000000142e+01,5.541299999999999670e+01,5.000000000000000000e+01,1.000000000000000000e+00
5.860000000000000000e+02,5.000000000000000000e+01,-1.587860841894681796e+00,5.208039562870078498e+01,-4.925347868061014101e-01,0.000000000000000000e+00,5.485000000000000142e+01,5.538100000000000023e+01,5.000000000000000000e+01,1.000000000000000000e+00
5.870000000000000000e+02,5.000000000000000000e+01,-1.779241433008165840e+00,5.243329755621537203e+01,-6.540561232072058528e-01,0.000000000000000000e+00,5.485000000000000142e+01,5.544500000000000028e+01,5.000000000000000000e+01,1.000000000000000000e+00
5.880000000000000000e+02,5.000000000000000000e+01,-1.683551137451413160e+00,5.221753911367641621e+01,-5.339879762250042683e-01,0.000000000000000000e+00,5.485000000000000142e+01,5.541299999999999670e+01,5.000000000000000000e+01,1.000000000000000000e+00
5.890000000000000000e+02,5.000000000000000000e+01,-1.779241433008165840e+00,5.238142840321811633e+01,-6.021869702099517108e-01,0.000000000000000000e+00,5.485000000000000142e+01,5.544500000000000028e+01,5.000000000000000000e+01,1.000000000000000000e+00
5.900000000000000000e+02,5.000000000000000000e+01,-1.683551137451413160e+00,5.216793453068454767e+01,-4.843833932331382819e-01,0.000000000000000000e+00,5.485000000000000142e+01,5.541299999999999670e+01,5.000000000000000000e+01,1.000000000000000000e+00
5.910000000000000000e+02,5.000000000000000000e+01,-2.069302641414543675e+00,5.290144807329340892e+01,-8.321454318788672477e-01,0.000000000000000000e+00,5.485000000000000142e+01,5.554200000000000159e+01,5.000000000000000000e+01,1.000000000000000000e+00
5.920000000000000000e+02,5.000000000000000000e+01,-1.877922050301059631e+00,5.249071155784707088e+01,-6.127895075460146890e-01,0.000000000000000000e+00,5.485000000000000142e+01,5.547800000000000153e+01,5.000000000000000000e+01,1.000000000000000000e+00
5.930000000000000000e+02,5.000000000000000000e+01,-1.877922050301059631e+00,5.246395760760464810e+01,-5.860355573035894716e-01,0.000000000000000000e+00,5.485000000000000142e+01,5.547800000000000153e+01,5.000000000000000000e+01,1.000000000000000000e+00
5.940000000000000000e+02,5.000000000000000000e+01,-1.877922050301059631e+00,5.243837171563469468e+01,-5.604496653336378253e-01,0.000000000000000000e+00,5.485000000000000142e+01,5.547800000000000153e+01,5.000000000000000000e+01,1.000000000000000000e+00
5.950000000000000000e+02,5.000000000000000000e+01,-2.260683232528027276e+00,5.316271417120799470e+01,-9.020309386799736373e-01,0.000000000000000000e+00,5.485000000000000142e+01,5.560600000000000165e+01,5.000000000000000000e+01,1.000000000000000000e+00
5.960000000000000000e+02,5.000000000000000000e+01,-2.164992936971275039e+00,5.293612932613957156e+01,-7.711363891682952998e-01,0.000000000000000000e+00,5.485000000000000142e+01,5.557399999999999807e+01,5.000000000000000000e+01,1.000000000000000000e+00
5.970000000000000000e+02,5.000000000000000000e+01,-2.069302641414543675e+00,5.271525924319017520e+01,-6.459566017756298573e-01,0.000000000000000000e+00,5.485000000000000142e+01,5.554200000000000159e+01,5.000000000000000000e+01,1.000000000000000000e+00
5.980000000000000000e+02,5.000000000000000000e+01,-2.359363849820921288e+00,5.325451579397347501e+01,-8.951519441525490617e-01,0.000000000000000000e+00,5.485000000000000142e+01,5.563900000000000290e+01,5.000000000000000000e+01,1.000000000000000000e+00
5.990000000000000000e+02,5.000000000000000711e+01,-2.550744440934405333e+00,5.358983974526335459e+01,-1.039095304328946812e+00,0.000000000000000000e+00,5.485000000000000142e+01,5.570300000000000296e+01,5.000000000000000000e+01,1.000000000000000000e+00
6.000000000000000000e+02,5.000000000000000000e+01,-2.359363849820921288e+00,5.317006794686581372e+01,-8.107040970448927686e-01,0.000000000000000000e+00,5.485000000000000142e+01,5.563900000000000290e+01,5.000000000000000000e+01,1.000000000000000000e+00
6.010000000000000000e+02,4.999999999999999289e+01,-2.260683232528027276e+00,5.294162027800830828e+01,-6.809370454802877726e-01,0.000000000000000000e+00,5.485000000000000142e+01,5.560600000000000165e+01,5.000000000000000000e+01,1.000000000000000000e+00
6.020000000000000000e+02,5.000000000000000000e+01,-2.359363849820921288e+00,5.310494396478836876e+01,-7.455801149674476935e-01,0.000000000000000000e+00,5.485000000000000142e+01,5.563900000000000290e+01,5.000000000000000000e+01,1.000000000000000000e+00
6.030000000000000000e+02,5.000000000000000000e+01,-2.550744440934405333e+00,5.344679811482743048e+01,-8.960536738930240386e-01,0.000000000000000000e+00,5.485000000000000142e+01,5.570300000000000296e+01,5.000000000000000000e+01,1.000000000000000000e+00
6.040000000000000000e+02,5.000000000000000000e+01,-2.455054145377652652e+00,5.322047423285109602e+01,-7.654200874734460314e-01,0.000000000000000000e+00,5.485000000000000142e+01,5.567099999999999937e+01,5.000000000000000000e+01,1.000000000000000000e+00
6.050000000000000000e+02,5.000000000000000000e+01,-2.455054145377652652e+00,5.318705654099664315e+01,-7.320023956189887215e-01,0.000000000000000000e+00,5.485000000000000142e+01,5.567099999999999937e+01,5.000000000000000000e+01,1.000000000000000000e+00
6.060000000000000000e+02,5.000000000000000000e+01,-2.455054145377652652e+00,5.315509784159241491e+01,-7.000436962147631448e-01,0.000000000000000000e+00,5.485000000000000142e+01,5.567099999999999937e+01,5.000000000000000000e+01,1.000000000000000000e+00
6.070000000000000000e+02,5.000000000000000000e+01,-2.359363849820921288e+00,5.293733161461062053e+01,-5.779677647896968029e-01,0.000000000000000000e+00,5.485000000000000142e+01,5.563900000000000290e+01,5.000000000000000000e+01,1.000000000000000000e+00
6.080000000000000000e+02,5.000000000000000000e+01,-2.455054145377652652e+00,5.309930077813764626e+01,-6.442466327599927212e-01,0.000000000000000000e+00,5.485000000000000142e+01,5.567099999999999937e+01,5.000000000000000000e+01,1.000000000000000000e+00
6.090000000000000000e+02,5.000000000000000711e+01,-2.550744440934405333e+00,5.325837625384212259e+01,-7.076318129077111552e-01,0.000000000000000000e+00,5.485000000000000142e+01,5.570300000000000296e+01,5.000000000000000000e+01,1.000000000000000000e+00
6.100000000000000000e+02,5.000000000000000000e+01,-2.455054145377652652e+00,5.304027873512969649e+01,-5.852245897520433893e-01,0.000000000000000000e+00,5.485000000000000142e+01,5.567099999999999937e+01,5.000000000000000000e+01,1.000000000000000000e+00
6.110000000000000000e+02,5.000000000000000711e+01,-2.550744440934405333e+00,5.320193107088545759e+01,-6.511866299510452594e-01,0.000000000000000000e+00,5.485000000000000142e+01,5.570300000000000296e+01,5.000000000000000000e+01,1.000000000000000000e+00
6.120000000000000000e+02,5.000000000000000711e+01,-2.550744440934405333e+00,5.317350072982754483e+01,-6.227562888931337248e-01,0.000000000000000000e+00,5.485000000000000142e+01,5.570300000000000296e+01,5.000000000000000000e+01,1.000000000000000000e+00
6.130000000000000000e+02,5.000000000000000000e+01,-2.646434736491136253e+00,5.333351445852655814e+01,-6.870797220354188939e-01,0.000000000000000000e+00,5.485000000000000142e+01,5.573499999999999943e+01,5.000000000000000000e+01,1.000000000000000000e+00
6.140000000000000000e+02,5.000000000000000000e+01,-2.646434736491136253e+00,5.330351705082039615e+01,-6.570823143292586765e-01,0.000000000000000000e+00,5.485000000000000142e+01,5.573499999999999943e+01,5.000000000000000000e+01,1.000000000000000000e+00
6.150000000000000000e+02,5.000000000000000000e+01,-2.550744440934405333e+00,5.308762648694829522e+01,-5.368820460138846729e-01,0.000000000000000000e+00,5.485000000000000142e+01,5.570300000000000296e+01,5.000000000000000000e+01,1.000000000000000000e+00
6.160000000000000000e+02,5.000000000000000711e+01,-2.550744440934405333e+00,5.306418660201516246e+01,-5.134421610807563541e-01,0.000000000000000000e+00,5.485000000000000142e+01,5.570300000000000296e+01,5.000000000000000000e+01,1.000000000000000000e+00
6.170000000000000000e+02,5.000000000000000000e+01,-2.840805649340761629e+00,5.360922863820424311e+01,-7.684229888634857009e-01,0.000000000000000000e+00,5.485000000000000142e+01,5.579999999999999716e+01,5.000000000000000000e+01,1.000000000000000000e+00
6.180000000000000000e+02,5.000000000000000000e+01,-2.745115353784030265e+00,5.338847702036537868e+01,-6.433616665813496338e-01,0.000000000000000000e+00,5.485000000000000142e+01,5.576800000000000068e+01,5.000000000000000000e+01,1.000000000000000000e+00
6.190000000000000000e+02,5.000000000000000000e+01,-2.936495944897514310e+00,5.373479395452248752e+01,-7.982980096249686630e-01,0.000000000000000000e+00,5.485000000000000142e+01,5.583200000000000074e+01,5.000000000000000000e+01,1.000000000000000000e+00
6.200000000000000000e+02,5.000000000000000000e+01,-3.032186240454245674e+00,5.388714365763996028e+01,-8.549574171857182714e-01,0.000000000000000000e+00,5.485000000000000142e+01,5.586399999999999721e+01,5.000000000000000000e+01,1.000000000000000000e+00
6.210000000000000000e+02,5.000000000000000000e+01,-3.226557153303891923e+00,5.423007256130970433e+01,-1.003515408005812404e+00,0.000000000000000000e+00,5.485000000000000142e+01,5.592900000000000205e+01,5.000000000000000000e+01,1.000000000000000000e+00
6.220000000000000000e+02,5.000000000000000711e+01,-3.127876536010997910e+00,5.399320688895165432e+01,-8.653303529406533023e-01,0.000000000000000000e+00,5.485000000000000142e+01,5.589600000000000080e+01,5.000000000000000000e+01,1.000000000000000000e+00
6.230000000000000000e+02,5.000000000000000000e+01,-3.127876536010997910e+00,5.395542718658934689e+01,-8.275506505783439826e-01,0.000000000000000000e+00,5.485000000000000142e+01,5.589600000000000080e+01,5.000000000000000000e+01,1.000000000000000000e+00
6.240000000000000000e+02,5.000000000000000000e+01,-3.226557153303891923e+00,5.411234982856142750e+01,-8.857926752575338014e-01,0.000000000000000000e+00,5.485000000000000142e+01,5.592900000000000205e+01,5.000000000000000000e+01,1.000000000000000000e+00
6.250000000000000000e+02,5.000000000000000000e+01,-2.840805649340761629e+00,5.331901538186012601e+01,-4.782097325193687687e-01,0.000000000000000000e+00,5.485000000000000142e+01,5.579999999999999716e+01,5.000000000000000000e+01,1.000000000000000000e+00
6.260000000000000000e+02,5.000000000000000000e+01,-2.840805649340761629e+00,5.329813708803864358e+01,-4.573314386978872270e-01,0.000000000000000000e+00,5.485000000000000142e+01,5.579999999999999716e+01,5.000000000000000000e+01,1.000000000000000000e+00
6.270000000000000000e+02,5.000000000000000000e+01,-2.840805649340761629e+00,5.327817032554589360e+01,-4.373646762051380255e-01,0.000000000000000000e+00,5.485000000000000142e+01,5.579999999999999716e+01,5.000000000000000000e+01,1.000000000000000000e+00
6.280000000000000000e+02,5.000000000000000000e+01,-2.646434736491136253e+00,5.287881956647886739e+01,-2.323848299877285528e-01,0.000000000000000000e+00,5.485000000000000142e+01,5.573499999999999943e+01,5.000000000000000000e+01,1.000000000000000000e+00
6.290000000000000000e+02,5.000000000000000000e+01,-2.745115353784030265e+00,5.306172672116533562e+01,-3.166113673813072960e-01,0.000000000000000000e+00,5.485000000000000142e+01,5.576800000000000068e+01,5.000000000000000000e+01,1.000000000000000000e+00
6.300000000000000000e+02,5.000000000000000711e+01,-2.550744440934405333e+00,5.266764796492488898e+01,-1.169035239904775147e-01,0.000000000000000000e+00,5.485000000000000142e+01,5.570300000000000296e+01,5.000000000000000000e+01,1.000000000000000000e+00
6.310000000000000000e+02,5.000000000000000711e+01,-2.550744440934405333e+00,5.266254404094203068e+01,-1.117996000076235119e-01,0.000000000000000000e+00,5.485000000000000142e+01,5.570300000000000296e+01,5.000000000000000000e+01,1.000000000000000000e+00
6.320000000000000000e+02,5.000000000000000711e+01,-2.550744440934405333e+00,5.265766295061836644e+01,-1.069185096839573579e-01,0.000000000000000000e+00,5.485000000000000142e+01,5.570300000000000296e+01,5.000000000000000000e+01,1.000000000000000000e+00
6.330000000000000000e+02,5.000000000000000711e+01,-2.550744440934405333e+00,5.265299496519620703e+01,-1.022505242617949839e-01,0.000000000000000000e+00,5.485000000000000142e+01,5.570300000000000296e+01,5.000000000000000000e+01,1.000000000000000000e+00
6.340000000000000000e+02,5.000000000000000000e+01,-2.646434736491136253e+00,5.283573360213264891e+01,-1.892988656415089399e-01,0.000000000000000000e+00,5.485000000000000142e+01,5.573499999999999943e+01,5.000000000000000000e+01,1.000000000000000000e+00
6.350000000000000000e+02,5.000000000000000000e+01,-2.646434736491136253e+00,5.282746894947467098e+01,-1.810342129835321168e-01,0.000000000000000000e+00,5.485000000000000142e+01,5.573499999999999943e+01,5.000000000000000000e+01,1.000000000000000000e+00
6.360000000000000000e+02,5.000000000000000000e+01,-2.646434736491136253e+00,5.281956512562211259e+01,-1.731303891309764476e-01,0.000000000000000000e+00,5.485000000000000142e+01,5.573499999999999943e+01,5.000000000000000000e+01,1.000000000000000000e+00
6.370000000000000000e+02,5.000000000000000000e+01,-2.936495944897514310e+00,5.337946492961166456e+01,-4.429689847141519143e-01,0.000000000000000000e+00,5.485000000000000142e+01,5.583200000000000074e+01,5.000000000000000000e+01,1.000000000000000000e+00
6.380000000000000000e+02,5.000000000000000000e+01,-3.127876536010997910e+00,5.373453086448370186e+01,-6.066543284727000662e-01,0.000000000000000000e+00,5.485000000000000142e+01,5.589600000000000080e+01,5.000000000000000000e+01,1.000000000000000000e+00
6.390000000000000000e+02,5.000000000000000711e+01,-3.127876536010997910e+00,5.370804477175781955e+01,-5.801682357468194162e-01,0.000000000000000000e+00,5.485000000000000142e+01,5.589600000000000080e+01,5.000000000000000000e+01,1.000000000000000000e+00
6.400000000000000000e+02,5.000000000000000711e+01,-3.127876536010997910e+00,5.368271504283742246e+01,-5.548385068264193309e-01,0.000000000000000000e+00,5.485000000000000142e+01,5.589600000000000080e+01,5.000000000000000000e+01,1.000000000000000000e+00
6.410000000000000000e+02,5.000000000000000000e+01,-3.513628039974107331e+00,5.441315256573606263e+01,-8.995245257619544077e-01,0.000000000000000000e+00,5.485000000000000142e+01,5.602499999999999858e+01,5.000000000000000000e+01,1.000000000000000000e+00
6.420000000000000000e+02,5.000000000000000000e+01,-3.322247448860623287e+00,5.399947432739315190e+01,-6.772268785325288309e-01,0.000000000000000000e+00,5.485000000000000142e+01,5.596099999999999852e+01,5.000000000000000000e+01,1.000000000000000000e+00
6.430000000000000000e+02,5.000000000000000711e+01,-3.127876536010997910e+00,5.358965135666603175e+01,-4.617748206550271739e-01,0.000000000000000000e+00,5.485000000000000142e+01,5.589600000000000080e+01,5.000000000000000000e+01,1.000000000000000000e+00
6.440000000000000000e+02,5.000000000000000000e+01,-3.322247448860623287e+00,5.394974633040420997e+01,-6.274988815435897926e-01,0.000000000000000000e+00,5.485000000000000142e+01,5.596099999999999852e+01,5.000000000000000000e+01,1.000000000000000000e+00
6.450000000000000000e+02,5.000000000000000000e+01,-3.513628039974107331e+00,5.429675582237501885e+01,-7.831277824009122979e-01,0.000000000000000000e+00,5.485000000000000142e+01,5.602499999999999858e+01,5.000000000000000000e+01,1.000000000000000000e+00
6.460000000000000000e+02,4.999999999999999289e+01,-3.417937744417375967e+00,5.407536220380053038e+01,-6.574244593831550798e-01,0.000000000000000000e+00,5.485000000000000142e+01,5.599300000000000210e+01,5.000000000000000000e+01,1.000000000000000000e+00
6.470000000000000000e+02,5.000000000000000000e+01,-3.127876536010997910e+00,5.347920097102161208e+01,-3.513244350106108915e-01,0.000000000000000000e+00,5.485000000000000142e+01,5.589600000000000080e+01,5.000000000000000000e+01,1.000000000000000000e+00
6.480000000000000000e+02,5.000000000000000000e+01,-3.127876536010997910e+00,5.346386239825318398e+01,-3.359858622421856289e-01,0.000000000000000000e+00,5.485000000000000142e+01,5.589600000000000080e+01,5.000000000000000000e+01,1.000000000000000000e+00
6.490000000000000000e+02,5.000000000000000000e+01,-3.513628039974107331e+00,5.420385487059454732e+01,-6.902268306204379922e-01,0.000000000000000000e+00,5.485000000000000142e+01,5.602499999999999858e+01,5.000000000000000000e+01,1.000000000000000000e+00
6.500000000000000000e+02,5.000000000000000000e+01,-3.322247448860623287e+00,5.379931441945705473e+01,-4.770669705964337703e-01,0.000000000000000000e+00,5.485000000000000142e+01,5.596099999999999852e+01,5.000000000000000000e+01,1.000000000000000000e+00
6.510000000000000000e+02,5.000000000000000000e+01,-3.513628039974107331e+00,5.415289166072969351e+01,-6.392636207555848493e-01,0.000000000000000000e+00,5.485000000000000142e+01,5.602499999999999858e+01,5.000000000000000000e+01,1.000000000000000000e+00
6.520000000000000000e+02,5.000000000000000000e+01,-3.513628039974107331e+00,5.412498186969887115e+01,-6.113538297247662623e-01,0.000000000000000000e+00,5.485000000000000142e+01,5.602499999999999858e+01,5.000000000000000000e+01,1.000000000000000000e+00
6.530000000000000000e+02,5.000000000000000000e+01,-3.513628039974107331e+00,5.409829060012007318e+01,-5.846625601459634058e-01,0.000000000000000000e+00,5.485000000000000142e+01,5.602499999999999858e+01,5.000000000000000000e+01,1.000000000000000000e+00
6.540000000000000000e+02,5.000000000000000000e+01,-3.417937744417375967e+00,5.388556183075672834e+01,-4.676240863393557046e-01,0.000000000000000000e+00,5.485000000000000142e+01,5.599300000000000210e+01,5.000000000000000000e+01,1.000000000000000000e+00
6.550000000000000000e+02,5.000000000000000000e+01,-3.513628039974107331e+00,5.405234852011681568e+01,-5.387204801427043499e-01,0.000000000000000000e+00,5.485000000000000142e+01,5.602499999999999858e+01,5.000000000000000000e+01,1.000000000000000000e+00
6.560000000000000000e+02,5.000000000000000000e+01,-3.513628039974107331e+00,5.402882837046863784e+01,-5.152003304945299567e-01,0.000000000000000000e+00,5.485000000000000142e+01,5.602499999999999858e+01,5.000000000000000000e+01,1.000000000000000000e+00
6.570000000000000000e+02,5.000000000000000000e+01,-3.513628039974107331e+00,5.400633509367914087e+01,-4.927070537050335930e-01,0.000000000000000000e+00,5.485000000000000142e+01,5.602499999999999858e+01,5.000000000000000000e+01,1.000000000000000000e+00
6.580000000000000000e+02,5.000000000000000000e+01,-3.322247448860623287e+00,5.361041821428760557e+01,-2.881707654269813901e-01,0.000000000000000000e+00,5.485000000000000142e+01,5.596099999999999852e+01,5.000000000000000000e+01,1.000000000000000000e+00
6.590000000000000000e+02,5.000000000000000000e+01,-3.513628039974107331e+00,5.397224252835090397e+01,-4.586144883767954150e-01,0.000000000000000000e+00,5.485000000000000142e+01,5.602499999999999858e+01,5.000000000000000000e+01,1.000000000000000000e+00
6.600000000000000000e+02,5.000000000000000000e+01,-3.417937744417375967e+00,5.376501692736550808e+01,-3.470791829481363888e-01,0.000000000000000000e+00,5.485000000000000142e+01,5.599300000000000210e+01,5.000000000000000000e+01,1.000000000000000000e+00
6.610000000000000000e+02,5.000000000000000000e+01,-3.417937744417375967e+00,5.374986369925629504e+01,-3.319259548389250636e-01,0.000000000000000000e+00,5.485000000000000142e+01,5.599300000000000210e+01,5.000000000000000000e+01,1.000000000000000000e+00
6.620000000000000000e+02,4.999999999999999289e+01,-3.417937744417375967e+00,5.373537205021437302e+01,-3.174343057970013815e-01,0.000000000000000000e+00,5.485000000000000142e+01,5.599300000000000210e+01,5.000000000000000000e+01,1.000000000000000000e+00
6.630000000000000000e+02,5.000000000000000000e+01,-3.513628039974107331e+00,5.390871591763653470e+01,-3.950878776624257571e-01,0.000000000000000000e+00,5.485000000000000142e+01,5.602499999999999858e+01,5.000000000000000000e+01,1.000000000000000000e+00
6.640000000000000000e+02,5.000000000000000000e+01,-3.513628039974107331e+00,5.389146666436081290e+01,-3.778386243867041250e-01,0.000000000000000000e+00,5.485000000000000142e+01,5.602499999999999858e+01,5.000000000000000000e+01,1.000000000000000000e+00
6.650000000000000000e+02,5.000000000000000000e+01,-3.513628039974107331e+00,5.387497050110731323e+01,-3.613424611332084480e-01,0.000000000000000000e+00,5.485000000000000142e+01,5.602499999999999858e+01,5.000000000000000000e+01,1.000000000000000000e+00
6.660000000000000000e+02,5.000000000000000000e+01,-3.513628039974107331e+00,5.385919454850599664e+01,-3.455665085318865293e-01,0.000000000000000000e+00,5.485000000000000142e+01,5.602499999999999858e+01,5.000000000000000000e+01,1.000000000000000000e+00
6.670000000000000000e+02,4.999999999999999289e+01,-3.417937744417375967e+00,5.365690454121229180e+01,-2.389667967949165583e-01,0.000000000000000000e+00,5.485000000000000142e+01,5.599300000000000210e+01,5.000000000000000000e+01,1.000000000000000000e+00
6.680000000000000000e+02,5.000000000000000000e+01,-3.513628039974107331e+00,5.383367424377953370e+01,-3.200462038054232572e-01,0.000000000000000000e+00,5.485000000000000142e+01,5.602499999999999858e+01,5.000000000000000000e+01,1.000000000000000000e+00
6.690000000000000000e+02,5.000000000000000000e+01,-3.513628039974107331e+00,5.381970125614438416e+01,-3.060732161702777177e-01,0.000000000000000000e+00,5.485000000000000142e+01,5.602499999999999858e+01,5.000000000000000000e+01,1.000000000000000000e+00
6.700000000000000000e+02,4.999999999999999289e+01,-3.417937744417375967e+00,5.361913549766000386e+01,-2.011977532426310611e-01,0.000000000000000000e+00,5.485000000000000142e+01,5.599300000000000210e+01,5.000000000000000000e+01,1.000000000000000000e+00
6.710000000000000000e+02,5.000000000000000000e+01,-3.417937744417375967e+00,5.361035134810643399e+01,-1.924136036890636836e-01,0.000000000000000000e+00,5.485000000000000142e+01,5.599300000000000210e+01,5.000000000000000000e+01,1.000000000000000000e+00
6.720000000000000000e+02,5.000000000000000000e+01,-3.417937744417375967e+00,5.360195070822003061e+01,-1.840129638026563874e-01,0.000000000000000000e+00,5.485000000000000142e+01,5.599300000000000210e+01,5.000000000000000000e+01,1.000000000000000000e+00
6.730000000000000000e+02,5.000000000000000000e+01,-2.936495944897514310e+00,5.265205263875196806e+01,2.844433061455471368e-01,0.000000000000000000e+00,5.485000000000000142e+01,5.583200000000000074e+01,5.000000000000000000e+01,1.000000000000000000e+00
6.740000000000000000e+02,5.000000000000000711e+01,-3.127876536010997910e+00,5.303887687234769288e+01,8.899966366330938627e-02,0.000000000000000000e+00,5.485000000000000142e+01,5.589600000000000080e+01,5.000000000000000000e+01,1.000000000000000000e+00
6.750000000000000000e+02,5.000000000000000000e+01,-3.322247448860623287e+00,5.342301826490799499e+01,-1.007708160473700792e-01,0.000000000000000000e+00,5.485000000000000142e+01,5.596099999999999852e+01,5.000000000000000000e+01,1.000000000000000000e+00
6.760000000000000000e+02,5.000000000000000000e+01,-3.322247448860623287e+00,5.341861868337922914e+01,-9.637123451860593604e-02,0.000000000000000000e+00,5.485000000000000142e+01,5.596099999999999852e+01,5.000000000000000000e+01,1.000000000000000000e+00
6.770000000000000000e+02,5.000000000000000000e+01,-3.417937744417375967e+00,5.360161400588769709e+01,-1.836762614703239260e-01,0.000000000000000000e+00,5.485000000000000142e+01,5.599300000000000210e+01,5.000000000000000000e+01,1.000000000000000000e+00
6.780000000000000000e+02,4.999999999999999289e+01,-3.417937744417375967e+00,5.359359483209379249e+01,-1.756570876764209088e-01,0.000000000000000000e+00,5.485000000000000142e+01,5.599300000000000210e+01,5.000000000000000000e+01,1.000000000000000000e+00
6.790000000000000000e+02,5.000000000000000000e+01,-3.322247448860623287e+00,5.339872294820998633e+01,-7.647549934936039018e-02,0.000000000000000000e+00,5.485000000000000142e+01,5.596099999999999852e+01,5.000000000000000000e+01,1.000000000000000000e+00
6.800000000000000000e+02,5.000000000000000000e+01,-3.417937744417375967e+00,5.358258690424138138e+01,-1.646491598240087673e-01,0.000000000000000000e+00,5.485000000000000142e+01,5.599300000000000210e+01,5.000000000000000000e+01,1.000000000000000000e+00
6.810000000000000000e+02,5.000000000000000000e+01,-3.513628039974107331e+00,5.376260126151822760e+01,-2.489732215441181618e-01,0.000000000000000000e+00,5.485000000000000142e+01,5.602499999999999858e+01,5.000000000000000000e+01,1.000000000000000000e+00
6.820000000000000000e+02,5.000000000000000000e+01,-3.513628039974107331e+00,5.375173126929600187e+01,-2.381032293218909024e-01,0.000000000000000000e+00,5.485000000000000142e+01,5.602499999999999858e+01,5.000000000000000000e+01,1.000000000000000000e+00
6.830000000000000000e+02,5.000000000000000000e+01,-3.612308657267000900e+00,5.393438876277031113e+01,-3.220801055033102323e-01,0.000000000000000000e+00,5.485000000000000142e+01,5.605799999999999983e+01,5.000000000000000000e+01,1.000000000000000000e+00
6.840000000000000000e+02,5.000000000000000000e+01,-3.513628039974107331e+00,5.372727406681130446e+01,-2.136460268371961346e-01,0.000000000000000000e+00,5.485000000000000142e+01,5.602499999999999858e+01,5.000000000000000000e+01,1.000000000000000000e+00
6.850000000000000000e+02,5.000000000000000000e+01,-3.612308657267000900e+00,5.391099934419882800e+01,-2.986906869318302626e-01,0.000000000000000000e+00,5.485000000000000142e+01,5.605799999999999983e+01,5.000000000000000000e+01,1.000000000000000000e+00
6.860000000000000000e+02,5.000000000000000000e+01,-3.612308657267000900e+00,5.389795872310848068e+01,-2.856500658414798388e-01,0.000000000000000000e+00,5.485000000000000142e+01,5.605799999999999983e+01,5.000000000000000000e+01,1.000000000000000000e+00
6.870000000000000000e+02,5.000000000000000000e+01,-3.707998952823753580e+00,5.407269026764294750e+01,-3.646913148191986420e-01,0.000000000000000000e+00,5.485000000000000142e+01,5.609000000000000341e+01,5.000000000000000000e+01,1.000000000000000000e+00
6.880000000000000000e+02,5.000000000000000000e+01,-3.612308657267000900e+00,5.386956528502814479e+01,-2.572566277611462171e-01,0.000000000000000000e+00,5.485000000000000142e+01,5.605799999999999983e+01,5.000000000000000000e+01,1.000000000000000000e+00
6.890000000000000000e+02,5.000000000000000000e+01,-3.899379543937237624e+00,5.441994210962626966e+01,-5.205625656890339181e-01,0.000000000000000000e+00,5.485000000000000142e+01,5.615400000000000347e+01,5.000000000000000000e+01,1.000000000000000000e+00
6.900000000000000000e+02,5.000000000000000000e+01,-3.803689248380484944e+00,5.421001190003116932e+01,-4.063226516506826536e-01,0.000000000000000000e+00,5.485000000000000142e+01,5.612199999999999989e+01,5.000000000000000000e+01,1.000000000000000000e+00
6.910000000000000000e+02,5.000000000000000000e+01,-3.998060161230109877e+00,5.457252787568290842e+01,-5.744677144528026469e-01,0.000000000000000000e+00,5.485000000000000142e+01,5.618699999999999761e+01,5.000000000000000000e+01,1.000000000000000000e+00
6.920000000000000000e+02,5.000000000000000000e+01,-4.093750456786862557e+00,5.473464984889651674e+01,-6.408993921096525215e-01,0.000000000000000000e+00,5.485000000000000142e+01,5.621900000000000119e+01,5.000000000000000000e+01,1.000000000000000000e+00
6.930000000000000000e+02,5.000000000000000000e+01,-4.285131047900346601e+00,5.508107428419044993e+01,-7.959432362901019964e-01,0.000000000000000000e+00,5.485000000000000142e+01,5.628300000000000125e+01,5.000000000000000000e+01,1.000000000000000000e+00
6.940000000000000000e+02,5.000000000000000000e+01,-4.189440752343593921e+00,5.485912115209379891e+01,-6.696803997502041028e-01,0.000000000000000000e+00,5.485000000000000142e+01,5.625099999999999767e+01,5.000000000000000000e+01,1.000000000000000000e+00
6.950000000000000000e+02,5.000000000000000000e+01,-3.899379543937237624e+00,5.426242483375173720e+01,-3.630452898145034024e-01,0.000000000000000000e+00,5.485000000000000142e+01,5.615400000000000347e+01,5.000000000000000000e+01,1.000000000000000000e+00
6.960000000000000000e+02,5.000000000000000000e+01,-3.899379543937237624e+00,5.424657453687191833e+01,-3.471949929346817010e-01,0.000000000000000000e+00,5.485000000000000142e+01,5.615400000000000347e+01,5.000000000000000000e+01,1.000000000000000000e+00
6.970000000000000000e+02,5.000000000000000000e+01,-3.899379543937237624e+00,5.423141625258178067e+01,-3.320367086445477622e-01,0.000000000000000000e+00,5.485000000000000142e+01,5.615400000000000347e+01,5.000000000000000000e+01,1.000000000000000000e+00
6.980000000000000000e+02,5.000000000000000000e+01,-3.707998952823753580e+00,5.384251412517971147e+01,-1.345151723559602497e-01,0.000000000000000000e+00,5.485000000000000142e+01,5.609000000000000341e+01,5.000000000000000000e+01,1.000000000000000000e+00
6.990000000000000000e+02,5.000000000000000000e+01,-3.612308657267000900e+00,5.364943846780077052e+01,-3.712981053377183149e-02,0.000000000000000000e+00,5.485000000000000142e+01,5.605799999999999983e+01,5.000000000000000000e+01,1.000000000000000000e+00
7.000000000000000000e+02,5.000000000000000000e+01,-3.612308657267000900e+00,5.364781740691233125e+01,-3.550874964532864386e-02,0.000000000000000000e+00,5.485000000000000142e+01,5.605799999999999983e+01,5.000000000000000000e+01,1.000000000000000000e+00
7.010000000000000000e+02,5.000000000000000000e+01,-3.513628039974107331e+00,5.345321421074422119e+01,6.041382922988366294e-02,0.000000000000000000e+00,5.485000000000000142e+01,5.602499999999999858e+01,5.000000000000000000e+01,1.000000000000000000e+00
7.020000000000000000e+02,5.000000000000000000e+01,-3.513628039974107331e+00,5.345585183518339534e+01,5.777620479071306908e-02,0.000000000000000000e+00,5.485000000000000142e+01,5.602499999999999858e+01,5.000000000000000000e+01,1.000000000000000000e+00
7.030000000000000000e+02,5.000000000000000000e+01,-3.707998952823753580e+00,5.383863003393120295e+01,-1.306310811074504752e-01,0.000000000000000000e+00,5.485000000000000142e+01,5.609000000000000341e+01,5.000000000000000000e+01,1.000000000000000000e+00
7.040000000000000000e+02,5.000000000000000000e+01,-3.707998952823753580e+00,5.383292677465370701e+01,-1.249278218299562232e-01,0.000000000000000000e+00,5.485000000000000142e+01,5.609000000000000341e+01,5.000000000000000000e+01,1.000000000000000000e+00
7.050000000000000000e+02,5.000000000000000000e+01,-3.513628039974107331e+00,5.344721678448512137e+01,6.641125548898552111e-02,0.000000000000000000e+00,5.485000000000000142e+01,5.602499999999999858e+01,5.000000000000000000e+01,1.000000000000000000e+00
7.060000000000000000e+02,5.000000000000000000e+01,-3.513628039974107331e+00,5.345011625225180296e+01,6.351178772230563208e-02,0.000000000000000000e+00,5.485000000000000142e+01,5.602499999999999858e+01,5.000000000000000000e+01,1.000000000000000000e+00
7.070000000000000000e+02,5.000000000000000000e+01,-3.612308657267000900e+00,5.364594204097105745e+01,-3.363338370405593442e-02,0.000000000000000000e+00,5.485000000000000142e+01,5.605799999999999983e+01,5.000000000000000000e+01,1.000000000000000000e+00
7.080000000000000000e+02,5.000000000000000000e+01,-3.513628039974107331e+00,5.345142072193443283e+01,6.220731803967598228e-02,0.000000000000000000e+00,5.485000000000000142e+01,5.602499999999999858e+01,5.000000000000000000e+01,1.000000000000000000e+00
7.090000000000000000e+02,5.000000000000000000e+01,-3.513628039974107331e+00,5.345413664880826587e+01,5.949139116584118564e-02,0.000000000000000000e+00,5.485000000000000142e+01,5.602499999999999858e+01,5.000000000000000000e+01,1.000000000000000000e+00
7.100000000000000000e+02,5.000000000000000000e+01,-3.513628039974107331e+00,5.345673400026338129e+01,5.689403971072663074e-02,0.000000000000000000e+00,5.485000000000000142e+01,5.602499999999999858e+01,5.000000000000000000e+01,1.000000000000000000e+00
7.110000000000000000e+02,5.000000000000000000e+01,-3.612308657267000900e+00,5.365227086285247537e+01,-3.996220558547367713e-02,0.000000000000000000e+00,5.485000000000000142e+01,5.605799999999999983e+01,5.000000000000000000e+01,1.000000000000000000e+00
7.120000000000000000e+02,5.000000000000000000e+01,-3.612308657267000900e+00,5.365052614162822664e+01,-3.821748436122678755e-02,0.000000000000000000e+00,5.485000000000000142e+01,5.605799999999999983e+01,5.000000000000000000e+01,1.000000000000000000e+00
7.130000000000000000e+02,5.000000000000000000e+01,-3.417937744417375967e+00,5.326860186258164731e+01,1.493358818357265749e-01,0.000000000000000000e+00,5.485000000000000142e+01,5.599300000000000210e+01,5.000000000000000000e+01,1.000000000000000000e+00
7.140000000000000000e+02,5.000000000000000000e+01,-3.513628039974107331e+00,5.346232458150304723e+01,5.130345847106081159e-02,0.000000000000000000e+00,5.485000000000000142e+01,5.602499999999999858e+01,5.000000000000000000e+01,1.000000000000000000e+00
7.150000000000000000e+02,5.000000000000000000e+01,-3.513628039974107331e+00,5.346456445369128829e+01,4.906358628281838608e-02,0.000000000000000000e+00,5.485000000000000142e+01,5.602499999999999858e+01,5.000000000000000000e+01,1.000000000000000000e+00
7.160000000000000000e+02,5.000000000000000000e+01,-3.513628039974107331e+00,5.346670653466683376e+01,4.692150530727737939e-02,0.000000000000000000e+00,5.485000000000000142e+01,5.602499999999999858e+01,5.000000000000000000e+01,1.000000000000000000e+00
7.170000000000000000e+02,5.000000000000000000e+01,-3.612308657267000900e+00,5.366180800355884628e+01,-4.949934629184543633e-02,0.000000000000000000e+00,5.485000000000000142e+01,5.605799999999999983e+01,5.000000000000000000e+01,1.000000000000000000e+00
7.180000000000000000e+02,5.000000000000000000e+01,-3.612308657267000900e+00,5.365964689761395334e+01,-4.733824034695429533e-02,0.000000000000000000e+00,5.485000000000000142e+01,5.605799999999999983e+01,5.000000000000000000e+01,1.000000000000000000e+00
7.190000000000000000e+02,5.000000000000000000e+01,-3.803689248380484944e+00,5.403198578693255172e+01,-2.282965385520648038e-01,0.000000000000000000e+00,5.485000000000000142e+01,5.612199999999999989e+01,5.000000000000000000e+01,1.000000000000000000e+00
7.200000000000000000e+02,5.000000000000000000e+01,-3.513628039974107331e+00,5.345455997129144521e+01,5.906806868266503696e-02,0.000000000000000000e+00,5.485000000000000142e+01,5.602499999999999858e+01,5.000000000000000000e+01,1.000000000000000000e+00
7.210000000000000000e+02,5.000000000000000000e+01,-3.513628039974107331e+00,5.345713884079066247e+01,5.648919918344549873e-02,0.000000000000000000e+00,5.485000000000000142e+01,5.602499999999999858e+01,5.000000000000000000e+01,1.000000000000000000e+00
7.220000000000000000e+02,5.000000000000000000e+01,-3.513628039974107331e+00,5.345960511869780163e+01,5.402292127630482776e-02,0.000000000000000000e+00,5.485000000000000142e+01,5.602499999999999858e+01,5.000000000000000000e+01,1.000000000000000000e+00
7.230000000000000000e+02,5.000000000000000000e+01,-3.322247448860623287e+00,5.308755807775253288e+01,2.346893711080864087e-01,0.000000000000000000e+00,5.485000000000000142e+01,5.596099999999999852e+01,5.000000000000000000e+01,1.000000000000000000e+00
7.240000000000000000e+02,4.999999999999999289e+01,-3.417937744417375967e+00,5.328500726877718563e+01,1.329304756401902265e-01,0.000000000000000000e+00,5.485000000000000142e+01,5.599300000000000210e+01,5.000000000000000000e+01,1.000000000000000000e+00
7.250000000000000000e+02,5.000000000000000000e+01,-3.417937744417375967e+00,5.329081091797023362e+01,1.271268264471391851e-01,0.000000000000000000e+00,5.485000000000000142e+01,5.599300000000000210e+01,5.000000000000000000e+01,1.000000000000000000e+00
7.260000000000000000e+02,5.000000000000000000e+01,-3.513628039974107331e+00,5.348356400546766309e+01,3.006403450644637432e-02,0.000000000000000000e+00,5.485000000000000142e+01,5.602499999999999858e+01,5.000000000000000000e+01,1.000000000000000000e+00
7.270000000000000000e+02,5.000000000000000000e+01,-3.513628039974107331e+00,5.348487657964422226e+01,2.875146032988604161e-02,0.000000000000000000e+00,5.485000000000000142e+01,5.602499999999999858e+01,5.000000000000000000e+01,1.000000000000000000e+00
7.280000000000000000e+02,5.000000000000000000e+01,-3.513628039974107331e+00,5.348613184777396157e+01,2.749619220014399776e-02,0.000000000000000000e+00,5.485000000000000142e+01,5.602499999999999858e+01,5.000000000000000000e+01,1.000000000000000000e+00
7.290000000000000000e+02,5.000000000000000000e+01,-3.513628039974107331e+00,5.348733231179777903e+01,2.629572817633142601e-02,0.000000000000000000e+00,5.485000000000000142e+01,5.602499999999999858e+01,5.000000000000000000e+01,1.000000000000000000e+00
7.300000000000000000e+02,5.000000000000000000e+01,-3.513628039974107331e+00,5.348848036442360154e+01,2.514767555050365089e-02,0.000000000000000000e+00,5.485000000000000142e+01,5.602499999999999858e+01,5.000000000000000000e+01,1.000000000000000000e+00
7.310000000000000000e+02,5.000000000000000000e+01,-3.513628039974107331e+00,5.348957829389547669e+01,2.404974607862817720e-02,0.000000000000000000e+00,5.485000000000000142e+01,5.602499999999999858e+01,5.000000000000000000e+01,1.000000000000000000e+00
7.320000000000000000e+02,5.000000000000000000e+01,-3.513628039974107331e+00,5.349062828855434049e+01,2.299975141976521448e-02,0.000000000000000000e+00,5.485000000000000142e+01,5.602499999999999858e+01,5.000000000000000000e+01,1.000000000000000000e+00
7.330000000000000000e+02,5.000000000000000000e+01,-3.513628039974107331e+00,5.349163244119974081e+01,2.199559877437034724e-02,0.000000000000000000e+00,5.485000000000000142e+01,5.602499999999999858e+01,5.000000000000000000e+01,1.000000000000000000e+00
7.340000000000000000e+02,5.000000000000000000e+01,-3.513628039974107331e+00,5.349259275326108565e+01,2.103528671302574982e-02,0.000000000000000000e+00,5.485000000000000142e+01,5.602499999999999858e+01,5.000000000000000000e+01,1.000000000000000000e+00
7.350000000000000000e+02,5.000000000000000000e+01,-3.513628039974107331e+00,5.349351113878682185e+01,2.011690118728601609e-02,0.000000000000000000e+00,5.485000000000000142e+01,5.602499999999999858e+01,5.000000000000000000e+01,1.000000000000000000e+00
7.360000000000000000e+02,5.000000000000000000e+01,-3.513628039974107331e+00,5.349438942825941723e+01,1.923861171468759651e-02,0.000000000000000000e+00,5.485000000000000142e+01,5.602499999999999858e+01,5.000000000000000000e+01,1.000000000000000000e+00
7.370000000000000000e+02,5.000000000000000000e+01,-3.612308657267000900e+00,5.368828228187878437e+01,-7.597362461178078230e-02,0.000000000000000000e+00,5.485000000000000142e+01,5.605799999999999983e+01,5.000000000000000000e+01,1.000000000000000000e+00
7.380000000000000000e+02,5.000000000000000000e+01,-3.513628039974107331e+00,5.349191241830190791e+01,2.171562167220258965e-02,0.000000000000000000e+00,5.485000000000000142e+01,5.602499999999999858e+01,5.000000000000000000e+01,1.000000000000000000e+00
7.390000000000000000e+02,5.000000000000000000e+01,-3.612308657267000900e+00,5.368591341639883296e+01,-7.360475913183482655e-02,0.000000000000000000e+00,5.485000000000000142e+01,5.605799999999999983e+01,5.000000000000000000e+01,1.000000000000000000e+00
7.400000000000000000e+02,5.000000000000000000e+01,-3.513628039974107331e+00,5.348964697578922767e+01,2.398106418487995495e-02,0.000000000000000000e+00,5.485000000000000142e+01,5.602499999999999858e+01,5.000000000000000000e+01,1.000000000000000000e+00
7.410000000000000000e+02,5.000000000000000000e+01,-3.417937744417375967e+00,5.330349115038167440e+01,1.144465940356971384e-01,0.000000000000000000e+00,5.485000000000000142e+01,5.599300000000000210e+01,5.000000000000000000e+01,1.000000000000000000e+00
7.420000000000000000e+02,4.999999999999999289e+01,-3.417937744417375967e+00,5.330848780656547348e+01,1.094499378518995342e-01,0.000000000000000000e+00,5.485000000000000142e+01,5.599300000000000210e+01,5.000000000000000000e+01,1.000000000000000000e+00
7.430000000000000000e+02,5.000000000000000000e+01,-3.513628039974107331e+00,5.350046913378943714e+01,1.315890618466804274e-02,0.000000000000000000e+00,5.485000000000000142e+01,5.602499999999999858e+01,5.000000000000000000e+01,1.000000000000000000e+00
7.440000000000000000e+02,4.999999999999999289e+01,-3.417937744417375967e+00,5.331384082072815289e+01,1.040969236892193978e-01,0.000000000000000000e+00,5.485000000000000142e+01,5.599300000000000210e+01,5.000000000000000000e+01,1.000000000000000000e+00
7.450000000000000000e+02,5.000000000000000000e+01,-3.513628039974107331e+00,5.350558843919439767e+01,8.039600779712663403e-03,0.000000000000000000e+00,5.485000000000000142e+01,5.602499999999999858e+01,5.000000000000000000e+01,1.000000000000000000e+00
7.460000000000000000e+02,5.000000000000000000e+01,-3.513628039974107331e+00,5.350593944239627575e+01,7.688597577828948891e-03,0.000000000000000000e+00,5.485000000000000142e+01,5.602499999999999858e+01,5.000000000000000000e+01,1.000000000000000000e+00
7.470000000000000000e+02,5.000000000000000000e+01,-3.513628039974107331e+00,5.350627512105020145e+01,7.352918923905813788e-03,0.000000000000000000e+00,5.485000000000000142e+01,5.602499999999999858e+01,5.000000000000000000e+01,1.000000000000000000e+00
7.480000000000000000e+02,5.000000000000000000e+01,-3.513628039974107331e+00,5.350659614421493160e+01,7.031895759174176461e-03,0.000000000000000000e+00,5.485000000000000142e+01,5.602499999999999858e+01,5.000000000000000000e+01,1.000000000000000000e+00
7.490000000000000000e+02,5.000000000000000000e+01,-3.707998952823753580e+00,5.388715888283785205e+01,-1.791599300141044904e-01,0.000000000000000000e+00,5.485000000000000142e+01,5.609000000000000341e+01,5.000000000000000000e+01,1.000000000000000000e+00
7.500000000000000000e+02,5.000000000000000000e+01,-3.513628039974107331e+00,5.349908115773576611e+01,1.454688223833980332e-02,0.000000000000000000e+00,5.485000000000000142e+01,5.602499999999999858e+01,5.000000000000000000e+01,1.000000000000000000e+00
7.510000000000000000e+02,5.000000000000000000e+01,-3.998060161230109877e+00,5.444743054784001401e+01,-4.493703866099059141e-01,0.000000000000000000e+00,5.485000000000000142e+01,5.618699999999999761e+01,5.000000000000000000e+01,1.000000000000000000e+00
7.520000000000000000e+02,5.000000000000000000e+01,-3.803689248380484944e+00,5.404755562807042679e+01,-2.438663796899406544e-01,0.000000000000000000e+00,5.485000000000000142e+01,5.612199999999999989e+01,5.000000000000000000e+01,1.000000000000000000e+00
7.530000000000000000e+02,5.000000000000000000e+01,-3.707998952823753580e+00,5.384970577543534631e+01,-1.417068226115935636e-01,0.000000000000000000e+00,5.485000000000000142e+01,5.609000000000000341e+01,5.000000000000000000e+01,1.000000000000000000e+00
7.540000000000000000e+02,5.000000000000000000e+01,-3.707998952823753580e+00,5.384351895723027326e+01,-1.355200044065216214e-01,0.000000000000000000e+00,5.485000000000000142e+01,5.609000000000000341e+01,5.000000000000000000e+01,1.000000000000000000e+00
7.550000000000000000e+02,5.000000000000000000e+01,-3.612308657267000900e+00,5.365039942960493846e+01,-3.809077233794082307e-02,0.000000000000000000e+00,5.485000000000000142e+01,5.605799999999999983e+01,5.000000000000000000e+01,1.000000000000000000e+00
7.560000000000000000e+02,5.000000000000000000e+01,-3.513628039974107331e+00,5.345568350417859449e+01,5.794453579551155087e-02,0.000000000000000000e+00,5.485000000000000142e+01,5.602499999999999858e+01,5.000000000000000000e+01,1.000000000000000000e+00
7.570000000000000000e+02,5.000000000000000000e+01,-3.612308657267000900e+00,5.365126623067305189e+01,-3.895757340605284641e-02,0.000000000000000000e+00,5.485000000000000142e+01,5.605799999999999983e+01,5.000000000000000000e+01,1.000000000000000000e+00
7.580000000000000000e+02,5.000000000000000000e+01,-3.707998952823753580e+00,5.383676819243321177e+01,-1.287692396094642366e-01,0.000000000000000000e+00,5.485000000000000142e+01,5.609000000000000341e+01,5.000000000000000000e+01,1.000000000000000000e+00
7.590000000000000000e+02,5.000000000000000000e+01,-3.803689248380484944e+00,5.401834904128391912e+01,-2.146597929034360086e-01,0.000000000000000000e+00,5.485000000000000142e+01,5.612199999999999989e+01,5.000000000000000000e+01,1.000000000000000000e+00
7.600000000000000000e+02,5.000000000000000000e+01,-3.612308657267000900e+00,5.363457150580889277e+01,-2.226284854189164442e-02,0.000000000000000000e+00,5.485000000000000142e+01,5.605799999999999983e+01,5.000000000000000000e+01,1.000000000000000000e+00
7.610000000000000000e+02,5.000000000000000000e+01,-3.513628039974107331e+00,5.344054661617944646e+01,7.308142379465848437e-02,0.000000000000000000e+00,5.485000000000000142e+01,5.602499999999999858e+01,5.000000000000000000e+01,1.000000000000000000e+00
7.620000000000000000e+02,5.000000000000000000e+01,-3.803689248380484944e+00,5.401119585127216993e+01,-2.075066028916843774e-01,0.000000000000000000e+00,5.485000000000000142e+01,5.612199999999999989e+01,5.000000000000000000e+01,1.000000000000000000e+00
7.630000000000000000e+02,5.000000000000000000e+01,-3.612308657267000900e+00,5.362773061894086624e+01,-1.542196167386616912e-02,0.000000000000000000e+00,5.485000000000000142e+01,5.605799999999999983e+01,5.000000000000000000e+01,1.000000000000000000e+00
7.640000000000000000e+02,5.000000000000000000e+01,-3.612308657267000900e+00,5.362705730715895669e+01,-1.474864989195348239e-02,0.000000000000000000e+00,5.485000000000000142e+01,5.605799999999999983e+01,5.000000000000000000e+01,1.000000000000000000e+00
7.650000000000000000e+02,5.000000000000000000e+01,-3.707998952823753580e+00,5.381361621315060972e+01,-1.056172603268557553e-01,0.000000000000000000e+00,5.485000000000000142e+01,5.609000000000000341e+01,5.000000000000000000e+01,1.000000000000000000e+00
7.660000000000000000e+02,5.000000000000000000e+01,-3.707998952823753580e+00,5.380900503934176982e+01,-1.010060865180193029e-01,0.000000000000000000e+00,5.485000000000000142e+01,5.609000000000000341e+01,5.000000000000000000e+01,1.000000000000000000e+00
7.670000000000000000e+02,5.000000000000000000e+01,-3.513628039974107331e+00,5.342433945497381842e+01,8.928858500028956369e-02,0.000000000000000000e+00,5.485000000000000142e+01,5.602499999999999858e+01,5.000000000000000000e+01,1.000000000000000000e+00
7.680000000000000000e+02,5.000000000000000000e+01,-3.707998952823753580e+00,5.380849346163244462e+01,-1.004945088086908744e-01,0.000000000000000000e+00,5.485000000000000142e+01,5.609000000000000341e+01,5.000000000000000000e+01,1.000000000000000000e+00
7.690000000000000000e+02,5.000000000000000000e+01,-3.803689248380484944e+00,5.399130876494368891e+01,-1.876195165632019712e-01,0.000000000000000000e+00,5.485000000000000142e+01,5.612199999999999989e+01,5.000000000000000000e+01,1.000000000000000000e+00
7.700000000000000000e+02,5.000000000000000000e+01,-3.707998952823753580e+00,5.379591460999738217e+01,-8.791565717362816168e-02,0.000000000000000000e+00,5.485000000000000142e+01,5.609000000000000341e+01,5.000000000000000000e+01,1.000000000000000000e+00
7.710000000000000000e+02,5.000000000000000000e+01,-3.513628039974107331e+00,5.341182054438263549e+01,1.018074955914724106e-01,0.000000000000000000e+00,5.485000000000000142e+01,5.602499999999999858e+01,5.000000000000000000e+01,1.000000000000000000e+00
7.720000000000000000e+02,5.000000000000000000e+01,-3.513628039974107331e+00,5.341626538659651402e+01,9.736265337759744676e-02,0.000000000000000000e+00,5.485000000000000142e+01,5.602499999999999858e+01,5.000000000000000000e+01,1.000000000000000000e+00
7.730000000000000000e+02,5.000000000000000000e+01,-3.513628039974107331e+00,5.342051617018836396e+01,9.311186978574696738e-02,0.000000000000000000e+00,5.485000000000000142e+01,5.602499999999999858e+01,5.000000000000000000e+01,1.000000000000000000e+00
7.740000000000000000e+02,5.000000000000000000e+01,-3.513628039974107331e+00,5.342458136761839427e+01,8.904667235571428474e-02,0.000000000000000000e+00,5.485000000000000142e+01,5.602499999999999858e+01,5.000000000000000000e+01,1.000000000000000000e+00
7.750000000000000000e+02,5.000000000000000000e+01,-3.513628039974107331e+00,5.342846908144527873e+01,8.515895852882662820e-02,0.000000000000000000e+00,5.485000000000000142e+01,5.602499999999999858e+01,5.000000000000000000e+01,1.000000000000000000e+00
7.760000000000000000e+02,5.000000000000000000e+01,-3.322247448860623287e+00,5.305778141754733923e+01,2.644660313132821683e-01,0.000000000000000000e+00,5.485000000000000142e+01,5.596099999999999852e+01,5.000000000000000000e+01,1.000000000000000000e+00
7.770000000000000000e+02,5.000000000000000000e+01,-3.513628039974107331e+00,5.344373345765694694e+01,6.989458231716008663e-02,0.000000000000000000e+00,5.485000000000000142e+01,5.602499999999999858e+01,5.000000000000000000e+01,1.000000000000000000e+00
7.780000000000000000e+02,5.000000000000000000e+01,-3.513628039974107331e+00,5.344678500497376916e+01,6.684303500033861312e-02,0.000000000000000000e+00,5.485000000000000142e+01,5.602499999999999858e+01,5.000000000000000000e+01,1.000000000000000000e+00
7.790000000000000000e+02,5.000000000000000000e+01,-3.513628039974107331e+00,5.344970332392412615e+01,6.392471604998115065e-02,0.000000000000000000e+00,5.485000000000000142e+01,5.602499999999999858e+01,5.000000000000000000e+01,1.000000000000000000e+00
7.800000000000000000e+02,5.000000000000000000e+01,-3.513628039974107331e+00,5.345249423116291609e+01,6.113380881119502563e-02,0.000000000000000000e+00,5.485000000000000142e+01,5.602499999999999858e+01,5.000000000000000000e+01,1.000000000000000000e+00
7.810000000000000000e+02,5.000000000000000000e+01,-3.513628039974107331e+00,5.345516328939404360e+01,5.846475058006688624e-02,0.000000000000000000e+00,5.485000000000000142e+01,5.602499999999999858e+01,5.000000000000000000e+01,1.000000000000000000e+00
7.820000000000000000e+02,5.000000000000000000e+01,-3.513628039974107331e+00,5.345771581845776410e+01,5.591222151634518689e-02,0.000000000000000000e+00,5.485000000000000142e+01,5.602499999999999858e+01,5.000000000000000000e+01,1.000000000000000000e+00
7.830000000000000000e+02,5.000000000000000000e+01,-3.513628039974107331e+00,5.346015690593392122e+01,5.347113404018694061e-02,0.000000000000000000e+00,5.485000000000000142e+01,5.602499999999999858e+01,5.000000000000000000e+01,1.000000000000000000e+00
7.840000000000000000e+02,5.000000000000000000e+01,-3.513628039974107331e+00,5.346249141728227272e+01,5.113662269183492926e-02,0.000000000000000000e+00,5.485000000000000142e+01,5.602499999999999858e+01,5.000000000000000000e+01,1.000000000000000000e+00
7.850000000000000000e+02,5.000000000000000000e+01,-3.707998952823753580e+00,5.384497973663933124e+01,-1.369807838155811530e-01,0.000000000000000000e+00,5.485000000000000142e+01,5.609000000000000341e+01,5.000000000000000000e+01,1.000000000000000000e+00
7.860000000000000000e+02,5.000000000000000000e+01,-3.707998952823753580e+00,5.383899925389731322e+01,-1.310003010735601991e-01,0.000000000000000000e+00,5.485000000000000142e+01,5.609000000000000341e+01,5.000000000000000000e+01,1.000000000000000000e+00
7.870000000000000000e+02,5.000000000000000000e+01,-3.803689248380484944e+00,5.402048269620521381e+01,-2.167934478247253716e-01,0.000000000000000000e+00,5.485000000000000142e+01,5.612199999999999989e+01,5.000000000000000000e+01,1.000000000000000000e+00
7.880000000000000000e+02,5.000000000000000000e+01,-3.899379543937237624e+00,5.419822047127985343e+01,-2.988409273426164137e-01,0.000000000000000000e+00,5.485000000000000142e+01,5.615400000000000347e+01,5.000000000000000000e+01,1.000000000000000000e+00
7.890000000000000000e+02,5.000000000000000000e+01,-3.707998952823753580e+00,5.381076764787250255e+01,-1.027686950487511630e-01,0.000000000000000000e+00,5.485000000000000142e+01,5.609000000000000341e+01,5.000000000000000000e+01,1.000000000000000000e+00
7.900000000000000000e+02,5.000000000000000000e+01,-3.899379543937237624e+00,5.418068648330841341e+01,-2.813069393711741806e-01,0.000000000000000000e+00,5.485000000000000142e+01,5.615400000000000347e+01,5.000000000000000000e+01,1.000000000000000000e+00
7.910000000000000000e+02,5.000000000000000000e+01,-3.998060161230109877e+00,5.436145773379922019e+01,-3.633975725691129810e-01,0.000000000000000000e+00,5.485000000000000142e+01,5.618699999999999761e+01,5.000000000000000000e+01,1.000000000000000000e+00
7.920000000000000000e+02,5.000000000000000000e+01,-4.093750456786862557e+00,5.453279487797134095e+01,-4.390444211844731770e-01,0.000000000000000000e+00,5.485000000000000142e+01,5.621900000000000119e+01,5.000000000000000000e+01,1.000000000000000000e+00
7.930000000000000000e+02,5.000000000000000000e+01,-4.189440752343593921e+00,5.470082933500707156e+01,-5.113885826634808618e-01,0.000000000000000000e+00,5.485000000000000142e+01,5.625099999999999767e+01,5.000000000000000000e+01,1.000000000000000000e+00
7.940000000000000000e+02,5.000000000000000000e+01,-4.189440752343593921e+00,5.467850247639307071e+01,-4.890617240494798956e-01,0.000000000000000000e+00,5.485000000000000142e+01,5.625099999999999767e+01,5.000000000000000000e+01,1.000000000000000000e+00
7.950000000000000000e+02,5.000000000000000000e+01,-4.189440752343593921e+00,5.465715039240734541e+01,-4.677096400637533735e-01,0.000000000000000000e+00,5.485000000000000142e+01,5.625099999999999767e+01,5.000000000000000000e+01,1.000000000000000000e+00
7.960000000000000000e+02,5.000000000000000000e+01,-4.380821343457077965e+00,5.501113616801745110e+01,-6.303148245603733546e-01,0.000000000000000000e+00,5.485000000000000142e+01,5.631499999999999773e+01,5.000000000000000000e+01,1.000000000000000000e+00
7.970000000000000000e+02,5.000000000000000000e+01,-4.479501960749971978e+00,5.517666998464302708e+01,-6.971680238930589857e-01,0.000000000000000000e+00,5.485000000000000142e+01,5.634799999999999898e+01,5.000000000000000000e+01,1.000000000000000000e+00
7.980000000000000000e+02,5.000000000000000000e+01,-4.479501960749971978e+00,5.514623212891579840e+01,-6.667301681658307499e-01,0.000000000000000000e+00,5.485000000000000142e+01,5.634799999999999898e+01,5.000000000000000000e+01,1.000000000000000000e+00
7.990000000000000000e+02,5.000000000000000000e+01,-4.479501960749971978e+00,5.511712316813142820e+01,-6.376212073814573333e-01,0.000000000000000000e+00,5.485000000000000142e+01,5.634799999999999898e+01,5.000000000000000000e+01,1.000000000000000000e+00
8.000000000000000000e+02,5.000000000000000000e+01,-4.479501960749971978e+00,5.508928508369014310e+01,-6.097831229401736719e-01,0.000000000000000000e+00,5.485000000000000142e+01,5.634799999999999898e+01,5.000000000000000000e+01,1.000000000000000000e+00
8.010000000000000000e+02,5.000000000000000000e+01,-4.766572847420207815e+00,5.562427085443533059e+01,-8.576980070151229985e-01,0.000000000000000000e+00,5.485000000000000142e+01,5.644400000000000261e+01,5.000000000000000000e+01,1.000000000000000000e+00
8.020000000000000000e+02,5.000000000000000000e+01,-5.056634055826564556e+00,5.615428292738356930e+01,-1.097648871557007411e+00,0.000000000000000000e+00,5.485000000000000142e+01,5.654099999999999682e+01,5.000000000000000000e+01,1.000000000000000000e+00
8.030000000000000000e+02,5.000000000000000000e+01,-4.865253464713080511e+00,5.573195472225118152e+01,-8.667012575381033423e-01,0.000000000000000000e+00,5.485000000000000142e+01,5.647699999999999676e+01,5.000000000000000000e+01,1.000000000000000000e+00
8.040000000000000000e+02,5.000000000000000000e+01,-5.056634055826564556e+00,5.606852081010618605e+01,-1.011886754279622602e+00,0.000000000000000000e+00,5.485000000000000142e+01,5.654099999999999682e+01,5.000000000000000000e+01,1.000000000000000000e+00
8.050000000000000000e+02,5.000000000000000000e+01,-4.865253464713080511e+00,5.564993691748252758e+01,-7.846834527694503958e-01,0.000000000000000000e+00,5.485000000000000142e+01,5.647699999999999676e+01,5.000000000000000000e+01,1.000000000000000000e+00
8.060000000000000000e+02,5.000000000000000000e+01,-4.766572847420207815e+00,5.542262529128515069e+01,-6.560524438649446566e-01,0.000000000000000000e+00,5.485000000000000142e+01,5.644400000000000261e+01,5.000000000000000000e+01,1.000000000000000000e+00
8.070000000000000000e+02,5.000000000000000000e+01,-4.960943760269833192e+00,5.577423824338202962e+01,-8.132944831121943219e-01,0.000000000000000000e+00,5.485000000000000142e+01,5.650900000000000034e+01,5.000000000000000000e+01,1.000000000000000000e+00
8.080000000000000000e+02,5.000000000000000000e+01,-5.056634055826564556e+00,5.592593321122654970e+01,-8.692991553999857013e-01,0.000000000000000000e+00,5.485000000000000142e+01,5.654099999999999682e+01,5.000000000000000000e+01,1.000000000000000000e+00
8.090000000000000000e+02,5.000000000000000000e+01,-5.056634055826564556e+00,5.588798023379635538e+01,-8.313461779697918219e-01,0.000000000000000000e+00,5.485000000000000142e+01,5.654099999999999682e+01,5.000000000000000000e+01,1.000000000000000000e+00
8.100000000000000000e+02,5.000000000000000000e+01,-5.056634055826564556e+00,5.585168425613071008e+01,-7.950502003041428623e-01,0.000000000000000000e+00,5.485000000000000142e+01,5.654099999999999682e+01,5.000000000000000000e+01,1.000000000000000000e+00
8.110000000000000000e+02,5.000000000000000000e+01,-5.346695264232942613e+00,5.638443148737217570e+01,-1.037736223139234859e+00,0.000000000000000000e+00,5.485000000000000142e+01,5.663799999999999812e+01,5.000000000000000000e+01,1.000000000000000000e+00
8.120000000000000000e+02,5.000000000000000000e+01,-4.960943760269833192e+00,5.558446329438508826e+01,-6.235195341152510728e-01,0.000000000000000000e+00,5.485000000000000142e+01,5.650900000000000034e+01,5.000000000000000000e+01,1.000000000000000000e+00
8.130000000000000000e+02,5.000000000000000000e+01,-5.248014646940048600e+00,5.611884934327376584e+01,-8.708346963337154634e-01,0.000000000000000000e+00,5.485000000000000142e+01,5.660499999999999687e+01,5.000000000000000000e+01,1.000000000000000000e+00
8.140000000000000000e+02,5.000000000000000000e+01,-5.152324351383317236e+00,5.589362650376389752e+01,-7.413021523805807256e-01,0.000000000000000000e+00,5.485000000000000142e+01,5.657300000000000040e+01,5.000000000000000000e+01,1.000000000000000000e+00
8.150000000000000000e+02,5.000000000000000000e+01,-5.248014646940048600e+00,5.604846460511595296e+01,-8.004499581759006999e-01,0.000000000000000000e+00,5.485000000000000142e+01,5.660499999999999687e+01,5.000000000000000000e+01,1.000000000000000000e+00
8.160000000000000000e+02,5.000000000000000000e+01,-5.248014646940048600e+00,5.601351753423944757e+01,-7.655028872993953071e-01,0.000000000000000000e+00,5.485000000000000142e+01,5.660499999999999687e+01,5.000000000000000000e+01,1.000000000000000000e+00
8.170000000000000000e+02,5.000000000000000000e+01,-5.152324351383317236e+00,5.579289340593977897e+01,-6.405690545564671767e-01,0.000000000000000000e+00,5.485000000000000142e+01,5.657300000000000040e+01,5.000000000000000000e+01,1.000000000000000000e+00
8.180000000000000000e+02,5.000000000000000000e+01,-5.152324351383317236e+00,5.576492662060582006e+01,-6.126022692225093769e-01,0.000000000000000000e+00,5.485000000000000142e+01,5.657300000000000040e+01,5.000000000000000000e+01,1.000000000000000000e+00
8.190000000000000000e+02,4.999999999999999289e+01,-5.152324351383317236e+00,5.573818084505426640e+01,-5.858564936709508286e-01,0.000000000000000000e+00,5.485000000000000142e+01,5.657300000000000040e+01,5.000000000000000000e+01,1.000000000000000000e+00
8.200000000000000000e+02,5.000000000000000000e+01,-5.248014646940048600e+00,5.589980559233825375e+01,-6.517909453982039247e-01,0.000000000000000000e+00,5.485000000000000142e+01,5.660499999999999687e+01,5.000000000000000000e+01,1.000000000000000000e+00
8.210000000000000000e+02,5.000000000000000000e+01,-5.152324351383317236e+00,5.568414604583728078e+01,-5.318216944539704283e-01,0.000000000000000000e+00,5.485000000000000142e+01,5.657300000000000040e+01,5.000000000000000000e+01,1.000000000000000000e+00
8.220000000000000000e+02,5.000000000000000000e+01,-5.152324351383317236e+00,5.566092709222262158e+01,-5.086027408393062332e-01,0.000000000000000000e+00,5.485000000000000142e+01,5.657300000000000040e+01,5.000000000000000000e+01,1.000000000000000000e+00
8.230000000000000000e+02,5.000000000000000000e+01,-5.152324351383317236e+00,5.563872186146390675e+01,-4.863975100805956187e-01,0.000000000000000000e+00,5.485000000000000142e+01,5.657300000000000040e+01,5.000000000000000000e+01,1.000000000000000000e+00
8.240000000000000000e+02,5.000000000000000000e+01,-4.766572847420207815e+00,5.486282472112092279e+01,-9.625187370071397464e-02,0.000000000000000000e+00,5.485000000000000142e+01,5.644400000000000261e+01,5.000000000000000000e+01,1.000000000000000000e+00
8.250000000000000000e+02,5.000000000000000000e+01,-4.960943760269833192e+00,5.523887816447201971e+01,-2.779344042021819616e-01,0.000000000000000000e+00,5.485000000000000142e+01,5.650900000000000034e+01,5.000000000000000000e+01,1.000000000000000000e+00
8.260000000000000000e+02,5.000000000000000000e+01,-5.346695264232942613e+00,5.598140512182132511e+01,-6.347098575883811655e-01,0.000000000000000000e+00,5.485000000000000142e+01,5.663799999999999812e+01,5.000000000000000000e+01,1.000000000000000000e+00
8.270000000000000000e+02,4.999999999999999289e+01,-5.152324351383317236e+00,5.557343841372399851e+01,-4.211140623406871564e-01,0.000000000000000000e+00,5.485000000000000142e+01,5.657300000000000040e+01,5.000000000000000000e+01,1.000000000000000000e+00
8.280000000000000000e+02,5.000000000000000000e+01,-4.865253464713080511e+00,5.499344441150548590e+01,-1.281909467924054469e-01,0.000000000000000000e+00,5.485000000000000142e+01,5.647699999999999676e+01,5.000000000000000000e+01,1.000000000000000000e+00
8.290000000000000000e+02,5.000000000000000000e+01,-4.960943760269833192e+00,5.517505050820572166e+01,-2.141067479358835790e-01,0.000000000000000000e+00,5.485000000000000142e+01,5.650900000000000034e+01,5.000000000000000000e+01,1.000000000000000000e+00
8.300000000000000000e+02,5.000000000000000000e+01,-5.056634055826564556e+00,5.535290558266984107e+01,-2.962715268432791760e-01,0.000000000000000000e+00,5.485000000000000142e+01,5.654099999999999682e+01,5.000000000000000000e+01,1.000000000000000000e+00
8.310000000000000000e+02,5.000000000000000000e+01,-4.766572847420207815e+00,5.477251202780988137e+01,-5.939180389673115457e-03,0.000000000000000000e+00,5.485000000000000142e+01,5.644400000000000261e+01,5.000000000000000000e+01,1.000000000000000000e+00
8.320000000000000000e+02,5.000000000000000000e+01,-4.960943760269833192e+00,5.515250845855444339e+01,-1.915646982846084811e-01,0.000000000000000000e+00,5.485000000000000142e+01,5.650900000000000034e+01,5.000000000000000000e+01,1.000000000000000000e+00
8.330000000000000000e+02,5.000000000000000000e+01,-4.960943760269833192e+00,5.514414488126892877e+01,-1.832011209990969947e-01,0.000000000000000000e+00,5.485000000000000142e+01,5.650900000000000034e+01,5.000000000000000000e+01,1.000000000000000000e+00
8.340000000000000000e+02,5.000000000000000000e+01,-5.152324351383317236e+00,5.551055209469555507e+01,-3.582277433122421639e-01,0.000000000000000000e+00,5.485000000000000142e+01,5.657300000000000040e+01,5.000000000000000000e+01,1.000000000000000000e+00
8.350000000000000000e+02,5.000000000000000000e+01,-5.056634055826564556e+00,5.530770930697534027e+01,-2.510752511487759353e-01,0.000000000000000000e+00,5.485000000000000142e+01,5.654099999999999682e+01,5.000000000000000000e+01,1.000000000000000000e+00
8.360000000000000000e+02,5.000000000000000000e+01,-5.056634055826564556e+00,5.529674754164871331e+01,-2.401134858221488921e-01,0.000000000000000000e+00,5.485000000000000142e+01,5.654099999999999682e+01,5.000000000000000000e+01,1.000000000000000000e+00
8.370000000000000000e+02,5.000000000000000000e+01,-4.865253464713080511e+00,5.491185871620307068e+01,-4.660525148999078437e-02,0.000000000000000000e+00,5.485000000000000142e+01,5.647699999999999676e+01,5.000000000000000000e+01,1.000000000000000000e+00
8.380000000000000000e+02,5.000000000000000000e+01,-5.248014646940048600e+00,5.565863525021772062e+01,-4.106206032776727466e-01,0.000000000000000000e+00,5.485000000000000142e+01,5.660499999999999687e+01,5.000000000000000000e+01,1.000000000000000000e+00
8.390000000000000000e+02,5.000000000000000000e+01,-5.056634055826564556e+00,5.526630220635741608e+01,-2.096681505308547189e-01,0.000000000000000000e+00,5.485000000000000142e+01,5.654099999999999682e+01,5.000000000000000000e+01,1.000000000000000000e+00
8.400000000000000000e+02,5.000000000000000000e+01,-5.346695264232942613e+00,5.582460679789893732e+01,-4.779115336659963131e-01,0.000000000000000000e+00,5.485000000000000142e+01,5.663799999999999812e+01,5.000000000000000000e+01,1.000000000000000000e+00
8.410000000000000000e+02,5.000000000000000000e+01,-5.346695264232942613e+00,5.580374152322544745e+01,-4.570462589925047836e-01,0.000000000000000000e+00,5.485000000000000142e+01,5.663799999999999812e+01,5.000000000000000000e+01,1.000000000000000000e+00
8.420000000000000000e+02,5.000000000000000000e+01,-5.346695264232942613e+00,5.578378721147402786e+01,-4.370919472410851880e-01,0.000000000000000000e+00,5.485000000000000142e+01,5.663799999999999812e+01,5.000000000000000000e+01,1.000000000000000000e+00
8.430000000000000000e+02,5.000000000000000000e+01,-5.346695264232942613e+00,5.576470409065709077e+01,-4.180088264241468288e-01,0.000000000000000000e+00,5.485000000000000142e+01,5.663799999999999812e+01,5.000000000000000000e+01,1.000000000000000000e+00
8.440000000000000000e+02,5.000000000000000000e+01,-5.248014646940048600e+00,5.555340121556849198e+01,-3.053865686284433778e-01,0.000000000000000000e+00,5.485000000000000142e+01,5.660499999999999687e+01,5.000000000000000000e+01,1.000000000000000000e+00
8.450000000000000000e+02,5.000000000000000000e+01,-5.346695264232942613e+00,5.573312116672234140e+01,-3.864259024894003414e-01,0.000000000000000000e+00,5.485000000000000142e+01,5.663799999999999812e+01,5.000000000000000000e+01,1.000000000000000000e+00
8.460000000000000000e+02,5.000000000000000000e+01,-5.442385559789695293e+00,5.590345291053223775e+01,-4.610673507425370743e-01,0.000000000000000000e+00,5.485000000000000142e+01,5.667000000000000171e+01,5.000000000000000000e+01,1.000000000000000000e+00
8.470000000000000000e+02,5.000000000000000711e+01,-5.442385559789695293e+00,5.588332304080001478e+01,-4.409374810103168230e-01,0.000000000000000000e+00,5.485000000000000142e+01,5.667000000000000171e+01,5.000000000000000000e+01,1.000000000000000000e+00
8.480000000000000000e+02,5.000000000000000000e+01,-5.442385559789695293e+00,5.586407202673775885e+01,-4.216864669480623329e-01,0.000000000000000000e+00,5.485000000000000142e+01,5.667000000000000171e+01,5.000000000000000000e+01,1.000000000000000000e+00
8.490000000000000000e+02,5.000000000000000000e+01,-5.538075855346425769e+00,5.603286431960167846e+01,-4.947884642552500822e-01,0.000000000000000000e+00,5.485000000000000142e+01,5.670199999999999818e+01,5.000000000000000000e+01,1.000000000000000000e+00
8.500000000000000000e+02,5.000000000000000000e+01,-5.346695264232942613e+00,5.563685656731886553e+01,-2.901613030859214737e-01,0.000000000000000000e+00,5.485000000000000142e+01,5.663799999999999812e+01,5.000000000000000000e+01,1.000000000000000000e+00
8.510000000000000000e+02,5.000000000000000711e+01,-5.442385559789695293e+00,5.581139115447191301e+01,-3.690055946822175525e-01,0.000000000000000000e+00,5.485000000000000142e+01,5.667000000000000171e+01,5.000000000000000000e+01,1.000000000000000000e+00
8.520000000000000000e+02,5.000000000000000711e+01,-5.442385559789695293e+00,5.579528063495789780e+01,-3.528950751682011222e-01,0.000000000000000000e+00,5.485000000000000142e+01,5.667000000000000171e+01,5.000000000000000000e+01,1.000000000000000000e+00
8.530000000000000000e+02,5.000000000000000000e+01,-5.346695264232942613e+00,5.559267066770282639e+01,-2.459754034698834468e-01,0.000000000000000000e+00,5.485000000000000142e+01,5.663799999999999812e+01,5.000000000000000000e+01,1.000000000000000000e+00
8.540000000000000000e+02,5.000000000000000000e+01,-5.248014646940048600e+00,5.538887864843189135e+01,-1.408640014918391414e-01,0.000000000000000000e+00,5.485000000000000142e+01,5.660499999999999687e+01,5.000000000000000000e+01,1.000000000000000000e+00
8.550000000000000000e+02,5.000000000000000000e+01,-5.538075855346425769e+00,5.595018717975565892e+01,-4.121113244092297068e-01,0.000000000000000000e+00,5.485000000000000142e+01,5.670199999999999818e+01,5.000000000000000000e+01,1.000000000000000000e+00
8.560000000000000000e+02,5.000000000000000000e+01,-5.442385559789695293e+00,5.574499187354454932e+01,-3.026063137548495319e-01,0.000000000000000000e+00,5.485000000000000142e+01,5.667000000000000171e+01,5.000000000000000000e+01,1.000000000000000000e+00
8.570000000000000000e+02,5.000000000000000000e+01,-5.442385559789695293e+00,5.573178029899644059e+01,-2.893947392067441338e-01,0.000000000000000000e+00,5.485000000000000142e+01,5.667000000000000171e+01,5.000000000000000000e+01,1.000000000000000000e+00
8.580000000000000000e+02,5.000000000000000000e+01,-5.538075855346425769e+00,5.590634835377842649e+01,-3.682724984319994954e-01,0.000000000000000000e+00,5.485000000000000142e+01,5.670199999999999818e+01,5.000000000000000000e+01,1.000000000000000000e+00
8.590000000000000000e+02,5.000000000000000000e+01,-5.633766150903178449e+00,5.607747266218496662e+01,-4.437065112817907830e-01,0.000000000000000000e+00,5.485000000000000142e+01,5.673400000000000176e+01,5.000000000000000000e+01,1.000000000000000000e+00
8.600000000000000000e+02,5.000000000000000000e+01,-5.633766150903178449e+00,5.605810075424775363e+01,-4.243346033445751231e-01,0.000000000000000000e+00,5.485000000000000142e+01,5.673400000000000176e+01,5.000000000000000000e+01,1.000000000000000000e+00
8.610000000000000000e+02,5.000000000000000000e+01,-5.633766150903178449e+00,5.603957460991234996e+01,-4.058084590091688426e-01,0.000000000000000000e+00,5.485000000000000142e+01,5.673400000000000176e+01,5.000000000000000000e+01,1.000000000000000000e+00
8.620000000000000000e+02,5.000000000000000000e+01,-5.633766150903178449e+00,5.602185730374669959e+01,-3.880911528435254665e-01,0.000000000000000000e+00,5.485000000000000142e+01,5.673400000000000176e+01,5.000000000000000000e+01,1.000000000000000000e+00
8.630000000000000000e+02,5.000000000000000000e+01,-5.732446768196072462e+00,5.619796643209163989e+01,-4.655196638955677035e-01,0.000000000000000000e+00,5.485000000000000142e+01,5.676700000000000301e+01,5.000000000000000000e+01,1.000000000000000000e+00
8.640000000000000000e+02,5.000000000000000711e+01,-5.442385559789695293e+00,5.561018362499810763e+01,-1.677980652084081759e-01,0.000000000000000000e+00,5.485000000000000142e+01,5.667000000000000171e+01,5.000000000000000000e+01,1.000000000000000000e+00
8.650000000000000000e+02,5.000000000000000000e+01,-5.538075855346425769e+00,5.579006050332510114e+01,-2.519846479786744253e-01,0.000000000000000000e+00,5.485000000000000142e+01,5.670199999999999818e+01,5.000000000000000000e+01,1.000000000000000000e+00
8.660000000000000000e+02,5.000000000000000711e+01,-5.442385559789695293e+00,5.559185621292113666e+01,-1.494706531314412001e-01,0.000000000000000000e+00,5.485000000000000142e+01,5.667000000000000171e+01,5.000000000000000000e+01,1.000000000000000000e+00
8.670000000000000000e+02,5.000000000000000000e+01,-5.633766150903178449e+00,5.595973607437432662e+01,-3.259699234711475047e-01,0.000000000000000000e+00,5.485000000000000142e+01,5.673400000000000176e+01,5.000000000000000000e+01,1.000000000000000000e+00
8.680000000000000000e+02,5.000000000000000000e+01,-5.442385559789695293e+00,5.557109881846020016e+01,-1.287132586705047321e-01,0.000000000000000000e+00,5.485000000000000142e+01,5.667000000000000171e+01,5.000000000000000000e+01,1.000000000000000000e+00
8.690000000000000000e+02,5.000000000000000000e+01,-5.442385559789695293e+00,5.556547928993433061e+01,-1.230937301446307641e-01,0.000000000000000000e+00,5.485000000000000142e+01,5.667000000000000171e+01,5.000000000000000000e+01,1.000000000000000000e+00
8.700000000000000000e+02,5.000000000000000000e+01,-5.442385559789695293e+00,5.556010510599206498e+01,-1.177195462023629818e-01,0.000000000000000000e+00,5.485000000000000142e+01,5.667000000000000171e+01,5.000000000000000000e+01,1.000000000000000000e+00
8.710000000000000000e+02,5.000000000000000711e+01,-5.442385559789695293e+00,5.555496555506490353e+01,-1.125799952752081085e-01,0.000000000000000000e+00,5.485000000000000142e+01,5.667000000000000171e+01,5.000000000000000000e+01,1.000000000000000000e+00
8.720000000000000000e+02,5.000000000000000000e+01,-5.442385559789695293e+00,5.555005039324376526e+01,-1.076648334540680485e-01,0.000000000000000000e+00,5.485000000000000142e+01,5.667000000000000171e+01,5.000000000000000000e+01,1.000000000000000000e+00
8.730000000000000000e+02,5.000000000000000000e+01,-5.346695264232942613e+00,5.535814700239701125e+01,-1.145173816406978851e-02,0.000000000000000000e+00,5.485000000000000142e+01,5.663799999999999812e+01,5.000000000000000000e+01,1.000000000000000000e+00
8.740000000000000000e+02,5.000000000000000000e+01,-5.248014646940048600e+00,5.516459411809003655e+01,8.342052885001340068e-02,0.000000000000000000e+00,5.485000000000000142e+01,5.660499999999999687e+01,5.000000000000000000e+01,1.000000000000000000e+00
8.750000000000000000e+02,5.000000000000000000e+01,-5.248014646940048600e+00,5.516823619852804228e+01,7.977844841200514014e-02,0.000000000000000000e+00,5.485000000000000142e+01,5.660499999999999687e+01,5.000000000000000000e+01,1.000000000000000000e+00
8.760000000000000000e+02,5.000000000000000000e+01,-5.248014646940048600e+00,5.517171926834720352e+01,7.629537859284313273e-02,0.000000000000000000e+00,5.485000000000000142e+01,5.660499999999999687e+01,5.000000000000000000e+01,1.000000000000000000e+00
8.770000000000000000e+02,5.000000000000000000e+01,-5.056634055826564556e+00,5.480064462690859983e+01,2.559894289179662774e-01,0.000000000000000000e+00,5.485000000000000142e+01,5.654099999999999682e+01,5.000000000000000000e+01,1.000000000000000000e+00
8.780000000000000000e+02,5.000000000000000000e+01,-4.865253464713080511e+00,5.443741529878240470e+01,4.278381659306756957e-01,0.000000000000000000e+00,5.485000000000000142e+01,5.647699999999999676e+01,5.000000000000000000e+01,1.000000000000000000e+00
8.790000000000000000e+02,5.000000000000000000e+01,-4.865253464713080511e+00,5.445609440614662589e+01,4.091590585664552915e-01,0.000000000000000000e+00,5.485000000000000142e+01,5.647699999999999676e+01,5.000000000000000000e+01,1.000000000000000000e+00
8.800000000000000000e+02,5.000000000000000000e+01,-4.865253464713080511e+00,5.447395799708498743e+01,3.912954676280896993e-01,0.000000000000000000e+00,5.485000000000000142e+01,5.647699999999999676e+01,5.000000000000000000e+01,1.000000000000000000e+00
8.810000000000000000e+02,5.000000000000000000e+01,-4.960943760269833192e+00,5.467824449792379937e+01,2.826992623460368170e-01,0.000000000000000000e+00,5.485000000000000142e+01,5.650900000000000034e+01,5.000000000000000000e+01,1.000000000000000000e+00
8.820000000000000000e+02,5.000000000000000000e+01,-4.575192256306723770e+00,5.393592557086240902e+01,6.392666854443098678e-01,0.000000000000000000e+00,5.485000000000000142e+01,5.638000000000000256e+01,5.000000000000000000e+01,1.000000000000000000e+00
8.830000000000000000e+02,5.000000000000000000e+01,-4.766572847420207815e+00,5.433824113862380045e+01,4.283317087964076952e-01,0.000000000000000000e+00,5.485000000000000142e+01,5.644400000000000261e+01,5.000000000000000000e+01,1.000000000000000000e+00
8.840000000000000000e+02,5.000000000000000000e+01,-4.670882551863455134e+00,5.416973897225118861e+01,5.011435796122672981e-01,0.000000000000000000e+00,5.485000000000000142e+01,5.641199999999999903e+01,5.000000000000000000e+01,1.000000000000000000e+00
8.850000000000000000e+02,5.000000000000000000e+01,-4.766572847420207815e+00,5.437882136284668633e+01,3.877514845735211546e-01,0.000000000000000000e+00,5.485000000000000142e+01,5.644400000000000261e+01,5.000000000000000000e+01,1.000000000000000000e+00
8.860000000000000000e+02,5.000000000000000000e+01,-4.766572847420207815e+00,5.439575031446377551e+01,3.708225329564318051e-01,0.000000000000000000e+00,5.485000000000000142e+01,5.644400000000000261e+01,5.000000000000000000e+01,1.000000000000000000e+00
8.870000000000000000e+02,5.000000000000000000e+01,-4.960943760269833192e+00,5.479219589129844792e+01,1.687478689713838020e-01,0.000000000000000000e+00,5.485000000000000142e+01,5.650900000000000034e+01,5.000000000000000000e+01,1.000000000000000000e+00
8.880000000000000000e+02,5.000000000000000000e+01,-4.766572847420207815e+00,5.441930757108729466e+01,3.472652763329113768e-01,0.000000000000000000e+00,5.485000000000000142e+01,5.644400000000000261e+01,5.000000000000000000e+01,1.000000000000000000e+00
8.890000000000000000e+02,5.000000000000000000e+01,-4.960943760269833192e+00,5.481472465499937385e+01,1.462191052704619187e-01,0.000000000000000000e+00,5.485000000000000142e+01,5.650900000000000034e+01,5.000000000000000000e+01,1.000000000000000000e+00
8.900000000000000000e+02,5.000000000000000000e+01,-4.766572847420207815e+00,5.444085274512870853e+01,3.257201022914983923e-01,0.000000000000000000e+00,5.485000000000000142e+01,5.644400000000000261e+01,5.000000000000000000e+01,1.000000000000000000e+00
8.910000000000000000e+02,5.000000000000000000e+01,-4.865253464713080511e+00,5.464812636073586560e+01,2.171271039772145750e-01,0.000000000000000000e+00,5.485000000000000142e+01,5.647699999999999676e+01,5.000000000000000000e+01,1.000000000000000000e+00
8.920000000000000000e+02,5.000000000000000000e+01,-4.575192256306723770e+00,5.409014742175028800e+01,4.850448345564302710e-01,0.000000000000000000e+00,5.485000000000000142e+01,5.638000000000000256e+01,5.000000000000000000e+01,1.000000000000000000e+00
8.930000000000000000e+02,5.000000000000000000e+01,-4.865253464713080511e+00,5.467878268378615303e+01,1.864707809269283700e-01,0.000000000000000000e+00,5.485000000000000142e+01,5.647699999999999676e+01,5.000000000000000000e+01,1.000000000000000000e+00
8.940000000000000000e+02,5.000000000000000000e+01,-4.479501960749971978e+00,5.393226249026689345e+01,5.472394704830767509e-01,0.000000000000000000e+00,5.485000000000000142e+01,5.634799999999999898e+01,5.000000000000000000e+01,1.000000000000000000e+00
8.950000000000000000e+02,5.000000000000000000e+01,-4.670882551863455134e+00,5.433056021584967965e+01,3.403223360137743736e-01,0.000000000000000000e+00,5.485000000000000142e+01,5.641199999999999903e+01,5.000000000000000000e+01,1.000000000000000000e+00
8.960000000000000000e+02,5.000000000000000000e+01,-4.575192256306723770e+00,5.415821562340535422e+01,4.169766329013701034e-01,0.000000000000000000e+00,5.485000000000000142e+01,5.638000000000000256e+01,5.000000000000000000e+01,1.000000000000000000e+00
8.970000000000000000e+02,5.000000000000000000e+01,-4.766572847420207815e+00,5.455082616695877817e+01,2.157466804614310563e-01,0.000000000000000000e+00,5.485000000000000142e+01,5.644400000000000261e+01,5.000000000000000000e+01,1.000000000000000000e+00
8.980000000000000000e+02,5.000000000000000000e+01,-4.766572847420207815e+00,5.456024551223632102e+01,2.063273351838846581e-01,0.000000000000000000e+00,5.485000000000000142e+01,5.644400000000000261e+01,5.000000000000000000e+01,1.000000000000000000e+00
8.990000000000000000e+02,5.000000000000000000e+01,-4.766572847420207815e+00,5.456925361565713217e+01,1.973192317630744763e-01,0.000000000000000000e+00,5.485000000000000142e+01,5.644400000000000261e+01,5.000000000000000000e+01,1.000000000000000000e+00
9.000000000000000000e+02,5.000000000000000000e+01,-4.575192256306723770e+00,5.420346278881716273e+01,3.717294674895610385e-01,0.000000000000000000e+00,5.485000000000000142e+01,5.638000000000000256e+01,5.000000000000000000e+01,1.000000000000000000e+00
9.010000000000000000e+02,5.000000000000000000e+01,-4.670882551863455134e+00,5.440689505212786514e+01,2.639874997355921571e-01,0.000000000000000000e+00,5.485000000000000142e+01,5.641199999999999903e+01,5.000000000000000000e+01,1.000000000000000000e+00
9.020000000000000000e+02,5.000000000000000000e+01,-4.575192256306723770e+00,5.423121773549944891e+01,3.439745208072696459e-01,0.000000000000000000e+00,5.485000000000000142e+01,5.638000000000000256e+01,5.000000000000000000e+01,1.000000000000000000e+00
9.030000000000000000e+02,5.000000000000000000e+01,-4.960943760269833192e+00,5.500089679031474788e+01,-3.995303004491568277e-02,0.000000000000000000e+00,5.485000000000000142e+01,5.650900000000000034e+01,5.000000000000000000e+01,1.000000000000000000e+00
9.040000000000000000e+02,5.000000000000000000e+01,-4.865253464713080511e+00,5.481194964822376647e+01,5.330381648931009630e-02,0.000000000000000000e+00,5.485000000000000142e+01,5.647699999999999676e+01,5.000000000000000000e+01,1.000000000000000000e+00
9.050000000000000000e+02,5.000000000000000000e+01,-5.056634055826564556e+00,5.518868249753635524e+01,-1.320484417097883278e-01,0.000000000000000000e+00,5.485000000000000142e+01,5.654099999999999682e+01,5.000000000000000000e+01,1.000000000000000000e+00
9.060000000000000000e+02,5.000000000000000000e+01,-5.056634055826564556e+00,5.518291735731187231e+01,-1.262833014853072811e-01,0.000000000000000000e+00,5.485000000000000142e+01,5.654099999999999682e+01,5.000000000000000000e+01,1.000000000000000000e+00
9.070000000000000000e+02,5.000000000000000000e+01,-5.056634055826564556e+00,5.517740391897328323e+01,-1.207698631467218342e-01,0.000000000000000000e+00,5.485000000000000142e+01,5.654099999999999682e+01,5.000000000000000000e+01,1.000000000000000000e+00
9.080000000000000000e+02,5.000000000000000000e+01,-5.056634055826564556e+00,5.517213119339684368e+01,-1.154971375702819048e-01,0.000000000000000000e+00,5.485000000000000142e+01,5.654099999999999682e+01,5.000000000000000000e+01,1.000000000000000000e+00
9.090000000000000000e+02,5.000000000000000000e+01,-4.960943760269833192e+00,5.497988584977185411e+01,-1.894208950201982378e-02,0.000000000000000000e+00,5.485000000000000142e+01,5.650900000000000034e+01,5.000000000000000000e+01,1.000000000000000000e+00
9.100000000000000000e+02,5.000000000000000000e+01,-4.960943760269833192e+00,5.497905885173454266e+01,-1.811509146471000642e-02,0.000000000000000000e+00,5.485000000000000142e+01,5.650900000000000034e+01,5.000000000000000000e+01,1.000000000000000000e+00
9.110000000000000000e+02,4.999999999999999289e+01,-5.152324351383317236e+00,5.535267360276665016e+01,-2.003492513833369515e-01,0.000000000000000000e+00,5.485000000000000142e+01,5.657300000000000040e+01,5.000000000000000000e+01,1.000000000000000000e+00
9.120000000000000000e+02,5.000000000000000000e+01,-5.346695264232942613e+00,5.572418222929469067e+01,-3.774869650617481698e-01,0.000000000000000000e+00,5.485000000000000142e+01,5.663799999999999812e+01,5.000000000000000000e+01,1.000000000000000000e+00
9.130000000000000000e+02,5.000000000000000000e+01,-4.960943760269833192e+00,5.495304004520736640e+01,7.903715062471949881e-03,0.000000000000000000e+00,5.485000000000000142e+01,5.650900000000000034e+01,5.000000000000000000e+01,1.000000000000000000e+00
9.140000000000000000e+02,5.000000000000000000e+01,-4.865253464713080511e+00,5.476618229427207041e+01,9.907117044100575975e-02,0.000000000000000000e+00,5.485000000000000142e+01,5.647699999999999676e+01,5.000000000000000000e+01,1.000000000000000000e+00
9.150000000000000000e+02,5.000000000000000000e+01,-4.766572847420207815e+00,5.457745476085815284e+01,1.891180865620521179e-01,0.000000000000000000e+00,5.485000000000000142e+01,5.644400000000000261e+01,5.000000000000000000e+01,1.000000000000000000e+00
9.160000000000000000e+02,5.000000000000000000e+01,-4.960943760269833192e+00,5.496596725193042943e+01,-5.023491660593820685e-03,0.000000000000000000e+00,5.485000000000000142e+01,5.650900000000000034e+01,5.000000000000000000e+01,1.000000000000000000e+00
9.170000000000000000e+02,5.000000000000000000e+01,-4.865253464713080511e+00,5.477854510842446700e+01,8.670835628860827649e-02,0.000000000000000000e+00,5.485000000000000142e+01,5.647699999999999676e+01,5.000000000000000000e+01,1.000000000000000000e+00
9.180000000000000000e+02,5.000000000000000000e+01,-4.766572847420207815e+00,5.458927782341458368e+01,1.772950240056213045e-01,0.000000000000000000e+00,5.485000000000000142e+01,5.644400000000000261e+01,5.000000000000000000e+01,1.000000000000000000e+00
9.190000000000000000e+02,5.000000000000000000e+01,-5.056634055826564556e+00,5.516447694952252334e+01,-1.078428936959593964e-01,0.000000000000000000e+00,5.485000000000000142e+01,5.654099999999999682e+01,5.000000000000000000e+01,1.000000000000000000e+00
9.200000000000000000e+02,5.000000000000000000e+01,-5.056634055826564556e+00,5.515976860615761268e+01,-1.031345503310492212e-01,0.000000000000000000e+00,5.485000000000000142e+01,5.654099999999999682e+01,5.000000000000000000e+01,1.000000000000000000e+00
9.210000000000000000e+02,5.000000000000000000e+01,-4.960943760269833192e+00,5.496806300422172598e+01,-7.119243951887829769e-03,0.000000000000000000e+00,5.485000000000000142e+01,5.650900000000000034e+01,5.000000000000000000e+01,1.000000000000000000e+00
9.220000000000000000e+02,5.000000000000000000e+01,-4.960943760269833192e+00,5.496775218313861444e+01,-6.808422868780117897e-03,0.000000000000000000e+00,5.485000000000000142e+01,5.650900000000000034e+01,5.000000000000000000e+01,1.000000000000000000e+00
9.230000000000000000e+02,5.000000000000000000e+01,-5.056634055826564556e+00,5.515465775374519808e+01,-9.802369791863280168e-02,0.000000000000000000e+00,5.485000000000000142e+01,5.654099999999999682e+01,5.000000000000000000e+01,1.000000000000000000e+00
9.240000000000000000e+02,5.000000000000000000e+01,-5.056634055826564556e+00,5.515037810942295948e+01,-9.374405359639920166e-02,0.000000000000000000e+00,5.485000000000000142e+01,5.654099999999999682e+01,5.000000000000000000e+01,1.000000000000000000e+00
9.250000000000000000e+02,5.000000000000000000e+01,-5.056634055826564556e+00,5.514628531130132671e+01,-8.965125547476526791e-02,0.000000000000000000e+00,5.485000000000000142e+01,5.654099999999999682e+01,5.000000000000000000e+01,1.000000000000000000e+00
9.260000000000000000e+02,5.000000000000000000e+01,-5.056634055826564556e+00,5.514237120180923313e+01,-8.573714598266904408e-02,0.000000000000000000e+00,5.485000000000000142e+01,5.654099999999999682e+01,5.000000000000000000e+01,1.000000000000000000e+00
9.270000000000000000e+02,5.000000000000000000e+01,-5.248014646940048600e+00,5.551303362245776896e+01,-2.650189755177210227e-01,0.000000000000000000e+00,5.485000000000000142e+01,5.660499999999999687e+01,5.000000000000000000e+01,1.000000000000000000e+00
9.280000000000000000e+02,5.000000000000000000e+01,-5.248014646940048600e+00,5.550146308412937657e+01,-2.534484371893257482e-01,0.000000000000000000e+00,5.485000000000000142e+01,5.660499999999999687e+01,5.000000000000000000e+01,1.000000000000000000e+00
9.290000000000000000e+02,5.000000000000000000e+01,-5.248014646940048600e+00,5.549039770720290221e+01,-2.423830602628539999e-01,0.000000000000000000e+00,5.485000000000000142e+01,5.660499999999999687e+01,5.000000000000000000e+01,1.000000000000000000e+00
9.300000000000000000e+02,5.000000000000000000e+01,-5.152324351383317236e+00,5.529261261522977122e+01,-1.402882638464588716e-01,0.000000000000000000e+00,5.485000000000000142e+01,5.657300000000000040e+01,5.000000000000000000e+01,1.000000000000000000e+00
9.310000000000000000e+02,5.000000000000000000e+01,-5.248014646940048600e+00,5.547369055174682728e+01,-2.256759048067779605e-01,0.000000000000000000e+00,5.485000000000000142e+01,5.660499999999999687e+01,5.000000000000000000e+01,1.000000000000000000e+00
9.320000000000000000e+02,5.000000000000000000e+01,-5.248014646940048600e+00,5.546383770365826393e+01,-2.158230567182172210e-01,0.000000000000000000e+00,5.485000000000000142e+01,5.660499999999999687e+01,5.000000000000000000e+01,1.000000000000000000e+00
9.330000000000000000e+02,4.999999999999999289e+01,-5.152324351383317236e+00,5.526721220238393784e+01,-1.148878510006208914e-01,0.000000000000000000e+00,5.485000000000000142e+01,5.657300000000000040e+01,5.000000000000000000e+01,1.000000000000000000e+00
9.340000000000000000e+02,5.000000000000000000e+01,-5.346695264232942613e+00,5.564245201233683957e+01,-2.957567481038975155e-01,0.000000000000000000e+00,5.485000000000000142e+01,5.663799999999999812e+01,5.000000000000000000e+01,1.000000000000000000e+00
9.350000000000000000e+02,5.000000000000000000e+01,-5.442385559789695293e+00,5.581674230637496237e+01,-3.743567465852630782e-01,0.000000000000000000e+00,5.485000000000000142e+01,5.667000000000000171e+01,5.000000000000000000e+01,1.000000000000000000e+00
9.360000000000000000e+02,5.000000000000000000e+01,-5.346695264232942613e+00,5.561319533794388548e+01,-2.665000737109449735e-01,0.000000000000000000e+00,5.485000000000000142e+01,5.663799999999999812e+01,5.000000000000000000e+01,1.000000000000000000e+00
9.370000000000000000e+02,5.000000000000000000e+01,-4.960943760269833192e+00,5.484689876190336122e+01,1.140449983664730826e-01,0.000000000000000000e+00,5.485000000000000142e+01,5.650900000000000034e+01,5.000000000000000000e+01,1.000000000000000000e+00
9.380000000000000000e+02,5.000000000000000000e+01,-5.056634055826564556e+00,5.503908070617257664e+01,1.755334965398547276e-02,0.000000000000000000e+00,5.485000000000000142e+01,5.654099999999999682e+01,5.000000000000000000e+01,1.000000000000000000e+00
9.390000000000000000e+02,5.000000000000000000e+01,-5.056634055826564556e+00,5.503984707282450017e+01,1.678698300206404523e-02,0.000000000000000000e+00,5.485000000000000142e+01,5.654099999999999682e+01,5.000000000000000000e+01,1.000000000000000000e+00
9.400000000000000000e+02,5.000000000000000000e+01,-4.865253464713080511e+00,5.466617433752978172e+01,1.990791271832944020e-01,0.000000000000000000e+00,5.485000000000000142e+01,5.647699999999999676e+01,5.000000000000000000e+01,1.000000000000000000e+00
9.410000000000000000e+02,5.000000000000000000e+01,-4.960943760269833192e+00,5.486206881085389853e+01,9.887494941593417963e-02,0.000000000000000000e+00,5.485000000000000142e+01,5.650900000000000034e+01,5.000000000000000000e+01,1.000000000000000000e+00
9.420000000000000000e+02,5.000000000000000000e+01,-5.056634055826564556e+00,5.505358844166996590e+01,3.045614156598180911e-03,0.000000000000000000e+00,5.485000000000000142e+01,5.654099999999999682e+01,5.000000000000000000e+01,1.000000000000000000e+00
9.430000000000000000e+02,5.000000000000000000e+01,-4.766572847420207815e+00,5.448626285843550221e+01,2.803099889847037729e-01,0.000000000000000000e+00,5.485000000000000142e+01,5.644400000000000261e+01,5.000000000000000000e+01,1.000000000000000000e+00
9.440000000000000000e+02,5.000000000000000000e+01,-4.575192256306723770e+00,5.412409534851258996e+01,4.510969077941298089e-01,0.000000000000000000e+00,5.485000000000000142e+01,5.638000000000000256e+01,5.000000000000000000e+01,1.000000000000000000e+00
9.450000000000000000e+02,5.000000000000000000e+01,-4.479501960749971978e+00,5.395658709439491219e+01,5.229148663550570175e-01,0.000000000000000000e+00,5.485000000000000142e+01,5.634799999999999898e+01,5.000000000000000000e+01,1.000000000000000000e+00
9.460000000000000000e+02,5.000000000000000000e+01,-4.575192256306723770e+00,5.416662000374939367e+01,4.085722525573283193e-01,0.000000000000000000e+00,5.485000000000000142e+01,5.638000000000000256e+01,5.000000000000000000e+01,1.000000000000000000e+00
9.470000000000000000e+02,5.000000000000000000e+01,-4.479501960749971978e+00,5.399725515369416939e+01,4.822468070558029729e-01,0.000000000000000000e+00,5.485000000000000142e+01,5.634799999999999898e+01,5.000000000000000000e+01,1.000000000000000000e+00
9.480000000000000000e+02,5.000000000000000000e+01,-4.479501960749971978e+00,5.401830970329343984e+01,4.611922574565336386e-01,0.000000000000000000e+00,5.485000000000000142e+01,5.634799999999999898e+01,5.000000000000000000e+01,1.000000000000000000e+00
9.490000000000000000e+02,5.000000000000000000e+01,-4.670882551863455134e+00,5.441285066929163605e+01,2.580318825718243003e-01,0.000000000000000000e+00,5.485000000000000142e+01,5.641199999999999903e+01,5.000000000000000000e+01,1.000000000000000000e+00
9.500000000000000000e+02,5.000000000000000000e+01,-4.575192256306723770e+00,5.423691333469081854e+01,3.382789216159055035e-01,0.000000000000000000e+00,5.485000000000000142e+01,5.638000000000000256e+01,5.000000000000000000e+01,1.000000000000000000e+00
9.510000000000000000e+02,5.000000000000000000e+01,-4.766572847420207815e+00,5.462608799263262682e+01,1.404848547875783560e-01,0.000000000000000000e+00,5.485000000000000142e+01,5.644400000000000261e+01,5.000000000000000000e+01,1.000000000000000000e+00
9.520000000000000000e+02,5.000000000000000000e+01,-4.479501960749971978e+00,5.407061299620652051e+01,4.088889645434489184e-01,0.000000000000000000e+00,5.485000000000000142e+01,5.634799999999999898e+01,5.000000000000000000e+01,1.000000000000000000e+00
9.530000000000000000e+02,5.000000000000000000e+01,-4.766572847420207815e+00,5.465007325942633543e+01,1.164995879938747203e-01,0.000000000000000000e+00,5.485000000000000142e+01,5.644400000000000261e+01,5.000000000000000000e+01,1.000000000000000000e+00
9.540000000000000000e+02,5.000000000000000000e+01,-4.670882551863455134e+00,5.446795672638913999e+01,2.029258254743176171e-01,0.000000000000000000e+00,5.485000000000000142e+01,5.641199999999999903e+01,5.000000000000000000e+01,1.000000000000000000e+00
9.550000000000000000e+02,5.000000000000000000e+01,-4.865253464713080511e+00,5.485707205343570081e+01,8.181411277376843261e-03,0.000000000000000000e+00,5.485000000000000142e+01,5.647699999999999676e+01,5.000000000000000000e+01,1.000000000000000000e+00
9.560000000000000000e+02,5.000000000000000000e+01,-4.865253464713080511e+00,5.485742924798216791e+01,7.824216730909643730e-03,0.000000000000000000e+00,5.485000000000000142e+01,5.647699999999999676e+01,5.000000000000000000e+01,1.000000000000000000e+00
9.570000000000000000e+02,5.000000000000000000e+01,-4.960943760269833192e+00,5.504497366913526690e+01,-8.402990886543104665e-02,0.000000000000000000e+00,5.485000000000000142e+01,5.650900000000000034e+01,5.000000000000000000e+01,1.000000000000000000e+00
9.580000000000000000e+02,5.000000000000000000e+01,-4.865253464713080511e+00,5.485410216213874435e+01,1.115130257433601113e-02,0.000000000000000000e+00,5.485000000000000142e+01,5.647699999999999676e+01,5.000000000000000000e+01,1.000000000000000000e+00
9.590000000000000000e+02,5.000000000000000000e+01,-4.670882551863455134e+00,5.447433328890923576e+01,1.965492629542213154e-01,0.000000000000000000e+00,5.485000000000000142e+01,5.641199999999999903e+01,5.000000000000000000e+01,1.000000000000000000e+00
9.600000000000000000e+02,5.000000000000000000e+01,-4.479501960749971978e+00,5.410850884578349707e+01,3.709931149664742467e-01,0.000000000000000000e+00,5.485000000000000142e+01,5.634799999999999898e+01,5.000000000000000000e+01,1.000000000000000000e+00
9.610000000000000000e+02,5.000000000000000000e+01,-4.479501960749971978e+00,5.412470613900713801e+01,3.547958217428299199e-01,0.000000000000000000e+00,5.485000000000000142e+01,5.634799999999999898e+01,5.000000000000000000e+01,1.000000000000000000e+00
9.620000000000000000e+02,5.000000000000000000e+01,-4.479501960749971978e+00,5.414019627002968349e+01,3.393056907202858241e-01,0.000000000000000000e+00,5.485000000000000142e+01,5.634799999999999898e+01,5.000000000000000000e+01,1.000000000000000000e+00
9.630000000000000000e+02,5.000000000000000000e+01,-4.285131047900346601e+00,5.377475438194626634e+01,5.103766659540832640e-01,0.000000000000000000e+00,5.485000000000000142e+01,5.628300000000000125e+01,5.000000000000000000e+01,1.000000000000000000e+00
9.640000000000000000e+02,5.000000000000000000e+01,-4.479501960749971978e+00,5.417729279210195159e+01,3.022091686480214978e-01,0.000000000000000000e+00,5.485000000000000142e+01,5.634799999999999898e+01,5.000000000000000000e+01,1.000000000000000000e+00
9.650000000000000000e+02,5.000000000000000000e+01,-4.479501960749971978e+00,5.419048702757962843e+01,2.890149331703412150e-01,0.000000000000000000e+00,5.485000000000000142e+01,5.634799999999999898e+01,5.000000000000000000e+01,1.000000000000000000e+00
9.660000000000000000e+02,5.000000000000000000e+01,-4.479501960749971978e+00,5.420310521220280009e+01,2.763967485471710006e-01,0.000000000000000000e+00,5.485000000000000142e+01,5.634799999999999898e+01,5.000000000000000000e+01,1.000000000000000000e+00
9.670000000000000000e+02,5.000000000000000000e+01,-4.575192256306723770e+00,5.440237531740271493e+01,1.728169389040047355e-01,0.000000000000000000e+00,5.485000000000000142e+01,5.638000000000000256e+01,5.000000000000000000e+01,1.000000000000000000e+00
9.680000000000000000e+02,5.000000000000000000e+01,-4.575192256306723770e+00,5.440992038096459282e+01,1.652718753421277276e-01,0.000000000000000000e+00,5.485000000000000142e+01,5.638000000000000256e+01,5.000000000000000000e+01,1.000000000000000000e+00
9.690000000000000000e+02,5.000000000000000000e+01,-4.479501960749971978e+00,5.422993321100045705e+01,2.495687497495149842e-01,0.000000000000000000e+00,5.485000000000000142e+01,5.634799999999999898e+01,5.000000000000000000e+01,1.000000000000000000e+00
9.700000000000000000e+02,5.000000000000000000e+01,-4.575192256306723770e+00,5.442803202502110338e+01,1.471602312856162276e-01,0.000000000000000000e+00,5.485000000000000142e+01,5.638000000000000256e+01,5.000000000000000000e+01,1.000000000000000000e+00
9.710000000000000000e+02,5.000000000000000000e+01,-4.766572847420207815e+00,5.480886257806469786e+01,-4.228973064448846020e-02,0.000000000000000000e+00,5.485000000000000142e+01,5.644400000000000261e+01,5.000000000000000000e+01,1.000000000000000000e+00
9.720000000000000000e+02,5.000000000000000000e+01,-4.766572847420207815e+00,5.480701623876629469e+01,-4.044339134609038766e-02,0.000000000000000000e+00,5.485000000000000142e+01,5.644400000000000261e+01,5.000000000000000000e+01,1.000000000000000000e+00
9.730000000000000000e+02,5.000000000000000000e+01,-4.865253464713080511e+00,5.499830341895192731e+01,-1.330499542388489387e-01,0.000000000000000000e+00,5.485000000000000142e+01,5.647699999999999676e+01,5.000000000000000000e+01,1.000000000000000000e+00
9.740000000000000000e+02,5.000000000000000000e+01,-4.865253464713080511e+00,5.499249455340898152e+01,-1.272410886959025600e-01,0.000000000000000000e+00,5.485000000000000142e+01,5.647699999999999676e+01,5.000000000000000000e+01,1.000000000000000000e+00
9.750000000000000000e+02,5.000000000000000000e+01,-4.960943760269833192e+00,5.517414212023221864e+01,-2.131983599623809567e-01,0.000000000000000000e+00,5.485000000000000142e+01,5.650900000000000034e+01,5.000000000000000000e+01,1.000000000000000000e+00
9.760000000000000000e+02,5.000000000000000000e+01,-4.670882551863455134e+00,5.459737548023586839e+01,7.350707162758751689e-02,0.000000000000000000e+00,5.485000000000000142e+01,5.641199999999999903e+01,5.000000000000000000e+01,1.000000000000000000e+00
9.770000000000000000e+02,5.000000000000000000e+01,-4.575192256306723770e+00,5.441338192477992663e+01,1.618103315267954423e-01,0.000000000000000000e+00,5.485000000000000142e+01,5.638000000000000256e+01,5.000000000000000000e+01,1.000000000000000000e+00
9.780000000000000000e+02,5.000000000000000000e+01,-4.479501960749971978e+00,5.423324362629635687e+01,2.462583344536122265e-01,0.000000000000000000e+00,5.485000000000000142e+01,5.634799999999999898e+01,5.000000000000000000e+01,1.000000000000000000e+00
9.790000000000000000e+02,5.000000000000000000e+01,-4.479501960749971978e+00,5.424399508849605667e+01,2.355068722539110926e-01,0.000000000000000000e+00,5.485000000000000142e+01,5.634799999999999898e+01,5.000000000000000000e+01,1.000000000000000000e+00
9.800000000000000000e+02,5.000000000000000000e+01,-4.479501960749971978e+00,5.425427714956995828e+01,2.252248111800158048e-01,0.000000000000000000e+00,5.485000000000000142e+01,5.634799999999999898e+01,5.000000000000000000e+01,1.000000000000000000e+00
9.810000000000000000e+02,5.000000000000000000e+01,-4.479501960749971978e+00,5.426411030323441764e+01,2.153916575155541135e-01,0.000000000000000000e+00,5.485000000000000142e+01,5.634799999999999898e+01,5.000000000000000000e+01,1.000000000000000000e+00
9.820000000000000000e+02,5.000000000000000000e+01,-4.479501960749971978e+00,5.427351414846486222e+01,2.059878122851069859e-01,0.000000000000000000e+00,5.485000000000000142e+01,5.634799999999999898e+01,5.000000000000000000e+01,1.000000000000000000e+00
9.830000000000000000e+02,5.000000000000000000e+01,-4.285131047900346601e+00,5.390225169746031497e+01,3.828793504400355152e-01,0.000000000000000000e+00,5.485000000000000142e+01,5.628300000000000125e+01,5.000000000000000000e+01,1.000000000000000000e+00
9.840000000000000000e+02,5.000000000000000000e+01,-4.479501960749971978e+00,5.429922366629593711e+01,1.802782944540375076e-01,0.000000000000000000e+00,5.485000000000000142e+01,5.634799999999999898e+01,5.000000000000000000e+01,1.000000000000000000e+00
9.850000000000000000e+02,5.000000000000000000e+01,-4.479501960749971978e+00,5.430709448728784139e+01,1.724074734621320049e-01,0.000000000000000000e+00,5.485000000000000142e+01,5.634799999999999898e+01,5.000000000000000000e+01,1.000000000000000000e+00
9.860000000000000000e+02,5.000000000000000000e+01,-4.380821343457077965e+00,5.412156876424731422e+01,2.592525792097674642e-01,0.000000000000000000e+00,5.485000000000000142e+01,5.631499999999999773e+01,5.000000000000000000e+01,1.000000000000000000e+00
9.870000000000000000e+02,5.000000000000000000e+01,-4.479501960749971978e+00,5.432594045548509598e+01,1.535615052648722223e-01,0.000000000000000000e+00,5.485000000000000142e+01,5.634799999999999898e+01,5.000000000000000000e+01,1.000000000000000000e+00
9.880000000000000000e+02,5.000000000000000000e+01,-4.285131047900346601e+00,5.395238910953025879e+01,3.327419383700918609e-01,0.000000000000000000e+00,5.485000000000000142e+01,5.628300000000000125e+01,5.000000000000000000e+01,1.000000000000000000e+00
9.890000000000000000e+02,5.000000000000000000e+01,-4.285131047900346601e+00,5.396691638382770861e+01,3.182146640726397635e-01,0.000000000000000000e+00,5.485000000000000142e+01,5.628300000000000125e+01,5.000000000000000000e+01,1.000000000000000000e+00
9.900000000000000000e+02,5.000000000000000000e+01,-4.189440752343593921e+00,5.379360658628794312e+01,3.958341660556523589e-01,0.000000000000000000e+00,5.485000000000000142e+01,5.625099999999999767e+01,5.000000000000000000e+01,1.000000000000000000e+00
9.910000000000000000e+02,5.000000000000000000e+01,-4.479501960749971978e+00,5.437834697454292154e+01,1.011549862070492689e-01,0.000000000000000000e+00,5.485000000000000142e+01,5.634799999999999898e+01,5.000000000000000000e+01,1.000000000000000000e+00
9.920000000000000000e+02,5.000000000000000000e+01,-4.479501960749971978e+00,5.438276332866522722e+01,9.673863208474342557e-02,0.000000000000000000e+00,5.485000000000000142e+01,5.634799999999999898e+01,5.000000000000000000e+01,1.000000000000000000e+00
9.930000000000000000e+02,5.000000000000000000e+01,-4.479501960749971978e+00,5.438698686793514980e+01,9.251509281482346581e-02,0.000000000000000000e+00,5.485000000000000142e+01,5.634799999999999898e+01,5.000000000000000000e+01,1.000000000000000000e+00
9.940000000000000000e+02,5.000000000000000000e+01,-4.479501960749971978e+00,5.439102601051079944e+01,8.847595023917276258e-02,0.000000000000000000e+00,5.485000000000000142e+01,5.634799999999999898e+01,5.000000000000000000e+01,1.000000000000000000e+00
9.950000000000000000e+02,5.000000000000000000e+01,-4.479501960749971978e+00,5.439488880701955509e+01,8.461315373041829180e-02,0.000000000000000000e+00,5.485000000000000142e+01,5.634799999999999898e+01,5.000000000000000000e+01,1.000000000000000000e+00
9.960000000000000000e+02,5.000000000000000000e+01,-4.575192256306723770e+00,5.458578577806841281e+01,-1.059352176169442439e-02,0.000000000000000000e+00,5.485000000000000142e+01,5.638000000000000256e+01,5.000000000000000000e+01,1.000000000000000000e+00
9.970000000000000000e+02,5.000000000000000000e+01,-4.575192256306723770e+00,5.458532327250881622e+01,-1.013101620209467917e-02,0.000000000000000000e+00,5.485000000000000142e+01,5.638000000000000256e+01,5.000000000000000000e+01,1.000000000000000000e+00
9.980000000000000000e+02,5.000000000000000000e+01,-4.479501960749971978e+00,5.439767813814587072e+01,8.182382260410250852e-02,0.000000000000000000e+00,5.485000000000000142e+01,5.634799999999999898e+01,5.000000000000000000e+01,1.000000000000000000e+00
9.990000000000000000e+02,5.000000000000000000e+01,-4.479501960749971978e+00,5.440125050753476899e+01,7.825145321520463049e-02,0.000000000000000000e+00,5.485000000000000142e+01,5.634799999999999898e+01,5.000000000000000000e+01,1.000000000000000000e+00
1.000000000000000000e+03,5.000000000000000000e+01,-4.479501960749971978e+00,6.263654483658653049e+01,7.483505091076431137e-02,-8.231877926747324992e+00,5.485000000000000142e+01,5.634799999999999898e+01,6.000000000000000000e+01,1.000000000000000000e+00
1.001000000000000000e+03,5.000000000000000000e+01,-4.670882551863455134e+00,6.314415154564900945e+01,-1.114572455351970914e-01,-8.361811748250355336e+00,5.485000000000000142e+01,5.641199999999999903e+01,6.000000000000000000e+01,1.000000000000000000e+00
1.002000000000000000e+03,5.000000000000000000e+01,-4.479501960749971978e+00,6.288968017997267879e+01,7.643394965280407571e-02,-8.486612168875511841e+00,5.485000000000000142e+01,5.634799999999999898e+01,6.000000000000000000e+01,1.000000000000000000e+00
1.003000000000000000e+03,5.000000000000000000e+01,-4.575192256306723770e+00,6.320007988001809451e+01,-1.841562765759947873e-02,-8.606471996053778994e+00,5.485000000000000142e+01,5.638000000000000256e+01,6.000000000000000000e+01,1.000000000000000000e+00
1.004000000000000000e+03,5.000000000000000000e+01,-4.479501960749971978e+00,6.312717791101653120e+01,7.390091134079911084e-02,-8.721576861607363895e+00,5.485000000000000142e+01,5.634799999999999898e+01,6.000000000000000000e+01,1.000000000000000000e+00
1.005000000000000000e+03,5.000000000000000000e+01,-4.479501960749971978e+00,6.324093299851736560e+01,7.067445057321954105e-02,-8.832105488340619814e+00,5.485000000000000142e+01,5.634799999999999898e+01,6.000000000000000000e+01,1.000000000000000000e+00
1.006000000000000000e+03,5.000000000000000000e+01,-4.479501960749971978e+00,6.335014305271180035e+01,6.758885476786924418e-02,-8.938229946729695286e+00,5.485000000000000142e+01,5.634799999999999898e+01,6.000000000000000000e+01,1.000000000000000000e+00
1.007000000000000000e+03,5.000000000000000000e+01,-4.479501960749971978e+00,6.345497988896704555e+01,6.463797386156343305e-02,-9.040115902078641241e+00,5.485000000000000142e+01,5.634799999999999898e+01,6.000000000000000000e+01,1.000000000000000000e+00
1.008000000000000000e+03,5.000000000000000000e+01,-4.479501960749971978e+00,6.355560888694753885e+01,6.181592629846347636e-02,-9.137922852496032533e+00,5.485000000000000142e+01,5.634799999999999898e+01,6.000000000000000000e+01,1.000000000000000000e+00
1.009000000000000000e+03,5.000000000000000000e+01,-4.380821343457077965e+00,6.345913632184075226e+01,1.534893796493376206e-01,-9.231804358033009805e+00,5.485000000000000142e+01,5.631499999999999773e+01,6.000000000000000000e+01,1.000000000000000000e+00
1.010000000000000000e+03,5.000000000000000000e+01,-4.479501960749971978e+00,6.374899437094543231e+01,5.241585111550993437e-02,-9.321908261310975163e+00,5.485000000000000142e+01,5.634799999999999898e+01,6.000000000000000000e+01,1.000000000000000000e+00
1.011000000000000000e+03,5.000000000000000000e+01,-4.189440752343593921e+00,6.327029289547901669e+01,3.275247568195887582e-01,-9.408376899955019468e+00,5.485000000000000142e+01,5.625099999999999767e+01,6.000000000000000000e+01,1.000000000000000000e+00
1.012000000000000000e+03,5.000000000000000000e+01,-4.380821343457077965e+00,6.374196844548397678e+01,1.302002091104966508e-01,-9.491347311137396048e+00,5.485000000000000142e+01,5.631499999999999773e+01,6.000000000000000000e+01,1.000000000000000000e+00
1.013000000000000000e+03,5.000000000000000000e+01,-4.093750456786862557e+00,6.326564854619321920e+01,3.990533391177012446e-01,-9.570951428524050897e+00,5.485000000000000142e+01,5.621900000000000119e+01,6.000000000000000000e+01,1.000000000000000000e+00
1.014000000000000000e+03,5.000000000000000000e+01,-4.189440752343593921e+00,6.354663859351748556e+01,2.901184307324589651e-01,-9.647316271906349883e+00,5.485000000000000142e+01,5.625099999999999767e+01,6.000000000000000000e+01,1.000000000000000000e+00
1.015000000000000000e+03,5.000000000000000711e+01,-4.285131047900346601e+00,6.381975563540004970e+01,1.859395422899547401e-01,-9.720564129789657670e+00,5.485000000000000142e+01,5.628300000000000125e+01,6.000000000000000000e+01,1.000000000000000000e+00
1.016000000000000000e+03,5.000000000000000711e+01,-4.285131047900346601e+00,6.389812222782139628e+01,1.778215552792988541e-01,-9.790812735200349337e+00,5.485000000000000142e+01,5.628300000000000125e+01,6.000000000000000000e+01,1.000000000000000000e+00
1.017000000000000000e+03,5.000000000000000000e+01,-4.479501960749971978e+00,6.435350422020550809e+01,-1.582682449244493528e-02,-9.858175434963094119e+00,5.485000000000000142e+01,5.634799999999999898e+01,6.000000000000000000e+01,1.000000000000000000e+00
1.018000000000000000e+03,5.000000000000000000e+01,-4.479501960749971978e+00,6.441739915013124573e+01,-1.513583669034932952e-02,-9.922761352690928405e+00,5.485000000000000142e+01,5.634799999999999898e+01,6.000000000000000000e+01,1.000000000000000000e+00
1.019000000000000000e+03,5.000000000000000000e+01,-4.380821343457077965e+00,6.428559961375650289e+01,7.989727542216738809e-02,-9.984675545721591661e+00,5.485000000000000142e+01,5.631499999999999773e+01,6.000000000000000000e+01,1.000000000000000000e+00
1.020000000000000000e+03,5.000000000000000000e+01,-4.380821343457077965e+00,6.434843148198106633e+01,7.640901770099629842e-02,-1.004401915622498720e+01,5.485000000000000142e+01,5.631499999999999773e+01,6.000000000000000000e+01,1.000000000000000000e+00
1.021000000000000000e+03,5.000000000000000000e+01,-4.285131047900346601e+00,6.422143502388185254e+01,1.645855807166934359e-01,-1.010088955669819732e+01,5.485000000000000142e+01,5.628300000000000125e+01,6.000000000000000000e+01,1.000000000000000000e+00
1.022000000000000000e+03,5.000000000000000711e+01,-4.380821343457077965e+00,6.447031446707354974e+01,6.588736644005986631e-02,-1.015538049005652432e+01,5.485000000000000142e+01,5.631499999999999773e+01,6.000000000000000000e+01,1.000000000000000000e+00
1.023000000000000000e+03,5.000000000000000000e+01,-4.189440752343593921e+00,6.415098713375648742e+01,2.460358231083549785e-01,-1.020758220452125009e+01,5.485000000000000142e+01,5.625099999999999767e+01,6.000000000000000000e+01,1.000000000000000000e+00
1.024000000000000000e+03,5.000000000000000711e+01,-4.479501960749971978e+00,6.477918681281002478e+01,-4.210326856272852969e-02,-1.025758158349731985e+01,5.485000000000000142e+01,5.634799999999999898e+01,6.000000000000000000e+01,1.000000000000000000e+00
1.025000000000000000e+03,5.000000000000000000e+01,-4.479501960749971978e+00,6.482522930144206441e+01,-4.026507006503946690e-02,-1.030546227062705711e+01,5.485000000000000142e+01,5.634799999999999898e+01,6.000000000000000000e+01,1.000000000000000000e+00
1.026000000000000000e+03,4.999999999999999289e+01,-4.479501960749971978e+00,6.486931387694393436e+01,-3.850712599491039334e-02,-1.035130479019905714e+01,5.485000000000000142e+01,5.634799999999999898e+01,6.000000000000000000e+01,1.000000000000000000e+00
1.027000000000000000e+03,5.000000000000000000e+01,-4.766572847420207815e+00,6.547312302072901957e+01,-3.113635102240832064e-01,-1.039518666308473094e+01,5.485000000000000142e+01,5.644400000000000261e+01,6.000000000000000000e+01,1.000000000000000000e+00
1.028000000000000000e+03,5.000000000000000000e+01,-4.575192256306723770e+00,6.512711932562152128e+01,-1.147445509461691160e-01,-1.043718251836863331e+01,5.485000000000000142e+01,5.638000000000000256e+01,6.000000000000000000e+01,1.000000000000000000e+00
1.029000000000000000e+03,5.000000000000000000e+01,-4.766572847420207815e+00,6.553669698624509010e+01,-2.927599379924076262e-01,-1.047736420083247566e+01,5.485000000000000142e+01,5.644400000000000261e+01,6.000000000000000000e+01,1.000000000000000000e+00
1.030000000000000000e+03,5.000000000000000000e+01,-5.152324351383317236e+00,6.631701334504032275e+01,-6.488881192101758622e-01,-1.051580087444683542e+01,5.485000000000000142e+01,5.657300000000000040e+01,6.000000000000000000e+01,1.000000000000000000e+00
1.031000000000000000e+03,5.000000000000000000e+01,-4.960943760269833192e+00,6.595103595995574608e+01,-4.375330776671295663e-01,-1.055255912201878843e+01,5.485000000000000142e+01,5.650900000000000034e+01,6.000000000000000000e+01,1.000000000000000000e+00
1.032000000000000000e+03,5.000000000000000000e+01,-5.248014646940048600e+00,6.652868596321307848e+01,-6.929682751347361336e-01,-1.058770304113829219e+01,5.485000000000000142e+01,5.660499999999999687e+01,6.000000000000000000e+01,1.000000000000000000e+00
1.033000000000000000e+03,5.000000000000000000e+01,-5.248014646940048600e+00,6.653202276092586942e+01,-6.627137774251097291e-01,-1.062129433656070887e+01,5.485000000000000142e+01,5.660499999999999687e+01,6.000000000000000000e+01,1.000000000000000000e+00
1.034000000000000000e+03,5.000000000000000000e+01,-5.346695264232942613e+00,6.672824013511176133e+01,-7.281524617209419459e-01,-1.065339240915788466e+01,5.485000000000000142e+01,5.663799999999999812e+01,6.000000000000000000e+01,1.000000000000000000e+00
1.035000000000000000e+03,5.000000000000000711e+01,-5.346695264232942613e+00,6.672711155346662792e+01,-6.963618476684996228e-01,-1.068405444156518236e+01,5.485000000000000142e+01,5.663799999999999812e+01,6.000000000000000000e+01,1.000000000000000000e+00
1.036000000000000000e+03,4.999999999999999289e+01,-5.442385559789695293e+00,6.691319275536122291e+01,-7.574717149243263004e-01,-1.071333548064720098e+01,5.485000000000000142e+01,5.667000000000000171e+01,6.000000000000000000e+01,1.000000000000000000e+00
1.037000000000000000e+03,5.000000000000000000e+01,-5.442385559789695293e+00,6.690807512000267820e+01,-7.244010433126584214e-01,-1.074128851690032072e+01,5.485000000000000142e+01,5.667000000000000171e+01,6.000000000000000000e+01,1.000000000000000000e+00
1.038000000000000000e+03,4.999999999999999289e+01,-5.442385559789695293e+00,6.690312433419192928e+01,-6.927742134963981169e-01,-1.076796456090583654e+01,5.485000000000000142e+01,5.667000000000000171e+01,6.000000000000000000e+01,1.000000000000000000e+00
1.039000000000000000e+03,5.000000000000000711e+01,-5.538075855346425769e+00,6.708552928657580594e+01,-7.540407142861447198e-01,-1.079341271694323190e+01,5.485000000000000142e+01,5.670199999999999818e+01,6.000000000000000000e+01,1.000000000000000000e+00
1.040000000000000000e+03,4.999999999999999289e+01,-5.538075855346425769e+00,6.707687594691616084e+01,-7.211198377007057569e-01,-1.081768025386903354e+01,5.485000000000000142e+01,5.670199999999999818e+01,6.000000000000000000e+01,1.000000000000000000e+00
1.041000000000000000e+03,5.000000000000000711e+01,-5.828137063752803826e+00,6.763598334424001735e+01,-9.670336071243736953e-01,-1.084081267336283538e+01,5.485000000000000142e+01,5.679899999999999949e+01,6.000000000000000000e+01,1.000000000000000000e+00
1.042000000000000000e+03,5.000000000000000000e+01,-5.633766150903178449e+00,6.723554872194510779e+01,-7.389287954036870554e-01,-1.086285377563823928e+01,5.485000000000000142e+01,5.673400000000000176e+01,6.000000000000000000e+01,1.000000000000000000e+00
1.043000000000000000e+03,4.999999999999999289e+01,-5.923827359309556506e+00,6.779173812053385006e+01,-9.840650385114051435e-01,-1.088384572271289663e+01,5.485000000000000142e+01,5.683100000000000307e+01,6.000000000000000000e+01,1.000000000000000000e+00
1.044000000000000000e+03,5.000000000000000000e+01,-5.538075855346425769e+00,6.701409654957556938e+01,-5.721915949008795632e-01,-1.090382909932826294e+01,5.485000000000000142e+01,5.670199999999999818e+01,6.000000000000000000e+01,1.000000000000000000e+00
1.045000000000000000e+03,5.000000000000000000e+01,-5.442385559789695293e+00,6.682092612588544966e+01,-4.556975944893502106e-01,-1.092284297160640349e+01,5.485000000000000142e+01,5.667000000000000171e+01,6.000000000000000000e+01,1.000000000000000000e+00
1.046000000000000000e+03,5.000000000000000000e+01,-6.019517654866287870e+00,6.794817968473617498e+01,-9.877370863420347202e-01,-1.094092494352784328e+01,5.485000000000000142e+01,5.686299999999999955e+01,6.000000000000000000e+01,1.000000000000000000e+00
1.047000000000000000e+03,5.000000000000000000e+01,-5.828137063752803826e+00,6.754783641707162190e+01,-7.615881420073968844e-01,-1.095811121131142052e+01,5.485000000000000142e+01,5.679899999999999949e+01,6.000000000000000000e+01,1.000000000000000000e+00
1.048000000000000000e+03,5.000000000000000000e+01,-5.923827359309556506e+00,6.771811425113379812e+01,-8.198502760501844566e-01,-1.097443661577405649e+01,5.485000000000000142e+01,5.683100000000000307e+01,6.000000000000000000e+01,1.000000000000000000e+00
1.049000000000000000e+03,5.000000000000000711e+01,-6.213888567715913247e+00,6.826527680583281210e+01,-1.061453545371451757e+00,-1.098993469274544488e+01,5.485000000000000142e+01,5.692799999999999727e+01,6.000000000000000000e+01,1.000000000000000000e+00
1.050000000000000000e+03,5.000000000000000000e+01,-6.019517654866287870e+00,6.785338180336643177e+01,-8.292264268902083124e-01,-1.100463772160993514e+01,5.485000000000000142e+01,5.686299999999999955e+01,6.000000000000000000e+01,1.000000000000000000e+00
1.051000000000000000e+03,5.000000000000000711e+01,-6.309578863272665927e+00,6.839857597551070967e+01,-1.070420340192911102e+00,-1.101857677204512953e+01,5.485000000000000142e+01,5.696000000000000085e+01,6.000000000000000000e+01,1.000000000000000000e+00
1.052000000000000000e+03,5.000000000000000000e+01,-6.309578863272665927e+00,6.836504716842958373e+01,-1.023686556132728631e+00,-1.103178174902419073e+01,5.485000000000000142e+01,5.696000000000000085e+01,6.000000000000000000e+01,1.000000000000000000e+00
1.053000000000000000e+03,4.999999999999999289e+01,-6.309578863272665927e+00,6.833285343497360032e+01,-9.789931355546059866e-01,-1.104428143614634017e+01,5.485000000000000142e+01,5.696000000000000085e+01,6.000000000000000000e+01,1.000000000000000000e+00
1.054000000000000000e+03,5.000000000000000000e+01,-6.405269158829397291e+00,6.848913621974732280e+01,-1.027763523560288883e+00,-1.105610353735763418e+01,5.485000000000000142e+01,5.699199999999999733e+01,6.000000000000000000e+01,1.000000000000000000e+00
1.055000000000000000e+03,5.000000000000000000e+01,-6.405269158829397291e+00,6.845543598146056752e+01,-9.828921055093737813e-01,-1.106727471712179778e+01,5.485000000000000142e+01,5.699199999999999733e+01,6.000000000000000000e+01,1.000000000000000000e+00
1.056000000000000000e+03,5.000000000000000000e+01,-6.405269158829397291e+00,6.842306953930483360e+01,-9.399797413767425613e-01,-1.107782063909869308e+01,5.485000000000000142e+01,5.699199999999999733e+01,6.000000000000000000e+01,1.000000000000000000e+00
1.057000000000000000e+03,5.000000000000000711e+01,-6.405269158829397291e+00,6.839197606248913530e+01,-8.989409002738819598e-01,-1.108776600338584650e+01,5.485000000000000142e+01,5.699199999999999733e+01,6.000000000000000000e+01,1.000000000000000000e+00
1.058000000000000000e+03,5.000000000000000000e+01,-6.695330367235774460e+00,6.892955607929873452e+01,-1.137091129686576885e+00,-1.109713458237638406e+01,5.485000000000000142e+01,5.708899999999999864e+01,6.000000000000000000e+01,1.000000000000000000e+00
1.059000000000000000e+03,4.999999999999999289e+01,-6.599640071679043096e+00,6.870152334784762616e+01,-9.959340208838013409e-01,-1.110594925528478960e+01,5.485000000000000142e+01,5.705700000000000216e+01,6.000000000000000000e+01,1.000000000000000000e+00
1.060000000000000000e+03,5.000000000000000000e+01,-6.695330367235774460e+00,6.885352719061629045e+01,-1.043964781990559310e+00,-1.111423204138995047e+01,5.485000000000000142e+01,5.708899999999999864e+01,6.000000000000000000e+01,1.000000000000000000e+00
1.061000000000000000e+03,5.000000000000000000e+01,-7.368152757869119718e+00,7.013199036631972660e+01,-1.641833476407484449e+00,-1.112200413204311999e+01,5.485000000000000142e+01,5.731400000000000006e+01,6.000000000000000000e+01,1.000000000000000000e+00
1.062000000000000000e+03,4.999999999999999289e+01,-7.081081871198905198e+00,6.950598241975410474e+01,-1.295614627068524705e+00,-1.112928592148668372e+01,5.485000000000000142e+01,5.721800000000000352e+01,6.000000000000000000e+01,1.000000000000000000e+00
1.063000000000000000e+03,5.000000000000000000e+01,-7.368152757869119718e+00,7.001783639413257276e+01,-1.513586599735559313e+00,-1.113609703652789484e+01,5.485000000000000142e+01,5.731400000000000006e+01,6.000000000000000000e+01,1.000000000000000000e+00
1.064000000000000000e+03,5.000000000000000000e+01,-7.368152757869119718e+00,6.995811361772069858e+01,-1.447504494741478576e+00,-1.114245636511009963e+01,5.485000000000000142e+01,5.731400000000000006e+01,6.000000000000000000e+01,1.000000000000000000e+00
1.065000000000000000e+03,4.999999999999999289e+01,-7.272462462312367926e+00,6.971363950726689040e+01,-1.292794961132128773e+00,-1.114838208382239770e+01,5.485000000000000142e+01,5.728199999999999648e+01,6.000000000000000000e+01,1.000000000000000000e+00
1.066000000000000000e+03,4.999999999999999289e+01,-7.368152757869119718e+00,6.984990942883227660e+01,-1.327864986575973294e+00,-1.115389168438718848e+01,5.485000000000000142e+01,5.731400000000000006e+01,6.000000000000000000e+01,1.000000000000000000e+00
1.067000000000000000e+03,5.000000000000000000e+01,-7.466833375162013731e+00,6.999009902063070854e+01,-1.364263646305172717e+00,-1.115900199916352342e+01,5.485000000000000142e+01,5.734700000000000131e+01,6.000000000000000000e+01,1.000000000000000000e+00
1.068000000000000000e+03,5.000000000000000000e+01,-7.368152757869119718e+00,6.974221056555326470e+01,-1.210328581981281237e+00,-1.116372922570286264e+01,5.485000000000000142e+01,5.731400000000000006e+01,6.000000000000000000e+01,1.000000000000000000e+00
1.069000000000000000e+03,5.000000000000000711e+01,-7.658213966275497775e+00,7.026118676528932383e+01,-1.434883848621415492e+00,-1.116808895039240213e+01,5.485000000000000142e+01,5.741100000000000136e+01,6.000000000000000000e+01,1.000000000000000000e+00
1.070000000000000000e+03,4.999999999999999289e+01,-7.368152757869119718e+00,6.963508943420615083e+01,-1.094840505117179452e+00,-1.117209617121986120e+01,5.485000000000000142e+01,5.731400000000000006e+01,6.000000000000000000e+01,1.000000000000000000e+00
1.071000000000000000e+03,5.000000000000000000e+01,-7.466833375162013731e+00,6.978401154137358731e+01,-1.141412846519195945e+00,-1.117576531969238474e+01,5.485000000000000142e+01,5.734700000000000131e+01,6.000000000000000000e+01,1.000000000000000000e+00
1.072000000000000000e+03,5.000000000000000000e+01,-7.466833375162013731e+00,6.973752323767064354e+01,-1.091579580567679120e+00,-1.117911028194095380e+01,5.485000000000000142e+01,5.734700000000000131e+01,6.000000000000000000e+01,1.000000000000000000e+00
1.073000000000000000e+03,5.000000000000000000e+01,-7.466833375162013731e+00,6.969289979345637676e+01,-1.043921999253818012e+00,-1.118214441904054723e+01,5.485000000000000142e+01,5.734700000000000131e+01,6.000000000000000000e+01,1.000000000000000000e+00
1.074000000000000000e+03,5.000000000000000000e+01,-7.368152757869119718e+00,6.945700616584956322e+01,-9.039728214052183963e-01,-1.118488058657522366e+01,5.485000000000000142e+01,5.731400000000000006e+01,6.000000000000000000e+01,1.000000000000000000e+00
1.075000000000000000e+03,5.000000000000000000e+01,-7.753904261832229139e+00,7.017465130196740120e+01,-1.233415886659039229e+00,-1.118733115347612994e+01,5.485000000000000142e+01,5.744299999999999784e+01,6.000000000000000000e+01,1.000000000000000000e+00
1.076000000000000000e+03,4.999999999999999289e+01,-7.562523670718745095e+00,6.974857247304748853e+01,-9.965407821693071933e-01,-1.118950802015944390e+01,5.485000000000000142e+01,5.737899999999999778e+01,6.000000000000000000e+01,1.000000000000000000e+00
1.077000000000000000e+03,5.000000000000000000e+01,-7.466833375162013731e+00,6.951977601185102174e+01,-8.615200006987197012e-01,-1.119142263599028908e+01,5.485000000000000142e+01,5.734700000000000131e+01,6.000000000000000000e+01,1.000000000000000000e+00
1.078000000000000000e+03,5.000000000000000000e+01,-7.658213966275497775e+00,6.985823168976956765e+01,-1.006931707396458986e+00,-1.119308601609761133e+01,5.485000000000000142e+01,5.741100000000000136e+01,6.000000000000000000e+01,1.000000000000000000e+00
1.079000000000000000e+03,5.000000000000000000e+01,-7.852584879125123152e+00,7.019594824643193931e+01,-1.148854609742664401e+00,-1.119450875756414909e+01,5.485000000000000142e+01,5.747599999999999909e+01,6.000000000000000000e+01,1.000000000000000000e+00
1.080000000000000000e+03,5.000000000000000000e+01,-7.658213966275497775e+00,6.976672664478866182e+01,-9.128116234984651189e-01,-1.119570105501470358e+01,5.485000000000000142e+01,5.741100000000000136e+01,6.000000000000000000e+01,1.000000000000000000e+00
1.081000000000000000e+03,4.999999999999999289e+01,-7.948275174681875832e+00,7.029530415739390037e+01,-1.150356267086978690e+00,-1.119667271562505562e+01,5.485000000000000142e+01,5.750800000000000267e+01,6.000000000000000000e+01,1.000000000000000000e+00
1.082000000000000000e+03,5.000000000000000711e+01,-8.043965470238607196e+00,7.043304370752923660e+01,-1.191645063717569286e+00,-1.119743317357305479e+01,5.485000000000000142e+01,5.753999999999999915e+01,6.000000000000000000e+01,1.000000000000000000e+00
1.083000000000000000e+03,5.000000000000000000e+01,-7.948275174681875832e+00,7.019437284793016829e+01,-1.048106169295717649e+00,-1.119799150395257925e+01,5.485000000000000142e+01,5.750800000000000267e+01,6.000000000000000000e+01,1.000000000000000000e+00
1.084000000000000000e+03,5.000000000000000711e+01,-8.043965470238607196e+00,7.033618103824363743e+01,-1.093859131834673093e+00,-1.119835643617035181e+01,5.485000000000000142e+01,5.753999999999999915e+01,6.000000000000000000e+01,1.000000000000000000e+00
1.085000000000000000e+03,5.000000000000000000e+01,-8.043965470238607196e+00,7.028860386403138705e+01,-1.046102026948000807e+00,-1.119853636684478637e+01,5.485000000000000142e+01,5.753999999999999915e+01,6.000000000000000000e+01,1.000000000000000000e+00
1.086000000000000000e+03,5.000000000000000000e+01,-8.334026678644985253e+00,7.081039335802391577e+01,-1.277827307153544201e+00,-1.119853937222538320e+01,5.485000000000000142e+01,5.763700000000000045e+01,6.000000000000000000e+01,1.000000000000000000e+00
1.087000000000000000e+03,5.000000000000000000e+01,-8.334026678644985253e+00,7.075443818251923744e+01,-1.222038283723780205e+00,-1.119837322015046510e+01,5.485000000000000142e+01,5.763700000000000045e+01,6.000000000000000000e+01,1.000000000000000000e+00
1.088000000000000000e+03,4.999999999999999289e+01,-8.334026678644985253e+00,7.070075702923551830e+01,-1.168684969030105103e+00,-1.119804538156043172e+01,5.485000000000000142e+01,5.763700000000000045e+01,6.000000000000000000e+01,1.000000000000000000e+00
1.089000000000000000e+03,4.999999999999999289e+01,-8.334026678644985253e+00,7.064925074200462518e+01,-1.117661021776644947e+00,-1.119756304158299365e+01,5.485000000000000142e+01,5.763700000000000045e+01,6.000000000000000000e+01,1.000000000000000000e+00
1.090000000000000000e+03,4.999999999999999289e+01,-8.334026678644985253e+00,7.059982453230352917e+01,-1.068864743452207167e+00,-1.119693311020633786e+01,5.485000000000000142e+01,5.763700000000000045e+01,6.000000000000000000e+01,1.000000000000000000e+00
1.091000000000000000e+03,4.999999999999999289e+01,-8.139655765795358988e+00,7.017213205573089851e+01,-8.363140573800575961e-01,-1.119616223255548526e+01,5.485000000000000142e+01,5.757200000000000273e+01,6.000000000000000000e+01,1.000000000000000000e+00
1.092000000000000000e+03,5.000000000000000000e+01,-8.235346061352091240e+00,7.032191657170983490e+01,-8.913137115711284864e-01,-1.119525679878661784e+01,5.485000000000000142e+01,5.760399999999999920e+01,6.000000000000000000e+01,1.000000000000000000e+00
1.093000000000000000e+03,5.000000000000000711e+01,-8.334026678644985253e+00,7.047502151901387890e+01,-9.467718867553470696e-01,-1.119422295361353470e+01,5.485000000000000142e+01,5.763700000000000045e+01,6.000000000000000000e+01,1.000000000000000000e+00
1.094000000000000000e+03,5.000000000000000000e+01,-8.334026678644985253e+00,7.043252978958331312e+01,-9.054365054584053718e-01,-1.119306660547992216e+01,5.485000000000000142e+01,5.763700000000000045e+01,6.000000000000000000e+01,1.000000000000000000e+00
1.095000000000000000e+03,5.000000000000000000e+01,-8.334026678644985253e+00,7.039172591128763656e+01,-8.659057972520632918e-01,-1.119179343539058458e+01,5.485000000000000142e+01,5.763700000000000045e+01,6.000000000000000000e+01,1.000000000000000000e+00
1.096000000000000000e+03,5.000000000000000000e+01,-8.429716974201715729e+00,7.053973937692748564e+01,-9.196134973114570288e-01,-1.119040890541430500e+01,5.485000000000000142e+01,5.766899999999999693e+01,6.000000000000000000e+01,1.000000000000000000e+00
1.097000000000000000e+03,4.999999999999999289e+01,-8.429716974201715729e+00,7.049809907288459954e+01,-8.794638318123526588e-01,-1.118891826687053559e+01,5.485000000000000142e+01,5.766899999999999693e+01,6.000000000000000000e+01,1.000000000000000000e+00
1.098000000000000000e+03,5.000000000000000000e+01,-8.911158773721577830e+00,7.139997480980812838e+01,-1.301489467874871853e+00,-1.118732656821167382e+01,5.485000000000000142e+01,5.782999999999999829e+01,6.000000000000000000e+01,1.000000000000000000e+00
1.099000000000000000e+03,4.999999999999999289e+01,-8.719778182608093786e+00,7.096705916489017341e+01,-1.061642319669891643e+00,-1.118563866261219175e+01,5.485000000000000142e+01,5.776599999999999824e+01,6.000000000000000000e+01,1.000000000000000000e+00
1.100000000000000000e+03,5.000000000000000000e+01,-8.911158773721577830e+00,7.129333481849991472e+01,-1.198316829502765524e+00,-1.118385921527556803e+01,5.485000000000000142e+01,5.782999999999999829e+01,6.000000000000000000e+01,1.000000000000000000e+00
1.101000000000000000e+03,4.999999999999999289e+01,-9.201219982127955888e+00,7.180660921323546120e+01,-1.423396520638060325e+00,-1.118199271046945675e+01,5.485000000000000142e+01,5.792699999999999960e+01,6.000000000000000000e+01,1.000000000000000000e+00
1.102000000000000000e+03,5.000000000000000000e+01,-8.911158773721577830e+00,7.117505693765257035e+01,-1.083854705631784210e+00,-1.118004345829920076e+01,5.485000000000000142e+01,5.782999999999999829e+01,6.000000000000000000e+01,1.000000000000000000e+00
1.103000000000000000e+03,4.999999999999999289e+01,-8.815468478164845578e+00,7.093850594030206480e+01,-9.450218609077952747e-01,-1.117801560122943094e+01,5.485000000000000142e+01,5.779800000000000182e+01,6.000000000000000000e+01,1.000000000000000000e+00
1.104000000000000000e+03,5.000000000000000000e+01,-9.105529686571223635e+00,7.146260303557514248e+01,-1.181160228640841137e+00,-1.117591312036307905e+01,5.485000000000000142e+01,5.789500000000000313e+01,6.000000000000000000e+01,1.000000000000000000e+00
1.105000000000000000e+03,5.000000000000000000e+01,-9.296910277684707680e+00,7.178326679148989342e+01,-1.312616672318351885e+00,-1.117373984148683519e+01,5.485000000000000142e+01,5.795900000000000318e+01,6.000000000000000000e+01,1.000000000000000000e+00
1.106000000000000000e+03,5.000000000000000711e+01,-9.296910277684707680e+00,7.172371848874219324e+01,-1.255308770165758370e+00,-1.117149944089171676e+01,5.485000000000000142e+01,5.795900000000000318e+01,6.000000000000000000e+01,1.000000000000000000e+00
1.107000000000000000e+03,5.000000000000000000e+01,-9.296910277684707680e+00,7.166660861856637155e+01,-1.200502889904545123e+00,-1.116919545097711008e+01,5.485000000000000142e+01,5.795900000000000318e+01,6.000000000000000000e+01,1.000000000000000000e+00
1.108000000000000000e+03,5.000000000000000000e+01,-9.296910277684707680e+00,7.161183133838508752e+01,-1.148089795054055839e+00,-1.116683126564632644e+01,5.485000000000000142e+01,5.795900000000000318e+01,6.000000000000000000e+01,1.000000000000000000e+00
1.109000000000000000e+03,5.000000000000000711e+01,-9.105529686571223635e+00,7.118487979857766845e+01,-9.149399665050331754e-01,-1.116441014550140842e+01,5.485000000000000142e+01,5.789500000000000313e+01,6.000000000000000000e+01,1.000000000000000000e+00
1.110000000000000000e+03,5.000000000000000000e+01,-9.296910277684707680e+00,7.151686489635217470e+01,-1.058019395822799913e+00,-1.116193522284467221e+01,5.485000000000000142e+01,5.795900000000000318e+01,6.000000000000000000e+01,1.000000000000000000e+00
1.111000000000000000e+03,5.000000000000000000e+01,-9.296910277684707680e+00,7.146814681227536425e+01,-1.011827028096532244e+00,-1.115940950649411967e+01,5.485000000000000142e+01,5.795900000000000318e+01,6.000000000000000000e+01,1.000000000000000000e+00
1.112000000000000000e+03,5.000000000000000000e+01,-9.296910277684707680e+00,7.142139755010802560e+01,-9.676513860036347614e-01,-1.115683588641968171e+01,5.485000000000000142e+01,5.795900000000000318e+01,6.000000000000000000e+01,1.000000000000000000e+00
1.113000000000000000e+03,4.999999999999999289e+01,-9.296910277684707680e+00,7.137653183664151868e+01,-9.254044207498912655e-01,-1.115421713820692240e+01,5.485000000000000142e+01,5.795900000000000318e+01,6.000000000000000000e+01,1.000000000000000000e+00
1.114000000000000000e+03,5.000000000000000000e+01,-9.296910277684707680e+00,7.133346813272760301e+01,-8.850019276882687969e-01,-1.115155592735462164e+01,5.485000000000000142e+01,5.795900000000000318e+01,6.000000000000000000e+01,1.000000000000000000e+00
1.115000000000000000e+03,4.999999999999999289e+01,-9.296910277684707680e+00,7.129212846958331795e+01,-8.463633784862095721e-01,-1.114885481341240414e+01,5.485000000000000142e+01,5.795900000000000318e+01,6.000000000000000000e+01,1.000000000000000000e+00
1.116000000000000000e+03,5.000000000000000000e+01,-9.296910277684707680e+00,7.125243829226945991e+01,-8.094117606203787840e-01,-1.114611625396437056e+01,5.485000000000000142e+01,5.795900000000000318e+01,6.000000000000000000e+01,1.000000000000000000e+00
1.117000000000000000e+03,4.999999999999999289e+01,-9.392600573241439932e+00,7.140152913149229619e+01,-8.655859497864326624e-01,-1.114334260846442781e+01,5.485000000000000142e+01,5.799099999999999966e+01,6.000000000000000000e+01,1.000000000000000000e+00
1.118000000000000000e+03,5.000000000000000711e+01,-9.296910277684707680e+00,7.117372898195532116e+01,-7.362825623417431631e-01,-1.114053614192886243e+01,5.485000000000000142e+01,5.795900000000000318e+01,6.000000000000000000e+01,1.000000000000000000e+00
1.119000000000000000e+03,5.000000000000000000e+01,-9.392600573241439932e+00,7.132594912156962152e+01,-7.956495198367621313e-01,-1.113769902849141502e+01,5.485000000000000142e+01,5.799099999999999966e+01,6.000000000000000000e+01,1.000000000000000000e+00
1.120000000000000000e+03,4.999999999999999289e+01,-9.296910277684707680e+00,7.110114313925723195e+01,-6.693995067465051685e-01,-1.113483335482602143e+01,5.485000000000000142e+01,5.795900000000000318e+01,6.000000000000000000e+01,1.000000000000000000e+00
1.121000000000000000e+03,5.000000000000000000e+01,-9.392600573241439932e+00,7.125622822714586846e+01,-7.316865304623414445e-01,-1.113194112344208975e+01,5.485000000000000142e+01,5.799099999999999966e+01,6.000000000000000000e+01,1.000000000000000000e+00
1.122000000000000000e+03,5.000000000000000711e+01,-9.296910277684707680e+00,7.103416362913853277e+01,-6.082290955967557533e-01,-1.112902425585706290e+01,5.485000000000000142e+01,5.795900000000000318e+01,6.000000000000000000e+01,1.000000000000000000e+00
1.123000000000000000e+03,5.000000000000000000e+01,-9.296910277684707680e+00,7.100466912300363731e+01,-5.816742496680842311e-01,-1.112608459565084651e+01,5.485000000000000142e+01,5.795900000000000318e+01,6.000000000000000000e+01,1.000000000000000000e+00
1.124000000000000000e+03,5.000000000000000711e+01,-9.586971486091064421e+00,7.154377151091497922e+01,-8.336761134174499599e-01,-1.112312391140645929e+01,5.485000000000000142e+01,5.805599999999999739e+01,6.000000000000000000e+01,1.000000000000000000e+00
1.125000000000000000e+03,5.000000000000000000e+01,-9.874042372761300257e+00,7.206600226246675334e+01,-1.071815990164280086e+00,-1.112014389954116744e+01,5.485000000000000142e+01,5.815200000000000102e+01,6.000000000000000000e+01,1.000000000000000000e+00
1.126000000000000000e+03,5.000000000000000000e+01,-9.874042372761300257e+00,7.201620983282111865e+01,-1.025021273027682200e+00,-1.111714618703213198e+01,5.485000000000000142e+01,5.815200000000000102e+01,6.000000000000000000e+01,1.000000000000000000e+00
1.127000000000000000e+03,5.000000000000000711e+01,-1.006841328561092652e+01,7.234870001756858926e+01,-1.166154397917117835e+00,-1.111413233404053535e+01,5.485000000000000142e+01,5.821699999999999875e+01,6.000000000000000000e+01,1.000000000000000000e+00
1.128000000000000000e+03,4.999999999999999289e+01,-1.025979387672441057e+01,7.266916369856014057e+01,-1.298265985397818900e+00,-1.111110383643791799e+01,5.485000000000000142e+01,5.828099999999999881e+01,6.000000000000000000e+01,1.000000000000000000e+00
1.129000000000000000e+03,4.999999999999999289e+01,-1.025979387672441057e+01,7.260944062890280293e+01,-1.241584623940013232e+00,-1.110806212823838734e+01,5.485000000000000142e+01,5.828099999999999881e+01,6.000000000000000000e+01,1.000000000000000000e+00
1.130000000000000000e+03,5.000000000000000000e+01,-1.016410358116767831e+01,7.236497756925676583e+01,-1.095865404148900213e+00,-1.110500858394018664e+01,5.485000000000000142e+01,5.824900000000000233e+01,6.000000000000000000e+01,1.000000000000000000e+00
1.131000000000000000e+03,5.000000000000000000e+01,-1.025979387672441057e+01,7.250127163026429855e+01,-1.139533232759901704e+00,-1.110194452077998406e+01,5.485000000000000142e+01,5.828099999999999881e+01,6.000000000000000000e+01,1.000000000000000000e+00
1.132000000000000000e+03,5.000000000000000000e+01,-1.016410358116767831e+01,7.226124428555989709e+01,-9.982695034890763930e-01,-1.109887120090314028e+01,5.485000000000000142e+01,5.824900000000000233e+01,6.000000000000000000e+01,1.000000000000000000e+00
1.133000000000000000e+03,5.000000000000000711e+01,-1.025979387672441057e+01,7.240178200927840635e+01,-1.046198299100922879e+00,-1.109578983345307002e+01,5.485000000000000142e+01,5.828099999999999881e+01,6.000000000000000000e+01,1.000000000000000000e+00
1.134000000000000000e+03,4.999999999999999289e+01,-1.025979387672441057e+01,7.235301748528337384e+01,-1.000522031976270432e+00,-1.109270157658270328e+01,5.485000000000000142e+01,5.828099999999999881e+01,6.000000000000000000e+01,1.000000000000000000e+00
1.135000000000000000e+03,5.000000000000000000e+01,-1.025979387672441057e+01,7.230624137401835583e+01,-9.568399579030074653e-01,-1.108960753939094168e+01,5.485000000000000142e+01,5.828099999999999881e+01,6.000000000000000000e+01,1.000000000000000000e+00
1.136000000000000000e+03,5.000000000000000000e+01,-1.025979387672441057e+01,7.226136767235459502e+01,-9.150650118432805957e-01,-1.108650878378690585e+01,5.485000000000000142e+01,5.828099999999999881e+01,6.000000000000000000e+01,1.000000000000000000e+00
1.137000000000000000e+03,5.000000000000000000e+01,-1.025979387672441057e+01,7.221831413296536084e+01,-8.751139299563227558e-01,-1.108340632628463140e+01,5.485000000000000142e+01,5.828099999999999881e+01,6.000000000000000000e+01,1.000000000000000000e+00
1.138000000000000000e+03,5.000000000000000000e+01,-1.025979387672441057e+01,7.217700210009617479e+01,-8.369070836409154834e-01,-1.108030113973085129e+01,5.485000000000000142e+01,5.828099999999999881e+01,6.000000000000000000e+01,1.000000000000000000e+00
1.139000000000000000e+03,5.000000000000000711e+01,-1.045416478957403505e+01,7.251761208361533306e+01,-9.862531390730135961e-01,-1.107719415496827686e+01,5.485000000000000142e+01,5.834599999999999653e+01,6.000000000000000000e+01,1.000000000000000000e+00
1.140000000000000000e+03,4.999999999999999289e+01,-1.045416478957403505e+01,7.247144508663731699e+01,-9.431940346264288122e-01,-1.107408626243685568e+01,5.485000000000000142e+01,5.834599999999999653e+01,6.000000000000000000e+01,1.000000000000000000e+00
1.141000000000000000e+03,5.000000000000000711e+01,-1.064554538068751910e+01,7.280156360600417997e+01,-1.085039911601413110e+00,-1.107097831371523888e+01,5.485000000000000142e+01,5.840999999999999659e+01,6.000000000000000000e+01,1.000000000000000000e+00
1.142000000000000000e+03,5.000000000000000000e+01,-1.064554538068751910e+01,7.275108435123487993e+01,-1.037667847542614208e+00,-1.106787112300474263e+01,5.485000000000000142e+01,5.840999999999999659e+01,6.000000000000000000e+01,1.000000000000000000e+00
1.143000000000000000e+03,5.000000000000000000e+01,-1.083991629353716490e+01,7.308293059415731818e+01,-1.178248832062264384e+00,-1.106476546855788712e+01,5.485000000000000142e+01,5.847500000000000142e+01,6.000000000000000000e+01,1.000000000000000000e+00
1.144000000000000000e+03,5.000000000000000000e+01,-1.083991629353716490e+01,7.302838572100137071e+01,-1.126807333410588363e+00,-1.106166209405361478e+01,5.485000000000000142e+01,5.847500000000000142e+01,6.000000000000000000e+01,1.000000000000000000e+00
1.145000000000000000e+03,5.000000000000000000e+01,-1.103129688465064895e+01,7.335049538006917658e+01,-1.260636785497373902e+00,-1.105856170992114862e+01,5.485000000000000142e+01,5.853900000000000148e+01,6.000000000000000000e+01,1.000000000000000000e+00
1.146000000000000000e+03,5.000000000000000711e+01,-1.103129688465064895e+01,7.329236016717453595e+01,-1.205598287909464217e+00,-1.105546499461441279e+01,5.485000000000000142e+01,5.853900000000000148e+01,6.000000000000000000e+01,1.000000000000000000e+00
1.147000000000000000e+03,5.000000000000000000e+01,-1.093560658909389716e+01,7.304942939066309293e+01,-1.061450205730370078e+00,-1.105237259583882903e+01,5.485000000000000142e+01,5.850699999999999790e+01,6.000000000000000000e+01,1.000000000000000000e+00
1.148000000000000000e+03,4.999999999999999289e+01,-1.112698718020738120e+01,7.337440541505966962e+01,-1.198133103120007981e+00,-1.104928513173229021e+01,5.485000000000000142e+01,5.857099999999999795e+01,6.000000000000000000e+01,1.000000000000000000e+00
1.149000000000000000e+03,4.999999999999999289e+01,-1.103129688465064895e+01,7.313181102220545426e+01,-1.054310945552808354e+00,-1.104620319200200207e+01,5.485000000000000142e+01,5.853900000000000148e+01,6.000000000000000000e+01,1.000000000000000000e+00
1.150000000000000000e+03,5.000000000000000000e+01,-1.093560658909389716e+01,7.289550188830985178e+01,-9.167679601971365777e-01,-1.104312733901882737e+01,5.485000000000000142e+01,5.850699999999999790e+01,6.000000000000000000e+01,1.000000000000000000e+00
1.151000000000000000e+03,4.999999999999999289e+01,-1.074123567624427089e+01,7.247215149567226433e+01,-6.908577105572859534e-01,-1.104005810887070815e+01,5.485000000000000142e+01,5.844200000000000017e+01,6.000000000000000000e+01,1.000000000000000000e+00
1.152000000000000000e+03,5.000000000000000711e+01,-1.083991629353716490e+01,7.263197995683884756e+01,-7.550676509249466539e-01,-1.103699601237672567e+01,5.485000000000000142e+01,5.847500000000000142e+01,6.000000000000000000e+01,1.000000000000000000e+00
1.153000000000000000e+03,4.999999999999999289e+01,-1.103129688465064895e+01,7.297036541155146949e+01,-9.051269908376246009e-01,-1.103394153606320138e+01,5.485000000000000142e+01,5.853900000000000148e+01,6.000000000000000000e+01,1.000000000000000000e+00
1.154000000000000000e+03,5.000000000000000711e+01,-1.074123567624427089e+01,7.236034327100807673e+01,-5.882124516604874120e-01,-1.103089514310330799e+01,5.485000000000000142e+01,5.844200000000000017e+01,6.000000000000000000e+01,1.000000000000000000e+00
1.155000000000000000e+03,5.000000000000000000e+01,-1.083991629353716490e+01,7.252467737814554027e+01,-6.569038103868650724e-01,-1.102785727422151218e+01,5.485000000000000142e+01,5.847500000000000142e+01,6.000000000000000000e+01,1.000000000000000000e+00
1.156000000000000000e+03,5.000000000000000711e+01,-1.093560658909389716e+01,7.268017132489855214e+01,-7.197363872404974883e-01,-1.102482834856415828e+01,5.485000000000000142e+01,5.850699999999999790e+01,6.000000000000000000e+01,1.000000000000000000e+00
1.157000000000000000e+03,5.000000000000000000e+01,-1.093560658909389716e+01,7.264572856659297884e+01,-6.883132129616049699e-01,-1.102180876453748226e+01,5.485000000000000142e+01,5.850699999999999790e+01,6.000000000000000000e+01,1.000000000000000000e+00
1.158000000000000000e+03,5.000000000000000000e+01,-1.083991629353716490e+01,7.242546462017051567e+01,-5.667494260191219269e-01,-1.101879890061422884e+01,5.485000000000000142e+01,5.847500000000000142e+01,6.000000000000000000e+01,1.000000000000000000e+00
1.159000000000000000e+03,5.000000000000000711e+01,-1.074123567624427089e+01,7.220466805271610156e+01,-4.476332603617639849e-01,-1.101579911611006146e+01,5.485000000000000142e+01,5.844200000000000017e+01,6.000000000000000000e+01,1.000000000000000000e+00
1.160000000000000000e+03,4.999999999999999289e+01,-1.103129688465064895e+01,7.274959389411564814e+01,-7.054872575341060159e-01,-1.101280975193089340e+01,5.485000000000000142e+01,5.853900000000000148e+01,6.000000000000000000e+01,1.000000000000000000e+00
1.161000000000000000e+03,5.000000000000000000e+01,-1.112698718020738120e+01,7.290301702744194756e+01,-7.661987159423720994e-01,-1.100983113129219326e+01,5.485000000000000142e+01,5.857099999999999795e+01,6.000000000000000000e+01,1.000000000000000000e+00
1.162000000000000000e+03,5.000000000000000711e+01,-1.103129688465064895e+01,7.267939494888213403e+01,-6.412345038201265890e-01,-1.100686356041134850e+01,5.485000000000000142e+01,5.853900000000000148e+01,6.000000000000000000e+01,1.000000000000000000e+00
1.163000000000000000e+03,4.999999999999999289e+01,-1.122566779750027521e+01,7.302869861037265764e+01,-7.991234836983310830e-01,-1.100390732917405323e+01,5.485000000000000142e+01,5.860399999999999920e+01,6.000000000000000000e+01,1.000000000000000000e+00
1.164000000000000000e+03,5.000000000000000711e+01,-1.122566779750027521e+01,7.299086483502179590e+01,-7.642343257458130701e-01,-1.100096271177569918e+01,5.485000000000000142e+01,5.860399999999999920e+01,6.000000000000000000e+01,1.000000000000000000e+00
1.165000000000000000e+03,4.999999999999999289e+01,-1.132135809305702701e+01,7.314176898970087848e+01,-8.223809293051342895e-01,-1.099802996733872185e+01,5.485000000000000142e+01,5.863600000000000279e+01,6.000000000000000000e+01,1.000000000000000000e+00
1.166000000000000000e+03,5.000000000000000000e+01,-1.122566779750027521e+01,7.291574098006343263e+01,-6.949638420564061558e-01,-1.099510934050675104e+01,5.485000000000000142e+01,5.860399999999999920e+01,6.000000000000000000e+01,1.000000000000000000e+00
1.167000000000000000e+03,4.999999999999999289e+01,-1.132135809305702701e+01,7.306969390030772615e+01,-7.561347452342320752e-01,-1.099220106201646807e+01,5.485000000000000142e+01,5.863600000000000279e+01,6.000000000000000000e+01,1.000000000000000000e+00
1.168000000000000000e+03,5.000000000000000000e+01,-1.122566779750027521e+01,7.284658306560076824e+01,-6.316099188525038377e-01,-1.098930534924798330e+01,5.485000000000000142e+01,5.860399999999999920e+01,6.000000000000000000e+01,1.000000000000000000e+00
1.169000000000000000e+03,5.000000000000000000e+01,-1.141704838861375748e+01,7.319053013013875386e+01,-7.870593347704580856e-01,-1.098642240675453863e+01,5.485000000000000142e+01,5.866799999999999926e+01,6.000000000000000000e+01,1.000000000000000000e+00
1.170000000000000000e+03,5.000000000000000000e+01,-1.122566779750027521e+01,7.277889206136208600e+01,-5.696718370895141881e-01,-1.098355242677228816e+01,5.485000000000000142e+01,5.860399999999999920e+01,6.000000000000000000e+01,1.000000000000000000e+00
1.171000000000000000e+03,5.000000000000000000e+01,-1.141704838861375748e+01,7.312556940354332369e+01,-7.278254252186315831e-01,-1.098069558971093684e+01,5.485000000000000142e+01,5.866799999999999926e+01,6.000000000000000000e+01,1.000000000000000000e+00
1.172000000000000000e+03,4.999999999999999289e+01,-1.151273868417051105e+01,7.327815236404914856e+01,-7.875616152527382674e-01,-1.097785206462589791e+01,5.485000000000000142e+01,5.870000000000000284e+01,6.000000000000000000e+01,1.000000000000000000e+00
1.173000000000000000e+03,4.999999999999999289e+01,-1.151273868417051105e+01,7.324093793402448682e+01,-7.531772401812809603e-01,-1.097502200967269737e+01,5.485000000000000142e+01,5.870000000000000284e+01,6.000000000000000000e+01,1.000000000000000000e+00
1.174000000000000000e+03,5.000000000000000000e+01,-1.151273868417051105e+01,7.320523831897052958e+01,-7.202940622557449935e-01,-1.097220557254427220e+01,5.485000000000000142e+01,5.870000000000000284e+01,6.000000000000000000e+01,1.000000000000000000e+00
1.175000000000000000e+03,5.000000000000000000e+01,-1.218855139653999764e+01,7.449310804193920887e+01,-1.335153754507419910e+00,-1.096940289089179643e+01,5.485000000000000142e+01,5.892600000000000193e+01,6.000000000000000000e+01,1.000000000000000000e+00
1.176000000000000000e+03,5.000000000000000711e+01,-1.209286110098324585e+01,7.424482456732150126e+01,-1.185349373608596713e+00,-1.096661409272965848e+01,5.485000000000000142e+01,5.889399999999999835e+01,6.000000000000000000e+01,1.000000000000000000e+00
1.177000000000000000e+03,5.000000000000000000e+01,-1.209286110098324585e+01,7.419029826821582674e+01,-1.133597870407421215e+00,-1.096383929682516367e+01,5.485000000000000142e+01,5.889399999999999835e+01,6.000000000000000000e+01,1.000000000000000000e+00
1.178000000000000000e+03,5.000000000000000000e+01,-1.218855139653999764e+01,7.432524833622699134e+01,-1.175618326613443676e+00,-1.096107861307354447e+01,5.485000000000000142e+01,5.892600000000000193e+01,6.000000000000000000e+01,1.000000000000000000e+00
1.179000000000000000e+03,5.000000000000000711e+01,-1.209286110098324585e+01,7.408397239187694083e+01,-1.032779148034862482e+00,-1.095833214285883095e+01,5.485000000000000142e+01,5.889399999999999835e+01,6.000000000000000000e+01,1.000000000000000000e+00
1.180000000000000000e+03,5.000000000000000000e+01,-1.218855139653999764e+01,7.422335265326651665e+01,-1.079201277325435582e+00,-1.095559997940107877e+01,5.485000000000000142e+01,5.892600000000000193e+01,6.000000000000000000e+01,1.000000000000000000e+00
1.181000000000000000e+03,5.000000000000000000e+01,-1.218855139653999764e+01,7.417351772848058999e+01,-1.032084123850090851e+00,-1.095288220809050195e+01,5.485000000000000142e+01,5.892600000000000193e+01,6.000000000000000000e+01,1.000000000000000000e+00
1.182000000000000000e+03,5.000000000000000711e+01,-1.209286110098324585e+01,7.393855155337513452e+01,-8.955115455829202320e-01,-1.095017890680896677e+01,5.485000000000000142e+01,5.889399999999999835e+01,6.000000000000000000e+01,1.000000000000000000e+00
1.183000000000000000e+03,5.000000000000000000e+01,-1.209286110098324585e+01,7.389676540122648873e+01,-8.564141540038979761e-01,-1.094749014623934436e+01,5.485000000000000142e+01,5.889399999999999835e+01,6.000000000000000000e+01,1.000000000000000000e+00
1.184000000000000000e+03,4.999999999999999289e+01,-1.218855139653999764e+01,7.404390363910070505e+01,-9.105362523975739641e-01,-1.094481599016313567e+01,5.485000000000000142e+01,5.892600000000000193e+01,6.000000000000000000e+01,1.000000000000000000e+00
1.185000000000000000e+03,5.000000000000000000e+01,-1.218855139653999764e+01,7.400149078518563783e+01,-8.707828928987744188e-01,-1.094215649574686111e+01,5.485000000000000142e+01,5.892600000000000193e+01,6.000000000000000000e+01,1.000000000000000000e+00
1.186000000000000000e+03,4.999999999999999289e+01,-1.218855139653999764e+01,7.396082824691148971e+01,-8.327651365539180395e-01,-1.093951171381758058e+01,5.485000000000000142e+01,5.892600000000000193e+01,6.000000000000000000e+01,1.000000000000000000e+00
1.187000000000000000e+03,4.999999999999999289e+01,-1.209286110098324585e+01,7.373463747237825316e+01,-7.048946822670473233e-01,-1.093688168912797032e+01,5.485000000000000142e+01,5.889399999999999835e+01,6.000000000000000000e+01,1.000000000000000000e+00
1.188000000000000000e+03,5.000000000000000000e+01,-1.218855139653999764e+01,7.388844986923771785e+01,-7.656320120863395751e-01,-1.093426646061137220e+01,5.485000000000000142e+01,5.892600000000000193e+01,6.000000000000000000e+01,1.000000000000000000e+00
1.189000000000000000e+03,5.000000000000000000e+01,-1.228424169209672812e+01,7.403962534738666079e+01,-8.237175936628087225e-01,-1.093166606162712995e+01,5.485000000000000142e+01,5.895799999999999841e+01,6.000000000000000000e+01,1.000000000000000000e+00
1.190000000000000000e+03,5.000000000000000000e+01,-1.218855139653999764e+01,7.381387406534389584e+01,-6.962421486072591925e-01,-1.092908052019663856e+01,5.485000000000000142e+01,5.892600000000000193e+01,6.000000000000000000e+01,1.000000000000000000e+00
1.191000000000000000e+03,4.999999999999999289e+01,-1.218855139653999764e+01,7.378090597170111664e+01,-6.658447159307228080e-01,-1.092650985923039997e+01,5.485000000000000142e+01,5.892600000000000193e+01,6.000000000000000000e+01,1.000000000000000000e+00
1.192000000000000000e+03,5.000000000000000000e+01,-1.218855139653999764e+01,7.374927990664211563e+01,-6.367744133556503261e-01,-1.092395409674645990e+01,5.485000000000000142e+01,5.892600000000000193e+01,6.000000000000000000e+01,1.000000000000000000e+00
1.193000000000000000e+03,5.000000000000000711e+01,-1.237993198765348168e+01,7.409334358488295891e+01,-7.919983511489581129e-01,-1.092141324608052066e+01,5.485000000000000142e+01,5.899000000000000199e+01,6.000000000000000000e+01,1.000000000000000000e+00
1.194000000000000000e+03,5.000000000000000000e+01,-1.218855139653999764e+01,7.368183393218457411e+01,-5.743952195565164009e-01,-1.091888731608806040e+01,5.485000000000000142e+01,5.892600000000000193e+01,6.000000000000000000e+01,1.000000000000000000e+00
1.195000000000000000e+03,5.000000000000000000e+01,-1.218855139653999764e+01,7.365424524425976927e+01,-5.493175363810288703e-01,-1.091637631133873931e+01,5.485000000000000142e+01,5.892600000000000193e+01,6.000000000000000000e+01,1.000000000000000000e+00
1.196000000000000000e+03,5.000000000000000000e+01,-1.228424169209672812e+01,7.381496917716813755e+01,-6.168472527680171069e-01,-1.091388023230339144e+01,5.485000000000000142e+01,5.895799999999999841e+01,6.000000000000000000e+01,1.000000000000000000e+00
1.197000000000000000e+03,5.000000000000000000e+01,-1.228424169209672812e+01,7.378555691191111521e+01,-5.899161442805027633e-01,-1.091139907553388255e+01,5.485000000000000142e+01,5.895799999999999841e+01,6.000000000000000000e+01,1.000000000000000000e+00
1.198000000000000000e+03,4.999999999999999289e+01,-1.218855139653999764e+01,7.357013253313593282e+01,-4.726483027598610276e-01,-1.090893283383608114e+01,5.485000000000000142e+01,5.892600000000000193e+01,6.000000000000000000e+01,1.000000000000000000e+00
1.199000000000000000e+03,5.000000000000000000e+01,-1.228424169209672812e+01,7.373424853141196422e+01,-5.435253428790063346e-01,-1.090648149643622666e+01,5.485000000000000142e+01,5.895799999999999841e+01,6.000000000000000000e+01,1.000000000000000000e+00
1.200000000000000000e+03,5.000000000000000000e+01,-1.218855139653999764e+01,7.352087933614454585e+01,-4.282828904636254430e-01,-1.090404504914092065e+01,5.485000000000000142e+01,5.892600000000000193e+01,6.000000000000000000e+01,1.000000000000000000e+00
1.201000000000000000e+03,4.999999999999999289e+01,-1.247562228321021216e+01,7.406136770216900800e+01,-6.841219444678210415e-01,-1.090162347449098057e+01,5.485000000000000142e+01,5.902199999999999847e+01,6.000000000000000000e+01,1.000000000000000000e+00
1.202000000000000000e+03,4.999999999999999289e+01,-1.237993198765348168e+01,7.384188988486356209e+01,-5.627411453006744280e-01,-1.089921675190941208e+01,5.485000000000000142e+01,5.899000000000000199e+01,6.000000000000000000e+01,1.000000000000000000e+00
1.203000000000000000e+03,4.999999999999999289e+01,-1.218855139653999764e+01,7.344052347321445495e+01,-3.551472188307956968e-01,-1.089682485784366683e+01,5.485000000000000142e+01,5.892600000000000193e+01,6.000000000000000000e+01,1.000000000000000000e+00
1.204000000000000000e+03,5.000000000000000711e+01,-1.237993198765348168e+01,7.379704655143441983e+01,-5.226667978784799162e-01,-1.089444776590245567e+01,5.485000000000000142e+01,5.899000000000000199e+01,6.000000000000000000e+01,1.000000000000000000e+00
1.205000000000000000e+03,5.000000000000000000e+01,-1.218855139653999764e+01,7.339745933219226970e+01,-3.168224886649810834e-01,-1.089208544698729142e+01,5.485000000000000142e+01,5.892600000000000193e+01,6.000000000000000000e+01,1.000000000000000000e+00
1.206000000000000000e+03,5.000000000000000000e+01,-1.247562228321021216e+01,7.394288797647156741e+01,-5.775278238424027544e-01,-1.088973786941894950e+01,5.485000000000000142e+01,5.902199999999999847e+01,6.000000000000000000e+01,1.000000000000000000e+00
1.207000000000000000e+03,5.000000000000000000e+01,-1.276568349161659022e+01,7.448279920824407441e+01,-8.297107175684090841e-01,-1.088740499905907022e+01,5.485000000000000142e+01,5.911899999999999977e+01,6.000000000000000000e+01,1.000000000000000000e+00
1.208000000000000000e+03,5.000000000000000000e+01,-1.276568349161659022e+01,7.444425643397413239e+01,-7.934861429304934655e-01,-1.088508679942704660e+01,5.485000000000000142e+01,5.911899999999999977e+01,6.000000000000000000e+01,1.000000000000000000e+00
1.209000000000000000e+03,5.000000000000000000e+01,-1.266999319605985974e+01,7.422010700919607018e+01,-6.673305813238098461e-01,-1.088278323181239671e+01,5.485000000000000142e+01,5.908700000000000330e+01,6.000000000000000000e+01,1.000000000000000000e+00
1.210000000000000000e+03,5.000000000000000000e+01,-1.296005440446621648e+01,7.475614141093780063e+01,-9.155927510887875709e-01,-1.088049425538279458e+01,5.485000000000000142e+01,5.918399999999999750e+01,6.000000000000000000e+01,1.000000000000000000e+00
1.211000000000000000e+03,5.000000000000000711e+01,-1.296005440446621648e+01,7.471389286023912746e+01,-8.756186284850070445e-01,-1.087821982728789472e+01,5.485000000000000142e+01,5.918399999999999750e+01,6.000000000000000000e+01,1.000000000000000000e+00
1.212000000000000000e+03,5.000000000000000000e+01,-1.257430290050310617e+01,7.391874268059163455e+01,-4.684798773293950558e-01,-1.087595990275913493e+01,5.485000000000000142e+01,5.905499999999999972e+01,6.000000000000000000e+01,1.000000000000000000e+00
1.213000000000000000e+03,5.000000000000000000e+01,-1.286137378717334379e+01,7.445765218210611636e+01,-7.225639597271145131e-01,-1.087371443520565961e+01,5.485000000000000142e+01,5.915100000000000335e+01,6.000000000000000000e+01,1.000000000000000000e+00
1.214000000000000000e+03,5.000000000000000000e+01,-1.315143499557969875e+01,7.499133305170539643e+01,-9.684146798192010408e-01,-1.087148337630650019e+01,5.485000000000000142e+01,5.924799999999999756e+01,6.000000000000000000e+01,1.000000000000000000e+00
1.215000000000000000e+03,4.999999999999998579e+01,-1.315143499557969875e+01,7.494683606138396215e+01,-9.261343897051090845e-01,-1.086926667609916386e+01,5.485000000000000142e+01,5.924799999999999756e+01,6.000000000000000000e+01,1.000000000000000000e+00
1.216000000000000000e+03,5.000000000000000000e+01,-1.315143499557969875e+01,7.490419930536708648e+01,-8.857000267226313728e-01,-1.086706428306475658e+01,5.485000000000000142e+01,5.924799999999999756e+01,6.000000000000000000e+01,1.000000000000000000e+00
1.217000000000000000e+03,5.000000000000000000e+01,-1.324712529113645232e+01,7.505054496027133837e+01,-9.385435249250921874e-01,-1.086487614420979142e+01,5.485000000000000142e+01,5.928000000000000114e+01,6.000000000000000000e+01,1.000000000000000000e+00
1.218000000000000000e+03,4.999999999999999289e+01,-1.315143499557969875e+01,7.482019206281903223e+01,-8.060548620945743314e-01,-1.086270220514476215e+01,5.485000000000000142e+01,5.924799999999999756e+01,6.000000000000000000e+01,1.000000000000000000e+00
1.219000000000000000e+03,5.000000000000000000e+01,-1.315143499557969875e+01,7.478284049087368146e+01,-7.708630851343204471e-01,-1.086054241015965793e+01,5.485000000000000142e+01,5.924799999999999756e+01,6.000000000000000000e+01,1.000000000000000000e+00
1.220000000000000000e+03,4.999999999999999289e+01,-1.315143499557969875e+01,7.474703945378334424e+01,-7.372077559071675834e-01,-1.085839670229648846e+01,5.485000000000000142e+01,5.924799999999999756e+01,6.000000000000000000e+01,1.000000000000000000e+00
1.221000000000000000e+03,5.000000000000000000e+01,-1.334580590842934633e+01,7.509297754430534155e+01,-8.909066124570362843e-01,-1.085626502341895971e+01,5.485000000000000142e+01,5.931300000000000239e+01,6.000000000000000000e+01,1.000000000000000000e+00
1.222000000000000000e+03,5.000000000000000000e+01,-1.315143499557969875e+01,7.467170776056390480e+01,-6.661254507048014473e-01,-1.085414731427940183e+01,5.485000000000000142e+01,5.924799999999999756e+01,6.000000000000000000e+01,1.000000000000000000e+00
1.223000000000000000e+03,5.000000000000000000e+01,-1.324712529113645232e+01,7.482772422307789384e+01,-7.285554173584074533e-01,-1.085204351458303407e+01,5.485000000000000142e+01,5.928000000000000114e+01,6.000000000000000000e+01,1.000000000000000000e+00
1.224000000000000000e+03,4.999999999999999289e+01,-1.315143499557969875e+01,7.460662324327383033e+01,-6.052346846444448536e-01,-1.084995356304969327e+01,5.485000000000000142e+01,5.924799999999999756e+01,6.000000000000000000e+01,1.000000000000000000e+00
1.225000000000000000e+03,5.000000000000000711e+01,-1.315143499557969875e+01,7.457812296560237542e+01,-5.788105725495563680e-01,-1.084787739747311264e+01,5.485000000000000142e+01,5.924799999999999756e+01,6.000000000000000000e+01,1.000000000000000000e+00
1.226000000000000000e+03,5.000000000000000000e+01,-1.315143499557969875e+01,7.455079006858778712e+01,-5.535401182302684964e-01,-1.084581495477782198e+01,5.485000000000000142e+01,5.924799999999999756e+01,6.000000000000000000e+01,1.000000000000000000e+00
1.227000000000000000e+03,5.000000000000000000e+01,-1.315143499557969875e+01,7.452457412046931040e+01,-5.293729538158112868e-01,-1.084376617107379914e+01,5.485000000000000142e+01,5.924799999999999756e+01,6.000000000000000000e+01,1.000000000000000000e+00
1.228000000000000000e+03,5.000000000000000000e+01,-1.315143499557969875e+01,7.449942688774913790e+01,-5.062609104605154675e-01,-1.084173098170891691e+01,5.485000000000000142e+01,5.924799999999999756e+01,6.000000000000000000e+01,1.000000000000000000e+00
1.229000000000000000e+03,5.000000000000000000e+01,-1.315143499557969875e+01,7.447530223923493509e+01,-4.841579223359538386e-01,-1.083970932131928500e+01,5.485000000000000142e+01,5.924799999999999756e+01,6.000000000000000000e+01,1.000000000000000000e+00
1.230000000000000000e+03,5.000000000000000000e+01,-1.315143499557969875e+01,7.445215605427200956e+01,-4.630199348147177041e-01,-1.083770112387759177e+01,5.485000000000000142e+01,5.924799999999999756e+01,6.000000000000000000e+01,1.000000000000000000e+00
1.231000000000000000e+03,4.999999999999999289e+01,-1.315143499557969875e+01,7.442994613498197509e+01,-4.428048166628231752e-01,-1.083570632273946011e+01,5.485000000000000142e+01,5.924799999999999756e+01,6.000000000000000000e+01,1.000000000000000000e+00
1.232000000000000000e+03,4.999999999999999289e+01,-1.315143499557969875e+01,7.440863212233340107e+01,-4.234722760657343432e-01,-1.083372485068796998e+01,5.485000000000000142e+01,5.924799999999999756e+01,6.000000000000000000e+01,1.000000000000000000e+00
1.233000000000000000e+03,4.999999999999999289e+01,-1.334580590842934633e+01,7.476843114697589954e+01,-5.908685985702250010e-01,-1.083175663997633364e+01,5.485000000000000142e+01,5.931300000000000239e+01,6.000000000000000000e+01,1.000000000000000000e+00
1.234000000000000000e+03,4.999999999999999289e+01,-1.315143499557969875e+01,7.436042349918508876e+01,-3.791868812365306596e-01,-1.082980162236886912e+01,5.485000000000000142e+01,5.924799999999999756e+01,6.000000000000000000e+01,1.000000000000000000e+00
1.235000000000000000e+03,4.999999999999998579e+01,-1.344149620398607681e+01,7.490938513137972166e+01,-6.400291982133745616e-01,-1.082785972918027895e+01,5.485000000000000142e+01,5.934499999999999886e+01,6.000000000000000000e+01,1.000000000000000000e+00
1.236000000000000000e+03,4.999999999999999289e+01,-1.315143499557969875e+01,7.431205452535598965e+01,-3.346886384629549904e-01,-1.082593089131334096e+01,5.485000000000000142e+01,5.924799999999999756e+01,6.000000000000000000e+01,1.000000000000000000e+00
1.237000000000000000e+03,5.000000000000000000e+01,-1.344149620398607681e+01,7.486298496007432846e+01,-5.974737167932154813e-01,-1.082401503929503761e+01,5.485000000000000142e+01,5.934499999999999886e+01,6.000000000000000000e+01,1.000000000000000000e+00
1.238000000000000000e+03,5.000000000000000711e+01,-1.334580590842934633e+01,7.464779392881953868e+01,-4.798759170789872464e-01,-1.082211210331120022e+01,5.485000000000000142e+01,5.931300000000000239e+01,6.000000000000000000e+01,1.000000000000000000e+00
1.239000000000000000e+03,4.999999999999999289e+01,-1.324712529113645232e+01,7.443189989086914693e+01,-3.645525864929685667e-01,-1.082022201323972688e+01,5.485000000000000142e+01,5.928000000000000114e+01,6.000000000000000000e+01,1.000000000000000000e+00
1.240000000000000000e+03,4.999999999999999289e+01,-1.353718649954283038e+01,7.498156502450390803e+01,-6.260338262786740993e-01,-1.081834469868241477e+01,5.485000000000000142e+01,5.937700000000000244e+01,6.000000000000000000e+01,1.000000000000000000e+00
1.241000000000000000e+03,5.000000000000000000e+01,-1.363287679509956085e+01,7.513957104858526748e+01,-6.902141644902356488e-01,-1.081648008899547087e+01,5.485000000000000142e+01,5.940899999999999892e+01,6.000000000000000000e+01,1.000000000000000000e+00
1.242000000000000000e+03,4.999999999999999289e+01,-1.392293800350593891e+01,7.567504337025711436e+01,-9.374772534324327111e-01,-1.081462811331874718e+01,5.485000000000000142e+01,5.950600000000000023e+01,6.000000000000000000e+01,1.000000000000000000e+00
1.243000000000000000e+03,5.000000000000000000e+01,-1.392293800350593891e+01,7.563227437326744962e+01,-8.965476691577649593e-01,-1.081278870060374686e+01,5.485000000000000142e+01,5.950600000000000023e+01,6.000000000000000000e+01,1.000000000000000000e+00
1.244000000000000000e+03,5.000000000000000711e+01,-1.401862829906267116e+01,7.577850764577745224e+01,-9.489175670743269508e-01,-1.081096177964045246e+01,5.485000000000000142e+01,5.953799999999999670e+01,6.000000000000000000e+01,1.000000000000000000e+00
1.245000000000000000e+03,5.000000000000000711e+01,-1.411431859461942295e+01,7.592246690652405050e+01,-9.990010328216126778e-01,-1.080914727908301387e+01,5.485000000000000142e+01,5.957000000000000028e+01,6.000000000000000000e+01,1.000000000000000000e+00
1.246000000000000000e+03,4.999999999999999289e+01,-1.421299921191231697e+01,7.607010199620893331e+01,-1.049757656822272178e+00,-1.080734512747435083e+01,5.485000000000000142e+01,5.960300000000000153e+01,6.000000000000000000e+01,1.000000000000000000e+00
1.247000000000000000e+03,5.000000000000000711e+01,-1.421299921191231697e+01,7.602248045587525382e+01,-1.003925990693231851e+00,-1.080555525326969679e+01,5.485000000000000142e+01,5.960300000000000153e+01,6.000000000000000000e+01,1.000000000000000000e+00
1.248000000000000000e+03,5.000000000000000000e+01,-1.421299921191231697e+01,7.597687209899606842e+01,-9.600953022246188073e-01,-1.080377758485913375e+01,5.485000000000000142e+01,5.960300000000000153e+01,6.000000000000000000e+01,1.000000000000000000e+00
1.249000000000000000e+03,5.000000000000000711e+01,-1.421299921191231697e+01,7.593318949266890172e+01,-9.181782301674167313e-01,-1.080201205058916258e+01,5.485000000000000142e+01,5.960300000000000153e+01,6.000000000000000000e+01,1.000000000000000000e+00
1.250000000000000000e+03,4.999999999999998579e+01,-1.450007009858253149e+01,7.645295748249036194e+01,-1.152628805124511269e+00,-1.080025857878332474e+01,5.485000000000000142e+01,5.969899999999999807e+01,6.000000000000000000e+01,1.000000000000000000e+00
1.251000000000000000e+03,4.999999999999998579e+01,-1.450007009858253149e+01,7.640089305481183146e+01,-1.102305858467381050e+00,-1.079851709776193402e+01,5.485000000000000142e+01,5.969899999999999807e+01,6.000000000000000000e+01,1.000000000000000000e+00
1.252000000000000000e+03,5.000000000000000711e+01,-1.440437980302580101e+01,7.616383478853545341e+01,-9.626674496487069854e-01,-1.079678753586093798e+01,5.485000000000000142e+01,5.966700000000000159e+01,6.000000000000000000e+01,1.000000000000000000e+00
1.253000000000000000e+03,4.999999999999999289e+01,-1.450007009858253149e+01,7.630729052542035618e+01,-1.012150605387879709e+00,-1.079506982144995142e+01,5.485000000000000142e+01,5.969899999999999807e+01,6.000000000000000000e+01,1.000000000000000000e+00
1.254000000000000000e+03,5.000000000000000000e+01,-1.440437980302580101e+01,7.607419199621040207e+01,-8.764483102351222632e-01,-1.079336388294948001e+01,5.485000000000000142e+01,5.966700000000000159e+01,6.000000000000000000e+01,1.000000000000000000e+00
1.255000000000000000e+03,5.000000000000000711e+01,-1.459576039413928505e+01,7.640863830063577211e+01,-1.021208257649090845e+00,-1.079166964884738888e+01,5.485000000000000142e+01,5.973100000000000165e+01,6.000000000000000000e+01,1.000000000000000000e+00
1.256000000000000000e+03,5.000000000000000000e+01,-1.488582160254566134e+01,7.692982903222201685e+01,-1.254020381961734820e+00,-1.078998704771461981e+01,5.485000000000000142e+01,5.982800000000000296e+01,6.000000000000000000e+01,1.000000000000000000e+00
1.257000000000000000e+03,5.000000000000000000e+01,-1.479013130698890954e+01,7.668620554110674448e+01,-1.107758225897635063e+00,-1.078831600822019787e+01,5.485000000000000142e+01,5.979599999999999937e+01,6.000000000000000000e+01,1.000000000000000000e+00
1.258000000000000000e+03,5.000000000000000711e+01,-1.459576039413928505e+01,7.625592633157160094e+01,-8.735094782867580676e-01,-1.078665645914555427e+01,5.485000000000000142e+01,5.973100000000000165e+01,6.000000000000000000e+01,1.000000000000000000e+00
1.259000000000000000e+03,5.000000000000000711e+01,-1.498151189810239359e+01,7.697080277874523802e+01,-1.204282551244648447e+00,-1.078500832939818999e+01,5.485000000000000142e+01,5.985999999999999943e+01,6.000000000000000000e+01,1.000000000000000000e+00
1.260000000000000000e+03,5.000000000000000711e+01,-1.459576039413928505e+01,7.616192651119129664e+01,-7.827945690272897217e-01,-1.078337154802471609e+01,5.485000000000000142e+01,5.973100000000000165e+01,6.000000000000000000e+01,1.000000000000000000e+00
1.261000000000000000e+03,5.000000000000000000e+01,-1.459576039413928505e+01,7.612612475813638468e+01,-7.486183197738309758e-01,-1.078174604422326865e+01,5.485000000000000142e+01,5.973100000000000165e+01,6.000000000000000000e+01,1.000000000000000000e+00
1.262000000000000000e+03,4.999999999999998579e+01,-1.430868950746904744e+01,7.553021785814432576e+01,-4.413966033199342998e-01,-1.078013174735535529e+01,5.485000000000000142e+01,5.963499999999999801e+01,6.000000000000000000e+01,1.000000000000000000e+00
1.263000000000000000e+03,5.000000000000000000e+01,-1.430868950746904744e+01,7.550934363873321331e+01,-4.221255443070475732e-01,-1.077852858695711546e+01,5.485000000000000142e+01,5.963499999999999801e+01,6.000000000000000000e+01,1.000000000000000000e+00
1.264000000000000000e+03,5.000000000000000000e+01,-1.440437980302580101e+01,7.567652466758767105e+01,-4.952083718117863964e-01,-1.077693649275008347e+01,5.485000000000000142e+01,5.966700000000000159e+01,6.000000000000000000e+01,1.000000000000000000e+00
1.265000000000000000e+03,5.000000000000000711e+01,-1.498151189810239359e+01,7.678239014422807429e+01,-1.025522851474302666e+00,-1.077535539465137227e+01,5.485000000000000142e+01,5.985999999999999943e+01,6.000000000000000000e+01,1.000000000000000000e+00
1.266000000000000000e+03,5.000000000000000000e+01,-1.440437980302580101e+01,7.560697936348874748e+01,-4.288143376795302553e-01,-1.077378522278341322e+01,5.485000000000000142e+01,5.966700000000000159e+01,6.000000000000000000e+01,1.000000000000000000e+00
1.267000000000000000e+03,5.000000000000000711e+01,-1.469444101143217907e+01,7.615415687442956028e+01,-6.874899555141985585e-01,-1.077222590748318254e+01,5.485000000000000142e+01,5.976400000000000290e+01,6.000000000000000000e+01,1.000000000000000000e+00
1.268000000000000000e+03,4.999999999999998579e+01,-1.430868950746904744e+01,7.536793165402411887e+01,-2.885647672441163381e-01,-1.077067737931097113e+01,5.485000000000000142e+01,5.963499999999999801e+01,6.000000000000000000e+01,1.000000000000000000e+00
1.269000000000000000e+03,4.999999999999999289e+01,-1.411431859461942295e+01,7.497353958197086854e+01,-9.008141829273039192e-02,-1.076913956905872460e+01,5.485000000000000142e+01,5.957000000000000028e+01,6.000000000000000000e+01,1.000000000000000000e+00
1.270000000000000000e+03,5.000000000000000000e+01,-1.440437980302580101e+01,7.553553808314144646e+01,-3.635458723577014162e-01,-1.076761240775794093e+01,5.485000000000000142e+01,5.966700000000000159e+01,6.000000000000000000e+01,1.000000000000000000e+00
1.271000000000000000e+03,5.000000000000000711e+01,-1.459576039413928505e+01,7.589255499304462660e+01,-5.306987722181684131e-01,-1.076609582668716847e+01,5.485000000000000142e+01,5.973100000000000165e+01,6.000000000000000000e+01,1.000000000000000000e+00
1.272000000000000000e+03,4.999999999999997868e+01,-1.430868950746904744e+01,7.530627053170832141e+01,-2.329912668601891723e-01,-1.076458975737910428e+01,5.485000000000000142e+01,5.963499999999999801e+01,6.000000000000000000e+01,1.000000000000000000e+00
1.273000000000000000e+03,4.999999999999998579e+01,-1.479013130698890954e+01,7.623646686990117871e+01,-6.832414312849608429e-01,-1.076309413162731587e+01,5.485000000000000142e+01,5.979599999999999937e+01,6.000000000000000000e+01,1.000000000000000000e+00
1.274000000000000000e+03,5.000000000000000711e+01,-1.440437980302580101e+01,7.545049041505298248e+01,-2.845017305345661218e-01,-1.076160888149260764e+01,5.485000000000000142e+01,5.966700000000000159e+01,6.000000000000000000e+01,1.000000000000000000e+00
1.275000000000000000e+03,5.000000000000000000e+01,-1.421299921191231697e+01,7.506218868850676529e+01,-8.905553728542145442e-02,-1.076013393930902495e+01,5.485000000000000142e+01,5.960300000000000153e+01,6.000000000000000000e+01,1.000000000000000000e+00
1.276000000000000000e+03,5.000000000000001421e+01,-1.459576039413928505e+01,7.580564717188083534e+01,-4.512175400520084256e-01,-1.075866923768952788e+01,5.485000000000000142e+01,5.973100000000000165e+01,6.000000000000000000e+01,1.000000000000000000e+00
1.277000000000000000e+03,5.000000000000000000e+01,-1.469444101143217907e+01,7.597754571929323220e+01,-5.258899983297087299e-01,-1.075721470953135039e+01,5.485000000000000142e+01,5.976400000000000290e+01,6.000000000000000000e+01,1.000000000000000000e+00
1.278000000000000000e+03,5.000000000000000000e+01,-1.411431859461942295e+01,7.481822421263834144e+01,5.186467000211691936e-02,-1.075577028802104174e+01,5.485000000000000142e+01,5.957000000000000028e+01,6.000000000000000000e+01,1.000000000000000000e+00
1.279000000000000000e+03,5.000000000000000711e+01,-1.469444101143217907e+01,7.595397131066445695e+01,-5.051943925930628687e-01,-1.075433590663921102e+01,5.485000000000000142e+01,5.976400000000000290e+01,6.000000000000000000e+01,1.000000000000000000e+00
1.280000000000000000e+03,5.000000000000000711e+01,-1.450007009858253149e+01,7.555023474737133427e+01,-2.972531496238062232e-01,-1.075291149916498945e+01,5.485000000000000142e+01,5.969899999999999807e+01,6.000000000000000000e+01,1.000000000000000000e+00
1.281000000000000000e+03,5.000000000000001421e+01,-1.459576039413928505e+01,7.572304521010795497e+01,-3.757878162884332185e-01,-1.075149699968022254e+01,5.485000000000000142e+01,5.973100000000000165e+01,6.000000000000000000e+01,1.000000000000000000e+00
1.282000000000000000e+03,4.999999999999998579e+01,-1.469444101143217907e+01,7.589828683619276717e+01,-4.537534821872170610e-01,-1.075009234257338875e+01,5.485000000000000142e+01,5.976400000000000290e+01,6.000000000000000000e+01,1.000000000000000000e+00
1.283000000000000000e+03,5.000000000000000000e+01,-1.469444101143217907e+01,7.587708140468410534e+01,-4.339429307086534182e-01,-1.074869746254327296e+01,5.485000000000000142e+01,5.976400000000000290e+01,6.000000000000000000e+01,1.000000000000000000e+00
1.284000000000000000e+03,5.000000000000000711e+01,-1.459576039413928505e+01,7.566369769009379809e+01,-3.206250013521028119e-01,-1.074731229460240378e+01,5.485000000000000142e+01,5.973100000000000165e+01,6.000000000000000000e+01,1.000000000000000000e+00
1.285000000000000000e+03,5.000000000000001421e+01,-1.459576039413928505e+01,7.564832391205086992e+01,-3.066267438313381444e-01,-1.074593677408023673e+01,5.485000000000000142e+01,5.973100000000000165e+01,6.000000000000000000e+01,1.000000000000000000e+00
1.286000000000000000e+03,5.000000000000000711e+01,-1.459576039413928505e+01,7.563357087095606346e+01,-2.932396401906243177e-01,-1.074457083662614743e+01,5.485000000000000142e+01,5.973100000000000165e+01,6.000000000000000000e+01,1.000000000000000000e+00
1.287000000000000000e+03,5.000000000000000711e+01,-1.469444101143217907e+01,7.581246472987649554e+01,-3.748093002321405964e-01,-1.074321441821217071e+01,5.485000000000000142e+01,5.976400000000000290e+01,6.000000000000000000e+01,1.000000000000000000e+00
1.288000000000000000e+03,5.000000000000001421e+01,-1.459576039413928505e+01,7.560170095203055496e+01,-2.640731027556904031e-01,-1.074186745513557284e+01,5.485000000000000142e+01,5.973100000000000165e+01,6.000000000000000000e+01,1.000000000000000000e+00
1.289000000000000000e+03,4.999999999999999289e+01,-1.469444101143217907e+01,7.578188704834892064e+01,-3.469161528955504448e-01,-1.074052988402120157e+01,5.485000000000000142e+01,5.976400000000000290e+01,6.000000000000000000e+01,1.000000000000000000e+00
1.290000000000000000e+03,5.000000000000001421e+01,-1.459576039413928505e+01,7.557235978618231798e+01,-2.373977502193673761e-01,-1.073920164182365333e+01,5.485000000000000142e+01,5.973100000000000165e+01,6.000000000000000000e+01,1.000000000000000000e+00
1.291000000000000000e+03,4.999999999999998579e+01,-1.479013130698890954e+01,7.594093192583788721e+01,-4.129179530197202297e-01,-1.073788266582926454e+01,5.485000000000000142e+01,5.979599999999999937e+01,6.000000000000000000e+01,1.000000000000000000e+00
1.292000000000000000e+03,5.000000000000000000e+01,-1.479013130698890954e+01,7.592159445209324531e+01,-3.948902514464126545e-01,-1.073657289365791989e+01,5.485000000000000142e+01,5.979599999999999937e+01,6.000000000000000000e+01,1.000000000000000000e+00
1.293000000000000000e+03,5.000000000000001421e+01,-1.459576039413928505e+01,7.552279746554391693e+01,-1.917648081399166704e-01,-1.073527226326470441e+01,5.485000000000000142e+01,5.973100000000000165e+01,6.000000000000000000e+01,1.000000000000000000e+00
1.294000000000000000e+03,5.000000000000000000e+01,-1.430868950746904744e+01,7.495152513688965712e+01,9.114508352077427267e-02,-1.073398071294138489e+01,5.485000000000000142e+01,5.963499999999999801e+01,6.000000000000000000e+01,1.000000000000000000e+00
1.295000000000000000e+03,4.999999999999999289e+01,-1.479013130698890954e+01,7.589608612971073853e+01,-3.732566414040805469e-01,-1.073269818131774933e+01,5.485000000000000142e+01,5.979599999999999937e+01,6.000000000000000000e+01,1.000000000000000000e+00
1.296000000000000000e+03,4.999999999999999289e+01,-1.469444101143217907e+01,7.569131361712766193e+01,-2.654479983327026060e-01,-1.073142460736278814e+01,5.485000000000000142e+01,5.976400000000000290e+01,6.000000000000000000e+01,1.000000000000000000e+00
1.297000000000000000e+03,5.000000000000000000e+01,-1.479013130698890954e+01,7.586566249245814220e+01,-3.453712550834916462e-01,-1.073015993038573868e+01,5.485000000000000142e+01,5.979599999999999937e+01,6.000000000000000000e+01,1.000000000000000000e+00
1.298000000000000000e+03,5.000000000000000000e+01,-1.498151189810239359e+01,7.622373363383384515e+01,-5.133176456944392729e-01,-1.072890409003700718e+01,5.485000000000000142e+01,5.985999999999999943e+01,6.000000000000000000e+01,1.000000000000000000e+00
1.299000000000000000e+03,5.000000000000000000e+01,-1.479013130698890954e+01,7.582566984705542268e+01,-3.078815137575755534e-01,-1.072765702630893436e+01,5.485000000000000142e+01,5.979599999999999937e+01,6.000000000000000000e+01,1.000000000000000000e+00
1.300000000000000000e+03,4.999999999999999289e+01,-1.498151189810239359e+01,7.618539525721597272e+01,-4.774646795771124719e-01,-1.072641867953647044e+01,5.485000000000000142e+01,5.985999999999999943e+01,6.000000000000000000e+01,1.000000000000000000e+00
1.301000000000000000e+03,5.000000000000000000e+01,-1.508019251539528760e+01,7.635637271236763013e+01,-5.509912065746367382e-01,-1.072518899039770446e+01,5.485000000000000142e+01,5.989300000000000068e+01,6.000000000000000000e+01,1.000000000000000000e+00
1.302000000000000000e+03,5.000000000000000000e+01,-1.508019251539528760e+01,7.633109574112388884e+01,-5.269353258143011365e-01,-1.072396789991429600e+01,5.485000000000000142e+01,5.989300000000000068e+01,6.000000000000000000e+01,1.000000000000000000e+00
1.303000000000000000e+03,5.000000000000000000e+01,-1.508019251539528760e+01,7.630687757239570601e+01,-5.039297075486304234e-01,-1.072275534945178777e+01,5.485000000000000142e+01,5.989300000000000068e+01,6.000000000000000000e+01,1.000000000000000000e+00
1.304000000000000000e+03,4.999999999999999289e+01,-1.479013130698890954e+01,7.571621374162229756e+01,-2.045311539135660772e-01,-1.072155128071982766e+01,5.485000000000000142e+01,5.979599999999999937e+01,6.000000000000000000e+01,1.000000000000000000e+00
1.305000000000000000e+03,5.000000000000000000e+01,-1.498151189810239359e+01,7.608049405616796435e+01,-3.786265222932875818e-01,-1.072035563577227535e+01,5.485000000000000142e+01,5.985999999999999943e+01,6.000000000000000000e+01,1.000000000000000000e+00
1.306000000000000000e+03,5.000000000000000711e+01,-1.488582160254566134e+01,7.587557339362790287e+01,-2.705834340750060685e-01,-1.071916835700722892e+01,5.485000000000000142e+01,5.982800000000000296e+01,6.000000000000000000e+01,1.000000000000000000e+00
1.307000000000000000e+03,5.000000000000000711e+01,-1.488582160254566134e+01,7.586258094519094186e+01,-2.587699554783222666e-01,-1.071798938716695204e+01,5.485000000000000142e+01,5.982800000000000296e+01,6.000000000000000000e+01,1.000000000000000000e+00
1.308000000000000000e+03,5.000000000000000711e+01,-1.508019251539528760e+01,7.623036824786396437e+01,-4.333570631309484611e-01,-1.071681866933771943e+01,5.485000000000000142e+01,5.989300000000000068e+01,6.000000000000000000e+01,1.000000000000000000e+00
1.309000000000000000e+03,4.999999999999999289e+01,-1.508019251539528760e+01,7.621028566701944840e+01,-4.144370046745978198e-01,-1.071565614694956992e+01,5.485000000000000142e+01,5.989300000000000068e+01,6.000000000000000000e+01,1.000000000000000000e+00
1.310000000000000000e+03,5.000000000000000000e+01,-1.508019251539528760e+01,7.619103726156718892e+01,-3.963429823959096487e-01,-1.071450176377599384e+01,5.485000000000000142e+01,5.989300000000000068e+01,6.000000000000000000e+01,1.000000000000000000e+00
1.311000000000000000e+03,5.000000000000000000e+01,-1.527157310650877164e+01,7.654699255440529271e+01,-5.620639839629946177e-01,-1.071335546393352978e+01,5.485000000000000142e+01,5.995700000000000074e+01,6.000000000000000000e+01,1.000000000000000000e+00
1.312000000000000000e+03,5.000000000000000000e+01,-1.508019251539528760e+01,7.614690932914787425e+01,-3.544996218712772595e-01,-1.071221719188130805e+01,5.485000000000000142e+01,5.989300000000000068e+01,6.000000000000000000e+01,1.000000000000000000e+00
1.313000000000000000e+03,5.000000000000000000e+01,-1.517588281095201808e+01,7.631750465200261146e+01,-4.305349486300872885e-01,-1.071108689242050538e+01,5.485000000000000142e+01,5.992499999999999716e+01,6.000000000000000000e+01,1.000000000000000000e+00
1.314000000000000000e+03,4.999999999999998579e+01,-1.508019251539528760e+01,7.611038260184960791e+01,-3.202255757605904640e-01,-1.070996451069374444e+01,5.485000000000000142e+01,5.989300000000000068e+01,6.000000000000000000e+01,1.000000000000000000e+00
1.315000000000000000e+03,5.000000000000000000e+01,-1.508019251539528760e+01,7.609528726445429925e+01,-3.062447568745760296e-01,-1.070884999218443312e+01,5.485000000000000142e+01,5.989300000000000068e+01,6.000000000000000000e+01,1.000000000000000000e+00
1.316000000000000000e+03,5.000000000000000000e+01,-1.508019251539528760e+01,7.608081012862164982e+01,-2.928743305103309047e-01,-1.070774328271603437e+01,5.485000000000000142e+01,5.989300000000000068e+01,6.000000000000000000e+01,1.000000000000000000e+00
1.317000000000000000e+03,5.000000000000001421e+01,-1.527157310650877164e+01,7.644133013414332822e+01,-4.631126991832645867e-01,-1.070664432845128466e+01,5.485000000000000142e+01,5.995700000000000074e+01,6.000000000000000000e+01,1.000000000000000000e+00
1.318000000000000000e+03,5.000000000000000000e+01,-1.517588281095201808e+01,7.623281689194148214e+01,-3.513810050980983313e-01,-1.070555307589136262e+01,5.485000000000000142e+01,5.992499999999999716e+01,6.000000000000000000e+01,1.000000000000000000e+00
1.319000000000000000e+03,5.000000000000000711e+01,-1.517588281095201808e+01,7.621639224534726509e+01,-3.360399625202405982e-01,-1.070446947187499909e+01,5.485000000000000142e+01,5.992499999999999716e+01,6.000000000000000000e+01,1.000000000000000000e+00
1.320000000000000000e+03,5.000000000000000000e+01,-1.508019251539528760e+01,7.601344215191997478e+01,-2.298561729471445547e-01,-1.070339346357753740e+01,5.485000000000000142e+01,5.989300000000000068e+01,6.000000000000000000e+01,1.000000000000000000e+00
1.321000000000000000e+03,5.000000000000000000e+01,-1.527157310650877164e+01,7.637674397418447825e+01,-4.028458691657578195e-01,-1.070232499850995289e+01,5.485000000000000142e+01,5.995700000000000074e+01,6.000000000000000000e+01,1.000000000000000000e+00
1.322000000000000000e+03,4.999999999999998579e+01,-1.508019251539528760e+01,7.598368939564524283e+01,-2.022328557321408649e-01,-1.070126402451782255e+01,5.485000000000000142e+01,5.989300000000000068e+01,6.000000000000000000e+01,1.000000000000000000e+00
1.323000000000000000e+03,5.000000000000000000e+01,-1.527157310650877164e+01,7.634821216245053677e+01,-3.764285661615073275e-01,-1.070021048978026101e+01,5.485000000000000142e+01,5.995700000000000074e+01,6.000000000000000000e+01,1.000000000000000000e+00
1.324000000000000000e+03,4.999999999999999289e+01,-1.517588281095201808e+01,7.614352859289176934e+01,-2.684814391309552351e-01,-1.069916434280879791e+01,5.485000000000000142e+01,5.992499999999999716e+01,6.000000000000000000e+01,1.000000000000000000e+00
1.325000000000000000e+03,4.999999999999999289e+01,-1.508019251539528760e+01,7.594356525405946456e+01,-1.652472062179378143e-01,-1.069812553244624098e+01,5.485000000000000142e+01,5.989300000000000068e+01,6.000000000000000000e+01,1.000000000000000000e+00
1.326000000000000000e+03,5.000000000000000000e+01,-1.508019251539528760e+01,7.593531915501486651e+01,-1.580326317540914072e-01,-1.069709400786548592e+01,5.485000000000000142e+01,5.989300000000000068e+01,6.000000000000000000e+01,1.000000000000000000e+00
1.327000000000000000e+03,5.000000000000000000e+01,-1.508019251539528760e+01,7.592739527439869107e+01,-1.511330404351081957e-01,-1.069606971856829603e+01,5.485000000000000142e+01,5.989300000000000068e+01,6.000000000000000000e+01,1.000000000000000000e+00
1.328000000000000000e+03,4.999999999999999289e+01,-1.508019251539528760e+01,7.591977981010221299e+01,-1.445346803228738930e-01,-1.069505261438405519e+01,5.485000000000000142e+01,5.989300000000000068e+01,6.000000000000000000e+01,1.000000000000000000e+00
1.329000000000000000e+03,5.000000000000000000e+01,-1.527157310650877164e+01,7.628686520367125468e+01,-3.212494516939983225e-01,-1.069404264546848538e+01,5.485000000000000142e+01,5.995700000000000074e+01,6.000000000000000000e+01,1.000000000000000000e+00
1.330000000000000000e+03,5.000000000000000000e+01,-1.527157310650877164e+01,7.627183679993042631e+01,-3.072239311193297739e-01,-1.069303976230233033e+01,5.485000000000000142e+01,5.995700000000000074e+01,6.000000000000000000e+01,1.000000000000000000e+00
1.331000000000000000e+03,4.999999999999998579e+01,-1.508019251539528760e+01,7.588302213398041829e+01,-1.107857028951124978e-01,-1.069204391569002510e+01,5.485000000000000142e+01,5.989300000000000068e+01,6.000000000000000000e+01,1.000000000000000000e+00
1.332000000000000000e+03,5.000000000000000000e+01,-1.508019251539528760e+01,7.587719645074555785e+01,-1.059488785919395493e-01,-1.069105505675832646e+01,5.485000000000000142e+01,5.989300000000000068e+01,6.000000000000000000e+01,1.000000000000000000e+00
1.333000000000000000e+03,5.000000000000000711e+01,-1.517588281095201808e+01,7.605879170038200243e+01,-1.928357524750513030e-01,-1.069007313695493089e+01,5.485000000000000142e+01,5.992499999999999716e+01,6.000000000000000000e+01,1.000000000000000000e+00
1.334000000000000000e+03,5.000000000000000000e+01,-1.498151189810239359e+01,7.566914186977540169e+01,1.468136374048800707e-03,-1.068909810804705351e+01,5.485000000000000142e+01,5.985999999999999943e+01,6.000000000000000000e+01,1.000000000000000000e+00
1.335000000000000000e+03,5.000000000000001421e+01,-1.498151189810239359e+01,7.566823778162911651e+01,1.404038593299108658e-03,-1.068812992212000701e+01,5.485000000000000142e+01,5.985999999999999943e+01,6.000000000000000000e+01,1.000000000000000000e+00
1.336000000000000000e+03,4.999999999999998579e+01,-1.508019251539528760e+01,7.586039060003744794e+01,-9.302955306642995970e-02,-1.068716853157573965e+01,5.485000000000000142e+01,5.989300000000000068e+01,6.000000000000000000e+01,1.000000000000000000e+00
1.337000000000000000e+03,4.999999999999998579e+01,-1.508019251539528760e+01,7.585537435405194628e+01,-8.896794952530302780e-02,-1.068621388913136805e+01,5.485000000000000142e+01,5.989300000000000068e+01,6.000000000000000000e+01,1.000000000000000000e+00
1.338000000000000000e+03,5.000000000000000000e+01,-1.479013130698890954e+01,7.528308358333023875e+01,1.923136714763614696e-01,-1.068526594781768679e+01,5.485000000000000142e+01,5.979599999999999937e+01,6.000000000000000000e+01,1.000000000000000000e+00
1.339000000000000000e+03,5.000000000000000000e+01,-1.479013130698890954e+01,7.529053857340791467e+01,1.839173945586625447e-01,-1.068432466097766564e+01,5.485000000000000142e+01,5.979599999999999937e+01,6.000000000000000000e+01,1.000000000000000000e+00
1.340000000000000000e+03,4.999999999999999289e+01,-1.450007009858253149e+01,7.473017504362324814e+01,4.532850372241994386e-01,-1.068338998226492187e+01,5.485000000000000142e+01,5.969899999999999807e+01,6.000000000000000000e+01,1.000000000000000000e+00
1.341000000000000000e+03,5.000000000000001421e+01,-1.469444101143217907e+01,7.512929275760734527e+01,2.476101194670314587e-01,-1.068246186564218903e+01,5.485000000000000142e+01,5.976400000000000290e+01,6.000000000000000000e+01,1.000000000000000000e+00
1.342000000000000000e+03,5.000000000000000000e+01,-1.488582160254566134e+01,7.551358728043689439e+01,5.377458748853464199e-02,-1.068154026537976620e+01,5.485000000000000142e+01,5.982800000000000296e+01,6.000000000000000000e+01,1.000000000000000000e+00
1.343000000000000000e+03,5.000000000000000000e+01,-1.498151189810239359e+01,7.570222273248349154e+01,-4.008569832713018005e-02,-1.068062513605395836e+01,5.485000000000000142e+01,5.985999999999999943e+01,6.000000000000000000e+01,1.000000000000000000e+00
1.344000000000000000e+03,5.000000000000000000e+01,-1.508019251539528760e+01,7.589261682578127477e+01,-1.327078778404834625e-01,-1.067971643254550429e+01,5.485000000000000142e+01,5.989300000000000068e+01,6.000000000000000000e+01,1.000000000000000000e+00
1.345000000000000000e+03,5.000000000000000711e+01,-1.498151189810239359e+01,7.569286766290595381e+01,-3.254165476556199199e-02,-1.067881411003799208e+01,5.485000000000000142e+01,5.985999999999999943e+01,6.000000000000000000e+01,1.000000000000000000e+00
1.346000000000000000e+03,4.999999999999997868e+01,-1.508019251539528760e+01,7.588360384121973823e+01,-1.254932018082013934e-01,-1.067791812401626395e+01,5.485000000000000142e+01,5.989300000000000068e+01,6.000000000000000000e+01,1.000000000000000000e+00
1.347000000000000000e+03,5.000000000000000711e+01,-1.498151189810239359e+01,7.568418229467977199e+01,-2.564196631254815617e-02,-1.067702843026482107e+01,5.485000000000000142e+01,5.985999999999999943e+01,6.000000000000000000e+01,1.000000000000000000e+00
1.348000000000000000e+03,5.000000000000001421e+01,-1.498151189810239359e+01,7.568217933942925413e+01,-2.452245646063976048e-02,-1.067614498486620711e+01,5.485000000000000142e+01,5.985999999999999943e+01,6.000000000000000000e+01,1.000000000000000000e+00
1.349000000000000000e+03,4.999999999999998579e+01,-1.508019251539528760e+01,7.587328437554242555e+01,-1.178241159477516620e-01,-1.067526774419939528e+01,5.485000000000000142e+01,5.989300000000000068e+01,6.000000000000000000e+01,1.000000000000000000e+00
1.350000000000000000e+03,5.000000000000000000e+01,-1.508019251539528760e+01,7.586726917991398977e+01,-1.126799995805385923e-01,-1.067439666493816830e+01,5.485000000000000142e+01,5.989300000000000068e+01,6.000000000000000000e+01,1.000000000000000000e+00
1.351000000000000000e+03,4.999999999999998579e+01,-1.508019251539528760e+01,7.586148469108793790e+01,-1.077604716431777299e-01,-1.067353170404948415e+01,5.485000000000000142e+01,5.989300000000000068e+01,6.000000000000000000e+01,1.000000000000000000e+00
1.352000000000000000e+03,4.999999999999998579e+01,-1.508019251539528760e+01,7.585592106095307940e+01,-1.030557267659567983e-01,-1.067267281879184360e+01,5.485000000000000142e+01,5.989300000000000068e+01,6.000000000000000000e+01,1.000000000000000000e+00
1.353000000000000000e+03,5.000000000000000711e+01,-1.517588281095201808e+01,7.603777169124772684e+01,-1.900689135820463060e-01,-1.067181996671365418e+01,5.485000000000000142e+01,5.992499999999999716e+01,6.000000000000000000e+01,1.000000000000000000e+00
1.354000000000000000e+03,4.999999999999999289e+01,-1.508019251539528760e+01,7.584142373632286649e+01,-9.025811527599443551e-02,-1.067097310565158885e+01,5.485000000000000142e+01,5.989300000000000068e+01,6.000000000000000000e+01,1.000000000000000000e+00
1.355000000000000000e+03,5.000000000000000000e+01,-1.508019251539528760e+01,7.583664221984460596e+01,-8.631751072037921468e-02,-1.067013219372893928e+01,5.485000000000000142e+01,5.989300000000000068e+01,6.000000000000000000e+01,1.000000000000000000e+00
1.356000000000000000e+03,4.999999999999998579e+01,-1.508019251539528760e+01,7.583203865488164297e+01,-8.254895013240337587e-02,-1.066929718935396210e+01,5.485000000000000142e+01,5.989300000000000068e+01,6.000000000000000000e+01,1.000000000000000000e+00
1.357000000000000000e+03,4.999999999999999289e+01,-1.508019251539528760e+01,7.582760548880939666e+01,-7.894492219587588566e-02,-1.066846805121824104e+01,5.485000000000000142e+01,5.989300000000000068e+01,6.000000000000000000e+01,1.000000000000000000e+00
1.358000000000000000e+03,4.999999999999999289e+01,-1.517588281095201808e+01,7.601053831868779298e+01,-1.670107694407576282e-01,-1.066764473829502613e+01,5.485000000000000142e+01,5.992499999999999716e+01,6.000000000000000000e+01,1.000000000000000000e+00
1.359000000000000000e+03,5.000000000000000711e+01,-1.546295369762225569e+01,7.656403768425421674e+01,-4.342567767943727453e-01,-1.066682720983758692e+01,5.485000000000000142e+01,6.002100000000000080e+01,6.000000000000000000e+01,1.000000000000000000e+00
1.360000000000000000e+03,4.999999999999999289e+01,-1.536726340206550212e+01,7.635706373902054622e+01,-3.237849115774965036e-01,-1.066601542537755343e+01,5.485000000000000142e+01,5.998899999999999721e+01,6.000000000000000000e+01,1.000000000000000000e+00
1.361000000000000000e+03,5.000000000000000000e+01,-1.556163431491514970e+01,7.672237717253143785e+01,-4.955335128930217214e-01,-1.066520934472326942e+01,5.485000000000000142e+01,6.005400000000000205e+01,6.000000000000000000e+01,1.000000000000000000e+00
1.362000000000000000e+03,4.999999999999999289e+01,-1.565732461047188018e+01,7.688714493958717355e+01,-5.654114011571655940e-01,-1.066440892795813511e+01,5.485000000000000142e+01,6.008599999999999852e+01,6.000000000000000000e+01,1.000000000000000000e+00
1.363000000000000000e+03,5.000000000000000000e+01,-1.546295369762225569e+01,7.648140895985902432e+01,-3.548411267978140993e-01,-1.066361413543895686e+01,5.485000000000000142e+01,6.002100000000000080e+01,6.000000000000000000e+01,1.000000000000000000e+00
1.364000000000000000e+03,4.999999999999998579e+01,-1.527157310650877164e+01,7.609072200027715382e+01,-1.563239659741016696e-01,-1.066282492779429525e+01,5.485000000000000142e+01,5.995700000000000074e+01,6.000000000000000000e+01,1.000000000000000000e+00
1.365000000000000000e+03,5.000000000000000711e+01,-1.565732461047188018e+01,7.683777472023641053e+01,-5.184088438417069344e-01,-1.066204126592281654e+01,5.485000000000000142e+01,6.008599999999999852e+01,6.000000000000000000e+01,1.000000000000000000e+00
1.366000000000000000e+03,5.000000000000000000e+01,-1.546295369762225569e+01,7.643410747602580102e+01,-3.098906674119044080e-01,-1.066126311099164425e+01,5.485000000000000142e+01,6.002100000000000080e+01,6.000000000000000000e+01,1.000000000000000000e+00
1.367000000000000000e+03,4.999999999999998579e+01,-1.556163431491514970e+01,7.661285809490138377e+01,-3.907333555515234425e-01,-1.066049042443471606e+01,5.485000000000000142e+01,6.005400000000000205e+01,6.000000000000000000e+01,1.000000000000000000e+00
1.368000000000000000e+03,5.000000000000001421e+01,-1.546295369762225569e+01,7.640197879081823373e+01,-2.793019252448335488e-01,-1.065972316795113706e+01,5.485000000000000142e+01,6.002100000000000080e+01,6.000000000000000000e+01,1.000000000000000000e+00
1.369000000000000000e+03,4.999999999999999289e+01,-1.546295369762225569e+01,7.638902280470470885e+01,-2.671078035789159477e-01,-1.065896130350354376e+01,5.485000000000000142e+01,6.002100000000000080e+01,6.000000000000000000e+01,1.000000000000000000e+00
1.370000000000000000e+03,5.000000000000001421e+01,-1.536726340206550212e+01,7.618940173799052218e+01,-1.639335426085403169e-01,-1.065820479331646453e+01,5.485000000000000142e+01,5.998899999999999721e+01,6.000000000000000000e+01,1.000000000000000000e+00
1.371000000000000000e+03,5.000000000000000000e+01,-1.546295369762225569e+01,7.636869614515980231e+01,-2.482888476628647423e-01,-1.065745359987468710e+01,5.485000000000000142e+01,6.002100000000000080e+01,6.000000000000000000e+01,1.000000000000000000e+00
1.372000000000000000e+03,5.000000000000000711e+01,-1.517588281095201808e+01,7.579550165386446281e+01,3.708884300919271237e-02,-1.065670768592162965e+01,5.485000000000000142e+01,5.992499999999999716e+01,6.000000000000000000e+01,1.000000000000000000e+00
1.373000000000000000e+03,5.000000000000000000e+01,-1.556163431491514970e+01,7.655104162870395612e+01,-3.334402993310882080e-01,-1.065596701445771544e+01,5.485000000000000142e+01,6.005400000000000205e+01,6.000000000000000000e+01,1.000000000000000000e+00
1.374000000000000000e+03,5.000000000000002132e+01,-1.575301490602863375e+01,7.691015404167750091e+01,-5.019075869101035092e-01,-1.065523154873874923e+01,5.485000000000000142e+01,6.011800000000000210e+01,6.000000000000000000e+01,1.000000000000000000e+00
1.375000000000000000e+03,4.999999999999999289e+01,-1.556163431491514970e+01,7.651310517714286163e+01,-2.969696099534085976e-01,-1.065450125227430611e+01,5.485000000000000142e+01,6.005400000000000205e+01,6.000000000000000000e+01,1.000000000000000000e+00
1.376000000000000000e+03,4.999999999999999289e+01,-1.584870520158536422e+01,7.706102299798303079e+01,-5.585417075715668478e-01,-1.065377608882611149e+01,5.485000000000000142e+01,6.014999999999999858e+01,6.000000000000000000e+01,1.000000000000000000e+00
1.377000000000000000e+03,5.000000000000000000e+01,-1.556163431491514970e+01,7.647430893695410248e+01,-2.596185996325013901e-01,-1.065305602240644234e+01,5.485000000000000142e+01,6.005400000000000205e+01,6.000000000000000000e+01,1.000000000000000000e+00
1.378000000000000000e+03,4.999999999999998579e+01,-1.565732461047188018e+01,7.664946199149652273e+01,-3.397963637481326016e-01,-1.065234101727651783e+01,5.485000000000000142e+01,6.008599999999999852e+01,6.000000000000000000e+01,1.000000000000000000e+00
1.379000000000000000e+03,5.000000000000000000e+01,-1.556163431491514970e+01,7.644671392525258113e+01,-2.334485723925254774e-01,-1.065163103794490596e+01,5.485000000000000142e+01,6.005400000000000205e+01,6.000000000000000000e+01,1.000000000000000000e+00
1.380000000000000000e+03,5.000000000000000711e+01,-1.575301490602863375e+01,7.681022238222335830e+01,-4.062814270287861129e-01,-1.065092604916593189e+01,5.485000000000000142e+01,6.011800000000000210e+01,6.000000000000000000e+01,1.000000000000000000e+00
1.381000000000000000e+03,5.000000000000000000e+01,-1.556163431491514970e+01,7.641737875045701855e+01,-2.055184196037731226e-01,-1.065022601593809348e+01,5.485000000000000142e+01,6.005400000000000205e+01,6.000000000000000000e+01,1.000000000000000000e+00
1.382000000000000000e+03,5.000000000000000000e+01,-1.527157310650877164e+01,7.584025229871099327e+01,8.085171130025212149e-02,-1.064953090350247855e+01,5.485000000000000142e+01,5.995700000000000074e+01,6.000000000000000000e+01,1.000000000000000000e+00
1.383000000000000000e+03,5.000000000000000000e+01,-1.556163431491514970e+01,7.641055055281999842e+01,-2.000755605636501122e-01,-1.064884067734119810e+01,5.485000000000000142e+01,6.005400000000000205e+01,6.000000000000000000e+01,1.000000000000000000e+00
1.384000000000000000e+03,4.999999999999999289e+01,-1.565732461047188018e+01,7.658833284469247360e+01,-2.828529310447855383e-01,-1.064815530317581249e+01,5.485000000000000142e+01,6.008599999999999852e+01,6.000000000000000000e+01,1.000000000000000000e+00
1.385000000000000000e+03,4.999999999999999289e+01,-1.536726340206550212e+01,7.600784457988757481e+01,6.893569143695432722e-03,-1.064747474696577001e+01,5.485000000000000142e+01,5.998899999999999721e+01,6.000000000000000000e+01,1.000000000000000000e+00
1.386000000000000000e+03,5.000000000000000000e+01,-1.556163431491514970e+01,7.638772550721080279e+01,-1.792922173887963877e-01,-1.064679897490685079e+01,5.485000000000000142e+01,6.005400000000000205e+01,6.000000000000000000e+01,1.000000000000000000e+00
1.387000000000000000e+03,4.999999999999998579e+01,-1.565732461047188018e+01,7.656642953762305126e+01,-2.629769737215564840e-01,-1.064612795342963025e+01,5.485000000000000142e+01,6.008599999999999852e+01,6.000000000000000000e+01,1.000000000000000000e+00
1.388000000000000000e+03,5.000000000000000000e+01,-1.565732461047188018e+01,7.655428184739631092e+01,-2.514955877265102613e-01,-1.064546164919792304e+01,5.485000000000000142e+01,6.008599999999999852e+01,6.000000000000000000e+01,1.000000000000000000e+00
1.389000000000000000e+03,5.000000000000001421e+01,-1.575301490602863375e+01,7.672984293184987337e+01,-3.320279967139739830e-01,-1.064480002910725531e+01,5.485000000000000142e+01,6.011800000000000210e+01,6.000000000000000000e+01,1.000000000000000000e+00
1.390000000000000000e+03,5.000000000000001421e+01,-1.594738581887825823e+01,7.709494559000818015e+01,-5.034167108465724683e-01,-1.064414306028333534e+01,5.485000000000000142e+01,6.018299999999999983e+01,6.000000000000000000e+01,1.000000000000000000e+00
1.391000000000000000e+03,4.999999999999999289e+01,-1.604307611443501003e+01,7.725951724885956651e+01,-5.729504243440290967e-01,-1.064349071008053293e+01,5.485000000000000142e+01,6.021500000000000341e+01,6.000000000000000000e+01,1.000000000000000000e+00
1.392000000000000000e+03,5.000000000000000000e+01,-1.604307611443501003e+01,7.723385488040629809e+01,-5.479358198909241029e-01,-1.064284294608036774e+01,5.485000000000000142e+01,6.021500000000000341e+01,6.000000000000000000e+01,1.000000000000000000e+00
1.393000000000000000e+03,5.000000000000000000e+01,-1.604307611443501003e+01,7.720928918564605681e+01,-5.240133351210564117e-01,-1.064219973608999581e+01,5.485000000000000142e+01,6.021500000000000341e+01,6.000000000000000000e+01,1.000000000000000000e+00
1.394000000000000000e+03,5.000000000000000000e+01,-1.604307611443501003e+01,7.718577245144834365e+01,-5.011352888726171573e-01,-1.064156104814071391e+01,5.485000000000000142e+01,6.021500000000000341e+01,6.000000000000000000e+01,1.000000000000000000e+00
1.395000000000000000e+03,5.000000000000000711e+01,-1.604307611443501003e+01,7.716325904663059987e+01,-4.792560817091122694e-01,-1.064092685048647446e+01,5.485000000000000142e+01,6.021500000000000341e+01,6.000000000000000000e+01,1.000000000000000000e+00
1.396000000000000000e+03,4.999999999999998579e+01,-1.604307611443501003e+01,7.714170533107011352e+01,-4.583321050327288648e-01,-1.064029711160238634e+01,5.485000000000000142e+01,6.021500000000000341e+01,6.000000000000000000e+01,1.000000000000000000e+00
1.397000000000000000e+03,5.000000000000000000e+01,-1.604307611443501003e+01,7.712106956878400865e+01,-4.383216541657468102e-01,-1.063967180018325109e+01,5.485000000000000142e+01,6.021500000000000341e+01,6.000000000000000000e+01,1.000000000000000000e+00
1.398000000000000000e+03,5.000000000000000000e+01,-1.604307611443501003e+01,7.710131184480384547e+01,-4.191848452267534220e-01,-1.063905088514208330e+01,5.485000000000000142e+01,6.021500000000000341e+01,6.000000000000000000e+01,1.000000000000000000e+00
1.399000000000000000e+03,4.999999999999999289e+01,-1.594738581887825823e+01,7.689519116421539024e+01,-3.093710097284866345e-01,-1.063843433560865215e+01,5.485000000000000142e+01,6.018299999999999983e+01,6.000000000000000000e+01,1.000000000000000000e+00
1.400000000000000000e+03,4.999999999999999289e+01,-1.594738581887825823e+01,7.688107203321391125e+01,-2.958640934076270379e-01,-1.063782212092802659e+01,5.485000000000000142e+01,6.018299999999999983e+01,6.000000000000000000e+01,1.000000000000000000e+00
1.401000000000000000e+03,4.999999999999998579e+01,-1.604307611443501003e+01,7.705474973036417907e+01,-3.744594052700486175e-01,-1.063721421065912942e+01,5.485000000000000142e+01,6.021500000000000341e+01,6.000000000000000000e+01,1.000000000000000000e+00
1.402000000000000000e+03,5.000000000000000000e+01,-1.604307611443501003e+01,7.703779746530700834e+01,-3.581107762987035814e-01,-1.063661057457329306e+01,5.485000000000000142e+01,6.021500000000000341e+01,6.000000000000000000e+01,1.000000000000000000e+00
1.403000000000000000e+03,5.000000000000000000e+01,-1.604307611443501003e+01,7.702156321382646809e+01,-3.424759167386247638e-01,-1.063601118265283318e+01,5.485000000000000142e+01,6.021500000000000341e+01,6.000000000000000000e+01,1.000000000000000000e+00
1.404000000000000000e+03,5.000000000000000000e+01,-1.604307611443501003e+01,7.700601578345406040e+01,-3.275236639294232255e-01,-1.063541600508962226e+01,5.485000000000000142e+01,6.021500000000000341e+01,6.000000000000000000e+01,1.000000000000000000e+00
1.405000000000000000e+03,5.000000000000000000e+01,-1.604307611443501003e+01,7.699112534246879136e+01,-3.132242157501042845e-01,-1.063482501228367383e+01,5.485000000000000142e+01,6.021500000000000341e+01,6.000000000000000000e+01,1.000000000000000000e+00
1.406000000000000000e+03,4.999999999999999289e+01,-1.604307611443501003e+01,7.697686336049562783e+01,-2.995490712188939586e-01,-1.063423817484173384e+01,5.485000000000000142e+01,6.021500000000000341e+01,6.000000000000000000e+01,1.000000000000000000e+00
1.407000000000000000e+03,4.999999999999999289e+01,-1.604307611443501003e+01,7.696320255169732150e+01,-2.864709736864338718e-01,-1.063365546357588265e+01,5.485000000000000142e+01,6.021500000000000341e+01,6.000000000000000000e+01,1.000000000000000000e+00
1.408000000000000000e+03,5.000000000000000000e+01,-1.604307611443501003e+01,7.695011682044626866e+01,-2.739638565091208067e-01,-1.063307684950213527e+01,5.485000000000000142e+01,6.021500000000000341e+01,6.000000000000000000e+01,1.000000000000000000e+00
1.409000000000000000e+03,4.999999999999998579e+01,-1.613876640999174228e+01,7.712478403083258627e+01,-3.535153170017855673e-01,-1.063250230383906825e+01,5.485000000000000142e+01,6.024699999999999989e+01,6.000000000000000000e+01,1.000000000000000000e+00
1.410000000000000000e+03,5.000000000000000000e+01,-1.623445670554849585e+01,7.729598212135994117e+01,-4.295936178050104304e-01,-1.063193179800643051e+01,5.485000000000000142e+01,6.027900000000000347e+01,6.000000000000000000e+01,1.000000000000000000e+00
1.411000000000000000e+03,5.000000000000000711e+01,-1.604307611443501003e+01,7.690225423491526158e+01,-2.278128168564649003e-01,-1.063136530362378096e+01,5.485000000000000142e+01,6.021500000000000341e+01,6.000000000000000000e+01,1.000000000000000000e+00
1.412000000000000000e+03,5.000000000000001421e+01,-1.604307611443501003e+01,7.689174557966512680e+01,-2.178666727209814247e-01,-1.063080279250912596e+01,5.485000000000000142e+01,6.021500000000000341e+01,6.000000000000000000e+01,1.000000000000000000e+00
1.413000000000000000e+03,5.000000000000000000e+01,-1.623445670554849585e+01,7.725608076414344794e+01,-3.913798219173829085e-01,-1.063024423667756935e+01,5.485000000000000142e+01,6.027900000000000347e+01,6.000000000000000000e+01,1.000000000000000000e+00
1.414000000000000000e+03,5.000000000000000000e+01,-1.604307611443501003e+01,7.686403313065507348e+01,-1.912674078801047950e-01,-1.062968960833996235e+01,5.485000000000000142e+01,6.021500000000000341e+01,6.000000000000000000e+01,1.000000000000000000e+00
1.415000000000000000e+03,5.000000000000000711e+01,-1.613876640999174228e+01,7.704233462588115344e+01,-2.744293359878337002e-01,-1.062913887990156958e+01,5.485000000000000142e+01,6.024699999999999989e+01,6.000000000000000000e+01,1.000000000000000000e+00
1.416000000000000000e+03,5.000000000000000000e+01,-1.613876640999174228e+01,7.702980638202542707e+01,-2.624479480729484671e-01,-1.062859202396073854e+01,5.485000000000000142e+01,6.024699999999999989e+01,6.000000000000000000e+01,1.000000000000000000e+00
1.417000000000000000e+03,4.999999999999998579e+01,-1.623445670554849585e+01,7.720500790372172162e+01,-3.425021848656578105e-01,-1.062804901330757801e+01,5.485000000000000142e+01,6.027900000000000347e+01,6.000000000000000000e+01,1.000000000000000000e+00
1.418000000000000000e+03,5.000000000000001421e+01,-1.604307611443501003e+01,7.681510966875157465e+01,-1.445237333939038693e-01,-1.062750982092264884e+01,5.485000000000000142e+01,6.021500000000000341e+01,6.000000000000000000e+01,1.000000000000000000e+00
1.419000000000000000e+03,4.999999999999999289e+01,-1.633313732284136677e+01,7.737572301785918683e+01,-4.156112750421715463e-01,-1.062697441997565129e+01,5.485000000000000142e+01,6.031199999999999761e+01,6.000000000000000000e+01,1.000000000000000000e+00
1.420000000000000000e+03,5.000000000000000000e+01,-1.604307611443501003e+01,7.678958753906383095e+01,-1.200686408046857112e-01,-1.062644278382412999e+01,5.485000000000000142e+01,6.021500000000000341e+01,6.000000000000000000e+01,1.000000000000000000e+00
1.421000000000000000e+03,4.999999999999999289e+01,-1.623445670554849585e+01,7.715822317346824377e+01,-2.978515819075669424e-01,-1.062591488601218792e+01,5.485000000000000142e+01,6.027900000000000347e+01,6.000000000000000000e+01,1.000000000000000000e+00
1.422000000000000000e+03,5.000000000000000711e+01,-1.652451791395485259e+01,7.771215355392165236e+01,-5.622449396975957026e-01,-1.062539070026920207e+01,5.485000000000000142e+01,6.037599999999999767e+01,6.000000000000000000e+01,1.000000000000000000e+00
1.423000000000000000e+03,5.000000000000001421e+01,-1.633313732284136677e+01,7.731268020055826184e+01,-3.546726772083356183e-01,-1.062487020050854802e+01,5.485000000000000142e+01,6.031199999999999761e+01,6.000000000000000000e+01,1.000000000000000000e+00
1.424000000000000000e+03,4.999999999999998579e+01,-1.633313732284136677e+01,7.729667860625551157e+01,-3.391879225878152160e-01,-1.062435336082633697e+01,5.485000000000000142e+01,6.031199999999999761e+01,6.000000000000000000e+01,1.000000000000000000e+00
1.425000000000000000e+03,5.000000000000000000e+01,-1.633313732284136677e+01,7.728135669958572862e+01,-3.243792212442064837e-01,-1.062384015550015626e+01,5.485000000000000142e+01,6.031199999999999761e+01,6.000000000000000000e+01,1.000000000000000000e+00
1.426000000000000000e+03,4.999999999999999289e+01,-1.652451791395485259e+01,7.764109058193412238e+01,-4.932421089914589274e-01,-1.062333055898781708e+01,5.485000000000000142e+01,6.037599999999999767e+01,6.000000000000000000e+01,1.000000000000000000e+00
1.427000000000000000e+03,4.999999999999999289e+01,-1.633313732284136677e+01,7.724464432935096170e+01,-2.886824605834865665e-01,-1.062282454592611458e+01,5.485000000000000142e+01,6.031199999999999761e+01,6.000000000000000000e+01,1.000000000000000000e+00
1.428000000000000000e+03,5.000000000000000000e+01,-1.700595971347471291e+01,7.854780804386624027e+01,-9.195262392619367731e-01,-1.062232209112959502e+01,5.485000000000000142e+01,6.053699999999999903e+01,6.000000000000000000e+01,1.000000000000000000e+00
1.429000000000000000e+03,5.000000000000000711e+01,-1.652451791395485259e+01,7.756529907095881526e+01,-4.189579874146254768e-01,-1.062182316958932660e+01,5.485000000000000142e+01,6.037599999999999767e+01,6.000000000000000000e+01,1.000000000000000000e+00
1.430000000000000000e+03,4.999999999999999289e+01,-1.671589850506833486e+01,7.792091789562815052e+01,-5.836916340881420640e-01,-1.062132775647167904e+01,5.485000000000000142e+01,6.043999999999999773e+01,6.000000000000000000e+01,1.000000000000000000e+00
1.431000000000000000e+03,4.999999999999999289e+01,-1.662020820951160260e+01,7.770773958684532090e+01,-4.666955502166101333e-01,-1.062083582711711216e+01,5.485000000000000142e+01,6.040800000000000125e+01,6.000000000000000000e+01,1.000000000000000000e+00
1.432000000000000000e+03,4.999999999999998579e+01,-1.662020820951160260e+01,7.768687552388396966e+01,-4.463199573334064585e-01,-1.062034735703897326e+01,5.485000000000000142e+01,6.040800000000000125e+01,6.000000000000000000e+01,1.000000000000000000e+00
1.433000000000000000e+03,5.000000000000000000e+01,-1.671589850506833486e+01,7.785410730111476596e+01,-5.183464741241180507e-01,-1.061986232192230872e+01,5.485000000000000142e+01,6.043999999999999773e+01,6.000000000000000000e+01,1.000000000000000000e+00
1.434000000000000000e+03,5.000000000000000711e+01,-1.691026941791798066e+01,7.821125077275125648e+01,-6.816006572106073635e-01,-1.061938069762265791e+01,5.485000000000000142e+01,6.050500000000000256e+01,6.000000000000000000e+01,1.000000000000000000e+00
1.435000000000000000e+03,5.000000000000000000e+01,-1.691026941791798066e+01,7.818101433962651470e+01,-6.518424615436432257e-01,-1.061890246016489137e+01,5.485000000000000142e+01,6.050500000000000256e+01,6.000000000000000000e+01,1.000000000000000000e+00
1.436000000000000000e+03,5.000000000000000000e+01,-1.681457912236122709e+01,7.796487766954469123e+01,-5.318709614414407483e-01,-1.061842758574202605e+01,5.485000000000000142e+01,6.047299999999999898e+01,6.000000000000000000e+01,1.000000000000000000e+00
1.437000000000000000e+03,5.000000000000001421e+01,-1.691026941791798066e+01,7.812838785140500875e+01,-6.001623827729476446e-01,-1.061795605071406534e+01,5.485000000000000142e+01,6.050500000000000256e+01,6.000000000000000000e+01,1.000000000000000000e+00
1.438000000000000000e+03,4.999999999999999289e+01,-1.681457912236122709e+01,7.791451415179911066e+01,-4.824471978310564957e-01,-1.061748783160683907e+01,5.485000000000000142e+01,6.047299999999999898e+01,6.000000000000000000e+01,1.000000000000000000e+00
1.439000000000000000e+03,5.000000000000000000e+01,-1.671589850506833486e+01,7.769993301715140888e+01,-3.670116069722148544e-01,-1.061702290511085423e+01,5.485000000000000142e+01,6.043999999999999773e+01,6.000000000000000000e+01,1.000000000000000000e+00
1.440000000000000000e+03,4.999999999999999289e+01,-1.700595971347471291e+01,7.825090644924291894e+01,-6.283854876880656803e-01,-1.061656124808015100e+01,5.485000000000000142e+01,6.053699999999999903e+01,6.000000000000000000e+01,1.000000000000000000e+00
1.441000000000000000e+03,5.000000000000000711e+01,-1.700595971347471291e+01,7.822301317914813978e+01,-6.009506281422595242e-01,-1.061610283753116768e+01,5.485000000000000142e+01,6.053699999999999903e+01,6.000000000000000000e+01,1.000000000000000000e+00
1.442000000000000000e+03,5.000000000000001421e+01,-1.700595971347471291e+01,7.819632091899691773e+01,-5.747135548805818450e-01,-1.061564765064161264e+01,5.485000000000000142e+01,6.053699999999999903e+01,6.000000000000000000e+01,1.000000000000000000e+00
1.443000000000000000e+03,5.000000000000001421e+01,-1.729602092188109097e+01,7.873823590420076357e+01,-8.270193175703126620e-01,-1.061519566474934528e+01,5.485000000000000142e+01,6.063400000000000034e+01,6.000000000000000000e+01,1.000000000000000000e+00
1.444000000000000000e+03,5.000000000000000000e+01,-1.700595971347471291e+01,7.813422147419422004e+01,-5.135149033682484543e-01,-1.061474685735126045e+01,5.485000000000000142e+01,6.053699999999999903e+01,6.000000000000000000e+01,1.000000000000000000e+00
1.445000000000000000e+03,5.000000000000000711e+01,-1.700595971347471291e+01,7.811135613069474459e+01,-4.910952111178450430e-01,-1.061430120610218353e+01,5.485000000000000142e+01,6.053699999999999903e+01,6.000000000000000000e+01,1.000000000000000000e+00
1.446000000000000000e+03,5.000000000000001421e+01,-1.700595971347471291e+01,7.808947274883416867e+01,-4.696543465456761712e-01,-1.061385868881377448e+01,5.485000000000000142e+01,6.053699999999999903e+01,6.000000000000000000e+01,1.000000000000000000e+00
1.447000000000000000e+03,5.000000000000000000e+01,-1.720033062632433740e+01,7.844878430276493475e+01,-6.350343929871629101e-01,-1.061341928345343533e+01,5.485000000000000142e+01,6.060199999999999676e+01,6.000000000000000000e+01,1.000000000000000000e+00
1.448000000000000000e+03,5.000000000000001421e+01,-1.700595971347471291e+01,7.804036711037474561e+01,-4.214244287568018610e-01,-1.061298296814322129e+01,5.485000000000000142e+01,6.053699999999999903e+01,6.000000000000000000e+01,1.000000000000000000e+00
1.449000000000000000e+03,5.000000000000000000e+01,-1.739171121743782322e+01,7.877619614921708546e+01,-7.719352106204874220e-01,-1.061254972115877493e+01,5.485000000000000142e+01,6.066599999999999682e+01,6.000000000000000000e+01,1.000000000000000000e+00
1.450000000000000000e+03,4.999999999999998579e+01,-1.720033062632433740e+01,7.836765816860142309e+01,-5.552080213488518323e-01,-1.061211952092824262e+01,5.485000000000000142e+01,6.060199999999999676e+01,6.000000000000000000e+01,1.000000000000000000e+00
1.451000000000000000e+03,4.999999999999999289e+01,-1.758309180855130549e+01,7.909180229569336973e+01,-8.970181411108502090e-01,-1.061169234603122469e+01,5.485000000000000142e+01,6.072999999999999687e+01,6.000000000000000000e+01,1.000000000000000000e+00
1.452000000000000000e+03,5.000000000000000000e+01,-1.729602092188109097e+01,7.849060649200836792e+01,-5.833173949295642480e-01,-1.061126817519771137e+01,5.485000000000000142e+01,6.063400000000000034e+01,6.000000000000000000e+01,1.000000000000000000e+00
1.453000000000000000e+03,5.000000000000001421e+01,-1.777746272140095130e+01,7.940658228065871072e+01,-1.018272571950711303e+00,-1.061084698730703657e+01,5.485000000000000142e+01,6.079500000000000171e+01,6.000000000000000000e+01,1.000000000000000000e+00
1.454000000000000000e+03,5.000000000000000711e+01,-1.748740151299457324e+01,7.879424845226196794e+01,-6.964181778805422773e-01,-1.061042876138684043e+01,5.485000000000000142e+01,6.069800000000000040e+01,6.000000000000000000e+01,1.000000000000000000e+00
1.455000000000000000e+03,5.000000000000000711e+01,-1.720033062632433740e+01,7.820181958510613640e+01,-3.914754821697606357e-01,-1.061001347661203198e+01,5.485000000000000142e+01,6.060199999999999676e+01,6.000000000000000000e+01,1.000000000000000000e+00
1.456000000000000000e+03,5.000000000000000000e+01,-1.729602092188109097e+01,7.837151850358182514e+01,-4.658964693969661064e-01,-1.060960111230376057e+01,5.485000000000000142e+01,6.063400000000000034e+01,6.000000000000000000e+01,1.000000000000000000e+00
1.457000000000000000e+03,5.000000000000000000e+01,-1.796884331251443712e+01,7.966703817203888605e+01,-1.089003211596049736e+00,-1.060919164792839808e+01,5.485000000000000142e+01,6.085900000000000176e+01,6.000000000000000000e+01,1.000000000000000000e+00
1.458000000000000000e+03,4.999999999999999289e+01,-1.758309180855130549e+01,7.886442511428627711e+01,-6.725482426384590262e-01,-1.060878506309652458e+01,5.485000000000000142e+01,6.072999999999999687e+01,6.000000000000000000e+01,1.000000000000000000e+00
1.459000000000000000e+03,5.000000000000001421e+01,-1.758309180855130549e+01,7.883465841501012505e+01,-6.431852688968945353e-01,-1.060838133756191937e+01,5.485000000000000142e+01,6.072999999999999687e+01,6.000000000000000000e+01,1.000000000000000000e+00
1.460000000000000000e+03,5.000000000000000000e+01,-1.768177242584419773e+01,7.899922943092875016e+01,-7.094765538639832281e-01,-1.060798045122056443e+01,5.485000000000000142e+01,6.076299999999999812e+01,6.000000000000000000e+01,1.000000000000000000e+00
1.461000000000000000e+03,5.000000000000000000e+01,-1.768177242584419773e+01,7.896785612650305097e+01,-6.785013165492043141e-01,-1.060758238410965149e+01,5.485000000000000142e+01,6.076299999999999812e+01,6.000000000000000000e+01,1.000000000000000000e+00
1.462000000000000000e+03,4.999999999999999289e+01,-1.758309180855130549e+01,7.874478506848763004e+01,-5.545061435297395924e-01,-1.060718711640659073e+01,5.485000000000000142e+01,6.072999999999999687e+01,6.000000000000000000e+01,1.000000000000000000e+00
1.463000000000000000e+03,5.000000000000000000e+01,-1.768177242584419773e+01,7.891323614975813427e+01,-6.246690954858987732e-01,-1.060679462842803567e+01,5.485000000000000142e+01,6.076299999999999812e+01,6.000000000000000000e+01,1.000000000000000000e+00
1.464000000000000000e+03,4.999999999999999289e+01,-1.777746272140095130e+01,7.907277663889459518e+01,-6.889090168647421519e-01,-1.060640490062890784e+01,5.485000000000000142e+01,6.079500000000000171e+01,6.000000000000000000e+01,1.000000000000000000e+00
1.465000000000000000e+03,5.000000000000000000e+01,-1.768177242584419773e+01,7.885510955699693625e+01,-5.673192175512982161e-01,-1.060601791360143409e+01,5.485000000000000142e+01,6.076299999999999812e+01,6.000000000000000000e+01,1.000000000000000000e+00
1.466000000000000000e+03,5.000000000000000000e+01,-1.787315301695768355e+01,7.920436218439338916e+01,-7.255755193615242016e-01,-1.060563364807417841e+01,5.485000000000000142e+01,6.082699999999999818e+01,6.000000000000000000e+01,1.000000000000000000e+00
1.467000000000000000e+03,5.000000000000000000e+01,-1.787315301695768355e+01,7.917230251463240620e+01,-6.938974127636197142e-01,-1.060525208491109694e+01,5.485000000000000142e+01,6.082699999999999818e+01,6.000000000000000000e+01,1.000000000000000000e+00
1.468000000000000000e+03,5.000000000000001421e+01,-1.787315301695768355e+01,7.914162857164002673e+01,-6.636023495717430221e-01,-1.060487320511058940e+01,5.485000000000000142e+01,6.082699999999999818e+01,6.000000000000000000e+01,1.000000000000000000e+00
1.469000000000000000e+03,5.000000000000000711e+01,-1.787315301695768355e+01,7.911227995386532541e+01,-6.346299471030768524e-01,-1.060449698980455402e+01,5.485000000000000142e+01,6.082699999999999818e+01,6.000000000000000000e+01,1.000000000000000000e+00
1.470000000000000000e+03,4.999999999999999289e+01,-1.796884331251443712e+01,7.927140171761880083e+01,-6.984349848469093569e-01,-1.060412342025745858e+01,5.485000000000000142e+01,6.085900000000000176e+01,6.000000000000000000e+01,1.000000000000000000e+00
1.471000000000000000e+03,5.000000000000000000e+01,-1.796884331251443712e+01,7.924053760489329079e+01,-6.679418145134403684e-01,-1.060375247786541308e+01,5.485000000000000142e+01,6.085900000000000176e+01,6.000000000000000000e+01,1.000000000000000000e+00
1.472000000000000000e+03,5.000000000000000000e+01,-1.796884331251443712e+01,7.921100741078852536e+01,-6.387799541188481367e-01,-1.060338414415524255e+01,5.485000000000000142e+01,6.085900000000000176e+01,6.000000000000000000e+01,1.000000000000000000e+00
1.473000000000000000e+03,5.000000000000001421e+01,-1.787315301695768355e+01,7.899555017146015246e+01,-5.193787537188775394e-01,-1.060301840078357927e+01,5.485000000000000142e+01,6.082699999999999818e+01,6.000000000000000000e+01,1.000000000000000000e+00
1.474000000000000000e+03,5.000000000000000711e+01,-1.796884331251443712e+01,7.915971411792718015e+01,-5.882155758767887432e-01,-1.060265522953594974e+01,5.485000000000000142e+01,6.085900000000000176e+01,6.000000000000000000e+01,1.000000000000000000e+00
1.475000000000000000e+03,5.000000000000000000e+01,-1.796884331251443712e+01,7.913367243070034363e+01,-5.625345058600254022e-01,-1.060229461232587411e+01,5.485000000000000142e+01,6.085900000000000176e+01,6.000000000000000000e+01,1.000000000000000000e+00
1.476000000000000000e+03,4.999999999999999289e+01,-1.796884331251443712e+01,7.910875449664324321e+01,-5.379746529348408135e-01,-1.060193653119396906e+01,5.485000000000000142e+01,6.085900000000000176e+01,6.000000000000000000e+01,1.000000000000000000e+00
1.477000000000000000e+03,5.000000000000000000e+01,-1.796884331251443712e+01,7.908491134638894948e+01,-5.144870655674543825e-01,-1.060158096830705787e+01,5.485000000000000142e+01,6.085900000000000176e+01,6.000000000000000000e+01,1.000000000000000000e+00
1.478000000000000000e+03,5.000000000000000711e+01,-1.796884331251443712e+01,7.906209614788465956e+01,-4.920249294129291351e-01,-1.060122790595728581e+01,5.485000000000000142e+01,6.085900000000000176e+01,6.000000000000000000e+01,1.000000000000000000e+00
1.479000000000000000e+03,5.000000000000000000e+01,-1.806752392980732935e+01,7.923331702271771348e+01,-5.649157663491390924e-01,-1.060087732656124437e+01,5.485000000000000142e+01,6.089200000000000301e+01,6.000000000000000000e+01,1.000000000000000000e+00
1.480000000000000000e+03,4.999999999999999289e+01,-1.796884331251443712e+01,7.901525218213090795e+01,-4.458796569573799662e-01,-1.060052921265909909e+01,5.485000000000000142e+01,6.085900000000000176e+01,6.000000000000000000e+01,1.000000000000000000e+00
1.481000000000000000e+03,5.000000000000000711e+01,-1.796884331251443712e+01,7.899543973046729661e+01,-4.264128710391311694e-01,-1.060018354691371911e+01,5.485000000000000142e+01,6.085900000000000176e+01,6.000000000000000000e+01,1.000000000000000000e+00
1.482000000000000000e+03,4.999999999999999289e+01,-1.806752392980732935e+01,7.916953252528651319e+01,-5.021682833693704717e-01,-1.059984031210982103e+01,5.485000000000000142e+01,6.089200000000000301e+01,6.000000000000000000e+01,1.000000000000000000e+00
1.483000000000000000e+03,5.000000000000000000e+01,-1.796884331251443712e+01,7.895421448773274165e+01,-3.858716840651793545e-01,-1.059949949115312151e+01,5.485000000000000142e+01,6.085900000000000176e+01,6.000000000000000000e+01,1.000000000000000000e+00
1.484000000000000000e+03,5.000000000000000000e+01,-1.806752392980732935e+01,7.913008209240848601e+01,-4.633970955316857321e-01,-1.059916106706947758e+01,5.485000000000000142e+01,6.089200000000000301e+01,6.000000000000000000e+01,1.000000000000000000e+00
1.485000000000000000e+03,5.000000000000000000e+01,-1.806752392980732935e+01,7.910951446362486195e+01,-4.431655108134892607e-01,-1.059882502300404994e+01,5.485000000000000142e+01,6.089200000000000301e+01,6.000000000000000000e+01,1.000000000000000000e+00
1.486000000000000000e+03,5.000000000000000711e+01,-1.816321422536406160e+01,7.927703531606057652e+01,-5.153297484760451797e-01,-1.059849134222046452e+01,5.485000000000000142e+01,6.092399999999999949e+01,6.000000000000000000e+01,1.000000000000000000e+00
1.487000000000000000e+03,4.999999999999999289e+01,-1.816321422536406160e+01,7.925420505485436706e+01,-4.928308213903291324e-01,-1.059816000809998826e+01,5.485000000000000142e+01,6.092399999999999949e+01,6.000000000000000000e+01,1.000000000000000000e+00
1.488000000000000000e+03,5.000000000000001421e+01,-1.796884331251443712e+01,7.885210367972447898e+01,-2.854293630693339745e-01,-1.059783100414069423e+01,5.485000000000000142e+01,6.085900000000000176e+01,6.000000000000000000e+01,1.000000000000000000e+00
1.489000000000000000e+03,5.000000000000000000e+01,-1.825890452092081517e+01,7.940677390089878429e+01,-5.503650660213124102e-01,-1.059750431395665338e+01,5.485000000000000142e+01,6.095600000000000307e+01,6.000000000000000000e+01,1.000000000000000000e+00
1.490000000000000000e+03,5.000000000000000711e+01,-1.816321422536406160e+01,7.919521814284198058e+01,-4.348239962008024762e-01,-1.059717992127711206e+01,5.485000000000000142e+01,6.092399999999999949e+01,6.000000000000000000e+01,1.000000000000000000e+00
1.491000000000000000e+03,4.999999999999999289e+01,-1.816321422536406160e+01,7.917591192780884057e+01,-4.158398924990999168e-01,-1.059685780994569093e+01,5.485000000000000142e+01,6.092399999999999949e+01,6.000000000000000000e+01,1.000000000000000000e+00
1.492000000000000000e+03,4.999999999999998579e+01,-1.806752392980732935e+01,7.897023398896394042e+01,-3.061720952370453053e-01,-1.059653796391957847e+01,5.485000000000000142e+01,6.089200000000000301e+01,6.000000000000000000e+01,1.000000000000000000e+00
1.493000000000000000e+03,4.999999999999998579e+01,-1.806752392980732935e+01,7.895654913830381361e+01,-2.928048412277623469e-01,-1.059622036726873162e+01,5.485000000000000142e+01,6.089200000000000301e+01,6.000000000000000000e+01,1.000000000000000000e+00
1.494000000000000000e+03,5.000000000000000000e+01,-1.816321422536406160e+01,7.913065294738457567e+01,-3.715337178454201084e-01,-1.059590500417509240e+01,5.485000000000000142e+01,6.092399999999999949e+01,6.000000000000000000e+01,1.000000000000000000e+00
1.495000000000000000e+03,5.000000000000000711e+01,-1.854896572932716836e+01,7.986878028061146040e+01,-7.242226923524940352e-01,-1.059559185893179745e+01,5.485000000000000142e+01,6.105299999999999727e+01,6.000000000000000000e+01,1.000000000000000000e+00
1.496000000000000000e+03,4.999999999999997868e+01,-1.864465602488392193e+01,8.002405311594499437e+01,-7.841161751186898066e-01,-1.059528091594240173e+01,5.485000000000000142e+01,6.108500000000000085e+01,6.000000000000000000e+01,1.000000000000000000e+00
1.497000000000000000e+03,5.000000000000001421e+01,-1.845327543377043966e+01,7.961510476716706819e+01,-5.668571736765183333e-01,-1.059497215972009521e+01,5.485000000000000142e+01,6.102100000000000080e+01,6.000000000000000000e+01,1.000000000000000000e+00
1.498000000000000000e+03,5.000000000000001421e+01,-1.835459481647754387e+01,7.939699669519823999e+01,-4.477363038337439649e-01,-1.059466557488694249e+01,5.485000000000000142e+01,6.098799999999999955e+01,6.000000000000000000e+01,1.000000000000000000e+00
1.499000000000000000e+03,4.999999999999998579e+01,-1.864465602488392193e+01,7.994460297325905174e+01,-7.055858022020298215e-01,-1.059436114617311731e+01,5.485000000000000142e+01,6.108500000000000085e+01,6.000000000000000000e+01,1.000000000000000000e+00
1.500000000000000000e+03,4.999999999999999289e+01,-1.835459481647754387e+01,7.934603676304992348e+01,-3.973830881562493977e-01,-1.059405885841613859e+01,5.485000000000000142e+01,6.098799999999999955e+01,6.000000000000000000e+01,1.000000000000000000e+00
1.501000000000000000e+03,5.000000000000000000e+01,-1.874034632044065418e+01,8.008304851470242625e+01,-7.489434977016558026e-01,-1.059375869656012092e+01,5.485000000000000142e+01,6.111699999999999733e+01,6.000000000000000000e+01,1.000000000000000000e+00
1.502000000000000000e+03,5.000000000000000000e+01,-1.845327543377043966e+01,7.948844366363822189e+01,-4.417075842127555219e-01,-1.059346064565502488e+01,5.485000000000000142e+01,6.102100000000000080e+01,6.000000000000000000e+01,1.000000000000000000e+00
1.503000000000000000e+03,4.999999999999999289e+01,-1.845327543377043966e+01,7.946886307262356297e+01,-4.224229479972071433e-01,-1.059316469085591983e+01,5.485000000000000142e+01,6.102100000000000080e+01,6.000000000000000000e+01,1.000000000000000000e+00
1.504000000000000000e+03,5.000000000000000000e+01,-1.854896572932716836e+01,7.963732933781959389e+01,-4.954927910701910077e-01,-1.059287081742223791e+01,5.485000000000000142e+01,6.105299999999999727e+01,6.000000000000000000e+01,1.000000000000000000e+00
1.505000000000000000e+03,5.000000000000001421e+01,-1.854896572932716836e+01,7.961540467135664301e+01,-4.738599313124268742e-01,-1.059257901071704211e+01,5.485000000000000142e+01,6.105299999999999727e+01,6.000000000000000000e+01,1.000000000000000000e+00
1.506000000000000000e+03,4.999999999999999289e+01,-1.845327543377043966e+01,7.940722371076006425e+01,-3.616590207833198511e-01,-1.059228925620630690e+01,5.485000000000000142e+01,6.102100000000000080e+01,6.000000000000000000e+01,1.000000000000000000e+00
1.507000000000000000e+03,5.000000000000000000e+01,-1.825890452092081517e+01,7.901089048954422367e+01,-1.599844291652206263e-01,-1.059200153945818634e+01,5.485000000000000142e+01,6.095600000000000307e+01,6.000000000000000000e+01,1.000000000000000000e+00
1.508000000000000000e+03,5.000000000000000711e+01,-1.845327543377043966e+01,7.938387572193394703e+01,-3.388844420211952202e-01,-1.059171584614229999e+01,5.485000000000000142e+01,6.102100000000000080e+01,6.000000000000000000e+01,1.000000000000000000e+00
1.509000000000000000e+03,5.000000000000000000e+01,-1.835459481647754387e+01,7.917574367658585288e+01,-2.297166980792886837e-01,-1.059143216202902238e+01,5.485000000000000142e+01,6.098799999999999955e+01,6.000000000000000000e+01,1.000000000000000000e+00
1.510000000000000000e+03,5.000000000000000711e+01,-1.796884331251443712e+01,7.841077134729425779e+01,1.492224382089565038e-01,-1.059115047298877421e+01,5.485000000000000142e+01,6.085900000000000176e+01,6.000000000000000000e+01,1.000000000000000000e+00
1.511000000000000000e+03,4.999999999999998579e+01,-1.806752392980732935e+01,7.861005949352161792e+01,4.833520127702072011e-02,-1.059087076499131896e+01,5.485000000000000142e+01,6.089200000000000301e+01,6.000000000000000000e+01,1.000000000000000000e+00
1.512000000000000000e+03,4.999999999999998579e+01,-1.816321422536406160e+01,7.879909485430835048e+01,-4.528760483923647412e-02,-1.059059302410506653e+01,5.485000000000000142e+01,6.092399999999999949e+01,6.000000000000000000e+01,1.000000000000000000e+00
1.513000000000000000e+03,5.000000000000000000e+01,-1.825890452092081517e+01,7.898404466382906719e+01,-1.348229064118718346e-01,-1.059031723649638046e+01,5.485000000000000142e+01,6.095600000000000307e+01,6.000000000000000000e+01,1.000000000000000000e+00
1.514000000000000000e+03,5.000000000000000000e+01,-1.796884331251443712e+01,7.841042599183533923e+01,1.484607091079832297e-01,-1.059004338842888515e+01,5.485000000000000142e+01,6.085900000000000176e+01,6.000000000000000000e+01,1.000000000000000000e+00
1.515000000000000000e+03,5.000000000000000711e+01,-1.825890452092081517e+01,7.898409431027650385e+01,-1.354183230928932280e-01,-1.058977146626278909e+01,5.485000000000000142e+01,6.095600000000000307e+01,6.000000000000000000e+01,1.000000000000000000e+00
1.516000000000000000e+03,4.999999999999999289e+01,-1.796884331251443712e+01,7.841045348107657276e+01,1.478912878920626561e-01,-1.058950145645420626e+01,5.485000000000000142e+01,6.085900000000000176e+01,6.000000000000000000e+01,1.000000000000000000e+00
1.517000000000000000e+03,4.999999999999998579e+01,-1.796884331251443712e+01,7.841664219769890565e+01,1.414344603700030956e-01,-1.058923334555447937e+01,5.485000000000000142e+01,6.085900000000000176e+01,6.000000000000000000e+01,1.000000000000000000e+00
1.518000000000000000e+03,5.000000000000000711e+01,-1.796884331251443712e+01,7.842255089941896529e+01,1.352595333049877169e-01,-1.058896712020951192e+01,5.485000000000000142e+01,6.085900000000000176e+01,6.000000000000000000e+01,1.000000000000000000e+00
1.519000000000000000e+03,5.000000000000000000e+01,-1.806752392980732935e+01,7.862124479018321210e+01,3.498190678321784486e-02,-1.058870276715910208e+01,5.485000000000000142e+01,6.089200000000000301e+01,6.000000000000000000e+01,1.000000000000000000e+00
1.520000000000000000e+03,5.000000000000000000e+01,-1.796884331251443712e+01,7.842945667157715661e+01,1.278269141735698111e-01,-1.058844027323628900e+01,5.485000000000000142e+01,6.085900000000000176e+01,6.000000000000000000e+01,1.000000000000000000e+00
1.521000000000000000e+03,4.999999999999999289e+01,-1.806752392980732935e+01,7.862782976470360552e+01,2.787379047040917934e-02,-1.058817962536669199e+01,5.485000000000000142e+01,6.089200000000000301e+01,6.000000000000000000e+01,1.000000000000000000e+00
1.522000000000000000e+03,4.999999999999998579e+01,-1.796884331251443712e+01,7.843573498996315152e+01,1.210291331191303832e-01,-1.058792081056785861e+01,5.485000000000000142e+01,6.085900000000000176e+01,6.000000000000000000e+01,1.000000000000000000e+00
1.523000000000000000e+03,5.000000000000000000e+01,-1.806752392980732935e+01,7.863381495009633682e+01,2.137279565961429373e-02,-1.058766381594862693e+01,5.485000000000000142e+01,6.089200000000000301e+01,6.000000000000000000e+01,1.000000000000000000e+00
1.524000000000000000e+03,5.000000000000000000e+01,-1.796884331251443712e+01,7.844143997414539626e+01,1.148119670775172435e-01,-1.058740862870847721e+01,5.485000000000000142e+01,6.085900000000000176e+01,6.000000000000000000e+01,1.000000000000000000e+00
1.525000000000000000e+03,4.999999999999998579e+01,-1.835459481647754387e+01,7.920086056371012262e+01,-2.591105110956902768e-01,-1.058715523613689946e+01,5.485000000000000142e+01,6.098799999999999955e+01,6.000000000000000000e+01,1.000000000000000000e+00
1.526000000000000000e+03,4.999999999999999289e+01,-1.835459481647754387e+01,7.918929637417511458e+01,-2.477979320848250622e-01,-1.058690362561275400e+01,5.485000000000000142e+01,6.098799999999999955e+01,6.000000000000000000e+01,1.000000000000000000e+00
1.527000000000000000e+03,5.000000000000000000e+01,-1.806752392980732935e+01,7.861661938884569167e+01,3.755832556529123401e-02,-1.058665378460365147e+01,5.485000000000000142e+01,6.089200000000000301e+01,6.000000000000000000e+01,1.000000000000000000e+00
1.528000000000000000e+03,5.000000000000000000e+01,-1.816321422536406160e+01,7.880521389591883974e+01,-5.559396988945832646e-02,-1.058640570066532760e+01,5.485000000000000142e+01,6.092399999999999949e+01,6.000000000000000000e+01,1.000000000000000000e+00
1.529000000000000000e+03,5.000000000000000000e+01,-1.835459481647754387e+01,7.917694600678453298e+01,-2.361918288659671794e-01,-1.058615936144101788e+01,5.485000000000000142e+01,6.098799999999999955e+01,6.000000000000000000e+01,1.000000000000000000e+00
1.530000000000000000e+03,5.000000000000000000e+01,-1.854896572932716836e+01,7.954664516531541096e+01,-4.117646813273991291e-01,-1.058591475466085008e+01,5.485000000000000142e+01,6.105299999999999727e+01,6.000000000000000000e+01,1.000000000000000000e+00
1.531000000000000000e+03,4.999999999999998579e+01,-1.806752392980732935e+01,7.858656073274526932e+01,6.663506520328138505e-02,-1.058567186814123318e+01,5.485000000000000142e+01,6.089200000000000301e+01,6.000000000000000000e+01,1.000000000000000000e+00
1.532000000000000000e+03,5.000000000000001421e+01,-1.835459481647754387e+01,7.915083725791919278e+01,-2.108117516573971284e-01,-1.058543068978424273e+01,5.485000000000000142e+01,6.098799999999999955e+01,6.000000000000000000e+01,1.000000000000000000e+00
1.533000000000000000e+03,5.000000000000000000e+01,-1.883603661599740775e+01,8.008325808137726654e+01,-6.620302578028240958e-01,-1.058519120757702936e+01,5.485000000000000142e+01,6.114900000000000091e+01,6.000000000000000000e+01,1.000000000000000000e+00
1.534000000000000000e+03,5.000000000000001421e+01,-1.825890452092081517e+01,7.892504950036538958e+01,-8.119156985334263776e-02,-1.058495340959121478e+01,5.485000000000000142e+01,6.095600000000000307e+01,6.000000000000000000e+01,1.000000000000000000e+00
1.535000000000000000e+03,4.999999999999998579e+01,-1.864465602488392193e+01,7.967592998309667962e+01,-4.465566742304692416e-01,-1.058471728398230027e+01,5.485000000000000142e+01,6.108500000000000085e+01,6.000000000000000000e+01,1.000000000000000000e+00
1.536000000000000000e+03,5.000000000000000711e+01,-1.883603661599740775e+01,8.003060481702527795e+01,-6.100853820387884818e-01,-1.058448281898907517e+01,5.485000000000000142e+01,6.114900000000000091e+01,6.000000000000000000e+01,1.000000000000000000e+00
1.537000000000000000e+03,5.000000000000000000e+01,-1.835459481647754387e+01,7.906187191541441450e+01,-1.230270960038403749e-01,-1.058425000293303242e+01,5.485000000000000142e+01,6.098799999999999955e+01,6.000000000000000000e+01,1.000000000000000000e+00
1.538000000000000000e+03,5.000000000000000711e+01,-1.835459481647754387e+01,7.905626946195569360e+01,-1.176558212603516229e-01,-1.058401882421779128e+01,5.485000000000000142e+01,6.098799999999999955e+01,6.000000000000000000e+01,1.000000000000000000e+00
1.539000000000000000e+03,5.000000000000000000e+01,-1.883603661599740775e+01,7.999276733581640997e+01,-5.729414484904884475e-01,-1.058378927132851288e+01,5.485000000000000142e+01,6.114900000000000091e+01,6.000000000000000000e+01,1.000000000000000000e+00
1.540000000000000000e+03,5.000000000000000000e+01,-1.864465602488392193e+01,7.959311954181698923e+01,-3.649021841017364709e-01,-1.058356133283133360e+01,5.485000000000000142e+01,6.108500000000000085e+01,6.000000000000000000e+01,1.000000000000000000e+00
1.541000000000000000e+03,5.000000000000000000e+01,-1.845327543377043966e+01,7.920255619587786100e+01,-1.659457647346242737e-01,-1.058333499737279126e+01,5.485000000000000142e+01,6.102100000000000080e+01,6.000000000000000000e+01,1.000000000000000000e+00
1.542000000000000000e+03,5.000000000000001421e+01,-1.854896572932716836e+01,7.938228920062104521e+01,-2.502132176146090736e-01,-1.058311025367926206e+01,5.485000000000000142e+01,6.105299999999999727e+01,6.000000000000000000e+01,1.000000000000000000e+00
1.543000000000000000e+03,4.999999999999999289e+01,-1.854896572932716836e+01,7.937114190793715807e+01,-2.392890880536020226e-01,-1.058288709055639742e+01,5.485000000000000142e+01,6.105299999999999727e+01,6.000000000000000000e+01,1.000000000000000000e+00
1.544000000000000000e+03,4.999999999999997868e+01,-1.864465602488392193e+01,7.954767594583148593e+01,-3.203544240590086023e-01,-1.058266549688857339e+01,5.485000000000000142e+01,6.108500000000000085e+01,6.000000000000000000e+01,1.000000000000000000e+00
1.545000000000000000e+03,4.999999999999999289e+01,-1.864465602488392193e+01,7.953346946627097225e+01,-3.063679797487298129e-01,-1.058244546163832744e+01,5.485000000000000142e+01,6.108500000000000085e+01,6.000000000000000000e+01,1.000000000000000000e+00
1.546000000000000000e+03,5.000000000000000000e+01,-1.874034632044065418e+01,7.970707799375615821e+01,-3.845046994696837972e-01,-1.058222697384582034e+01,5.485000000000000142e+01,6.111699999999999733e+01,6.000000000000000000e+01,1.000000000000000000e+00
1.547000000000000000e+03,5.000000000000000000e+01,-1.883603661599740775e+01,7.987727666469395160e+01,-4.592300260682591340e-01,-1.058201002262827828e+01,5.485000000000000142e+01,6.114900000000000091e+01,6.000000000000000000e+01,1.000000000000000000e+00
1.548000000000000000e+03,5.000000000000000000e+01,-1.883603661599740775e+01,7.985701158578996228e+01,-4.391803726130957264e-01,-1.058179459717945647e+01,5.485000000000000142e+01,6.114900000000000091e+01,6.000000000000000000e+01,1.000000000000000000e+00
1.549000000000000000e+03,4.999999999999999289e+01,-1.893471723329029999e+01,8.003067628504429365e+01,-5.143783649848931994e-01,-1.058158068676910624e+01,5.485000000000000142e+01,6.118200000000000216e+01,6.000000000000000000e+01,1.000000000000000000e+00
1.550000000000000000e+03,5.000000000000001421e+01,-1.883603661599740775e+01,7.981495357901756904e+01,-3.975486822777146156e-01,-1.058136828074243496e+01,5.485000000000000142e+01,6.114900000000000091e+01,6.000000000000000000e+01,1.000000000000000000e+00
1.551000000000000000e+03,5.000000000000000000e+01,-1.874034632044065418e+01,7.961018315509076615e+01,-2.886794661305422394e-01,-1.058115736851957678e+01,5.485000000000000142e+01,6.111699999999999733e+01,6.000000000000000000e+01,1.000000000000000000e+00
1.552000000000000000e+03,5.000000000000000000e+01,-1.883603661599740775e+01,7.978457300925761331e+01,-3.675884536651392032e-01,-1.058094793959506497e+01,5.485000000000000142e+01,6.114900000000000091e+01,6.000000000000000000e+01,1.000000000000000000e+00
1.553000000000000000e+03,4.999999999999999289e+01,-1.893471723329029999e+01,7.996136931468087994e+01,-4.459120978532734592e-01,-1.058073998353731149e+01,5.485000000000000142e+01,6.118200000000000216e+01,6.000000000000000000e+01,1.000000000000000000e+00
1.554000000000000000e+03,5.000000000000000711e+01,-1.883603661599740775e+01,7.974864170923218865e+01,-3.320716032466864975e-01,-1.058053348998808296e+01,5.485000000000000142e+01,6.114900000000000091e+01,6.000000000000000000e+01,1.000000000000000000e+00
1.555000000000000000e+03,5.000000000000001421e+01,-1.883603661599740775e+01,7.973393865995919327e+01,-3.175735952997780775e-01,-1.058032844866199440e+01,5.485000000000000142e+01,6.114900000000000091e+01,6.000000000000000000e+01,1.000000000000000000e+00
1.556000000000000000e+03,5.000000000000000000e+01,-1.874034632044065418e+01,7.953266720385711608e+01,-2.121960340704743819e-01,-1.058012484934598874e+01,5.485000000000000142e+01,6.111699999999999733e+01,6.000000000000000000e+01,1.000000000000000000e+00
1.557000000000000000e+03,5.000000000000000000e+01,-1.883603661599740775e+01,7.971040353127061451e+01,-2.944442333743774731e-01,-1.057992268189882523e+01,5.485000000000000142e+01,6.114900000000000091e+01,6.000000000000000000e+01,1.000000000000000000e+00
1.558000000000000000e+03,5.000000000000001421e+01,-1.883603661599740775e+01,7.969734756164766054e+01,-2.815890093996497034e-01,-1.057972193625058566e+01,5.485000000000000142e+01,6.114900000000000091e+01,6.000000000000000000e+01,1.000000000000000000e+00
1.559000000000000000e+03,4.999999999999999289e+01,-1.893471723329029999e+01,7.987790716331500107e+01,-3.636673276225418916e-01,-1.057952260240216624e+01,5.485000000000000142e+01,6.118200000000000216e+01,6.000000000000000000e+01,1.000000000000000000e+00
1.560000000000000000e+03,5.000000000000001421e+01,-1.883603661599740775e+01,7.966877886709841050e+01,-2.534175806762148375e-01,-1.057932467042477676e+01,5.485000000000000142e+01,6.114900000000000091e+01,6.000000000000000000e+01,1.000000000000000000e+00
1.561000000000000000e+03,4.999999999999999289e+01,-1.874034632044065418e+01,7.947031547591556944e+01,-1.508410250154704202e-01,-1.057912813045945377e+01,5.485000000000000142e+01,6.111699999999999733e+01,6.000000000000000000e+01,1.000000000000000000e+00
1.562000000000000000e+03,5.000000000000000000e+01,-1.864465602488392193e+01,7.927633188577995327e+01,-5.274288817946952423e-02,-1.057893297271656685e+01,5.485000000000000142e+01,6.108500000000000085e+01,6.000000000000000000e+01,1.000000000000000000e+00
1.563000000000000000e+03,4.999999999999999289e+01,-1.864465602488392193e+01,7.927383538388214390e+01,-5.044017152290312944e-02,-1.057873918747532649e+01,5.485000000000000142e+01,6.108500000000000085e+01,6.000000000000000000e+01,1.000000000000000000e+00
1.564000000000000000e+03,4.999999999999998579e+01,-1.806752392980732935e+01,7.814237376283453784e+01,5.036969320560840124e-01,-1.057854676508330627e+01,5.485000000000000142e+01,6.089200000000000301e+01,6.000000000000000000e+01,1.000000000000000000e+00
1.565000000000000000e+03,5.000000000000000000e+01,-1.806752392980732935e+01,7.816417374037419563e+01,4.817058853890867076e-01,-1.057835569595595970e+01,5.485000000000000142e+01,6.089200000000000301e+01,6.000000000000000000e+01,1.000000000000000000e+00
1.566000000000000000e+03,5.000000000000000000e+01,-1.796884331251443712e+01,7.799196203870678801e+01,5.550472443837908276e-01,-1.057816597057614061e+01,5.485000000000000142e+01,6.085900000000000176e+01,6.000000000000000000e+01,1.000000000000000000e+00
1.567000000000000000e+03,5.000000000000000711e+01,-1.825890452092081517e+01,7.858346516464874298e+01,2.534169357657146127e-01,-1.057797757949363593e+01,5.485000000000000142e+01,6.095600000000000307e+01,6.000000000000000000e+01,1.000000000000000000e+00
1.568000000000000000e+03,5.000000000000000000e+01,-1.816321422536406160e+01,7.840713927861244770e+01,3.338654600762929192e-01,-1.057779051332468967e+01,5.485000000000000142e+01,6.092399999999999949e+01,6.000000000000000000e+01,1.000000000000000000e+00
1.569000000000000000e+03,5.000000000000000000e+01,-1.816321422536406160e+01,7.842152985448835523e+01,3.192891336272392633e-01,-1.057760476275153216e+01,5.485000000000000142e+01,6.092399999999999949e+01,6.000000000000000000e+01,1.000000000000000000e+00
1.570000000000000000e+03,4.999999999999999289e+01,-1.816321422536406160e+01,7.843528534475308334e+01,3.053491991328994293e-01,-1.057742031852192888e+01,5.485000000000000142e+01,6.092399999999999949e+01,6.000000000000000000e+01,1.000000000000000000e+00
1.571000000000000000e+03,5.000000000000000000e+01,-1.845327543377043966e+01,7.901589207719909780e+01,1.462052802005014973e-02,-1.057723717144870434e+01,5.485000000000000142e+01,6.102100000000000080e+01,6.000000000000000000e+01,1.000000000000000000e+00
1.572000000000000000e+03,5.000000000000000000e+01,-1.835459481647754387e+01,7.882329563028828545e+01,1.083544985985586268e-01,-1.057705531240929631e+01,5.485000000000000142e+01,6.098799999999999955e+01,6.000000000000000000e+01,1.000000000000000000e+00
1.573000000000000000e+03,4.999999999999998579e+01,-1.796884331251443712e+01,7.807318435586451244e+01,4.725336889952088670e-01,-1.057687473234529385e+01,5.485000000000000142e+01,6.085900000000000176e+01,6.000000000000000000e+01,1.000000000000000000e+00
1.574000000000000000e+03,5.000000000000000711e+01,-1.816321422536406160e+01,7.847389125871401916e+01,2.660183889120359968e-01,-1.057669542226199333e+01,5.485000000000000142e+01,6.092399999999999949e+01,6.000000000000000000e+01,1.000000000000000000e+00
1.575000000000000000e+03,5.000000000000000711e+01,-1.835459481647754387e+01,7.885973302460857326e+01,7.137916509691968892e-02,-1.057651737322794183e+01,5.485000000000000142e+01,6.098799999999999955e+01,6.000000000000000000e+01,1.000000000000000000e+00
1.576000000000000000e+03,5.000000000000000000e+01,-1.806752392980732935e+01,7.830106412649830361e+01,3.428003796835238370e-01,-1.057634057637450198e+01,5.485000000000000142e+01,6.089200000000000301e+01,6.000000000000000000e+01,1.000000000000000000e+00
1.577000000000000000e+03,5.000000000000001421e+01,-1.825890452092081517e+01,7.869026063457626208e+01,1.448089092399671707e-01,-1.057616502289540428e+01,5.485000000000000142e+01,6.095600000000000307e+01,6.000000000000000000e+01,1.000000000000000000e+00
1.578000000000000000e+03,5.000000000000000000e+01,-1.806752392980732935e+01,7.832200292588031232e+01,3.215117079733218475e-01,-1.057599070404630659e+01,5.485000000000000142e+01,6.089200000000000301e+01,6.000000000000000000e+01,1.000000000000000000e+00
1.579000000000000000e+03,5.000000000000000000e+01,-1.825890452092081517e+01,7.871027244640249876e+01,1.244496856626859660e-01,-1.057581761114436247e+01,5.485000000000000142e+01,6.095600000000000307e+01,6.000000000000000000e+01,1.000000000000000000e+00
1.580000000000000000e+03,5.000000000000000000e+01,-1.796884331251443712e+01,7.814807540224980187e+01,3.964136458324264423e-01,-1.057564573556779131e+01,5.485000000000000142e+01,6.085900000000000176e+01,6.000000000000000000e+01,1.000000000000000000e+00
1.581000000000000000e+03,5.000000000000000711e+01,-1.845327543377043966e+01,7.911292615446294008e+01,-8.417565193704718007e-02,-1.057547506875544485e+01,5.485000000000000142e+01,6.102100000000000080e+01,6.000000000000000000e+01,1.000000000000000000e+00
1.582000000000000000e+03,5.000000000000000000e+01,-1.816321422536406160e+01,7.854162308678020565e+01,1.968967407902355582e-01,-1.057530560220638094e+01,5.485000000000000142e+01,6.092399999999999949e+01,6.000000000000000000e+01,1.000000000000000000e+00
1.583000000000000000e+03,5.000000000000000000e+01,-1.816321422536406160e+01,7.855005118248899976e+01,1.883003703544997576e-01,-1.057513732747944069e+01,5.485000000000000142e+01,6.092399999999999949e+01,6.000000000000000000e+01,1.000000000000000000e+00
1.584000000000000000e+03,4.999999999999999289e+01,-1.806752392980732935e+01,7.837090232880831309e+01,2.715918371918412677e-01,-1.057497023619283105e+01,5.485000000000000142e+01,6.089200000000000301e+01,6.000000000000000000e+01,1.000000000000000000e+00
1.585000000000000000e+03,5.000000000000000711e+01,-1.825890452092081517e+01,7.875699956032092075e+01,7.670928062360102273e-02,-1.057480432002370030e+01,5.485000000000000142e+01,6.095600000000000307e+01,6.000000000000000000e+01,1.000000000000000000e+00
1.586000000000000000e+03,4.999999999999999289e+01,-1.806752392980732935e+01,7.838577824023202822e+01,2.563852602830228866e-01,-1.057463957070773120e+01,5.485000000000000142e+01,6.089200000000000301e+01,6.000000000000000000e+01,1.000000000000000000e+00
1.587000000000000000e+03,4.999999999999999289e+01,-1.854896572932716836e+01,7.933867244157055154e+01,-2.152307322046660421e-01,-1.057447598003872535e+01,5.485000000000000142e+01,6.105299999999999727e+01,6.000000000000000000e+01,1.000000000000000000e+00
1.588000000000000000e+03,4.999999999999998579e+01,-1.845327543377043966e+01,7.914191036058898021e+01,-1.143213869503573038e-01,-1.057431353986819289e+01,5.485000000000000142e+01,6.102100000000000080e+01,6.000000000000000000e+01,1.000000000000000000e+00
1.589000000000000000e+03,5.000000000000000000e+01,-1.816321422536406160e+01,7.856929932053002119e+01,1.680671469389979356e-01,-1.057415224210495452e+01,5.485000000000000142e+01,6.092399999999999949e+01,6.000000000000000000e+01,1.000000000000000000e+00
1.590000000000000000e+03,5.000000000000000000e+01,-1.816321422536406160e+01,7.857647684819229994e+01,1.607294558864880707e-01,-1.057399207871473124e+01,5.485000000000000142e+01,6.092399999999999949e+01,6.000000000000000000e+01,1.000000000000000000e+00
1.591000000000000000e+03,5.000000000000001421e+01,-1.845327543377043966e+01,7.915079369648650243e+01,-1.236852209963012483e-01,-1.057383304171974636e+01,5.485000000000000142e+01,6.102100000000000080e+01,6.000000000000000000e+01,1.000000000000000000e+00
1.592000000000000000e+03,5.000000000000000000e+01,-1.835459481647754387e+01,7.895218286032159938e+01,-2.391292064572668463e-02,-1.057367512319832414e+01,5.485000000000000142e+01,6.098799999999999955e+01,6.000000000000000000e+01,1.000000000000000000e+00
1.593000000000000000e+03,5.000000000000000000e+01,-1.835459481647754387e+01,7.895098203144914351e+01,-2.286889968709629462e-02,-1.057351831528450248e+01,5.485000000000000142e+01,6.098799999999999955e+01,6.000000000000000000e+01,1.000000000000000000e+00
1.594000000000000000e+03,5.000000000000000000e+01,-1.825890452092081517e+01,7.876262506511544359e+01,6.964206597300838519e-02,-1.057336261016763856e+01,5.485000000000000142e+01,6.095600000000000307e+01,6.000000000000000000e+01,1.000000000000000000e+00
1.595000000000000000e+03,4.999999999999999289e+01,-1.883603661599740775e+01,7.989457799463033894e+01,-4.853333785409201795e-01,-1.057320800009201456e+01,5.485000000000000142e+01,6.114900000000000091e+01,6.000000000000000000e+01,1.000000000000000000e+00
1.596000000000000000e+03,4.999999999999999289e+01,-1.864465602488392193e+01,7.949882952187053320e+01,-2.811190196301550648e-01,-1.057305447735646275e+01,5.485000000000000142e+01,6.108500000000000085e+01,6.000000000000000000e+01,1.000000000000000000e+00
1.597000000000000000e+03,5.000000000000000000e+01,-1.845327543377043966e+01,7.911199798119652371e+01,-8.582051311210922573e-02,-1.057290203431397124e+01,5.485000000000000142e+01,6.102100000000000080e+01,6.000000000000000000e+01,1.000000000000000000e+00
1.598000000000000000e+03,5.000000000000001421e+01,-1.845327543377043966e+01,7.910809974822488755e+01,-8.207365108313044444e-02,-1.057275066337130554e+01,5.485000000000000142e+01,6.102100000000000080e+01,6.000000000000000000e+01,1.000000000000000000e+00
1.599000000000000000e+03,4.999999999999998579e+01,-1.854896572932716836e+01,7.929156898658534658e+01,-1.700029002695583880e-01,-1.057260035698863376e+01,5.485000000000000142e+01,6.105299999999999727e+01,6.000000000000000000e+01,1.000000000000000000e+00
1.600000000000000000e+03,4.999999999999999289e+01,-1.845327543377043966e+01,7.909679471115758531e+01,-7.106816970800168554e-02,-1.057245110767914831e+01,5.485000000000000142e+01,6.102100000000000080e+01,6.000000000000000000e+01,1.000000000000000000e+00
1.601000000000000000e+03,5.000000000000000000e+01,-1.845327543377043966e+01,7.909354372618685147e+01,-6.796538440770778788e-02,-1.057230290800869810e+01,5.485000000000000142e+01,6.102100000000000080e+01,6.000000000000000000e+01,1.000000000000000000e+00
1.602000000000000000e+03,5.000000000000002132e+01,-1.825890452092081517e+01,7.871017351775414284e+01,1.208867537621002575e-01,-1.057215575059540846e+01,5.485000000000000142e+01,6.095600000000000307e+01,6.000000000000000000e+01,1.000000000000000000e+00
1.603000000000000000e+03,4.999999999999999289e+01,-1.816321422536406160e+01,7.852810240274061471e+01,2.071214507327547028e-01,-1.057200962810931877e+01,5.485000000000000142e+01,6.092399999999999949e+01,6.000000000000000000e+01,1.000000000000000000e+00
1.604000000000000000e+03,5.000000000000000000e+01,-1.825890452092081517e+01,7.872420290330350667e+01,1.065661508893370885e-01,-1.057186453327202358e+01,5.485000000000000142e+01,6.095600000000000307e+01,6.000000000000000000e+01,1.000000000000000000e+00
1.605000000000000000e+03,5.000000000000000000e+01,-1.816321422536406160e+01,7.854150860911352083e+01,1.934260751068380690e-01,-1.057172045885629963e+01,5.485000000000000142e+01,6.092399999999999949e+01,6.000000000000000000e+01,1.000000000000000000e+00
1.606000000000000000e+03,5.000000000000000000e+01,-1.816321422536406160e+01,7.854981039160506384e+01,1.849812314447468742e-01,-1.057157739768575233e+01,5.485000000000000142e+01,6.092399999999999949e+01,6.000000000000000000e+01,1.000000000000000000e+00
1.607000000000000000e+03,5.000000000000000711e+01,-1.806752392980732935e+01,7.837054166293627588e+01,2.684176095055113009e-01,-1.057143534263445339e+01,5.485000000000000142e+01,6.089200000000000301e+01,6.000000000000000000e+01,1.000000000000000000e+00
1.608000000000000000e+03,5.000000000000000000e+01,-1.806752392980732935e+01,7.838211952717830400e+01,2.566986892556211708e-01,-1.057129428662659265e+01,5.485000000000000142e+01,6.089200000000000301e+01,6.000000000000000000e+01,1.000000000000000000e+00
1.609000000000000000e+03,5.000000000000001421e+01,-1.816321422536406160e+01,7.858038956525177809e+01,1.539788827484115386e-01,-1.057115422263612103e+01,5.485000000000000142e+01,6.092399999999999949e+01,6.000000000000000000e+01,1.000000000000000000e+00
1.610000000000000000e+03,5.000000000000000000e+01,-1.816321422536406160e+01,7.858697309384787388e+01,1.472562752025800004e-01,-1.057101514368639883e+01,5.485000000000000142e+01,6.092399999999999949e+01,6.000000000000000000e+01,1.000000000000000000e+00
1.611000000000000000e+03,5.000000000000000000e+01,-1.825890452092081517e+01,7.878046691779923094e+01,4.931464597144528950e-02,-1.057087704284985641e+01,5.485000000000000142e+01,6.095600000000000307e+01,6.000000000000000000e+01,1.000000000000000000e+00
1.612000000000000000e+03,5.000000000000000000e+01,-1.816321422536406160e+01,7.859528000879417675e+01,1.386741298175226955e-01,-1.057073991324764073e+01,5.485000000000000142e+01,6.092399999999999949e+01,6.000000000000000000e+01,1.000000000000000000e+00
1.613000000000000000e+03,5.000000000000001421e+01,-1.796884331251443712e+01,7.822094252551016780e+01,3.185045350535539166e-01,-1.057060374804927427e+01,5.485000000000000142e+01,6.085900000000000176e+01,6.000000000000000000e+01,1.000000000000000000e+00
1.614000000000000000e+03,4.999999999999999289e+01,-1.796884331251443712e+01,7.823471299741673590e+01,3.045988555700165912e-01,-1.057046854047231932e+01,5.485000000000000142e+01,6.085900000000000176e+01,6.000000000000000000e+01,1.000000000000000000e+00
1.615000000000000000e+03,4.999999999999999289e+01,-1.835459481647754387e+01,7.900253868224827158e+01,-7.760958198870104852e-02,-1.057033428378203155e+01,5.485000000000000142e+01,6.098799999999999955e+01,6.000000000000000000e+01,1.000000000000000000e+00
1.616000000000000000e+03,5.000000000000001421e+01,-1.796884331251443712e+01,7.824435561706242481e+01,2.946886667430599904e-01,-1.057020097129103853e+01,5.485000000000000142e+01,6.085900000000000176e+01,6.000000000000000000e+01,1.000000000000000000e+00
1.617000000000000000e+03,5.000000000000000000e+01,-1.806752392980732935e+01,7.845014204752558840e+01,1.874504786407300005e-01,-1.057006859635898977e+01,5.485000000000000142e+01,6.089200000000000301e+01,6.000000000000000000e+01,1.000000000000000000e+00
1.618000000000000000e+03,5.000000000000000000e+01,-1.796884331251443712e+01,7.826514164733153223e+01,2.736388175751469087e-01,-1.056993715239224407e+01,5.485000000000000142e+01,6.085900000000000176e+01,6.000000000000000000e+01,1.000000000000000000e+00
1.619000000000000000e+03,4.999999999999999289e+01,-1.806752392980732935e+01,7.847001091186595545e+01,1.673196507848889181e-01,-1.056980663284352318e+01,5.485000000000000142e+01,6.089200000000000301e+01,6.000000000000000000e+01,1.000000000000000000e+00
1.620000000000000000e+03,5.000000000000000000e+01,-1.796884331251443712e+01,7.828413345650577071e+01,2.543868872202614262e-01,-1.056967703121159730e+01,5.485000000000000142e+01,6.085900000000000176e+01,6.000000000000000000e+01,1.000000000000000000e+00
1.621000000000000000e+03,5.000000000000000711e+01,-1.835459481647754387e+01,7.904977248934430634e+01,-1.256293318258004665e-01,-1.056954834104095475e+01,5.485000000000000142e+01,6.098799999999999955e+01,6.000000000000000000e+01,1.000000000000000000e+00
1.622000000000000000e+03,5.000000000000000000e+01,-1.806752392980732935e+01,7.848255135333971566e+01,1.543931323891022389e-01,-1.056942055592149110e+01,5.485000000000000142e+01,6.089200000000000301e+01,6.000000000000000000e+01,1.000000000000000000e+00
1.623000000000000000e+03,5.000000000000000711e+01,-1.796884331251443712e+01,7.829611225065934832e+01,2.420247313432679070e-01,-1.056929366948817695e+01,5.485000000000000142e+01,6.085900000000000176e+01,6.000000000000000000e+01,1.000000000000000000e+00
1.624000000000000000e+03,4.999999999999998579e+01,-1.806752392980732935e+01,7.849960579235226987e+01,1.370858128757896921e-01,-1.056916767542074531e+01,5.485000000000000142e+01,6.089200000000000301e+01,6.000000000000000000e+01,1.000000000000000000e+00
1.625000000000000000e+03,5.000000000000001421e+01,-1.825890452092081517e+01,7.887987139553882798e+01,-5.192430717461762879e-02,-1.056904256744338255e+01,5.485000000000000142e+01,6.095600000000000307e+01,6.000000000000000000e+01,1.000000000000000000e+00
1.626000000000000000e+03,5.000000000000000000e+01,-1.796884331251443712e+01,7.831002163685919015e+01,2.277400149796542927e-01,-1.056891833932440861e+01,5.485000000000000142e+01,6.085900000000000176e+01,6.000000000000000000e+01,1.000000000000000000e+00
1.627000000000000000e+03,5.000000000000000000e+01,-1.825890452092081517e+01,7.888729980063197900e+01,-5.960029483519210802e-02,-1.056879498487596791e+01,5.485000000000000142e+01,6.095600000000000307e+01,6.000000000000000000e+01,1.000000000000000000e+00
1.628000000000000000e+03,5.000000000000000711e+01,-1.816321422536406160e+01,7.869737238613430463e+01,3.451433718348786983e-02,-1.056867249795372565e+01,5.485000000000000142e+01,6.092399999999999949e+01,6.000000000000000000e+01,1.000000000000000000e+00
1.629000000000000000e+03,5.000000000000000000e+01,-1.835459481647754387e+01,7.907316327476407025e+01,-1.500175858299737652e-01,-1.056855087245655689e+01,5.485000000000000142e+01,6.098799999999999955e+01,6.000000000000000000e+01,1.000000000000000000e+00
1.630000000000000000e+03,5.000000000000000711e+01,-1.816321422536406160e+01,7.869208720154082926e+01,3.955712614947634598e-02,-1.056843010232624103e+01,5.485000000000000142e+01,6.092399999999999949e+01,6.000000000000000000e+01,1.000000000000000000e+00
1.631000000000000000e+03,5.000000000000000711e+01,-1.835459481647754387e+01,7.906809995943692115e+01,-1.451949614121992027e-01,-1.056831018154717050e+01,5.485000000000000142e+01,6.098799999999999955e+01,6.000000000000000000e+01,1.000000000000000000e+00
1.632000000000000000e+03,5.000000000000000711e+01,-1.825890452092081517e+01,7.887443895272910765e+01,-4.734332766224559619e-02,-1.056819110414603990e+01,5.485000000000000142e+01,6.095600000000000307e+01,6.000000000000000000e+01,1.000000000000000000e+00
1.633000000000000000e+03,4.999999999999999289e+01,-1.864465602488392193e+01,7.962691511108386067e+01,-4.141862220083954438e-01,-1.056807286419154934e+01,5.485000000000000142e+01,6.108500000000000085e+01,6.000000000000000000e+01,1.000000000000000000e+00
1.634000000000000000e+03,5.000000000000000711e+01,-1.854896572932716836e+01,7.942151180793477749e+01,-3.045906228134885874e-01,-1.056795545579412021e+01,5.485000000000000142e+01,6.105299999999999727e+01,6.000000000000000000e+01,1.000000000000000000e+00
1.635000000000000000e+03,5.000000000000000000e+01,-1.864465602488392193e+01,7.959529983865256497e+01,-3.828049406630583129e-01,-1.056783887310558789e+01,5.485000000000000142e+01,6.108500000000000085e+01,6.000000000000000000e+01,1.000000000000000000e+00
1.636000000000000000e+03,5.000000000000000711e+01,-1.835459481647754387e+01,7.901101253424350546e+01,-8.869460744703994148e-02,-1.056772311031891753e+01,5.485000000000000142e+01,6.098799999999999955e+01,6.000000000000000000e+01,1.000000000000000000e+00
1.637000000000000000e+03,5.000000000000000000e+01,-1.893471723329029999e+01,8.014194234779382953e+01,-6.396169528356124845e-01,-1.056760816166791628e+01,5.485000000000000142e+01,6.118200000000000216e+01,6.000000000000000000e+01,1.000000000000000000e+00
1.638000000000000000e+03,5.000000000000000000e+01,-1.874034632044065418e+01,7.973364725919768148e+01,-4.258069173300891297e-01,-1.056749402142694017e+01,5.485000000000000142e+01,6.111699999999999733e+01,6.000000000000000000e+01,1.000000000000000000e+00
1.639000000000000000e+03,4.999999999999999289e+01,-1.845327543377043966e+01,7.915333503278101546e+01,-1.326789150999650446e-01,-1.056738068391061169e+01,5.485000000000000142e+01,6.102100000000000080e+01,6.000000000000000000e+01,1.000000000000000000e+00
1.640000000000000000e+03,5.000000000000000711e+01,-1.845327543377043966e+01,7.914742982610360400e+01,-1.268862488596135263e-01,-1.056726814347354271e+01,5.485000000000000142e+01,6.102100000000000080e+01,6.000000000000000000e+01,1.000000000000000000e+00
1.641000000000000000e+03,5.000000000000000711e+01,-1.854896572932716836e+01,7.932898113601595469e+01,-2.128590121787376499e-01,-1.056715639451004307e+01,5.485000000000000142e+01,6.105299999999999727e+01,6.000000000000000000e+01,1.000000000000000000e+00
1.642000000000000000e+03,5.000000000000000000e+01,-1.883603661599740775e+01,7.988118536560033078e+01,-4.781033181490724204e-01,-1.056704543145384534e+01,5.485000000000000142e+01,6.114900000000000091e+01,6.000000000000000000e+01,1.000000000000000000e+00
1.643000000000000000e+03,5.000000000000000000e+01,-1.883603661599740775e+01,7.986020153507789132e+01,-4.572296703026491049e-01,-1.056693524877783119e+01,5.485000000000000142e+01,6.114900000000000091e+01,6.000000000000000000e+01,1.000000000000000000e+00
1.644000000000000000e+03,5.000000000000000000e+01,-1.874034632044065418e+01,7.965292698647192537e+01,-3.457548250375239163e-01,-1.056682584099375077e+01,5.485000000000000142e+01,6.111699999999999733e+01,6.000000000000000000e+01,1.000000000000000000e+00
1.645000000000000000e+03,5.000000000000000000e+01,-1.864465602488392193e+01,7.945052011907290535e+01,-2.391468915370289494e-01,-1.056671720265195802e+01,5.485000000000000142e+01,6.108500000000000085e+01,6.000000000000000000e+01,1.000000000000000000e+00
1.646000000000000000e+03,4.999999999999999289e+01,-1.854896572932716836e+01,7.925276844159361644e+01,-1.371933839253346443e-01,-1.056660932834112288e+01,5.485000000000000142e+01,6.105299999999999727e+01,6.000000000000000000e+01,1.000000000000000000e+00
1.647000000000000000e+03,5.000000000000000711e+01,-1.893471723329029999e+01,8.000133293525790634e+01,-5.001134892796236242e-01,-1.056650221268797907e+01,5.485000000000000142e+01,6.118200000000000216e+01,6.000000000000000000e+01,1.000000000000000000e+00
1.648000000000000000e+03,5.000000000000000711e+01,-1.854896572932716836e+01,7.922473060277289392e+01,-1.093690230886720793e-01,-1.056639585035704698e+01,5.485000000000000142e+01,6.105299999999999727e+01,6.000000000000000000e+01,1.000000000000000000e+00
1.649000000000000000e+03,5.000000000000000000e+01,-1.883603661599740775e+01,7.978145847977967264e+01,-3.791316277318946826e-01,-1.056629023605037077e+01,5.485000000000000142e+01,6.114900000000000091e+01,6.000000000000000000e+01,1.000000000000000000e+00
1.650000000000000000e+03,4.999999999999999289e+01,-1.864465602488392193e+01,7.939039535045623097e+01,-1.795539610650641882e-01,-1.056618536450725365e+01,5.485000000000000142e+01,6.108500000000000085e+01,6.000000000000000000e+01,1.000000000000000000e+00
1.651000000000000000e+03,5.000000000000000711e+01,-1.874034632044065418e+01,7.956965484080136264e+01,-2.632272898567112329e-01,-1.056608123050399861e+01,5.485000000000000142e+01,6.111699999999999733e+01,6.000000000000000000e+01,1.000000000000000000e+00
1.652000000000000000e+03,5.000000000000000711e+01,-1.893471723329029999e+01,7.993831485563234196e+01,-4.376197934883933049e-01,-1.056597782885364190e+01,5.485000000000000142e+01,6.118200000000000216e+01,6.000000000000000000e+01,1.000000000000000000e+00
1.653000000000000000e+03,5.000000000000000711e+01,-1.874034632044065418e+01,7.953885028387976774e+01,-2.326288090334151792e-01,-1.056587515440569724e+01,5.485000000000000142e+01,6.111699999999999733e+01,6.000000000000000000e+01,1.000000000000000000e+00
1.654000000000000000e+03,5.000000000000000711e+01,-1.883603661599740775e+01,7.971579474608562066e+01,-3.139849280423041566e-01,-1.056577320204590364e+01,5.485000000000000142e+01,6.114900000000000091e+01,6.000000000000000000e+01,1.000000000000000000e+00
1.655000000000000000e+03,5.000000000000000000e+01,-1.874034632044065418e+01,7.951478233258733042e+01,-2.087640454507068144e-01,-1.056567196669596953e+01,5.485000000000000142e+01,6.111699999999999733e+01,6.000000000000000000e+01,1.000000000000000000e+00
1.656000000000000000e+03,5.000000000000001421e+01,-1.874034632044065418e+01,7.950556732076188382e+01,-1.996495570079094839e-01,-1.056557144331331166e+01,5.485000000000000142e+01,6.111699999999999733e+01,6.000000000000000000e+01,1.000000000000000000e+00
1.657000000000000000e+03,5.000000000000000000e+01,-1.874034632044065418e+01,7.949675094792263508e+01,-1.909330005911683559e-01,-1.056547162689081709e+01,5.485000000000000142e+01,6.111699999999999733e+01,6.000000000000000000e+01,1.000000000000000000e+00
1.658000000000000000e+03,5.000000000000000000e+01,-1.883603661599740775e+01,7.967551865713521408e+01,-2.741095286812259002e-01,-1.056537251245658027e+01,5.485000000000000142e+01,6.114900000000000091e+01,6.000000000000000000e+01,1.000000000000000000e+00
1.659000000000000000e+03,4.999999999999999289e+01,-1.835459481647754387e+01,7.872158861890305559e+01,1.982802926481485595e-01,-1.056527409507366677e+01,5.485000000000000142e+01,6.098799999999999955e+01,6.000000000000000000e+01,1.000000000000000000e+00
1.660000000000000000e+03,4.999999999999999289e+01,-1.864465602488392193e+01,7.929760622154989846e+01,-8.777382682612061560e-02,-1.056517636983986108e+01,5.485000000000000142e+01,6.108500000000000085e+01,6.000000000000000000e+01,1.000000000000000000e+00
1.661000000000000000e+03,4.999999999999999289e+01,-1.864465602488392193e+01,7.929367704129316508e+01,-8.394168452182872164e-02,-1.056507933188742321e+01,5.485000000000000142e+01,6.108500000000000085e+01,6.000000000000000000e+01,1.000000000000000000e+00
1.662000000000000000e+03,5.000000000000000000e+01,-1.874034632044065418e+01,7.947711867353207538e+01,-1.717893767085778567e-01,-1.056498297638284711e+01,5.485000000000000142e+01,6.111699999999999733e+01,6.000000000000000000e+01,1.000000000000000000e+00
1.663000000000000000e+03,5.000000000000000000e+01,-1.883603661599740775e+01,7.965672561620642966e+01,-2.558017016824064016e-01,-1.056488729852661734e+01,5.485000000000000142e+01,6.114900000000000091e+01,6.000000000000000000e+01,1.000000000000000000e+00
1.664000000000000000e+03,5.000000000000002132e+01,-1.883603661599740775e+01,7.964546249246696163e+01,-2.446335829165593723e-01,-1.056479229355297811e+01,5.485000000000000142e+01,6.114900000000000091e+01,6.000000000000000000e+01,1.000000000000000000e+00
1.665000000000000000e+03,4.999999999999999289e+01,-1.874034632044065418e+01,7.944748480746609687e+01,-1.424405302957617581e-01,-1.056469795672968637e+01,5.485000000000000142e+01,6.111699999999999733e+01,6.000000000000000000e+01,1.000000000000000000e+00
1.666000000000000000e+03,5.000000000000000711e+01,-1.883603661599740775e+01,7.962837510420230558e+01,-2.277342048471074909e-01,-1.056460428335777912e+01,5.485000000000000142e+01,6.114900000000000091e+01,6.000000000000000000e+01,1.000000000000000000e+00
1.667000000000000000e+03,4.999999999999998579e+01,-1.864465602488392193e+01,7.924393373469582968e+01,-3.476644104057827200e-02,-1.056451126877134428e+01,5.485000000000000142e+01,6.108500000000000085e+01,6.000000000000000000e+01,1.000000000000000000e+00
1.668000000000000000e+03,5.000000000000001421e+01,-1.883603661599740775e+01,7.961672913931823814e+01,-2.162736149835379207e-01,-1.056441890833728081e+01,5.485000000000000142e+01,6.114900000000000091e+01,6.000000000000000000e+01,1.000000000000000000e+00
1.669000000000000000e+03,5.000000000000001421e+01,-1.883603661599740775e+01,7.960719507757529811e+01,-2.068312641228151338e-01,-1.056432719745506787e+01,5.485000000000000142e+01,6.114900000000000091e+01,6.000000000000000000e+01,1.000000000000000000e+00
1.670000000000000000e+03,4.999999999999999289e+01,-1.893471723329029999e+01,7.979112681671502116e+01,-2.921734518681830539e-01,-1.056423613155654628e+01,5.485000000000000142e+01,6.118200000000000216e+01,6.000000000000000000e+01,1.000000000000000000e+00
1.671000000000000000e+03,5.000000000000000711e+01,-1.883603661599740775e+01,7.958522739834579340e+01,-1.850450762427032769e-01,-1.056414570610567871e+01,5.485000000000000142e+01,6.114900000000000091e+01,6.000000000000000000e+01,1.000000000000000000e+00
1.672000000000000000e+03,5.000000000000000000e+01,-1.893471723329029999e+01,7.977011158320864581e+01,-2.713384333200181131e-01,-1.056405591659833121e+01,5.485000000000000142e+01,6.118200000000000216e+01,6.000000000000000000e+01,1.000000000000000000e+00
1.673000000000000000e+03,5.000000000000000711e+01,-1.883603661599740775e+01,7.956512307421535013e+01,-1.651196996558862984e-01,-1.056396675856204581e+01,5.485000000000000142e+01,6.114900000000000091e+01,6.000000000000000000e+01,1.000000000000000000e+00
1.674000000000000000e+03,5.000000000000000000e+01,-1.874034632044065418e+01,7.937062271412602854e+01,-6.639816612956066233e-02,-1.056387822755581674e+01,5.485000000000000142e+01,6.111699999999999733e+01,6.000000000000000000e+01,1.000000000000000000e+00
1.675000000000000000e+03,4.999999999999998579e+01,-1.893471723329029999e+01,7.974789164054467960e+01,-2.493840880845173413e-01,-1.056379031916987365e+01,5.485000000000000142e+01,6.118200000000000216e+01,6.000000000000000000e+01,1.000000000000000000e+00
1.676000000000000000e+03,5.000000000000000000e+01,-1.883603661599740775e+01,7.954386351040469094e+01,-1.441238653818212034e-01,-1.056370302902545788e+01,5.485000000000000142e+01,6.114900000000000091e+01,6.000000000000000000e+01,1.000000000000000000e+00
1.677000000000000000e+03,5.000000000000000000e+01,-1.893471723329029999e+01,7.973053739923055616e+01,-2.322038131656514182e-01,-1.056361635277460564e+01,5.485000000000000142e+01,6.118200000000000216e+01,6.000000000000000000e+01,1.000000000000000000e+00
1.678000000000000000e+03,5.000000000000000711e+01,-1.893471723329029999e+01,7.972031348067194756e+01,-2.220659612817094397e-01,-1.056353028609993139e+01,5.485000000000000142e+01,6.118200000000000216e+01,6.000000000000000000e+01,1.000000000000000000e+00
1.679000000000000000e+03,5.000000000000000711e+01,-1.903040752884703224e+01,7.989773560020636012e+01,-3.038832466449093994e-01,-1.056344482471441104e+01,5.485000000000000142e+01,6.121399999999999864e+01,6.000000000000000000e+01,1.000000000000000000e+00
1.680000000000000000e+03,5.000000000000000000e+01,-1.903040752884703224e+01,7.988438341533118603e+01,-2.906159221229828171e-01,-1.056335996436117064e+01,5.485000000000000142e+01,6.121399999999999864e+01,6.000000000000000000e+01,1.000000000000000000e+00
1.681000000000000000e+03,4.999999999999999289e+01,-1.893471723329029999e+01,7.968440824766689445e+01,-1.864153135633229152e-01,-1.056327570081327849e+01,5.485000000000000142e+01,6.118200000000000216e+01,6.000000000000000000e+01,1.000000000000000000e+00
1.682000000000000000e+03,5.000000000000001421e+01,-1.903040752884703224e+01,7.986338863934827259e+01,-2.697890806276987408e-01,-1.056319202987352668e+01,5.485000000000000142e+01,6.121399999999999864e+01,6.000000000000000000e+01,1.000000000000000000e+00
1.683000000000000000e+03,5.000000000000000000e+01,-1.951184932836689256e+01,8.079339095464575848e+01,-7.184326789046451278e-01,-1.056310894737422146e+01,5.485000000000000142e+01,6.137500000000000000e+01,6.000000000000000000e+01,1.000000000000000000e+00
1.684000000000000000e+03,4.999999999999999289e+01,-1.922178811996051451e+01,8.019448364857674960e+01,-4.096690794392550683e-01,-1.056302644917698785e+01,5.485000000000000142e+01,6.127799999999999869e+01,6.000000000000000000e+01,1.000000000000000000e+00
1.685000000000000000e+03,5.000000000000000711e+01,-1.912609782440378581e+01,7.998931305102436795e+01,-3.002706954480307000e-01,-1.056294453117254761e+01,5.485000000000000142e+01,6.124600000000000222e+01,6.000000000000000000e+01,1.000000000000000000e+00
1.686000000000000000e+03,4.999999999999999289e+01,-1.903040752884703224e+01,7.978891928453953142e+01,-1.956485664119724799e-01,-1.056286318928052737e+01,5.485000000000000142e+01,6.121399999999999864e+01,6.000000000000000000e+01,1.000000000000000000e+00
1.687000000000000000e+03,5.000000000000000000e+01,-1.903040752884703224e+01,7.978029663867035026e+01,-1.871066903740661314e-01,-1.056278241944924901e+01,5.485000000000000142e+01,6.121399999999999864e+01,6.000000000000000000e+01,1.000000000000000000e+00
1.688000000000000000e+03,5.000000000000000000e+01,-1.903040752884703224e+01,7.977204749301800746e+01,-1.789377465154496638e-01,-1.056270221765552364e+01,5.485000000000000142e+01,6.121399999999999864e+01,6.000000000000000000e+01,1.000000000000000000e+00
1.689000000000000000e+03,5.000000000000000000e+01,-1.893471723329029999e+01,7.957695274017203246e+01,-7.961292697726611578e-02,-1.056262257990446507e+01,5.485000000000000142e+01,6.118200000000000216e+01,6.000000000000000000e+01,1.000000000000000000e+00
1.690000000000000000e+03,5.000000000000000000e+01,-1.893471723329029999e+01,7.957339781922476618e+01,-7.613708370518842972e-02,-1.056254350222927663e+01,5.485000000000000142e+01,6.118200000000000216e+01,6.000000000000000000e+01,1.000000000000000000e+00
1.691000000000000000e+03,5.000000000000000000e+01,-1.922178811996051451e+01,8.013160367163058595e+01,-3.473505709790112306e-01,-1.056246498069106288e+01,5.485000000000000142e+01,6.127799999999999869e+01,6.000000000000000000e+01,1.000000000000000000e+00
1.692000000000000000e+03,5.000000000000000000e+01,-1.893471723329029999e+01,7.955475216120956361e+01,-5.764791654063533555e-02,-1.056238701137862535e+01,5.485000000000000142e+01,6.118200000000000216e+01,6.000000000000000000e+01,1.000000000000000000e+00
1.693000000000000000e+03,5.000000000000000000e+01,-1.893471723329029999e+01,7.955215787356360124e+01,-5.513104986502270072e-02,-1.056230959040827422e+01,5.485000000000000142e+01,6.118200000000000216e+01,6.000000000000000000e+01,1.000000000000000000e+00
1.694000000000000000e+03,4.999999999999999289e+01,-1.893471723329029999e+01,7.954967401499662571e+01,-5.272406778269531080e-02,-1.056223271392363472e+01,5.485000000000000142e+01,6.118200000000000216e+01,6.000000000000000000e+01,1.000000000000000000e+00
1.695000000000000000e+03,5.000000000000000711e+01,-1.893471723329029999e+01,7.954729578419690483e+01,-5.042217281114903804e-02,-1.056215637809545171e+01,5.485000000000000142e+01,6.118200000000000216e+01,6.000000000000000000e+01,1.000000000000000000e+00
1.696000000000000000e+03,4.999999999999999289e+01,-1.893471723329029999e+01,7.954501858933421943e+01,-4.822077692252385583e-02,-1.056208057912140141e+01,5.485000000000000142e+01,6.118200000000000216e+01,6.000000000000000000e+01,1.000000000000000000e+00
1.697000000000000000e+03,5.000000000000000000e+01,-1.912609782440378581e+01,7.991724368184361538e+01,-2.291405442139369808e-01,-1.056200531322589953e+01,5.485000000000000142e+01,6.124600000000000222e+01,6.000000000000000000e+01,1.000000000000000000e+00
1.698000000000000000e+03,5.000000000000000000e+01,-1.903040752884703224e+01,7.971996201205408283e+01,-1.276239065471320711e-01,-1.056193057665991475e+01,5.485000000000000142e+01,6.121399999999999864e+01,6.000000000000000000e+01,1.000000000000000000e+00
1.699000000000000000e+03,5.000000000000000000e+01,-1.903040752884703224e+01,7.971431583290120670e+01,-1.220519383533889557e-01,-1.056185636570078223e+01,5.485000000000000142e+01,6.121399999999999864e+01,6.000000000000000000e+01,1.000000000000000000e+00
1.700000000000000000e+03,4.999999999999998579e+01,-1.922178811996051451e+01,8.008331908672076338e+01,-2.997482901082468842e-01,-1.056178267665201531e+01,5.485000000000000142e+01,6.127799999999999869e+01,6.000000000000000000e+01,1.000000000000000000e+00
1.701000000000000000e+03,5.000000000000000000e+01,-1.932046873725341030e+01,8.026321203026064666e+01,-3.810337871641096275e-01,-1.056170950584312962e+01,5.485000000000000142e+01,6.131099999999999994e+01,6.000000000000000000e+01,1.000000000000000000e+00
1.702000000000000000e+03,5.000000000000000711e+01,-1.951184932836689256e+01,8.062090935520750179e+01,-5.474231772111530780e-01,-1.056163684962944949e+01,5.485000000000000142e+01,6.137500000000000000e+01,6.000000000000000000e+01,1.000000000000000000e+00
1.703000000000000000e+03,5.000000000000000000e+01,-1.922178811996051451e+01,8.002947855424825718e+01,-2.461257298958078876e-01,-1.056156470439193562e+01,5.485000000000000142e+01,6.127799999999999869e+01,6.000000000000000000e+01,1.000000000000000000e+00
1.704000000000000000e+03,4.999999999999999289e+01,-1.922178811996051451e+01,8.001866124361346522e+01,-2.353800571159609112e-01,-1.056149306653699682e+01,5.485000000000000142e+01,6.127799999999999869e+01,6.000000000000000000e+01,1.000000000000000000e+00
1.705000000000000000e+03,4.999999999999999289e+01,-1.960753962392362482e+01,8.076297495918448988e+01,-5.940134027645502801e-01,-1.056142193249631589e+01,5.485000000000000142e+01,6.140699999999999648e+01,6.000000000000000000e+01,1.000000000000000000e+00
1.706000000000000000e+03,5.000000000000000000e+01,-1.922178811996051451e+01,7.998230875240825810e+01,-1.991693337210765358e-01,-1.056135129872667200e+01,5.485000000000000142e+01,6.127799999999999869e+01,6.000000000000000000e+01,1.000000000000000000e+00
1.707000000000000000e+03,5.000000000000000000e+01,-1.941615903281016031e+01,8.035379875627801027e+01,-3.763585617580887943e-01,-1.056128116170976305e+01,5.485000000000000142e+01,6.134300000000000352e+01,6.000000000000000000e+01,1.000000000000000000e+00
1.708000000000000000e+03,5.000000000000000000e+01,-1.932046873725341030e+01,8.015009474627500197e+01,-2.684144910695639985e-01,-1.056121151795202984e+01,5.485000000000000142e+01,6.131099999999999994e+01,6.000000000000000000e+01,1.000000000000000000e+00
1.709000000000000000e+03,5.000000000000000000e+01,-1.970322991948037838e+01,8.088711809406315467e+01,-6.227458105982952574e-01,-1.056114236398448192e+01,5.485000000000000142e+01,6.143900000000000006e+01,6.000000000000000000e+01,1.000000000000000000e+00
1.710000000000000000e+03,5.000000000000000711e+01,-1.970322991948037838e+01,8.085986079115085090e+01,-5.955571753079390573e-01,-1.056107369636252713e+01,5.485000000000000142e+01,6.143900000000000006e+01,6.000000000000000000e+01,1.000000000000000000e+00
1.711000000000000000e+03,5.000000000000000711e+01,-1.980191053677327062e+01,8.102684391710855039e+01,-6.639278686694751741e-01,-1.056100551166579748e+01,5.485000000000000142e+01,6.147200000000000131e+01,6.000000000000000000e+01,1.000000000000000000e+00
1.712000000000000000e+03,5.000000000000000000e+01,-1.960753962392362482e+01,8.061753386644255670e+01,-4.490564360209563510e-01,-1.056093780649797864e+01,5.485000000000000142e+01,6.140699999999999648e+01,6.000000000000000000e+01,1.000000000000000000e+00
1.713000000000000000e+03,5.000000000000000000e+01,-1.980191053677327062e+01,8.097811688671754382e+01,-6.153357724576252741e-01,-1.056087057748664293e+01,5.485000000000000142e+01,6.147200000000000131e+01,6.000000000000000000e+01,1.000000000000000000e+00
1.714000000000000000e+03,5.000000000000001421e+01,-1.941615903281016031e+01,8.019652363814472551e+01,-2.195607840514757769e-01,-1.056080382128308237e+01,5.485000000000000142e+01,6.134300000000000352e+01,6.000000000000000000e+01,1.000000000000000000e+00
1.715000000000000000e+03,5.000000000000000000e+01,-1.941615903281016031e+01,8.018687148511997975e+01,-2.099749177476863682e-01,-1.056073753456213637e+01,5.485000000000000142e+01,6.134300000000000352e+01,6.000000000000000000e+01,1.000000000000000000e+00
1.716000000000000000e+03,5.000000000000000711e+01,-1.951184932836689256e+01,8.036484113178556754e+01,-2.923200893966415581e-01,-1.056067171402203009e+01,5.485000000000000142e+01,6.137500000000000000e+01,6.000000000000000000e+01,1.000000000000000000e+00
1.717000000000000000e+03,5.000000000000001421e+01,-1.980191053677327062e+01,8.091947184133853455e+01,-5.569549481810472935e-01,-1.056060635638420919e+01,5.485000000000000142e+01,6.147200000000000131e+01,6.000000000000000000e+01,1.000000000000000000e+00
1.718000000000000000e+03,5.000000000000000000e+01,-1.951184932836689256e+01,8.032763213734396857e+01,-2.552413505838997954e-01,-1.056054145839317826e+01,5.485000000000000142e+01,6.137500000000000000e+01,6.000000000000000000e+01,1.000000000000000000e+00
1.719000000000000000e+03,5.000000000000000000e+01,-1.951184932836689256e+01,8.031642404152820802e+01,-2.440976963449794368e-01,-1.056047701681633910e+01,5.485000000000000142e+01,6.137500000000000000e+01,6.000000000000000000e+01,1.000000000000000000e+00
1.720000000000000000e+03,5.000000000000000000e+01,-1.960753962392362482e+01,8.049290574432983192e+01,-3.249530919623880854e-01,-1.056041302844382201e+01,5.485000000000000142e+01,6.140699999999999648e+01,6.000000000000000000e+01,1.000000000000000000e+00
1.721000000000000000e+03,5.000000000000001421e+01,-1.980191053677327062e+01,8.085891071822206300e+01,-4.966506913604413764e-01,-1.056034949008833657e+01,5.485000000000000142e+01,6.147200000000000131e+01,6.000000000000000000e+01,1.000000000000000000e+00
1.722000000000000000e+03,5.000000000000001421e+01,-1.980191053677327062e+01,8.083716421386505147e+01,-4.749672785067616254e-01,-1.056028639858500462e+01,5.485000000000000142e+01,6.147200000000000131e+01,6.000000000000000000e+01,1.000000000000000000e+00
1.723000000000000000e+03,5.000000000000000000e+01,-1.960753962392362482e+01,8.043610910436635208e+01,-2.683457296515173729e-01,-1.056022375079120756e+01,5.485000000000000142e+01,6.140699999999999648e+01,6.000000000000000000e+01,1.000000000000000000e+00
1.724000000000000000e+03,5.000000000000001421e+01,-1.980191053677327062e+01,8.080458684623378929e+01,-4.425147658740763434e-01,-1.056016154358642822e+01,5.485000000000000142e+01,6.147200000000000131e+01,6.000000000000000000e+01,1.000000000000000000e+00
1.725000000000000000e+03,5.000000000000000000e+01,-1.989760083233000287e+01,8.097240802079589628e+01,-5.147074145937980960e-01,-1.056009977387209275e+01,5.485000000000000142e+01,6.150399999999999778e+01,6.000000000000000000e+01,1.000000000000000000e+00
1.726000000000000000e+03,5.000000000000000711e+01,-1.980191053677327062e+01,8.076267210759610293e+01,-4.007231322513999938e-01,-1.056003843857142321e+01,5.485000000000000142e+01,6.147200000000000131e+01,6.000000000000000000e+01,1.000000000000000000e+00
1.727000000000000000e+03,5.000000000000000000e+01,-1.989760083233000287e+01,8.093231874067019760e+01,-4.747403737109163191e-01,-1.055997753462927946e+01,5.485000000000000142e+01,6.150399999999999778e+01,6.000000000000000000e+01,1.000000000000000000e+00
1.728000000000000000e+03,5.000000000000001421e+01,-1.989760083233000287e+01,8.091153144094786853e+01,-4.540135496058569364e-01,-1.055991705901200461e+01,5.485000000000000142e+01,6.150399999999999778e+01,6.000000000000000000e+01,1.000000000000000000e+00
1.729000000000000000e+03,5.000000000000001421e+01,-1.989760083233000287e+01,8.089164948480767237e+01,-4.341916437703856047e-01,-1.055985700870727761e+01,5.485000000000000142e+01,6.150399999999999778e+01,6.000000000000000000e+01,1.000000000000000000e+00
1.730000000000000000e+03,5.000000000000001421e+01,-1.980191053677327062e+01,8.068543053971187362e+01,-3.237226222146261101e-01,-1.055979738072396579e+01,5.485000000000000142e+01,6.147200000000000131e+01,6.000000000000000000e+01,1.000000000000000000e+00
1.731000000000000000e+03,5.000000000000000711e+01,-1.989760083233000287e+01,8.085844065511889767e+01,-4.011016506969245499e-01,-1.055973817209196675e+01,5.485000000000000142e+01,6.150399999999999778e+01,6.000000000000000000e+01,1.000000000000000000e+00
1.732000000000000000e+03,5.000000000000000000e+01,-1.999329112788675644e+01,8.102807287406153591e+01,-4.751023663127045826e-01,-1.055967937986207161e+01,5.485000000000000142e+01,6.153600000000000136e+01,6.000000000000000000e+01,1.000000000000000000e+00
1.733000000000000000e+03,5.000000000000000000e+01,-1.989760083233000287e+01,8.082006904539868231e+01,-3.628472119628728398e-01,-1.055962100110580693e+01,5.485000000000000142e+01,6.150399999999999778e+01,6.000000000000000000e+01,1.000000000000000000e+00
1.734000000000000000e+03,5.000000000000000000e+01,-1.989760083233000287e+01,8.080416942826524007e+01,-3.470055630199387342e-01,-1.055956303291530141e+01,5.485000000000000142e+01,6.150399999999999778e+01,6.000000000000000000e+01,1.000000000000000000e+00
1.735000000000000000e+03,5.000000000000000711e+01,-1.989760083233000287e+01,8.078896185383710815e+01,-3.318555491039725247e-01,-1.055950547240312964e+01,5.485000000000000142e+01,6.150399999999999778e+01,6.000000000000000000e+01,1.000000000000000000e+00
1.736000000000000000e+03,5.000000000000000711e+01,-1.989760083233000287e+01,8.077441612295810103e+01,-3.173669739259230016e-01,-1.055944831670217354e+01,5.485000000000000142e+01,6.150399999999999778e+01,6.000000000000000000e+01,1.000000000000000000e+00
1.737000000000000000e+03,5.000000000000000711e+01,-1.989760083233000287e+01,8.076050335484053733e+01,-3.035109595450540265e-01,-1.055939156296548198e+01,5.485000000000000142e+01,6.150399999999999778e+01,6.000000000000000000e+01,1.000000000000000000e+00
1.738000000000000000e+03,5.000000000000000711e+01,-1.989760083233000287e+01,8.074719592950692970e+01,-2.902598888108029462e-01,-1.055933520836611983e+01,5.485000000000000142e+01,6.150399999999999778e+01,6.000000000000000000e+01,1.000000000000000000e+00
1.739000000000000000e+03,5.000000000000000000e+01,-1.989760083233000287e+01,8.073446743274462278e+01,-2.775873503175863566e-01,-1.055927925009703827e+01,5.485000000000000142e+01,6.150399999999999778e+01,6.000000000000000000e+01,1.000000000000000000e+00
1.740000000000000000e+03,4.999999999999998579e+01,-1.999329112788675644e+01,8.090949542492801072e+01,-3.569806116703356791e-01,-1.055922368537092915e+01,5.485000000000000142e+01,6.153600000000000136e+01,6.000000000000000000e+01,1.000000000000000000e+00
1.741000000000000000e+03,5.000000000000000000e+01,-1.989760083233000287e+01,8.070665191212965794e+01,-2.498825683795776742e-01,-1.055916851142008461e+01,5.485000000000000142e+01,6.150399999999999778e+01,6.000000000000000000e+01,1.000000000000000000e+00
1.742000000000000000e+03,5.000000000000000000e+01,-1.989760083233000287e+01,8.069568743255319987e+01,-2.389728747269417586e-01,-1.055911372549626215e+01,5.485000000000000142e+01,6.150399999999999778e+01,6.000000000000000000e+01,1.000000000000000000e+00
1.743000000000000000e+03,5.000000000000000000e+01,-2.018766204073638093e+01,8.125265820023582819e+01,-5.059368346288922735e-01,-1.055905932487054955e+01,5.485000000000000142e+01,6.160099999999999909e+01,6.000000000000000000e+01,1.000000000000000000e+00
1.744000000000000000e+03,5.000000000000000000e+01,-2.018766204073638093e+01,8.123051534299223420e+01,-4.838479954226251878e-01,-1.055900530683322458e+01,5.485000000000000142e+01,6.160099999999999909e+01,6.000000000000000000e+01,1.000000000000000000e+00
1.745000000000000000e+03,5.000000000000000000e+01,-2.008898142344348514e+01,8.101628433888306802e+01,-3.683512467459634787e-01,-1.055895166869362001e+01,5.485000000000000142e+01,6.156799999999999784e+01,6.000000000000000000e+01,1.000000000000000000e+00
1.746000000000000000e+03,5.000000000000000000e+01,-1.999329112788675644e+01,8.081294630535263934e+01,-2.607567696858938411e-01,-1.055889840777999389e+01,5.485000000000000142e+01,6.153600000000000136e+01,6.000000000000000000e+01,1.000000000000000000e+00
1.747000000000000000e+03,5.000000000000000000e+01,-2.037904263184986320e+01,8.155617033955992667e+01,-6.182821862706662230e-01,-1.055884552143939459e+01,5.485000000000000142e+01,6.166499999999999915e+01,6.000000000000000000e+01,1.000000000000000000e+00
1.748000000000000000e+03,4.999999999999999289e+01,-2.028335233629313095e+01,8.134192124703912441e+01,-4.997759037084692491e-01,-1.055879300703752932e+01,5.485000000000000142e+01,6.163300000000000267e+01,6.000000000000000000e+01,1.000000000000000000e+00
1.749000000000000000e+03,5.000000000000000711e+01,-2.037904263184986320e+01,8.150725206604188600e+01,-5.694685722333915345e-01,-1.055874086195862738e+01,5.485000000000000142e+01,6.166499999999999915e+01,6.000000000000000000e+01,1.000000000000000000e+00
1.750000000000000000e+03,5.000000000000000000e+01,-2.076479413581297351e+01,8.223699907242816209e+01,-9.135158530098661522e-01,-1.055868908360531755e+01,5.485000000000000142e+01,6.179399999999999693e+01,6.000000000000000000e+01,1.000000000000000000e+00
1.751000000000000000e+03,5.000000000000000000e+01,-2.066910384025624126e+01,8.200986139003336461e+01,-7.821198803786266751e-01,-1.055863766939849313e+01,5.485000000000000142e+01,6.176200000000000045e+01,6.000000000000000000e+01,1.000000000000000000e+00
1.752000000000000000e+03,5.000000000000000000e+01,-2.086048443136972708e+01,8.235006918750939064e+01,-9.309981393624735535e-01,-1.055858661677718757e+01,5.485000000000000142e+01,6.182600000000000051e+01,6.000000000000000000e+01,1.000000000000000000e+00
1.753000000000000000e+03,5.000000000000001421e+01,-2.066910384025624126e+01,8.193496614019926483e+01,-7.073263767445687744e-01,-1.055853592319844481e+01,5.485000000000000142e+01,6.176200000000000045e+01,6.000000000000000000e+01,1.000000000000000000e+00
1.754000000000000000e+03,4.999999999999999289e+01,-2.057042322296334902e+01,8.171098153137857878e+01,-5.820727222780408550e-01,-1.055848558613719312e+01,5.485000000000000142e+01,6.172899999999999920e+01,6.000000000000000000e+01,1.000000000000000000e+00
1.755000000000000000e+03,5.000000000000000711e+01,-2.086048443136972708e+01,8.225297722345501938e+01,-8.340571889991676979e-01,-1.055843560308611728e+01,5.485000000000000142e+01,6.182600000000000051e+01,6.000000000000000000e+01,1.000000000000000000e+00
1.756000000000000000e+03,5.000000000000000000e+01,-2.076479413581297351e+01,8.202931043199805572e+01,-7.061303246295440594e-01,-1.055838597155553771e+01,5.485000000000000142e+01,6.179399999999999693e+01,6.000000000000000000e+01,1.000000000000000000e+00
1.757000000000000000e+03,5.000000000000000000e+01,-2.066910384025624126e+01,8.181122918470437355e+01,-5.837886553748512508e-01,-1.055833668907328260e+01,5.485000000000000142e+01,6.176200000000000045e+01,6.000000000000000000e+01,1.000000000000000000e+00
1.758000000000000000e+03,5.000000000000000000e+01,-2.047473292740661677e+01,8.140543672387263996e+01,-3.724160432814526134e-01,-1.055828775318456891e+01,5.485000000000000142e+01,6.169700000000000273e+01,6.000000000000000000e+01,1.000000000000000000e+00
1.759000000000000000e+03,4.999999999999999289e+01,-2.066910384025624126e+01,8.176938444598616229e+01,-5.420414442780572273e-01,-1.055823916145187269e+01,5.485000000000000142e+01,6.176200000000000045e+01,6.000000000000000000e+01,1.000000000000000000e+00
1.760000000000000000e+03,5.000000000000000000e+01,-2.057042322296334902e+01,8.155261814579448298e+01,-4.240040113763210439e-01,-1.055819091145481714e+01,5.485000000000000142e+01,6.172899999999999920e+01,6.000000000000000000e+01,1.000000000000000000e+00
1.761000000000000000e+03,5.000000000000000711e+01,-2.076479413581297351e+01,8.191431425530166166e+01,-5.913771186986344075e-01,-1.055814300079004653e+01,5.485000000000000142e+01,6.179399999999999693e+01,6.000000000000000000e+01,1.000000000000000000e+00
1.762000000000000000e+03,5.000000000000000711e+01,-2.076479413581297351e+01,8.188844758087466857e+01,-5.655580179905760341e-01,-1.055809542707110715e+01,5.485000000000000142e+01,6.179399999999999693e+01,6.000000000000000000e+01,1.000000000000000000e+00
1.763000000000000000e+03,5.000000000000000000e+01,-2.066910384025624126e+01,8.167650566297213288e+01,-4.493536347875695114e-01,-1.055804818792832478e+01,5.485000000000000142e+01,6.176200000000000045e+01,6.000000000000000000e+01,1.000000000000000000e+00
1.764000000000000000e+03,4.999999999999999289e+01,-2.066910384025624126e+01,8.165684029875465910e+01,-4.297351774897235077e-01,-1.055800128100869983e+01,5.485000000000000142e+01,6.176200000000000045e+01,6.000000000000000000e+01,1.000000000000000000e+00
1.765000000000000000e+03,4.999999999999997868e+01,-2.057042322296334902e+01,8.144497888255888540e+01,-3.166009556197819097e-01,-1.055795470397577240e+01,5.485000000000000142e+01,6.172899999999999920e+01,6.000000000000000000e+01,1.000000000000000000e+00
1.766000000000000000e+03,5.000000000000000711e+01,-2.037904263184986320e+01,8.105670441959297534e+01,-1.197533332335925238e-01,-1.055790845450951743e+01,5.485000000000000142e+01,6.166499999999999915e+01,6.000000000000000000e+01,1.000000000000000000e+00
1.767000000000000000e+03,4.999999999999999289e+01,-2.028335233629313095e+01,8.086422732931571034e+01,-2.301246271635568053e-02,-1.055786253030622568e+01,5.485000000000000142e+01,6.163300000000000267e+01,6.000000000000000000e+01,1.000000000000000000e+00
1.768000000000000000e+03,4.999999999999998579e+01,-2.028335233629313095e+01,8.086317702047638534e+01,-2.200775510487162565e-02,-1.055781692907839009e+01,5.485000000000000142e+01,6.163300000000000267e+01,6.000000000000000000e+01,1.000000000000000000e+00
1.769000000000000000e+03,5.000000000000000000e+01,-2.028335233629313095e+01,8.086217089715458428e+01,-2.104691230685912587e-02,-1.055777164855459382e+01,5.485000000000000142e+01,6.163300000000000267e+01,6.000000000000000000e+01,1.000000000000000000e+00
1.770000000000000000e+03,4.999999999999999289e+01,-1.989760083233000287e+01,8.010654566796084453e+01,3.487818508485343028e-01,-1.055772668647938595e+01,5.485000000000000142e+01,6.150399999999999778e+01,6.000000000000000000e+01,1.000000000000000000e+00
1.771000000000000000e+03,4.999999999999999289e+01,-2.018766204073638093e+01,8.068918714002623460e+01,5.615694132333032274e-02,-1.055768204061318905e+01,5.485000000000000142e+01,6.160099999999999909e+01,6.000000000000000000e+01,1.000000000000000000e+00
1.772000000000000000e+03,4.999999999999999289e+01,-1.999329112788675644e+01,8.031133884881336371e+01,2.395899878055527399e-01,-1.055763770873216600e+01,5.485000000000000142e+01,6.153600000000000136e+01,6.000000000000000000e+01,1.000000000000000000e+00
1.773000000000000000e+03,5.000000000000001421e+01,-1.989760083233000287e+01,8.013455233421446167e+01,3.206421867436751727e-01,-1.055759368862812586e+01,5.485000000000000142e+01,6.150399999999999778e+01,6.000000000000000000e+01,1.000000000000000000e+00
1.774000000000000000e+03,4.999999999999998579e+01,-1.989760083233000287e+01,8.014850763151734725e+01,3.066431789210444236e-01,-1.055754997810840301e+01,5.485000000000000142e+01,6.150399999999999778e+01,6.000000000000000000e+01,1.000000000000000000e+00
1.775000000000000000e+03,5.000000000000000000e+01,-2.008898142344348514e+01,8.053625769251810596e+01,1.102303059211330039e-01,-1.055750657499575773e+01,5.485000000000000142e+01,6.156799999999999784e+01,6.000000000000000000e+01,1.000000000000000000e+00
1.776000000000000000e+03,5.000000000000000000e+01,-1.989760083233000287e+01,8.016662152779191786e+01,2.884427816663369670e-01,-1.055746347712825717e+01,5.485000000000000142e+01,6.150399999999999778e+01,6.000000000000000000e+01,1.000000000000000000e+00
1.777000000000000000e+03,5.000000000000000000e+01,-1.989760083233000287e+01,8.017917193792185060e+01,2.758495767673310173e-01,-1.055742068235917763e+01,5.485000000000000142e+01,6.150399999999999778e+01,6.000000000000000000e+01,1.000000000000000000e+00
1.778000000000000000e+03,5.000000000000000711e+01,-1.989760083233000287e+01,8.019117283872790836e+01,2.638061821589906542e-01,-1.055737818855688914e+01,5.485000000000000142e+01,6.150399999999999778e+01,6.000000000000000000e+01,1.000000000000000000e+00
1.779000000000000000e+03,5.000000000000000000e+01,-1.989760083233000287e+01,8.020264823241625152e+01,2.522885935184968065e-01,-1.055733599360475417e+01,5.485000000000000142e+01,6.150399999999999778e+01,6.000000000000000000e+01,1.000000000000000000e+00
1.780000000000000000e+03,5.000000000000000711e+01,-1.980191053677327062e+01,8.002641825173228085e+01,3.327863804420185811e-01,-1.055729409540102104e+01,5.485000000000000142e+01,6.147200000000000131e+01,6.000000000000000000e+01,1.000000000000000000e+00
1.781000000000000000e+03,5.000000000000000000e+01,-1.989760083233000287e+01,8.022810868426060438e+01,2.267446399281157765e-01,-1.055725249185872094e+01,5.485000000000000142e+01,6.150399999999999778e+01,6.000000000000000000e+01,1.000000000000000000e+00
1.782000000000000000e+03,5.000000000000000000e+01,-1.970322991948037838e+01,7.985771115050542335e+01,4.027299498805159139e-01,-1.055721118090555954e+01,5.485000000000000142e+01,6.143900000000000006e+01,6.000000000000000000e+01,1.000000000000000000e+00
1.783000000000000000e+03,5.000000000000002132e+01,-1.980191053677327062e+01,8.006830594038450499e+01,2.907747568725981280e-01,-1.055717016048381574e+01,5.485000000000000142e+01,6.147200000000000131e+01,6.000000000000000000e+01,1.000000000000000000e+00
1.784000000000000000e+03,5.000000000000000000e+01,-1.970322991948037838e+01,7.988790731607932116e+01,3.724520319513038302e-01,-1.055712942855024394e+01,5.485000000000000142e+01,6.143900000000000006e+01,6.000000000000000000e+01,1.000000000000000000e+00
1.785000000000000000e+03,5.000000000000000000e+01,-1.989760083233000287e+01,8.028438359019671111e+01,1.703062252092535644e-01,-1.055708898307596577e+01,5.485000000000000142e+01,6.150399999999999778e+01,6.000000000000000000e+01,1.000000000000000000e+00
1.786000000000000000e+03,5.000000000000000000e+01,-1.980191053677327062e+01,8.010457605530623937e+01,2.543833035134081544e-01,-1.055704882204637229e+01,5.485000000000000142e+01,6.147200000000000131e+01,6.000000000000000000e+01,1.000000000000000000e+00
1.787000000000000000e+03,5.000000000000001421e+01,-1.989760083233000287e+01,8.030284519070454508e+01,1.517645850864877133e-01,-1.055700894346102459e+01,5.485000000000000142e+01,6.150399999999999778e+01,6.000000000000000000e+01,1.000000000000000000e+00
1.788000000000000000e+03,4.999999999999999289e+01,-1.960753962392362482e+01,7.974197297291220821e+01,4.225359963449588641e-01,-1.055696934533354892e+01,5.485000000000000142e+01,6.140699999999999648e+01,6.000000000000000000e+01,1.000000000000000000e+00
1.789000000000000000e+03,5.000000000000000000e+01,-1.989760083233000287e+01,8.032783982427790193e+01,1.266910337436408795e-01,-1.055693002569154260e+01,5.485000000000000142e+01,6.150399999999999778e+01,6.000000000000000000e+01,1.000000000000000000e+00
1.790000000000000000e+03,5.000000000000001421e+01,-1.980191053677327062e+01,8.014612919933509261e+01,2.126723200146677373e-01,-1.055689098257647629e+01,5.485000000000000142e+01,6.147200000000000131e+01,6.000000000000000000e+01,1.000000000000000000e+00
1.791000000000000000e+03,5.000000000000000000e+01,-1.960753962392362482e+01,7.977511982060914875e+01,3.892720173580661580e-01,-1.055685221404358920e+01,5.485000000000000142e+01,6.140699999999999648e+01,6.000000000000000000e+01,1.000000000000000000e+00
1.792000000000000000e+03,5.000000000000000711e+01,-1.960753962392362482e+01,7.979207666171490132e+01,3.722766803705375716e-01,-1.055681371816180558e+01,5.485000000000000142e+01,6.140699999999999648e+01,6.000000000000000000e+01,1.000000000000000000e+00
1.793000000000000000e+03,5.000000000000000711e+01,-1.980191053677327062e+01,8.018854750043422541e+01,1.701385293526740672e-01,-1.055677549301362284e+01,5.485000000000000142e+01,6.147200000000000131e+01,6.000000000000000000e+01,1.000000000000000000e+00
1.794000000000000000e+03,5.000000000000000000e+01,-1.980191053677327062e+01,8.019593767023816611e+01,1.627104032301342762e-01,-1.055673753669502979e+01,5.485000000000000142e+01,6.147200000000000131e+01,6.000000000000000000e+01,1.000000000000000000e+00
1.795000000000000000e+03,4.999999999999999289e+01,-1.989760083233000287e+01,8.039020662178820942e+01,6.409405785718351456e-02,-1.055669984731540190e+01,5.485000000000000142e+01,6.150399999999999778e+01,6.000000000000000000e+01,1.000000000000000000e+00
1.796000000000000000e+03,5.000000000000000000e+01,-1.980191053677327062e+01,8.020576467658662523e+01,1.528082831840684719e-01,-1.055666242299741597e+01,5.485000000000000142e+01,6.147200000000000131e+01,6.000000000000000000e+01,1.000000000000000000e+00
1.797000000000000000e+03,5.000000000000000000e+01,-1.960753962392362482e+01,7.983214328437563267e+01,3.320216014249433578e-01,-1.055662526187694539e+01,5.485000000000000142e+01,6.140699999999999648e+01,6.000000000000000000e+01,1.000000000000000000e+00
1.798000000000000000e+03,5.000000000000000000e+01,-1.980191053677327062e+01,8.022685794060414821e+01,1.316409582721022320e-01,-1.055658836210297480e+01,5.485000000000000142e+01,6.147200000000000131e+01,6.000000000000000000e+01,1.000000000000000000e+00
1.799000000000000000e+03,5.000000000000000000e+01,-1.960753962392362482e+01,7.985231291902938722e+01,3.117784267317493807e-01,-1.055655172183750956e+01,5.485000000000000142e+01,6.140699999999999648e+01,6.000000000000000000e+01,1.000000000000000000e+00
1.800000000000000000e+03,4.999999999999999289e+01,-1.989760083233000287e+01,8.043334711143077698e+01,2.076906015470120215e-02,-1.055651533925548158e+01,5.485000000000000142e+01,6.150399999999999778e+01,6.000000000000000000e+01,1.000000000000000000e+00
1.801000000000000000e+03,5.000000000000000000e+01,-1.989760083233000287e+01,8.043421774698516913e+01,1.986229788948880651e-02,-1.055647921254465516e+01,5.485000000000000142e+01,6.150399999999999778e+01,6.000000000000000000e+01,1.000000000000000000e+00
1.802000000000000000e+03,5.000000000000000711e+01,-1.980191053677327062e+01,8.024784622655714372e+01,1.105076501216785967e-01,-1.055644333990553996e+01,5.485000000000000142e+01,6.147200000000000131e+01,6.000000000000000000e+01,1.000000000000000000e+00
1.803000000000000000e+03,4.999999999999999289e+01,-1.989760083233000287e+01,8.043983811238567228e+01,1.417043949562354910e-02,-1.055640771955130219e+01,5.485000000000000142e+01,6.150399999999999778e+01,6.000000000000000000e+01,1.000000000000000000e+00
1.804000000000000000e+03,5.000000000000000000e+01,-1.989760083233000287e+01,8.044042141376358757e+01,1.355176827408547183e-02,-1.055637234970767580e+01,5.485000000000000142e+01,6.150399999999999778e+01,6.000000000000000000e+01,1.000000000000000000e+00
1.805000000000000000e+03,5.000000000000000711e+01,-1.989760083233000287e+01,8.044097795314867483e+01,1.296010779420276975e-02,-1.055633722861287005e+01,5.485000000000000142e+01,6.150399999999999778e+01,6.000000000000000000e+01,1.000000000000000000e+00
1.806000000000000000e+03,5.000000000000000000e+01,-1.989760083233000287e+01,8.044150890806110965e+01,1.239427878637412023e-02,-1.055630235451748611e+01,5.485000000000000142e+01,6.150399999999999778e+01,6.000000000000000000e+01,1.000000000000000000e+00
1.807000000000000000e+03,5.000000000000000000e+01,-1.989760083233000287e+01,8.044201540454736232e+01,1.185315346706290393e-02,-1.055626772568442817e+01,5.485000000000000142e+01,6.150399999999999778e+01,6.000000000000000000e+01,1.000000000000000000e+00
1.808000000000000000e+03,4.999999999999999289e+01,-1.989760083233000287e+01,8.044249851942785767e+01,1.133565329095256348e-02,-1.055623334038881644e+01,5.485000000000000142e+01,6.150399999999999778e+01,6.000000000000000000e+01,1.000000000000000000e+00
1.809000000000000000e+03,5.000000000000000711e+01,-1.989760083233000287e+01,8.044295928244666527e+01,1.084074680124124009e-02,-1.055619919691790187e+01,5.485000000000000142e+01,6.150399999999999778e+01,6.000000000000000000e+01,1.000000000000000000e+00
1.810000000000000000e+03,5.000000000000000711e+01,-1.989760083233000287e+01,8.044339867832719904e+01,1.036744757379100441e-02,-1.055616529357098266e+01,5.485000000000000142e+01,6.150399999999999778e+01,6.000000000000000000e+01,1.000000000000000000e+00
1.811000000000000000e+03,4.999999999999999289e+01,-1.999329112788675644e+01,8.063102047020252883e+01,-8.159771365646242836e-02,-1.055613162865931365e+01,5.485000000000000142e+01,6.153600000000000136e+01,6.000000000000000000e+01,1.000000000000000000e+00
1.812000000000000000e+03,5.000000000000000000e+01,-1.989760083233000287e+01,8.044022172295052542e+01,1.347730988550396858e-02,-1.055609820050603176e+01,5.485000000000000142e+01,6.150399999999999778e+01,6.000000000000000000e+01,1.000000000000000000e+00
1.813000000000000000e+03,5.000000000000001421e+01,-1.989760083233000287e+01,8.044077693957062536e+01,1.288890020544520253e-02,-1.055606500744606180e+01,5.485000000000000142e+01,6.150399999999999778e+01,6.000000000000000000e+01,1.000000000000000000e+00
1.814000000000000000e+03,5.000000000000000000e+01,-1.989760083233000287e+01,8.044130670008618722e+01,1.232618006985252215e-02,-1.055603204782604365e+01,5.485000000000000142e+01,6.150399999999999778e+01,6.000000000000000000e+01,1.000000000000000000e+00
1.815000000000000000e+03,5.000000000000001421e+01,-1.989760083233000287e+01,8.044181212444260609e+01,1.178802789164597013e-02,-1.055599932000423991e+01,5.485000000000000142e+01,6.150399999999999778e+01,6.000000000000000000e+01,1.000000000000000000e+00
1.816000000000000000e+03,4.999999999999999289e+01,-1.989760083233000287e+01,8.044229428362902468e+01,1.127337105143279804e-02,-1.055596682235046124e+01,5.485000000000000142e+01,6.150399999999999778e+01,6.000000000000000000e+01,1.000000000000000000e+00
1.817000000000000000e+03,5.000000000000000000e+01,-1.989760083233000287e+01,8.044275420181637060e+01,1.078118375961337541e-02,-1.055593455324598295e+01,5.485000000000000142e+01,6.150399999999999778e+01,6.000000000000000000e+01,1.000000000000000000e+00
1.818000000000000000e+03,5.000000000000000711e+01,-1.951184932836689256e+01,7.968853148437399625e+01,3.792203550763736386e-01,-1.055590251108346855e+01,5.485000000000000142e+01,6.137500000000000000e+01,6.000000000000000000e+01,1.000000000000000000e+00
1.819000000000000000e+03,4.999999999999999289e+01,-1.989760083233000287e+01,8.045971753020910455e+01,-6.246003612232708946e-03,-1.055587069426687741e+01,5.485000000000000142e+01,6.150399999999999778e+01,6.000000000000000000e+01,1.000000000000000000e+00
1.820000000000000000e+03,5.000000000000000000e+01,-1.941615903281016031e+01,7.951754904562537263e+01,4.544490883961916916e-01,-1.055583910121140079e+01,5.485000000000000142e+01,6.134300000000000352e+01,6.000000000000000000e+01,1.000000000000000000e+00
1.821000000000000000e+03,5.000000000000000711e+01,-1.932046873725341030e+01,7.935015577443967061e+01,5.261206931571160705e-01,-1.055580773034337305e+01,5.485000000000000142e+01,6.131099999999999994e+01,6.000000000000000000e+01,1.000000000000000000e+00
1.822000000000000000e+03,5.000000000000000711e+01,-1.970322991948037838e+01,8.012190596204173687e+01,1.371005375388396064e-01,-1.055577658010019526e+01,5.485000000000000142e+01,6.143900000000000006e+01,6.000000000000000000e+01,1.000000000000000000e+00
1.823000000000000000e+03,4.999999999999998579e+01,-1.960753962392362482e+01,7.994065792051119956e+01,2.226273523426771650e-01,-1.055574564893025880e+01,5.485000000000000142e+01,6.140699999999999648e+01,6.000000000000000000e+01,1.000000000000000000e+00
1.824000000000000000e+03,5.000000000000000000e+01,-1.970322991948037838e+01,8.013754977881328045e+01,1.213950759599628643e-01,-1.055571493529286364e+01,5.485000000000000142e+01,6.143900000000000006e+01,6.000000000000000000e+01,1.000000000000000000e+00
1.825000000000000000e+03,5.000000000000001421e+01,-1.980191053677327062e+01,8.033587221273286616e+01,2.172276169856841854e-02,-1.055568443765815267e+01,5.485000000000000142e+01,6.147200000000000131e+01,6.000000000000000000e+01,1.000000000000000000e+00
1.826000000000000000e+03,5.000000000000000000e+01,-1.989760083233000287e+01,8.052399315123629719e+01,-7.073816439927478605e-02,-1.055565415450702105e+01,5.485000000000000142e+01,6.150399999999999778e+01,6.000000000000000000e+01,1.000000000000000000e+00
1.827000000000000000e+03,4.999999999999999289e+01,-1.999329112788675644e+01,8.070807752501929144e+01,-1.591623128014880706e-01,-1.055562408433105048e+01,5.485000000000000142e+01,6.153600000000000136e+01,6.000000000000000000e+01,1.000000000000000000e+00
1.828000000000000000e+03,4.999999999999999289e+01,-1.989760083233000287e+01,8.051389593247341736e+01,-6.070087451098936382e-02,-1.055559422563243110e+01,5.485000000000000142e+01,6.150399999999999778e+01,6.000000000000000000e+01,1.000000000000000000e+00
1.829000000000000000e+03,5.000000000000000000e+01,-1.999329112788675644e+01,8.069841894859892761e+01,-1.495632437882880583e-01,-1.055556457692388683e+01,5.485000000000000142e+01,6.153600000000000136e+01,6.000000000000000000e+01,1.000000000000000000e+00
1.830000000000000000e+03,5.000000000000000000e+01,-1.989760083233000287e+01,8.050465686302247548e+01,-5.152089396387814213e-02,-1.055553513672859722e+01,5.485000000000000142e+01,6.150399999999999778e+01,6.000000000000000000e+01,1.000000000000000000e+00
1.831000000000000000e+03,5.000000000000000000e+01,-1.989760083233000287e+01,8.050237826460815427e+01,-4.927152869802237795e-02,-1.055550590358013352e+01,5.485000000000000142e+01,6.150399999999999778e+01,6.000000000000000000e+01,1.000000000000000000e+00
1.832000000000000000e+03,5.000000000000000000e+01,-1.989760083233000287e+01,8.050019807745820799e+01,-4.712036910582564908e-02,-1.055547687602238049e+01,5.485000000000000142e+01,6.150399999999999778e+01,6.000000000000000000e+01,1.000000000000000000e+00
1.833000000000000000e+03,5.000000000000001421e+01,-1.989760083233000287e+01,8.049811201253750426e+01,-4.506312759803546286e-02,-1.055544805260945829e+01,5.485000000000000142e+01,6.150399999999999778e+01,6.000000000000000000e+01,1.000000000000000000e+00
1.834000000000000000e+03,5.000000000000001421e+01,-1.989760083233000287e+01,8.049611596801413782e+01,-4.309570377846987099e-02,-1.055541943190565846e+01,5.485000000000000142e+01,6.150399999999999778e+01,6.000000000000000000e+01,1.000000000000000000e+00
1.835000000000000000e+03,5.000000000000000000e+01,-1.989760083233000287e+01,8.049420602108666856e+01,-4.121417627130232603e-02,-1.055539101248536937e+01,5.485000000000000142e+01,6.150399999999999778e+01,6.000000000000000000e+01,1.000000000000000000e+00
1.836000000000000000e+03,5.000000000000000000e+01,-1.989760083233000287e+01,8.049237842016816558e+01,-3.941479490516141410e-02,-1.055536279293300694e+01,5.485000000000000142e+01,6.150399999999999778e+01,6.000000000000000000e+01,1.000000000000000000e+00
1.837000000000000000e+03,4.999999999999998579e+01,-1.989760083233000287e+01,8.049062957741139712e+01,-3.769397323846716136e-02,-1.055533477184294178e+01,5.485000000000000142e+01,6.150399999999999778e+01,6.000000000000000000e+01,1.000000000000000000e+00
1.838000000000000000e+03,5.000000000000001421e+01,-1.989760083233000287e+01,8.048895606156054328e+01,-3.604828141110581752e-02,-1.055530694781942813e+01,5.485000000000000142e+01,6.150399999999999778e+01,6.000000000000000000e+01,1.000000000000000000e+00
1.839000000000000000e+03,5.000000000000000000e+01,-1.989760083233000287e+01,8.048735459111473745e+01,-3.447443930819538843e-02,-1.055527931947653641e+01,5.485000000000000142e+01,6.150399999999999778e+01,6.000000000000000000e+01,1.000000000000000000e+00
1.840000000000000000e+03,4.999999999999998579e+01,-1.989760083233000287e+01,8.048582202779039108e+01,-3.296931002231624080e-02,-1.055525188543808568e+01,5.485000000000000142e+01,6.150399999999999778e+01,6.000000000000000000e+01,1.000000000000000000e+00
1.841000000000000000e+03,4.999999999999999289e+01,-1.999329112788675644e+01,8.067155819173299847e+01,-1.230424195086725486e-01,-1.055522464433757612e+01,5.485000000000000142e+01,6.153600000000000136e+01,6.000000000000000000e+01,1.000000000000000000e+00
1.842000000000000000e+03,5.000000000000000000e+01,-1.989760083233000287e+01,8.047895637699257065e+01,-2.615794984446045968e-02,-1.055519759481811271e+01,5.485000000000000142e+01,6.150399999999999778e+01,6.000000000000000000e+01,1.000000000000000000e+00
1.843000000000000000e+03,5.000000000000000000e+01,-1.989760083233000287e+01,8.047778748038409447e+01,-2.501591252175058844e-02,-1.055517073553234475e+01,5.485000000000000142e+01,6.150399999999999778e+01,6.000000000000000000e+01,1.000000000000000000e+00
1.844000000000000000e+03,4.999999999999999289e+01,-1.989760083233000287e+01,8.047666863320156949e+01,-2.392373572917467703e-02,-1.055514406514239845e+01,5.485000000000000142e+01,6.150399999999999778e+01,6.000000000000000000e+01,1.000000000000000000e+00
1.845000000000000000e+03,4.999999999999999289e+01,-1.989760083233000287e+01,8.047559765724156478e+01,-2.287924259176042641e-02,-1.055511758231980934e+01,5.485000000000000142e+01,6.150399999999999778e+01,6.000000000000000000e+01,1.000000000000000000e+00
1.846000000000000000e+03,4.999999999999998579e+01,-1.989760083233000287e+01,8.047457246935077535e+01,-2.188035127533498672e-02,-1.055509128574545308e+01,5.485000000000000142e+01,6.150399999999999778e+01,6.000000000000000000e+01,1.000000000000000000e+00
1.847000000000000000e+03,5.000000000000000000e+01,-1.989760083233000287e+01,8.047359107727659477e+01,-2.092507083711184906e-02,-1.055506517410948497e+01,5.485000000000000142e+01,6.150399999999999778e+01,6.000000000000000000e+01,1.000000000000000000e+00
1.848000000000000000e+03,5.000000000000000000e+01,-1.989760083233000287e+01,8.047265157569870553e+01,-2.001149725743811905e-02,-1.055503924611127076e+01,5.485000000000000142e+01,6.150399999999999778e+01,6.000000000000000000e+01,1.000000000000000000e+00
1.849000000000000000e+03,4.999999999999999289e+01,-1.989760083233000287e+01,8.047175214243411290e+01,-1.913780964479288096e-02,-1.055501350045932263e+01,5.485000000000000142e+01,6.150399999999999778e+01,6.000000000000000000e+01,1.000000000000000000e+00
1.850000000000000000e+03,4.999999999999999289e+01,-1.989760083233000287e+01,8.047089103480770689e+01,-1.830226660647258502e-02,-1.055498793587124062e+01,5.485000000000000142e+01,6.150399999999999778e+01,6.000000000000000000e+01,1.000000000000000000e+00
1.851000000000000000e+03,5.000000000000000711e+01,-1.989760083233000287e+01,8.047006658618137465e+01,-1.750320277772972680e-02,-1.055496255107363801e+01,5.485000000000000142e+01,6.150399999999999778e+01,6.000000000000000000e+01,1.000000000000000000e+00
1.852000000000000000e+03,5.000000000000000000e+01,-1.989760083233000287e+01,8.046927720263452954e+01,-1.673902550244683179e-02,-1.055493734480208623e+01,5.485000000000000142e+01,6.150399999999999778e+01,6.000000000000000000e+01,1.000000000000000000e+00
1.853000000000000000e+03,5.000000000000000000e+01,-1.989760083233000287e+01,8.046852135978977572e+01,-1.600821165872983246e-02,-1.055491231580104738e+01,5.485000000000000142e+01,6.150399999999999778e+01,6.000000000000000000e+01,1.000000000000000000e+00
1.854000000000000000e+03,4.999999999999999289e+01,-1.989760083233000287e+01,8.046779759977690105e+01,-1.530930462309376683e-02,-1.055488746282381385e+01,5.485000000000000142e+01,6.150399999999999778e+01,6.000000000000000000e+01,1.000000000000000000e+00
1.855000000000000000e+03,5.000000000000000711e+01,-1.989760083233000287e+01,8.046710452832964222e+01,-1.464091136718994289e-02,-1.055486278463244787e+01,5.485000000000000142e+01,6.150399999999999778e+01,6.000000000000000000e+01,1.000000000000000000e+00
1.856000000000000000e+03,4.999999999999999289e+01,-1.989760083233000287e+01,8.046644081200899734e+01,-1.400169968128792131e-02,-1.055483827999771584e+01,5.485000000000000142e+01,6.150399999999999778e+01,6.000000000000000000e+01,1.000000000000000000e+00
1.857000000000000000e+03,4.999999999999999289e+01,-1.999329112788675644e+01,8.065300799701225287e+01,-1.049029214264747684e-01,-1.055481394769902970e+01,5.485000000000000142e+01,6.153600000000000136e+01,6.000000000000000000e+01,1.000000000000000000e+00
1.858000000000000000e+03,4.999999999999999289e+01,-1.989760083233000287e+01,8.046120102808839647e+01,-8.810409234016949864e-03,-1.055478978652438649e+01,5.485000000000000142e+01,6.150399999999999778e+01,6.000000000000000000e+01,1.000000000000000000e+00
1.859000000000000000e+03,4.999999999999999289e+01,-1.989760083233000287e+01,8.046079238068834627e+01,-8.425753088048925157e-03,-1.055476579527030445e+01,5.485000000000000142e+01,6.150399999999999778e+01,6.000000000000000000e+01,1.000000000000000000e+00
1.860000000000000000e+03,5.000000000000000000e+01,-1.989760083233000287e+01,8.046040069582520005e+01,-8.057890753435281023e-03,-1.055474197274176795e+01,5.485000000000000142e+01,6.150399999999999778e+01,6.000000000000000000e+01,1.000000000000000000e+00
1.861000000000000000e+03,4.999999999999999289e+01,-1.970322991948037838e+01,8.007976950800738791e+01,1.781787292251536259e-01,-1.055471831775216707e+01,5.485000000000000142e+01,6.143900000000000006e+01,6.000000000000000000e+01,1.000000000000000000e+00
1.862000000000000000e+03,5.000000000000000000e+01,-1.989760083233000287e+01,8.046778090595803690e+01,-1.548524450480520676e-02,-1.055469482912323365e+01,5.485000000000000142e+01,6.150399999999999778e+01,6.000000000000000000e+01,1.000000000000000000e+00
1.863000000000000000e+03,4.999999999999998579e+01,-1.989760083233000287e+01,8.046708150785487135e+01,-1.480916983989714539e-02,-1.055467150568498447e+01,5.485000000000000142e+01,6.150399999999999778e+01,6.000000000000000000e+01,1.000000000000000000e+00
1.864000000000000000e+03,5.000000000000000000e+01,-1.989760083233000287e+01,8.046641179071546901e+01,-1.416261210979684326e-02,-1.055464834627567150e+01,5.485000000000000142e+01,6.150399999999999778e+01,6.000000000000000000e+01,1.000000000000000000e+00
1.865000000000000000e+03,5.000000000000001421e+01,-1.989760083233000287e+01,8.046577046469802497e+01,-1.354428262630805874e-02,-1.055462534974170907e+01,5.485000000000000142e+01,6.150399999999999778e+01,6.000000000000000000e+01,1.000000000000000000e+00
1.866000000000000000e+03,4.999999999999999289e+01,-1.989760083233000287e+01,8.046515629623206678e+01,-1.295294896443660408e-02,-1.055460251493763302e+01,5.485000000000000142e+01,6.150399999999999778e+01,6.000000000000000000e+01,1.000000000000000000e+00
1.867000000000000000e+03,4.999999999999998579e+01,-1.989760083233000287e+01,8.046456810556199457e+01,-1.238743250597931257e-02,-1.055457984072602784e+01,5.485000000000000142e+01,6.150399999999999778e+01,6.000000000000000000e+01,1.000000000000000000e+00
1.868000000000000000e+03,5.000000000000000711e+01,-1.970322991948037838e+01,8.008374903329864480e+01,1.740382121592168041e-01,-1.055455732597747875e+01,5.485000000000000142e+01,6.143900000000000006e+01,6.000000000000000000e+01,1.000000000000000000e+00
1.869000000000000000e+03,5.000000000000001421e+01,-1.989760083233000287e+01,8.047158079146686305e+01,-1.944498956633289311e-02,-1.055453496957051840e+01,5.485000000000000142e+01,6.150399999999999778e+01,6.000000000000000000e+01,1.000000000000000000e+00
1.870000000000000000e+03,4.999999999999999289e+01,-1.970322991948037838e+01,8.009045390689539090e+01,1.672887829765449252e-01,-1.055451277039156111e+01,5.485000000000000142e+01,6.143900000000000006e+01,6.000000000000000000e+01,1.000000000000000000e+00
1.871000000000000000e+03,5.000000000000000000e+01,-1.989760083233000287e+01,8.047799130317824279e+01,-2.589974351339063841e-02,-1.055449072733485494e+01,5.485000000000000142e+01,6.150399999999999778e+01,6.000000000000000000e+01,1.000000000000000000e+00
1.872000000000000000e+03,4.999999999999999289e+01,-1.989760083233000287e+01,8.047683865092625410e+01,-2.476897929384042421e-02,-1.055446883930242308e+01,5.485000000000000142e+01,6.150399999999999778e+01,6.000000000000000000e+01,1.000000000000000000e+00
1.873000000000000000e+03,5.000000000000000000e+01,-1.989760083233000287e+01,8.047573552096284288e+01,-2.368758342882831477e-02,-1.055444710520401230e+01,5.485000000000000142e+01,6.150399999999999778e+01,6.000000000000000000e+01,1.000000000000000000e+00
1.874000000000000000e+03,4.999999999999999289e+01,-1.989760083233000287e+01,8.047467975681844621e+01,-2.265340053141540189e-02,-1.055442552395703615e+01,5.485000000000000142e+01,6.150399999999999778e+01,6.000000000000000000e+01,1.000000000000000000e+00
1.875000000000000000e+03,5.000000000000001421e+01,-1.980191053677327062e+01,8.028646647466963771e+01,6.984815659016606337e-02,-1.055440409448652339e+01,5.485000000000000142e+01,6.147200000000000131e+01,6.000000000000000000e+01,1.000000000000000000e+00
1.876000000000000000e+03,5.000000000000001421e+01,-1.980191053677327062e+01,8.028949471631106860e+01,6.679863618727616137e-02,-1.055438281572506121e+01,5.485000000000000142e+01,6.147200000000000131e+01,6.000000000000000000e+01,1.000000000000000000e+00
1.877000000000000000e+03,4.999999999999998579e+01,-1.989760083233000287e+01,8.047959278919296366e+01,-2.763027025023390149e-02,-1.055436168661274188e+01,5.485000000000000142e+01,6.150399999999999778e+01,6.000000000000000000e+01,1.000000000000000000e+00
1.878000000000000000e+03,5.000000000000000000e+01,-1.989760083233000287e+01,8.047836549090206404e+01,-2.642395247495115188e-02,-1.055434070609711483e+01,5.485000000000000142e+01,6.150399999999999778e+01,6.000000000000000000e+01,1.000000000000000000e+00
1.879000000000000000e+03,5.000000000000000711e+01,-1.970322991948037838e+01,8.009693527603218399e+01,1.606145165813324394e-01,-1.055431987313313158e+01,5.485000000000000142e+01,6.143900000000000006e+01,6.000000000000000000e+01,1.000000000000000000e+00
1.880000000000000000e+03,5.000000000000000000e+01,-1.989760083233000287e+01,8.048418263523944916e+01,-3.228261622636258155e-02,-1.055429918668308886e+01,5.485000000000000142e+01,6.150399999999999778e+01,6.000000000000000000e+01,1.000000000000000000e+00
1.881000000000000000e+03,5.000000000000000711e+01,-1.989760083233000287e+01,8.048275265841026282e+01,-3.087318036367271701e-02,-1.055427864571658780e+01,5.485000000000000142e+01,6.150399999999999778e+01,6.000000000000000000e+01,1.000000000000000000e+00
1.882000000000000000e+03,4.999999999999999289e+01,-1.989760083233000287e+01,8.048138436099998216e+01,-2.952527945952236957e-02,-1.055425824921046996e+01,5.485000000000000142e+01,6.150399999999999778e+01,6.000000000000000000e+01,1.000000000000000000e+00
1.883000000000000000e+03,4.999999999999997868e+01,-1.999329112788675644e+01,8.066727787688478202e+01,-1.197487528492675729e-01,-1.055423799614877645e+01,5.485000000000000142e+01,6.153600000000000136e+01,6.000000000000000000e+01,1.000000000000000000e+00
1.884000000000000000e+03,5.000000000000000711e+01,-1.989760083233000287e+01,8.047482680016099721e+01,-2.300808230830375667e-02,-1.055421788552269113e+01,5.485000000000000142e+01,6.150399999999999778e+01,6.000000000000000000e+01,1.000000000000000000e+00
1.885000000000000000e+03,5.000000000000000711e+01,-1.989760083233000287e+01,8.047380231460279276e+01,-2.200356594229244470e-02,-1.055419791633049442e+01,5.485000000000000142e+01,6.150399999999999778e+01,6.000000000000000000e+01,1.000000000000000000e+00
1.886000000000000000e+03,4.999999999999999289e+01,-1.989760083233000287e+01,8.047282182594761935e+01,-2.104290604011255922e-02,-1.055417808757751352e+01,5.485000000000000142e+01,6.150399999999999778e+01,6.000000000000000000e+01,1.000000000000000000e+00
1.887000000000000000e+03,5.000000000000000711e+01,-1.989760083233000287e+01,8.047188341846609205e+01,-2.012418786001883911e-02,-1.055415839827606561e+01,5.485000000000000142e+01,6.150399999999999778e+01,6.000000000000000000e+01,1.000000000000000000e+00
1.888000000000000000e+03,5.000000000000000711e+01,-1.989760083233000287e+01,8.047098526003193797e+01,-1.924558025651685808e-02,-1.055413884744541519e+01,5.485000000000000142e+01,6.150399999999999778e+01,6.000000000000000000e+01,1.000000000000000000e+00
1.889000000000000000e+03,5.000000000000000000e+01,-1.989760083233000287e+01,8.047012559847233604e+01,-1.840533203061069101e-02,-1.055411943411172793e+01,5.485000000000000142e+01,6.150399999999999778e+01,6.000000000000000000e+01,1.000000000000000000e+00
1.890000000000000000e+03,4.999999999999999289e+01,-1.989760083233000287e+01,8.046930275807740429e+01,-1.760176843939613781e-02,-1.055410015730801554e+01,5.485000000000000142e+01,6.150399999999999778e+01,6.000000000000000000e+01,1.000000000000000000e+00
1.891000000000000000e+03,5.000000000000000711e+01,-1.989760083233000287e+01,8.046851513626214114e+01,-1.683328785804262193e-02,-1.055408101607409321e+01,5.485000000000000142e+01,6.150399999999999778e+01,6.000000000000000000e+01,1.000000000000000000e+00
1.892000000000000000e+03,5.000000000000000711e+01,-1.989760083233000287e+01,8.046776120037404212e+01,-1.609835858751056115e-02,-1.055406200945652451e+01,5.485000000000000142e+01,6.150399999999999778e+01,6.000000000000000000e+01,1.000000000000000000e+00
1.893000000000000000e+03,5.000000000000000000e+01,-1.989760083233000287e+01,8.046703948464022460e+01,-1.539551580164149128e-02,-1.055404313650857873e+01,5.485000000000000142e+01,6.150399999999999778e+01,6.000000000000000000e+01,1.000000000000000000e+00
1.894000000000000000e+03,5.000000000000000000e+01,-1.999329112788675644e+01,8.065355140871197648e+01,-1.062358845350325487e-01,-1.055402439629018829e+01,5.485000000000000142e+01,6.153600000000000136e+01,6.000000000000000000e+01,1.000000000000000000e+00
1.895000000000000000e+03,5.000000000000000000e+01,-2.008898142344348514e+01,8.083609743925596547e+01,-1.931102279445865155e-01,-1.055400578786789190e+01,5.485000000000000142e+01,6.156799999999999784e+01,6.000000000000000000e+01,1.000000000000000000e+00
1.896000000000000000e+03,5.000000000000000000e+01,-2.008898142344348514e+01,8.082764790770126240e+01,-1.846791739429888835e-01,-1.055398731031479187e+01,5.485000000000000142e+01,6.156799999999999784e+01,6.000000000000000000e+01,1.000000000000000000e+00
1.897000000000000000e+03,5.000000000000000000e+01,-2.008898142344348514e+01,8.081956659986408908e+01,-1.766162137100872054e-01,-1.055396896271051688e+01,5.485000000000000142e+01,6.156799999999999784e+01,6.000000000000000000e+01,1.000000000000000000e+00
1.898000000000000000e+03,5.000000000000000000e+01,-2.008898142344348514e+01,8.081183744412068393e+01,-1.689052765360357922e-01,-1.055395074414116152e+01,5.485000000000000142e+01,6.156799999999999784e+01,6.000000000000000000e+01,1.000000000000000000e+00
1.899000000000000000e+03,5.000000000000000711e+01,-2.037904263184986320e+01,8.137190362305284452e+01,-4.389283375037220658e-01,-1.055393265369925082e+01,5.485000000000000142e+01,6.166499999999999915e+01,6.000000000000000000e+01,1.000000000000000000e+00
1.900000000000000000e+03,4.999999999999999289e+01,-2.057042322296334902e+01,8.172712800646746700e+01,-6.027900930204413976e-01,-1.055391469048368691e+01,5.485000000000000142e+01,6.172899999999999920e+01,6.000000000000000000e+01,1.000000000000000000e+00
1.901000000000000000e+03,5.000000000000000711e+01,-2.047473292740661677e+01,8.151358996514080957e+01,-4.849601841344638453e-01,-1.055389685359971885e+01,5.485000000000000142e+01,6.169700000000000273e+01,6.000000000000000000e+01,1.000000000000000000e+00
1.902000000000000000e+03,5.000000000000000711e+01,-2.076479413581297351e+01,8.205985779256761248e+01,-7.411845145957532965e-01,-1.055387914215887868e+01,5.485000000000000142e+01,6.179399999999999693e+01,6.000000000000000000e+01,1.000000000000000000e+00
1.903000000000000000e+03,5.000000000000000711e+01,-2.047473292740661677e+01,8.146002206899341047e+01,-4.314275863078301243e-01,-1.055386155527895120e+01,5.485000000000000142e+01,6.169700000000000273e+01,6.000000000000000000e+01,1.000000000000000000e+00
1.904000000000000000e+03,4.999999999999999289e+01,-2.066910384025624126e+01,8.182142451801497884e+01,-5.984765856748133217e-01,-1.055384409208392604e+01,5.485000000000000142e+01,6.176200000000000045e+01,6.000000000000000000e+01,1.000000000000000000e+00
1.905000000000000000e+03,4.999999999999999289e+01,-2.076479413581297351e+01,8.198248094075661641e+01,-6.638600532396934373e-01,-1.055382675170395324e+01,5.485000000000000142e+01,6.179399999999999693e+01,6.000000000000000000e+01,1.000000000000000000e+00
1.906000000000000000e+03,4.999999999999999289e+01,-2.047473292740661677e+01,8.138602151613864066e+01,-3.574790554567275902e-01,-1.055380953327529880e+01,5.485000000000000142e+01,6.169700000000000273e+01,6.000000000000000000e+01,1.000000000000000000e+00
1.907000000000000000e+03,5.000000000000000000e+01,-2.086048443136972708e+01,8.212505851374994847e+01,-7.107816464399174805e-01,-1.055379243594030569e+01,5.485000000000000142e+01,6.182600000000000051e+01,6.000000000000000000e+01,1.000000000000000000e+00
1.908000000000000000e+03,4.999999999999999289e+01,-2.086048443136972708e+01,8.209400931993670270e+01,-6.797494297196358115e-01,-1.055377545884734580e+01,5.485000000000000142e+01,6.182600000000000051e+01,6.000000000000000000e+01,1.000000000000000000e+00
1.909000000000000000e+03,4.999999999999999289e+01,-2.066910384025624126e+01,8.168990944690877143e+01,-4.670470055017578170e-01,-1.055375860115078090e+01,5.485000000000000142e+01,6.176200000000000045e+01,6.000000000000000000e+01,1.000000000000000000e+00
1.910000000000000000e+03,5.000000000000000711e+01,-2.076479413581297351e+01,8.185670459206434657e+01,-5.381685942404388356e-01,-1.055374186201092357e+01,5.485000000000000142e+01,6.179399999999999693e+01,6.000000000000000000e+01,1.000000000000000000e+00
1.911000000000000000e+03,5.000000000000000000e+01,-2.086048443136972708e+01,8.202039473740600783e+01,-6.061850654422932250e-01,-1.055372524059398742e+01,5.485000000000000142e+01,6.182600000000000051e+01,6.000000000000000000e+01,1.000000000000000000e+00
1.912000000000000000e+03,5.000000000000000000e+01,-2.086048443136972708e+01,8.199391262784541823e+01,-5.797194604036387533e-01,-1.055370873607204985e+01,5.485000000000000142e+01,6.182600000000000051e+01,6.000000000000000000e+01,1.000000000000000000e+00
1.913000000000000000e+03,5.000000000000000000e+01,-2.086048443136972708e+01,8.196858610368548170e+01,-5.544093246927398466e-01,-1.055369234762301289e+01,5.485000000000000142e+01,6.182600000000000051e+01,6.000000000000000000e+01,1.000000000000000000e+00
1.914000000000000000e+03,5.000000000000000000e+01,-2.086048443136972708e+01,8.194436471714804782e+01,-5.302042113477591911e-01,-1.055367607443056066e+01,5.485000000000000142e+01,6.182600000000000051e+01,6.000000000000000000e+01,1.000000000000000000e+00
1.915000000000000000e+03,5.000000000000000000e+01,-2.076479413581297351e+01,8.173399740147462467e+01,-4.155433499775229578e-01,-1.055365991568412021e+01,5.485000000000000142e+01,6.179399999999999693e+01,6.000000000000000000e+01,1.000000000000000000e+00
1.916000000000000000e+03,5.000000000000000000e+01,-2.076479413581297351e+01,8.171583903184846065e+01,-3.974010254566767153e-01,-1.055364387057881359e+01,5.485000000000000142e+01,6.179399999999999693e+01,6.000000000000000000e+01,1.000000000000000000e+00
1.917000000000000000e+03,5.000000000000002132e+01,-2.095617472692645578e+01,8.207287849886473907e+01,-5.630758336228409711e-01,-1.055362793831542412e+01,5.485000000000000142e+01,6.185799999999999699e+01,6.000000000000000000e+01,1.000000000000000000e+00
1.918000000000000000e+03,4.999999999999999289e+01,-2.086048443136972708e+01,8.186107637027852491e+01,-4.469798208084412305e-01,-1.055361211810035904e+01,5.485000000000000142e+01,6.182600000000000051e+01,6.000000000000000000e+01,1.000000000000000000e+00
1.919000000000000000e+03,5.000000000000001421e+01,-2.086048443136972708e+01,8.184154584304113200e+01,-4.274650025257877850e-01,-1.055359640914560515e+01,5.485000000000000142e+01,6.182600000000000051e+01,6.000000000000000000e+01,1.000000000000000000e+00
1.920000000000000000e+03,5.000000000000000000e+01,-2.086048443136972708e+01,8.182286742924651435e+01,-4.088021872080918606e-01,-1.055358081066869502e+01,5.485000000000000142e+01,6.182600000000000051e+01,6.000000000000000000e+01,1.000000000000000000e+00
1.921000000000000000e+03,5.000000000000001421e+01,-2.086048443136972708e+01,8.180500393027958239e+01,-3.909541770171885422e-01,-1.055356532189265906e+01,5.485000000000000142e+01,6.182600000000000051e+01,6.000000000000000000e+01,1.000000000000000000e+00
1.922000000000000000e+03,5.000000000000000711e+01,-2.086048443136972708e+01,8.178791977156156179e+01,-3.738853981458388764e-01,-1.055354994204599173e+01,5.485000000000000142e+01,6.182600000000000051e+01,6.000000000000000000e+01,1.000000000000000000e+00
1.923000000000000000e+03,5.000000000000000711e+01,-2.086048443136972708e+01,8.177158093164605646e+01,-3.575618299137049427e-01,-1.055353467036261783e+01,5.485000000000000142e+01,6.182600000000000051e+01,6.000000000000000000e+01,1.000000000000000000e+00
1.924000000000000000e+03,5.000000000000000000e+01,-2.095617472692645578e+01,8.194315769587471721e+01,-4.334634628664197353e-01,-1.055351950608184275e+01,5.485000000000000142e+01,6.185799999999999699e+01,6.000000000000000000e+01,1.000000000000000000e+00
1.925000000000000000e+03,5.000000000000002132e+01,-2.095617472692645578e+01,8.192421793444876243e+01,-4.145387590739568195e-01,-1.055350444844833113e+01,5.485000000000000142e+01,6.185799999999999699e+01,6.000000000000000000e+01,1.000000000000000000e+00
1.926000000000000000e+03,5.000000000000000000e+01,-2.095617472692645578e+01,8.190610451790971069e+01,-3.964402942711982014e-01,-1.055348949671205183e+01,5.485000000000000142e+01,6.185799999999999699e+01,6.000000000000000000e+01,1.000000000000000000e+00
1.927000000000000000e+03,5.000000000000001421e+01,-2.095617472692645578e+01,8.188878137251137446e+01,-3.791319954566536032e-01,-1.055347465012825126e+01,5.485000000000000142e+01,6.185799999999999699e+01,6.000000000000000000e+01,1.000000000000000000e+00
1.928000000000000000e+03,5.000000000000000711e+01,-2.095617472692645578e+01,8.187221399943408073e+01,-3.625793645501966256e-01,-1.055345990795741962e+01,5.485000000000000142e+01,6.185799999999999699e+01,6.000000000000000000e+01,1.000000000000000000e+00
1.929000000000000000e+03,5.000000000000000000e+01,-2.086048443136972708e+01,8.166916658456061384e+01,-2.552368837256517864e-01,-1.055344526946523409e+01,5.485000000000000142e+01,6.182600000000000051e+01,6.000000000000000000e+01,1.000000000000000000e+00
1.930000000000000000e+03,5.000000000000000711e+01,-2.105485534421935157e+01,8.203826432089803689e+01,-4.299782427561326115e-01,-1.055343073392254816e+01,5.485000000000000142e+01,6.189099999999999824e+01,6.000000000000000000e+01,1.000000000000000000e+00
1.931000000000000000e+03,5.000000000000000000e+01,-2.095617472692645578e+01,8.182642443636284213e+01,-3.168334088310512109e-01,-1.055341630060533831e+01,5.485000000000000142e+01,6.185799999999999699e+01,6.000000000000000000e+01,1.000000000000000000e+00
1.932000000000000000e+03,5.000000000000000711e+01,-2.095617472692645578e+01,8.181257738524054446e+01,-3.030006895194082839e-01,-1.055340196879467385e+01,5.485000000000000142e+01,6.185799999999999699e+01,6.000000000000000000e+01,1.000000000000000000e+00
1.933000000000000000e+03,4.999999999999998579e+01,-2.115054563977610158e+01,8.217959009261073788e+01,-4.756567150579695813e-01,-1.055338773777668138e+01,5.485000000000000142e+01,6.192300000000000182e+01,6.000000000000000000e+01,1.000000000000000000e+00
1.934000000000000000e+03,5.000000000000000711e+01,-2.086048443136972708e+01,8.159135057820230941e+01,-1.774925399900722511e-01,-1.055337360684250569e+01,5.485000000000000142e+01,6.182600000000000051e+01,6.000000000000000000e+01,1.000000000000000000e+00
1.935000000000000000e+03,5.000000000000000711e+01,-2.086048443136972708e+01,8.158358734969738180e+01,-1.697433430393730236e-01,-1.055335957528827784e+01,5.485000000000000142e+01,6.182600000000000051e+01,6.000000000000000000e+01,1.000000000000000000e+00
1.936000000000000000e+03,5.000000000000000000e+01,-2.086048443136972708e+01,8.157616254425253999e+01,-1.623324704677382990e-01,-1.055334564241507778e+01,5.485000000000000142e+01,6.182600000000000051e+01,6.000000000000000000e+01,1.000000000000000000e+00
1.937000000000000000e+03,5.000000000000001421e+01,-2.095617472692645578e+01,8.175626421163836710e+01,-2.467576771829913529e-01,-1.055333180752890421e+01,5.485000000000000142e+01,6.185799999999999699e+01,6.000000000000000000e+01,1.000000000000000000e+00
1.938000000000000000e+03,5.000000000000000000e+01,-2.086048443136972708e+01,8.155827438944086794e+01,-1.444718881305119274e-01,-1.055331806994063371e+01,5.485000000000000142e+01,6.182600000000000051e+01,6.000000000000000000e+01,1.000000000000000000e+00
1.939000000000000000e+03,4.999999999999998579e+01,-2.086048443136972708e+01,8.155195320948443793e+01,-1.381643491487307973e-01,-1.055330442896599230e+01,5.485000000000000142e+01,6.182600000000000051e+01,6.000000000000000000e+01,1.000000000000000000e+00
1.940000000000000000e+03,5.000000000000000000e+01,-2.086048443136972708e+01,8.154590750808867483e+01,-1.321321927934351048e-01,-1.055329088392551284e+01,5.485000000000000142e+01,6.182600000000000051e+01,6.000000000000000000e+01,1.000000000000000000e+00
1.941000000000000000e+03,5.000000000000000711e+01,-2.105485534421935157e+01,8.192038099267017515e+01,-3.122482143063057269e-01,-1.055327743414451191e+01,5.485000000000000142e+01,6.189099999999999824e+01,6.000000000000000000e+01,1.000000000000000000e+00
1.942000000000000000e+03,5.000000000000000711e+01,-2.086048443136972708e+01,8.152647937337108885e+01,-1.127308630483066232e-01,-1.055326407895304897e+01,5.485000000000000142e+01,6.182600000000000051e+01,6.000000000000000000e+01,1.000000000000000000e+00
1.943000000000000000e+03,4.999999999999999289e+01,-2.124623593533283383e+01,8.227620573753171129e+01,-4.767189845129835568e-01,-1.055325081768589790e+01,5.485000000000000142e+01,6.195499999999999829e+01,6.000000000000000000e+01,1.000000000000000000e+00
1.944000000000000000e+03,5.000000000000001421e+01,-2.095617472692645578e+01,8.168792080813179268e+01,-1.785084315228249174e-01,-1.055323764968250444e+01,5.485000000000000142e+01,6.185799999999999699e+01,6.000000000000000000e+01,1.000000000000000000e+00
1.945000000000000000e+03,4.999999999999999289e+01,-2.095617472692645578e+01,8.168011418269009027e+01,-1.707148814766756562e-01,-1.055322457428696481e+01,5.485000000000000142e+01,6.185799999999999699e+01,6.000000000000000000e+01,1.000000000000000000e+00
1.946000000000000000e+03,5.000000000000000711e+01,-2.095617472692645578e+01,8.167264791000836510e+01,-1.632615922339163139e-01,-1.055321159084798488e+01,5.485000000000000142e+01,6.185799999999999699e+01,6.000000000000000000e+01,1.000000000000000000e+00
1.947000000000000000e+03,5.000000000000001421e+01,-2.095617472692645578e+01,8.166550713389732152e+01,-1.561337082519972386e-01,-1.055319869871885530e+01,5.485000000000000142e+01,6.185799999999999699e+01,6.000000000000000000e+01,1.000000000000000000e+00
1.948000000000000000e+03,4.999999999999999289e+01,-2.086048443136972708e+01,8.147147482529035756e+01,-5.780449666322191871e-02,-1.055318589725741418e+01,5.485000000000000142e+01,6.182600000000000051e+01,6.000000000000000000e+01,1.000000000000000000e+00
1.949000000000000000e+03,5.000000000000001421e+01,-2.095617472692645578e+01,8.165614123247175371e+01,-1.467933197192746175e-01,-1.055317318582601516e+01,5.485000000000000142e+01,6.185799999999999699e+01,6.000000000000000000e+01,1.000000000000000000e+00
1.950000000000000000e+03,4.999999999999999289e+01,-2.086048443136972708e+01,8.146251689795361983e+01,-4.887190279240548330e-02,-1.055316056379149359e+01,5.485000000000000142e+01,6.182600000000000051e+01,6.000000000000000000e+01,1.000000000000000000e+00
1.951000000000000000e+03,5.000000000000000000e+01,-2.095617472692645578e+01,8.164757347393960174e+01,-1.382507164880052430e-01,-1.055314803052513994e+01,5.485000000000000142e+01,6.185799999999999699e+01,6.000000000000000000e+01,1.000000000000000000e+00
1.952000000000000000e+03,4.999999999999999289e+01,-2.086048443136972708e+01,8.145432228026155030e+01,-4.070226348916648751e-02,-1.055313558540266428e+01,5.485000000000000142e+01,6.182600000000000051e+01,6.000000000000000000e+01,1.000000000000000000e+00
1.953000000000000000e+03,4.999999999999999289e+01,-2.124623593533283383e+01,8.220719426506936145e+01,-4.078351019323600557e-01,-1.055312322780416956e+01,5.485000000000000142e+01,6.195499999999999829e+01,6.000000000000000000e+01,1.000000000000000000e+00
1.954000000000000000e+03,5.000000000000000000e+01,-2.086048443136972708e+01,8.143471483241003739e+01,-2.111944392619458100e-02,-1.055311095711411795e+01,5.485000000000000142e+01,6.182600000000000051e+01,6.000000000000000000e+01,1.000000000000000000e+00
1.955000000000000000e+03,4.999999999999999289e+01,-2.105485534421935157e+01,8.181403631934712450e+01,-2.060822024064829783e-01,-1.055309877272130059e+01,5.485000000000000142e+01,6.189099999999999824e+01,6.000000000000000000e+01,1.000000000000000000e+00
1.956000000000000000e+03,5.000000000000001421e+01,-2.095617472692645578e+01,8.161197390991003431e+01,-1.027125089647603767e-01,-1.055308667401880918e+01,5.485000000000000142e+01,6.185799999999999699e+01,6.000000000000000000e+01,1.000000000000000000e+00
1.957000000000000000e+03,5.000000000000000000e+01,-2.124623593533283383e+01,8.217493609441022784e+01,-3.756254986733975065e-01,-1.055307466040399689e+01,5.485000000000000142e+01,6.195499999999999829e+01,6.000000000000000000e+01,1.000000000000000000e+00
1.958000000000000000e+03,4.999999999999999289e+01,-2.086048443136972708e+01,8.140386325148433855e+01,9.683911163850311699e-03,-1.055306273127846417e+01,5.485000000000000142e+01,6.182600000000000051e+01,6.000000000000000000e+01,1.000000000000000000e+00
1.959000000000000000e+03,4.999999999999999289e+01,-2.134192623088958740e+01,8.234613839435930061e+01,-4.511612774217084176e-01,-1.055305088604801256e+01,5.485000000000000142e+01,6.198700000000000188e+01,6.000000000000000000e+01,1.000000000000000000e+00
1.960000000000000000e+03,4.999999999999998579e+01,-2.086048443136972708e+01,8.138456505926367868e+01,2.895849622866192297e-02,-1.055303912412262335e+01,5.485000000000000142e+01,6.182600000000000051e+01,6.000000000000000000e+01,1.000000000000000000e+00
1.961000000000000000e+03,5.000000000000000711e+01,-2.124623593533283383e+01,8.214047906125369991e+01,-3.412156810044266186e-01,-1.055302744491643274e+01,5.485000000000000142e+01,6.195499999999999829e+01,6.000000000000000000e+01,1.000000000000000000e+00
1.962000000000000000e+03,5.000000000000000000e+01,-2.105485534421935157e+01,8.175116458943526254e+01,-1.432933973682282980e-01,-1.055301584784769098e+01,5.485000000000000142e+01,6.189099999999999824e+01,6.000000000000000000e+01,1.000000000000000000e+00
1.963000000000000000e+03,5.000000000000000711e+01,-2.115054563977610158e+01,8.193209980846994256e+01,-2.285498363550952372e-01,-1.055300433233874458e+01,5.485000000000000142e+01,6.192300000000000182e+01,6.000000000000000000e+01,1.000000000000000000e+00
1.964000000000000000e+03,5.000000000000000711e+01,-2.095617472692645578e+01,8.154185432096996067e+01,-3.268669622749442727e-02,-1.055299289781600258e+01,5.485000000000000142e+01,6.185799999999999699e+01,6.000000000000000000e+01,1.000000000000000000e+00
1.965000000000000000e+03,5.000000000000000711e+01,-2.124623593533283383e+01,8.210787444172167682e+01,-3.086569626789411602e-01,-1.055298154370989927e+01,5.485000000000000142e+01,6.195499999999999829e+01,6.000000000000000000e+01,1.000000000000000000e+00
1.966000000000000000e+03,5.000000000000000000e+01,-2.115054563977610158e+01,8.190718460446346683e+01,-2.036686952324824329e-01,-1.055297026945488525e+01,5.485000000000000142e+01,6.192300000000000182e+01,6.000000000000000000e+01,1.000000000000000000e+00
1.967000000000000000e+03,5.000000000000000000e+01,-2.134192623088958740e+01,8.227268702331839734e+01,-3.778017179394332903e-01,-1.055295907448938308e+01,5.485000000000000142e+01,6.198700000000000188e+01,6.000000000000000000e+01,1.000000000000000000e+00
1.968000000000000000e+03,5.000000000000000000e+01,-2.105485534421935157e+01,8.169457289074759387e+01,-8.676958827247704953e-02,-1.055294795825576770e+01,5.485000000000000142e+01,6.189099999999999824e+01,6.000000000000000000e+01,1.000000000000000000e+00
1.969000000000000000e+03,5.000000000000001421e+01,-2.115054563977610158e+01,8.187797637618686508e+01,-1.744938162104244239e-01,-1.055293692020033092e+01,5.485000000000000142e+01,6.192300000000000182e+01,6.000000000000000000e+01,1.000000000000000000e+00
1.970000000000000000e+03,5.000000000000000711e+01,-2.095617472692645578e+01,8.149009140983858401e+01,1.900927686113984549e-02,-1.055292595977326187e+01,5.485000000000000142e+01,6.185799999999999699e+01,6.000000000000000000e+01,1.000000000000000000e+00
1.971000000000000000e+03,4.999999999999999289e+01,-2.124623593533283383e+01,8.205836901044658305e+01,-2.592179986851357865e-01,-1.055291507642862037e+01,5.485000000000000142e+01,6.195499999999999829e+01,6.000000000000000000e+01,1.000000000000000000e+00
1.972000000000000000e+03,4.999999999999999289e+01,-2.144060684818247964e+01,8.242729666289960733e+01,-4.337855450928296275e-01,-1.055290426962429784e+01,5.485000000000000142e+01,6.202000000000000313e+01,6.000000000000000000e+01,1.000000000000000000e+00
1.973000000000000000e+03,5.000000000000000000e+01,-2.115054563977610158e+01,8.184088861386247515e+01,-1.374494352643739759e-01,-1.055289353882200309e+01,5.485000000000000142e+01,6.192300000000000182e+01,6.000000000000000000e+01,1.000000000000000000e+00
1.974000000000000000e+03,5.000000000000000000e+01,-2.134192623088958740e+01,8.220928265772812438e+01,-3.144735433513139444e-01,-1.055288288348723036e+01,5.485000000000000142e+01,6.198700000000000188e+01,6.000000000000000000e+01,1.000000000000000000e+00
1.975000000000000000e+03,4.999999999999999289e+01,-2.163198743929596546e+01,8.276300094061565460e+01,-5.781411982304591746e-01,-1.055287230308923085e+01,5.485000000000000142e+01,6.208400000000000318e+01,6.000000000000000000e+01,1.000000000000000000e+00
1.976000000000000000e+03,5.000000000000000711e+01,-2.115054563977610158e+01,8.179588500921873617e+01,-9.247757234164416529e-02,-1.055286179710098970e+01,5.485000000000000142e+01,6.192300000000000182e+01,6.000000000000000000e+01,1.000000000000000000e+00
1.977000000000000000e+03,5.000000000000000000e+01,-2.134192623088958740e+01,8.216624271558669079e+01,-2.714651196979053771e-01,-1.055285136499919929e+01,5.485000000000000142e+01,6.198700000000000188e+01,6.000000000000000000e+01,1.000000000000000000e+00
1.978000000000000000e+03,4.999999999999999289e+01,-2.163198743929596546e+01,8.272183893705677349e+01,-5.370104914965787568e-01,-1.055284100626423083e+01,5.485000000000000142e+01,6.208400000000000318e+01,6.000000000000000000e+01,1.000000000000000000e+00
1.979000000000000000e+03,5.000000000000000711e+01,-2.134192623088958740e+01,8.213092460583845877e+01,-2.361676545687601547e-01,-1.055283072038010950e+01,5.485000000000000142e+01,6.198700000000000188e+01,6.000000000000000000e+01,1.000000000000000000e+00
1.980000000000000000e+03,5.000000000000000000e+01,-2.105485534421935157e+01,8.155899501754446135e+01,4.868083350938026688e-02,-1.055282050683449135e+01,5.485000000000000142e+01,6.189099999999999824e+01,6.000000000000000000e+01,1.000000000000000000e+00
1.981000000000000000e+03,5.000000000000000000e+01,-2.134192623088958740e+01,8.212271871048537264e+01,-2.279821144771545793e-01,-1.055281036511863491e+01,5.485000000000000142e+01,6.198700000000000188e+01,6.000000000000000000e+01,1.000000000000000000e+00
1.982000000000000000e+03,5.000000000000000000e+01,-2.115054563977610158e+01,8.173834946161751702e+01,-3.500352711404480788e-02,-1.055280029472737624e+01,5.485000000000000142e+01,6.192300000000000182e+01,6.000000000000000000e+01,1.000000000000000000e+00
1.983000000000000000e+03,5.000000000000000000e+01,-2.086048443136972708e+01,8.116935268060592534e+01,2.439220459229054505e-01,-1.055279029515910416e+01,5.485000000000000142e+01,6.182600000000000051e+01,6.000000000000000000e+01,1.000000000000000000e+00
1.984000000000000000e+03,5.000000000000000711e+01,-2.115054563977610158e+01,8.174745076544466826e+01,-4.412475975282939555e-02,-1.055278036591573532e+01,5.485000000000000142e+01,6.192300000000000182e+01,6.000000000000000000e+01,1.000000000000000000e+00
1.985000000000000000e+03,4.999999999999999289e+01,-2.105485534421935157e+01,8.155831162921467126e+01,4.931422150736015919e-02,-1.055277050650268933e+01,5.485000000000000142e+01,6.189099999999999824e+01,6.000000000000000000e+01,1.000000000000000000e+00
1.986000000000000000e+03,4.999999999999999289e+01,-2.105485534421935157e+01,8.156045486267046840e+01,4.716119797773848238e-02,-1.055276071642886215e+01,5.485000000000000142e+01,6.189099999999999824e+01,6.000000000000000000e+01,1.000000000000000000e+00
1.987000000000000000e+03,5.000000000000000000e+01,-2.134192623088958740e+01,8.212411262990796956e+01,-2.294354038117751848e-01,-1.055275099520660653e+01,5.485000000000000142e+01,6.198700000000000188e+01,6.000000000000000000e+01,1.000000000000000000e+00
1.988000000000000000e+03,5.000000000000001421e+01,-2.115054563977610158e+01,8.173968034900681801e+01,-3.639336687900487921e-02,-1.055274134235170358e+01,5.485000000000000142e+01,6.192300000000000182e+01,6.000000000000000000e+01,1.000000000000000000e+00
1.989000000000000000e+03,5.000000000000000711e+01,-2.095617472692645578e+01,8.135782612465236241e+01,1.510803596574414320e-01,-1.055273175738334146e+01,5.485000000000000142e+01,6.185799999999999699e+01,6.000000000000000000e+01,1.000000000000000000e+00
1.990000000000000000e+03,4.999999999999999289e+01,-2.115054563977610158e+01,8.174466839829960918e+01,-4.140051869943200957e-02,-1.055272223982408519e+01,5.485000000000000142e+01,6.192300000000000182e+01,6.000000000000000000e+01,1.000000000000000000e+00
1.991000000000000000e+03,5.000000000000000000e+01,-2.134192623088958740e+01,8.211725707366099414e+01,-2.226180535715464037e-01,-1.055271278919986422e+01,5.485000000000000142e+01,6.198700000000000188e+01,6.000000000000000000e+01,1.000000000000000000e+00
1.992000000000000000e+03,5.000000000000000000e+01,-2.124623593533283383e+01,8.192032552353927599e+01,-1.213861831665081076e-01,-1.055270340503993332e+01,5.485000000000000142e+01,6.195499999999999829e+01,6.000000000000000000e+01,1.000000000000000000e+00
1.993000000000000000e+03,5.000000000000000000e+01,-2.134192623088958740e+01,8.210221939317413842e+01,-2.075990754076908473e-01,-1.055269408687686550e+01,5.485000000000000142e+01,6.198700000000000188e+01,6.000000000000000000e+01,1.000000000000000000e+00
1.994000000000000000e+03,5.000000000000000711e+01,-2.144060684818247964e+01,8.228619942349224914e+01,-2.929077410632413558e-01,-1.055268483424651826e+01,5.485000000000000142e+01,6.202000000000000313e+01,6.000000000000000000e+01,1.000000000000000000e+00
1.995000000000000000e+03,5.000000000000000000e+01,-2.115054563977610158e+01,8.170594354154746952e+01,-2.722255083361879713e-03,-1.055267564668801228e+01,5.485000000000000142e+01,6.192300000000000182e+01,6.000000000000000000e+01,1.000000000000000000e+00
1.996000000000000000e+03,4.999999999999998579e+01,-2.144060684818247964e+01,8.227327411946281188e+01,-2.800007475366254051e-01,-1.055266652374371539e+01,5.485000000000000142e+01,6.202000000000000313e+01,6.000000000000000000e+01,1.000000000000000000e+00
1.997000000000000000e+03,5.000000000000000711e+01,-2.153629714373921189e+01,8.244824325039672885e+01,-3.592886416983071540e-01,-1.055265746495920354e+01,5.485000000000000142e+01,6.205199999999999960e+01,6.000000000000000000e+01,1.000000000000000000e+00
1.998000000000000000e+03,5.000000000000000000e+01,-2.172767773485269771e+01,8.280695361393088660e+01,-5.266274091949353364e-01,-1.055264846988325544e+01,5.485000000000000142e+01,6.211599999999999966e+01,6.000000000000000000e+01,1.000000000000000000e+00
1.999000000000000000e+03,5.000000000000000000e+01,-2.144060684818247964e+01,8.222234404287580389e+01,-2.290976566254969149e-01,-1.055263953806782418e+01,5.485000000000000142e+01,6.202000000000000313e+01,6.000000000000000000e+01,1.000000000000000000e+00
2.000000000000000000e+03,4.999999999999999289e+01,-2.153629714373921189e+01,8.239953575602221747e+01,-3.106079432150054553e-01,-1.055263066906801050e+01,5.485000000000000142e+01,6.205199999999999960e+01,6.000000000000000000e+01,1.000000000000000000e+00
2.001000000000000000e+03,5.000000000000000000e+01,-2.172767773485269771e+01,8.276037167237529957e+01,-4.800720750805576031e-01,-1.055262186244204337e+01,5.485000000000000142e+01,6.211599999999999966e+01,6.000000000000000000e+01,1.000000000000000000e+00
2.002000000000000000e+03,5.000000000000000711e+01,-2.172767773485269771e+01,8.273940332532299635e+01,-4.591124727190262766e-01,-1.055261311775126210e+01,5.485000000000000142e+01,6.211599999999999966e+01,6.000000000000000000e+01,1.000000000000000000e+00
2.003000000000000000e+03,5.000000000000000000e+01,-2.163198743929596546e+01,8.253214729950732931e+01,-3.475554256512733975e-01,-1.055260443456008801e+01,5.485000000000000142e+01,6.208400000000000318e+01,6.000000000000000000e+01,1.000000000000000000e+00
2.004000000000000000e+03,5.000000000000000711e+01,-2.182336803040944773e+01,8.289137029978776638e+01,-5.154064569423048026e-01,-1.055259581243601019e+01,5.485000000000000142e+01,6.214800000000000324e+01,6.000000000000000000e+01,1.000000000000000000e+00
2.005000000000000000e+03,5.000000000000001421e+01,-2.182336803040944773e+01,8.286885946217900312e+01,-4.929041808199877694e-01,-1.055258725094955352e+01,5.485000000000000142e+01,6.214800000000000324e+01,6.000000000000000000e+01,1.000000000000000000e+00
2.006000000000000000e+03,5.000000000000000000e+01,-2.182336803040944773e+01,8.284733111801222094e+01,-4.713843379285017621e-01,-1.055257874967426623e+01,5.485000000000000142e+01,6.214800000000000324e+01,6.000000000000000000e+01,1.000000000000000000e+00
2.007000000000000000e+03,5.000000000000000711e+01,-2.182336803040944773e+01,8.282674237453400679e+01,-4.508040359378533424e-01,-1.055257030818669683e+01,5.485000000000000142e+01,6.214800000000000324e+01,6.000000000000000000e+01,1.000000000000000000e+00
2.008000000000000000e+03,5.000000000000001421e+01,-2.182336803040944773e+01,8.280705221164222962e+01,-4.311222551664027902e-01,-1.055256192606636922e+01,5.485000000000000142e+01,6.214800000000000324e+01,6.000000000000000000e+01,1.000000000000000000e+00
2.009000000000000000e+03,5.000000000000000000e+01,-2.153629714373921189e+01,8.222661293573489161e+01,-1.377621890999112253e-01,-1.055255360289576672e+01,5.485000000000000142e+01,6.205199999999999960e+01,6.000000000000000000e+01,1.000000000000000000e+00
2.010000000000000000e+03,4.999999999999999289e+01,-2.144060684818247964e+01,8.203338725129911779e+01,-4.023506485633372709e-02,-1.055254533826030716e+01,5.485000000000000142e+01,6.202000000000000313e+01,6.000000000000000000e+01,1.000000000000000000e+00
2.011000000000000000e+03,5.000000000000000000e+01,-2.172767773485269771e+01,8.259323087511556594e+01,-3.130160085145378135e-01,-1.055253713174832697e+01,5.485000000000000142e+01,6.211599999999999966e+01,6.000000000000000000e+01,1.000000000000000000e+00
2.012000000000000000e+03,5.000000000000000000e+01,-2.182336803040944773e+01,8.276675949342984495e+01,-3.908624800693467072e-01,-1.055252898295105268e+01,5.485000000000000142e+01,6.214800000000000324e+01,6.000000000000000000e+01,1.000000000000000000e+00
2.013000000000000000e+03,5.000000000000000711e+01,-2.144060684818247964e+01,8.200087534063608530e+01,-7.747600991004854887e-03,-1.055252089146259031e+01,5.485000000000000142e+01,6.202000000000000313e+01,6.000000000000000000e+01,1.000000000000000000e+00
2.014000000000000000e+03,5.000000000000000711e+01,-2.172767773485269771e+01,8.256213751574544801e+01,-2.819469240128443799e-01,-1.055251285687990048e+01,5.485000000000000142e+01,6.211599999999999966e+01,6.000000000000000000e+01,1.000000000000000000e+00
2.015000000000000000e+03,5.000000000000000000e+01,-2.153629714373921189e+01,8.217541429432543509e+01,-8.661227178344546584e-02,-1.055250487880277532e+01,5.485000000000000142e+01,6.205199999999999960e+01,6.000000000000000000e+01,1.000000000000000000e+00
2.016000000000000000e+03,5.000000000000000711e+01,-2.172767773485269771e+01,8.254603058564043749e+01,-2.658558939539105159e-01,-1.055249695683382072e+01,5.485000000000000142e+01,6.211599999999999966e+01,6.000000000000000000e+01,1.000000000000000000e+00
2.017000000000000000e+03,5.000000000000001421e+01,-2.172767773485269771e+01,8.253441564179820489e+01,-2.542488163670536538e-01,-1.055248909057844031e+01,5.485000000000000142e+01,6.211599999999999966e+01,6.000000000000000000e+01,1.000000000000000000e+00
2.018000000000000000e+03,5.000000000000000000e+01,-2.182336803040944773e+01,8.271051033142168762e+01,-3.346610213674254819e-01,-1.055248127964481419e+01,5.485000000000000142e+01,6.214800000000000324e+01,6.000000000000000000e+01,1.000000000000000000e+00
2.019000000000000000e+03,5.000000000000000000e+01,-2.163198743929596546e+01,8.232148587240806137e+01,-1.370249094682182978e-01,-1.055247352364387403e+01,5.485000000000000142e+01,6.208400000000000318e+01,6.000000000000000000e+01,1.000000000000000000e+00
2.020000000000000000e+03,5.000000000000000000e+01,-2.172767773485269771e+01,8.250269858318132776e+01,-2.225550261393381413e-01,-1.055246582218929063e+01,5.485000000000000142e+01,6.211599999999999966e+01,6.000000000000000000e+01,1.000000000000000000e+00
2.021000000000000000e+03,5.000000000000001421e+01,-2.172767773485269771e+01,8.249297434312443045e+01,-2.128384333742663614e-01,-1.055245817489745086e+01,5.485000000000000142e+01,6.211599999999999966e+01,6.000000000000000000e+01,1.000000000000000000e+00
2.022000000000000000e+03,5.000000000000001421e+01,-2.182336803040944773e+01,8.267087719778236021e+01,-2.950585859854670256e-01,-1.055245058138743630e+01,5.485000000000000142e+01,6.214800000000000324e+01,6.000000000000000000e+01,1.000000000000000000e+00
2.023000000000000000e+03,4.999999999999998579e+01,-2.153629714373921189e+01,8.209637914711426276e+01,-7.638962094048462603e-03,-1.055244304128101440e+01,5.485000000000000142e+01,6.205199999999999960e+01,6.000000000000000000e+01,1.000000000000000000e+00
2.024000000000000000e+03,5.000000000000000000e+01,-2.172767773485269771e+01,8.247044379136001169e+01,-1.903305023047079658e-01,-1.055243555420260648e+01,5.485000000000000142e+01,6.211599999999999966e+01,6.000000000000000000e+01,1.000000000000000000e+00
2.025000000000000000e+03,5.000000000000000711e+01,-2.172767773485269771e+01,8.246212666376216305e+01,-1.820208091301824815e-01,-1.055242811977927708e+01,5.485000000000000142e+01,6.211599999999999966e+01,6.000000000000000000e+01,1.000000000000000000e+00
2.026000000000000000e+03,5.000000000000000711e+01,-2.182336803040944773e+01,8.264137520515538426e+01,-2.655864371052120143e-01,-1.055242073764071620e+01,5.485000000000000142e+01,6.214800000000000324e+01,6.000000000000000000e+01,1.000000000000000000e+00
2.027000000000000000e+03,5.000000000000001421e+01,-2.182336803040944773e+01,8.262977256163971163e+01,-2.539911238110426073e-01,-1.055241340741921263e+01,5.485000000000000142e+01,6.214800000000000324e+01,6.000000000000000000e+01,1.000000000000000000e+00
2.028000000000000000e+03,5.000000000000001421e+01,-2.182336803040944773e+01,8.261867621273513862e+01,-2.429020535760271216e-01,-1.055240612874964867e+01,5.485000000000000142e+01,6.214800000000000324e+01,6.000000000000000000e+01,1.000000000000000000e+00
2.029000000000000000e+03,5.000000000000000000e+01,-2.172767773485269771e+01,8.242086123440608958e+01,-1.407845982839197596e-01,-1.055239890126946634e+01,5.485000000000000142e+01,6.211599999999999966e+01,6.000000000000000000e+01,1.000000000000000000e+00
2.030000000000000000e+03,4.999999999999999289e+01,-2.182336803040944773e+01,8.260191032466693173e+01,-2.261505696388238507e-01,-1.055239172461866382e+01,5.485000000000000142e+01,6.214800000000000324e+01,6.000000000000000000e+01,1.000000000000000000e+00
2.031000000000000000e+03,5.000000000000000711e+01,-2.192204864770232220e+01,8.278508253650842619e+01,-3.106492903663313765e-01,-1.055238459843976706e+01,5.485000000000000142e+01,6.218099999999999739e+01,6.000000000000000000e+01,1.000000000000000000e+00
2.032000000000000000e+03,5.000000000000001421e+01,-2.182336803040944773e+01,8.257845982567515364e+01,-2.027142728878708611e-01,-1.055237752237781912e+01,5.485000000000000142e+01,6.214800000000000324e+01,6.000000000000000000e+01,1.000000000000000000e+00
2.033000000000000000e+03,5.000000000000001421e+01,-2.182336803040944773e+01,8.256960243966446455e+01,-1.938639131746470456e-01,-1.055237049608035704e+01,5.485000000000000142e+01,6.214800000000000324e+01,6.000000000000000000e+01,1.000000000000000000e+00
2.034000000000000000e+03,5.000000000000002132e+01,-2.182336803040944773e+01,8.256113150342351048e+01,-1.853999538166502259e-01,-1.055236351919739413e+01,5.485000000000000142e+01,6.214800000000000324e+01,6.000000000000000000e+01,1.000000000000000000e+00
2.035000000000000000e+03,5.000000000000000000e+01,-2.211342923881580447e+01,8.312048869920586469e+01,-4.547028690086523106e-01,-1.055235659138141280e+01,5.485000000000000142e+01,6.224499999999999744e+01,6.000000000000000000e+01,1.000000000000000000e+00
2.036000000000000000e+03,5.000000000000001421e+01,-2.182336803040944773e+01,8.253317126652235913e+01,-1.574535238255685976e-01,-1.055234971228733443e+01,5.485000000000000142e+01,6.214800000000000324e+01,6.000000000000000000e+01,1.000000000000000000e+00
2.037000000000000000e+03,5.000000000000001421e+01,-2.182336803040944773e+01,8.252629012792522190e+01,-1.505792159432531307e-01,-1.055234288157250688e+01,5.485000000000000142e+01,6.214800000000000324e+01,6.000000000000000000e+01,1.000000000000000000e+00
2.038000000000000000e+03,5.000000000000000711e+01,-2.182336803040944773e+01,8.251970916471712769e+01,-1.440050354109817243e-01,-1.055233609889668855e+01,5.485000000000000142e+01,6.214800000000000324e+01,6.000000000000000000e+01,1.000000000000000000e+00
2.039000000000000000e+03,4.999999999999999289e+01,-2.192204864770232220e+01,8.270646818285041491e+01,-2.320901712260617367e-01,-1.055232936392203236e+01,5.485000000000000142e+01,6.218099999999999739e+01,6.000000000000000000e+01,1.000000000000000000e+00
2.040000000000000000e+03,5.000000000000000000e+01,-2.192204864770232220e+01,8.269632860488306392e+01,-2.219572808676677500e-01,-1.055232267631306442e+01,5.485000000000000142e+01,6.218099999999999739e+01,6.000000000000000000e+01,1.000000000000000000e+00
2.041000000000000000e+03,4.999999999999998579e+01,-2.211342923881580447e+01,8.306103711159973102e+01,-3.952918370472665033e-01,-1.055231603573667165e+01,5.485000000000000142e+01,6.224499999999999744e+01,6.000000000000000000e+01,1.000000000000000000e+00
2.042000000000000000e+03,4.999999999999999289e+01,-2.192204864770232220e+01,8.266936671680056747e+01,-1.950086272361644391e-01,-1.055230944186208397e+01,5.485000000000000142e+01,6.218099999999999739e+01,6.000000000000000000e+01,1.000000000000000000e+00
2.043000000000000000e+03,4.999999999999998579e+01,-2.211342923881580447e+01,8.303525187547515429e+01,-3.695197422985104785e-01,-1.055230289436085656e+01,5.485000000000000142e+01,6.224499999999999744e+01,6.000000000000000000e+01,1.000000000000000000e+00
2.044000000000000000e+03,5.000000000000000000e+01,-2.201773894325907222e+01,8.283190958572690477e+01,-2.618742495609751586e-01,-1.055229639290685739e+01,5.485000000000000142e+01,6.221300000000000097e+01,6.000000000000000000e+01,1.000000000000000000e+00
2.045000000000000000e+03,5.000000000000000000e+01,-2.249918074277893609e+01,8.376233408363883370e+01,-7.108634036836544157e-01,-1.055228993717624419e+01,5.485000000000000142e+01,6.237400000000000233e+01,6.000000000000000000e+01,1.000000000000000000e+00
2.046000000000000000e+03,5.000000000000000711e+01,-2.220911953437255804e+01,8.316383333456371929e+01,-4.024302733436979085e-01,-1.055228352684745374e+01,5.485000000000000142e+01,6.227700000000000102e+01,6.000000000000000000e+01,1.000000000000000000e+00
2.047000000000000000e+03,4.999999999999999289e+01,-2.220911953437255804e+01,8.314625715231420600e+01,-3.848604563404679491e-01,-1.055227716160118412e+01,5.485000000000000142e+01,6.227700000000000102e+01,6.000000000000000000e+01,1.000000000000000000e+00
2.048000000000000000e+03,4.999999999999998579e+01,-2.230780015166545027e+01,8.332250101006972898e+01,-4.624300172839114209e-01,-1.055227084112038050e+01,5.485000000000000142e+01,6.231000000000000227e+01,6.000000000000000000e+01,1.000000000000000000e+00
2.049000000000000000e+03,5.000000000000000000e+01,-2.240349044722218252e+01,8.348950819272803869e+01,-5.337531804156410153e-01,-1.055226456509021560e+01,5.485000000000000142e+01,6.234199999999999875e+01,6.000000000000000000e+01,1.000000000000000000e+00
2.050000000000000000e+03,5.000000000000000000e+01,-2.211342923881580447e+01,8.289874012736648012e+01,-2.330525553525987781e-01,-1.055225833319807727e+01,5.485000000000000142e+01,6.224499999999999744e+01,6.000000000000000000e+01,1.000000000000000000e+00
2.051000000000000000e+03,5.000000000000000000e+01,-2.220911953437255804e+01,8.307576185340732877e+01,-3.143901739012167629e-01,-1.055225214513355247e+01,5.485000000000000142e+01,6.227700000000000102e+01,6.000000000000000000e+01,1.000000000000000000e+00
2.052000000000000000e+03,5.000000000000000000e+01,-2.249918074277893609e+01,8.362948821199807981e+01,-5.780614686307383732e-01,-1.055224600058840956e+01,5.485000000000000142e+01,6.237400000000000233e+01,6.000000000000000000e+01,1.000000000000000000e+00
2.053000000000000000e+03,5.000000000000000000e+01,-2.249918074277893609e+01,8.360424436168661089e+01,-5.528237196510877860e-01,-1.055223989925658756e+01,5.485000000000000142e+01,6.237400000000000233e+01,6.000000000000000000e+01,1.000000000000000000e+00
2.054000000000000000e+03,5.000000000000001421e+01,-2.201773894325907222e+01,8.263823822080581749e+01,-6.826543671256030121e-02,-1.055223384083417315e+01,5.485000000000000142e+01,6.221300000000000097e+01,6.000000000000000000e+01,1.000000000000000000e+00
2.055000000000000000e+03,5.000000000000000000e+01,-2.230780015166545027e+01,8.320271033756588963e+01,-3.426823608810468103e-01,-1.055222782501939527e+01,5.485000000000000142e+01,6.231000000000000227e+01,6.000000000000000000e+01,1.000000000000000000e+00
2.056000000000000000e+03,5.000000000000000000e+01,-2.269056133389241836e+01,8.393655438390366896e+01,-6.937711984986495439e-01,-1.055222185151260206e+01,5.485000000000000142e+01,6.243800000000000239e+01,6.000000000000000000e+01,1.000000000000000000e+00
2.057000000000000000e+03,5.000000000000000000e+01,-2.240349044722218252e+01,8.334465043524699013e+01,-3.889440680085575752e-01,-1.055221592001625197e+01,5.485000000000000142e+01,6.234199999999999875e+01,6.000000000000000000e+01,1.000000000000000000e+00
2.058000000000000000e+03,4.999999999999999289e+01,-2.249918074277893609e+01,8.351486634797565500e+01,-4.634755749618317822e-01,-1.055221003023489423e+01,5.485000000000000142e+01,6.237400000000000233e+01,6.000000000000000000e+01,1.000000000000000000e+00
2.059000000000000000e+03,5.000000000000000000e+01,-2.269056133389241836e+01,8.386903113147056388e+01,-6.262656157029943271e-01,-1.055220418187515641e+01,5.485000000000000142e+01,6.243800000000000239e+01,6.000000000000000000e+01,1.000000000000000000e+00
2.060000000000000000e+03,4.999999999999999289e+01,-2.269056133389241836e+01,8.384168301678525381e+01,-5.989233082471154823e-01,-1.055219837464572485e+01,5.485000000000000142e+01,6.243800000000000239e+01,6.000000000000000000e+01,1.000000000000000000e+00
2.061000000000000000e+03,5.000000000000000711e+01,-2.249918074277893609e+01,8.344112304553883064e+01,-3.897496945025493709e-01,-1.055219260825734118e+01,5.485000000000000142e+01,6.237400000000000233e+01,6.000000000000000000e+01,1.000000000000000000e+00
2.062000000000000000e+03,5.000000000000000000e+01,-2.259487103833566835e+01,8.361130394913953978e+01,-4.642460283810870281e-01,-1.055218688242278091e+01,5.485000000000000142e+01,6.240599999999999881e+01,6.000000000000000000e+01,1.000000000000000000e+00
2.063000000000000000e+03,5.000000000000000711e+01,-2.269056133389241836e+01,8.377823243652052554e+01,-5.354899057712645405e-01,-1.055218119685683398e+01,5.485000000000000142e+01,6.243800000000000239e+01,6.000000000000000000e+01,1.000000000000000000e+00
2.064000000000000000e+03,4.999999999999999289e+01,-2.259487103833566835e+01,8.356764486438677864e+01,-4.205982747748161499e-01,-1.055217555127629936e+01,5.485000000000000142e+01,6.240599999999999881e+01,6.000000000000000000e+01,1.000000000000000000e+00
2.065000000000000000e+03,5.000000000000000000e+01,-2.278924195118529283e+01,8.392953197069890336e+01,-5.881200741136431986e-01,-1.055216994539996911e+01,5.485000000000000142e+01,6.247099999999999653e+01,6.000000000000000000e+01,1.000000000000000000e+00
2.066000000000000000e+03,5.000000000000001421e+01,-2.278924195118529283e+01,8.390384950376925133e+01,-5.624431736353393552e-01,-1.055216437894861237e+01,5.485000000000000142e+01,6.247099999999999653e+01,6.000000000000000000e+01,1.000000000000000000e+00
2.067000000000000000e+03,5.000000000000000711e+01,-2.278924195118529283e+01,8.387928811103981275e+01,-5.378873082095566582e-01,-1.055215885164496292e+01,5.485000000000000142e+01,6.247099999999999653e+01,6.000000000000000000e+01,1.000000000000000000e+00
2.068000000000000000e+03,5.000000000000000711e+01,-2.269056133389241836e+01,8.366274593901425760e+01,-4.200312419081306814e-01,-1.055215336321369968e+01,5.485000000000000142e+01,6.243800000000000239e+01,6.000000000000000000e+01,1.000000000000000000e+00
2.069000000000000000e+03,5.000000000000001421e+01,-2.278924195118529283e+01,8.383745513615433254e+01,-4.960652715875926710e-01,-1.055214791338144309e+01,5.485000000000000142e+01,6.247099999999999653e+01,6.000000000000000000e+01,1.000000000000000000e+00
2.070000000000000000e+03,5.000000000000000000e+01,-2.259487103833566835e+01,8.343553613970399851e+01,-2.885225994916004177e-01,-1.055214250187673386e+01,5.485000000000000142e+01,6.240599999999999881e+01,6.000000000000000000e+01,1.000000000000000000e+00
2.071000000000000000e+03,4.999999999999999289e+01,-2.259487103833566835e+01,8.342293407656929105e+01,-2.759259098036102587e-01,-1.055213712843002050e+01,5.485000000000000142e+01,6.240599999999999881e+01,6.000000000000000000e+01,1.000000000000000000e+00
2.072000000000000000e+03,5.000000000000000000e+01,-2.278924195118529283e+01,8.379113774475818843e+01,-4.497640007992473876e-01,-1.055213179277365043e+01,5.485000000000000142e+01,6.247099999999999653e+01,6.000000000000000000e+01,1.000000000000000000e+00
2.073000000000000000e+03,5.000000000000000000e+01,-2.278924195118529283e+01,8.377149607304289702e+01,-4.301276272157561475e-01,-1.055212649464185226e+01,5.485000000000000142e+01,6.247099999999999653e+01,6.000000000000000000e+01,1.000000000000000000e+00
2.074000000000000000e+03,4.999999999999999289e+01,-2.278924195118529283e+01,8.375271174857044798e+01,-4.113485636144449398e-01,-1.055212123377072153e+01,5.485000000000000142e+01,6.247099999999999653e+01,6.000000000000000000e+01,1.000000000000000000e+00
2.075000000000000000e+03,5.000000000000000000e+01,-2.278924195118529283e+01,8.373474734154008559e+01,-3.933893804565845587e-01,-1.055211600989821541e+01,5.485000000000000142e+01,6.247099999999999653e+01,6.000000000000000000e+01,1.000000000000000000e+00
2.076000000000000000e+03,4.999999999999998579e+01,-2.278924195118529283e+01,8.371756705629965722e+01,-3.762142823502521161e-01,-1.055211082276412782e+01,5.485000000000000142e+01,6.247099999999999653e+01,6.000000000000000000e+01,1.000000000000000000e+00
2.077000000000000000e+03,5.000000000000000000e+01,-2.278924195118529283e+01,8.370113666000003150e+01,-3.597890367046540638e-01,-1.055210567211008588e+01,5.485000000000000142e+01,6.247099999999999653e+01,6.000000000000000000e+01,1.000000000000000000e+00
2.078000000000000000e+03,5.000000000000001421e+01,-2.278924195118529283e+01,8.368542341436418042e+01,-3.440809054993500538e-01,-1.055210055767953037e+01,5.485000000000000142e+01,6.247099999999999653e+01,6.000000000000000000e+01,1.000000000000000000e+00
2.079000000000000000e+03,5.000000000000000000e+01,-2.288493224674204640e+01,8.385759883189963659e+01,-4.205711059398802298e-01,-1.055209547921771218e+01,5.485000000000000142e+01,6.250300000000000011e+01,6.000000000000000000e+01,1.000000000000000000e+00
2.080000000000000000e+03,5.000000000000000000e+01,-2.278924195118529283e+01,8.365202913495043902e+01,-3.106967472934764052e-01,-1.055209043647167100e+01,5.485000000000000142e+01,6.247099999999999653e+01,6.000000000000000000e+01,1.000000000000000000e+00
2.081000000000000000e+03,5.000000000000000000e+01,-2.278924195118529283e+01,8.363845933059721460e+01,-2.971319502217040220e-01,-1.055208542919022108e+01,5.485000000000000142e+01,6.247099999999999653e+01,6.000000000000000000e+01,1.000000000000000000e+00
2.082000000000000000e+03,5.000000000000000000e+01,-2.278924195118529283e+01,8.362548179076701160e+01,-2.841593824577735572e-01,-1.055208045712395304e+01,5.485000000000000142e+01,6.247099999999999653e+01,6.000000000000000000e+01,1.000000000000000000e+00
2.083000000000000000e+03,4.999999999999998579e+01,-2.288493224674204640e+01,8.380027348036973933e+01,-3.632657136025069233e-01,-1.055207552002520188e+01,5.485000000000000142e+01,6.250300000000000011e+01,6.000000000000000000e+01,1.000000000000000000e+00
2.084000000000000000e+03,4.999999999999999289e+01,-2.278924195118529283e+01,8.359720583610408084e+01,-2.558932672707515676e-01,-1.055207061764804699e+01,5.485000000000000142e+01,6.247099999999999653e+01,6.000000000000000000e+01,1.000000000000000000e+00
2.085000000000000000e+03,4.999999999999999289e+01,-2.278924195118529283e+01,8.358602885175059782e+01,-2.447211508170127892e-01,-1.055206574974829969e+01,5.485000000000000142e+01,6.247099999999999653e+01,6.000000000000000000e+01,1.000000000000000000e+00
2.086000000000000000e+03,5.000000000000000711e+01,-2.278924195118529283e+01,8.357533966822079208e+01,-2.340368009520050752e-01,-1.055206091608348906e+01,5.485000000000000142e+01,6.247099999999999653e+01,6.000000000000000000e+01,1.000000000000000000e+00
2.087000000000000000e+03,4.999999999999998579e+01,-2.278924195118529283e+01,8.356511698973454827e+01,-2.238189221364214887e-01,-1.055205611641284591e+01,5.485000000000000142e+01,6.247099999999999653e+01,6.000000000000000000e+01,1.000000000000000000e+00
2.088000000000000000e+03,5.000000000000000000e+01,-2.278924195118529283e+01,8.355534045026151091e+01,-2.140471485789223471e-01,-1.055205135049729748e+01,5.485000000000000142e+01,6.247099999999999653e+01,6.000000000000000000e+01,1.000000000000000000e+00
2.089000000000000000e+03,4.999999999999999289e+01,-2.288493224674204640e+01,8.373319339439299824e+01,-2.962145295515025700e-01,-1.055204661809945144e+01,5.485000000000000142e+01,6.250300000000000011e+01,6.000000000000000000e+01,1.000000000000000000e+00
2.090000000000000000e+03,5.000000000000001421e+01,-2.278924195118529283e+01,8.353305335997720249e+01,-1.917694898083164290e-01,-1.055204191898358346e+01,5.485000000000000142e+01,6.247099999999999653e+01,6.000000000000000000e+01,1.000000000000000000e+00
2.091000000000000000e+03,5.000000000000000000e+01,-2.288493224674204640e+01,8.371187899703697610e+01,-2.749094973793077545e-01,-1.055203725291562833e+01,5.485000000000000142e+01,6.250300000000000011e+01,6.000000000000000000e+01,1.000000000000000000e+00
2.092000000000000000e+03,4.999999999999998579e+01,-2.278924195118529283e+01,8.351266919090352303e+01,-1.713946200550748311e-01,-1.055203261966316930e+01,5.485000000000000142e+01,6.247099999999999653e+01,6.000000000000000000e+01,1.000000000000000000e+00
2.093000000000000000e+03,5.000000000000000000e+01,-2.278924195118529283e+01,8.350518162409437650e+01,-1.639116539136734607e-01,-1.055202801899541853e+01,5.485000000000000142e+01,6.247099999999999653e+01,6.000000000000000000e+01,1.000000000000000000e+00
2.094000000000000000e+03,5.000000000000000711e+01,-2.298062254229877510e+01,8.387242643350218430e+01,-3.397804405201875211e-01,-1.055202345068321712e+01,5.485000000000000142e+01,6.253499999999999659e+01,6.000000000000000000e+01,1.000000000000000000e+00
2.095000000000000000e+03,4.999999999999999289e+01,-2.288493224674204640e+01,8.367038450560234253e+01,-2.334333443612880976e-01,-1.055201891449901552e+01,5.485000000000000142e+01,6.250300000000000011e+01,6.000000000000000000e+01,1.000000000000000000e+00
2.096000000000000000e+03,4.999999999999998579e+01,-2.278924195118529283e+01,8.347298564752213679e+01,-1.317292861199977350e-01,-1.055201441021686115e+01,5.485000000000000142e+01,6.247099999999999653e+01,6.000000000000000000e+01,1.000000000000000000e+00
2.097000000000000000e+03,5.000000000000000000e+01,-2.278924195118529283e+01,8.346722996879726963e+01,-1.259780799995829370e-01,-1.055200993761239481e+01,5.485000000000000142e+01,6.247099999999999653e+01,6.000000000000000000e+01,1.000000000000000000e+00
2.098000000000000000e+03,5.000000000000000000e+01,-2.278924195118529283e+01,8.346172541506020082e+01,-1.204779674120774746e-01,-1.055200549646283470e+01,5.485000000000000142e+01,6.247099999999999653e+01,6.000000000000000000e+01,1.000000000000000000e+00
2.099000000000000000e+03,5.000000000000000000e+01,-2.259487103833566835e+01,8.307620529242704777e+01,7.066683245558876003e-02,-1.055200108654696400e+01,5.485000000000000142e+01,6.240599999999999881e+01,6.000000000000000000e+01,1.000000000000000000e+00
2.100000000000000000e+03,5.000000000000000000e+01,-2.240349044722218252e+01,8.270488053380054794e+01,2.506066210667611260e-01,-1.055199670764512376e+01,5.485000000000000142e+01,6.234199999999999875e+01,6.000000000000000000e+01,1.000000000000000000e+00
2.101000000000000000e+03,5.000000000000001421e+01,-2.249918074277893609e+01,8.290302031243234637e+01,1.481527898857911141e-01,-1.055199235953919512e+01,5.485000000000000142e+01,6.237400000000000233e+01,6.000000000000000000e+01,1.000000000000000000e+00
2.102000000000000000e+03,5.000000000000000000e+01,-2.192204864770232220e+01,8.178041722246108236e+01,6.936194672538453787e-01,-1.055198804201259932e+01,5.485000000000000142e+01,6.218099999999999739e+01,6.000000000000000000e+01,1.000000000000000000e+00
2.103000000000000000e+03,4.999999999999998579e+01,-2.211342923881580447e+01,8.218510150651754032e+01,4.803114871485357762e-01,-1.055198375485027995e+01,5.485000000000000142e+01,6.224499999999999744e+01,6.000000000000000000e+01,1.000000000000000000e+00
2.104000000000000000e+03,5.000000000000000000e+01,-2.201773894325907222e+01,8.201886448296239962e+01,5.508539581353633086e-01,-1.055197949783869049e+01,5.485000000000000142e+01,6.221300000000000097e+01,6.000000000000000000e+01,1.000000000000000000e+00
2.105000000000000000e+03,5.000000000000000000e+01,-2.220911953437255804e+01,8.241731578740990471e+01,3.437790177284424376e-01,-1.055197527076578545e+01,5.485000000000000142e+01,6.227700000000000102e+01,6.000000000000000000e+01,1.000000000000000000e+00
2.106000000000000000e+03,5.000000000000000000e+01,-2.211342923881580447e+01,8.224511791386436244e+01,4.202823983724555679e-01,-1.055197107342101326e+01,5.485000000000000142e+01,6.224499999999999744e+01,6.000000000000000000e+01,1.000000000000000000e+00
2.107000000000000000e+03,5.000000000000000000e+01,-2.192204864770232220e+01,8.188905733108384766e+01,5.849582222137761356e-01,-1.055196690559530026e+01,5.485000000000000142e+01,6.218099999999999739e+01,6.000000000000000000e+01,1.000000000000000000e+00
2.108000000000000000e+03,5.000000000000001421e+01,-2.192204864770232220e+01,8.191459204886248813e+01,5.594193659208920311e-01,-1.055196276708104719e+01,5.485000000000000142e+01,6.218099999999999739e+01,6.000000000000000000e+01,1.000000000000000000e+00
2.109000000000000000e+03,5.000000000000001421e+01,-2.182336803040944773e+01,8.174595887796905913e+01,6.293678101125144142e-01,-1.055195865767211139e+01,5.485000000000000142e+01,6.214800000000000324e+01,6.000000000000000000e+01,1.000000000000000000e+00
2.110000000000000000e+03,5.000000000000000000e+01,-2.172767773485269771e+01,8.158622972303456322e+01,6.934025889819385169e-01,-1.055195457716380147e+01,5.485000000000000142e+01,6.211599999999999966e+01,6.000000000000000000e+01,1.000000000000000000e+00
2.111000000000000000e+03,5.000000000000000711e+01,-2.163198743929596546e+01,8.142929630930001395e+01,7.546416553488258794e-01,-1.055195052535286671e+01,5.485000000000000142e+01,6.208400000000000318e+01,6.000000000000000000e+01,1.000000000000000000e+00
2.112000000000000000e+03,5.000000000000000711e+01,-2.163198743929596546e+01,8.146223939922570878e+01,7.216945421077463063e-01,-1.055194650203748274e+01,5.485000000000000142e+01,6.208400000000000318e+01,6.000000000000000000e+01,1.000000000000000000e+00
2.113000000000000000e+03,5.000000000000000000e+01,-2.144060684818247964e+01,8.111933842719248844e+01,8.732109280072363200e-01,-1.055194250701724812e+01,5.485000000000000142e+01,6.202000000000000313e+01,6.000000000000000000e+01,1.000000000000000000e+00
2.114000000000000000e+03,4.999999999999998579e+01,-2.134192623088958740e+01,8.096440531324905976e+01,9.294594577336814378e-01,-1.055193854009316645e+01,5.485000000000000142e+01,6.198700000000000188e+01,6.000000000000000000e+01,1.000000000000000000e+00
2.115000000000000000e+03,4.999999999999998579e+01,-2.153629714373921189e+01,8.138523663838971345e+01,7.029951064171321429e-01,-1.055193460106764647e+01,5.485000000000000142e+01,6.205199999999999960e+01,6.000000000000000000e+01,1.000000000000000000e+00
2.116000000000000000e+03,5.000000000000000711e+01,-2.172767773485269771e+01,8.179033063196450826e+01,4.892777926326771221e-01,-1.055193068974447890e+01,5.485000000000000142e+01,6.211599999999999966e+01,6.000000000000000000e+01,1.000000000000000000e+00
2.117000000000000000e+03,5.000000000000001421e+01,-2.144060684818247964e+01,8.125007980114125417e+01,7.424538529700794864e-01,-1.055192680592884003e+01,5.485000000000000142e+01,6.202000000000000313e+01,6.000000000000000000e+01,1.000000000000000000e+00
2.118000000000000000e+03,5.000000000000000000e+01,-2.134192623088958740e+01,8.108943803753827240e+01,8.044111427785931578e-01,-1.055192294942727749e+01,5.485000000000000142e+01,6.198700000000000188e+01,6.000000000000000000e+01,1.000000000000000000e+00
2.119000000000000000e+03,5.000000000000000000e+01,-2.134192623088958740e+01,8.112455422151292339e+01,7.692911294243585107e-01,-1.055191912004769783e+01,5.485000000000000142e+01,6.198700000000000188e+01,6.000000000000000000e+01,1.000000000000000000e+00
2.120000000000000000e+03,5.000000000000000000e+01,-2.105485534421935157e+01,8.059652865344055783e+01,1.010242008378143375e+00,-1.055191531759935408e+01,5.485000000000000142e+01,6.189099999999999824e+01,6.000000000000000000e+01,1.000000000000000000e+00
2.121000000000000000e+03,5.000000000000000000e+01,-2.115054563977610158e+01,8.082783414046748760e+01,8.746230412014529554e-01,-1.055191154189284397e+01,5.485000000000000142e+01,6.192300000000000182e+01,6.000000000000000000e+01,1.000000000000000000e+00
2.122000000000000000e+03,4.999999999999999289e+01,-2.134192623088958740e+01,8.124042144870776383e+01,6.534125749219136248e-01,-1.055190779274010104e+01,5.485000000000000142e+01,6.198700000000000188e+01,6.000000000000000000e+01,1.000000000000000000e+00
2.123000000000000000e+03,4.999999999999998579e+01,-2.153629714373921189e+01,8.164920098123953096e+01,4.390002324540439593e-01,-1.055190406995437513e+01,5.485000000000000142e+01,6.205199999999999960e+01,6.000000000000000000e+01,1.000000000000000000e+00
2.124000000000000000e+03,5.000000000000000000e+01,-2.134192623088958740e+01,8.128810798871640486e+01,6.057186155234168812e-01,-1.055190037335023590e+01,5.485000000000000142e+01,6.198700000000000188e+01,6.000000000000000000e+01,1.000000000000000000e+00
2.125000000000000000e+03,4.999999999999998579e+01,-2.144060684818247964e+01,8.150760246791456609e+01,4.849010830114587334e-01,-1.055189670274355329e+01,5.485000000000000142e+01,6.202000000000000313e+01,6.000000000000000000e+01,1.000000000000000000e+00
2.126000000000000000e+03,5.000000000000000711e+01,-2.134192623088958740e+01,8.133571634687065455e+01,5.581029419704230943e-01,-1.055189305795148869e+01,5.485000000000000142e+01,6.198700000000000188e+01,6.000000000000000000e+01,1.000000000000000000e+00
2.127000000000000000e+03,5.000000000000001421e+01,-2.182336803040944773e+01,8.230194329722884561e+01,7.331417197310791112e-02,-1.055188943879249486e+01,5.485000000000000142e+01,6.214800000000000324e+01,6.000000000000000000e+01,1.000000000000000000e+00
2.128000000000000000e+03,5.000000000000001421e+01,-2.182336803040944773e+01,8.230514054767040477e+01,7.011332782535485697e-02,-1.055188584508630001e+01,5.485000000000000142e+01,6.214800000000000324e+01,6.000000000000000000e+01,1.000000000000000000e+00
2.129000000000000000e+03,5.000000000000001421e+01,-2.182336803040944773e+01,8.230819807682676981e+01,6.705223023658855863e-02,-1.055188227665390244e+01,5.485000000000000142e+01,6.214800000000000324e+01,6.000000000000000000e+01,1.000000000000000000e+00
2.130000000000000000e+03,5.000000000000000000e+01,-2.182336803040944773e+01,8.231112198575469563e+01,6.412477797230738130e-02,-1.055187873331755455e+01,5.485000000000000142e+01,6.214800000000000324e+01,6.000000000000000000e+01,1.000000000000000000e+00
2.131000000000000000e+03,4.999999999999998579e+01,-2.211342923881580447e+01,8.288137666170007378e+01,-2.160722079835205589e-01,-1.055187521490076108e+01,5.485000000000000142e+01,6.224499999999999744e+01,6.000000000000000000e+01,1.000000000000000000e+00
2.132000000000000000e+03,5.000000000000000000e+01,-2.182336803040944773e+01,8.230448105788858015e+01,7.075869374913573706e-02,-1.055187172122826667e+01,5.485000000000000142e+01,6.214800000000000324e+01,6.000000000000000000e+01,1.000000000000000000e+00
2.133000000000000000e+03,5.000000000000000711e+01,-2.230780015166545027e+01,8.325528114625097942e+01,-3.956127424594796382e-01,-1.055186825212605051e+01,5.485000000000000142e+01,6.231000000000000227e+01,6.000000000000000000e+01,1.000000000000000000e+00
2.134000000000000000e+03,5.000000000000000000e+01,-2.269056133389241836e+01,8.398681681890697348e+01,-7.443906775932378483e-01,-1.055186480742131572e+01,5.485000000000000142e+01,6.243800000000000239e+01,6.000000000000000000e+01,1.000000000000000000e+00
2.135000000000000000e+03,4.999999999999998579e+01,-2.240349044722218252e+01,8.339270537112840032e+01,-4.373535369637467363e-01,-1.055186138694248044e+01,5.485000000000000142e+01,6.234199999999999875e+01,6.000000000000000000e+01,1.000000000000000000e+00
2.136000000000000000e+03,5.000000000000000000e+01,-2.259487103833566835e+01,8.374801307599700806e+01,-6.012840471421719846e-01,-1.055185799051916895e+01,5.485000000000000142e+01,6.240599999999999881e+01,6.000000000000000000e+01,1.000000000000000000e+00
2.137000000000000000e+03,5.000000000000000000e+01,-2.259487103833566835e+01,8.372175807336404318e+01,-5.750324170461755813e-01,-1.055185461798220103e+01,5.485000000000000142e+01,6.240599999999999881e+01,6.000000000000000000e+01,1.000000000000000000e+00
2.138000000000000000e+03,5.000000000000000000e+01,-2.269056133389241836e+01,8.388385204324896449e+01,-6.414394401929550682e-01,-1.055185126916359017e+01,5.485000000000000142e+01,6.243800000000000239e+01,6.000000000000000000e+01,1.000000000000000000e+00
2.139000000000000000e+03,5.000000000000000000e+01,-2.249918074277893609e+01,8.348143828930707855e+01,-4.304096026316096557e-01,-1.055184794389653113e+01,5.485000000000000142e+01,6.237400000000000233e+01,6.000000000000000000e+01,1.000000000000000000e+00
2.140000000000000000e+03,5.000000000000000711e+01,-2.269056133389241836e+01,8.383704925590873813e+01,-5.946432800009233688e-01,-1.055184464201539107e+01,5.485000000000000142e+01,6.243800000000000239e+01,6.000000000000000000e+01,1.000000000000000000e+00
2.141000000000000000e+03,5.000000000000001421e+01,-2.278924195118529283e+01,8.400413718791685369e+01,-6.630538733758526426e-01,-1.055184136335569889e+01,5.485000000000000142e+01,6.247099999999999653e+01,6.000000000000000000e+01,1.000000000000000000e+00
2.142000000000000000e+03,5.000000000000000711e+01,-2.259487103833566835e+01,8.359492974482462557e+01,-4.482205987348097942e-01,-1.055183810775414521e+01,5.485000000000000142e+01,6.240599999999999881e+01,6.000000000000000000e+01,1.000000000000000000e+00
2.143000000000000000e+03,5.000000000000001421e+01,-2.278924195118529283e+01,8.395561325346155002e+01,-6.145364272276848672e-01,-1.055183487504856465e+01,5.485000000000000142e+01,6.247099999999999653e+01,6.000000000000000000e+01,1.000000000000000000e+00
2.144000000000000000e+03,5.000000000000000000e+01,-2.278924195118529283e+01,8.392877982398854897e+01,-5.877062077253173422e-01,-1.055183166507793935e+01,5.485000000000000142e+01,6.247099999999999653e+01,6.000000000000000000e+01,1.000000000000000000e+00
2.145000000000000000e+03,5.000000000000000000e+01,-2.278924195118529283e+01,8.390311780522425522e+01,-5.620473763565917436e-01,-1.055182847768237586e+01,5.485000000000000142e+01,6.247099999999999653e+01,6.000000000000000000e+01,1.000000000000000000e+00
2.146000000000000000e+03,4.999999999999999289e+01,-2.278924195118529283e+01,8.387857605504441949e+01,-5.375087911560271214e-01,-1.055182531270310697e+01,5.485000000000000142e+01,6.247099999999999653e+01,6.000000000000000000e+01,1.000000000000000000e+00
2.147000000000000000e+03,4.999999999999999289e+01,-2.288493224674204640e+01,8.404230848561168443e+01,-6.055540688871591248e-01,-1.055182216998248457e+01,5.485000000000000142e+01,6.250300000000000011e+01,6.000000000000000000e+01,1.000000000000000000e+00
2.148000000000000000e+03,4.999999999999999289e+01,-2.288493224674204640e+01,8.401586730881139431e+01,-5.791160127053818218e-01,-1.055181904936396897e+01,5.485000000000000142e+01,6.250300000000000011e+01,6.000000000000000000e+01,1.000000000000000000e+00
2.149000000000000000e+03,4.999999999999998579e+01,-2.278924195118529283e+01,8.380337759905793860e+01,-4.623196971805376698e-01,-1.055181595069212186e+01,5.485000000000000142e+01,6.247099999999999653e+01,6.000000000000000000e+01,1.000000000000000000e+00
2.150000000000000000e+03,5.000000000000000000e+01,-2.288493224674204640e+01,8.397039279736348760e+01,-5.336476768088497247e-01,-1.055181287381259381e+01,5.485000000000000142e+01,6.250300000000000011e+01,6.000000000000000000e+01,1.000000000000000000e+00
2.151000000000000000e+03,5.000000000000000000e+01,-2.278924195118529283e+01,8.375988824596457505e+01,-4.188364762071594694e-01,-1.055180981857212608e+01,5.485000000000000142e+01,6.247099999999999653e+01,6.000000000000000000e+01,1.000000000000000000e+00
2.152000000000000000e+03,5.000000000000000000e+01,-2.278924195118529283e+01,8.374159911216166563e+01,-4.005503761578409483e-01,-1.055180678481853462e+01,5.485000000000000142e+01,6.247099999999999653e+01,6.000000000000000000e+01,1.000000000000000000e+00
2.153000000000000000e+03,5.000000000000000000e+01,-2.278924195118529283e+01,8.372410835770297410e+01,-3.830626341169788840e-01,-1.055180377240070655e+01,5.485000000000000142e+01,6.247099999999999653e+01,6.000000000000000000e+01,1.000000000000000000e+00
2.154000000000000000e+03,5.000000000000000711e+01,-2.278924195118529283e+01,8.370738112670061071e+01,-3.663383943467206638e-01,-1.055180078116859299e+01,5.485000000000000142e+01,6.247099999999999653e+01,6.000000000000000000e+01,1.000000000000000000e+00
2.155000000000000000e+03,5.000000000000000000e+01,-2.307631283785552867e+01,8.425299254943691096e+01,-6.248819006081895999e-01,-1.055179781097319847e+01,5.485000000000000142e+01,6.256700000000000017e+01,6.000000000000000000e+01,1.000000000000000000e+00
2.156000000000000000e+03,5.000000000000000000e+01,-2.278924195118529283e+01,8.366409924028997125e+01,-3.230624274381090344e-01,-1.055179486166657554e+01,5.485000000000000142e+01,6.247099999999999653e+01,6.000000000000000000e+01,1.000000000000000000e+00
2.157000000000000000e+03,5.000000000000000000e+01,-2.278924195118529283e+01,8.364999163793031300e+01,-3.089577536432052129e-01,-1.055179193310181951e+01,5.485000000000000142e+01,6.247099999999999653e+01,6.000000000000000000e+01,1.000000000000000000e+00
2.158000000000000000e+03,5.000000000000000000e+01,-2.278924195118529283e+01,8.363649985610487647e+01,-2.954688797865308580e-01,-1.055178902513305417e+01,5.485000000000000142e+01,6.247099999999999653e+01,6.000000000000000000e+01,1.000000000000000000e+00
2.159000000000000000e+03,4.999999999999999289e+01,-2.278924195118529283e+01,8.362359700928531936e+01,-2.825689204845998059e-01,-1.055178613761543538e+01,5.485000000000000142e+01,6.247099999999999653e+01,6.000000000000000000e+01,1.000000000000000000e+00
2.160000000000000000e+03,5.000000000000000000e+01,-2.288493224674204640e+01,8.379846020720515298e+01,-3.617446900579759372e-01,-1.055178327040513153e+01,5.485000000000000142e+01,6.250300000000000011e+01,6.000000000000000000e+01,1.000000000000000000e+00
2.161000000000000000e+03,5.000000000000000711e+01,-2.278924195118529283e+01,8.359546102506750742e+01,-2.544386505228886652e-01,-1.055178042335932709e+01,5.485000000000000142e+01,6.247099999999999653e+01,6.000000000000000000e+01,1.000000000000000000e+00
2.162000000000000000e+03,4.999999999999999289e+01,-2.278924195118529283e+01,8.358434958911421120e+01,-2.433300415927202032e-01,-1.055177759633621015e+01,5.485000000000000142e+01,6.247099999999999653e+01,6.000000000000000000e+01,1.000000000000000000e+00
2.163000000000000000e+03,5.000000000000000000e+01,-2.278924195118529283e+01,8.357372316693862047e+01,-2.327064265583683733e-01,-1.055177478919496359e+01,5.485000000000000142e+01,6.247099999999999653e+01,6.000000000000000000e+01,1.000000000000000000e+00
2.164000000000000000e+03,5.000000000000000000e+01,-2.278924195118529283e+01,8.356356058391536124e+01,-2.225466309343095417e-01,-1.055177200179576325e+01,5.485000000000000142e+01,6.247099999999999653e+01,6.000000000000000000e+01,1.000000000000000000e+00
2.165000000000000000e+03,4.999999999999998579e+01,-2.298062254229877510e+01,8.392824723281137267e+01,-3.958554565128387104e-01,-1.055176923399976729e+01,5.485000000000000142e+01,6.253499999999999659e+01,6.000000000000000000e+01,1.000000000000000000e+00
2.166000000000000000e+03,4.999999999999998579e+01,-2.288493224674204640e+01,8.372375889779888780e+01,-2.870601653877453696e-01,-1.055176648566910913e+01,5.485000000000000142e+01,6.250300000000000011e+01,6.000000000000000000e+01,1.000000000000000000e+00
2.167000000000000000e+03,4.999999999999999289e+01,-2.278924195118529283e+01,8.352402050646816178e+01,-1.830147986159829654e-01,-1.055176375666689381e+01,5.485000000000000142e+01,6.247099999999999653e+01,6.000000000000000000e+01,1.000000000000000000e+00
2.168000000000000000e+03,5.000000000000000711e+01,-2.288493224674204640e+01,8.370323032332245816e+01,-2.665370297232183550e-01,-1.055176104685718919e+01,5.485000000000000142e+01,6.250300000000000011e+01,6.000000000000000000e+01,1.000000000000000000e+00
2.169000000000000000e+03,4.999999999999998579e+01,-2.317499345514842091e+01,8.425904936964786884e+01,-5.322975583944382638e-01,-1.055175835610501878e+01,5.485000000000000142e+01,6.260000000000000142e+01,6.000000000000000000e+01,1.000000000000000000e+00
2.170000000000000000e+03,5.000000000000000000e+01,-2.288493224674204640e+01,8.366834841576287829e+01,-2.316604847444791448e-01,-1.055175568427635469e+01,5.485000000000000142e+01,6.250300000000000011e+01,6.000000000000000000e+01,1.000000000000000000e+00
2.171000000000000000e+03,5.000000000000000000e+01,-2.278924195118529283e+01,8.347102881070549074e+01,-1.300338282820881486e-01,-1.055175303123811048e+01,5.485000000000000142e+01,6.247099999999999653e+01,6.000000000000000000e+01,1.000000000000000000e+00
2.172000000000000000e+03,5.000000000000000000e+01,-2.298062254229877510e+01,8.383975463560632591e+01,-3.073816964494119341e-01,-1.055175039685813587e+01,5.485000000000000142e+01,6.253499999999999659e+01,6.000000000000000000e+01,1.000000000000000000e+00
2.173000000000000000e+03,5.000000000000000000e+01,-2.307631283785552867e+01,8.401353477688728333e+01,-3.854741580265440559e-01,-1.055174778100521316e+01,5.485000000000000142e+01,6.256700000000000017e+01,6.000000000000000000e+01,1.000000000000000000e+00
2.174000000000000000e+03,4.999999999999999289e+01,-2.288493224674204640e+01,8.362229701132869764e+01,-1.856195810376134736e-01,-1.055174518354904478e+01,5.485000000000000142e+01,6.250300000000000011e+01,6.000000000000000000e+01,1.000000000000000000e+00
2.175000000000000000e+03,4.999999999999998579e+01,-2.278924195118529283e+01,8.342698759294370348e+01,-8.600303739817626025e-02,-1.055174260436024980e+01,5.485000000000000142e+01,6.247099999999999653e+01,6.000000000000000000e+01,1.000000000000000000e+00
2.176000000000000000e+03,5.000000000000000000e+01,-2.288493224674204640e+01,8.361043302244972608e+01,-1.737607323973196505e-01,-1.055174004331035853e+01,5.485000000000000142e+01,6.250300000000000011e+01,6.000000000000000000e+01,1.000000000000000000e+00
2.177000000000000000e+03,4.999999999999999289e+01,-2.307631283785552867e+01,8.397724985343096193e+01,-3.491995153036390742e-01,-1.055173750027180368e+01,5.485000000000000142e+01,6.256700000000000017e+01,6.000000000000000000e+01,1.000000000000000000e+00
2.178000000000000000e+03,4.999999999999998579e+01,-2.278924195118529283e+01,8.340039306358578131e+01,-5.941613728258854366e-02,-1.055173497511791503e+01,5.485000000000000142e+01,6.247099999999999653e+01,6.000000000000000000e+01,1.000000000000000000e+00
2.179000000000000000e+03,5.000000000000000711e+01,-2.317499345514842091e+01,8.415245786429393604e+01,-4.257319414225924636e-01,-1.055173246772291407e+01,5.485000000000000142e+01,6.260000000000000142e+01,6.000000000000000000e+01,1.000000000000000000e+00
2.180000000000000000e+03,4.999999999999999289e+01,-2.278924195118529283e+01,8.337920684939186344e+01,-3.823492024467772810e-02,-1.055172997796190515e+01,5.485000000000000142e+01,6.247099999999999653e+01,6.000000000000000000e+01,1.000000000000000000e+00
2.181000000000000000e+03,4.999999999999999289e+01,-2.278924195118529283e+01,8.337753506795529290e+01,-3.656561105913754689e-02,-1.055172750571087192e+01,5.485000000000000142e+01,6.247099999999999653e+01,6.000000000000000000e+01,1.000000000000000000e+00
2.182000000000000000e+03,5.000000000000000000e+01,-2.288493224674204640e+01,8.356313900621117341e+01,-1.264817086224581666e-01,-1.055172505084667023e+01,5.485000000000000142e+01,6.250300000000000011e+01,6.000000000000000000e+01,1.000000000000000000e+00
2.183000000000000000e+03,4.999999999999999289e+01,-2.288493224674204640e+01,8.355761446795968084e+01,-1.209596079706155292e-01,-1.055172261324702276e+01,5.485000000000000142e+01,6.250300000000000011e+01,6.000000000000000000e+01,1.000000000000000000e+00
2.184000000000000000e+03,4.999999999999999289e+01,-2.288493224674204640e+01,8.355233103780385306e+01,-1.156785982713002953e-01,-1.055172019279051199e+01,5.485000000000000142e+01,6.250300000000000011e+01,6.000000000000000000e+01,1.000000000000000000e+00
2.185000000000000000e+03,4.999999999999999289e+01,-2.298062254229877510e+01,8.373448101122932030e+01,-2.021406795739764117e-01,-1.055171778935657301e+01,5.485000000000000142e+01,6.253499999999999659e+01,6.000000000000000000e+01,1.000000000000000000e+00
2.186000000000000000e+03,5.000000000000000711e+01,-2.278924195118529283e+01,8.335124766472911517e+01,-1.029031071832955946e-02,-1.055171540282548825e+01,5.485000000000000142e+01,6.247099999999999653e+01,6.000000000000000000e+01,1.000000000000000000e+00
2.187000000000000000e+03,4.999999999999998579e+01,-2.288493224674204640e+01,8.353799884886325344e+01,-1.013535690428353092e-01,-1.055171303307838748e+01,5.485000000000000142e+01,6.250300000000000011e+01,6.000000000000000000e+01,1.000000000000000000e+00
2.188000000000000000e+03,5.000000000000000000e+01,-2.278924195118529283e+01,8.334636865021141716e+01,-5.416019028899446419e-03,-1.055171067999722823e+01,5.485000000000000142e+01,6.247099999999999653e+01,6.000000000000000000e+01,1.000000000000000000e+00
2.189000000000000000e+03,5.000000000000001421e+01,-2.278924195118529283e+01,8.334612985417402342e+01,-5.179559523919552086e-03,-1.055170834346480468e+01,5.485000000000000142e+01,6.247099999999999653e+01,6.000000000000000000e+01,1.000000000000000000e+00
2.190000000000000000e+03,4.999999999999999289e+01,-2.288493224674204640e+01,8.353310421968554067e+01,-9.646594957877137333e-02,-1.055170602336472996e+01,5.485000000000000142e+01,6.250300000000000011e+01,6.000000000000000000e+01,1.000000000000000000e+00
2.191000000000000000e+03,5.000000000000000000e+01,-2.278924195118529283e+01,8.334168746029065744e+01,-7.417895239246186101e-04,-1.055170371958144315e+01,5.485000000000000142e+01,6.247099999999999653e+01,6.000000000000000000e+01,1.000000000000000000e+00
2.192000000000000000e+03,5.000000000000000000e+01,-2.278924195118529283e+01,8.334165278671099486e+01,-7.094035255205233086e-04,-1.055170143200018806e+01,5.485000000000000142e+01,6.247099999999999653e+01,6.000000000000000000e+01,1.000000000000000000e+00
2.193000000000000000e+03,5.000000000000000711e+01,-2.278924195118529283e+01,8.334161954316888909e+01,-6.784314765708243178e-04,-1.055169916050702206e+01,5.485000000000000142e+01,6.247099999999999653e+01,6.000000000000000000e+01,1.000000000000000000e+00
2.194000000000000000e+03,5.000000000000000000e+01,-2.278924195118529283e+01,8.334158766781914096e+01,-6.488116450568064781e-04,-1.055169690498879653e+01,5.485000000000000142e+01,6.247099999999999653e+01,6.000000000000000000e+01,1.000000000000000000e+00
2.195000000000000000e+03,5.000000000000000711e+01,-2.269056133389241836e+01,8.314850419187764885e+01,9.375180734794304194e-02,-1.055169466533316758e+01,5.485000000000000142e+01,6.243800000000000239e+01,6.000000000000000000e+01,1.000000000000000000e+00
2.196000000000000000e+03,5.000000000000000000e+01,-2.259487103833566835e+01,8.296539228315366188e+01,1.811711966105762905e-01,-1.055169244142857465e+01,5.485000000000000142e+01,6.240599999999999881e+01,6.000000000000000000e+01,1.000000000000000000e+00
2.197000000000000000e+03,5.000000000000001421e+01,-2.269056133389241836e+01,8.316050270081302642e+01,8.174886624364878507e-02,-1.055169023316424415e+01,5.485000000000000142e+01,6.243800000000000239e+01,6.000000000000000000e+01,1.000000000000000000e+00
2.198000000000000000e+03,5.000000000000000000e+01,-2.278924195118529283e+01,8.335712251456187971e+01,-1.619252294640893819e-02,-1.055168804043018227e+01,5.485000000000000142e+01,6.247099999999999653e+01,6.000000000000000000e+01,1.000000000000000000e+00
2.199000000000000000e+03,5.000000000000000000e+01,-2.278924195118529283e+01,8.335641338331464567e+01,-1.548556901219030543e-02,-1.055168586311716616e+01,5.485000000000000142e+01,6.247099999999999653e+01,6.000000000000000000e+01,1.000000000000000000e+00
2.200000000000000000e+03,5.000000000000000000e+01,-2.259487103833566835e+01,8.297547940138235845e+01,1.710753380700523185e-01,-1.055168370111674392e+01,5.485000000000000142e+01,6.240599999999999881e+01,6.000000000000000000e+01,1.000000000000000000e+00
2.201000000000000000e+03,4.999999999999998579e+01,-2.278924195118529283e+01,8.336320201220503634e+01,-2.227850669853262411e-02,-1.055168155432122568e+01,5.485000000000000142e+01,6.247099999999999653e+01,6.000000000000000000e+01,1.000000000000000000e+00
2.202000000000000000e+03,4.999999999999999289e+01,-2.269056133389241836e+01,8.316917430725420957e+01,7.306644926188188283e-02,-1.055167942262367653e+01,5.485000000000000142e+01,6.243800000000000239e+01,6.000000000000000000e+01,1.000000000000000000e+00
2.203000000000000000e+03,5.000000000000000711e+01,-2.278924195118529283e+01,8.336541512893532513e+01,-2.449587183211067443e-02,-1.055167730591791830e+01,5.485000000000000142e+01,6.247099999999999653e+01,6.000000000000000000e+01,1.000000000000000000e+00
2.204000000000000000e+03,5.000000000000000000e+01,-2.278924195118529283e+01,8.336434355492673376e+01,-2.342639964293174309e-02,-1.055167520409851534e+01,5.485000000000000142e+01,6.247099999999999653e+01,6.000000000000000000e+01,1.000000000000000000e+00
2.205000000000000000e+03,5.000000000000000000e+01,-2.278924195118529283e+01,8.336331868808828460e+01,-2.240361984221999475e-02,-1.055167311706077626e+01,5.485000000000000142e+01,6.247099999999999653e+01,6.000000000000000000e+01,1.000000000000000000e+00
2.206000000000000000e+03,5.000000000000000000e+01,-2.278924195118529283e+01,8.336233848975982141e+01,-2.142549387379525522e-02,-1.055167104470074335e+01,5.485000000000000142e+01,6.247099999999999653e+01,6.000000000000000000e+01,1.000000000000000000e+00
2.207000000000000000e+03,5.000000000000000000e+01,-2.278924195118529283e+01,8.336140101028385629e+01,-2.049007218337758549e-02,-1.055166898691518895e+01,5.485000000000000142e+01,6.247099999999999653e+01,6.000000000000000000e+01,1.000000000000000000e+00
2.208000000000000000e+03,5.000000000000000711e+01,-2.278924195118529283e+01,8.336050438511973937e+01,-1.959549033282816100e-02,-1.055166694360161905e+01,5.485000000000000142e+01,6.247099999999999653e+01,6.000000000000000000e+01,1.000000000000000000e+00
2.209000000000000000e+03,4.999999999999997868e+01,-2.288493224674204640e+01,8.354684965259181695e+01,-1.102524911915361144e-01,-1.055166491465825196e+01,5.485000000000000142e+01,6.250300000000000011e+01,6.000000000000000000e+01,1.000000000000000000e+00
2.210000000000000000e+03,5.000000000000000711e+01,-2.278924195118529283e+01,8.335483127179060148e+01,-1.392642062128233993e-02,-1.055166289998402362e+01,5.485000000000000142e+01,6.247099999999999653e+01,6.000000000000000000e+01,1.000000000000000000e+00
2.211000000000000000e+03,5.000000000000000000e+01,-2.278924195118529283e+01,8.335422125375259839e+01,-1.331840308872219748e-02,-1.055166089947858410e+01,5.485000000000000142e+01,6.247099999999999653e+01,6.000000000000000000e+01,1.000000000000000000e+00
2.212000000000000000e+03,5.000000000000000711e+01,-2.278924195118529283e+01,8.335363779539298434e+01,-1.273693116540033747e-02,-1.055165891304228687e+01,5.485000000000000142e+01,6.247099999999999653e+01,6.000000000000000000e+01,1.000000000000000000e+00
2.213000000000000000e+03,5.000000000000000711e+01,-2.278924195118529283e+01,8.335307973765054612e+01,-1.218084588906304978e-02,-1.055165694057618708e+01,5.485000000000000142e+01,6.247099999999999653e+01,6.000000000000000000e+01,1.000000000000000000e+00
2.214000000000000000e+03,5.000000000000000711e+01,-2.278924195118529283e+01,8.335254597206424876e+01,-1.164903889691710180e-02,-1.055165498198203444e+01,5.485000000000000142e+01,6.247099999999999653e+01,6.000000000000000000e+01,1.000000000000000000e+00
2.215000000000000000e+03,4.999999999999999289e+01,-2.278924195118529283e+01,8.335203543856404451e+01,-1.114045021649359875e-02,-1.055165303716226965e+01,5.485000000000000142e+01,6.247099999999999653e+01,6.000000000000000000e+01,1.000000000000000000e+00
2.216000000000000000e+03,5.000000000000000000e+01,-2.278924195118529283e+01,8.335154712335827298e+01,-1.065406615296113878e-02,-1.055165110602002443e+01,5.485000000000000142e+01,6.247099999999999653e+01,6.000000000000000000e+01,1.000000000000000000e+00
2.217000000000000000e+03,5.000000000000000711e+01,-2.278924195118529283e+01,8.335108005691307653e+01,-1.018891726867736901e-02,-1.055164918845910371e+01,5.485000000000000142e+01,6.247099999999999653e+01,6.000000000000000000e+01,1.000000000000000000e+00
2.218000000000000000e+03,5.000000000000000000e+01,-2.278924195118529283e+01,8.335063331202023562e+01,-9.744076450951860008e-03,-1.055164728438399457e+01,5.485000000000000142e+01,6.247099999999999653e+01,6.000000000000000000e+01,1.000000000000000000e+00
2.219000000000000000e+03,5.000000000000000711e+01,-2.278924195118529283e+01,8.335020600194931717e+01,-9.318657064169070386e-03,-1.055164539369985199e+01,5.485000000000000142e+01,6.247099999999999653e+01,6.000000000000000000e+01,1.000000000000000000e+00
2.220000000000000000e+03,4.999999999999999289e+01,-2.278924195118529283e+01,8.334979727868037003e+01,-8.911811182588300767e-03,-1.055164351631250241e+01,5.485000000000000142e+01,6.247099999999999653e+01,6.000000000000000000e+01,1.000000000000000000e+00
2.221000000000000000e+03,5.000000000000000000e+01,-2.269056133389241836e+01,8.315635342157906962e+01,8.584956444178011570e-02,-1.055164165212843130e+01,5.485000000000000142e+01,6.243800000000000239e+01,6.000000000000000000e+01,1.000000000000000000e+00
2.222000000000000000e+03,5.000000000000000711e+01,-2.269056133389241836e+01,8.316009970089461945e+01,8.210143405259130722e-02,-1.055163980105478316e+01,5.485000000000000142e+01,6.243800000000000239e+01,6.000000000000000000e+01,1.000000000000000000e+00
2.223000000000000000e+03,5.000000000000000000e+01,-2.269056133389241836e+01,8.316368235254473973e+01,7.851694434702981285e-02,-1.055163796299935441e+01,5.485000000000000142e+01,6.243800000000000239e+01,6.000000000000000000e+01,1.000000000000000000e+00
2.224000000000000000e+03,5.000000000000000000e+01,-2.249918074277893609e+01,8.279270287794429350e+01,2.581140027052281072e-01,-1.055163613787058985e+01,5.485000000000000142e+01,6.237400000000000233e+01,6.000000000000000000e+01,1.000000000000000000e+00
2.225000000000000000e+03,5.000000000000000711e+01,-2.240349044722218252e+01,8.261676731635654392e+01,3.383574564432237919e-01,-1.055163432557758085e+01,5.485000000000000142e+01,6.234199999999999875e+01,6.000000000000000000e+01,1.000000000000000000e+00
2.226000000000000000e+03,5.000000000000001421e+01,-2.259487103833566835e+01,8.300594360352505419e+01,1.405599608406821466e-01,-1.055163252603005475e+01,5.485000000000000142e+01,6.240599999999999881e+01,6.000000000000000000e+01,1.000000000000000000e+00
2.227000000000000000e+03,5.000000000000000000e+01,-2.259487103833566835e+01,8.301207856367635429e+01,1.344232137976912600e-01,-1.055163073913837479e+01,5.485000000000000142e+01,6.240599999999999881e+01,6.000000000000000000e+01,1.000000000000000000e+00
2.228000000000000000e+03,4.999999999999998579e+01,-2.201773894325907222e+01,8.188887859346540665e+01,6.804893146071963050e-01,-1.055162896481353663e+01,5.485000000000000142e+01,6.221300000000000097e+01,6.000000000000000000e+01,1.000000000000000000e+00
2.229000000000000000e+03,5.000000000000000000e+01,-2.220911953437255804e+01,8.229299214979374710e+01,4.677545875459713232e-01,-1.055162720296715761e+01,5.485000000000000142e+01,6.227700000000000102e+01,6.000000000000000000e+01,1.000000000000000000e+00
2.230000000000000000e+03,4.999999999999999289e+01,-2.240349044722218252e+01,8.269366796113044416e+01,2.614479396032184377e-01,-1.055162545351148395e+01,5.485000000000000142e+01,6.234199999999999875e+01,6.000000000000000000e+01,1.000000000000000000e+00
2.231000000000000000e+03,5.000000000000000000e+01,-2.220911953437255804e+01,8.232482512234160765e+01,4.359181283903202919e-01,-1.055162371635936758e+01,5.485000000000000142e+01,6.227700000000000102e+01,6.000000000000000000e+01,1.000000000000000000e+00
2.232000000000000000e+03,4.999999999999998579e+01,-2.192204864770232220e+01,8.178224680574190586e+01,6.914238333846977058e-01,-1.055162199142428747e+01,5.485000000000000142e+01,6.218099999999999739e+01,6.000000000000000000e+01,1.000000000000000000e+00
2.233000000000000000e+03,5.000000000000000711e+01,-2.220911953437255804e+01,8.237404062582156428e+01,3.866991871713208462e-01,-1.055162027862031948e+01,5.485000000000000142e+01,6.227700000000000102e+01,6.000000000000000000e+01,1.000000000000000000e+00
2.234000000000000000e+03,5.000000000000000000e+01,-2.240349044722218252e+01,8.277117766523008413e+01,1.839313598542466066e-01,-1.055161857786214696e+01,5.485000000000000142e+01,6.234199999999999875e+01,6.000000000000000000e+01,1.000000000000000000e+00
2.235000000000000000e+03,4.999999999999999289e+01,-2.220911953437255804e+01,8.239895055654011458e+01,3.617858668975014735e-01,-1.055161688906505901e+01,5.485000000000000142e+01,6.227700000000000102e+01,6.000000000000000000e+01,1.000000000000000000e+00
2.236000000000000000e+03,5.000000000000000000e+01,-2.201773894325907222e+01,8.204033854807039461e+01,5.290156073336127474e-01,-1.055161521214493092e+01,5.485000000000000142e+01,6.221300000000000097e+01,6.000000000000000000e+01,1.000000000000000000e+00
2.237000000000000000e+03,5.000000000000000000e+01,-2.220911953437255804e+01,8.243783896773642539e+01,3.228941136543722612e-01,-1.055161354701823662e+01,5.485000000000000142e+01,6.227700000000000102e+01,6.000000000000000000e+01,1.000000000000000000e+00
2.238000000000000000e+03,5.000000000000000000e+01,-2.220911953437255804e+01,8.245193463965608771e+01,3.087967883185065987e-01,-1.055161189360203622e+01,5.485000000000000142e+01,6.227700000000000102e+01,6.000000000000000000e+01,1.000000000000000000e+00
2.239000000000000000e+03,5.000000000000000000e+01,-2.201773894325907222e+01,8.209100920116564737e+01,4.783399939073937901e-01,-1.055161025181397250e+01,5.485000000000000142e+01,6.221300000000000097e+01,6.000000000000000000e+01,1.000000000000000000e+00
2.240000000000000000e+03,5.000000000000000000e+01,-2.220911953437255804e+01,8.248629719479262690e+01,2.744309611521967840e-01,-1.055160862157226376e+01,5.485000000000000142e+01,6.227700000000000102e+01,6.000000000000000000e+01,1.000000000000000000e+00
2.241000000000000000e+03,4.999999999999998579e+01,-2.259487103833566835e+01,8.325293840891211516e+01,-1.064603677807461901e-01,-1.055160700279570918e+01,5.485000000000000142e+01,6.240599999999999881e+01,6.000000000000000000e+01,1.000000000000000000e+00
2.242000000000000000e+03,4.999999999999999289e+01,-2.240349044722218252e+01,8.287388317531625148e+01,8.121266730959693370e-02,-1.055160539540367637e+01,5.485000000000000142e+01,6.234199999999999875e+01,6.000000000000000000e+01,1.000000000000000000e+00
2.243000000000000000e+03,5.000000000000000000e+01,-2.230780015166545027e+01,8.269022444455170273e+01,1.691795064298488027e-01,-1.055160379931610137e+01,5.485000000000000142e+01,6.231000000000000227e+01,6.000000000000000000e+01,1.000000000000000000e+00
2.244000000000000000e+03,5.000000000000000000e+01,-2.230780015166545027e+01,8.269760911555887617e+01,1.617932505600510329e-01,-1.055160221445347979e+01,5.485000000000000142e+01,6.231000000000000227e+01,6.000000000000000000e+01,1.000000000000000000e+00
2.245000000000000000e+03,5.000000000000000000e+01,-2.259487103833566835e+01,8.326627978347286785e+01,-1.198081044003245221e-01,-1.055160064073687209e+01,5.485000000000000142e+01,6.240599999999999881e+01,6.000000000000000000e+01,1.000000000000000000e+00
2.246000000000000000e+03,5.000000000000000000e+01,-2.269056133389241836e+01,8.344825030640852503e+01,-2.060898944282174017e-01,-1.055159907808788944e+01,5.485000000000000142e+01,6.243800000000000239e+01,6.000000000000000000e+01,1.000000000000000000e+00
2.247000000000000000e+03,5.000000000000000711e+01,-2.230780015166545027e+01,8.269043973196464492e+01,1.689579461295019069e-01,-1.055159752642869364e+01,5.485000000000000142e+01,6.231000000000000227e+01,6.000000000000000000e+01,1.000000000000000000e+00
2.248000000000000000e+03,5.000000000000000000e+01,-2.269056133389241836e+01,8.344662605978091108e+01,-2.044687402064905291e-01,-1.055159598568199719e+01,5.485000000000000142e+01,6.243800000000000239e+01,6.000000000000000000e+01,1.000000000000000000e+00
2.249000000000000000e+03,4.999999999999999289e+01,-2.249918074277893609e+01,8.306329192844391685e+01,-1.251672989393776136e-02,-1.055159445577105437e+01,5.485000000000000142e+01,6.237400000000000233e+01,6.000000000000000000e+01,1.000000000000000000e+00
2.250000000000000000e+03,5.000000000000000000e+01,-2.269056133389241836e+01,8.343714958077417521e+01,-1.949953102620977652e-01,-1.055159293661965947e+01,5.485000000000000142e+01,6.243800000000000239e+01,6.000000000000000000e+01,1.000000000000000000e+00
2.251000000000000000e+03,4.999999999999999289e+01,-2.269056133389241836e+01,8.342863471696355759e+01,-1.864819549190043779e-01,-1.055159142815214324e+01,5.485000000000000142e+01,6.243800000000000239e+01,6.000000000000000000e+01,1.000000000000000000e+00
2.252000000000000000e+03,5.000000000000000711e+01,-2.278924195118529283e+01,8.361354446038286881e+01,-2.727125789042064707e-01,-1.055158993029336933e+01,5.485000000000000142e+01,6.247099999999999653e+01,6.000000000000000000e+01,1.000000000000000000e+00
2.253000000000000000e+03,4.999999999999998579e+01,-2.288493224674204640e+01,8.378883935899013125e+01,-3.523186692793701114e-01,-1.055158844296872722e+01,5.485000000000000142e+01,6.250300000000000011e+01,6.000000000000000000e+01,1.000000000000000000e+00
2.254000000000000000e+03,5.000000000000000000e+01,-2.278924195118529283e+01,8.358625308033802526e+01,-2.454241630486058701e-01,-1.055158696610413216e+01,5.485000000000000142e+01,6.247099999999999653e+01,6.000000000000000000e+01,1.000000000000000000e+00
2.255000000000000000e+03,5.000000000000001421e+01,-2.278924195118529283e+01,8.357553657098527822e+01,-2.347091201739557875e-01,-1.055158549962602343e+01,5.485000000000000142e+01,6.247099999999999653e+01,6.000000000000000000e+01,1.000000000000000000e+00
2.256000000000000000e+03,5.000000000000000000e+01,-2.278924195118529283e+01,8.356528788303015176e+01,-2.244618883835095557e-01,-1.055158404346135192e+01,5.485000000000000142e+01,6.247099999999999653e+01,6.000000000000000000e+01,1.000000000000000000e+00
2.257000000000000000e+03,5.000000000000000000e+01,-2.278924195118529283e+01,8.355548659210384699e+01,-2.146620433809704465e-01,-1.055158259753758543e+01,5.485000000000000142e+01,6.247099999999999653e+01,6.000000000000000000e+01,1.000000000000000000e+00
2.258000000000000000e+03,5.000000000000000000e+01,-2.298062254229877510e+01,8.392051880847661494e+01,-3.883151043951369452e-01,-1.055158116178270156e+01,5.485000000000000142e+01,6.253499999999999659e+01,6.000000000000000000e+01,1.000000000000000000e+00
2.259000000000000000e+03,5.000000000000000000e+01,-2.278924195118529283e+01,8.352915818103652157e+01,-1.883364937260425254e-01,-1.055157973612518774e+01,5.485000000000000142e+01,6.247099999999999653e+01,6.000000000000000000e+01,1.000000000000000000e+00
2.260000000000000000e+03,4.999999999999999289e+01,-2.288493224674204640e+01,8.370813695067899118e+01,-2.716263834429201718e-01,-1.055157832049402877e+01,5.485000000000000142e+01,6.250300000000000011e+01,6.000000000000000000e+01,1.000000000000000000e+00
2.261000000000000000e+03,5.000000000000000000e+01,-2.307631283785552867e+01,8.407068217491432449e+01,-4.427924222400889676e-01,-1.055157691481871396e+01,5.485000000000000142e+01,6.256700000000000017e+01,6.000000000000000000e+01,1.000000000000000000e+00
2.262000000000000000e+03,5.000000000000001421e+01,-2.278924195118529283e+01,8.348974031526665840e+01,-1.489228450521349334e-01,-1.055157551902922464e+01,5.485000000000000142e+01,6.247099999999999653e+01,6.000000000000000000e+01,1.000000000000000000e+00
2.263000000000000000e+03,5.000000000000000000e+01,-2.278924195118529283e+01,8.348323706472589834e+01,-1.424209804845761596e-01,-1.055157413305603242e+01,5.485000000000000142e+01,6.247099999999999653e+01,6.000000000000000000e+01,1.000000000000000000e+00
2.264000000000000000e+03,5.000000000000000711e+01,-2.278924195118529283e+01,8.347701769067455757e+01,-1.362029826591554249e-01,-1.055157275683010454e+01,5.485000000000000142e+01,6.247099999999999653e+01,6.000000000000000000e+01,1.000000000000000000e+00
2.265000000000000000e+03,5.000000000000000000e+01,-2.298062254229877510e+01,8.384547544255421769e+01,-3.132815099725489993e-01,-1.055157139028289137e+01,5.485000000000000142e+01,6.253499999999999659e+01,6.000000000000000000e+01,1.000000000000000000e+00
2.266000000000000000e+03,5.000000000000000000e+01,-2.278924195118529283e+01,8.345739079673333549e+01,-1.165788122017208661e-01,-1.055157003334632115e+01,5.485000000000000142e+01,6.247099999999999653e+01,6.000000000000000000e+01,1.000000000000000000e+00
2.267000000000000000e+03,5.000000000000000000e+01,-2.307631283785552867e+01,8.401390816643339576e+01,-3.860266426250627547e-01,-1.055156868595280883e+01,5.485000000000000142e+01,6.256700000000000017e+01,6.000000000000000000e+01,1.000000000000000000e+00
2.268000000000000000e+03,4.999999999999999289e+01,-2.298062254229877510e+01,8.380985036079643180e+01,-2.776604704624272002e-01,-1.055156734803523655e+01,5.485000000000000142e+01,6.253499999999999659e+01,6.000000000000000000e+01,1.000000000000000000e+00
2.269000000000000000e+03,5.000000000000000000e+01,-2.288493224674204640e+01,8.361052375389614610e+01,-1.740254876271415396e-01,-1.055156601952696249e+01,5.485000000000000142e+01,6.250300000000000011e+01,6.000000000000000000e+01,1.000000000000000000e+00
2.270000000000000000e+03,4.999999999999999289e+01,-2.278924195118529283e+01,8.341572178533471060e+01,-7.491513378761126274e-02,-1.055156470036181382e+01,5.485000000000000142e+01,6.247099999999999653e+01,6.000000000000000000e+01,1.000000000000000000e+00
2.271000000000000000e+03,5.000000000000001421e+01,-2.298062254229877510e+01,8.378685537738351741e+01,-2.546694446106489984e-01,-1.055156339047407954e+01,5.485000000000000142e+01,6.253499999999999659e+01,6.000000000000000000e+01,1.000000000000000000e+00
2.272000000000000000e+03,5.000000000000000000e+01,-2.298062254229877510e+01,8.377573539147348924e+01,-2.435507593761963574e-01,-1.055156208979851762e+01,5.485000000000000142e+01,6.253499999999999659e+01,6.000000000000000000e+01,1.000000000000000000e+00
2.273000000000000000e+03,5.000000000000001421e+01,-2.278924195118529283e+01,8.339069520560244086e+01,-4.989245614680329344e-02,-1.055156079827033722e+01,5.485000000000000142e+01,6.247099999999999653e+01,6.000000000000000000e+01,1.000000000000000000e+00
2.274000000000000000e+03,4.999999999999998579e+01,-2.288493224674204640e+01,8.357571847578242341e+01,-1.392267132151850384e-01,-1.055155951582520757e+01,5.485000000000000142e+01,6.250300000000000011e+01,6.000000000000000000e+01,1.000000000000000000e+00
2.275000000000000000e+03,5.000000000000000000e+01,-2.327068375070515316e+01,8.432430003797591667e+01,-5.020580448715080690e-01,-1.055155824239925266e+01,5.485000000000000142e+01,6.263199999999999790e+01,6.000000000000000000e+01,1.000000000000000000e+00
2.276000000000000000e+03,5.000000000000000000e+01,-2.298062254229877510e+01,8.373492072691388444e+01,-2.027412066860683204e-01,-1.055155697792904057e+01,5.485000000000000142e+01,6.253499999999999659e+01,6.000000000000000000e+01,1.000000000000000000e+00
2.277000000000000000e+03,5.000000000000001421e+01,-2.278924195118529283e+01,8.335166229278445371e+01,-1.086461924756668140e-02,-1.055155572235158701e+01,5.485000000000000142e+01,6.247099999999999653e+01,6.000000000000000000e+01,1.000000000000000000e+00
2.278000000000000000e+03,5.000000000000000000e+01,-2.307631283785552867e+01,8.391279516894857693e+01,-2.849278554887067494e-01,-1.055155447560435000e+01,5.485000000000000142e+01,6.256700000000000017e+01,6.000000000000000000e+01,1.000000000000000000e+00
2.279000000000000000e+03,5.000000000000000000e+01,-2.307631283785552867e+01,8.390035418522552391e+01,-2.724881097447681144e-01,-1.055155323762522812e+01,5.485000000000000142e+01,6.256700000000000017e+01,6.000000000000000000e+01,1.000000000000000000e+00
2.280000000000000000e+03,5.000000000000000711e+01,-2.278924195118529283e+01,8.332684785619026968e+01,1.394610334758233927e-02,-1.055155200835256046e+01,5.485000000000000142e+01,6.247099999999999653e+01,6.000000000000000000e+01,1.000000000000000000e+00
2.281000000000000000e+03,4.999999999999997868e+01,-2.288493224674204640e+01,8.351465833389332261e+01,-7.817529942618281491e-02,-1.055155078772511246e+01,5.485000000000000142e+01,6.250300000000000011e+01,6.000000000000000000e+01,1.000000000000000000e+00
2.282000000000000000e+03,5.000000000000000000e+01,-2.278924195118529283e+01,8.332404122290141402e+01,1.675030396596323412e-02,-1.055154957568208474e+01,5.485000000000000142e+01,6.247099999999999653e+01,6.000000000000000000e+01,1.000000000000000000e+00
2.283000000000000000e+03,5.000000000000000711e+01,-2.278924195118529283e+01,8.332477132563577982e+01,1.601899771262104907e-02,-1.055154837216310604e+01,5.485000000000000142e+01,6.247099999999999653e+01,6.000000000000000000e+01,1.000000000000000000e+00
2.284000000000000000e+03,5.000000000000001421e+01,-2.278924195118529283e+01,8.332546950852791667e+01,1.531961976561074454e-02,-1.055154717710822965e+01,5.485000000000000142e+01,6.247099999999999653e+01,6.000000000000000000e+01,1.000000000000000000e+00
2.285000000000000000e+03,5.000000000000000000e+01,-2.278924195118529283e+01,8.332613716548523541e+01,1.465077615798541719e-02,-1.055154599045792807e+01,5.485000000000000142e+01,6.247099999999999653e+01,6.000000000000000000e+01,1.000000000000000000e+00
2.286000000000000000e+03,5.000000000000001421e+01,-2.278924195118529283e+01,8.332677562955599626e+01,1.401113378239493903e-02,-1.055154481215309303e+01,5.485000000000000142e+01,6.247099999999999653e+01,6.000000000000000000e+01,1.000000000000000000e+00
2.287000000000000000e+03,5.000000000000000711e+01,-2.278924195118529283e+01,8.332738617558632654e+01,1.339941773399962698e-02,-1.055154364213503193e+01,5.485000000000000142e+01,6.247099999999999653e+01,6.000000000000000000e+01,1.000000000000000000e+00
2.288000000000000000e+03,5.000000000000000711e+01,-2.278924195118529283e+01,8.332797002276137732e+01,1.281440876939039276e-02,-1.055154248034546782e+01,5.485000000000000142e+01,6.247099999999999653e+01,6.000000000000000000e+01,1.000000000000000000e+00
2.289000000000000000e+03,5.000000000000001421e+01,-2.278924195118529283e+01,8.332852833703537954e+01,1.225494087645062277e-02,-1.055154132672653233e+01,5.485000000000000142e+01,6.247099999999999653e+01,6.000000000000000000e+01,1.000000000000000000e+00
2.290000000000000000e+03,5.000000000000000000e+01,-2.278924195118529283e+01,8.332906223345572982e+01,1.171989895031613597e-02,-1.055154018122076032e+01,5.485000000000000142e+01,6.247099999999999653e+01,6.000000000000000000e+01,1.000000000000000000e+00
2.291000000000000000e+03,5.000000000000000000e+01,-2.288493224674204640e+01,8.351677559984983645e+01,-8.030430933669542581e-02,-1.055153904377109342e+01,5.485000000000000142e+01,6.250300000000000011e+01,6.000000000000000000e+01,1.000000000000000000e+00
2.292000000000000000e+03,5.000000000000000000e+01,-2.278924195118529283e+01,8.332606562040551523e+01,1.471424510064651969e-02,-1.055153791432087651e+01,5.485000000000000142e+01,6.247099999999999653e+01,6.000000000000000000e+01,1.000000000000000000e+00
2.293000000000000000e+03,5.000000000000000711e+01,-2.278924195118529283e+01,8.332670691228258875e+01,1.407183171655641135e-02,-1.055153679281384882e+01,5.485000000000000142e+01,6.247099999999999653e+01,6.000000000000000000e+01,1.000000000000000000e+00
2.294000000000000000e+03,5.000000000000000000e+01,-2.278924195118529283e+01,8.332732016473953252e+01,1.345746563990445240e-02,-1.055153567919414925e+01,5.485000000000000142e+01,6.247099999999999653e+01,6.000000000000000000e+01,1.000000000000000000e+00
2.295000000000000000e+03,4.999999999999999289e+01,-2.307631283785552867e+01,8.388951506663892133e+01,-2.616676553770982405e-01,-1.055153457340630574e+01,5.485000000000000142e+01,6.256700000000000017e+01,6.000000000000000000e+01,1.000000000000000000e+00
2.296000000000000000e+03,5.000000000000000000e+01,-2.288493224674204640e+01,8.350368410360388793e+01,-6.721838146660399915e-02,-1.055153347539524233e+01,5.485000000000000142e+01,6.250300000000000011e+01,6.000000000000000000e+01,1.000000000000000000e+00
2.297000000000000000e+03,5.000000000000000711e+01,-2.278924195118529283e+01,8.331354548554288897e+01,2.722885074866791821e-02,-1.055153238510626501e+01,5.485000000000000142e+01,6.247099999999999653e+01,6.000000000000000000e+01,1.000000000000000000e+00
2.298000000000000000e+03,5.000000000000000000e+01,-2.298062254229877510e+01,8.368913883793798902e+01,-1.569849931541548727e-01,-1.055153130248506343e+01,5.485000000000000142e+01,6.253499999999999659e+01,6.000000000000000000e+01,1.000000000000000000e+00
2.299000000000000000e+03,4.999999999999998579e+01,-2.288493224674204640e+01,8.349508108929707362e+01,-5.861861507732125942e-02,-1.055153022747771629e+01,5.485000000000000142e+01,6.250300000000000011e+01,6.000000000000000000e+01,1.000000000000000000e+00
2.300000000000000000e+03,4.999999999999998579e+01,-2.288493224674204640e+01,8.349252077517274984e+01,-5.605936840004233090e-02,-1.055152916003067176e+01,5.485000000000000142e+01,6.250300000000000011e+01,6.000000000000000000e+01,1.000000000000000000e+00
2.301000000000000000e+03,4.999999999999999289e+01,-2.288493224674204640e+01,8.349007220342932101e+01,-5.361185659651508673e-02,-1.055152810009076525e+01,5.485000000000000142e+01,6.250300000000000011e+01,6.000000000000000000e+01,1.000000000000000000e+00
2.302000000000000000e+03,4.999999999999998579e+01,-2.288493224674204640e+01,8.348773049574954541e+01,-5.127120140231775786e-02,-1.055152704760519633e+01,5.485000000000000142e+01,6.250300000000000011e+01,6.000000000000000000e+01,1.000000000000000000e+00
2.303000000000000000e+03,5.000000000000000000e+01,-2.278924195118529283e+01,8.329828816533388647e+01,4.247978837294326404e-02,-1.055152600252154116e+01,5.485000000000000142e+01,6.247099999999999653e+01,6.000000000000000000e+01,1.000000000000000000e+00
2.304000000000000000e+03,5.000000000000000000e+01,-2.278924195118529283e+01,8.330014176468255016e+01,4.062515129048124146e-02,-1.055152496478774538e+01,5.485000000000000142e+01,6.247099999999999653e+01,6.000000000000000000e+01,1.000000000000000000e+00
2.305000000000000000e+03,5.000000000000000711e+01,-2.278924195118529283e+01,8.330191439920501750e+01,3.885148633239624005e-02,-1.055152393435211700e+01,5.485000000000000142e+01,6.247099999999999653e+01,6.000000000000000000e+01,1.000000000000000000e+00
2.306000000000000000e+03,5.000000000000000000e+01,-2.278924195118529283e+01,8.330360960403478998e+01,3.715525831383287986e-02,-1.055152291116332997e+01,5.485000000000000142e+01,6.247099999999999653e+01,6.000000000000000000e+01,1.000000000000000000e+00
2.307000000000000000e+03,5.000000000000000711e+01,-2.278924195118529283e+01,8.330523075996214288e+01,3.553308639357019572e-02,-1.055152189517041705e+01,5.485000000000000142e+01,6.247099999999999653e+01,6.000000000000000000e+01,1.000000000000000000e+00
2.308000000000000000e+03,4.999999999999999289e+01,-2.278924195118529283e+01,8.330678110017257154e+01,3.398173733548928710e-02,-1.055152088632277518e+01,5.485000000000000142e+01,6.247099999999999653e+01,6.000000000000000000e+01,1.000000000000000000e+00
2.309000000000000000e+03,5.000000000000000000e+01,-2.278924195118529283e+01,8.330826371669120078e+01,3.249811906424045216e-02,-1.055151988457015122e+01,5.485000000000000142e+01,6.247099999999999653e+01,6.000000000000000000e+01,1.000000000000000000e+00
2.310000000000000000e+03,5.000000000000000000e+01,-2.269056133389241836e+01,8.311662865691072000e+01,1.254515668443437482e-01,-1.055151888986264552e+01,5.485000000000000142e+01,6.243800000000000239e+01,6.000000000000000000e+01,1.000000000000000000e+00
2.311000000000000000e+03,4.999999999999999289e+01,-2.278924195118529283e+01,8.331515770423463607e+01,2.560214910136109079e-02,-1.055151790215071195e+01,5.485000000000000142e+01,6.247099999999999653e+01,6.000000000000000000e+01,1.000000000000000000e+00
2.312000000000000000e+03,5.000000000000001421e+01,-2.278924195118529283e+01,8.331627449493012705e+01,2.448437764032553726e-02,-1.055151692138515251e+01,5.485000000000000142e+01,6.247099999999999653e+01,6.000000000000000000e+01,1.000000000000000000e+00
2.313000000000000000e+03,5.000000000000000000e+01,-2.288493224674204640e+01,8.350454531288734472e+01,-6.809711862818326744e-02,-1.055151594751711741e+01,5.485000000000000142e+01,6.250300000000000011e+01,6.000000000000000000e+01,1.000000000000000000e+00
2.314000000000000000e+03,5.000000000000000000e+01,-2.278924195118529283e+01,8.331436845306228633e+01,2.638847862109715281e-02,-1.055151498049809256e+01,5.485000000000000142e+01,6.247099999999999653e+01,6.000000000000000000e+01,1.000000000000000000e+00
2.315000000000000000e+03,5.000000000000000000e+01,-2.269056133389241836e+01,8.312246668525285997e+01,1.196086689194748587e-01,-1.055151402027991381e+01,5.485000000000000142e+01,6.243800000000000239e+01,6.000000000000000000e+01,1.000000000000000000e+00
2.316000000000000000e+03,5.000000000000000000e+01,-2.269056133389241836e+01,8.312768776045729169e+01,1.143866402498765061e-01,-1.055151306681475276e+01,5.485000000000000142e+01,6.243800000000000239e+01,6.000000000000000000e+01,1.000000000000000000e+00
2.317000000000000000e+03,4.999999999999999289e+01,-2.269056133389241836e+01,8.313268085234217608e+01,1.093926016053528988e-01,-1.055151212005511319e+01,5.485000000000000142e+01,6.243800000000000239e+01,6.000000000000000000e+01,1.000000000000000000e+00
2.318000000000000000e+03,5.000000000000000711e+01,-2.269056133389241836e+01,8.313745591474128105e+01,1.046165991049848726e-01,-1.055151117995384347e+01,5.485000000000000142e+01,6.243800000000000239e+01,6.000000000000000000e+01,1.000000000000000000e+00
2.319000000000000000e+03,5.000000000000000000e+01,-2.278924195118529283e+01,8.333507537654432440e+01,5.676821105074170148e-03,-1.055151024646410995e+01,5.485000000000000142e+01,6.247099999999999653e+01,6.000000000000000000e+01,1.000000000000000000e+00
2.320000000000000000e+03,5.000000000000000000e+01,-2.269056133389241836e+01,8.314226938592119609e+01,9.980126751064415103e-02,-1.055150931953941651e+01,5.485000000000000142e+01,6.243800000000000239e+01,6.000000000000000000e+01,1.000000000000000000e+00
2.321000000000000000e+03,4.999999999999999289e+01,-2.278924195118529283e+01,8.333967862688558625e+01,1.071723433294688443e-03,-1.055150839913359562e+01,5.485000000000000142e+01,6.247099999999999653e+01,6.000000000000000000e+01,1.000000000000000000e+00
2.322000000000000000e+03,5.000000000000000000e+01,-2.269056133389241836e+01,8.314667159399401442e+01,9.539722509920305071e-02,-1.055150748520079773e+01,5.485000000000000142e+01,6.243800000000000239e+01,6.000000000000000000e+01,1.000000000000000000e+00
2.323000000000000000e+03,5.000000000000000000e+01,-2.278924195118529283e+01,8.334388857052701383e+01,-3.140041646223626359e-03,-1.055150657769550193e+01,5.485000000000000142e+01,6.247099999999999653e+01,6.000000000000000000e+01,1.000000000000000000e+00
2.324000000000000000e+03,5.000000000000000000e+01,-2.249918074277893609e+01,8.277629202487521809e+01,2.743943944762213816e-01,-1.055150567657250349e+01,5.485000000000000142e+01,6.237400000000000233e+01,6.000000000000000000e+01,1.000000000000000000e+00
2.325000000000000000e+03,5.000000000000000711e+01,-2.259487103833566835e+01,8.297547381394740285e+01,1.709020061751875263e-01,-1.055150478178691742e+01,5.485000000000000142e+01,6.240599999999999881e+01,6.000000000000000000e+01,1.000000000000000000e+00
2.326000000000000000e+03,4.999999999999999289e+01,-2.269056133389241836e+01,8.317013720589173431e+01,7.192802129485069418e-02,-1.055150389329417315e+01,5.485000000000000142e+01,6.243800000000000239e+01,6.000000000000000000e+01,1.000000000000000000e+00
2.327000000000000000e+03,5.000000000000000000e+01,-2.278924195118529283e+01,8.336632955908619635e+01,-2.558459685088723679e-02,-1.055150301105001631e+01,5.485000000000000142e+01,6.247099999999999653e+01,6.000000000000000000e+01,1.000000000000000000e+00
2.328000000000000000e+03,5.000000000000000000e+01,-2.278924195118529283e+01,8.336521167790429843e+01,-2.446759170851418863e-02,-1.055150213501049805e+01,5.485000000000000142e+01,6.247099999999999653e+01,6.000000000000000000e+01,1.000000000000000000e+00
2.329000000000000000e+03,5.000000000000000711e+01,-2.278924195118529283e+01,8.336414257052652488e+01,-2.339935420924138879e-02,-1.055150126513198749e+01,5.485000000000000142e+01,6.247099999999999653e+01,6.000000000000000000e+01,1.000000000000000000e+00
2.330000000000000000e+03,5.000000000000001421e+01,-2.278924195118529283e+01,8.336312010774921077e+01,-2.237775519276032077e-02,-1.055150040137115397e+01,5.485000000000000142e+01,6.247099999999999653e+01,6.000000000000000000e+01,1.000000000000000000e+00
2.331000000000000000e+03,5.000000000000000000e+01,-2.269056133389241836e+01,8.316908934369168094e+01,7.297153388570451482e-02,-1.055149954368497056e+01,5.485000000000000142e+01,6.243800000000000239e+01,6.000000000000000000e+01,1.000000000000000000e+00
2.332000000000000000e+03,5.000000000000000000e+01,-2.278924195118529283e+01,8.336532728648707291e+01,-2.458664327106291347e-02,-1.055149869203071766e+01,5.485000000000000142e+01,6.247099999999999653e+01,6.000000000000000000e+01,1.000000000000000000e+00
2.333000000000000000e+03,4.999999999999999289e+01,-2.278924195118529283e+01,8.336425300561724328e+01,-2.351320806598495780e-02,-1.055149784636597410e+01,5.485000000000000142e+01,6.247099999999999653e+01,6.000000000000000000e+01,1.000000000000000000e+00
2.334000000000000000e+03,4.999999999999999289e+01,-2.278924195118529283e+01,8.336322559610570693e+01,-2.248663827180499494e-02,-1.055149700664861712e+01,5.485000000000000142e+01,6.247099999999999653e+01,6.000000000000000000e+01,1.000000000000000000e+00
2.335000000000000000e+03,5.000000000000000000e+01,-2.278924195118529283e+01,8.336224301180041607e+01,-2.150488777830766515e-02,-1.055149617283681707e+01,5.485000000000000142e+01,6.247099999999999653e+01,6.000000000000000000e+01,1.000000000000000000e+00
2.336000000000000000e+03,5.000000000000000000e+01,-2.288493224674204640e+01,8.354850611734556765e+01,-1.120785257144780861e-01,-1.055149534488904450e+01,5.485000000000000142e+01,6.250300000000000011e+01,6.000000000000000000e+01,1.000000000000000000e+00
2.337000000000000000e+03,5.000000000000000000e+01,-2.278924195118529283e+01,8.335640920573642632e+01,-1.567273178707451198e-02,-1.055149452276405952e+01,5.485000000000000142e+01,6.247099999999999653e+01,6.000000000000000000e+01,1.000000000000000000e+00
2.338000000000000000e+03,5.000000000000000000e+01,-2.278924195118529283e+01,8.335572412916813789e+01,-1.498847156193875221e-02,-1.055149370642091000e+01,5.485000000000000142e+01,6.247099999999999653e+01,6.000000000000000000e+01,1.000000000000000000e+00
2.339000000000000000e+03,5.000000000000000000e+01,-2.288493224674204640e+01,8.354227175411577377e+01,-1.058466115547938985e-01,-1.055149289581893335e+01,5.485000000000000142e+01,6.250300000000000011e+01,6.000000000000000000e+01,1.000000000000000000e+00
2.340000000000000000e+03,4.999999999999998579e+01,-2.288493224674204640e+01,8.353764976209568260e+01,-1.012254244358978955e-01,-1.055149209091775298e+01,5.485000000000000142e+01,6.250300000000000011e+01,6.000000000000000000e+01,1.000000000000000000e+00
2.341000000000000000e+03,5.000000000000000000e+01,-2.288493224674204640e+01,8.353322953345038115e+01,-9.680599503105771775e-02,-1.055149129167727651e+01,5.485000000000000142e+01,6.250300000000000011e+01,6.000000000000000000e+01,1.000000000000000000e+00
2.342000000000000000e+03,4.999999999999998579e+01,-2.278924195118529283e+01,8.334179943807870927e+01,-1.066988835735957486e-03,-1.055149049805769401e+01,5.485000000000000142e+01,6.247099999999999653e+01,6.000000000000000000e+01,1.000000000000000000e+00
2.343000000000000000e+03,5.000000000000000000e+01,-2.298062254229877510e+01,8.371615770900191933e+01,-1.840454566836710326e-01,-1.055148971001947267e+01,5.485000000000000142e+01,6.253499999999999659e+01,6.000000000000000000e+01,1.000000000000000000e+00
2.344000000000000000e+03,4.999999999999999289e+01,-2.288493224674204640e+01,8.352091881244956539e+01,-8.449763818416296257e-02,-1.055148892752336565e+01,5.485000000000000142e+01,6.250300000000000011e+01,6.000000000000000000e+01,1.000000000000000000e+00
2.345000000000000000e+03,4.999999999999999289e+01,-2.298062254229877510e+01,8.370443175066205299e+01,-1.723210578328936982e-01,-1.055148815053039080e+01,5.485000000000000142e+01,6.253499999999999659e+01,6.000000000000000000e+01,1.000000000000000000e+00
2.346000000000000000e+03,4.999999999999998579e+01,-2.298062254229877510e+01,8.369690756538341248e+01,-1.647976440828024802e-01,-1.055148737900184841e+01,5.485000000000000142e+01,6.253499999999999659e+01,6.000000000000000000e+01,1.000000000000000000e+00
2.347000000000000000e+03,5.000000000000000711e+01,-2.298062254229877510e+01,8.368971185237731447e+01,-1.576026971792295062e-01,-1.055148661289930523e+01,5.485000000000000142e+01,6.253499999999999659e+01,6.000000000000000000e+01,1.000000000000000000e+00
2.348000000000000000e+03,4.999999999999999289e+01,-2.317499345514842091e+01,8.406308600207793802e+01,-3.366066947449156133e-01,-1.055148585218460511e+01,5.485000000000000142e+01,6.260000000000000142e+01,6.000000000000000000e+01,1.000000000000000000e+00
2.349000000000000000e+03,5.000000000000000000e+01,-2.346206434181863898e+01,8.460999770431791944e+01,-5.964482656794276583e-01,-1.055148509681985303e+01,5.485000000000000142e+01,6.269599999999999795e+01,6.000000000000000000e+01,1.000000000000000000e+00
2.350000000000000000e+03,5.000000000000000000e+01,-2.346206434181863898e+01,8.458395645091863457e+01,-5.704077623325749524e-01,-1.055148434676742575e+01,5.485000000000000142e+01,6.269599999999999795e+01,6.000000000000000000e+01,1.000000000000000000e+00
2.351000000000000000e+03,5.000000000000000000e+01,-2.298062254229877510e+01,8.361718791699530584e+01,-8.508177270656652746e-02,-1.055148360198996293e+01,5.485000000000000142e+01,6.253499999999999659e+01,6.000000000000000000e+01,1.000000000000000000e+00
2.352000000000000000e+03,5.000000000000000000e+01,-2.336637404626190673e+01,8.436813394233051611e+01,-4.502770336182388422e-01,-1.055148286245036715e+01,5.485000000000000142e+01,6.266400000000000148e+01,6.000000000000000000e+01,1.000000000000000000e+00
2.353000000000000000e+03,5.000000000000000711e+01,-2.375212555022501704e+01,8.510313580979132553e+01,-7.995281314545028550e-01,-1.055148212811180208e+01,5.485000000000000142e+01,6.279299999999999926e+01,6.000000000000000000e+01,1.000000000000000000e+00
2.354000000000000000e+03,4.999999999999997868e+01,-2.346206434181863898e+01,8.450076970347051031e+01,-4.872239627142008200e-01,-1.055148139893768722e+01,5.485000000000000142e+01,6.269599999999999795e+01,6.000000000000000000e+01,1.000000000000000000e+00
2.355000000000000000e+03,5.000000000000000000e+01,-2.336637404626190673e+01,8.429229430931597733e+01,-3.744395881623610034e-01,-1.055148067489170316e+01,5.485000000000000142e+01,6.266400000000000148e+01,6.000000000000000000e+01,1.000000000000000000e+00
2.356000000000000000e+03,4.999999999999998579e+01,-2.317499345514842091e+01,8.390154018366294508e+01,-1.750667725767468264e-01,-1.055147995593778631e+01,5.485000000000000142e+01,6.260000000000000142e+01,6.000000000000000000e+01,1.000000000000000000e+00
2.357000000000000000e+03,4.999999999999999289e+01,-2.298062254229877510e+01,8.351364044898019756e+01,1.846133535869307063e-02,-1.055147924204012355e+01,5.485000000000000142e+01,6.253499999999999659e+01,6.000000000000000000e+01,1.000000000000000000e+00
2.358000000000000000e+03,5.000000000000000711e+01,-2.298062254229877510e+01,8.351444574875958438e+01,1.765532670235505155e-02,-1.055147853316315576e+01,5.485000000000000142e+01,6.253499999999999659e+01,6.000000000000000000e+01,1.000000000000000000e+00
2.359000000000000000e+03,5.000000000000000000e+01,-2.298062254229877510e+01,8.351521586376468065e+01,1.688450780566710593e-02,-1.055147782927157252e+01,5.485000000000000142e+01,6.253499999999999659e+01,6.000000000000000000e+01,1.000000000000000000e+00
2.360000000000000000e+03,4.999999999999998579e+01,-2.278924195118529283e+01,8.314154668739165288e+01,1.991723941239431084e-01,-1.055147713033031565e+01,5.485000000000000142e+01,6.247099999999999653e+01,6.000000000000000000e+01,1.000000000000000000e+00
2.361000000000000000e+03,5.000000000000000000e+01,-2.298062254229877510e+01,8.352464736012194635e+01,7.451618481394056692e-03,-1.055147643630456677e+01,5.485000000000000142e+01,6.253499999999999659e+01,6.000000000000000000e+01,1.000000000000000000e+00
2.362000000000000000e+03,5.000000000000000000e+01,-2.288493224674204640e+01,8.333776918182952897e+01,9.863881207227245818e-02,-1.055147574715975978e+01,5.485000000000000142e+01,6.250300000000000011e+01,6.000000000000000000e+01,1.000000000000000000e+00
2.363000000000000000e+03,5.000000000000000000e+01,-2.288493224674204640e+01,8.334207499729619428e+01,9.433231230741584428e-02,-1.055147506286156656e+01,5.485000000000000142e+01,6.250300000000000011e+01,6.000000000000000000e+01,1.000000000000000000e+00
2.364000000000000000e+03,5.000000000000001421e+01,-2.278924195118529283e+01,8.315898997742118581e+01,1.817263571400123956e-01,-1.055147438337590060e+01,5.485000000000000142e+01,6.247099999999999653e+01,6.000000000000000000e+01,1.000000000000000000e+00
2.365000000000000000e+03,5.000000000000000000e+01,-2.278924195118529283e+01,8.316692334508402951e+01,1.737923147701762872e-01,-1.055147370866891876e+01,5.485000000000000142e+01,6.247099999999999653e+01,6.000000000000000000e+01,1.000000000000000000e+00
2.366000000000000000e+03,5.000000000000000711e+01,-2.278924195118529283e+01,8.317451032289451973e+01,1.662046669977834956e-01,-1.055147303870701059e+01,5.485000000000000142e+01,6.247099999999999653e+01,6.000000000000000000e+01,1.000000000000000000e+00
2.367000000000000000e+03,5.000000000000000000e+01,-2.278924195118529283e+01,8.318176603415885495e+01,1.589482904832367760e-01,-1.055147237345680544e+01,5.485000000000000142e+01,6.247099999999999653e+01,6.000000000000000000e+01,1.000000000000000000e+00
2.368000000000000000e+03,5.000000000000000000e+01,-2.278924195118529283e+01,8.318870494190936427e+01,1.520087221610951778e-01,-1.055147171288516894e+01,5.485000000000000142e+01,6.247099999999999653e+01,6.000000000000000000e+01,1.000000000000000000e+00
2.369000000000000000e+03,5.000000000000000000e+01,-2.278924195118529283e+01,8.319534087773151043e+01,1.453721304129781400e-01,-1.055147105695919763e+01,5.485000000000000142e+01,6.247099999999999653e+01,6.000000000000000000e+01,1.000000000000000000e+00
2.370000000000000000e+03,5.000000000000000000e+01,-2.278924195118529283e+01,8.320168706933246483e+01,1.390252874990398346e-01,-1.055147040564621719e+01,5.485000000000000142e+01,6.247099999999999653e+01,6.000000000000000000e+01,1.000000000000000000e+00
2.371000000000000000e+03,5.000000000000000000e+01,-2.278924195118529283e+01,8.320775616690600884e+01,1.329555431930656006e-01,-1.055146975891378602e+01,5.485000000000000142e+01,6.247099999999999653e+01,6.000000000000000000e+01,1.000000000000000000e+00
2.372000000000000000e+03,5.000000000000000000e+01,-2.278924195118529283e+01,8.321356026834634179e+01,1.271507995686411985e-01,-1.055146911672969168e+01,5.485000000000000142e+01,6.247099999999999653e+01,6.000000000000000000e+01,1.000000000000000000e+00
2.373000000000000000e+03,5.000000000000000711e+01,-2.278924195118529283e+01,8.321911094336110182e+01,1.215994868861397515e-01,-1.055146847906194552e+01,5.485000000000000142e+01,6.247099999999999653e+01,6.000000000000000000e+01,1.000000000000000000e+00
2.374000000000000000e+03,5.000000000000000000e+01,-2.278924195118529283e+01,8.322441925653160411e+01,1.162905405324655556e-01,-1.055146784587878273e+01,5.485000000000000142e+01,6.247099999999999653e+01,6.000000000000000000e+01,1.000000000000000000e+00
2.375000000000000000e+03,5.000000000000000000e+01,-2.278924195118529283e+01,8.322949578936636783e+01,1.112133789675921608e-01,-1.055146721714866942e+01,5.485000000000000142e+01,6.247099999999999653e+01,6.000000000000000000e+01,1.000000000000000000e+00
2.376000000000000000e+03,5.000000000000000000e+01,-2.269056133389241836e+01,8.304129775175668726e+01,2.007301749760171949e-01,-1.055146659284028487e+01,5.485000000000000142e+01,6.243800000000000239e+01,6.000000000000000000e+01,1.000000000000000000e+00
2.377000000000000000e+03,5.000000000000000000e+01,-2.278924195118529283e+01,8.324311377689579672e+01,9.759414721201914444e-02,-1.055146597292253219e+01,5.485000000000000142e+01,6.247099999999999653e+01,6.000000000000000000e+01,1.000000000000000000e+00
2.378000000000000000e+03,5.000000000000000000e+01,-2.278924195118529283e+01,8.324737405178437655e+01,9.333325676544729221e-02,-1.055146535736453295e+01,5.485000000000000142e+01,6.247099999999999653e+01,6.000000000000000000e+01,1.000000000000000000e+00
2.379000000000000000e+03,4.999999999999998579e+01,-2.269056133389241836e+01,8.305839539394723658e+01,1.836306860807974672e-01,-1.055146474613562724e+01,5.485000000000000142e+01,6.243800000000000239e+01,6.000000000000000000e+01,1.000000000000000000e+00
2.380000000000000000e+03,5.000000000000000000e+01,-2.278924195118529283e+01,8.325946488065703477e+01,8.124120973362383702e-02,-1.055146413920536830e+01,5.485000000000000142e+01,6.247099999999999653e+01,6.000000000000000000e+01,1.000000000000000000e+00
2.381000000000000000e+03,4.999999999999999289e+01,-2.278924195118529283e+01,8.326301121092416224e+01,7.769427680464480179e-02,-1.055146353654352431e+01,5.485000000000000142e+01,6.247099999999999653e+01,6.000000000000000000e+01,1.000000000000000000e+00
2.382000000000000000e+03,5.000000000000000000e+01,-2.278924195118529283e+01,8.326640268888283458e+01,7.430220042253313228e-02,-1.055146293812007841e+01,5.485000000000000142e+01,6.247099999999999653e+01,6.000000000000000000e+01,1.000000000000000000e+00
2.383000000000000000e+03,5.000000000000001421e+01,-2.278924195118529283e+01,8.326964607542896601e+01,7.105821966155724534e-02,-1.055146234390522153e+01,5.485000000000000142e+01,6.247099999999999653e+01,6.000000000000000000e+01,1.000000000000000000e+00
2.384000000000000000e+03,4.999999999999999289e+01,-2.278924195118529283e+01,8.327274783628148214e+01,6.795586877315226704e-02,-1.055146175386935248e+01,5.485000000000000142e+01,6.247099999999999653e+01,6.000000000000000000e+01,1.000000000000000000e+00
2.385000000000000000e+03,5.000000000000000711e+01,-2.259487103833566835e+01,8.289545842377049212e+01,2.508737825482716399e-01,-1.055146116798308498e+01,5.485000000000000142e+01,6.240599999999999881e+01,6.000000000000000000e+01,1.000000000000000000e+00
2.386000000000000000e+03,5.000000000000000000e+01,-2.278924195118529283e+01,8.328666654245590451e+01,5.403599494662031377e-02,-1.055146058621723526e+01,5.485000000000000142e+01,6.247099999999999653e+01,6.000000000000000000e+01,1.000000000000000000e+00
2.387000000000000000e+03,4.999999999999998579e+01,-2.269056133389241836e+01,8.309597222791678917e+01,1.460491145184416584e-01,-1.055146000854282384e+01,5.485000000000000142e+01,6.243800000000000239e+01,6.000000000000000000e+01,1.000000000000000000e+00
2.388000000000000000e+03,5.000000000000000000e+01,-2.278924195118529283e+01,8.329540096349427358e+01,4.530042262209499349e-02,-1.055145943493107907e+01,5.485000000000000142e+01,6.247099999999999653e+01,6.000000000000000000e+01,1.000000000000000000e+00
2.389000000000000000e+03,5.000000000000000711e+01,-2.259487103833566835e+01,8.291712244676749322e+01,2.292074569216055735e-01,-1.055145886535342648e+01,5.485000000000000142e+01,6.240599999999999881e+01,6.000000000000000000e+01,1.000000000000000000e+00
2.390000000000000000e+03,5.000000000000000000e+01,-2.269056133389241836e+01,8.311433173577992761e+01,1.276878978939915976e-01,-1.055145829978149763e+01,5.485000000000000142e+01,6.243800000000000239e+01,6.000000000000000000e+01,1.000000000000000000e+00
2.391000000000000000e+03,5.000000000000000000e+01,-2.269056133389241836e+01,8.311990593619557899e+01,1.221131358839563641e-01,-1.055145773818711774e+01,5.485000000000000142e+01,6.243800000000000239e+01,6.000000000000000000e+01,1.000000000000000000e+00
2.392000000000000000e+03,5.000000000000000000e+01,-2.230780015166545027e+01,8.237642546459424864e+01,4.828318676135097132e-01,-1.055145718054231629e+01,5.485000000000000142e+01,6.231000000000000227e+01,6.000000000000000000e+01,1.000000000000000000e+00
2.393000000000000000e+03,5.000000000000000000e+01,-2.249918074277893609e+01,8.277191064672317111e+01,2.787267228750806014e-01,-1.055145662681931462e+01,5.485000000000000142e+01,6.237400000000000233e+01,6.000000000000000000e+01,1.000000000000000000e+00
2.394000000000000000e+03,5.000000000000000000e+01,-2.259487103833566835e+01,8.297128192710174233e+01,1.750451882244607460e-01,-1.055145607699053301e+01,5.485000000000000142e+01,6.240599999999999881e+01,6.000000000000000000e+01,1.000000000000000000e+00
2.395000000000000000e+03,5.000000000000000711e+01,-2.269056133389241836e+01,8.316612654993255660e+01,7.589031498845434653e-02,-1.055145553102858713e+01,5.485000000000000142e+01,6.243800000000000239e+01,6.000000000000000000e+01,1.000000000000000000e+00
2.396000000000000000e+03,4.999999999999999289e+01,-2.249918074277893609e+01,8.279503368158528076e+01,2.556020500999248157e-01,-1.055145498890627742e+01,5.485000000000000142e+01,6.237400000000000233e+01,6.000000000000000000e+01,1.000000000000000000e+00
2.397000000000000000e+03,5.000000000000000000e+01,-2.259487103833566835e+01,8.299339536686082397e+01,1.529301220714490706e-01,-1.055145445059660148e+01,5.485000000000000142e+01,6.240599999999999881e+01,6.000000000000000000e+01,1.000000000000000000e+00
2.398000000000000000e+03,4.999999999999999289e+01,-2.240349044722218252e+01,8.262566600881562806e+01,3.292783544792938777e-01,-1.055145391607274519e+01,5.485000000000000142e+01,6.234199999999999875e+01,6.000000000000000000e+01,1.000000000000000000e+00
2.399000000000000000e+03,5.000000000000000000e+01,-2.211342923881580447e+01,8.207258298219731785e+01,5.922996419265738055e-01,-1.055145338530808807e+01,5.485000000000000142e+01,6.224499999999999744e+01,6.000000000000000000e+01,1.000000000000000000e+00
2.400000000000000000e+03,5.000000000000000711e+01,-2.230780015166545027e+01,8.247869756367497018e+01,3.805554462666694837e-01,-1.055145285827618729e+01,5.485000000000000142e+01,6.231000000000000227e+01,6.000000000000000000e+01,1.000000000000000000e+00
2.401000000000000000e+03,4.999999999999999289e+01,-2.230780015166545027e+01,8.249531181809710745e+01,3.639406685191280411e-01,-1.055145233495079360e+01,5.485000000000000142e+01,6.231000000000000227e+01,6.000000000000000000e+01,1.000000000000000000e+00
2.402000000000000000e+03,5.000000000000000000e+01,-2.201773894325907222e+01,8.194374213436037735e+01,6.254486242045397271e-01,-1.055145181530584253e+01,5.485000000000000142e+01,6.221300000000000097e+01,6.000000000000000000e+01,1.000000000000000000e+00
2.403000000000000000e+03,5.000000000000000711e+01,-2.249918074277893609e+01,8.291291245205511018e+01,1.377195900392738648e-01,-1.055145129931544545e+01,5.485000000000000142e+01,6.237400000000000233e+01,6.000000000000000000e+01,1.000000000000000000e+00
2.404000000000000000e+03,5.000000000000000711e+01,-2.269056133389241836e+01,8.329333032111370017e+01,-5.131820026737615725e-02,-1.055145078695390204e+01,5.485000000000000142e+01,6.243800000000000239e+01,6.000000000000000000e+01,1.000000000000000000e+00
2.405000000000000000e+03,4.999999999999999289e+01,-2.240349044722218252e+01,8.272948083215828774e+01,2.254598932595857919e-01,-1.055145027819569314e+01,5.485000000000000142e+01,6.234199999999999875e+01,6.000000000000000000e+01,1.000000000000000000e+00
2.406000000000000000e+03,5.000000000000000000e+01,-2.269056133389241836e+01,8.330093220855016511e+01,-5.892110164227515323e-02,-1.055144977301547371e+01,5.485000000000000142e+01,6.243800000000000239e+01,6.000000000000000000e+01,1.000000000000000000e+00
2.407000000000000000e+03,4.999999999999998579e+01,-2.278924195118529283e+01,8.349141216353403649e+01,-1.507209409606732886e-01,-1.055144927138808342e+01,5.485000000000000142e+01,6.247099999999999653e+01,6.000000000000000000e+01,1.000000000000000000e+00
2.408000000000000000e+03,5.000000000000000000e+01,-2.269056133389241836e+01,8.329177838765470199e+01,-4.976828047374606823e-02,-1.055144877328853603e+01,5.485000000000000142e+01,6.243800000000000239e+01,6.000000000000000000e+01,1.000000000000000000e+00
2.409000000000000000e+03,4.999999999999999289e+01,-2.269056133389241836e+01,8.328960504563985978e+01,-4.759543305542488639e-02,-1.055144827869201940e+01,5.485000000000000142e+01,6.243800000000000239e+01,6.000000000000000000e+01,1.000000000000000000e+00
2.410000000000000000e+03,4.999999999999999289e+01,-2.259487103833566835e+01,8.310032375059850551e+01,4.599507531105798130e-02,-1.055144778757389723e+01,5.485000000000000142e+01,6.240599999999999881e+01,6.000000000000000000e+01,1.000000000000000000e+00
2.411000000000000000e+03,5.000000000000000000e+01,-2.269056133389241836e+01,8.328953419638664002e+01,-4.752556258451174492e-02,-1.055144729990970731e+01,5.485000000000000142e+01,6.243800000000000239e+01,6.000000000000000000e+01,1.000000000000000000e+00
2.412000000000000000e+03,5.000000000000001421e+01,-2.278924195118529283e+01,8.348051168982269132e+01,-1.398229229622340308e-01,-1.055144681567515974e+01,5.485000000000000142e+01,6.247099999999999653e+01,6.000000000000000000e+01,1.000000000000000000e+00
2.413000000000000000e+03,5.000000000000000711e+01,-2.278924195118529283e+01,8.347440664049564418e+01,-1.337183544642148725e-01,-1.055144633484613337e+01,5.485000000000000142e+01,6.247099999999999653e+01,6.000000000000000000e+01,1.000000000000000000e+00
2.414000000000000000e+03,4.999999999999998579e+01,-2.278924195118529283e+01,8.346856811563094425e+01,-1.278803070469849978e-01,-1.055144585739868113e+01,5.485000000000000142e+01,6.247099999999999653e+01,6.000000000000000000e+01,1.000000000000000000e+00
2.415000000000000000e+03,4.999999999999999289e+01,-2.278924195118529283e+01,8.346298447908567653e+01,-1.222971445913775268e-01,-1.055144538330901582e+01,5.485000000000000142e+01,6.247099999999999653e+01,6.000000000000000000e+01,1.000000000000000000e+00
2.416000000000000000e+03,4.999999999999999289e+01,-2.259487103833566835e+01,8.307738887164245511e+01,6.892707924673503739e-02,-1.055144491255352790e+01,5.485000000000000142e+01,6.240599999999999881e+01,6.000000000000000000e+01,1.000000000000000000e+00
2.417000000000000000e+03,4.999999999999998579e+01,-2.278924195118529283e+01,8.346065344212379955e+01,-1.199670458297593945e-01,-1.055144444510876411e+01,5.485000000000000142e+01,6.247099999999999653e+01,6.000000000000000000e+01,1.000000000000000000e+00
2.418000000000000000e+03,5.000000000000001421e+01,-2.278924195118529283e+01,8.345541530281812470e+01,-1.147293706813820868e-01,-1.055144398095144354e+01,5.485000000000000142e+01,6.247099999999999653e+01,6.000000000000000000e+01,1.000000000000000000e+00
2.419000000000000000e+03,5.000000000000000000e+01,-2.278924195118529283e+01,8.345040583991584526e+01,-1.097203686721171523e-01,-1.055144352005844510e+01,5.485000000000000142e+01,6.247099999999999653e+01,6.000000000000000000e+01,1.000000000000000000e+00
2.420000000000000000e+03,5.000000000000000711e+01,-2.278924195118529283e+01,8.344561506968888409e+01,-1.049300560967766638e-01,-1.055144306240681296e+01,5.485000000000000142e+01,6.247099999999999653e+01,6.000000000000000000e+01,1.000000000000000000e+00
2.421000000000000000e+03,5.000000000000000000e+01,-2.278924195118529283e+01,8.344103344429062474e+01,-1.003488851315782193e-01,-1.055144260797375111e+01,5.485000000000000142e+01,6.247099999999999653e+01,6.000000000000000000e+01,1.000000000000000000e+00
2.422000000000000000e+03,5.000000000000000000e+01,-2.278924195118529283e+01,8.343665183272578645e+01,-9.596772480387549820e-02,-1.055144215673662345e+01,5.485000000000000142e+01,6.247099999999999653e+01,6.000000000000000000e+01,1.000000000000000000e+00
2.423000000000000000e+03,5.000000000000000000e+01,-2.298062254229877510e+01,8.380686714557943162e+01,-2.748028946077093471e-01,-1.055144170867295017e+01,5.485000000000000142e+01,6.253499999999999659e+01,6.000000000000000000e+01,1.000000000000000000e+00
2.424000000000000000e+03,5.000000000000000711e+01,-2.278924195118529283e+01,8.342046336052223410e+01,-7.978014557652410299e-02,-1.055144126376041847e+01,5.485000000000000142e+01,6.247099999999999653e+01,6.000000000000000000e+01,1.000000000000000000e+00
2.425000000000000000e+03,4.999999999999998579e+01,-2.288493224674204640e+01,8.360418259628677617e+01,-1.678095275678733456e-01,-1.055144082197686473e+01,5.485000000000000142e+01,6.250300000000000011e+01,6.000000000000000000e+01,1.000000000000000000e+00
2.426000000000000000e+03,5.000000000000000000e+01,-2.288493224674204640e+01,8.359685571403460358e+01,-1.604830839922730401e-01,-1.055144038330028167e+01,5.485000000000000142e+01,6.250300000000000011e+01,6.000000000000000000e+01,1.000000000000000000e+00
2.427000000000000000e+03,5.000000000000001421e+01,-2.307631283785552867e+01,8.396425434506602414e+01,-3.365015595016652705e-01,-1.055143994770882365e+01,5.485000000000000142e+01,6.256700000000000017e+01,6.000000000000000000e+01,1.000000000000000000e+00
2.428000000000000000e+03,5.000000000000000000e+01,-2.278924195118529283e+01,8.338795403148662899e+01,-4.727256512054839321e-02,-1.055143951518079071e+01,5.485000000000000142e+01,6.247099999999999653e+01,6.000000000000000000e+01,1.000000000000000000e+00
2.429000000000000000e+03,5.000000000000000000e+01,-2.278924195118529283e+01,8.338588971572387720e+01,-4.520867884395122355e-02,-1.055143908569463740e+01,5.485000000000000142e+01,6.247099999999999653e+01,6.000000000000000000e+01,1.000000000000000000e+00
2.430000000000000000e+03,5.000000000000000000e+01,-2.278924195118529283e+01,8.338391551077567954e+01,-4.323490036141734716e-02,-1.055143865922897284e+01,5.485000000000000142e+01,6.247099999999999653e+01,6.000000000000000000e+01,1.000000000000000000e+00
2.431000000000000000e+03,5.000000000000002132e+01,-2.327068375070515316e+01,8.432389167807107810e+01,-5.017696916033514976e-01,-1.055143823576255357e+01,5.485000000000000142e+01,6.263199999999999790e+01,6.000000000000000000e+01,1.000000000000000000e+00
2.432000000000000000e+03,5.000000000000000000e+01,-2.278924195118529283e+01,8.336012015735931868e+01,-1.944039089974247680e-02,-1.055143781527428537e+01,5.485000000000000142e+01,6.247099999999999653e+01,6.000000000000000000e+01,1.000000000000000000e+00
2.433000000000000000e+03,5.000000000000000000e+01,-2.278924195118529283e+01,8.335927098630943988e+01,-1.859163738092353343e-02,-1.055143739774322498e+01,5.485000000000000142e+01,6.247099999999999653e+01,6.000000000000000000e+01,1.000000000000000000e+00
2.434000000000000000e+03,5.000000000000000000e+01,-2.278924195118529283e+01,8.335845887416564892e+01,-1.777993983178249859e-02,-1.055143698314857303e+01,5.485000000000000142e+01,6.247099999999999653e+01,6.000000000000000000e+01,1.000000000000000000e+00
2.435000000000000000e+03,5.000000000000000000e+01,-2.307631283785552867e+01,8.391929066746294552e+01,-2.915412581377389012e-01,-1.055143657146968117e+01,5.485000000000000142e+01,6.256700000000000017e+01,6.000000000000000000e+01,1.000000000000000000e+00
2.436000000000000000e+03,5.000000000000000000e+01,-2.288493224674204640e+01,8.353215613359216718e+01,-9.578772416407746459e-02,-1.055143616268604134e+01,5.485000000000000142e+01,6.250300000000000011e+01,6.000000000000000000e+01,1.000000000000000000e+00
2.437000000000000000e+03,4.999999999999999289e+01,-2.288493224674204640e+01,8.352797370437106395e+01,-9.160570085172750621e-02,-1.055143575677729473e+01,5.485000000000000142e+01,6.250300000000000011e+01,6.000000000000000000e+01,1.000000000000000000e+00
2.438000000000000000e+03,5.000000000000001421e+01,-2.307631283785552867e+01,8.389837950507045150e+01,-2.706313134916983332e-01,-1.055143535372321750e+01,5.485000000000000142e+01,6.256700000000000017e+01,6.000000000000000000e+01,1.000000000000000000e+00
2.439000000000000000e+03,4.999999999999999289e+01,-2.298062254229877510e+01,8.369936071440903902e+01,-1.673032186065372406e-01,-1.055143495350373684e+01,5.485000000000000142e+01,6.253499999999999659e+01,6.000000000000000000e+01,1.000000000000000000e+00
2.440000000000000000e+03,5.000000000000000000e+01,-2.278924195118529283e+01,8.331765033558616551e+01,2.302617169804441200e-02,-1.055143455609891845e+01,5.485000000000000142e+01,6.247099999999999653e+01,6.000000000000000000e+01,1.000000000000000000e+00
2.441000000000000000e+03,5.000000000000000000e+01,-2.307631283785552867e+01,8.388026371150471050e+01,-2.525167121602135967e-01,-1.055143416148896662e+01,5.485000000000000142e+01,6.256700000000000017e+01,6.000000000000000000e+01,1.000000000000000000e+00
2.442000000000000000e+03,4.999999999999999289e+01,-2.298062254229877510e+01,8.368203579972552575e+01,-1.499794877725332265e-01,-1.055143376965422419e+01,5.485000000000000142e+01,6.253499999999999659e+01,6.000000000000000000e+01,1.000000000000000000e+00
2.443000000000000000e+03,5.000000000000000711e+01,-2.278924195118529283e+01,8.330108177088740717e+01,3.959356087306317717e-02,-1.055143338057517433e+01,5.485000000000000142e+01,6.247099999999999653e+01,6.000000000000000000e+01,1.000000000000000000e+00
2.444000000000000000e+03,4.999999999999998579e+01,-2.288493224674204640e+01,8.349001283246950322e+01,-5.364759149502724977e-02,-1.055143299423243874e+01,5.485000000000000142e+01,6.250300000000000011e+01,6.000000000000000000e+01,1.000000000000000000e+00
2.445000000000000000e+03,5.000000000000000000e+01,-2.327068375070515316e+01,8.424233160751727212e+01,-4.202152462053471704e-01,-1.055143261060677240e+01,5.485000000000000142e+01,6.263199999999999790e+01,6.000000000000000000e+01,1.000000000000000000e+00
2.446000000000000000e+03,5.000000000000000000e+01,-2.288493224674204640e+01,8.346932355640369394e+01,-3.295907998258384985e-02,-1.055143222967906524e+01,5.485000000000000142e+01,6.250300000000000011e+01,6.000000000000000000e+01,1.000000000000000000e+00
2.447000000000000000e+03,4.999999999999998579e+01,-2.298062254229877510e+01,8.365508702983422040e+01,-1.230326361051148343e-01,-1.055143185143034401e+01,5.485000000000000142e+01,6.253499999999999659e+01,6.000000000000000000e+01,1.000000000000000000e+00
2.448000000000000000e+03,4.999999999999998579e+01,-2.307631283785552867e+01,8.383691795908956124e+01,-2.091736453922757866e-01,-1.055143147584177044e+01,5.485000000000000142e+01,6.256700000000000017e+01,6.000000000000000000e+01,1.000000000000000000e+00
2.449000000000000000e+03,5.000000000000002132e+01,-2.327068375070515316e+01,8.420804094595928291e+01,-3.859260923594795001e-01,-1.055143110289463237e+01,5.485000000000000142e+01,6.263199999999999790e+01,6.000000000000000000e+01,1.000000000000000000e+00
2.450000000000000000e+03,4.999999999999999289e+01,-2.307631283785552867e+01,8.381093558823309309e+01,-1.831920178072192484e-01,-1.055143073257035446e+01,5.485000000000000142e+01,6.256700000000000017e+01,6.000000000000000000e+01,1.000000000000000000e+00
2.451000000000000000e+03,5.000000000000000000e+01,-2.346206434181863898e+01,8.455759856247789230e+01,-5.441038558087655241e-01,-1.055143036485049102e+01,5.485000000000000142e+01,6.269599999999999795e+01,6.000000000000000000e+01,1.000000000000000000e+00
2.452000000000000000e+03,5.000000000000000711e+01,-2.317499345514842091e+01,8.397223454898411887e+01,-2.458110941189633469e-01,-1.055142999971672602e+01,5.485000000000000142e+01,6.260000000000000142e+01,6.000000000000000000e+01,1.000000000000000000e+00
2.453000000000000000e+03,5.000000000000000000e+01,-2.307631283785552867e+01,8.376844934077568894e+01,-1.407068657692934210e-01,-1.055142963715086957e+01,5.485000000000000142e+01,6.256700000000000017e+01,6.000000000000000000e+01,1.000000000000000000e+00
2.454000000000000000e+03,5.000000000000001421e+01,-2.327068375070515316e+01,8.414256155105212542e+01,-3.204485232120939386e-01,-1.055142927713486500e+01,5.485000000000000142e+01,6.263199999999999790e+01,6.000000000000000000e+01,1.000000000000000000e+00
2.455000000000000000e+03,4.999999999999998579e+01,-2.346206434181863898e+01,8.450297628388467785e+01,-4.894830224152773024e-01,-1.055142891965077823e+01,5.485000000000000142e+01,6.269599999999999795e+01,6.000000000000000000e+01,1.000000000000000000e+00
2.456000000000000000e+03,4.999999999999999289e+01,-2.317499345514842091e+01,8.391999698695194354e+01,-1.935749671227194324e-01,-1.055142856468080304e+01,5.485000000000000142e+01,6.260000000000000142e+01,6.000000000000000000e+01,1.000000000000000000e+00
2.457000000000000000e+03,4.999999999999998579e+01,-2.336637404626190673e+01,8.428595093322617515e+01,-3.681486747570128504e-01,-1.055142821220725935e+01,5.485000000000000142e+01,6.266400000000000148e+01,6.000000000000000000e+01,1.000000000000000000e+00
2.458000000000000000e+03,5.000000000000000711e+01,-2.327068375070515316e+01,8.408267465476237135e+01,-2.605630418446215346e-01,-1.055142786221259144e+01,5.485000000000000142e+01,6.263199999999999790e+01,6.000000000000000000e+01,1.000000000000000000e+00
2.459000000000000000e+03,5.000000000000000000e+01,-2.327068375070515316e+01,8.407129831176791868e+01,-2.491870463834027216e-01,-1.055142751467936080e+01,5.485000000000000142e+01,6.263199999999999790e+01,6.000000000000000000e+01,1.000000000000000000e+00
2.460000000000000000e+03,4.999999999999999289e+01,-2.298062254229877510e+01,8.349296008645406175e+01,3.908962543496660724e-02,-1.055142716959026039e+01,5.485000000000000142e+01,6.253499999999999659e+01,6.000000000000000000e+01,1.000000000000000000e+00
2.461000000000000000e+03,5.000000000000000000e+01,-2.317499345514842091e+01,8.387492209989207481e+01,-1.485018178155529944e-01,-1.055142682692810041e+01,5.485000000000000142e+01,6.260000000000000142e+01,6.000000000000000000e+01,1.000000000000000000e+00
2.462000000000000000e+03,4.999999999999997868e+01,-2.288493224674204640e+01,8.330097972425583919e+01,1.353790091620017677e-01,-1.055142648667581362e+01,5.485000000000000142e+01,6.250300000000000011e+01,6.000000000000000000e+01,1.000000000000000000e+00
2.463000000000000000e+03,5.000000000000000000e+01,-2.317499345514842091e+01,8.387434848936980814e+01,-1.479288854049378710e-01,-1.055142614881645002e+01,5.485000000000000142e+01,6.260000000000000142e+01,6.000000000000000000e+01,1.000000000000000000e+00
2.464000000000000000e+03,5.000000000000000000e+01,-2.307631283785552867e+01,8.367483677524904806e+01,-4.709812406034243060e-02,-1.055142581333318397e+01,5.485000000000000142e+01,6.256700000000000017e+01,6.000000000000000000e+01,1.000000000000000000e+00
2.465000000000000000e+03,4.999999999999998579e+01,-2.346206434181863898e+01,8.442744154584775629e+01,-4.139517238198255344e-01,-1.055142548020930171e+01,5.485000000000000142e+01,6.269599999999999795e+01,6.000000000000000000e+01,1.000000000000000000e+00
2.466000000000000000e+03,5.000000000000000000e+01,-2.307631283785552867e+01,8.365470700577427010e+01,-2.696901849053545686e-02,-1.055142514942821208e+01,5.485000000000000142e+01,6.256700000000000017e+01,6.000000000000000000e+01,1.000000000000000000e+00
2.467000000000000000e+03,5.000000000000001421e+01,-2.327068375070515316e+01,8.403378496042083157e+01,-2.116763887422289381e-01,-1.055142482097343581e+01,5.485000000000000142e+01,6.263199999999999790e+01,6.000000000000000000e+01,1.000000000000000000e+00
2.468000000000000000e+03,4.999999999999998579e+01,-2.346206434181863898e+01,8.439894863794305024e+01,-3.854598012958103670e-01,-1.055142449482861444e+01,5.485000000000000142e+01,6.269599999999999795e+01,6.000000000000000000e+01,1.000000000000000000e+00
2.469000000000000000e+03,5.000000000000000000e+01,-2.375212555022501704e+01,8.494957796828600749e+01,-6.460282470834872726e-01,-1.055142417097750318e+01,5.485000000000000142e+01,6.279299999999999926e+01,6.000000000000000000e+01,1.000000000000000000e+00
2.470000000000000000e+03,5.000000000000000000e+01,-2.278924195118529283e+01,8.303764412596576960e+01,3.030216746234909442e-01,-1.055142384940397093e+01,5.485000000000000142e+01,6.247099999999999653e+01,6.000000000000000000e+01,1.000000000000000000e+00
2.471000000000000000e+03,4.999999999999999289e+01,-2.298062254229877510e+01,8.342527915848786790e+01,1.067669139028962488e-01,-1.055142353009199674e+01,5.485000000000000142e+01,6.253499999999999659e+01,6.000000000000000000e+01,1.000000000000000000e+00
2.472000000000000000e+03,5.000000000000000000e+01,-2.356074495911153122e+01,8.456485731340758605e+01,-4.526891412703730744e-01,-1.055142321302568043e+01,5.485000000000000142e+01,6.272899999999999920e+01,6.000000000000000000e+01,1.000000000000000000e+00
2.473000000000000000e+03,5.000000000000000000e+01,-2.336637404626190673e+01,8.416483718435416961e+01,-2.470402399030330598e-01,-1.055142289818922485e+01,5.485000000000000142e+01,6.266400000000000148e+01,6.000000000000000000e+01,1.000000000000000000e+00
2.474000000000000000e+03,5.000000000000000711e+01,-2.317499345514842091e+01,8.377964562917280489e+01,-5.322958845742989387e-02,-1.055142258556694834e+01,5.485000000000000142e+01,6.260000000000000142e+01,6.000000000000000000e+01,1.000000000000000000e+00
2.475000000000000000e+03,5.000000000000000711e+01,-2.356074495911153122e+01,8.453198272713528638e+01,-4.198154928804673780e-01,-1.055142227514328113e+01,5.485000000000000142e+01,6.272899999999999920e+01,6.000000000000000000e+01,1.000000000000000000e+00
2.476000000000000000e+03,5.000000000000000711e+01,-2.288493224674204640e+01,8.319153364908879666e+01,2.448205645560134758e-01,-1.055142196690275824e+01,5.485000000000000142e+01,6.250300000000000011e+01,6.000000000000000000e+01,1.000000000000000000e+00
2.477000000000000000e+03,5.000000000000000711e+01,-2.327068375070515316e+01,8.395688340724124998e+01,-1.347779957060604161e-01,-1.055142166083002842e+01,5.485000000000000142e+01,6.263199999999999790e+01,6.000000000000000000e+01,1.000000000000000000e+00
2.478000000000000000e+03,4.999999999999998579e+01,-2.346206434181863898e+01,8.432540443565591204e+01,-3.119187369274432076e-01,-1.055142135690984517e+01,5.485000000000000142e+01,6.269599999999999795e+01,6.000000000000000000e+01,1.000000000000000000e+00
2.479000000000000000e+03,4.999999999999999289e+01,-2.356074495911153122e+01,8.450483889524568326e+01,-3.926728810070893583e-01,-1.055142105512707040e+01,5.485000000000000142e+01,6.272899999999999920e+01,6.000000000000000000e+01,1.000000000000000000e+00
2.480000000000000000e+03,4.999999999999999289e+01,-2.356074495911153122e+01,8.448769477933085170e+01,-3.755290647526562386e-01,-1.055142075546667080e+01,5.485000000000000142e+01,6.272899999999999920e+01,6.000000000000000000e+01,1.000000000000000000e+00
2.481000000000000000e+03,4.999999999999999289e+01,-2.375212555022501704e+01,8.484570479516945340e+01,-5.421587870307199575e-01,-1.055142045791372141e+01,5.485000000000000142e+01,6.279299999999999926e+01,6.000000000000000000e+01,1.000000000000000000e+00
2.482000000000000000e+03,5.000000000000000000e+01,-2.346206434181863898e+01,8.425457568348565474e+01,-2.410911792136194998e-01,-1.055142016245340031e+01,5.485000000000000142e+01,6.269599999999999795e+01,6.000000000000000000e+01,1.000000000000000000e+00
2.483000000000000000e+03,4.999999999999999289e+01,-2.346206434181863898e+01,8.424404952219404663e+01,-2.305653113044264513e-01,-1.055141986907099039e+01,5.485000000000000142e+01,6.269599999999999795e+01,6.000000000000000000e+01,1.000000000000000000e+00
2.484000000000000000e+03,4.999999999999999289e+01,-2.336637404626190673e+01,8.404678009334247690e+01,-1.289864693286962849e-01,-1.055141957775187933e+01,5.485000000000000142e+01,6.266400000000000148e+01,6.000000000000000000e+01,1.000000000000000000e+00
2.485000000000000000e+03,4.999999999999998579e+01,-2.346206434181863898e+01,8.422835116882916395e+01,-2.148675385289818274e-01,-1.055141928848155608e+01,5.485000000000000142e+01,6.269599999999999795e+01,6.000000000000000000e+01,1.000000000000000000e+00
2.486000000000000000e+03,5.000000000000000000e+01,-2.356074495911153122e+01,8.441202282865668849e+01,-2.998588682995484977e-01,-1.055141900124560905e+01,5.485000000000000142e+01,6.272899999999999920e+01,6.000000000000000000e+01,1.000000000000000000e+00
2.487000000000000000e+03,5.000000000000000000e+01,-2.375212555022501704e+01,8.477333656331853717e+01,-4.697922970637892215e-01,-1.055141871602973325e+01,5.485000000000000142e+01,6.279299999999999926e+01,6.000000000000000000e+01,1.000000000000000000e+00
2.488000000000000000e+03,4.999999999999999289e+01,-2.317499345514842091e+01,8.362375846852367545e+01,1.026534194444649883e-01,-1.055141843281972314e+01,5.485000000000000142e+01,6.260000000000000142e+01,6.000000000000000000e+01,1.000000000000000000e+00
2.489000000000000000e+03,5.000000000000000711e+01,-2.336637404626190673e+01,8.400264560487626397e+01,-8.485340701288077159e-02,-1.055141815160146912e+01,5.485000000000000142e+01,6.266400000000000148e+01,6.000000000000000000e+01,1.000000000000000000e+00
2.490000000000000000e+03,5.000000000000000000e+01,-2.317499345514842091e+01,8.362453504383674385e+01,1.018762836726463117e-01,-1.055141787236096640e+01,5.485000000000000142e+01,6.260000000000000142e+01,6.000000000000000000e+01,1.000000000000000000e+00
2.491000000000000000e+03,4.999999999999999289e+01,-2.307631283785552867e+01,8.343592970237722284e+01,1.918007305625993308e-01,-1.055141759508430432e+01,5.485000000000000142e+01,6.256700000000000017e+01,6.000000000000000000e+01,1.000000000000000000e+00
2.492000000000000000e+03,5.000000000000000000e+01,-2.307631283785552867e+01,8.344430330933602136e+01,1.834268482771764242e-01,-1.055141731975767172e+01,5.485000000000000142e+01,6.256700000000000017e+01,6.000000000000000000e+01,1.000000000000000000e+00
2.493000000000000000e+03,5.000000000000000000e+01,-2.288493224674204640e+01,8.307790567761009015e+01,3.584436154993128065e-01,-1.055141704636735511e+01,5.485000000000000142e+01,6.250300000000000011e+01,6.000000000000000000e+01,1.000000000000000000e+00
2.494000000000000000e+03,5.000000000000000000e+01,-2.278924195118529283e+01,8.290635197575899440e+01,4.343067503260334417e-01,-1.055141677489973517e+01,5.485000000000000142e+01,6.247099999999999653e+01,6.000000000000000000e+01,1.000000000000000000e+00
2.495000000000000000e+03,5.000000000000000000e+01,-2.278924195118529283e+01,8.292531322731846899e+01,4.153452292081158403e-01,-1.055141650534129383e+01,5.485000000000000142e+01,6.247099999999999653e+01,6.000000000000000000e+01,1.000000000000000000e+00
2.496000000000000000e+03,5.000000000000000000e+01,-2.278924195118529283e+01,8.294344663436596932e+01,3.972115544979165636e-01,-1.055141623767859826e+01,5.485000000000000142e+01,6.247099999999999653e+01,6.000000000000000000e+01,1.000000000000000000e+00
2.497000000000000000e+03,5.000000000000000000e+01,-2.298062254229877510e+01,8.333519398299684156e+01,1.968445312002554959e-01,-1.055141597189832225e+01,5.485000000000000142e+01,6.253499999999999659e+01,6.000000000000000000e+01,1.000000000000000000e+00
2.498000000000000000e+03,5.000000000000000000e+01,-2.278924195118529283e+01,8.296938216715977887e+01,3.712754920127321334e-01,-1.055141570798722128e+01,5.485000000000000142e+01,6.247099999999999653e+01,6.000000000000000000e+01,1.000000000000000000e+00
2.499000000000000000e+03,4.999999999999999289e+01,-2.288493224674204640e+01,8.317279434817184836e+01,2.635533445023482968e-01,-1.055141544593215563e+01,5.485000000000000142e+01,6.250300000000000011e+01,6.000000000000000000e+01,1.000000000000000000e+00
2.500000000000000000e+03,5.000000000000000711e+01,-2.278924195118529283e+01,8.299709781642532391e+01,3.435593204800369005e-01,-1.055141518572006909e+01,5.485000000000000142e+01,6.247099999999999653e+01,6.000000000000000000e+01,1.000000000000000000e+00
2.501000000000000000e+03,4.999999999999999289e+01,-2.288493224674204640e+01,8.319929993294674375e+01,2.370472411332966156e-01,-1.055141492733799957e+01,5.485000000000000142e+01,6.250300000000000011e+01,6.000000000000000000e+01,1.000000000000000000e+00
2.502000000000000000e+03,4.999999999999998579e+01,-2.278924195118529283e+01,8.302244616739156413e+01,3.182104545667896467e-01,-1.055141467077307738e+01,5.485000000000000142e+01,6.247099999999999653e+01,6.000000000000000000e+01,1.000000000000000000e+00
2.503000000000000000e+03,4.999999999999998579e+01,-2.288493224674204640e+01,8.322354157423573895e+01,2.128050885188145225e-01,-1.055141441601252339e+01,5.485000000000000142e+01,6.250300000000000011e+01,6.000000000000000000e+01,1.000000000000000000e+00
2.504000000000000000e+03,4.999999999999998579e+01,-2.278924195118529283e+01,8.304562941728644887e+01,2.950266969424803487e-01,-1.055141416304364910e+01,5.485000000000000142e+01,6.247099999999999653e+01,6.000000000000000000e+01,1.000000000000000000e+00
2.505000000000000000e+03,5.000000000000000000e+01,-2.278924195118529283e+01,8.305850982001287264e+01,2.821460430262683339e-01,-1.055141391185385125e+01,5.485000000000000142e+01,6.247099999999999653e+01,6.000000000000000000e+01,1.000000000000000000e+00
2.506000000000000000e+03,5.000000000000000000e+01,-2.278924195118529283e+01,8.307082786439733013e+01,2.698277492185775506e-01,-1.055141366243061896e+01,5.485000000000000142e+01,6.247099999999999653e+01,6.000000000000000000e+01,1.000000000000000000e+00
2.507000000000000000e+03,5.000000000000000000e+01,-2.278924195118529283e+01,8.308260810266627061e+01,2.580472632805455024e-01,-1.055141341476152839e+01,5.485000000000000142e+01,6.247099999999999653e+01,6.000000000000000000e+01,1.000000000000000000e+00
2.508000000000000000e+03,4.999999999999999289e+01,-2.278924195118529283e+01,8.309387401511308724e+01,2.467811049064429496e-01,-1.055141316883424629e+01,5.485000000000000142e+01,6.247099999999999653e+01,6.000000000000000000e+01,1.000000000000000000e+00
2.509000000000000000e+03,4.999999999999998579e+01,-2.288493224674204640e+01,8.329185087836221157e+01,1.444942930163459205e-01,-1.055141292463651936e+01,5.485000000000000142e+01,6.250300000000000011e+01,6.000000000000000000e+01,1.000000000000000000e+00
2.510000000000000000e+03,5.000000000000000000e+01,-2.278924195118529283e+01,8.311095633158065255e+01,2.296983017608205668e-01,-1.055141268215618489e+01,5.485000000000000142e+01,6.247099999999999653e+01,6.000000000000000000e+01,1.000000000000000000e+00
2.511000000000000000e+03,5.000000000000000000e+01,-2.278924195118529283e+01,8.312098455385925888e+01,2.196698387071885361e-01,-1.055141244138116363e+01,5.485000000000000142e+01,6.247099999999999653e+01,6.000000000000000000e+01,1.000000000000000000e+00
2.512000000000000000e+03,5.000000000000000000e+01,-2.249918074277893609e+01,8.256311638976596612e+01,4.874765553124250639e-01,-1.055141220229946342e+01,5.485000000000000142e+01,6.237400000000000233e+01,6.000000000000000000e+01,1.000000000000000000e+00
2.513000000000000000e+03,5.000000000000000000e+01,-2.249918074277893609e+01,8.258439902902165386e+01,4.661936786564501167e-01,-1.055141196489917554e+01,5.485000000000000142e+01,6.237400000000000233e+01,6.000000000000000000e+01,1.000000000000000000e+00
2.514000000000000000e+03,5.000000000000000000e+01,-2.278924195118529283e+01,8.317221102738533034e+01,1.684426529684349694e-01,-1.055141172916847481e+01,5.485000000000000142e+01,6.247099999999999653e+01,6.000000000000000000e+01,1.000000000000000000e+00
2.515000000000000000e+03,5.000000000000000711e+01,-2.249918074277893609e+01,8.261210632612541360e+01,4.384859117491446412e-01,-1.055141149509562126e+01,5.485000000000000142e+01,6.237400000000000233e+01,6.000000000000000000e+01,1.000000000000000000e+00
2.516000000000000000e+03,5.000000000000000000e+01,-2.230780015166545027e+01,8.225684443107751065e+01,6.023669832568824267e-01,-1.055141126266895313e+01,5.485000000000000142e+01,6.231000000000000227e+01,6.000000000000000000e+01,1.000000000000000000e+00
2.517000000000000000e+03,4.999999999999999289e+01,-2.240349044722218252e+01,8.247034593205945896e+01,4.845555470396140096e-01,-1.055141103187689566e+01,5.485000000000000142e+01,6.234199999999999875e+01,6.000000000000000000e+01,1.000000000000000000e+00
2.518000000000000000e+03,5.000000000000000711e+01,-2.240349044722218252e+01,8.249150105042103576e+01,4.634001995090991644e-01,-1.055141080270794873e+01,5.485000000000000142e+01,6.234199999999999875e+01,6.000000000000000000e+01,1.000000000000000000e+00
2.519000000000000000e+03,4.999999999999998579e+01,-2.220911953437255804e+01,8.213147681200020145e+01,6.290532975230507251e-01,-1.055141057515070102e+01,5.485000000000000142e+01,6.227700000000000102e+01,6.000000000000000000e+01,1.000000000000000000e+00
2.520000000000000000e+03,4.999999999999999289e+01,-2.192204864770232220e+01,8.159733213729468559e+01,8.761268596014506471e-01,-1.055141034919381582e+01,5.485000000000000142e+01,6.218099999999999739e+01,6.000000000000000000e+01,1.000000000000000000e+00
2.521000000000000000e+03,4.999999999999998579e+01,-2.201773894325907222e+01,8.182278580448812022e+01,7.463632635969855711e-01,-1.055141012482603813e+01,5.485000000000000142e+01,6.221300000000000097e+01,6.000000000000000000e+01,1.000000000000000000e+00
2.522000000000000000e+03,5.000000000000001421e+01,-2.182336803040944773e+01,8.147511553519576921e+01,8.996623972498828392e-01,-1.055140990203619289e+01,5.485000000000000142e+01,6.214800000000000324e+01,6.000000000000000000e+01,1.000000000000000000e+00
2.523000000000000000e+03,5.000000000000000000e+01,-2.182336803040944773e+01,8.151439392875744261e+01,8.603837824651853206e-01,-1.055140968081318320e+01,5.485000000000000142e+01,6.214800000000000324e+01,6.000000000000000000e+01,1.000000000000000000e+00
2.524000000000000000e+03,5.000000000000000000e+01,-2.211342923881580447e+01,8.211941600029801691e+01,5.454226996637763225e-01,-1.055140946114598854e+01,5.485000000000000142e+01,6.224499999999999744e+01,6.000000000000000000e+01,1.000000000000000000e+00
2.525000000000000000e+03,5.000000000000000711e+01,-2.182336803040944773e+01,8.157576999335613266e+01,7.990072800769929540e-01,-1.055140924302367011e+01,5.485000000000000142e+01,6.214800000000000324e+01,6.000000000000000000e+01,1.000000000000000000e+00
2.526000000000000000e+03,5.000000000000000000e+01,-2.211342923881580447e+01,8.217811241391700605e+01,4.867258513341589654e-01,-1.055140902643535838e+01,5.485000000000000142e+01,6.224499999999999744e+01,6.000000000000000000e+01,1.000000000000000000e+00
2.527000000000000000e+03,4.999999999999998579e+01,-2.192204864770232220e+01,8.182495665738234436e+01,6.485008016902414907e-01,-1.055140881137026909e+01,5.485000000000000142e+01,6.218099999999999739e+01,6.000000000000000000e+01,1.000000000000000000e+00
2.528000000000000000e+03,4.999999999999998579e+01,-2.211342923881580447e+01,8.222767516648124797e+01,4.371626701522274283e-01,-1.055140859781768725e+01,5.485000000000000142e+01,6.224499999999999744e+01,6.000000000000000000e+01,1.000000000000000000e+00
2.529000000000000000e+03,5.000000000000000711e+01,-2.249918074277893609e+01,8.300142253698675177e+01,4.916659155916214274e-02,-1.055140838576697782e+01,5.485000000000000142e+01,6.237400000000000233e+01,6.000000000000000000e+01,1.000000000000000000e+00
2.530000000000000000e+03,5.000000000000000711e+01,-2.240349044722218252e+01,8.281636608307510983e+01,1.385325393546554817e-01,-1.055140817520757857e+01,5.485000000000000142e+01,6.234199999999999875e+01,6.000000000000000000e+01,1.000000000000000000e+00
2.531000000000000000e+03,5.000000000000000711e+01,-2.259487103833566835e+01,8.319681974820051096e+01,-5.054074373583875013e-02,-1.055140796612899834e+01,5.485000000000000142e+01,6.240599999999999881e+01,6.000000000000000000e+01,1.000000000000000000e+00
2.532000000000000000e+03,5.000000000000000000e+01,-2.269056133389241836e+01,8.338181578944644912e+01,-1.398466970332089832e-01,-1.055140775852082413e+01,5.485000000000000142e+01,6.243800000000000239e+01,6.000000000000000000e+01,1.000000000000000000e+00
2.533000000000000000e+03,4.999999999999999289e+01,-2.230780015166545027e+01,8.262689869098451823e+01,2.323090130536371312e-01,-1.055140755237271577e+01,5.485000000000000142e+01,6.231000000000000227e+01,6.000000000000000000e+01,1.000000000000000000e+00
2.534000000000000000e+03,4.999999999999999289e+01,-2.259487103833566835e+01,8.319864939551445104e+01,-5.237100950438558500e-02,-1.055140734767440414e+01,5.485000000000000142e+01,6.240599999999999881e+01,6.000000000000000000e+01,1.000000000000000000e+00
2.535000000000000000e+03,5.000000000000000000e+01,-2.249918074277893609e+01,8.300915989009111229e+01,4.142799710351396936e-02,-1.055140714441569294e+01,5.485000000000000142e+01,6.237400000000000233e+01,6.000000000000000000e+01,1.000000000000000000e+00
2.536000000000000000e+03,4.999999999999999289e+01,-2.249918074277893609e+01,8.301096840489213946e+01,3.961928047324836388e-02,-1.055140694258645873e+01,5.485000000000000142e+01,6.237400000000000233e+01,6.000000000000000000e+01,1.000000000000000000e+00
2.537000000000000000e+03,5.000000000000000000e+01,-2.278924195118529283e+01,8.358015650640562910e+01,-2.395078130436877895e-01,-1.055140674217664909e+01,5.485000000000000142e+01,6.247099999999999653e+01,6.000000000000000000e+01,1.000000000000000000e+00
2.538000000000000000e+03,5.000000000000000711e+01,-2.249918074277893609e+01,8.300224101556362655e+01,4.834627039159217210e-02,-1.055140654317627913e+01,5.485000000000000142e+01,6.237400000000000233e+01,6.000000000000000000e+01,1.000000000000000000e+00
2.539000000000000000e+03,5.000000000000000711e+01,-2.269056133389241836e+01,8.337875722436962178e+01,-1.367895449017619558e-01,-1.055140634557543855e+01,5.485000000000000142e+01,6.243800000000000239e+01,6.000000000000000000e+01,1.000000000000000000e+00
2.540000000000000000e+03,4.999999999999999289e+01,-2.269056133389241836e+01,8.337278489477020571e+01,-1.308174115135104787e-01,-1.055140614936428456e+01,5.485000000000000142e+01,6.243800000000000239e+01,6.000000000000000000e+01,1.000000000000000000e+00
2.541000000000000000e+03,4.999999999999999289e+01,-2.278924195118529283e+01,8.356012621524457984e+01,-2.194783095262522465e-01,-1.055140595453304364e+01,5.485000000000000142e+01,6.247099999999999653e+01,6.000000000000000000e+01,1.000000000000000000e+00
2.542000000000000000e+03,5.000000000000000000e+01,-2.288493224674204640e+01,8.373774657772261776e+01,-3.014085699085577441e-01,-1.055140576107201156e+01,5.485000000000000142e+01,6.250300000000000011e+01,6.000000000000000000e+01,1.000000000000000000e+00
2.543000000000000000e+03,5.000000000000000000e+01,-2.278924195118529283e+01,8.353738428224677648e+01,-1.967367620899417302e-01,-1.055140556897154980e+01,5.485000000000000142e+01,6.247099999999999653e+01,6.000000000000000000e+01,1.000000000000000000e+00
2.544000000000000000e+03,5.000000000000000000e+01,-2.278924195118529283e+01,8.352879470561686048e+01,-1.881473762094811042e-01,-1.055140537822209090e+01,5.485000000000000142e+01,6.247099999999999653e+01,6.000000000000000000e+01,1.000000000000000000e+00
2.545000000000000000e+03,5.000000000000000000e+01,-2.278924195118529283e+01,8.352058013675336667e+01,-1.799329967539494979e-01,-1.055140518881413136e+01,5.485000000000000142e+01,6.247099999999999653e+01,6.000000000000000000e+01,1.000000000000000000e+00
2.546000000000000000e+03,5.000000000000000000e+01,-2.288493224674204640e+01,8.369992702459967404e+01,-2.635897771193861927e-01,-1.055140500073824050e+01,5.485000000000000142e+01,6.250300000000000011e+01,6.000000000000000000e+01,1.000000000000000000e+00
2.547000000000000000e+03,5.000000000000000000e+01,-2.278924195118529283e+01,8.350121587583049632e+01,-1.605691106601612184e-01,-1.055140481398504804e+01,5.485000000000000142e+01,6.247099999999999653e+01,6.000000000000000000e+01,1.000000000000000000e+00
2.548000000000000000e+03,5.000000000000000000e+01,-2.278924195118529283e+01,8.349420535822252987e+01,-1.535587784919821563e-01,-1.055140462854525296e+01,5.485000000000000142e+01,6.247099999999999653e+01,6.000000000000000000e+01,1.000000000000000000e+00
2.549000000000000000e+03,4.999999999999999289e+01,-2.278924195118529283e+01,8.348750090799147472e+01,-1.468545123965748489e-01,-1.055140444440961822e+01,5.485000000000000142e+01,6.247099999999999653e+01,6.000000000000000000e+01,1.000000000000000000e+00
2.550000000000000000e+03,5.000000000000000000e+01,-2.278924195118529283e+01,8.348108916250305356e+01,-1.404429497487947598e-01,-1.055140426156897071e+01,5.485000000000000142e+01,6.247099999999999653e+01,6.000000000000000000e+01,1.000000000000000000e+00
2.551000000000000000e+03,5.000000000000001421e+01,-2.278924195118529283e+01,8.347495734252562727e+01,-1.343113113261239222e-01,-1.055140408001420482e+01,5.485000000000000142e+01,6.247099999999999653e+01,6.000000000000000000e+01,1.000000000000000000e+00
2.552000000000000000e+03,5.000000000000000000e+01,-2.278924195118529283e+01,8.346909322675929843e+01,-1.284473758377308317e-01,-1.055140389973627535e+01,5.485000000000000142e+01,6.247099999999999653e+01,6.000000000000000000e+01,1.000000000000000000e+00
2.553000000000000000e+03,4.999999999999998579e+01,-2.278924195118529283e+01,8.346348512747705684e+01,-1.228394555655732689e-01,-1.055140372072620281e+01,5.485000000000000142e+01,6.247099999999999653e+01,6.000000000000000000e+01,1.000000000000000000e+00
2.554000000000000000e+03,4.999999999999999289e+01,-2.278924195118529283e+01,8.345812186722935166e+01,-1.174763730689931951e-01,-1.055140354297507344e+01,5.485000000000000142e+01,6.247099999999999653e+01,6.000000000000000000e+01,1.000000000000000000e+00
2.555000000000000000e+03,5.000000000000000000e+01,-2.278924195118529283e+01,8.345299275656569193e+01,-1.123474389063722351e-01,-1.055140336647403032e+01,5.485000000000000142e+01,6.247099999999999653e+01,6.000000000000000000e+01,1.000000000000000000e+00
2.556000000000000000e+03,4.999999999999999289e+01,-2.278924195118529283e+01,8.344808757272900834e+01,-1.074424303294437416e-01,-1.055140319121428227e+01,5.485000000000000142e+01,6.247099999999999653e+01,6.000000000000000000e+01,1.000000000000000000e+00
2.557000000000000000e+03,5.000000000000000000e+01,-2.278924195118529283e+01,8.344339653928018663e+01,-1.027515709077958805e-01,-1.055140301718709850e+01,5.485000000000000142e+01,6.247099999999999653e+01,6.000000000000000000e+01,1.000000000000000000e+00
2.558000000000000000e+03,5.000000000000000000e+01,-2.317499345514842091e+01,8.419357168063976360e+01,-4.671753811075222695e-01,-1.055140284438381215e+01,5.485000000000000142e+01,6.260000000000000142e+01,6.000000000000000000e+01,1.000000000000000000e+00
2.559000000000000000e+03,5.000000000000000711e+01,-2.317499345514842091e+01,8.417317496709613067e+01,-4.467788391518848212e-01,-1.055140267279581678e+01,5.485000000000000142e+01,6.260000000000000142e+01,6.000000000000000000e+01,1.000000000000000000e+00
2.560000000000000000e+03,4.999999999999999289e+01,-2.365643525466828478e+01,8.509553294863904682e+01,-8.876951915562028006e-01,-1.055140250241456634e+01,5.485000000000000142e+01,6.276100000000000279e+01,6.000000000000000000e+01,1.000000000000000000e+00
2.561000000000000000e+03,4.999999999999999289e+01,-2.346206434181863898e+01,8.467652091318660723e+01,-6.630542381364056270e-01,-1.055140233323156984e+01,5.485000000000000142e+01,6.269599999999999795e+01,6.000000000000000000e+01,1.000000000000000000e+00
2.562000000000000000e+03,4.999999999999998579e+01,-2.365643525466828478e+01,8.502782800397602614e+01,-8.199905840693489933e-01,-1.055140216523840380e+01,5.485000000000000142e+01,6.276100000000000279e+01,6.000000000000000000e+01,1.000000000000000000e+00
2.563000000000000000e+03,5.000000000000000711e+01,-2.365643525466828478e+01,8.499202763658109916e+01,-7.841903834861149170e-01,-1.055140199842669801e+01,5.485000000000000142e+01,6.276100000000000279e+01,6.000000000000000000e+01,1.000000000000000000e+00
2.564000000000000000e+03,4.999999999999999289e+01,-2.346206434181863898e+01,8.457753455033201817e+01,-5.640683757252412667e-01,-1.055140183278814447e+01,5.485000000000000142e+01,6.269599999999999795e+01,6.000000000000000000e+01,1.000000000000000000e+00
2.565000000000000000e+03,5.000000000000000000e+01,-2.375212555022501704e+01,8.512036611783882734e+01,-8.168388992993158570e-01,-1.055140166831449378e+01,5.485000000000000142e+01,6.279299999999999926e+01,6.000000000000000000e+01,1.000000000000000000e+00
2.566000000000000000e+03,5.000000000000000000e+01,-2.375212555022501704e+01,8.508470335423447750e+01,-7.811762990119075489e-01,-1.055140150499755158e+01,5.485000000000000142e+01,6.279299999999999926e+01,6.000000000000000000e+01,1.000000000000000000e+00
2.567000000000000000e+03,4.999999999999999289e+01,-2.375212555022501704e+01,8.505059759532045405e+01,-7.470707022662630425e-01,-1.055140134282918218e+01,5.485000000000000142e+01,6.279299999999999926e+01,6.000000000000000000e+01,1.000000000000000000e+00
2.568000000000000000e+03,5.000000000000000000e+01,-2.375212555022501704e+01,8.501798086343117689e+01,-7.144541314048494796e-01,-1.055140118180131026e+01,5.485000000000000142e+01,6.279299999999999926e+01,6.000000000000000000e+01,1.000000000000000000e+00
2.569000000000000000e+03,5.000000000000001421e+01,-2.375212555022501704e+01,8.498678814875682974e+01,-6.832615766258902656e-01,-1.055140102190591378e+01,5.485000000000000142e+01,6.279299999999999926e+01,6.000000000000000000e+01,1.000000000000000000e+00
2.570000000000000000e+03,5.000000000000000000e+01,-2.375212555022501704e+01,8.495695727976895739e+01,-6.534308664089117924e-01,-1.055140086313503112e+01,5.485000000000000142e+01,6.279299999999999926e+01,6.000000000000000000e+01,1.000000000000000000e+00
2.571000000000000000e+03,4.999999999999999289e+01,-2.375212555022501704e+01,8.492842879930317679e+01,-6.249025435974182585e-01,-1.055140070548075037e+01,5.485000000000000142e+01,6.279299999999999926e+01,6.000000000000000000e+01,1.000000000000000000e+00
2.572000000000000000e+03,5.000000000000000000e+01,-2.375212555022501704e+01,8.490114584605194636e+01,-5.976197468917078259e-01,-1.055140054893521828e+01,5.485000000000000142e+01,6.279299999999999926e+01,6.000000000000000000e+01,1.000000000000000000e+00
2.573000000000000000e+03,5.000000000000000000e+01,-2.375212555022501704e+01,8.487505404123128017e+01,-5.715280975156274978e-01,-1.055140039349064018e+01,5.485000000000000142e+01,6.279299999999999926e+01,6.000000000000000000e+01,1.000000000000000000e+00
2.574000000000000000e+03,5.000000000000000000e+01,-2.375212555022501704e+01,8.485010138019566739e+01,-5.465755908313760791e-01,-1.055140023913927294e+01,5.485000000000000142e+01,6.279299999999999926e+01,6.000000000000000000e+01,1.000000000000000000e+00
2.575000000000000000e+03,5.000000000000000000e+01,-2.375212555022501704e+01,8.482623812878476599e+01,-5.227124926863270238e-01,-1.055140008587342493e+01,5.485000000000000142e+01,6.279299999999999926e+01,6.000000000000000000e+01,1.000000000000000000e+00
2.576000000000000000e+03,5.000000000000000000e+01,-2.375212555022501704e+01,8.480341672419575616e+01,-4.998912402852748738e-01,-1.055139993368546669e+01,5.485000000000000142e+01,6.279299999999999926e+01,6.000000000000000000e+01,1.000000000000000000e+00
2.577000000000000000e+03,4.999999999999999289e+01,-2.375212555022501704e+01,8.478159168018335379e+01,-4.780663473905279459e-01,-1.055139978256781319e+01,5.485000000000000142e+01,6.279299999999999926e+01,6.000000000000000000e+01,1.000000000000000000e+00
2.578000000000000000e+03,4.999999999999999289e+01,-2.346206434181863898e+01,8.419326094383539782e+01,-1.797969695038258431e-01,-1.055139963251293800e+01,5.485000000000000142e+01,6.269599999999999795e+01,6.000000000000000000e+01,1.000000000000000000e+00
2.579000000000000000e+03,4.999999999999999289e+01,-2.336637404626190673e+01,8.399820816668170664e+01,-8.043463690643502806e-02,-1.055139948351336976e+01,5.485000000000000142e+01,6.266400000000000148e+01,6.000000000000000000e+01,1.000000000000000000e+00
2.580000000000000000e+03,4.999999999999999289e+01,-2.336637404626190673e+01,8.399469630019198974e+01,-7.692291836840063624e-02,-1.055139933556168508e+01,5.485000000000000142e+01,6.266400000000000148e+01,6.000000000000000000e+01,1.000000000000000000e+00
2.581000000000000000e+03,4.999999999999998579e+01,-2.346206434181863898e+01,8.417854057531880585e+01,-1.650770448496663434e-01,-1.055139918865051385e+01,5.485000000000000142e+01,6.269599999999999795e+01,6.000000000000000000e+01,1.000000000000000000e+00
2.582000000000000000e+03,5.000000000000001421e+01,-2.327068375070515316e+01,8.379692764117180559e+01,2.515515230589937534e-02,-1.055139904277253926e+01,5.485000000000000142e+01,6.263199999999999790e+01,6.000000000000000000e+01,1.000000000000000000e+00
2.583000000000000000e+03,4.999999999999999289e+01,-2.336637404626190673e+01,8.398522857368564587e+01,-6.745562950324883456e-02,-1.055139889792049246e+01,5.485000000000000142e+01,6.266400000000000148e+01,6.000000000000000000e+01,1.000000000000000000e+00
2.584000000000000000e+03,5.000000000000000000e+01,-2.356074495911153122e+01,8.436253909656467442e+01,-2.503953833659863792e-01,-1.055139875408715966e+01,5.485000000000000142e+01,6.272899999999999920e+01,6.000000000000000000e+01,1.000000000000000000e+00
2.585000000000000000e+03,5.000000000000000000e+01,-2.307631283785552867e+01,8.340389258729322819e+01,2.238188618276740205e-01,-1.055139861126537859e+01,5.485000000000000142e+01,6.256700000000000017e+01,6.000000000000000000e+01,1.000000000000000000e+00
2.586000000000000000e+03,5.000000000000000711e+01,-2.307631283785552867e+01,8.341366421640034901e+01,2.140470909032115288e-01,-1.055139846944803317e+01,5.485000000000000142e+01,6.256700000000000017e+01,6.000000000000000000e+01,1.000000000000000000e+00
2.587000000000000000e+03,4.999999999999999289e+01,-2.278924195118529283e+01,8.286140075360449941e+01,4.792395262088445795e-01,-1.055139832862805882e+01,5.485000000000000142e+01,6.247099999999999653e+01,6.000000000000000000e+01,1.000000000000000000e+00
2.588000000000000000e+03,5.000000000000000000e+01,-2.288493224674204640e+01,8.306952668911425519e+01,3.668037464262283720e-01,-1.055139818879844071e+01,5.485000000000000142e+01,6.250300000000000011e+01,6.000000000000000000e+01,1.000000000000000000e+00
2.589000000000000000e+03,5.000000000000000000e+01,-2.278924195118529283e+01,8.289833811720269807e+01,4.423018839348086262e-01,-1.055139804995221731e+01,5.485000000000000142e+01,6.247099999999999653e+01,6.000000000000000000e+01,1.000000000000000000e+00
2.590000000000000000e+03,4.999999999999998579e+01,-2.278924195118529283e+01,8.291764856224796176e+01,4.229913010197866585e-01,-1.055139791208247146e+01,5.485000000000000142e+01,6.247099999999999653e+01,6.000000000000000000e+01,1.000000000000000000e+00
2.591000000000000000e+03,5.000000000000001421e+01,-2.278924195118529283e+01,8.293611592206752903e+01,4.045238043001038175e-01,-1.055139777518233402e+01,5.485000000000000142e+01,6.247099999999999653e+01,6.000000000000000000e+01,1.000000000000000000e+00
2.592000000000000000e+03,5.000000000000001421e+01,-2.278924195118529283e+01,8.295377700519293285e+01,3.868625852373592244e-01,-1.055139763924498908e+01,5.485000000000000142e+01,6.247099999999999653e+01,6.000000000000000000e+01,1.000000000000000000e+00
2.593000000000000000e+03,5.000000000000000711e+01,-2.259487103833566835e+01,8.259041128202223092e+01,5.558572605771046060e-01,-1.055139750426366163e+01,5.485000000000000142e+01,6.240599999999999881e+01,6.000000000000000000e+01,1.000000000000000000e+00
2.594000000000000000e+03,4.999999999999999289e+01,-2.259487103833566835e+01,8.261467947717703453e+01,5.315889313902606439e-01,-1.055139737023163171e+01,5.485000000000000142e+01,6.240599999999999881e+01,6.000000000000000000e+01,1.000000000000000000e+00
2.595000000000000000e+03,5.000000000000000711e+01,-2.269056133389241836e+01,8.282509095689817968e+01,4.168676141364614507e-01,-1.055139723714222022e+01,5.485000000000000142e+01,6.243800000000000239e+01,6.000000000000000000e+01,1.000000000000000000e+00
2.596000000000000000e+03,4.999999999999998579e+01,-2.269056133389241836e+01,8.284329096568865225e+01,3.986674731925535231e-01,-1.055139710498879957e+01,5.485000000000000142e+01,6.243800000000000239e+01,6.000000000000000000e+01,1.000000000000000000e+00
2.597000000000000000e+03,5.000000000000000000e+01,-2.278924195118529283e+01,8.305374927994792245e+01,2.868896450021543587e-01,-1.055139697376478658e+01,5.485000000000000142e+01,6.247099999999999653e+01,6.000000000000000000e+01,1.000000000000000000e+00
2.598000000000000000e+03,5.000000000000000000e+01,-2.278924195118529283e+01,8.306627454571335534e+01,2.743642489355803682e-01,-1.055139684346364781e+01,5.485000000000000142e+01,6.247099999999999653e+01,6.000000000000000000e+01,1.000000000000000000e+00
2.599000000000000000e+03,5.000000000000000000e+01,-2.269056133389241836e+01,8.288520005295453075e+01,3.567579950167770741e-01,-1.055139671407888891e+01,5.485000000000000142e+01,6.243800000000000239e+01,6.000000000000000000e+01,1.000000000000000000e+00
2.600000000000000000e+03,5.000000000000001421e+01,-2.259487103833566835e+01,8.271357290111535576e+01,4.326947228243859800e-01,-1.055139658560406346e+01,5.485000000000000142e+01,6.240599999999999881e+01,6.000000000000000000e+01,1.000000000000000000e+00
2.601000000000000000e+03,5.000000000000000000e+01,-2.278924195118529283e+01,8.311271964579702853e+01,2.279187634210367575e-01,-1.055139645803277659e+01,5.485000000000000142e+01,6.247099999999999653e+01,6.000000000000000000e+01,1.000000000000000000e+00
2.602000000000000000e+03,4.999999999999999289e+01,-2.278924195118529283e+01,8.312267028880940245e+01,2.179679937345573859e-01,-1.055139633135867250e+01,5.485000000000000142e+01,6.247099999999999653e+01,6.000000000000000000e+01,1.000000000000000000e+00
2.603000000000000000e+03,5.000000000000000000e+01,-2.240349044722218252e+01,8.237752511521985355e+01,5.773615375777757519e-01,-1.055139620557544156e+01,5.485000000000000142e+01,6.234199999999999875e+01,6.000000000000000000e+01,1.000000000000000000e+00
2.604000000000000000e+03,5.000000000000000711e+01,-2.269056133389241836e+01,8.296434064520599350e+01,2.776167693632500266e-01,-1.055139608067681678e+01,5.485000000000000142e+01,6.243800000000000239e+01,6.000000000000000000e+01,1.000000000000000000e+00
2.605000000000000000e+03,5.000000000000000711e+01,-2.269056133389241836e+01,8.297646107015492589e+01,2.654962203940764431e-01,-1.055139595665657914e+01,5.485000000000000142e+01,6.243800000000000239e+01,6.000000000000000000e+01,1.000000000000000000e+00
2.606000000000000000e+03,5.000000000000000711e+01,-2.230780015166545027e+01,8.223924103564726806e+01,6.199549495267329124e-01,-1.055139583350854871e+01,5.485000000000000142e+01,6.231000000000000227e+01,6.000000000000000000e+01,1.000000000000000000e+00
2.607000000000000000e+03,5.000000000000000000e+01,-2.230780015166545027e+01,8.226630770166363504e+01,5.928881612284068181e-01,-1.055139571122659348e+01,5.485000000000000142e+01,6.231000000000000227e+01,6.000000000000000000e+01,1.000000000000000000e+00
2.608000000000000000e+03,5.000000000000000000e+01,-2.220911953437255804e+01,8.209913974234746092e+01,6.613753818297224418e-01,-1.055139558980462411e+01,5.485000000000000142e+01,6.227700000000000102e+01,6.000000000000000000e+01,1.000000000000000000e+00
2.609000000000000000e+03,5.000000000000000711e+01,-2.201773894325907222e+01,8.175360915350580626e+01,8.155252589898668303e-01,-1.055139546923658855e+01,5.485000000000000142e+01,6.221300000000000097e+01,6.000000000000000000e+01,1.000000000000000000e+00
2.610000000000000000e+03,4.999999999999999289e+01,-2.220911953437255804e+01,8.216361992440813822e+01,5.968949594809012105e-01,-1.055139534951648450e+01,5.485000000000000142e+01,6.227700000000000102e+01,6.000000000000000000e+01,1.000000000000000000e+00
2.611000000000000000e+03,5.000000000000000711e+01,-2.182336803040944773e+01,8.143501843718009070e+01,9.397448238677124088e-01,-1.055139523063834694e+01,5.485000000000000142e+01,6.214800000000000324e+01,6.000000000000000000e+01,1.000000000000000000e+00
2.612000000000000000e+03,5.000000000000000711e+01,-2.192204864770232220e+01,8.166909981354591253e+01,8.043439467526717346e-01,-1.055139511259625351e+01,5.485000000000000142e+01,6.218099999999999739e+01,6.000000000000000000e+01,1.000000000000000000e+00
2.613000000000000000e+03,5.000000000000000711e+01,-2.182336803040944773e+01,8.151116386632298827e+01,8.635991594707962404e-01,-1.055139499538432624e+01,5.485000000000000142e+01,6.214800000000000324e+01,6.000000000000000000e+01,1.000000000000000000e+00
2.614000000000000000e+03,5.000000000000002132e+01,-2.182336803040944773e+01,8.154886786963288614e+01,8.258950397733044735e-01,-1.055139487899672623e+01,5.485000000000000142e+01,6.214800000000000324e+01,6.000000000000000000e+01,1.000000000000000000e+00
2.615000000000000000e+03,4.999999999999999289e+01,-2.182336803040944773e+01,8.158492573894680788e+01,7.898370548902953203e-01,-1.055139476342765725e+01,5.485000000000000142e+01,6.214800000000000324e+01,6.000000000000000000e+01,1.000000000000000000e+00
2.616000000000000000e+03,5.000000000000000000e+01,-2.182336803040944773e+01,8.161940934332399422e+01,7.553533357568179563e-01,-1.055139464867136212e+01,5.485000000000000142e+01,6.214800000000000324e+01,6.000000000000000000e+01,1.000000000000000000e+00
2.617000000000000000e+03,5.000000000000001421e+01,-2.172767773485269771e+01,8.146518459260759926e+01,8.138876769672300782e-01,-1.055139453472212452e+01,5.485000000000000142e+01,6.211599999999999966e+01,6.000000000000000000e+01,1.000000000000000000e+00
2.618000000000000000e+03,5.000000000000001421e+01,-2.144060684818247964e+01,8.093910976710488114e+01,1.052891502651881028e+00,-1.055139442157426721e+01,5.485000000000000142e+01,6.202000000000000313e+01,6.000000000000000000e+01,1.000000000000000000e+00
2.619000000000000000e+03,5.000000000000002132e+01,-2.172767773485269771e+01,8.154668660673496561e+01,7.323854373399061313e-01,-1.055139430922215560e+01,5.485000000000000142e+01,6.211599999999999966e+01,6.000000000000000000e+01,1.000000000000000000e+00
2.620000000000000000e+03,4.999999999999999289e+01,-2.144060684818247964e+01,8.101705345351125231e+01,9.749475923314143699e-01,-1.055139419766019238e+01,5.485000000000000142e+01,6.202000000000000313e+01,6.000000000000000000e+01,1.000000000000000000e+00
2.621000000000000000e+03,5.000000000000000000e+01,-2.115054563977610158e+01,8.049216030255765020e+01,1.209779424101268042e+00,-1.055139408688282288e+01,5.485000000000000142e+01,6.192300000000000182e+01,6.000000000000000000e+01,1.000000000000000000e+00
2.622000000000000000e+03,5.000000000000000711e+01,-2.134192623088958740e+01,8.091938393716571909e+01,9.739362706083961596e-01,-1.055139397688452796e+01,5.485000000000000142e+01,6.198700000000000188e+01,6.000000000000000000e+01,1.000000000000000000e+00
2.623000000000000000e+03,5.000000000000000711e+01,-2.086048443136972708e+01,8.002004099125549885e+01,1.391837307774058230e+00,-1.055139386765982756e+01,5.485000000000000142e+01,6.182600000000000051e+01,6.000000000000000000e+01,1.000000000000000000e+00
2.624000000000000000e+03,5.000000000000001421e+01,-2.095617472692645578e+01,8.026801032252146229e+01,1.239558163608285302e+00,-1.055139375920328249e+01,5.485000000000000142e+01,6.185799999999999699e+01,6.000000000000000000e+01,1.000000000000000000e+00
2.625000000000000000e+03,5.000000000000000000e+01,-2.086048443136972708e+01,8.013492561344293108e+01,1.276952469436287041e+00,-1.055139365150948905e+01,5.485000000000000142e+01,6.182600000000000051e+01,6.000000000000000000e+01,1.000000000000000000e+00
2.626000000000000000e+03,5.000000000000000000e+01,-2.076479413581297351e+01,8.000347351368498039e+01,1.312714166701086649e+00,-1.055139354457308443e+01,5.485000000000000142e+01,6.179399999999999693e+01,6.000000000000000000e+01,1.000000000000000000e+00
2.627000000000000000e+03,4.999999999999999289e+01,-2.086048443136972708e+01,8.024798838765227060e+01,1.163889482106195583e+00,-1.055139343838874133e+01,5.485000000000000142e+01,6.182600000000000051e+01,6.000000000000000000e+01,1.000000000000000000e+00
2.628000000000000000e+03,5.000000000000000000e+01,-2.076479413581297351e+01,8.011160004048542760e+01,1.204587428278719896e+00,-1.055139333295117154e+01,5.485000000000000142e+01,6.179399999999999693e+01,6.000000000000000000e+01,1.000000000000000000e+00
2.629000000000000000e+03,5.000000000000000000e+01,-2.086048443136972708e+01,8.035139418011900148e+01,1.060483479505844429e+00,-1.055139322825512238e+01,5.485000000000000142e+01,6.182600000000000051e+01,6.000000000000000000e+01,1.000000000000000000e+00
2.630000000000000000e+03,5.000000000000000000e+01,-2.086048443136972708e+01,8.039769402401122989e+01,1.014183531653876980e+00,-1.055139312429537846e+01,5.485000000000000142e+01,6.182600000000000051e+01,6.000000000000000000e+01,1.000000000000000000e+00
2.631000000000000000e+03,5.000000000000000000e+01,-2.076479413581297351e+01,8.025476962466585462e+01,1.061417532213879023e+00,-1.055139302106676169e+01,5.485000000000000142e+01,6.179399999999999693e+01,6.000000000000000000e+01,1.000000000000000000e+00
2.632000000000000000e+03,5.000000000000000000e+01,-2.086048443136972708e+01,8.048831307155052173e+01,9.235642783833353242e-01,-1.055139291856413131e+01,5.485000000000000142e+01,6.182600000000000051e+01,6.000000000000000000e+01,1.000000000000000000e+00
2.633000000000000000e+03,4.999999999999999289e+01,-2.057042322296334902e+01,7.996117657097146036e+01,1.160639468774264271e+00,-1.055139281678238028e+01,5.485000000000000142e+01,6.172899999999999920e+01,6.000000000000000000e+01,1.000000000000000000e+00
2.634000000000000000e+03,5.000000000000000711e+01,-2.028335233629313095e+01,7.945024069199754990e+01,1.384504360012031698e+00,-1.055139271571643889e+01,5.485000000000000142e+01,6.163300000000000267e+01,6.000000000000000000e+01,1.000000000000000000e+00
2.635000000000000000e+03,5.000000000000000711e+01,-2.037904263184986320e+01,7.969788988012675190e+01,1.232545367084391552e+00,-1.055139261536127471e+01,5.485000000000000142e+01,6.166499999999999915e+01,6.000000000000000000e+01,1.000000000000000000e+00
2.636000000000000000e+03,5.000000000000000000e+01,-2.028335233629313095e+01,7.956449900542784803e+01,1.270245846577167326e+00,-1.055139251571188552e+01,5.485000000000000142e+01,6.163300000000000267e+01,6.000000000000000000e+01,1.000000000000000000e+00
2.637000000000000000e+03,4.999999999999999289e+01,-1.999329112788675644e+01,7.905249837621627762e+01,1.492185168433781906e+00,-1.055139241676331174e+01,5.485000000000000142e+01,6.153600000000000136e+01,6.000000000000000000e+01,1.000000000000000000e+00
2.638000000000000000e+03,5.000000000000000000e+01,-2.028335233629313095e+01,7.968510456438534106e+01,1.149640090418417193e+00,-1.055139231851062220e+01,5.485000000000000142e+01,6.163300000000000267e+01,6.000000000000000000e+01,1.000000000000000000e+00
2.639000000000000000e+03,5.000000000000000711e+01,-2.008898142344348514e+01,7.935504119724177485e+01,1.285332447150642432e+00,-1.055139222094892482e+01,5.485000000000000142e+01,6.156799999999999784e+01,6.000000000000000000e+01,1.000000000000000000e+00
2.640000000000000000e+03,5.000000000000001421e+01,-2.008898142344348514e+01,7.941115779282354481e+01,1.229215754693304907e+00,-1.055139212407335592e+01,5.485000000000000142e+01,6.156799999999999784e+01,6.000000000000000000e+01,1.000000000000000000e+00
2.641000000000000000e+03,5.000000000000000000e+01,-2.037904263184986320e+01,8.003228292711932568e+01,8.981517326096366549e-01,-1.055139202787909625e+01,5.485000000000000142e+01,6.166499999999999915e+01,6.000000000000000000e+01,1.000000000000000000e+00
2.642000000000000000e+03,5.000000000000000000e+01,-2.018766204073638093e+01,7.969708984892348269e+01,1.041964124174250994e+00,-1.055139193236134965e+01,5.485000000000000142e+01,6.160099999999999909e+01,6.000000000000000000e+01,1.000000000000000000e+00
2.643000000000000000e+03,4.999999999999998579e+01,-1.999329112788675644e+01,7.936232542906351739e+01,1.182357536338585868e+00,-1.055139183751535903e+01,5.485000000000000142e+01,6.153600000000000136e+01,6.000000000000000000e+01,1.000000000000000000e+00
2.644000000000000000e+03,4.999999999999998579e+01,-1.999329112788675644e+01,7.941394621661707731e+01,1.130736654606070646e+00,-1.055139174333640106e+01,5.485000000000000142e+01,6.153600000000000136e+01,6.000000000000000000e+01,1.000000000000000000e+00
2.645000000000000000e+03,4.999999999999998579e+01,-2.028335233629313095e+01,8.003077182673632706e+01,8.039721593765805085e-01,-1.055139164981978439e+01,5.485000000000000142e+01,6.163300000000000267e+01,6.000000000000000000e+01,1.000000000000000000e+00
2.646000000000000000e+03,4.999999999999999289e+01,-2.018766204073638093e+01,7.987866976006701236e+01,8.603838376302175295e-01,-1.055139155696085140e+01,5.485000000000000142e+01,6.160099999999999909e+01,6.000000000000000000e+01,1.000000000000000000e+00
2.647000000000000000e+03,5.000000000000000000e+01,-2.018766204073638093e+01,7.991623340891396765e+01,8.228200965773940778e-01,-1.055139146475497647e+01,5.485000000000000142e+01,6.160099999999999909e+01,6.000000000000000000e+01,1.000000000000000000e+00
2.648000000000000000e+03,5.000000000000000000e+01,-2.066910384025624126e+01,8.089402124791770632e+01,3.264739655361001414e-01,-1.055139137319756593e+01,5.485000000000000142e+01,6.176200000000000045e+01,6.000000000000000000e+01,1.000000000000000000e+00
2.649000000000000000e+03,5.000000000000000711e+01,-2.086048443136972708e+01,8.128268041903325525e+01,1.291952946205357222e-01,-1.055139128228405987e+01,5.485000000000000142e+01,6.182600000000000051e+01,6.000000000000000000e+01,1.000000000000000000e+00
2.650000000000000000e+03,5.000000000000000711e+01,-2.066910384025624126e+01,8.091391525970027487e+01,3.065797725659015760e-01,-1.055139119200992859e+01,5.485000000000000142e+01,6.176200000000000045e+01,6.000000000000000000e+01,1.000000000000000000e+00
2.651000000000000000e+03,5.000000000000000000e+01,-2.086048443136972708e+01,8.130170586589844106e+01,1.101696678419636644e-01,-1.055139110237067790e+01,5.485000000000000142e+01,6.182600000000000051e+01,6.000000000000000000e+01,1.000000000000000000e+00
2.652000000000000000e+03,4.999999999999999289e+01,-2.066910384025624126e+01,8.093211006261587670e+01,2.883847910021982708e-01,-1.055139101336184204e+01,5.485000000000000142e+01,6.176200000000000045e+01,6.000000000000000000e+01,1.000000000000000000e+00
2.653000000000000000e+03,5.000000000000000000e+01,-2.047473292740661677e+01,8.056444491620204928e+01,4.616789361835571537e-01,-1.055139092497898545e+01,5.485000000000000142e+01,6.169700000000000273e+01,6.000000000000000000e+01,1.000000000000000000e+00
2.654000000000000000e+03,4.999999999999999289e+01,-2.057042322296334902e+01,8.077180422101875479e+01,3.500098391622989968e-01,-1.055139083721770810e+01,5.485000000000000142e+01,6.172899999999999920e+01,6.000000000000000000e+01,1.000000000000000000e+00
2.655000000000000000e+03,5.000000000000000000e+01,-2.086048443136972708e+01,8.135454386489500678e+01,5.733131654835871283e-02,-1.055139075007363658e+01,5.485000000000000142e+01,6.182600000000000051e+01,6.000000000000000000e+01,1.000000000000000000e+00
2.656000000000000000e+03,5.000000000000000000e+01,-2.047473292740661677e+01,8.060238544848324693e+01,4.237381424658060447e-01,-1.055139066354243305e+01,5.485000000000000142e+01,6.169700000000000273e+01,6.000000000000000000e+01,1.000000000000000000e+00
2.657000000000000000e+03,5.000000000000000000e+01,-2.047473292740661677e+01,8.062088546584197957e+01,4.052380391844250251e-01,-1.055139057761978449e+01,5.485000000000000142e+01,6.169700000000000273e+01,6.000000000000000000e+01,1.000000000000000000e+00
2.658000000000000000e+03,4.999999999999998579e+01,-2.086048443136972708e+01,8.139323915659660713e+01,1.863576707452424541e-02,-1.055139049230141168e+01,5.485000000000000142e+01,6.182600000000000051e+01,6.000000000000000000e+01,1.000000000000000000e+00
2.659000000000000000e+03,5.000000000000000000e+01,-2.057042322296334902e+01,8.082659414353472016e+01,2.952194870116937042e-01,-1.055139040758306557e+01,5.485000000000000142e+01,6.172899999999999920e+01,6.000000000000000000e+01,1.000000000000000000e+00
2.660000000000000000e+03,5.000000000000000000e+01,-2.076479413581297351e+01,8.121973886150369992e+01,9.644559776980568544e-02,-1.055139032346052730e+01,5.485000000000000142e+01,6.179399999999999693e+01,6.000000000000000000e+01,1.000000000000000000e+00
2.661000000000000000e+03,5.000000000000001421e+01,-2.037904263184986320e+01,8.046928814954709708e+01,4.611447222323806772e-01,-1.055139023992960645e+01,5.485000000000000142e+01,6.166499999999999915e+01,6.000000000000000000e+01,1.000000000000000000e+00
2.662000000000000000e+03,5.000000000000000000e+01,-2.086048443136972708e+01,8.143128550981148805e+01,-1.941092145561862381e-02,-1.055139015698614102e+01,5.485000000000000142e+01,6.182600000000000051e+01,6.000000000000000000e+01,1.000000000000000000e+00
2.663000000000000000e+03,5.000000000000000000e+01,-2.037904263184986320e+01,8.048857376505540628e+01,4.418589414204573407e-01,-1.055139007462600098e+01,5.485000000000000142e+01,6.166499999999999915e+01,6.000000000000000000e+01,1.000000000000000000e+00
2.664000000000000000e+03,5.000000000000001421e+01,-2.018766204073638093e+01,8.013345928470869239e+01,6.055927488727873564e-01,-1.055138999284508117e+01,5.485000000000000142e+01,6.160099999999999909e+01,6.000000000000000000e+01,1.000000000000000000e+00
2.665000000000000000e+03,4.999999999999998579e+01,-2.047473292740661677e+01,8.072150741281780029e+01,3.046154262281199343e-01,-1.055138991163930839e+01,5.485000000000000142e+01,6.169700000000000273e+01,6.000000000000000000e+01,1.000000000000000000e+00
2.666000000000000000e+03,5.000000000000000000e+01,-2.037904263184986320e+01,8.054760380167610379e+01,3.828286611784025295e-01,-1.055138983100464145e+01,5.485000000000000142e+01,6.166499999999999915e+01,6.000000000000000000e+01,1.000000000000000000e+00
2.667000000000000000e+03,5.000000000000000000e+01,-2.047473292740661677e+01,8.075152056775240794e+01,2.746021105912779259e-01,-1.055138975093706044e+01,5.485000000000000142e+01,6.169700000000000273e+01,6.000000000000000000e+01,1.000000000000000000e+00
2.668000000000000000e+03,5.000000000000001421e+01,-2.037904263184986320e+01,8.057630659791378491e+01,3.541257053686630574e-01,-1.055138967143257744e+01,5.485000000000000142e+01,6.166499999999999915e+01,6.000000000000000000e+01,1.000000000000000000e+00
2.669000000000000000e+03,4.999999999999998579e+01,-1.999329112788675644e+01,7.983710601916320115e+01,7.075747012107754808e-01,-1.055138959248723118e+01,5.485000000000000142e+01,6.153600000000000136e+01,6.000000000000000000e+01,1.000000000000000000e+00
2.670000000000000000e+03,5.000000000000000000e+01,-2.028335233629313095e+01,8.043545669712898416e+01,3.992851532612451959e-01,-1.055138951409709236e+01,5.485000000000000142e+01,6.163300000000000267e+01,6.000000000000000000e+01,1.000000000000000000e+00
2.671000000000000000e+03,5.000000000000000711e+01,-1.989760083233000287e+01,7.969822774857939862e+01,7.507625200088592354e-01,-1.055138943625825654e+01,5.485000000000000142e+01,6.150399999999999778e+01,6.000000000000000000e+01,1.000000000000000000e+00
2.672000000000000000e+03,4.999999999999999289e+01,-1.999329112788675644e+01,7.991820824572752713e+01,6.264722411260695845e-01,-1.055138935896684593e+01,5.485000000000000142e+01,6.153600000000000136e+01,6.000000000000000000e+01,1.000000000000000000e+00
2.673000000000000000e+03,4.999999999999998579e+01,-1.989760083233000287e+01,7.975835667608903634e+01,6.906334384599629450e-01,-1.055138928221901118e+01,5.485000000000000142e+01,6.150399999999999778e+01,6.000000000000000000e+01,1.000000000000000000e+00
2.674000000000000000e+03,5.000000000000000711e+01,-1.989760083233000287e+01,7.978850916029654172e+01,6.604808780443859328e-01,-1.055138920601092600e+01,5.485000000000000142e+01,6.150399999999999778e+01,6.000000000000000000e+01,1.000000000000000000e+00
2.675000000000000000e+03,4.999999999999999289e+01,-1.989760083233000287e+01,7.981734520588574355e+01,6.316447567830473231e-01,-1.055138913033879611e+01,5.485000000000000142e+01,6.150399999999999778e+01,6.000000000000000000e+01,1.000000000000000000e+00
2.676000000000000000e+03,5.000000000000000000e+01,-1.989760083233000287e+01,7.984492228764187871e+01,6.040675998869764474e-01,-1.055138905519885206e+01,5.485000000000000142e+01,6.150399999999999778e+01,6.000000000000000000e+01,1.000000000000000000e+00
2.677000000000000000e+03,4.999999999999997868e+01,-1.999329112788675644e+01,8.005849819250633459e+01,4.861819159677562840e-01,-1.055138898058735286e+01,5.485000000000000142e+01,6.153600000000000136e+01,6.000000000000000000e+01,1.000000000000000000e+00
2.678000000000000000e+03,4.999999999999998579e+01,-2.008898142344348514e+01,8.026692729351482569e+01,3.734430364292307125e-01,-1.055138890650058059e+01,5.485000000000000142e+01,6.156799999999999784e+01,6.000000000000000000e+01,1.000000000000000000e+00
2.679000000000000000e+03,4.999999999999999289e+01,-1.999329112788675644e+01,8.009602865352185574e+01,4.486513072997395657e-01,-1.055138883293484575e+01,5.485000000000000142e+01,6.153600000000000136e+01,6.000000000000000000e+01,1.000000000000000000e+00
2.680000000000000000e+03,4.999999999999999289e+01,-1.989760083233000287e+01,7.992841355319286833e+01,5.205760390236110480e-01,-1.055138875988648373e+01,5.485000000000000142e+01,6.150399999999999778e+01,6.000000000000000000e+01,1.000000000000000000e+00
2.681000000000000000e+03,5.000000000000001421e+01,-1.989760083233000287e+01,7.995114145702522990e+01,4.978480626566353373e-01,-1.055138868735185476e+01,5.485000000000000142e+01,6.150399999999999778e+01,6.000000000000000000e+01,1.000000000000000000e+00
2.682000000000000000e+03,5.000000000000001421e+01,-1.989760083233000287e+01,7.997287707422611902e+01,4.761123734312396882e-01,-1.055138861532734751e+01,5.485000000000000142e+01,6.150399999999999778e+01,6.000000000000000000e+01,1.000000000000000000e+00
2.683000000000000000e+03,4.999999999999999289e+01,-1.989760083233000287e+01,7.999366372733661024e+01,4.553256488027572213e-01,-1.055138854380937374e+01,5.485000000000000142e+01,6.150399999999999778e+01,6.000000000000000000e+01,1.000000000000000000e+00
2.684000000000000000e+03,5.000000000000000711e+01,-1.970322991948037838e+01,7.963328711636744117e+01,6.213312759073137403e-01,-1.055138847279437186e+01,5.485000000000000142e+01,6.143900000000000006e+01,6.000000000000000000e+01,1.000000000000000000e+00
2.685000000000000000e+03,4.999999999999999289e+01,-1.989760083233000287e+01,8.004066965467168870e+01,4.083195799371071022e-01,-1.055138840227880337e+01,5.485000000000000142e+01,6.150399999999999778e+01,6.000000000000000000e+01,1.000000000000000000e+00
2.686000000000000000e+03,5.000000000000000000e+01,-1.989760083233000287e+01,8.005849652455574983e+01,3.904926400333995629e-01,-1.055138833225915462e+01,5.485000000000000142e+01,6.150399999999999778e+01,6.000000000000000000e+01,1.000000000000000000e+00
2.687000000000000000e+03,5.000000000000000711e+01,-1.989760083233000287e+01,8.007554508352632183e+01,3.734440115356240097e-01,-1.055138826273194219e+01,5.485000000000000142e+01,6.150399999999999778e+01,6.000000000000000000e+01,1.000000000000000000e+00
2.688000000000000000e+03,4.999999999999999289e+01,-1.989760083233000287e+01,8.009184931209748015e+01,3.571397139262111886e-01,-1.055138819369369862e+01,5.485000000000000142e+01,6.150399999999999778e+01,6.000000000000000000e+01,1.000000000000000000e+00
2.689000000000000000e+03,5.000000000000000711e+01,-1.989760083233000287e+01,8.010744170721838486e+01,3.415472502526089582e-01,-1.055138812514098845e+01,5.485000000000000142e+01,6.150399999999999778e+01,6.000000000000000000e+01,1.000000000000000000e+00
2.690000000000000000e+03,5.000000000000000000e+01,-1.999329112788675644e+01,8.030955616850874890e+01,2.351230164484016116e-01,-1.055138805707039751e+01,5.485000000000000142e+01,6.153600000000000136e+01,6.000000000000000000e+01,1.000000000000000000e+00
2.691000000000000000e+03,4.999999999999998579e+01,-1.989760083233000287e+01,8.013261858165745366e+01,3.163702401510670170e-01,-1.055138798947853118e+01,5.485000000000000142e+01,6.150399999999999778e+01,6.000000000000000000e+01,1.000000000000000000e+00
2.692000000000000000e+03,5.000000000000000000e+01,-1.989760083233000287e+01,8.014643101224034183e+01,3.025577424516833758e-01,-1.055138792236202328e+01,5.485000000000000142e+01,6.150399999999999778e+01,6.000000000000000000e+01,1.000000000000000000e+00
2.693000000000000000e+03,5.000000000000000000e+01,-1.989760083233000287e+01,8.015964039955571252e+01,2.893482884918258669e-01,-1.055138785571753246e+01,5.485000000000000142e+01,6.150399999999999778e+01,6.000000000000000000e+01,1.000000000000000000e+00
2.694000000000000000e+03,4.999999999999999289e+01,-1.989760083233000287e+01,8.017227307205723719e+01,2.767155498144915349e-01,-1.055138778954173695e+01,5.485000000000000142e+01,6.150399999999999778e+01,6.000000000000000000e+01,1.000000000000000000e+00
2.695000000000000000e+03,5.000000000000000000e+01,-1.989760083233000287e+01,8.018435420871712438e+01,2.646343474442203192e-01,-1.055138772383134338e+01,5.485000000000000142e+01,6.150399999999999778e+01,6.000000000000000000e+01,1.000000000000000000e+00
2.696000000000000000e+03,5.000000000000001421e+01,-1.980191053677327062e+01,8.000870506774732860e+01,3.445931276090318240e-01,-1.055138765858307615e+01,5.485000000000000142e+01,6.147200000000000131e+01,6.000000000000000000e+01,1.000000000000000000e+00
2.697000000000000000e+03,5.000000000000000000e+01,-1.989760083233000287e+01,8.021095251313890628e+01,2.380359129847837707e-01,-1.055138759379368807e+01,5.485000000000000142e+01,6.150399999999999778e+01,6.000000000000000000e+01,1.000000000000000000e+00
2.698000000000000000e+03,4.999999999999999289e+01,-1.970322991948037838e+01,7.984108919488366496e+01,4.135282540566600495e-01,-1.055138752945994973e+01,5.485000000000000142e+01,6.143900000000000006e+01,6.000000000000000000e+01,1.000000000000000000e+00
2.699000000000000000e+03,5.000000000000000711e+01,-1.970322991948037838e+01,7.985914347788109069e+01,3.954739071779512782e-01,-1.055138746557865836e+01,5.485000000000000142e+01,6.143900000000000006e+01,6.000000000000000000e+01,1.000000000000000000e+00
2.700000000000000000e+03,4.999999999999999289e+01,-1.989760083233000287e+01,8.025666525259565276e+01,1.923229818809708280e-01,-1.055138740214663073e+01,5.485000000000000142e+01,6.150399999999999778e+01,6.000000000000000000e+01,1.000000000000000000e+00
2.701000000000000000e+03,5.000000000000001421e+01,-1.980191053677327062e+01,8.007785905154882755e+01,2.754388243851627616e-01,-1.055138733916070848e+01,5.485000000000000142e+01,6.147200000000000131e+01,6.000000000000000000e+01,1.000000000000000000e+00
2.702000000000000000e+03,4.999999999999999289e+01,-1.980191053677327062e+01,8.008988445045989124e+01,2.634133629311260494e-01,-1.055138727661775278e+01,5.485000000000000142e+01,6.147200000000000131e+01,6.000000000000000000e+01,1.000000000000000000e+00
2.703000000000000000e+03,5.000000000000000000e+01,-1.970322991948037838e+01,7.990833191715664441e+01,3.462852168383842022e-01,-1.055138721451464789e+01,5.485000000000000142e+01,6.143900000000000006e+01,6.000000000000000000e+01,1.000000000000000000e+00
2.704000000000000000e+03,5.000000000000000711e+01,-1.980191053677327062e+01,8.011650332924379825e+01,2.367943603777803996e-01,-1.055138715284830120e+01,5.485000000000000142e+01,6.147200000000000131e+01,6.000000000000000000e+01,1.000000000000000000e+00
2.705000000000000000e+03,5.000000000000000000e+01,-1.960753962392362482e+01,7.974658580879354020e+01,4.123409067457241561e-01,-1.055138709161564137e+01,5.485000000000000142e+01,6.140699999999999648e+01,6.000000000000000000e+01,1.000000000000000000e+00
2.706000000000000000e+03,4.999999999999998579e+01,-1.960753962392362482e+01,7.976458825613850934e+01,3.943383985987268248e-01,-1.055138703081361840e+01,5.485000000000000142e+01,6.140699999999999648e+01,6.000000000000000000e+01,1.000000000000000000e+00
2.707000000000000000e+03,4.999999999999999289e+01,-1.960753962392362482e+01,7.978180472732162798e+01,3.771218670411988771e-01,-1.055138697043920359e+01,5.485000000000000142e+01,6.140699999999999648e+01,6.000000000000000000e+01,1.000000000000000000e+00
2.708000000000000000e+03,5.000000000000000000e+01,-1.932046873725341030e+01,7.923666107312118356e+01,6.351945746216061117e-01,-1.055138691048938782e+01,5.485000000000000142e+01,6.131099999999999994e+01,6.000000000000000000e+01,1.000000000000000000e+00
2.709000000000000000e+03,5.000000000000000000e+01,-1.951184932836689256e+01,7.963879879591746658e+01,4.244373834106128784e-01,-1.055138685096118856e+01,5.485000000000000142e+01,6.137500000000000000e+01,6.000000000000000000e+01,1.000000000000000000e+00
2.710000000000000000e+03,5.000000000000000000e+01,-1.970322991948037838e+01,8.003173501137572998e+01,2.228816999562921730e-01,-1.055138679185163930e+01,5.485000000000000142e+01,6.143900000000000006e+01,6.000000000000000000e+01,1.000000000000000000e+00
2.711000000000000000e+03,5.000000000000000000e+01,-1.932046873725341030e+01,7.929265452193450869e+01,5.792009484766955651e-01,-1.055138673315779485e+01,5.485000000000000142e+01,6.131099999999999994e+01,6.000000000000000000e+01,1.000000000000000000e+00
2.712000000000000000e+03,5.000000000000000000e+01,-1.922178811996051451e+01,7.912488905187063892e+01,6.482857429666099014e-01,-1.055138667487673310e+01,5.485000000000000142e+01,6.127799999999999869e+01,6.000000000000000000e+01,1.000000000000000000e+00
2.713000000000000000e+03,5.000000000000000000e+01,-1.951184932836689256e+01,7.972065123697636579e+01,3.425847083960729678e-01,-1.055138661700554792e+01,5.485000000000000142e+01,6.137500000000000000e+01,6.000000000000000000e+01,1.000000000000000000e+00
2.714000000000000000e+03,5.000000000000000000e+01,-1.960753962392362482e+01,7.992281100355130263e+01,2.361151799136856355e-01,-1.055138655954135984e+01,5.485000000000000142e+01,6.140699999999999648e+01,6.000000000000000000e+01,1.000000000000000000e+00
2.715000000000000000e+03,4.999999999999999289e+01,-1.922178811996051451e+01,7.917845819181346201e+01,5.947164306283536650e-01,-1.055138650248130716e+01,5.485000000000000142e+01,6.127799999999999869e+01,6.000000000000000000e+01,1.000000000000000000e+00
2.716000000000000000e+03,5.000000000000000711e+01,-1.903040752884703224e+01,7.883001738489731736e+01,7.517765897722666901e-01,-1.055138644582254415e+01,5.485000000000000142e+01,6.121399999999999864e+01,6.000000000000000000e+01,1.000000000000000000e+00
2.717000000000000000e+03,5.000000000000000711e+01,-1.970322991948037838e+01,8.017910919359098898e+01,7.550711545164923155e-02,-1.055138638956225172e+01,5.485000000000000142e+01,6.143900000000000006e+01,6.000000000000000000e+01,1.000000000000000000e+00
2.718000000000000000e+03,4.999999999999998579e+01,-1.893471723329029999e+01,7.867893306432843303e+01,8.071705026594834242e-01,-1.055138633369762502e+01,5.485000000000000142e+01,6.118200000000000216e+01,6.000000000000000000e+01,1.000000000000000000e+00
2.719000000000000000e+03,5.000000000000000000e+01,-1.951184932836689256e+01,7.984324051083969209e+01,2.199950957530819595e-01,-1.055138627822588226e+01,5.485000000000000142e+01,6.137500000000000000e+01,6.000000000000000000e+01,1.000000000000000000e+00
2.720000000000000000e+03,5.000000000000000711e+01,-1.980191053677327062e+01,8.042030383636260638e+01,-6.700707644506617711e-02,-1.055138622314426122e+01,5.485000000000000142e+01,6.147200000000000131e+01,6.000000000000000000e+01,1.000000000000000000e+00
2.721000000000000000e+03,5.000000000000000000e+01,-1.960753962392362482e+01,8.003712256968698568e+01,1.218032226866688217e-01,-1.055138616845001920e+01,5.485000000000000142e+01,6.140699999999999648e+01,6.000000000000000000e+01,1.000000000000000000e+00
2.722000000000000000e+03,5.000000000000000000e+01,-1.951184932836689256e+01,7.985523753522572576e+01,2.079979072815936747e-01,-1.055138611414042948e+01,5.485000000000000142e+01,6.137500000000000000e+01,6.000000000000000000e+01,1.000000000000000000e+00
2.723000000000000000e+03,5.000000000000000000e+01,-1.980191053677327062e+01,8.043177707326155712e+01,-7.848047627549145644e-02,-1.055138606021278846e+01,5.485000000000000142e+01,6.147200000000000131e+01,6.000000000000000000e+01,1.000000000000000000e+00
2.724000000000000000e+03,5.000000000000000711e+01,-1.989760083233000287e+01,8.061555343989044786e+01,-1.665666008960319799e-01,-1.055138600666440851e+01,5.485000000000000142e+01,6.150399999999999778e+01,6.000000000000000000e+01,1.000000000000000000e+00
2.725000000000000000e+03,5.000000000000000000e+01,-1.951184932836689256e+01,7.985361983440213862e+01,2.096154474573838078e-01,-1.055138595349262509e+01,5.485000000000000142e+01,6.137500000000000000e+01,6.000000000000000000e+01,1.000000000000000000e+00
2.726000000000000000e+03,4.999999999999999289e+01,-1.970322991948037838e+01,8.023717708457630238e+01,1.743873559885622537e-02,-1.055138590069478788e+01,5.485000000000000142e+01,6.143900000000000006e+01,6.000000000000000000e+01,1.000000000000000000e+00
2.727000000000000000e+03,5.000000000000000711e+01,-1.970322991948037838e+01,8.023793839483430190e+01,1.667737291434979313e-02,-1.055138584826826609e+01,5.485000000000000142e+01,6.143900000000000006e+01,6.000000000000000000e+01,1.000000000000000000e+00
2.728000000000000000e+03,5.000000000000000711e+01,-1.960753962392362482e+01,8.005146364344818721e+01,1.074617766858918244e-01,-1.055138579621044848e+01,5.485000000000000142e+01,6.140699999999999648e+01,6.000000000000000000e+01,1.000000000000000000e+00
2.729000000000000000e+03,5.000000000000000000e+01,-1.970322991948037838e+01,8.024335811729041268e+01,1.125754670870533769e-02,-1.055138574451874334e+01,5.485000000000000142e+01,6.143900000000000006e+01,6.000000000000000000e+01,1.000000000000000000e+00
2.730000000000000000e+03,4.999999999999999289e+01,-1.989760083233000287e+01,8.062410529347380361e+01,-1.751187679532390240e-01,-1.055138569319057495e+01,5.485000000000000142e+01,6.150399999999999778e+01,6.000000000000000000e+01,1.000000000000000000e+00
2.731000000000000000e+03,5.000000000000001421e+01,-1.980191053677327062e+01,8.042925686127576057e+01,-7.596068227908560344e-02,-1.055138564222338893e+01,5.485000000000000142e+01,6.147200000000000131e+01,6.000000000000000000e+01,1.000000000000000000e+00
2.732000000000000000e+03,5.000000000000000711e+01,-1.980191053677327062e+01,8.042594042177807978e+01,-7.264429339016076348e-02,-1.055138559161464151e+01,5.485000000000000142e+01,6.147200000000000131e+01,6.000000000000000000e+01,1.000000000000000000e+00
2.733000000000000000e+03,5.000000000000000000e+01,-1.980191053677327062e+01,8.042276877379580924e+01,-6.947269566072254710e-02,-1.055138554136181561e+01,5.485000000000000142e+01,6.147200000000000131e+01,6.000000000000000000e+01,1.000000000000000000e+00
2.734000000000000000e+03,5.000000000000000000e+01,-1.970322991948037838e+01,8.022668268621332288e+01,2.793272472946793650e-02,-1.055138549146240834e+01,5.485000000000000142e+01,6.143900000000000006e+01,6.000000000000000000e+01,1.000000000000000000e+00
2.735000000000000000e+03,5.000000000000000000e+01,-1.970322991948037838e+01,8.022790215938569247e+01,2.671320200862332267e-02,-1.055138544191393279e+01,5.485000000000000142e+01,6.143900000000000006e+01,6.000000000000000000e+01,1.000000000000000000e+00
2.736000000000000000e+03,4.999999999999999289e+01,-1.970322991948037838e+01,8.022906838941949559e+01,2.554692277480191676e-02,-1.055138539271392339e+01,5.485000000000000142e+01,6.143900000000000006e+01,6.000000000000000000e+01,1.000000000000000000e+00
2.737000000000000000e+03,4.999999999999999289e+01,-1.970322991948037838e+01,8.023018370088473716e+01,2.443156245556079784e-02,-1.055138534385992699e+01,5.485000000000000142e+01,6.143900000000000006e+01,6.000000000000000000e+01,1.000000000000000000e+00
2.738000000000000000e+03,5.000000000000000000e+01,-1.980191053677327062e+01,8.042430322649725838e+01,-7.100739437447667335e-02,-1.055138529534950997e+01,5.485000000000000142e+01,6.147200000000000131e+01,6.000000000000000000e+01,1.000000000000000000e+00
2.739000000000000000e+03,4.999999999999999289e+01,-1.989760083233000287e+01,8.060840586789936424e+01,-1.594197883891162737e-01,-1.055138524718025650e+01,5.485000000000000142e+01,6.150399999999999778e+01,6.000000000000000000e+01,1.000000000000000000e+00
2.740000000000000000e+03,5.000000000000000000e+01,-1.989760083233000287e+01,8.060144566648645537e+01,-1.524596348066887819e-01,-1.055138519934976848e+01,5.485000000000000142e+01,6.150399999999999778e+01,6.000000000000000000e+01,1.000000000000000000e+00
2.741000000000000000e+03,5.000000000000000000e+01,-1.980191053677327062e+01,8.040758651925743550e+01,-5.429083062850446895e-02,-1.055138515185566028e+01,5.485000000000000142e+01,6.147200000000000131e+01,6.000000000000000000e+01,1.000000000000000000e+00
2.742000000000000000e+03,5.000000000000000711e+01,-1.980191053677327062e+01,8.040521617338406202e+01,-5.192053191521281419e-02,-1.055138510469557112e+01,5.485000000000000142e+01,6.147200000000000131e+01,6.000000000000000000e+01,1.000000000000000000e+00
2.743000000000000000e+03,5.000000000000000000e+01,-1.989760083233000287e+01,8.059015213484775586e+01,-1.411662446506055102e-01,-1.055138505786714731e+01,5.485000000000000142e+01,6.150399999999999778e+01,6.000000000000000000e+01,1.000000000000000000e+00
2.744000000000000000e+03,5.000000000000001421e+01,-1.980191053677327062e+01,8.039678604992532485e+01,-4.349050178398659872e-02,-1.055138501136805829e+01,5.485000000000000142e+01,6.147200000000000131e+01,6.000000000000000000e+01,1.000000000000000000e+00
2.745000000000000000e+03,5.000000000000001421e+01,-1.960753962392362482e+01,8.001463150854918638e+01,1.442930805704420449e-01,-1.055138496519598768e+01,5.485000000000000142e+01,6.140699999999999648e+01,6.000000000000000000e+01,1.000000000000000000e+00
2.746000000000000000e+03,5.000000000000001421e+01,-1.980191053677327062e+01,8.040118692617306806e+01,-4.789147005115043654e-02,-1.055138491934863509e+01,5.485000000000000142e+01,6.147200000000000131e+01,6.000000000000000000e+01,1.000000000000000000e+00
2.747000000000000000e+03,5.000000000000001421e+01,-1.980191053677327062e+01,8.039909597342632708e+01,-4.580056282932783857e-02,-1.055138487382371792e+01,5.485000000000000142e+01,6.147200000000000131e+01,6.000000000000000000e+01,1.000000000000000000e+00
2.748000000000000000e+03,5.000000000000000000e+01,-1.980191053677327062e+01,8.039709630850889255e+01,-4.380094311665040652e-02,-1.055138482861896776e+01,5.485000000000000142e+01,6.147200000000000131e+01,6.000000000000000000e+01,1.000000000000000000e+00
2.749000000000000000e+03,5.000000000000000000e+01,-1.960753962392362482e+01,8.001492821477212658e+01,1.439961928836305249e-01,-1.055138478373213395e+01,5.485000000000000142e+01,6.140699999999999648e+01,6.000000000000000000e+01,1.000000000000000000e+00
2.750000000000000000e+03,5.000000000000000000e+01,-1.989760083233000287e+01,8.058867349323301710e+01,-1.396879217420394503e-01,-1.055138473916098185e+01,5.485000000000000142e+01,6.150399999999999778e+01,6.000000000000000000e+01,1.000000000000000000e+00
2.751000000000000000e+03,5.000000000000000000e+01,-1.989760083233000287e+01,8.058257477453372530e+01,-1.335892473004348935e-01,-1.055138469490328923e+01,5.485000000000000142e+01,6.150399999999999778e+01,6.000000000000000000e+01,1.000000000000000000e+00
2.752000000000000000e+03,5.000000000000001421e+01,-1.980191053677327062e+01,8.038953949843200064e+01,-3.624431070186916182e-02,-1.055138465095684985e+01,5.485000000000000142e+01,6.147200000000000131e+01,6.000000000000000000e+01,1.000000000000000000e+00
2.753000000000000000e+03,5.000000000000000711e+01,-1.980191053677327062e+01,8.038795705419352089e+01,-3.466191010076880019e-02,-1.055138460731947703e+01,5.485000000000000142e+01,6.147200000000000131e+01,6.000000000000000000e+01,1.000000000000000000e+00
2.754000000000000000e+03,5.000000000000000000e+01,-1.951184932836689256e+01,7.981898514417341062e+01,2.442487481824812123e-01,-1.055138456398899649e+01,5.485000000000000142e+01,6.137500000000000000e+01,6.000000000000000000e+01,1.000000000000000000e+00
2.755000000000000000e+03,5.000000000000000711e+01,-1.932046873725341030e+01,7.945524318332412861e+01,4.166100748925358754e-01,-1.055138452096325175e+01,5.485000000000000142e+01,6.131099999999999994e+01,6.000000000000000000e+01,1.000000000000000000e+00
2.756000000000000000e+03,5.000000000000000000e+01,-1.951184932836689256e+01,7.984783768049472030e+01,2.153961261122687987e-01,-1.055138447824009873e+01,5.485000000000000142e+01,6.137500000000000000e+01,6.000000000000000000e+01,1.000000000000000000e+00
2.757000000000000000e+03,5.000000000000000711e+01,-1.951184932836689256e+01,7.985724167839821064e+01,2.059920857860951804e-01,-1.055138443581740582e+01,5.485000000000000142e+01,6.137500000000000000e+01,6.000000000000000000e+01,1.000000000000000000e+00
2.758000000000000000e+03,5.000000000000000711e+01,-1.960753962392362482e+01,8.005343792441071571e+01,1.054860932059854955e-01,-1.055138439369306447e+01,5.485000000000000142e+01,6.140699999999999648e+01,6.000000000000000000e+01,1.000000000000000000e+00
2.759000000000000000e+03,4.999999999999999289e+01,-1.960753962392362482e+01,8.005804332972905968e+01,1.008806460595379900e-01,-1.055138435186497503e+01,5.485000000000000142e+01,6.140699999999999648e+01,6.000000000000000000e+01,1.000000000000000000e+00
2.760000000000000000e+03,5.000000000000000000e+01,-1.932046873725341030e+01,7.950083920043077512e+01,3.710138471536910121e-01,-1.055138431033105562e+01,5.485000000000000142e+01,6.131099999999999994e+01,6.000000000000000000e+01,1.000000000000000000e+00
2.761000000000000000e+03,5.000000000000000711e+01,-1.932046873725341030e+01,7.951703735756501601e+01,3.548156487776275014e-01,-1.055138426908923321e+01,5.485000000000000142e+01,6.131099999999999994e+01,6.000000000000000000e+01,1.000000000000000000e+00
2.762000000000000000e+03,5.000000000000001421e+01,-1.970322991948037838e+01,8.028133959912682371e+01,-2.672545150897592814e-02,-1.055138422813745791e+01,5.485000000000000142e+01,6.143900000000000006e+01,6.000000000000000000e+01,1.000000000000000000e+00
2.763000000000000000e+03,5.000000000000000000e+01,-1.941615903281016031e+01,7.971856428003215456e+01,2.489789402516910943e-01,-1.055138418747368689e+01,5.485000000000000142e+01,6.134300000000000352e+01,6.000000000000000000e+01,1.000000000000000000e+00
2.764000000000000000e+03,4.999999999999999289e+01,-1.922178811996051451e+01,7.934917875045201185e+01,4.239935166043894421e-01,-1.055138414709589512e+01,5.485000000000000142e+01,6.127799999999999869e+01,6.000000000000000000e+01,1.000000000000000000e+00
2.765000000000000000e+03,4.999999999999999289e+01,-1.922178811996051451e+01,7.936768996309123736e+01,4.054822638713407312e-01,-1.055138410700207174e+01,5.485000000000000142e+01,6.127799999999999869e+01,6.000000000000000000e+01,1.000000000000000000e+00
2.766000000000000000e+03,5.000000000000001421e+01,-1.903040752884703224e+01,7.901098734507091592e+01,5.708042509663528996e-01,-1.055138406719022193e+01,5.485000000000000142e+01,6.121399999999999864e+01,6.000000000000000000e+01,1.000000000000000000e+00
2.767000000000000000e+03,5.000000000000000000e+01,-1.912609782440378581e+01,7.922311103106653718e+01,4.543708209956094368e-01,-1.055138402765835970e+01,5.485000000000000142e+01,6.124600000000000222e+01,6.000000000000000000e+01,1.000000000000000000e+00
2.768000000000000000e+03,5.000000000000001421e+01,-1.893471723329029999e+01,7.886854285293226496e+01,6.175583687625650908e-01,-1.055138398840451863e+01,5.485000000000000142e+01,6.118200000000000216e+01,6.000000000000000000e+01,1.000000000000000000e+00
2.769000000000000000e+03,5.000000000000000000e+01,-1.912609782440378581e+01,7.926991061218456025e+01,4.075711616459593012e-01,-1.055138394942673941e+01,5.485000000000000142e+01,6.124600000000000222e+01,6.000000000000000000e+01,1.000000000000000000e+00
2.770000000000000000e+03,5.000000000000000000e+01,-1.912609782440378581e+01,7.928770483797899260e+01,3.897768971478768885e-01,-1.055138391072308401e+01,5.485000000000000142e+01,6.124600000000000222e+01,6.000000000000000000e+01,1.000000000000000000e+00
2.771000000000000000e+03,5.000000000000000000e+01,-1.893471723329029999e+01,7.893031653629599020e+01,5.557845692859331166e-01,-1.055138387229162333e+01,5.485000000000000142e+01,6.118200000000000216e+01,6.000000000000000000e+01,1.000000000000000000e+00
2.772000000000000000e+03,4.999999999999998579e+01,-1.922178811996051451e+01,7.951619011806468507e+01,2.569818360262591805e-01,-1.055138383413044068e+01,5.485000000000000142e+01,6.127799999999999869e+01,6.000000000000000000e+01,1.000000000000000000e+00
2.773000000000000000e+03,5.000000000000000000e+01,-1.893471723329029999e+01,7.896580125836382535e+01,5.202997711641172973e-01,-1.055138379623764067e+01,5.485000000000000142e+01,6.118200000000000216e+01,6.000000000000000000e+01,1.000000000000000000e+00
2.774000000000000000e+03,5.000000000000000000e+01,-1.912609782440378581e+01,7.936292277837641507e+01,3.145588046387010062e-01,-1.055138375861133149e+01,5.485000000000000142e+01,6.124600000000000222e+01,6.000000000000000000e+01,1.000000000000000000e+00
2.775000000000000000e+03,4.999999999999999289e+01,-1.893471723329029999e+01,7.900225050981082120e+01,4.838504447291124277e-01,-1.055138372124964086e+01,5.485000000000000142e+01,6.118200000000000216e+01,6.000000000000000000e+01,1.000000000000000000e+00
2.776000000000000000e+03,5.000000000000000000e+01,-1.912609782440378581e+01,7.939778067890988211e+01,2.797008296446128472e-01,-1.055138368415070715e+01,5.485000000000000142e+01,6.124600000000000222e+01,6.000000000000000000e+01,1.000000000000000000e+00
2.777000000000000000e+03,4.999999999999998579e+01,-1.922178811996051451e+01,7.959719500108185741e+01,1.759767661913259618e-01,-1.055138364731268119e+01,5.485000000000000142e+01,6.127799999999999869e+01,6.000000000000000000e+01,1.000000000000000000e+00
2.778000000000000000e+03,5.000000000000000711e+01,-1.932046873725341030e+01,7.979793089349207946e+01,7.392145449506158650e-02,-1.055138361073373154e+01,5.485000000000000142e+01,6.131099999999999994e+01,6.000000000000000000e+01,1.000000000000000000e+00
2.779000000000000000e+03,4.999999999999999289e+01,-1.912609782440378581e+01,7.942090248373813210e+01,2.565789150776809358e-01,-1.055138357441203389e+01,5.485000000000000142e+01,6.124600000000000222e+01,6.000000000000000000e+01,1.000000000000000000e+00
2.780000000000000000e+03,4.999999999999999289e+01,-1.922178811996051451e+01,7.961930732048114123e+01,1.538643378251460248e-01,-1.055138353834577991e+01,5.485000000000000142e+01,6.127799999999999869e+01,6.000000000000000000e+01,1.000000000000000000e+00
2.781000000000000000e+03,5.000000000000000000e+01,-1.893471723329029999e+01,7.906441642687254046e+01,4.216843089509307863e-01,-1.055138350253317192e+01,5.485000000000000142e+01,6.118200000000000216e+01,6.000000000000000000e+01,1.000000000000000000e+00
2.782000000000000000e+03,4.999999999999998579e+01,-1.912609782440378581e+01,7.945723246862392841e+01,2.202488227522761688e-01,-1.055138346697242824e+01,5.485000000000000142e+01,6.124600000000000222e+01,6.000000000000000000e+01,1.000000000000000000e+00
2.783000000000000000e+03,5.000000000000000000e+01,-1.893471723329029999e+01,7.909244269596464960e+01,3.936579689874284416e-01,-1.055138343166177428e+01,5.485000000000000142e+01,6.118200000000000216e+01,6.000000000000000000e+01,1.000000000000000000e+00
2.784000000000000000e+03,5.000000000000000000e+01,-1.912609782440378581e+01,7.948403512831966111e+01,1.934460926835704087e-01,-1.055138339659945146e+01,5.485000000000000142e+01,6.124600000000000222e+01,6.000000000000000000e+01,1.000000000000000000e+00
2.785000000000000000e+03,5.000000000000001421e+01,-1.903040752884703224e+01,7.930527798965482589e+01,2.765129009759375589e-01,-1.055138336178371716e+01,5.485000000000000142e+01,6.121399999999999864e+01,6.000000000000000000e+01,1.000000000000000000e+00
2.786000000000000000e+03,5.000000000000000711e+01,-1.893471723329029999e+01,7.913014748848709701e+01,3.559530720160396511e-01,-1.055138332721283234e+01,5.485000000000000142e+01,6.118200000000000216e+01,6.000000000000000000e+01,1.000000000000000000e+00
2.787000000000000000e+03,4.999999999999999289e+01,-1.893471723329029999e+01,7.914568810989851499e+01,3.404124162768575879e-01,-1.055138329288507748e+01,5.485000000000000142e+01,6.118200000000000216e+01,6.000000000000000000e+01,1.000000000000000000e+00
2.788000000000000000e+03,4.999999999999999289e+01,-1.893471723329029999e+01,7.916055023767171406e+01,3.255502544173206614e-01,-1.055138325879874195e+01,5.485000000000000142e+01,6.118200000000000216e+01,6.000000000000000000e+01,1.000000000000000000e+00
2.789000000000000000e+03,5.000000000000000000e+01,-1.893471723329029999e+01,7.917476349436098815e+01,3.113369638814414420e-01,-1.055138322495213110e+01,5.485000000000000142e+01,6.118200000000000216e+01,6.000000000000000000e+01,1.000000000000000000e+00
2.790000000000000000e+03,5.000000000000000000e+01,-1.893471723329029999e+01,7.918835620922108376e+01,2.977442154127735718e-01,-1.055138319134355562e+01,5.485000000000000142e+01,6.118200000000000216e+01,6.000000000000000000e+01,1.000000000000000000e+00
2.791000000000000000e+03,4.999999999999999289e+01,-1.903040752884703224e+01,7.938855829613596882e+01,1.932323906824057191e-01,-1.055138315797134396e+01,5.485000000000000142e+01,6.121399999999999864e+01,6.000000000000000000e+01,1.000000000000000000e+00
2.792000000000000000e+03,5.000000000000000711e+01,-1.893471723329029999e+01,7.920979182907333893e+01,2.763085290507990011e-01,-1.055138312483383167e+01,5.485000000000000142e+01,6.118200000000000216e+01,6.000000000000000000e+01,1.000000000000000000e+00
2.793000000000000000e+03,5.000000000000000000e+01,-1.893471723329029999e+01,7.922185522830461935e+01,2.642450969150461071e-01,-1.055138309192936852e+01,5.485000000000000142e+01,6.118200000000000216e+01,6.000000000000000000e+01,1.000000000000000000e+00
2.794000000000000000e+03,4.999999999999999289e+01,-1.903040752884703224e+01,7.942059476843961363e+01,1.611958196637341412e-01,-1.055138305925631492e+01,5.485000000000000142e+01,6.121399999999999864e+01,6.000000000000000000e+01,1.000000000000000000e+00
2.795000000000000000e+03,5.000000000000000000e+01,-1.912609782440378581e+01,7.961483525129422389e+01,6.264559992260644583e-02,-1.055138302681304552e+01,5.485000000000000142e+01,6.124600000000000222e+01,6.000000000000000000e+01,1.000000000000000000e+00
2.796000000000000000e+03,4.999999999999998579e+01,-1.922178811996051451e+01,7.980477310248970468e+01,-3.160198793125992139e-02,-1.055138299459794382e+01,5.485000000000000142e+01,6.127799999999999869e+01,6.000000000000000000e+01,1.000000000000000000e+00
2.797000000000000000e+03,5.000000000000000711e+01,-1.893471723329029999e+01,7.924178488598886361e+01,2.443153099108438253e-01,-1.055138296260940223e+01,5.485000000000000142e+01,6.118200000000000216e+01,6.000000000000000000e+01,1.000000000000000000e+00
2.798000000000000000e+03,5.000000000000001421e+01,-1.893471723329029999e+01,7.925245148536751572e+01,2.336486787686214706e-01,-1.055138293084582912e+01,5.485000000000000142e+01,6.118200000000000216e+01,6.000000000000000000e+01,1.000000000000000000e+00
2.799000000000000000e+03,4.999999999999998579e+01,-1.922178811996051451e+01,7.982426085189949561e+01,-5.108983263334979097e-02,-1.055138289930564177e+01,5.485000000000000142e+01,6.127799999999999869e+01,6.000000000000000000e+01,1.000000000000000000e+00
2.800000000000000000e+03,4.999999999999999289e+01,-1.922178811996051451e+01,7.982203027514368898e+01,-4.885928719591206559e-02,-1.055138286798727165e+01,5.485000000000000142e+01,6.127799999999999869e+01,6.000000000000000000e+01,1.000000000000000000e+00
2.801000000000000000e+03,5.000000000000001421e+01,-1.903040752884703224e+01,7.944549143969315708e+01,1.362989260430453875e-01,-1.055138283688915735e+01,5.485000000000000142e+01,6.121399999999999864e+01,6.000000000000000000e+01,1.000000000000000000e+00
2.802000000000000000e+03,5.000000000000000000e+01,-1.941615903281016031e+01,8.020610349616231360e+01,-2.385616573424059195e-01,-1.055138280600974809e+01,5.485000000000000142e+01,6.134300000000000352e+01,6.000000000000000000e+01,1.000000000000000000e+00
2.803000000000000000e+03,4.999999999999999289e+01,-1.970322991948037838e+01,8.075729649909358443e+01,-5.026838042657072458e-01,-1.055138277534750735e+01,5.485000000000000142e+01,6.143900000000000006e+01,6.000000000000000000e+01,1.000000000000000000e+00
2.804000000000000000e+03,5.000000000000000000e+01,-1.951184932836689256e+01,8.036094401148397992e+01,-2.977119382161780292e-01,-1.055138274490090922e+01,5.485000000000000142e+01,6.137500000000000000e+01,6.000000000000000000e+01,1.000000000000000000e+00
2.805000000000000000e+03,5.000000000000000000e+01,-1.960753962392362482e+01,8.053514891309207258e+01,-3.762265745000080153e-01,-1.055138271466843491e+01,5.485000000000000142e+01,6.140699999999999648e+01,6.000000000000000000e+01,1.000000000000000000e+00
2.806000000000000000e+03,5.000000000000002132e+01,-1.980191053677327062e+01,8.089897883185943783e+01,-5.456856104375661376e-01,-1.055138268464857987e+01,5.485000000000000142e+01,6.147200000000000131e+01,6.000000000000000000e+01,1.000000000000000000e+00
2.807000000000000000e+03,5.000000000000001421e+01,-1.980191053677327062e+01,8.087515455981110790e+01,-5.218613681979781260e-01,-1.055138265483984839e+01,5.485000000000000142e+01,6.147200000000000131e+01,6.000000000000000000e+01,1.000000000000000000e+00
2.808000000000000000e+03,5.000000000000000711e+01,-1.980191053677327062e+01,8.085237043729546258e+01,-4.990772752814324753e-01,-1.055138262524075543e+01,5.485000000000000142e+01,6.147200000000000131e+01,6.000000000000000000e+01,1.000000000000000000e+00
2.809000000000000000e+03,5.000000000000001421e+01,-1.989760083233000287e+01,8.101778387360207034e+01,-5.688004454222354012e-01,-1.055138259584982663e+01,5.485000000000000142e+01,6.150399999999999778e+01,6.000000000000000000e+01,1.000000000000000000e+00
2.810000000000000000e+03,4.999999999999999289e+01,-1.989760083233000287e+01,8.099295042506696518e+01,-5.439670260713775907e-01,-1.055138256666559649e+01,5.485000000000000142e+01,6.150399999999999778e+01,6.000000000000000000e+01,1.000000000000000000e+00
2.811000000000000000e+03,5.000000000000000711e+01,-1.980191053677327062e+01,8.078199836454460581e+01,-4.287052900847114767e-01,-1.055138253768661549e+01,5.485000000000000142e+01,6.147200000000000131e+01,6.000000000000000000e+01,1.000000000000000000e+00
2.812000000000000000e+03,4.999999999999998579e+01,-1.989760083233000287e+01,8.095048419185096122e+01,-5.015008506095360863e-01,-1.055138250891143770e+01,5.485000000000000142e+01,6.150399999999999778e+01,6.000000000000000000e+01,1.000000000000000000e+00
2.813000000000000000e+03,4.999999999999999289e+01,-1.989760083233000287e+01,8.092858899595150035e+01,-4.796056832828762828e-01,-1.055138248033862958e+01,5.485000000000000142e+01,6.150399999999999778e+01,6.000000000000000000e+01,1.000000000000000000e+00
2.814000000000000000e+03,5.000000000000000711e+01,-1.989760083233000287e+01,8.090764972754938356e+01,-4.586664432526104118e-01,-1.055138245196676827e+01,5.485000000000000142e+01,6.150399999999999778e+01,6.000000000000000000e+01,1.000000000000000000e+00
2.815000000000000000e+03,5.000000000000000000e+01,-1.989760083233000287e+01,8.088762465154326264e+01,-4.386413954188254083e-01,-1.055138242379443980e+01,5.485000000000000142e+01,6.150399999999999778e+01,6.000000000000000000e+01,1.000000000000000000e+00
2.816000000000000000e+03,4.999999999999999289e+01,-1.989760083233000287e+01,8.086847385495636331e+01,-4.194906268061268650e-01,-1.055138239582024084e+01,5.485000000000000142e+01,6.150399999999999778e+01,6.000000000000000000e+01,1.000000000000000000e+00
2.817000000000000000e+03,4.999999999999999289e+01,-1.989760083233000287e+01,8.085015916738376518e+01,-4.011759670109897313e-01,-1.055138236804277874e+01,5.485000000000000142e+01,6.150399999999999778e+01,6.000000000000000000e+01,1.000000000000000000e+00
2.818000000000000000e+03,5.000000000000000711e+01,-1.989760083233000287e+01,8.083264408491299946e+01,-3.836609121223207852e-01,-1.055138234046066970e+01,5.485000000000000142e+01,6.150399999999999778e+01,6.000000000000000000e+01,1.000000000000000000e+00
2.819000000000000000e+03,5.000000000000001421e+01,-1.980191053677327062e+01,8.062869087590193828e+01,-2.753980260561186832e-01,-1.055138231307254060e+01,5.485000000000000142e+01,6.147200000000000131e+01,6.000000000000000000e+01,1.000000000000000000e+00
2.820000000000000000e+03,5.000000000000000000e+01,-1.970322991948037838e+01,8.042361425884315906e+01,-1.690020534857577528e-01,-1.055138228587702720e+01,5.485000000000000142e+01,6.143900000000000006e+01,6.000000000000000000e+01,1.000000000000000000e+00
2.821000000000000000e+03,5.000000000000000000e+01,-1.989760083233000287e+01,8.079649145453653603e+01,-3.475083633337571198e-01,-1.055138225887277414e+01,5.485000000000000142e+01,6.150399999999999778e+01,6.000000000000000000e+01,1.000000000000000000e+00
2.822000000000000000e+03,5.000000000000000711e+01,-1.960753962392362482e+01,8.021386090934183244e+01,-5.493905335976140281e-02,-1.055138223205843673e+01,5.485000000000000142e+01,6.140699999999999648e+01,6.000000000000000000e+01,1.000000000000000000e+00
2.823000000000000000e+03,4.999999999999998579e+01,-1.960753962392362482e+01,8.021146228306339765e+01,-5.254045370710232199e-02,-1.055138220543267735e+01,5.485000000000000142e+01,6.140699999999999648e+01,6.000000000000000000e+01,1.000000000000000000e+00
2.824000000000000000e+03,5.000000000000000711e+01,-1.951184932836689256e+01,8.002196555664795596e+01,4.126595071311700558e-02,-1.055138217899417263e+01,5.485000000000000142e+01,6.137500000000000000e+01,6.000000000000000000e+01,1.000000000000000000e+00
2.825000000000000000e+03,5.000000000000000711e+01,-1.932046873725341030e+01,7.964936152926804880e+01,2.224893607269656515e-01,-1.055138215274160451e+01,5.485000000000000142e+01,6.131099999999999994e+01,6.000000000000000000e+01,1.000000000000000000e+00
2.826000000000000000e+03,5.000000000000000711e+01,-1.932046873725341030e+01,7.965907522906039162e+01,2.127756348666852149e-01,-1.055138212667366560e+01,5.485000000000000142e+01,6.131099999999999994e+01,6.000000000000000000e+01,1.000000000000000000e+00
2.827000000000000000e+03,5.000000000000000000e+01,-1.932046873725341030e+01,7.966836483473429098e+01,2.034860033081744290e-01,-1.055138210078905558e+01,5.485000000000000142e+01,6.131099999999999994e+01,6.000000000000000000e+01,1.000000000000000000e+00
2.828000000000000000e+03,5.000000000000001421e+01,-1.951184932836689256e+01,8.005165450486987311e+01,1.157689858351959589e-02,-1.055138207508648840e+01,5.485000000000000142e+01,6.137500000000000000e+01,6.000000000000000000e+01,1.000000000000000000e+00
2.829000000000000000e+03,5.000000000000000000e+01,-1.903040752884703224e+01,7.911029572294225432e+01,4.714938554694647621e-01,-1.055138204956468151e+01,5.485000000000000142e+01,6.121399999999999864e+01,6.000000000000000000e+01,1.000000000000000000e+00
2.830000000000000000e+03,5.000000000000000711e+01,-1.941615903281016031e+01,7.988554215507554090e+01,8.199890195698533724e-02,-1.055138202422236304e+01,5.485000000000000142e+01,6.134300000000000352e+01,6.000000000000000000e+01,1.000000000000000000e+00
2.831000000000000000e+03,5.000000000000000000e+01,-1.941615903281016031e+01,7.988912214313927507e+01,7.841888872915447894e-02,-1.055138199905827356e+01,5.485000000000000142e+01,6.134300000000000352e+01,6.000000000000000000e+01,1.000000000000000000e+00
2.832000000000000000e+03,5.000000000000000000e+01,-1.941615903281016031e+01,7.989254583057100945e+01,7.499517631030477860e-02,-1.055138197407115719e+01,5.485000000000000142e+01,6.134300000000000352e+01,6.000000000000000000e+01,1.000000000000000000e+00
2.833000000000000000e+03,5.000000000000000000e+01,-1.932046873725341030e+01,7.970861721988642046e+01,1.632334666267534762e-01,-1.055138194925976869e+01,5.485000000000000142e+01,6.131099999999999994e+01,6.000000000000000000e+01,1.000000000000000000e+00
2.834000000000000000e+03,5.000000000000000000e+01,-1.989760083233000287e+01,8.084481086824372653e+01,-3.958281112908563770e-01,-1.055138192462287350e+01,5.485000000000000142e+01,6.150399999999999778e+01,6.000000000000000000e+01,1.000000000000000000e+00
2.835000000000000000e+03,4.999999999999998579e+01,-1.960753962392362482e+01,8.026007071987180552e+01,-1.011491957889401605e-01,-1.055138190015924593e+01,5.485000000000000142e+01,6.140699999999999648e+01,6.000000000000000000e+01,1.000000000000000000e+00
2.836000000000000000e+03,4.999999999999998579e+01,-1.960753962392362482e+01,8.025565459426341874e+01,-9.673309447213451762e-02,-1.055138187586766740e+01,5.485000000000000142e+01,6.140699999999999648e+01,6.000000000000000000e+01,1.000000000000000000e+00
2.837000000000000000e+03,5.000000000000000711e+01,-1.932046873725341030e+01,7.968982280824829445e+01,1.820277807520408464e-01,-1.055138185174692467e+01,5.485000000000000142e+01,6.131099999999999994e+01,6.000000000000000000e+01,1.000000000000000000e+00
2.838000000000000000e+03,5.000000000000001421e+01,-1.980191053677327062e+01,8.063963418209758061e+01,-2.863418175284786482e-01,-1.055138182779581868e+01,5.485000000000000142e+01,6.147200000000000131e+01,6.000000000000000000e+01,1.000000000000000000e+00
2.839000000000000000e+03,5.000000000000000000e+01,-1.970322991948037838e+01,8.043407977036778789e+01,-1.794680468742577140e-01,-1.055138180401315395e+01,5.485000000000000142e+01,6.143900000000000006e+01,6.000000000000000000e+01,1.000000000000000000e+00
2.840000000000000000e+03,5.000000000000000000e+01,-1.951184932836689256e+01,8.005183865766002782e+01,1.139245110461420407e-02,-1.055138178039774921e+01,5.485000000000000142e+01,6.137500000000000000e+01,6.000000000000000000e+01,1.000000000000000000e+00
2.841000000000000000e+03,5.000000000000001421e+01,-1.980191053677327062e+01,8.061979457301566754e+01,-2.665022792939624185e-01,-1.055138175694842673e+01,5.485000000000000142e+01,6.147200000000000131e+01,6.000000000000000000e+01,1.000000000000000000e+00
2.842000000000000000e+03,5.000000000000000000e+01,-1.980191053677327062e+01,8.060815925142421179e+01,-2.548669809869198444e-01,-1.055138173366401944e+01,5.485000000000000142e+01,6.147200000000000131e+01,6.000000000000000000e+01,1.000000000000000000e+00
2.843000000000000000e+03,5.000000000000000711e+01,-1.989760083233000287e+01,8.078423474023685458e+01,-3.352521973634814967e-01,-1.055138171054336738e+01,5.485000000000000142e+01,6.150399999999999778e+01,6.000000000000000000e+01,1.000000000000000000e+00
2.844000000000000000e+03,5.000000000000000000e+01,-1.989760083233000287e+01,8.076959784687473132e+01,-3.206153269594091970e-01,-1.055138168758531592e+01,5.485000000000000142e+01,6.150399999999999778e+01,6.000000000000000000e+01,1.000000000000000000e+00
2.845000000000000000e+03,5.000000000000000000e+01,-1.989760083233000287e+01,8.075559998893440650e+01,-3.066174918156884255e-01,-1.055138166478872463e+01,5.485000000000000142e+01,6.150399999999999778e+01,6.000000000000000000e+01,1.000000000000000000e+00
2.846000000000000000e+03,5.000000000000000711e+01,-1.980191053677327062e+01,8.055501044512959652e+01,-2.017182662038636831e-01,-1.055138164215245666e+01,5.485000000000000142e+01,6.147200000000000131e+01,6.000000000000000000e+01,1.000000000000000000e+00
2.847000000000000000e+03,4.999999999999998579e+01,-1.989760083233000287e+01,8.073340636934071313e+01,-2.844239173353366179e-01,-1.055138161967538579e+01,5.485000000000000142e+01,6.150399999999999778e+01,6.000000000000000000e+01,1.000000000000000000e+00
2.848000000000000000e+03,5.000000000000000711e+01,-1.989760083233000287e+01,8.072098860285601063e+01,-2.720061731696145069e-01,-1.055138159735639114e+01,5.485000000000000142e+01,6.150399999999999778e+01,6.000000000000000000e+01,1.000000000000000000e+00
2.849000000000000000e+03,4.999999999999999289e+01,-1.989760083233000287e+01,8.070911298632918829e+01,-2.601305788048302592e-01,-1.055138157519436248e+01,5.485000000000000142e+01,6.150399999999999778e+01,6.000000000000000000e+01,1.000000000000000000e+00
2.850000000000000000e+03,5.000000000000000711e+01,-1.980191053677327062e+01,8.051055302842364370e+01,-1.572609384621740380e-01,-1.055138155318819138e+01,5.485000000000000142e+01,6.147200000000000131e+01,6.000000000000000000e+01,1.000000000000000000e+00
2.851000000000000000e+03,5.000000000000000711e+01,-1.989760083233000287e+01,8.069088992829291840e+01,-2.419075646261266699e-01,-1.055138153133678713e+01,5.485000000000000142e+01,6.150399999999999778e+01,6.000000000000000000e+01,1.000000000000000000e+00
2.852000000000000000e+03,5.000000000000000711e+01,-1.989760083233000287e+01,8.068032839588461513e+01,-2.313460539155542117e-01,-1.055138150963905908e+01,5.485000000000000142e+01,6.150399999999999778e+01,6.000000000000000000e+01,1.000000000000000000e+00
2.853000000000000000e+03,5.000000000000000000e+01,-1.989760083233000287e+01,8.067022797160898051e+01,-2.212456511850564300e-01,-1.055138148809392717e+01,5.485000000000000142e+01,6.150399999999999778e+01,6.000000000000000000e+01,1.000000000000000000e+00
2.854000000000000000e+03,5.000000000000000000e+01,-1.999329112788675644e+01,8.084777134528562215e+01,-3.030987506985500790e-01,-1.055138146670031674e+01,5.485000000000000142e+01,6.153600000000000136e+01,6.000000000000000000e+01,1.000000000000000000e+00
2.855000000000000000e+03,5.000000000000000000e+01,-1.989760083233000287e+01,8.064733542858645876e+01,-1.983531507992941090e-01,-1.055138144545716372e+01,5.485000000000000142e+01,6.150399999999999778e+01,6.000000000000000000e+01,1.000000000000000000e+00
2.856000000000000000e+03,5.000000000000000000e+01,-1.989760083233000287e+01,8.063867545124089986e+01,-1.896931945474907844e-01,-1.055138142436340942e+01,5.485000000000000142e+01,6.150399999999999778e+01,6.000000000000000000e+01,1.000000000000000000e+00
2.857000000000000000e+03,5.000000000000001421e+01,-1.989760083233000287e+01,8.063039356152040682e+01,-1.814113257723972972e-01,-1.055138140341800224e+01,5.485000000000000142e+01,6.150399999999999778e+01,6.000000000000000000e+01,1.000000000000000000e+00
2.858000000000000000e+03,5.000000000000000000e+01,-2.037904263184986320e+01,8.156433744788785134e+01,-6.339134334180903663e-01,-1.055138138261989944e+01,5.485000000000000142e+01,6.166499999999999915e+01,6.000000000000000000e+01,1.000000000000000000e+00
2.859000000000000000e+03,5.000000000000000711e+01,-1.989760083233000287e+01,8.059479702605386819e+01,-1.458148317557929619e-01,-1.055138136196806720e+01,5.485000000000000142e+01,6.150399999999999778e+01,6.000000000000000000e+01,1.000000000000000000e+00
2.860000000000000000e+03,5.000000000000000000e+01,-1.999329112788675644e+01,8.077563365607457513e+01,-2.309611867263480223e-01,-1.055138134146147522e+01,5.485000000000000142e+01,6.153600000000000136e+01,6.000000000000000000e+01,1.000000000000000000e+00
2.861000000000000000e+03,5.000000000000000000e+01,-1.989760083233000287e+01,8.057834721454280213e+01,-1.293650611137044937e-01,-1.055138132109910210e+01,5.485000000000000142e+01,6.150399999999999778e+01,6.000000000000000000e+01,1.000000000000000000e+00
2.862000000000000000e+03,5.000000000000000711e+01,-1.980191053677327062e+01,8.038549638710654222e+01,-3.220454945333182939e-02,-1.055138130087993353e+01,5.485000000000000142e+01,6.147200000000000131e+01,6.000000000000000000e+01,1.000000000000000000e+00
2.863000000000000000e+03,4.999999999999999289e+01,-1.989760083233000287e+01,8.057129316097037020e+01,-1.223110478374182242e-01,-1.055138128080295878e+01,5.485000000000000142e+01,6.150399999999999778e+01,6.000000000000000000e+01,1.000000000000000000e+00
2.864000000000000000e+03,5.000000000000001421e+01,-1.989760083233000287e+01,8.056595312844032719e+01,-1.169710352431336114e-01,-1.055138126086718309e+01,5.485000000000000142e+01,6.150399999999999778e+01,6.000000000000000000e+01,1.000000000000000000e+00
2.865000000000000000e+03,5.000000000000000000e+01,-1.960753962392362482e+01,7.999338768460559379e+01,1.655331803896456511e-01,-1.055138124107161168e+01,5.485000000000000142e+01,6.140699999999999648e+01,6.000000000000000000e+01,1.000000000000000000e+00
2.866000000000000000e+03,4.999999999999999289e+01,-1.932046873725341030e+01,7.943900626044757018e+01,4.328436982210887018e-01,-1.055138122141526047e+01,5.485000000000000142e+01,6.131099999999999994e+01,6.000000000000000000e+01,1.000000000000000000e+00
2.867000000000000000e+03,5.000000000000000000e+01,-1.941615903281016031e+01,7.964510670770641809e+01,3.224335270008830134e-01,-1.055138120189714712e+01,5.485000000000000142e+01,6.134300000000000352e+01,6.000000000000000000e+01,1.000000000000000000e+00
2.868000000000000000e+03,4.999999999999999289e+01,-1.922178811996051451e+01,7.927892817367936118e+01,4.942411287974476375e-01,-1.055138118251629997e+01,5.485000000000000142e+01,6.127799999999999869e+01,6.000000000000000000e+01,1.000000000000000000e+00
2.869000000000000000e+03,4.999999999999999289e+01,-1.903040752884703224e+01,7.892610072458732873e+01,6.556879675314561950e-01,-1.055138116327175624e+01,5.485000000000000142e+01,6.121399999999999864e+01,6.000000000000000000e+01,1.000000000000000000e+00
2.870000000000000000e+03,4.999999999999998579e+01,-1.932046873725341030e+01,7.952218612426867139e+01,3.496637571472794304e-01,-1.055138114416255313e+01,5.485000000000000142e+01,6.131099999999999994e+01,6.000000000000000000e+01,1.000000000000000000e+00
2.871000000000000000e+03,5.000000000000000000e+01,-1.893471723329029999e+01,7.878279080003061097e+01,7.033075584474310915e-01,-1.055138112518774207e+01,5.485000000000000142e+01,6.118200000000000216e+01,6.000000000000000000e+01,1.000000000000000000e+00
2.872000000000000000e+03,5.000000000000000711e+01,-1.893471723329029999e+01,7.881349668459020563e+01,6.726016550464802846e-01,-1.055138110634637627e+01,5.485000000000000142e+01,6.118200000000000216e+01,6.000000000000000000e+01,1.000000000000000000e+00
2.873000000000000000e+03,5.000000000000000000e+01,-1.893471723329029999e+01,7.884286197157031495e+01,6.432363493575032898e-01,-1.055138108763751781e+01,5.485000000000000142e+01,6.118200000000000216e+01,6.000000000000000000e+01,1.000000000000000000e+00
2.874000000000000000e+03,5.000000000000001421e+01,-1.893471723329029999e+01,7.887094519050431529e+01,6.151531118462316705e-01,-1.055138106906023587e+01,5.485000000000000142e+01,6.118200000000000216e+01,6.000000000000000000e+01,1.000000000000000000e+00
2.875000000000000000e+03,5.000000000000000000e+01,-1.854896572932716836e+01,7.814314094154032375e+01,9.572058384004380471e-01,-1.055138105061360321e+01,5.485000000000000142e+01,6.105299999999999727e+01,6.000000000000000000e+01,1.000000000000000000e+00
2.876000000000000000e+03,5.000000000000001421e+01,-1.825890452092081517e+01,7.761747329079977931e+01,1.192812262417752178e+00,-1.055138103229670143e+01,5.485000000000000142e+01,6.095600000000000307e+01,6.000000000000000000e+01,1.000000000000000000e+00
2.877000000000000000e+03,5.000000000000000000e+01,-1.825890452092081517e+01,7.766955060018388224e+01,1.140734934845554882e+00,-1.055138101410861928e+01,5.485000000000000142e+01,6.095600000000000307e+01,6.000000000000000000e+01,1.000000000000000000e+00
2.878000000000000000e+03,5.000000000000000000e+01,-1.845327543377043966e+01,7.809960998203713700e+01,9.050464477817543596e-01,-1.055138099604845081e+01,5.485000000000000142e+01,6.102100000000000080e+01,6.000000000000000000e+01,1.000000000000000000e+00
2.879000000000000000e+03,4.999999999999998579e+01,-1.806752392980732935e+01,7.738446226864434152e+01,1.234442639278268361e+00,-1.055138097811529541e+01,5.485000000000000142e+01,6.089200000000000301e+01,6.000000000000000000e+01,1.000000000000000000e+00
2.880000000000000000e+03,5.000000000000000000e+01,-1.816321422536406160e+01,7.762555995225898187e+01,1.089035233413339521e+00,-1.055138096030826134e+01,5.485000000000000142e+01,6.092399999999999949e+01,6.000000000000000000e+01,1.000000000000000000e+00
2.881000000000000000e+03,4.999999999999999289e+01,-1.806752392980732935e+01,7.748590361005555849e+01,1.133001262378224849e+00,-1.055138094262646042e+01,5.485000000000000142e+01,6.089200000000000301e+01,6.000000000000000000e+01,1.000000000000000000e+00
2.882000000000000000e+03,5.000000000000000000e+01,-1.825890452092081517e+01,7.790977525764954237e+01,9.005101883402854002e-01,-1.055138092506901160e+01,5.485000000000000142e+01,6.095600000000000307e+01,6.000000000000000000e+01,1.000000000000000000e+00
2.883000000000000000e+03,4.999999999999998579e+01,-1.806752392980732935e+01,7.757468522602253813e+01,1.044219611419816784e+00,-1.055138090763503911e+01,5.485000000000000142e+01,6.089200000000000301e+01,6.000000000000000000e+01,1.000000000000000000e+00
2.884000000000000000e+03,5.000000000000000000e+01,-1.825890452092081517e+01,7.799468073067978935e+01,8.156046805647031439e-01,-1.055138089032367787e+01,5.485000000000000142e+01,6.095600000000000307e+01,6.000000000000000000e+01,1.000000000000000000e+00
2.885000000000000000e+03,5.000000000000000711e+01,-1.835459481647754387e+01,7.821749225013735440e+01,6.884834394742590513e-01,-1.055138087313406281e+01,5.485000000000000142e+01,6.098799999999999955e+01,6.000000000000000000e+01,1.000000000000000000e+00
2.886000000000000000e+03,5.000000000000001421e+01,-1.825890452092081517e+01,7.806034810460684525e+01,7.499372723793179540e-01,-1.055138085606533949e+01,5.485000000000000142e+01,6.095600000000000307e+01,6.000000000000000000e+01,1.000000000000000000e+00
2.887000000000000000e+03,5.000000000000000000e+01,-1.825890452092081517e+01,7.809308981091403723e+01,7.171955491234416336e-01,-1.055138083911665703e+01,5.485000000000000142e+01,6.095600000000000307e+01,6.000000000000000000e+01,1.000000000000000000e+00
2.888000000000000000e+03,5.000000000000001421e+01,-1.825890452092081517e+01,7.812440203719422982e+01,6.858833060137690119e-01,-1.055138082228716989e+01,5.485000000000000142e+01,6.095600000000000307e+01,6.000000000000000000e+01,1.000000000000000000e+00
2.889000000000000000e+03,5.000000000000000000e+01,-1.854896572932716836e+01,7.872180574608754000e+01,3.785407888156722689e-01,-1.055138080557604141e+01,5.485000000000000142e+01,6.105299999999999727e+01,6.000000000000000000e+01,1.000000000000000000e+00
2.890000000000000000e+03,5.000000000000000000e+01,-1.874034632044065418e+01,7.911273819167107035e+01,1.789889177520158914e-01,-1.055138078898243847e+01,5.485000000000000142e+01,6.111699999999999733e+01,6.000000000000000000e+01,1.000000000000000000e+00
2.891000000000000000e+03,5.000000000000000000e+01,-1.883603661599740775e+01,7.930775552438861098e+01,7.966186411433727466e-02,-1.055138077250553508e+01,5.485000000000000142e+01,6.114900000000000091e+01,6.000000000000000000e+01,1.000000000000000000e+00
2.892000000000000000e+03,4.999999999999999289e+01,-1.893471723329029999e+01,7.950428639749493698e+01,-1.818840806013287403e-02,-1.055138075614451054e+01,5.485000000000000142e+01,6.118200000000000216e+01,6.000000000000000000e+01,1.000000000000000000e+00
2.893000000000000000e+03,5.000000000000000000e+01,-1.893471723329029999e+01,7.950349228840268268e+01,-1.739431521383331264e-02,-1.055138073989854952e+01,5.485000000000000142e+01,6.118200000000000216e+01,6.000000000000000000e+01,1.000000000000000000e+00
2.894000000000000000e+03,5.000000000000000000e+01,-1.893471723329029999e+01,7.950273284894861092e+01,-1.663489189146676386e-02,-1.055138072376684377e+01,5.485000000000000142e+01,6.118200000000000216e+01,6.000000000000000000e+01,1.000000000000000000e+00
2.895000000000000000e+03,5.000000000000000000e+01,-1.893471723329029999e+01,7.950200656548538802e+01,-1.590862444649259258e-02,-1.055138070774858861e+01,5.485000000000000142e+01,6.118200000000000216e+01,6.000000000000000000e+01,1.000000000000000000e+00
2.896000000000000000e+03,4.999999999999999289e+01,-1.903040752884703224e+01,7.968851481191458674e+01,-1.067265912245683179e-01,-1.055138069184298644e+01,5.485000000000000142e+01,6.121399999999999864e+01,6.000000000000000000e+01,1.000000000000000000e+00
2.897000000000000000e+03,5.000000000000000000e+01,-1.893471723329029999e+01,7.949665236825671855e+01,-1.055445891717128604e-02,-1.055138067604924679e+01,5.485000000000000142e+01,6.118200000000000216e+01,6.000000000000000000e+01,1.000000000000000000e+00
2.898000000000000000e+03,4.999999999999998579e+01,-1.922178811996051451e+01,8.005780001686287051e+01,-2.846312365357859253e-01,-1.055138066036658095e+01,5.485000000000000142e+01,6.127799999999999869e+01,6.000000000000000000e+01,1.000000000000000000e+00
2.899000000000000000e+03,4.999999999999999289e+01,-1.932046873725341030e+01,8.023842611535222602e+01,-3.665767333046158760e-01,-1.055138064479420734e+01,5.485000000000000142e+01,6.131099999999999994e+01,6.000000000000000000e+01,1.000000000000000000e+00
2.900000000000000000e+03,5.000000000000000000e+01,-1.941615903281016031e+01,8.040962444418471478e+01,-4.420847820432109998e-01,-1.055138062933135146e+01,5.485000000000000142e+01,6.134300000000000352e+01,6.000000000000000000e+01,1.000000000000000000e+00
2.901000000000000000e+03,5.000000000000000000e+01,-1.932046873725341030e+01,8.020312050296416828e+01,-3.312711517335159561e-01,-1.055138061397724236e+01,5.485000000000000142e+01,6.131099999999999994e+01,6.000000000000000000e+01,1.000000000000000000e+00
2.902000000000000000e+03,4.999999999999999289e+01,-1.951184932836689256e+01,8.056306306983834986e+01,-4.998331427403466254e-01,-1.055138059873111622e+01,5.485000000000000142e+01,6.137500000000000000e+01,6.000000000000000000e+01,1.000000000000000000e+00
2.903000000000000000e+03,4.999999999999999289e+01,-1.989760083233000287e+01,8.129590207232948273e+01,-8.469206564072757626e-01,-1.055138058359221276e+01,5.485000000000000142e+01,6.150399999999999778e+01,6.000000000000000000e+01,1.000000000000000000e+00
2.904000000000000000e+03,5.000000000000000000e+01,-1.941615903281016031e+01,8.031706191358514957e+01,-3.495223122152166240e-01,-1.055138056855977702e+01,5.485000000000000142e+01,6.134300000000000352e+01,6.000000000000000000e+01,1.000000000000000000e+00
2.905000000000000000e+03,5.000000000000000000e+01,-1.970322991948037838e+01,8.086341046967096702e+01,-6.087999965575211503e-01,-1.055138055363306293e+01,5.485000000000000142e+01,6.143900000000000006e+01,6.000000000000000000e+01,1.000000000000000000e+00
2.906000000000000000e+03,5.000000000000001421e+01,-1.989760083233000287e+01,8.121708641489341574e+01,-7.681050437520808849e-01,-1.055138053881132620e+01,5.485000000000000142e+01,6.150399999999999778e+01,6.000000000000000000e+01,1.000000000000000000e+00
2.907000000000000000e+03,5.000000000000000000e+01,-1.970322991948037838e+01,8.080329575395749941e+01,-5.486853103832944889e-01,-1.055138052409382787e+01,5.485000000000000142e+01,6.143900000000000006e+01,6.000000000000000000e+01,1.000000000000000000e+00
2.908000000000000000e+03,4.999999999999998579e+01,-1.951184932836689256e+01,8.040493488942800582e+01,-3.417050515812929401e-01,-1.055138050947983253e+01,5.485000000000000142e+01,6.137500000000000000e+01,6.000000000000000000e+01,1.000000000000000000e+00
2.909000000000000000e+03,4.999999999999999289e+01,-1.970322991948037838e+01,8.076442192045574586e+01,-5.098115060067618387e-01,-1.055138049496861363e+01,5.485000000000000142e+01,6.143900000000000006e+01,6.000000000000000000e+01,1.000000000000000000e+00
2.910000000000000000e+03,5.000000000000000000e+01,-1.989760083233000287e+01,8.112241963256711585e+01,-6.734383196776657643e-01,-1.055138048055944822e+01,5.485000000000000142e+01,6.150399999999999778e+01,6.000000000000000000e+01,1.000000000000000000e+00
2.911000000000000000e+03,5.000000000000000000e+01,-1.980191053677327062e+01,8.090581496292858787e+01,-5.525239599036954052e-01,-1.055138046625162218e+01,5.485000000000000142e+01,6.147200000000000131e+01,6.000000000000000000e+01,1.000000000000000000e+00
2.912000000000000000e+03,4.999999999999999289e+01,-1.989760083233000287e+01,8.106889497051460580e+01,-6.199136861401911558e-01,-1.055138045204441966e+01,5.485000000000000142e+01,6.150399999999999778e+01,6.000000000000000000e+01,1.000000000000000000e+00
2.913000000000000000e+03,4.999999999999999289e+01,-1.989760083233000287e+01,8.104182996963884023e+01,-5.928486993717163589e-01,-1.055138043793713187e+01,5.485000000000000142e+01,6.150399999999999778e+01,6.000000000000000000e+01,1.000000000000000000e+00
2.914000000000000000e+03,5.000000000000001421e+01,-1.980191053677327062e+01,8.082874378530215154e+01,-4.754528245998075331e-01,-1.055138042392905895e+01,5.485000000000000142e+01,6.147200000000000131e+01,6.000000000000000000e+01,1.000000000000000000e+00
2.915000000000000000e+03,5.000000000000000000e+01,-1.989760083233000287e+01,8.099518866365707481e+01,-5.462074213075762685e-01,-1.055138041001950100e+01,5.485000000000000142e+01,6.150399999999999778e+01,6.000000000000000000e+01,1.000000000000000000e+00
2.916000000000000000e+03,4.999999999999998579e+01,-1.989760083233000287e+01,8.097134162571754246e+01,-5.223603971797863288e-01,-1.055138039620776702e+01,5.485000000000000142e+01,6.150399999999999778e+01,6.000000000000000000e+01,1.000000000000000000e+00
2.917000000000000000e+03,5.000000000000000711e+01,-1.970322991948037838e+01,8.056828000073990381e+01,-3.136696987663574188e-01,-1.055138038249316601e+01,5.485000000000000142e+01,6.143900000000000006e+01,6.000000000000000000e+01,1.000000000000000000e+00
2.918000000000000000e+03,5.000000000000000711e+01,-1.980191053677327062e+01,8.074763830275666976e+01,-3.943473971083761853e-01,-1.055138036887501762e+01,5.485000000000000142e+01,6.147200000000000131e+01,6.000000000000000000e+01,1.000000000000000000e+00
2.919000000000000000e+03,5.000000000000001421e+01,-1.970322991948037838e+01,8.053736845517330778e+01,-2.827581803402742788e-01,-1.055138035535264329e+01,5.485000000000000142e+01,6.143900000000000006e+01,6.000000000000000000e+01,1.000000000000000000e+00
2.920000000000000000e+03,5.000000000000000000e+01,-1.980191053677327062e+01,8.071807633209738242e+01,-3.647854533987418546e-01,-1.055138034192536978e+01,5.485000000000000142e+01,6.147200000000000131e+01,6.000000000000000000e+01,1.000000000000000000e+00
2.921000000000000000e+03,5.000000000000000000e+01,-1.960753962392362482e+01,8.032189431649190681e+01,-1.629743639757491869e-01,-1.055138032859252739e+01,5.485000000000000142e+01,6.140699999999999648e+01,6.000000000000000000e+01,1.000000000000000000e+00
2.922000000000000000e+03,5.000000000000000000e+01,-1.989760083233000287e+01,8.088223751201402933e+01,-4.332563643305760159e-01,-1.055138031535345178e+01,5.485000000000000142e+01,6.150399999999999778e+01,6.000000000000000000e+01,1.000000000000000000e+00
2.923000000000000000e+03,5.000000000000001421e+01,-1.989760083233000287e+01,8.086332183684909580e+01,-4.143407023116014165e-01,-1.055138030220748568e+01,5.485000000000000142e+01,6.150399999999999778e+01,6.000000000000000000e+01,1.000000000000000000e+00
2.924000000000000000e+03,5.000000000000000711e+01,-1.980191053677327062e+01,8.065802918454475900e+01,-3.047383586175115844e-01,-1.055138028915397008e+01,5.485000000000000142e+01,6.147200000000000131e+01,6.000000000000000000e+01,1.000000000000000000e+00
2.925000000000000000e+03,5.000000000000000000e+01,-1.970322991948037838e+01,8.045167160385091165e+01,-1.970614081782781635e-01,-1.055138027619225838e+01,5.485000000000000142e+01,6.143900000000000006e+01,6.000000000000000000e+01,1.000000000000000000e+00
2.926000000000000000e+03,5.000000000000001421e+01,-1.980191053677327062e+01,8.063612094091961069e+01,-2.828301408246228221e-01,-1.055138026332170398e+01,5.485000000000000142e+01,6.147200000000000131e+01,6.000000000000000000e+01,1.000000000000000000e+00
2.927000000000000000e+03,5.000000000000001421e+01,-1.989760083233000287e+01,8.081097558857702268e+01,-3.619945057053505222e-01,-1.055138025054166562e+01,5.485000000000000142e+01,6.150399999999999778e+01,6.000000000000000000e+01,1.000000000000000000e+00
2.928000000000000000e+03,5.000000000000000000e+01,-1.989760083233000287e+01,8.079517115548733841e+01,-3.461900853058301752e-01,-1.055138023785150736e+01,5.485000000000000142e+01,6.150399999999999778e+01,6.000000000000000000e+01,1.000000000000000000e+00
2.929000000000000000e+03,5.000000000000000000e+01,-1.951184932836689256e+01,8.002539535811472149e+01,3.783419550276506671e-02,-1.055138022525059505e+01,5.485000000000000142e+01,6.137500000000000000e+01,6.000000000000000000e+01,1.000000000000000000e+00
2.930000000000000000e+03,4.999999999999998579e+01,-1.970322991948037838e+01,8.040145280236168901e+01,-1.468426701430231573e-01,-1.055138021273830162e+01,5.485000000000000142e+01,6.143900000000000006e+01,6.000000000000000000e+01,1.000000000000000000e+00
2.931000000000000000e+03,4.999999999999998579e+01,-1.941615903281016031e+01,7.983343327992123761e+01,1.341059532029121593e-01,-1.055138020031400536e+01,5.485000000000000142e+01,6.134300000000000352e+01,6.000000000000000000e+01,1.000000000000000000e+00
2.932000000000000000e+03,5.000000000000000000e+01,-1.951184932836689256e+01,8.002649105874861846e+01,3.673845759536438493e-02,-1.055138018797708632e+01,5.485000000000000142e+01,6.137500000000000000e+01,6.000000000000000000e+01,1.000000000000000000e+00
2.933000000000000000e+03,5.000000000000000000e+01,-1.960753962392362482e+01,8.021529784266260776e+01,-5.637804301204742824e-02,-1.055138017572693165e+01,5.485000000000000142e+01,6.140699999999999648e+01,6.000000000000000000e+01,1.000000000000000000e+00
2.934000000000000000e+03,5.000000000000000000e+01,-1.980191053677327062e+01,8.059309213668939265e+01,-2.398014363531942306e-01,-1.055138016356292852e+01,5.485000000000000142e+01,6.147200000000000131e+01,6.000000000000000000e+01,1.000000000000000000e+00
2.935000000000000000e+03,4.999999999999999289e+01,-1.960753962392362482e+01,8.020236683485043727e+01,-4.344705944234250605e-02,-1.055138015148447295e+01,5.485000000000000142e+01,6.140699999999999648e+01,6.000000000000000000e+01,1.000000000000000000e+00
2.936000000000000000e+03,5.000000000000000000e+01,-1.989760083233000287e+01,8.076792850797700396e+01,-3.189475361560482614e-01,-1.055138013949096099e+01,5.485000000000000142e+01,6.150399999999999778e+01,6.000000000000000000e+01,1.000000000000000000e+00
2.937000000000000000e+03,5.000000000000000000e+01,-1.970322991948037838e+01,8.037374774437481051e+01,-1.191376973126403171e-01,-1.055138012758179755e+01,5.485000000000000142e+01,6.143900000000000006e+01,6.000000000000000000e+01,1.000000000000000000e+00
2.938000000000000000e+03,5.000000000000000000e+01,-1.970322991948037838e+01,8.036854626616225516e+01,-1.139362309254891709e-01,-1.055138011575638934e+01,5.485000000000000142e+01,6.143900000000000006e+01,6.000000000000000000e+01,1.000000000000000000e+00
2.939000000000000000e+03,5.000000000000000000e+01,-1.960753962392362482e+01,8.017636905885919418e+01,-1.744933092141741360e-02,-1.055138010401414661e+01,5.485000000000000142e+01,6.140699999999999648e+01,6.000000000000000000e+01,1.000000000000000000e+00
2.940000000000000000e+03,5.000000000000000000e+01,-1.960753962392362482e+01,8.017560722193084644e+01,-1.668750565272976785e-02,-1.055138009235448493e+01,5.485000000000000142e+01,6.140699999999999648e+01,6.000000000000000000e+01,1.000000000000000000e+00
2.941000000000000000e+03,5.000000000000000000e+01,-1.960753962392362482e+01,8.017487864582913915e+01,-1.595894112868755793e-02,-1.055138008077682166e+01,5.485000000000000142e+01,6.140699999999999648e+01,6.000000000000000000e+01,1.000000000000000000e+00
2.942000000000000000e+03,4.999999999999999289e+01,-1.922178811996051451e+01,7.941952050438558786e+01,3.536476848555045183e-01,-1.055138006928058303e+01,5.485000000000000142e+01,6.127799999999999869e+01,6.000000000000000000e+01,1.000000000000000000e+00
2.943000000000000000e+03,4.999999999999999289e+01,-1.941615903281016031e+01,7.981521622825923146e+01,1.523228624161139522e-01,-1.055138005786519528e+01,5.485000000000000142e+01,6.134300000000000352e+01,6.000000000000000000e+01,1.000000000000000000e+00
2.944000000000000000e+03,5.000000000000000000e+01,-1.960753962392362482e+01,8.019627216673882231e+01,-3.735249628510389774e-02,-1.055138004653008998e+01,5.485000000000000142e+01,6.140699999999999648e+01,6.000000000000000000e+01,1.000000000000000000e+00
2.945000000000000000e+03,5.000000000000000000e+01,-1.932046873725341030e+01,7.963303290790219080e+01,2.388158646259213591e-01,-1.055138003527470225e+01,5.485000000000000142e+01,6.131099999999999994e+01,6.000000000000000000e+01,1.000000000000000000e+00
2.946000000000000000e+03,4.999999999999998579e+01,-1.912609782440378581e+01,7.926320369493350881e+01,4.142741535687360921e-01,-1.055138002409847076e+01,5.485000000000000142e+01,6.124600000000000222e+01,6.000000000000000000e+01,1.000000000000000000e+00
2.947000000000000000e+03,5.000000000000000000e+01,-1.932046873725341030e+01,7.966154632725132956e+01,2.103024230029143793e-01,-1.055138001300083950e+01,5.485000000000000142e+01,6.131099999999999994e+01,6.000000000000000000e+01,1.000000000000000000e+00
2.948000000000000000e+03,5.000000000000000711e+01,-1.932046873725341030e+01,7.967072796913474519e+01,2.011207700999247672e-01,-1.055138000198125603e+01,5.485000000000000142e+01,6.131099999999999994e+01,6.000000000000000000e+01,1.000000000000000000e+00
2.949000000000000000e+03,4.999999999999999289e+01,-1.893471723329029999e+01,7.892484737268978279e+01,5.612498516396826620e-01,-1.055137999103917146e+01,5.485000000000000142e+01,6.118200000000000216e+01,6.000000000000000000e+01,1.000000000000000000e+00
2.950000000000000000e+03,4.999999999999999289e+01,-1.912609782440378581e+01,7.932375677059673080e+01,3.537210339810870074e-01,-1.055137998017404044e+01,5.485000000000000142e+01,6.124600000000000222e+01,6.000000000000000000e+01,1.000000000000000000e+00
2.951000000000000000e+03,5.000000000000001421e+01,-1.893471723329029999e+01,7.896479432343956262e+01,5.213028792360671071e-01,-1.055137996938531941e+01,5.485000000000000142e+01,6.118200000000000216e+01,6.000000000000000000e+01,1.000000000000000000e+00
2.952000000000000000e+03,4.999999999999998579e+01,-1.893471723329029999e+01,7.898755402241586410e+01,4.985431695469003666e-01,-1.055137995867247547e+01,5.485000000000000142e+01,6.118200000000000216e+01,6.000000000000000000e+01,1.000000000000000000e+00
2.953000000000000000e+03,5.000000000000000711e+01,-1.893471723329029999e+01,7.900932004887188498e+01,4.767771324533928712e-01,-1.055137994803497214e+01,5.485000000000000142e+01,6.118200000000000216e+01,6.000000000000000000e+01,1.000000000000000000e+00
2.954000000000000000e+03,4.999999999999999289e+01,-1.874034632044065418e+01,7.864988005474037891e+01,6.418462031725420402e-01,-1.055137993747227831e+01,5.485000000000000142e+01,6.111699999999999733e+01,6.000000000000000000e+01,1.000000000000000000e+00
2.955000000000000000e+03,5.000000000000000711e+01,-1.854896572932716836e+01,7.830349694604974786e+01,7.968487102612926698e-01,-1.055137992698386995e+01,5.485000000000000142e+01,6.105299999999999727e+01,6.000000000000000000e+01,1.000000000000000000e+00
2.956000000000000000e+03,5.000000000000000000e+01,-1.835459481647754387e+01,7.795803104751223600e+01,9.479436855345328983e-01,-1.055137991656922658e+01,5.485000000000000142e+01,6.098799999999999955e+01,6.000000000000000000e+01,1.000000000000000000e+00
2.957000000000000000e+03,4.999999999999999289e+01,-1.835459481647754387e+01,7.799941757836174361e+01,9.065571443436204468e-01,-1.055137990622782773e+01,5.485000000000000142e+01,6.098799999999999955e+01,6.000000000000000000e+01,1.000000000000000000e+00
2.958000000000000000e+03,5.000000000000000711e+01,-1.825890452092081517e+01,7.785179438112493244e+01,9.584900357550488748e-01,-1.055137989595915649e+01,5.485000000000000142e+01,6.095600000000000307e+01,6.000000000000000000e+01,1.000000000000000000e+00
2.959000000000000000e+03,5.000000000000000000e+01,-1.835459481647754387e+01,7.808084417966753676e+01,8.251305225727042503e-01,-1.055137988576270125e+01,5.485000000000000142e+01,6.098799999999999955e+01,6.000000000000000000e+01,1.000000000000000000e+00
2.960000000000000000e+03,5.000000000000000711e+01,-1.835459481647754387e+01,7.811686877615335334e+01,7.891059159621565122e-01,-1.055137987563795754e+01,5.485000000000000142e+01,6.098799999999999955e+01,6.000000000000000000e+01,1.000000000000000000e+00
2.961000000000000000e+03,5.000000000000000711e+01,-1.806752392980732935e+01,7.758971209983958772e+01,1.029191695552161612e+00,-1.055137986558441732e+01,5.485000000000000142e+01,6.089200000000000301e+01,6.000000000000000000e+01,1.000000000000000000e+00
2.962000000000000000e+03,4.999999999999999289e+01,-1.864465602488392193e+01,7.876371287782826869e+01,4.323230026572291163e-01,-1.055137985560158320e+01,5.485000000000000142e+01,6.108500000000000085e+01,6.000000000000000000e+01,1.000000000000000000e+00
2.963000000000000000e+03,5.000000000000000000e+01,-1.854896572932716836e+01,7.859538495856936891e+01,5.049606164467519420e-01,-1.055137984568895426e+01,5.485000000000000142e+01,6.105299999999999727e+01,6.000000000000000000e+01,1.000000000000000000e+00
2.964000000000000000e+03,5.000000000000000711e+01,-1.864465602488392193e+01,7.880463398841155254e+01,3.914018723184150561e-01,-1.055137983584604200e+01,5.485000000000000142e+01,6.108500000000000085e+01,6.000000000000000000e+01,1.000000000000000000e+00
2.965000000000000000e+03,5.000000000000001421e+01,-1.883603661599740775e+01,7.919612794649331988e+01,1.912884955764483641e-01,-1.055137982607235259e+01,5.485000000000000142e+01,6.114900000000000091e+01,6.000000000000000000e+01,1.000000000000000000e+00
2.966000000000000000e+03,5.000000000000000000e+01,-1.903040752884703224e+01,7.958473518636100152e+01,-2.947841146566487769e-03,-1.055137981636739930e+01,5.485000000000000142e+01,6.121399999999999864e+01,6.000000000000000000e+01,1.000000000000000000e+00
2.967000000000000000e+03,5.000000000000000000e+01,-1.883603661599740775e+01,7.920435074499562234e+01,1.830656777324850271e-01,-1.055137980673069720e+01,5.485000000000000142e+01,6.114900000000000091e+01,6.000000000000000000e+01,1.000000000000000000e+00
2.968000000000000000e+03,5.000000000000001421e+01,-1.893471723329029999e+01,7.940539616120767619e+01,8.070086924440282583e-02,-1.055137979716176844e+01,5.485000000000000142e+01,6.118200000000000216e+01,6.000000000000000000e+01,1.000000000000000000e+00
2.969000000000000000e+03,5.000000000000000000e+01,-1.893471723329029999e+01,7.940891949375692604e+01,7.717752719350602642e-02,-1.055137978766013518e+01,5.485000000000000142e+01,6.118200000000000216e+01,6.000000000000000000e+01,1.000000000000000000e+00
2.970000000000000000e+03,5.000000000000000711e+01,-1.903040752884703224e+01,7.959949182125117773e+01,-1.770451417881095668e-02,-1.055137977822532491e+01,5.485000000000000142e+01,6.121399999999999864e+01,6.000000000000000000e+01,1.000000000000000000e+00
2.971000000000000000e+03,5.000000000000001421e+01,-1.893471723329029999e+01,7.941151602403189713e+01,7.458097811528477394e-02,-1.055137976885687046e+01,5.485000000000000142e+01,6.118200000000000216e+01,6.000000000000000000e+01,1.000000000000000000e+00
2.972000000000000000e+03,5.000000000000000711e+01,-1.941615903281016031e+01,8.035663636221624984e+01,-3.890975698517865622e-01,-1.055137975955430107e+01,5.485000000000000142e+01,6.134300000000000352e+01,6.000000000000000000e+01,1.000000000000000000e+00
2.973000000000000000e+03,4.999999999999999289e+01,-1.932046873725341030e+01,8.015244581078027863e+01,-2.805973232097251358e-01,-1.055137975031715492e+01,5.485000000000000142e+01,6.131099999999999994e+01,6.000000000000000000e+01,1.000000000000000000e+00
2.974000000000000000e+03,4.999999999999999289e+01,-1.922178811996051451e+01,7.994714221416144539e+01,-1.739743530559685336e-01,-1.055137974114497013e+01,5.485000000000000142e+01,6.127799999999999869e+01,6.000000000000000000e+01,1.000000000000000000e+00
2.975000000000000000e+03,4.999999999999998579e+01,-1.922178811996051451e+01,7.993954660962042169e+01,-1.663787576226247455e-01,-1.055137973203729373e+01,5.485000000000000142e+01,6.127799999999999869e+01,6.000000000000000000e+01,1.000000000000000000e+00
2.976000000000000000e+03,5.000000000000001421e+01,-1.951184932836689256e+01,8.049974117595394318e+01,-4.365121245933734073e-01,-1.055137972299366922e+01,5.485000000000000142e+01,6.137500000000000000e+01,6.000000000000000000e+01,1.000000000000000000e+00
2.977000000000000000e+03,5.000000000000000000e+01,-1.941615903281016031e+01,8.029348053933355800e+01,-3.259417925097536362e-01,-1.055137971401364538e+01,5.485000000000000142e+01,6.134300000000000352e+01,6.000000000000000000e+01,1.000000000000000000e+00
2.978000000000000000e+03,5.000000000000000000e+01,-1.970322991948037838e+01,8.084085861000127693e+01,-5.862489854241237364e-01,-1.055137970509677814e+01,5.485000000000000142e+01,6.143900000000000006e+01,6.000000000000000000e+01,1.000000000000000000e+00
2.979000000000000000e+03,5.000000000000000000e+01,-1.960753962392362482e+01,8.062806056959431089e+01,-4.691412494280610135e-01,-1.055137969624261984e+01,5.485000000000000142e+01,6.140699999999999648e+01,6.000000000000000000e+01,1.000000000000000000e+00
2.980000000000000000e+03,5.000000000000000000e+01,-1.989760083233000287e+01,8.117503674300979810e+01,-7.260562232290684870e-01,-1.055137968745073174e+01,5.485000000000000142e+01,6.150399999999999778e+01,6.000000000000000000e+01,1.000000000000000000e+00
2.981000000000000000e+03,5.000000000000000000e+01,-1.951184932836689256e+01,8.038867626646822373e+01,-3.254472593806491676e-01,-1.055137967872067506e+01,5.485000000000000142e+01,6.137500000000000000e+01,6.000000000000000000e+01,1.000000000000000000e+00
2.982000000000000000e+03,5.000000000000000000e+01,-1.980191053677327062e+01,8.094192601651653263e+01,-5.886358096912467364e-01,-1.055137967005201460e+01,5.485000000000000142e+01,6.147200000000000131e+01,6.000000000000000000e+01,1.000000000000000000e+00
2.983000000000000000e+03,5.000000000000000000e+01,-1.989760083233000287e+01,8.110342941224944013e+01,-6.544489184751247635e-01,-1.055137966144431871e+01,5.485000000000000142e+01,6.150399999999999778e+01,6.000000000000000000e+01,1.000000000000000000e+00
2.984000000000000000e+03,5.000000000000000000e+01,-1.980191053677327062e+01,8.088765381200379068e+01,-5.343636223333643187e-01,-1.055137965289715751e+01,5.485000000000000142e+01,6.147200000000000131e+01,6.000000000000000000e+01,1.000000000000000000e+00
2.985000000000000000e+03,5.000000000000000000e+01,-1.970322991948037838e+01,8.067127096151962462e+01,-4.166613976291396737e-01,-1.055137964441010823e+01,5.485000000000000142e+01,6.143900000000000006e+01,6.000000000000000000e+01,1.000000000000000000e+00
2.986000000000000000e+03,4.999999999999998579e+01,-1.941615903281016031e+01,8.009147135102043080e+01,-1.239326822275387263e-01,-1.055137963598274808e+01,5.485000000000000142e+01,6.134300000000000352e+01,6.000000000000000000e+01,1.000000000000000000e+00
2.987000000000000000e+03,5.000000000000001421e+01,-1.980191053677327062e+01,8.084072190469173336e+01,-4.874317403038003205e-01,-1.055137962761465431e+01,5.485000000000000142e+01,6.147200000000000131e+01,6.000000000000000000e+01,1.000000000000000000e+00
2.988000000000000000e+03,4.999999999999998579e+01,-1.960753962392362482e+01,8.043918524521838265e+01,-2.802660019893532528e-01,-1.055137961930541124e+01,5.485000000000000142e+01,6.140699999999999648e+01,6.000000000000000000e+01,1.000000000000000000e+00
2.989000000000000000e+03,4.999999999999999289e+01,-1.941615903281016031e+01,8.005254338147426552e+01,-8.500473760951202107e-02,-1.055137961105460498e+01,5.485000000000000142e+01,6.134300000000000352e+01,6.000000000000000000e+01,1.000000000000000000e+00
2.990000000000000000e+03,5.000000000000000000e+01,-1.989760083233000287e+01,8.099069632291752896e+01,-5.417158877257073346e-01,-1.055137960286182519e+01,5.485000000000000142e+01,6.150399999999999778e+01,6.000000000000000000e+01,1.000000000000000000e+00
2.991000000000000000e+03,5.000000000000000000e+01,-1.989760083233000287e+01,8.096704538778823235e+01,-5.180649607315689353e-01,-1.055137959472666509e+01,5.485000000000000142e+01,6.150399999999999778e+01,6.000000000000000000e+01,1.000000000000000000e+00
2.992000000000000000e+03,5.000000000000001421e+01,-1.989760083233000287e+01,8.094442703521993110e+01,-4.954466162412047292e-01,-1.055137958664871789e+01,5.485000000000000142e+01,6.150399999999999778e+01,6.000000000000000000e+01,1.000000000000000000e+00
2.993000000000000000e+03,4.999999999999999289e+01,-1.970322991948037838e+01,8.054254045230172210e+01,-2.879309541937702388e-01,-1.055137957862758036e+01,5.485000000000000142e+01,6.143900000000000006e+01,6.000000000000000000e+01,1.000000000000000000e+00
2.994000000000000000e+03,4.999999999999999289e+01,-1.989760083233000287e+01,8.091022531655741545e+01,-4.612449135645715348e-01,-1.055137957066285281e+01,5.485000000000000142e+01,6.150399999999999778e+01,6.000000000000000000e+01,1.000000000000000000e+00
2.995000000000000000e+03,5.000000000000000000e+01,-1.980191053677327062e+01,8.070288486518687421e+01,-3.495947656594607933e-01,-1.055137956275413913e+01,5.485000000000000142e+01,6.147200000000000131e+01,6.000000000000000000e+01,1.000000000000000000e+00
2.996000000000000000e+03,5.000000000000000000e+01,-1.970322991948037838e+01,8.049456889105324819e+01,-2.399594166718250765e-01,-1.055137955490104851e+01,5.485000000000000142e+01,6.143900000000000006e+01,6.000000000000000000e+01,1.000000000000000000e+00
2.997000000000000000e+03,5.000000000000000000e+01,-1.989760083233000287e+01,8.086434815838596535e+01,-4.153677789527779884e-01,-1.055137954710318660e+01,5.485000000000000142e+01,6.150399999999999778e+01,6.000000000000000000e+01,1.000000000000000000e+00
2.998000000000000000e+03,5.000000000000001421e+01,-1.989760083233000287e+01,8.084621349142707913e+01,-3.972331197369055045e-01,-1.055137953936016437e+01,5.485000000000000142e+01,6.150399999999999778e+01,6.000000000000000000e+01,1.000000000000000000e+00
2.999000000000000000e+03,5.000000000000000711e+01,-1.989760083233000287e+01,8.082887057073295978e+01,-3.798902067313552622e-01,-1.055137953167159814e+01,5.485000000000000142e+01,6.150399999999999778e+01,6.000000000000000000e+01,1.000000000000000000e+00
3.000000000000000000e+03,5.000000000000000711e+01,-1.989760083233000287e+01,8.081228482923174283e+01,-3.633044728646373511e-01,-1.055137952403710422e+01,5.485000000000000142e+01,6.150399999999999778e+01,6.000000000000000000e+01,1.000000000000000000e+00
