t,MV,MVP,MVI,MVD,MVFF,SP,PV,DV,Man
0.000000000000000000e+00,6.000000000000001421e+01,1.176332764565972440e+02,-1.701307684612439175e+02,1.124974920046466877e+02,0.000000000000000000e+00,5.985000000000000142e+01,2.051200000000000045e+01,5.000000000000000000e+01,1.000000000000000000e+00
1.000000000000000000e+00,6.000000000000000000e+01,1.177319570738901433e+02,-1.654122615833381076e+02,1.076803045094479643e+02,0.000000000000000000e+00,5.985000000000000142e+01,2.047899999999999920e+01,5.000000000000000000e+01,1.000000000000000000e+00
2.000000000000000000e+00,6.000000000000001421e+01,1.175375861610404939e+02,-1.603307610145591866e+02,1.027931748535187069e+02,0.000000000000000000e+00,5.985000000000000142e+01,2.054400000000000048e+01,5.000000000000000000e+01,1.000000000000000000e+00
3.000000000000000000e+00,5.999999999999998579e+01,1.176332764565972440e+02,-1.560300875727611469e+02,9.839681111616388876e+01,0.000000000000000000e+00,5.985000000000000142e+01,2.051200000000000045e+01,5.000000000000000000e+01,1.000000000000000000e+00
4.000000000000000000e+00,6.000000000000000000e+01,1.177319570738901433e+02,-1.519272063056552042e+02,9.419524923176506093e+01,0.000000000000000000e+00,5.985000000000000142e+01,2.047899999999999920e+01,5.000000000000000000e+01,1.000000000000000000e+00
5.000000000000000000e+00,6.000000000000000000e+01,1.178276473694468933e+02,-1.480019121277640011e+02,9.017426475831710775e+01,0.000000000000000000e+00,5.985000000000000142e+01,2.044699999999999918e+01,5.000000000000000000e+01,1.000000000000000000e+00
6.000000000000000000e+00,6.000000000000000000e+01,1.175375861610404939e+02,-1.434975098730269849e+02,8.595992371198649096e+01,0.000000000000000000e+00,5.985000000000000142e+01,2.054400000000000048e+01,5.000000000000000000e+01,1.000000000000000000e+00
7.000000000000000000e+00,6.000000000000001421e+01,1.173462055699270365e+02,-1.393701556343518178e+02,8.202395006442479541e+01,0.000000000000000000e+00,5.985000000000000142e+01,2.060800000000000054e+01,5.000000000000000000e+01,1.000000000000000000e+00
8.000000000000000000e+00,6.000000000000000000e+01,1.174418958654837581e+02,-1.359762516455855916e+02,7.853435578010183349e+01,0.000000000000000000e+00,5.985000000000000142e+01,2.057600000000000051e+01,5.000000000000000000e+01,1.000000000000000000e+00
9.000000000000000000e+00,6.000000000000000000e+01,1.174418958654837581e+02,-1.325474980181354852e+02,7.510560215265172701e+01,0.000000000000000000e+00,5.985000000000000142e+01,2.057600000000000051e+01,5.000000000000000000e+01,1.000000000000000000e+00
1.000000000000000000e+01,5.999999999999998579e+01,1.174418958654837581e+02,-1.292684413140378865e+02,7.182654544855411416e+01,0.000000000000000000e+00,5.985000000000000142e+01,2.057600000000000051e+01,5.000000000000000000e+01,1.000000000000000000e+00
1.100000000000000000e+01,6.000000000000000000e+01,1.174418958654837581e+02,-1.261325458730219964e+02,6.869065000753823824e+01,0.000000000000000000e+00,5.985000000000000142e+01,2.057600000000000051e+01,5.000000000000000000e+01,1.000000000000000000e+00
1.200000000000000000e+01,6.000000000000000000e+01,1.171518346570774014e+02,-1.225661028244919635e+02,6.541426816741456207e+01,0.000000000000000000e+00,5.985000000000000142e+01,2.067299999999999827e+01,5.000000000000000000e+01,1.000000000000000000e+00
1.300000000000000000e+01,6.000000000000000000e+01,1.170561443615206514e+02,-1.195229599875008404e+02,6.246681562598018900e+01,0.000000000000000000e+00,5.985000000000000142e+01,2.070499999999999829e+01,5.000000000000000000e+01,1.000000000000000000e+00
1.400000000000000000e+01,5.999999999999999289e+01,1.171518346570774014e+02,-1.169829064566935415e+02,5.983107179961613298e+01,0.000000000000000000e+00,5.985000000000000142e+01,2.067299999999999827e+01,5.000000000000000000e+01,1.000000000000000000e+00
1.500000000000000000e+01,6.000000000000000000e+01,1.169604540659639014e+02,-1.139963191458899558e+02,5.703586507992605448e+01,0.000000000000000000e+00,5.985000000000000142e+01,2.073699999999999832e+01,5.000000000000000000e+01,1.000000000000000000e+00
1.600000000000000000e+01,6.000000000000000000e+01,1.167660831531142804e+02,-1.111259184668251834e+02,5.435983531371090294e+01,0.000000000000000000e+00,5.985000000000000142e+01,2.080199999999999960e+01,5.000000000000000000e+01,1.000000000000000000e+00
1.700000000000000000e+01,6.000000000000000000e+01,1.164790122664440446e+02,-1.081909985940933865e+02,5.171198632764934189e+01,0.000000000000000000e+00,5.985000000000000142e+01,2.089799999999999969e+01,5.000000000000000000e+01,1.000000000000000000e+00
1.800000000000000000e+01,6.000000000000000000e+01,1.162846413535944095e+02,-1.055530346416388738e+02,4.926839328804446438e+01,0.000000000000000000e+00,5.985000000000000142e+01,2.096300000000000097e+01,5.000000000000000000e+01,1.000000000000000000e+00
1.900000000000000000e+01,6.000000000000000711e+01,1.159945801451880527e+02,-1.028345533866288122e+02,4.683997324144076657e+01,0.000000000000000000e+00,5.985000000000000142e+01,2.105999999999999872e+01,5.000000000000000000e+01,1.000000000000000000e+00
2.000000000000000000e+01,6.000000000000000000e+01,1.161889510580376879e+02,-1.011698094922017503e+02,4.498085843416406249e+01,0.000000000000000000e+00,5.985000000000000142e+01,2.099500000000000099e+01,5.000000000000000000e+01,1.000000000000000000e+00
2.100000000000000000e+01,6.000000000000000711e+01,1.157075092585178169e+02,-9.826411328981333781e+01,4.255660403129552805e+01,0.000000000000000000e+00,5.985000000000000142e+01,2.115599999999999881e+01,5.000000000000000000e+01,1.000000000000000000e+00
2.200000000000000000e+01,6.000000000000000000e+01,1.158031995540745527e+02,-9.659332531228467644e+01,4.079012575821012376e+01,0.000000000000000000e+00,5.985000000000000142e+01,2.112399999999999878e+01,5.000000000000000000e+01,1.000000000000000000e+00
2.300000000000000000e+01,6.000000000000000711e+01,1.153217577545546959e+02,-9.387059349181066636e+01,3.854883573725597756e+01,0.000000000000000000e+00,5.985000000000000142e+01,2.128500000000000014e+01,5.000000000000000000e+01,1.000000000000000000e+00
2.400000000000000000e+01,6.000000000000000000e+01,1.150316965461483392e+02,-9.162012042852552440e+01,3.658842388237718524e+01,0.000000000000000000e+00,5.985000000000000142e+01,2.138200000000000145e+01,5.000000000000000000e+01,1.000000000000000000e+00
2.500000000000000000e+01,5.999999999999999289e+01,1.147416353377419540e+02,-8.945523754029102292e+01,3.471360220254906181e+01,0.000000000000000000e+00,5.985000000000000142e+01,2.147899999999999920e+01,5.000000000000000000e+01,1.000000000000000000e+00
2.600000000000000000e+01,6.000000000000000000e+01,1.145502547466284682e+02,-8.756526093110771569e+01,3.301500618447924751e+01,0.000000000000000000e+00,5.985000000000000142e+01,2.154299999999999926e+01,5.000000000000000000e+01,1.000000000000000000e+00
2.700000000000000000e+01,6.000000000000000000e+01,1.143588741555149824e+02,-8.574944380538458688e+01,3.139056964986960097e+01,0.000000000000000000e+00,5.985000000000000142e+01,2.160699999999999932e+01,5.000000000000000000e+01,1.000000000000000000e+00
2.800000000000000000e+01,6.000000000000000000e+01,1.136830614431455047e+02,-8.305683412961818135e+01,2.937377268647268025e+01,0.000000000000000000e+00,5.985000000000000142e+01,2.183299999999999841e+01,5.000000000000000000e+01,1.000000000000000000e+00
2.900000000000000000e+01,6.000000000000000000e+01,1.136830614431455047e+02,-8.177439628887694312e+01,2.809133484573143846e+01,0.000000000000000000e+00,5.985000000000000142e+01,2.183299999999999841e+01,5.000000000000000000e+01,1.000000000000000000e+00
3.000000000000000000e+01,5.999999999999999289e+01,1.132016196436256337e+02,-7.960608456866208371e+01,2.640446492503644293e+01,0.000000000000000000e+00,5.985000000000000142e+01,2.199399999999999977e+01,5.000000000000000000e+01,1.000000000000000000e+00
3.100000000000000000e+01,5.999999999999999289e+01,1.131059293480688837e+02,-7.826608175293677050e+01,2.516015240486787974e+01,0.000000000000000000e+00,5.985000000000000142e+01,2.202599999999999980e+01,5.000000000000000000e+01,1.000000000000000000e+00
3.200000000000000000e+01,6.000000000000000000e+01,1.128158681396625269e+02,-7.660014899798808585e+01,2.378428085832555894e+01,0.000000000000000000e+00,5.985000000000000142e+01,2.212300000000000111e+01,5.000000000000000000e+01,1.000000000000000000e+00
3.300000000000000000e+01,6.000000000000000000e+01,1.125258069312561560e+02,-7.499428580761721719e+01,2.246847887636106122e+01,0.000000000000000000e+00,5.985000000000000142e+01,2.221999999999999886e+01,5.000000000000000000e+01,1.000000000000000000e+00
3.400000000000000000e+01,6.000000000000000000e+01,1.120443651317362992e+02,-7.307146394480427887e+01,2.102709881306797612e+01,0.000000000000000000e+00,5.985000000000000142e+01,2.238100000000000023e+01,5.000000000000000000e+01,1.000000000000000000e+00
3.500000000000000000e+01,5.999999999999999289e+01,1.117543039233299140e+02,-7.158597734433868709e+01,1.983167342100876596e+01,0.000000000000000000e+00,5.985000000000000142e+01,2.247800000000000153e+01,5.000000000000000000e+01,1.000000000000000000e+00
3.600000000000000000e+01,6.000000000000000711e+01,1.111771718282533215e+02,-6.959107369441792912e+01,1.841390186616461477e+01,0.000000000000000000e+00,5.985000000000000142e+01,2.267099999999999937e+01,5.000000000000000000e+01,1.000000000000000000e+00
3.700000000000000000e+01,6.000000000000000000e+01,1.108871106198469505e+02,-6.821967739776823691e+01,1.733256677792128642e+01,0.000000000000000000e+00,5.985000000000000142e+01,2.276800000000000068e+01,5.000000000000000000e+01,1.000000000000000000e+00
3.800000000000000000e+01,6.000000000000000000e+01,1.105043494376199789e+02,-6.671413868195413954e+01,1.620978924433416424e+01,0.000000000000000000e+00,5.985000000000000142e+01,2.289600000000000080e+01,5.000000000000000000e+01,1.000000000000000000e+00
3.900000000000000000e+01,6.000000000000000000e+01,1.098285367252504869e+02,-6.468431098696500214e+01,1.485577426171451876e+01,0.000000000000000000e+00,5.985000000000000142e+01,2.312199999999999989e+01,5.000000000000000000e+01,1.000000000000000000e+00
4.000000000000000000e+01,6.000000000000000000e+01,1.092514046301738802e+02,-6.290665152428920237e+01,1.365524689411532400e+01,0.000000000000000000e+00,5.985000000000000142e+01,2.331500000000000128e+01,5.000000000000000000e+01,1.000000000000000000e+00
4.100000000000000000e+01,6.000000000000000000e+01,1.089613434217675234e+02,-6.174301468953521521e+01,1.278167126776769358e+01,0.000000000000000000e+00,5.985000000000000142e+01,2.341199999999999903e+01,5.000000000000000000e+01,1.000000000000000000e+00
4.200000000000000000e+01,6.000000000000000000e+01,1.089613434217675234e+02,-6.118497609242817248e+01,1.222363267066065085e+01,0.000000000000000000e+00,5.985000000000000142e+01,2.341199999999999903e+01,5.000000000000000000e+01,1.000000000000000000e+00
4.300000000000000000e+01,6.000000000000000000e+01,1.084799016222476524e+02,-5.970943686460391575e+01,1.122953524235626688e+01,0.000000000000000000e+00,5.985000000000000142e+01,2.357300000000000040e+01,5.000000000000000000e+01,1.000000000000000000e+00
4.400000000000000000e+01,6.000000000000000000e+01,1.076127083187646889e+02,-5.752263784323842088e+01,9.909929524473731988e+00,0.000000000000000000e+00,5.985000000000000142e+01,2.386299999999999955e+01,5.000000000000000000e+01,1.000000000000000000e+00
4.500000000000000000e+01,6.000000000000000000e+01,1.075140277014717896e+02,-5.689692452062498518e+01,9.382896819153197399e+00,0.000000000000000000e+00,5.985000000000000142e+01,2.389600000000000080e+01,5.000000000000000000e+01,1.000000000000000000e+00
4.600000000000000000e+01,6.000000000000000000e+01,1.069368956063951970e+02,-5.535820696047548495e+01,8.421311354080287970e+00,0.000000000000000000e+00,5.985000000000000142e+01,2.408899999999999864e+01,5.000000000000000000e+01,1.000000000000000000e+00
4.700000000000000000e+01,6.000000000000000000e+01,1.065511441024320902e+02,-5.423587717475245285e+01,7.684733072320363512e+00,0.000000000000000000e+00,5.985000000000000142e+01,2.421799999999999997e+01,5.000000000000000000e+01,1.000000000000000000e+00
4.800000000000000000e+01,6.000000000000000000e+01,1.059740120073554692e+02,-5.277130022541100374e+01,6.797288218055532738e+00,0.000000000000000000e+00,5.985000000000000142e+01,2.441100000000000136e+01,5.000000000000000000e+01,1.000000000000000000e+00
4.900000000000000000e+01,6.000000000000000000e+01,1.054925702078356409e+02,-5.153267130315752809e+01,6.040101095321888991e+00,0.000000000000000000e+00,5.985000000000000142e+01,2.457199999999999918e+01,5.000000000000000000e+01,1.000000000000000000e+00
5.000000000000000000e+01,6.000000000000000000e+01,1.050111284083157699e+02,-5.032710062742480517e+01,5.315972219109033503e+00,0.000000000000000000e+00,5.985000000000000142e+01,2.473300000000000054e+01,5.000000000000000000e+01,1.000000000000000000e+00
5.100000000000000000e+01,6.000000000000000000e+01,1.045266962870597496e+02,-4.914729481071725559e+01,4.620598523657509560e+00,0.000000000000000000e+00,5.985000000000000142e+01,2.489499999999999957e+01,5.000000000000000000e+01,1.000000000000000000e+00
5.200000000000000000e+01,6.000000000000000000e+01,1.042396254003895280e+02,-4.838395432991457312e+01,4.144328929525046945e+00,0.000000000000000000e+00,5.985000000000000142e+01,2.499099999999999966e+01,5.000000000000000000e+01,1.000000000000000000e+00
5.300000000000000000e+01,6.000000000000000000e+01,1.037581836008696712e+02,-4.726115170678415467e+01,3.502968105914486596e+00,0.000000000000000000e+00,5.985000000000000142e+01,2.515200000000000102e+01,5.000000000000000000e+01,1.000000000000000000e+00
5.400000000000000000e+01,6.000000000000000000e+01,1.032767418013498286e+02,-4.616635043705656472e+01,2.889608635706736983e+00,0.000000000000000000e+00,5.985000000000000142e+01,2.531299999999999883e+01,5.000000000000000000e+01,1.000000000000000000e+00
5.500000000000000000e+01,6.000000000000000000e+01,1.026009290889803225e+02,-4.471807227063300161e+01,2.117143181652678230e+00,0.000000000000000000e+00,5.985000000000000142e+01,2.553900000000000148e+01,5.000000000000000000e+01,1.000000000000000000e+00
5.600000000000000000e+01,6.000000000000000000e+01,1.021194872894604799e+02,-4.368377512281325181e+01,1.564287833352774770e+00,0.000000000000000000e+00,5.985000000000000142e+01,2.569999999999999929e+01,5.000000000000000000e+01,1.000000000000000000e+00
5.700000000000000000e+01,6.000000000000000000e+01,1.016380454899406232e+02,-4.267361524284407182e+01,1.035569752903449103e+00,0.000000000000000000e+00,5.985000000000000142e+01,2.586100000000000065e+01,5.000000000000000000e+01,1.000000000000000000e+00
5.800000000000000000e+01,6.000000000000000000e+01,1.010579230731278670e+02,-4.149348590529385916e+01,4.355628321659906765e-01,0.000000000000000000e+00,5.985000000000000142e+01,2.605499999999999972e+01,5.000000000000000000e+01,1.000000000000000000e+00
5.900000000000000000e+01,6.000000000000000000e+01,1.005764812736080103e+02,-4.053260534905210477e+01,-4.387592455590472174e-02,0.000000000000000000e+00,5.985000000000000142e+01,2.621600000000000108e+01,5.000000000000000000e+01,1.000000000000000000e+00
6.000000000000000000e+01,6.000000000000000000e+01,1.001907297696449035e+02,-3.977985956641097687e+01,-4.108702032339256460e-01,0.000000000000000000e+00,5.985000000000000142e+01,2.634499999999999886e+01,5.000000000000000000e+01,1.000000000000000000e+00
6.100000000000000000e+01,6.000000000000000000e+01,9.961359767456828251e+01,-3.866873084774167069e+01,-9.448668268266109393e-01,0.000000000000000000e+00,5.985000000000000142e+01,2.653800000000000026e+01,5.000000000000000000e+01,1.000000000000000000e+00
6.200000000000000000e+01,6.000000000000000000e+01,9.922784617060517576e+01,-3.795532168146129237e+01,-1.272524489143885384e+00,0.000000000000000000e+00,5.985000000000000142e+01,2.666700000000000159e+01,5.000000000000000000e+01,1.000000000000000000e+00
6.300000000000000000e+01,6.000000000000000000e+01,9.845634316267893382e+01,-3.650155643960599861e+01,-1.954786723072934995e+00,0.000000000000000000e+00,5.985000000000000142e+01,2.692500000000000071e+01,5.000000000000000000e+01,1.000000000000000000e+00
6.400000000000000000e+01,6.000000000000000000e+01,9.807059165871584128e+01,-3.583223965141027634e+01,-2.238352007305565383e+00,0.000000000000000000e+00,5.985000000000000142e+01,2.705399999999999849e+01,5.000000000000000000e+01,1.000000000000000000e+00
6.500000000000000000e+01,6.000000000000000000e+01,9.758914985919598450e+01,-3.498810029861077453e+01,-2.601049560585212195e+00,0.000000000000000000e+00,5.985000000000000142e+01,2.721499999999999986e+01,5.000000000000000000e+01,1.000000000000000000e+00
6.600000000000000000e+01,6.000000000000000000e+01,9.710770805967612773e+01,-3.415979606076346897e+01,-2.947911998912659204e+00,0.000000000000000000e+00,5.985000000000000142e+01,2.737600000000000122e+01,5.000000000000000000e+01,1.000000000000000000e+00
6.700000000000000000e+01,6.000000000000000000e+01,9.662626626015625675e+01,-3.334663558811072903e+01,-3.279630672045526829e+00,0.000000000000000000e+00,5.985000000000000142e+01,2.753699999999999903e+01,5.000000000000000000e+01,1.000000000000000000e+00
6.800000000000000000e+01,6.000000000000000000e+01,9.595045354778677904e+01,-3.216770198363016675e+01,-3.782751564156614066e+00,0.000000000000000000e+00,5.985000000000000142e+01,2.776300000000000168e+01,5.000000000000000000e+01,1.000000000000000000e+00
6.900000000000000000e+01,6.000000000000000000e+01,9.537332145271017225e+01,-3.120378718596084866e+01,-4.169534266749323592e+00,0.000000000000000000e+00,5.985000000000000142e+01,2.795599999999999952e+01,5.000000000000000000e+01,1.000000000000000000e+00
7.000000000000000000e+01,6.000000000000000000e+01,9.479618935763356546e+01,-3.025675904358240942e+01,-4.539430314051156046e+00,0.000000000000000000e+00,5.985000000000000142e+01,2.814900000000000091e+01,5.000000000000000000e+01,1.000000000000000000e+00
7.100000000000000000e+01,6.000000000000000711e+01,9.431175723637755937e+01,-2.950723303053397117e+01,-4.804524205843587303e+00,0.000000000000000000e+00,5.985000000000000142e+01,2.831099999999999994e+01,5.000000000000000000e+01,1.000000000000000000e+00
7.200000000000000000e+01,6.000000000000000000e+01,9.383031543685770259e+01,-2.877513091477548812e+01,-5.055184522082216247e+00,0.000000000000000000e+00,5.985000000000000142e+01,2.847200000000000131e+01,5.000000000000000000e+01,1.000000000000000000e+00
7.300000000000000000e+01,6.000000000000000000e+01,9.325318334178111002e+01,-2.786676962711894134e+01,-5.386413714662169561e+00,0.000000000000000000e+00,5.985000000000000142e+01,2.866499999999999915e+01,5.000000000000000000e+01,1.000000000000000000e+00
7.400000000000000000e+01,6.000000000000000711e+01,9.325318334178111002e+01,-2.810193658532011085e+01,-5.151246756461000942e+00,0.000000000000000000e+00,5.985000000000000142e+01,2.866499999999999915e+01,5.000000000000000000e+01,1.000000000000000000e+00
7.500000000000000000e+01,6.000000000000000000e+01,9.248168033385488229e+01,-2.681751357479571496e+01,-5.664166759059167333e+00,0.000000000000000000e+00,5.985000000000000142e+01,2.892299999999999827e+01,5.000000000000000000e+01,1.000000000000000000e+00
7.600000000000000000e+01,5.999999999999999289e+01,9.171017732592864036e+01,-2.555548428358090263e+01,-6.154693042347739507e+00,0.000000000000000000e+00,5.985000000000000142e+01,2.918100000000000094e+01,5.000000000000000000e+01,1.000000000000000000e+00
7.700000000000000000e+01,6.000000000000000000e+01,9.142310643925841873e+01,-2.526258530162009208e+01,-6.160521137638324873e+00,0.000000000000000000e+00,5.985000000000000142e+01,2.927700000000000102e+01,5.000000000000000000e+01,1.000000000000000000e+00
7.800000000000000000e+01,6.000000000000000000e+01,9.065160343133219101e+01,-2.402222648645554770e+01,-6.629376944876643307e+00,0.000000000000000000e+00,5.985000000000000142e+01,2.953500000000000014e+01,5.000000000000000000e+01,1.000000000000000000e+00
7.900000000000000000e+01,6.000000000000000711e+01,9.045723251848255586e+01,-2.393140459640196838e+01,-6.525827922080585708e+00,0.000000000000000000e+00,5.985000000000000142e+01,2.960000000000000142e+01,5.000000000000000000e+01,1.000000000000000000e+00
8.000000000000000000e+01,5.999999999999999289e+01,8.968871983229247746e+01,-2.271284490152090285e+01,-6.975874930771572835e+00,0.000000000000000000e+00,5.985000000000000142e+01,2.985699999999999932e+01,5.000000000000000000e+01,1.000000000000000000e+00
8.100000000000000000e+01,6.000000000000000711e+01,8.901290711992298554e+01,-2.169528666943829620e+01,-7.317620450484691119e+00,0.000000000000000000e+00,5.985000000000000142e+01,3.008299999999999841e+01,5.000000000000000000e+01,1.000000000000000000e+00
8.200000000000000000e+01,6.000000000000000000e+01,8.872284591151661459e+01,-2.144731017558245867e+01,-7.275535735934156811e+00,0.000000000000000000e+00,5.985000000000000142e+01,3.017999999999999972e+01,5.000000000000000000e+01,1.000000000000000000e+00
8.300000000000000000e+01,6.000000000000000000e+01,8.814571381644000780e+01,-2.063588782889110007e+01,-7.509825987548909509e+00,0.000000000000000000e+00,5.985000000000000142e+01,3.037300000000000111e+01,5.000000000000000000e+01,1.000000000000000000e+00
8.400000000000000000e+01,6.000000000000000711e+01,8.746990110407051588e+01,-1.964164151685444182e+01,-7.828259587216074955e+00,0.000000000000000000e+00,5.985000000000000142e+01,3.059900000000000020e+01,5.000000000000000000e+01,1.000000000000000000e+00
8.500000000000000000e+01,6.000000000000000000e+01,8.737421080851378008e+01,-1.979621489244013333e+01,-7.577995916073645866e+00,0.000000000000000000e+00,5.985000000000000142e+01,3.063100000000000023e+01,5.000000000000000000e+01,1.000000000000000000e+00
8.600000000000000000e+01,6.000000000000000000e+01,8.660270780058755236e+01,-1.861774200910888410e+01,-7.984965791478669139e+00,0.000000000000000000e+00,5.985000000000000142e+01,3.088899999999999935e+01,5.000000000000000000e+01,1.000000000000000000e+00
8.700000000000000000e+01,6.000000000000000000e+01,8.612126600106768137e+01,-1.802449569111325900e+01,-8.096770309954424150e+00,0.000000000000000000e+00,5.985000000000000142e+01,3.105000000000000071e+01,5.000000000000000000e+01,1.000000000000000000e+00
8.800000000000000000e+01,6.000000000000000000e+01,8.554413390599108880e+01,-1.724892785671389106e+01,-8.295206049277199511e+00,0.000000000000000000e+00,5.985000000000000142e+01,3.124299999999999855e+01,5.000000000000000000e+01,1.000000000000000000e+00
8.900000000000000000e+01,6.000000000000000000e+01,8.506269210647123202e+01,-1.666922640578621895e+01,-8.393465700685014852e+00,0.000000000000000000e+00,5.985000000000000142e+01,3.140399999999999991e+01,5.000000000000000000e+01,1.000000000000000000e+00
9.000000000000000000e+01,6.000000000000000000e+01,8.467694060250811106e+01,-1.628101772220504984e+01,-8.395922880303061220e+00,0.000000000000000000e+00,5.985000000000000142e+01,3.153300000000000125e+01,5.000000000000000000e+01,1.000000000000000000e+00
9.100000000000000000e+01,6.000000000000000000e+01,8.409681818569536915e+01,-1.551266058622386268e+01,-8.584157599471506472e+00,0.000000000000000000e+00,5.985000000000000142e+01,3.172700000000000031e+01,5.000000000000000000e+01,1.000000000000000000e+00
9.200000000000000000e+01,5.999999999999999289e+01,8.351968609061876236e+01,-1.475837173119986723e+01,-8.761314359418895137e+00,0.000000000000000000e+00,5.985000000000000142e+01,3.192000000000000171e+01,5.000000000000000000e+01,1.000000000000000000e+00
9.300000000000000000e+01,6.000000000000000000e+01,8.342399579506202656e+01,-1.495368160870273400e+01,-8.470314186359292563e+00,0.000000000000000000e+00,5.985000000000000142e+01,3.195200000000000173e+01,5.000000000000000000e+01,1.000000000000000000e+00
9.400000000000000000e+01,6.000000000000000711e+01,8.265249278713579884e+01,-1.381416670084210097e+01,-8.838326086293697870e+00,0.000000000000000000e+00,5.985000000000000142e+01,3.221000000000000085e+01,5.000000000000000000e+01,1.000000000000000000e+00
9.500000000000000000e+01,6.000000000000000000e+01,8.236243157872941367e+01,-1.363258312398761518e+01,-8.729848454741798491e+00,0.000000000000000000e+00,5.985000000000000142e+01,3.230700000000000216e+01,5.000000000000000000e+01,1.000000000000000000e+00
9.600000000000000000e+01,6.000000000000000000e+01,8.168960918809609950e+01,-1.269745220571197919e+01,-8.992156982384120312e+00,0.000000000000000000e+00,5.985000000000000142e+01,3.253199999999999648e+01,5.000000000000000000e+01,1.000000000000000000e+00
9.700000000000000000e+01,6.000000000000000000e+01,8.159391889253933527e+01,-1.290284050651120751e+01,-8.691078386028127767e+00,0.000000000000000000e+00,5.985000000000000142e+01,3.256400000000000006e+01,5.000000000000000000e+01,1.000000000000000000e+00
9.800000000000000000e+01,6.000000000000000000e+01,8.072672558905637175e+01,-1.158576118375258268e+01,-9.140964405303789064e+00,0.000000000000000000e+00,5.985000000000000142e+01,3.285399999999999920e+01,5.000000000000000000e+01,1.000000000000000000e+00
9.900000000000000000e+01,5.999999999999999289e+01,8.053235467620675081e+01,-1.160459340023694530e+01,-8.927761275969805510e+00,0.000000000000000000e+00,5.985000000000000142e+01,3.291899999999999693e+01,5.000000000000000000e+01,1.000000000000000000e+00
1.000000000000000000e+02,6.000000000000000000e+01,7.995522258113012981e+01,-1.086530603520410132e+01,-9.089916545926028490e+00,0.000000000000000000e+00,5.985000000000000142e+01,3.311200000000000188e+01,5.000000000000000000e+01,1.000000000000000000e+00
1.010000000000000000e+02,5.999999999999999289e+01,7.918371957320391630e+01,-9.752842521817136401e+00,-9.430877051386779897e+00,0.000000000000000000e+00,5.985000000000000142e+01,3.336999999999999744e+01,5.000000000000000000e+01,1.000000000000000000e+00
1.020000000000000000e+02,6.000000000000000000e+01,7.879796806924078112e+01,-9.409926473497845834e+00,-9.388041595742935286e+00,0.000000000000000000e+00,5.985000000000000142e+01,3.349900000000000233e+01,5.000000000000000000e+01,1.000000000000000000e+00
1.030000000000000000e+02,6.000000000000000000e+01,7.822083597416418854e+01,-8.690734616989816530e+00,-9.530101357174372012e+00,0.000000000000000000e+00,5.985000000000000142e+01,3.369200000000000017e+01,5.000000000000000000e+01,1.000000000000000000e+00
1.040000000000000000e+02,6.000000000000000000e+01,7.764071355735143243e+01,-7.971894899571724480e+00,-9.668818657779707948e+00,0.000000000000000000e+00,5.985000000000000142e+01,3.388600000000000279e+01,5.000000000000000000e+01,1.000000000000000000e+00
1.050000000000000000e+02,6.000000000000000000e+01,7.715927175783158987e+01,-7.452164389607830230e+00,-9.707107368223759636e+00,0.000000000000000000e+00,5.985000000000000142e+01,3.404699999999999704e+01,5.000000000000000000e+01,1.000000000000000000e+00
1.060000000000000000e+02,6.000000000000000000e+01,7.686921054942521891e+01,-7.308511180199413815e+00,-9.560699369225805100e+00,0.000000000000000000e+00,5.985000000000000142e+01,3.414399999999999835e+01,5.000000000000000000e+01,1.000000000000000000e+00
1.070000000000000000e+02,6.000000000000000000e+01,7.629207845434859792e+01,-6.596857438205121937e+00,-9.695221016143475978e+00,0.000000000000000000e+00,5.985000000000000142e+01,3.433700000000000330e+01,5.000000000000000000e+01,1.000000000000000000e+00
1.080000000000000000e+02,6.000000000000000711e+01,7.561626574197912021e+01,-5.698023905165307212e+00,-9.918241836813812995e+00,0.000000000000000000e+00,5.985000000000000142e+01,3.456300000000000239e+01,5.000000000000000000e+01,1.000000000000000000e+00
1.090000000000000000e+02,6.000000000000000000e+01,7.513482394245927765e+01,-5.189183032244823579e+00,-9.945640910214454067e+00,0.000000000000000000e+00,5.985000000000000142e+01,3.472399999999999665e+01,5.000000000000000000e+01,1.000000000000000000e+00
1.100000000000000000e+02,6.000000000000000000e+01,7.494344335134579183e+01,-5.248996935774455252e+00,-9.694446415571336573e+00,0.000000000000000000e+00,5.985000000000000142e+01,3.478799999999999670e+01,5.000000000000000000e+01,1.000000000000000000e+00
1.110000000000000000e+02,6.000000000000000000e+01,7.436631125626917083e+01,-4.543182493864346583e+00,-9.823128762404824244e+00,0.000000000000000000e+00,5.985000000000000142e+01,3.498100000000000165e+01,5.000000000000000000e+01,1.000000000000000000e+00
1.120000000000000000e+02,6.000000000000000000e+01,7.407625004786279987e+01,-4.404594695284204775e+00,-9.671655352578595100e+00,0.000000000000000000e+00,5.985000000000000142e+01,3.507800000000000296e+01,5.000000000000000000e+01,1.000000000000000000e+00
1.130000000000000000e+02,6.000000000000000000e+01,7.378618883945644313e+01,-4.259393676308450338e+00,-9.526795163147992795e+00,0.000000000000000000e+00,5.985000000000000142e+01,3.517499999999999716e+01,5.000000000000000000e+01,1.000000000000000000e+00
1.140000000000000000e+02,5.999999999999999289e+01,7.301468583153020120e+01,-3.166003969902797976e+00,-9.848681861627403222e+00,0.000000000000000000e+00,5.985000000000000142e+01,3.543299999999999983e+01,5.000000000000000000e+01,1.000000000000000000e+00
1.150000000000000000e+02,6.000000000000000711e+01,7.262893432756709444e+01,-2.841328979836964308e+00,-9.787605347730130134e+00,0.000000000000000000e+00,5.985000000000000142e+01,3.556199999999999761e+01,5.000000000000000000e+01,1.000000000000000000e+00
1.160000000000000000e+02,6.000000000000000000e+01,7.234186344089685861e+01,-2.707040342629785101e+00,-9.634823098267073505e+00,0.000000000000000000e+00,5.985000000000000142e+01,3.565800000000000125e+01,5.000000000000000000e+01,1.000000000000000000e+00
1.170000000000000000e+02,6.000000000000000000e+01,7.176174102408411670e+01,-1.992772701293306525e+00,-9.768968322790810177e+00,0.000000000000000000e+00,5.985000000000000142e+01,3.585199999999999676e+01,5.000000000000000000e+01,1.000000000000000000e+00
1.180000000000000000e+02,6.000000000000000000e+01,7.118460892900750991e+01,-1.290211832385308455e+00,-9.894397096622201460e+00,0.000000000000000000e+00,5.985000000000000142e+01,3.604500000000000171e+01,5.000000000000000000e+01,1.000000000000000000e+00
1.190000000000000000e+02,5.999999999999999289e+01,7.118460892900750991e+01,-1.722194110707770065e+00,-9.462414818299739849e+00,0.000000000000000000e+00,5.985000000000000142e+01,3.604500000000000171e+01,5.000000000000000000e+01,1.000000000000000000e+00
1.200000000000000000e+02,6.000000000000000000e+01,7.060747683393091734e+01,-1.006249335736143280e+00,-9.601227498194774057e+00,0.000000000000000000e+00,5.985000000000000142e+01,3.623799999999999955e+01,5.000000000000000000e+01,1.000000000000000000e+00
1.210000000000000000e+02,6.000000000000000711e+01,7.002735441711816122e+01,-2.905149346042534830e-01,-9.736839482513907740e+00,0.000000000000000000e+00,5.985000000000000142e+01,3.643200000000000216e+01,5.000000000000000000e+01,1.000000000000000000e+00
1.220000000000000000e+02,6.000000000000000000e+01,6.983597382600467540e+01,-3.412127176088795011e-01,-9.494761108395795901e+00,0.000000000000000000e+00,5.985000000000000142e+01,3.649600000000000222e+01,5.000000000000000000e+01,1.000000000000000000e+00
1.230000000000000000e+02,6.000000000000000000e+01,6.916016111363518348e+01,5.663727511795890734e-01,-9.726533864814772556e+00,0.000000000000000000e+00,5.985000000000000142e+01,3.672200000000000131e+01,5.000000000000000000e+01,1.000000000000000000e+00
1.240000000000000000e+02,5.999999999999999289e+01,6.877440960967207673e+01,8.963806351489491675e-01,-9.670790244821025894e+00,0.000000000000000000e+00,5.985000000000000142e+01,3.685099999999999909e+01,5.000000000000000000e+01,1.000000000000000000e+00
1.250000000000000000e+02,6.000000000000000711e+01,6.848733872300184089e+01,1.035769335938008240e+00,-9.523108058939849130e+00,0.000000000000000000e+00,5.985000000000000142e+01,3.694700000000000273e+01,5.000000000000000000e+01,1.000000000000000000e+00
1.260000000000000000e+02,6.000000000000000000e+01,6.810158721903873413e+01,1.374658644640303962e+00,-9.476245863679038095e+00,0.000000000000000000e+00,5.985000000000000142e+01,3.707600000000000051e+01,5.000000000000000000e+01,1.000000000000000000e+00
1.270000000000000000e+02,6.000000000000000000e+01,6.752146480222597802e+01,2.095849654264792861e+00,-9.617314456490770880e+00,0.000000000000000000e+00,5.985000000000000142e+01,3.727000000000000313e+01,5.000000000000000000e+01,1.000000000000000000e+00
1.280000000000000000e+02,5.999999999999999289e+01,6.713870361999900638e+01,2.424775891069380407e+00,-9.563479511068386785e+00,0.000000000000000000e+00,5.985000000000000142e+01,3.739800000000000324e+01,5.000000000000000000e+01,1.000000000000000000e+00
1.290000000000000000e+02,6.000000000000000000e+01,6.694433270714938544e+01,2.387496968208521864e+00,-9.331829675357907306e+00,0.000000000000000000e+00,5.985000000000000142e+01,3.746300000000000097e+01,5.000000000000000000e+01,1.000000000000000000e+00
1.300000000000000000e+02,5.999999999999999289e+01,6.646289090762952867e+01,2.921940175366080084e+00,-9.384831082995608753e+00,0.000000000000000000e+00,5.985000000000000142e+01,3.762400000000000233e+01,5.000000000000000000e+01,1.000000000000000000e+00
1.310000000000000000e+02,5.999999999999999289e+01,6.588575881255293609e+01,3.641272200557216010e+00,-9.527031013110152102e+00,0.000000000000000000e+00,5.985000000000000142e+01,3.781700000000000017e+01,5.000000000000000000e+01,1.000000000000000000e+00
1.320000000000000000e+02,6.000000000000000711e+01,6.569138789970330095e+01,3.605584592966588175e+00,-9.296972492669889121e+00,0.000000000000000000e+00,5.985000000000000142e+01,3.788199999999999790e+01,5.000000000000000000e+01,1.000000000000000000e+00
1.330000000000000000e+02,6.000000000000000000e+01,6.530563639574017998e+01,3.954346818247170603e+00,-9.259983213987350581e+00,0.000000000000000000e+00,5.985000000000000142e+01,3.801100000000000279e+01,5.000000000000000000e+01,1.000000000000000000e+00
1.340000000000000000e+02,6.000000000000000000e+01,6.520994610018344417e+01,3.737265416332920864e+00,-8.947211516516365037e+00,0.000000000000000000e+00,5.985000000000000142e+01,3.804299999999999926e+01,5.000000000000000000e+01,1.000000000000000000e+00
1.350000000000000000e+02,6.000000000000000711e+01,6.434275279670048064e+01,5.043162150381824915e+00,-9.385914947082305559e+00,0.000000000000000000e+00,5.985000000000000142e+01,3.833299999999999841e+01,5.000000000000000000e+01,1.000000000000000000e+00
1.360000000000000000e+02,6.000000000000000000e+01,6.405269158829409548e+01,5.200838390451918869e+00,-9.253529978746014351e+00,0.000000000000000000e+00,5.985000000000000142e+01,3.842999999999999972e+01,5.000000000000000000e+01,1.000000000000000000e+00
1.370000000000000000e+02,6.000000000000000000e+01,6.386131099718060966e+01,5.171241553622561327e+00,-9.032552550803170988e+00,0.000000000000000000e+00,5.985000000000000142e+01,3.849399999999999977e+01,5.000000000000000000e+01,1.000000000000000000e+00
1.380000000000000000e+02,6.000000000000000000e+01,6.328118858036785355e+01,5.911803894951333405e+00,-9.192992475319186951e+00,0.000000000000000000e+00,5.985000000000000142e+01,3.868800000000000239e+01,5.000000000000000000e+01,1.000000000000000000e+00
1.390000000000000000e+02,6.000000000000000000e+01,6.299411769369763903e+01,6.072052903552055625e+00,-9.066170597249694652e+00,0.000000000000000000e+00,5.985000000000000142e+01,3.878399999999999892e+01,5.000000000000000000e+01,1.000000000000000000e+00
1.400000000000000000e+02,6.000000000000000711e+01,6.270405648529126097e+01,6.243688952529405256e+00,-8.947745437820666226e+00,0.000000000000000000e+00,5.985000000000000142e+01,3.888100000000000023e+01,5.000000000000000000e+01,1.000000000000000000e+00
1.410000000000000000e+02,6.000000000000000000e+01,6.241399527688488291e+01,6.420495359001129998e+00,-8.834490635886012910e+00,0.000000000000000000e+00,5.985000000000000142e+01,3.897800000000000153e+01,5.000000000000000000e+01,1.000000000000000000e+00
1.420000000000000000e+02,6.000000000000000000e+01,6.154680197340191228e+01,7.731313405824705498e+00,-9.278115379226617776e+00,0.000000000000000000e+00,5.985000000000000142e+01,3.926800000000000068e+01,5.000000000000000000e+01,1.000000000000000000e+00
1.430000000000000000e+02,6.000000000000000000e+01,6.135542138228843356e+01,7.700643188049602017e+00,-9.056064570338035580e+00,0.000000000000000000e+00,5.985000000000000142e+01,3.933200000000000074e+01,5.000000000000000000e+01,1.000000000000000000e+00
1.440000000000000000e+02,5.999999999999999289e+01,6.087397958276856968e+01,8.247126101839619139e+00,-9.121105684608188824e+00,0.000000000000000000e+00,5.985000000000000142e+01,3.949300000000000210e+01,5.000000000000000000e+01,1.000000000000000000e+00
1.450000000000000000e+02,5.999999999999999289e+01,6.058391837436219163e+01,8.416363724317079686e+00,-9.000282098679271314e+00,0.000000000000000000e+00,5.985000000000000142e+01,3.959000000000000341e+01,5.000000000000000000e+01,1.000000000000000000e+00
1.460000000000000000e+02,6.000000000000000000e+01,6.029385716595583489e+01,8.590876417869065307e+00,-8.884733583824900194e+00,0.000000000000000000e+00,5.985000000000000142e+01,3.968699999999999761e+01,5.000000000000000000e+01,1.000000000000000000e+00
1.470000000000000000e+02,6.000000000000000000e+01,6.010247657484234907e+01,8.577380967042248727e+00,-8.679857541884597794e+00,0.000000000000000000e+00,5.985000000000000142e+01,3.975099999999999767e+01,5.000000000000000000e+01,1.000000000000000000e+00
1.480000000000000000e+02,5.999999999999999289e+01,5.962103477532249229e+01,9.140288809777926460e+00,-8.761323585100418754e+00,0.000000000000000000e+00,5.985000000000000142e+01,3.991199999999999903e+01,5.000000000000000000e+01,1.000000000000000000e+00
1.490000000000000000e+02,6.000000000000000711e+01,5.913959297580262842e+01,9.699639903516109385e+00,-8.839232879318737801e+00,0.000000000000000000e+00,5.985000000000000142e+01,4.007300000000000040e+01,5.000000000000000000e+01,1.000000000000000000e+00
1.500000000000000000e+02,5.999999999999999289e+01,5.875384147183952166e+01,1.006838671190191370e+01,-8.822228183741435359e+00,0.000000000000000000e+00,5.985000000000000142e+01,4.020199999999999818e+01,5.000000000000000000e+01,1.000000000000000000e+00
1.510000000000000000e+02,6.000000000000000711e+01,5.827239967231965778e+01,1.062507875456054762e+01,-8.897478426880205404e+00,0.000000000000000000e+00,5.985000000000000142e+01,4.036299999999999955e+01,5.000000000000000000e+01,1.000000000000000000e+00
1.520000000000000000e+02,6.000000000000000711e+01,5.855947055898987230e+01,9.675012765708835616e+00,-8.234483324698707918e+00,0.000000000000000000e+00,5.985000000000000142e+01,4.026700000000000301e+01,5.000000000000000000e+01,1.000000000000000000e+00
1.530000000000000000e+02,6.000000000000000000e+01,5.788664816835655103e+01,1.063177097015339179e+01,-8.518419138509942812e+00,0.000000000000000000e+00,5.985000000000000142e+01,4.049199999999999733e+01,5.000000000000000000e+01,1.000000000000000000e+00
1.540000000000000000e+02,6.000000000000000000e+01,5.759658695995017297e+01,1.082732145482502162e+01,-8.423908414775194586e+00,0.000000000000000000e+00,5.985000000000000142e+01,4.058899999999999864e+01,5.000000000000000000e+01,1.000000000000000000e+00
1.550000000000000000e+02,6.000000000000000711e+01,5.701945486487358039e+01,1.158860667427912716e+01,-8.608061539152707553e+00,0.000000000000000000e+00,5.985000000000000142e+01,4.078199999999999648e+01,5.000000000000000000e+01,1.000000000000000000e+00
1.560000000000000000e+02,6.000000000000000000e+01,5.672939365646720233e+01,1.178024343605427227e+01,-8.509637092521474599e+00,0.000000000000000000e+00,5.985000000000000142e+01,4.087899999999999778e+01,5.000000000000000000e+01,1.000000000000000000e+00
1.570000000000000000e+02,6.000000000000000000e+01,5.643933244806082428e+01,1.197617733855291888e+01,-8.415509786613743159e+00,0.000000000000000000e+00,5.985000000000000142e+01,4.097599999999999909e+01,5.000000000000000000e+01,1.000000000000000000e+00
1.580000000000000000e+02,6.000000000000000711e+01,5.605657126583385264e+01,1.235757350498760765e+01,-8.414144770821460284e+00,0.000000000000000000e+00,5.985000000000000142e+01,4.110399999999999920e+01,5.000000000000000000e+01,1.000000000000000000e+00
1.590000000000000000e+02,6.000000000000000000e+01,5.576651005742747458e+01,1.255767653373896486e+01,-8.324186591166439442e+00,0.000000000000000000e+00,5.985000000000000142e+01,4.120100000000000051e+01,5.000000000000000000e+01,1.000000000000000000e+00
1.600000000000000000e+02,6.000000000000000000e+01,5.557213914457785364e+01,1.257450425060766719e+01,-8.146643395185520831e+00,0.000000000000000000e+00,5.985000000000000142e+01,4.126599999999999824e+01,5.000000000000000000e+01,1.000000000000000000e+00
1.610000000000000000e+02,6.000000000000000000e+01,5.499500704950123975e+01,1.334789466188824392e+01,-8.342901711389483665e+00,0.000000000000000000e+00,5.985000000000000142e+01,4.145900000000000318e+01,5.000000000000000000e+01,1.000000000000000000e+00
1.620000000000000000e+02,6.000000000000000000e+01,5.480362645838775393e+01,1.335805520186477580e+01,-8.161681660252529724e+00,0.000000000000000000e+00,5.985000000000000142e+01,4.152300000000000324e+01,5.000000000000000000e+01,1.000000000000000000e+00
1.630000000000000000e+02,6.000000000000000000e+01,5.470494584109488301e+01,1.319477494596079836e+01,-7.899720787055682258e+00,0.000000000000000000e+00,5.985000000000000142e+01,4.155599999999999739e+01,5.000000000000000000e+01,1.000000000000000000e+00
1.640000000000000000e+02,6.000000000000000000e+01,5.403212345046153331e+01,1.416614864261739726e+01,-8.198272093078930567e+00,0.000000000000000000e+00,5.985000000000000142e+01,4.178099999999999881e+01,5.000000000000000000e+01,1.000000000000000000e+00
1.650000000000000000e+02,6.000000000000000000e+01,5.393643315490478329e+01,1.399542078649799315e+01,-7.931853941402776442e+00,0.000000000000000000e+00,5.985000000000000142e+01,4.181300000000000239e+01,5.000000000000000000e+01,1.000000000000000000e+00
1.660000000000000000e+02,6.000000000000000000e+01,5.364637194649842655e+01,1.421658028683335750e+01,-7.862952233331784058e+00,0.000000000000000000e+00,5.985000000000000142e+01,4.190999999999999659e+01,5.000000000000000000e+01,1.000000000000000000e+00
1.670000000000000000e+02,6.000000000000000000e+01,5.355068165094167654e+01,1.406049225520915158e+01,-7.611173906150827229e+00,0.000000000000000000e+00,5.985000000000000142e+01,4.194200000000000017e+01,5.000000000000000000e+01,1.000000000000000000e+00
1.680000000000000000e+02,6.000000000000000711e+01,5.287486893857218462e+01,1.505031378983356660e+01,-7.925182728405750332e+00,0.000000000000000000e+00,5.985000000000000142e+01,4.216799999999999926e+01,5.000000000000000000e+01,1.000000000000000000e+00
1.690000000000000000e+02,6.000000000000000711e+01,5.268348834745870590e+01,1.507871164090703964e+01,-7.762199988365745540e+00,0.000000000000000000e+00,5.985000000000000142e+01,4.223199999999999932e+01,5.000000000000000000e+01,1.000000000000000000e+00
1.700000000000000000e+02,6.000000000000000711e+01,5.258480773016580656e+01,1.493287246818226066e+01,-7.517680198348068110e+00,0.000000000000000000e+00,5.985000000000000142e+01,4.226500000000000057e+01,5.000000000000000000e+01,1.000000000000000000e+00
1.710000000000000000e+02,6.000000000000000000e+01,5.200767563508921398e+01,1.573372296137557669e+01,-7.741398596464790671e+00,0.000000000000000000e+00,5.985000000000000142e+01,4.245799999999999841e+01,5.000000000000000000e+01,1.000000000000000000e+00
1.720000000000000000e+02,6.000000000000000711e+01,5.191198533953246397e+01,1.558294187432610300e+01,-7.494927213858567860e+00,0.000000000000000000e+00,5.985000000000000142e+01,4.249000000000000199e+01,5.000000000000000000e+01,1.000000000000000000e+00
1.730000000000000000e+02,6.000000000000000000e+01,5.114048233160624335e+01,1.676504147759688834e+01,-7.905523809203131691e+00,0.000000000000000000e+00,5.985000000000000142e+01,4.274799999999999756e+01,5.000000000000000000e+01,1.000000000000000000e+00
1.740000000000000000e+02,6.000000000000000000e+01,5.094611141875660110e+01,1.680014771114888461e+01,-7.746259129905484819e+00,0.000000000000000000e+00,5.985000000000000142e+01,4.281300000000000239e+01,5.000000000000000000e+01,1.000000000000000000e+00
1.750000000000000000e+02,6.000000000000000000e+01,5.085042112319986529e+01,1.664915441669663210e+01,-7.499575539896499166e+00,0.000000000000000000e+00,5.985000000000000142e+01,4.284499999999999886e+01,5.000000000000000000e+01,1.000000000000000000e+00
1.760000000000000000e+02,6.000000000000000000e+01,5.056335023652962946e+01,1.688333679372501805e+01,-7.446687030254648398e+00,0.000000000000000000e+00,5.985000000000000142e+01,4.294100000000000250e+01,5.000000000000000000e+01,1.000000000000000000e+00
1.770000000000000000e+02,6.000000000000000711e+01,5.007891811527363046e+01,1.750593406440847843e+01,-7.584852179682109785e+00,0.000000000000000000e+00,5.985000000000000142e+01,4.310300000000000153e+01,5.000000000000000000e+01,1.000000000000000000e+00
1.780000000000000000e+02,6.000000000000000000e+01,4.998322781971689466e+01,1.736198768159861672e+01,-7.345215501315510487e+00,0.000000000000000000e+00,5.985000000000000142e+01,4.313499999999999801e+01,5.000000000000000000e+01,1.000000000000000000e+00
1.790000000000000000e+02,6.000000000000000000e+01,4.979184722860341594e+01,1.741570648569876312e+01,-7.207553714302177283e+00,0.000000000000000000e+00,5.985000000000000142e+01,4.319899999999999807e+01,5.000000000000000000e+01,1.000000000000000000e+00
1.800000000000000000e+02,5.999999999999999289e+01,4.959747631575376658e+01,1.748128559282273642e+01,-7.078761908576503004e+00,0.000000000000000000e+00,5.985000000000000142e+01,4.326400000000000290e+01,5.000000000000000000e+01,1.000000000000000000e+00
1.810000000000000000e+02,6.000000000000000000e+01,4.911603451623392402e+01,1.811409612217327947e+01,-7.230130638407205268e+00,0.000000000000000000e+00,5.985000000000000142e+01,4.342499999999999716e+01,5.000000000000000000e+01,1.000000000000000000e+00
1.820000000000000000e+02,6.000000000000000000e+01,4.873028301227079595e+01,1.855309517991750923e+01,-7.283378192188306066e+00,0.000000000000000000e+00,5.985000000000000142e+01,4.355400000000000205e+01,5.000000000000000000e+01,1.000000000000000000e+00
1.830000000000000000e+02,5.999999999999999289e+01,4.834453150830768919e+01,1.898976948766704709e+01,-7.334300995974734505e+00,0.000000000000000000e+00,5.985000000000000142e+01,4.368299999999999983e+01,5.000000000000000000e+01,1.000000000000000000e+00
1.840000000000000000e+02,6.000000000000000000e+01,4.805746062163745336e+01,1.923116763270381213e+01,-7.288628254341264601e+00,0.000000000000000000e+00,5.985000000000000142e+01,4.377900000000000347e+01,5.000000000000000000e+01,1.000000000000000000e+00
1.850000000000000000e+02,6.000000000000000000e+01,4.776739941323109662e+01,1.948040990504225434e+01,-7.247809318273350954e+00,0.000000000000000000e+00,5.985000000000000142e+01,4.387599999999999767e+01,5.000000000000000000e+01,1.000000000000000000e+00
1.860000000000000000e+02,6.000000000000000000e+01,4.786308970878782532e+01,1.897677292881551736e+01,-6.839862637603342677e+00,0.000000000000000000e+00,5.985000000000000142e+01,4.384400000000000119e+01,5.000000000000000000e+01,1.000000000000000000e+00
1.870000000000000000e+02,6.000000000000000000e+01,4.719026731815448272e+01,1.999441927186259349e+01,-7.184686590017077101e+00,0.000000000000000000e+00,5.985000000000000142e+01,4.406900000000000261e+01,5.000000000000000000e+01,1.000000000000000000e+00
1.880000000000000000e+02,6.000000000000000000e+01,4.690020610974812598e+01,2.024819956269058352e+01,-7.148405672438710390e+00,0.000000000000000000e+00,5.985000000000000142e+01,4.416599999999999682e+01,5.000000000000000000e+01,1.000000000000000000e+00
1.890000000000000000e+02,6.000000000000000000e+01,4.661014490134174793e+01,2.050356385234967860e+01,-7.113708753691427411e+00,0.000000000000000000e+00,5.985000000000000142e+01,4.426299999999999812e+01,5.000000000000000000e+01,1.000000000000000000e+00
1.900000000000000000e+02,6.000000000000000000e+01,4.641876431022826210e+01,2.056739007495234972e+01,-6.986154385180613602e+00,0.000000000000000000e+00,5.985000000000000142e+01,4.432699999999999818e+01,5.000000000000000000e+01,1.000000000000000000e+00
1.910000000000000000e+02,6.000000000000000711e+01,4.603301280626513403e+01,2.101704096086723084e+01,-7.050053767132363980e+00,0.000000000000000000e+00,5.985000000000000142e+01,4.445600000000000307e+01,5.000000000000000000e+01,1.000000000000000000e+00
1.920000000000000000e+02,5.999999999999999289e+01,4.574295159785877729e+01,2.127669922414758474e+01,-7.019650822006363811e+00,0.000000000000000000e+00,5.985000000000000142e+01,4.455299999999999727e+01,5.000000000000000000e+01,1.000000000000000000e+00
1.930000000000000000e+02,6.000000000000000000e+01,4.564726130230202017e+01,2.115742912709984225e+01,-6.804690429401861529e+00,0.000000000000000000e+00,5.985000000000000142e+01,4.458500000000000085e+01,5.000000000000000000e+01,1.000000000000000000e+00
1.940000000000000000e+02,6.000000000000000711e+01,4.516581950278216340e+01,2.180220542059359445e+01,-6.968024923375756075e+00,0.000000000000000000e+00,5.985000000000000142e+01,4.474600000000000222e+01,5.000000000000000000e+01,1.000000000000000000e+00
1.950000000000000000e+02,5.999999999999999289e+01,4.458868740770557082e+01,2.262705346873197243e+01,-7.215740876437545026e+00,0.000000000000000000e+00,5.985000000000000142e+01,4.493900000000000006e+01,5.000000000000000000e+01,1.000000000000000000e+00
1.960000000000000000e+02,6.000000000000000000e+01,4.458868740770557082e+01,2.231201939913190557e+01,-6.900706806837474616e+00,0.000000000000000000e+00,5.985000000000000142e+01,4.493900000000000006e+01,5.000000000000000000e+01,1.000000000000000000e+00
1.970000000000000000e+02,6.000000000000000000e+01,4.449000679041267148e+01,2.220379240061861736e+01,-6.693799191031290619e+00,0.000000000000000000e+00,5.985000000000000142e+01,4.497200000000000131e+01,5.000000000000000000e+01,1.000000000000000000e+00
1.980000000000000000e+02,6.000000000000000000e+01,4.420293590374245696e+01,2.247315439491944744e+01,-6.676090298661903510e+00,0.000000000000000000e+00,5.985000000000000142e+01,4.506799999999999784e+01,5.000000000000000000e+01,1.000000000000000000e+00
1.990000000000000000e+02,6.000000000000000000e+01,4.381718439977932888e+01,2.293634245639058378e+01,-6.753526856169914439e+00,0.000000000000000000e+00,5.985000000000000142e+01,4.519700000000000273e+01,5.000000000000000000e+01,1.000000000000000000e+00
2.000000000000000000e+02,5.999999999999999289e+01,4.333574260025948632e+01,2.358335251478336758e+01,-6.919095115042854793e+00,0.000000000000000000e+00,5.985000000000000142e+01,4.535799999999999699e+01,5.000000000000000000e+01,1.000000000000000000e+00
2.010000000000000000e+02,5.999999999999999289e+01,4.304568139185310827e+01,2.384872833885531662e+01,-6.894409730708424000e+00,0.000000000000000000e+00,5.985000000000000142e+01,4.545499999999999829e+01,5.000000000000000000e+01,1.000000000000000000e+00
2.020000000000000000e+02,6.000000000000000711e+01,4.275562018344673021e+01,2.411518190909632509e+01,-6.870802092543054407e+00,0.000000000000000000e+00,5.985000000000000142e+01,4.555199999999999960e+01,5.000000000000000000e+01,1.000000000000000000e+00
2.030000000000000000e+02,6.000000000000000711e+01,4.265992988788998019e+01,2.400241044078269681e+01,-6.662340328672678780e+00,0.000000000000000000e+00,5.985000000000000142e+01,4.558400000000000318e+01,5.000000000000000000e+01,1.000000000000000000e+00
2.040000000000000000e+02,5.999999999999999289e+01,4.217848808837013763e+01,2.465340163754256864e+01,-6.831889725912707156e+00,0.000000000000000000e+00,5.985000000000000142e+01,4.574499999999999744e+01,5.000000000000000000e+01,1.000000000000000000e+00
2.050000000000000000e+02,6.000000000000000000e+01,4.198411717552049538e+01,2.473538196487262653e+01,-6.719499140393121905e+00,0.000000000000000000e+00,5.985000000000000142e+01,4.581000000000000227e+01,5.000000000000000000e+01,1.000000000000000000e+00
2.060000000000000000e+02,6.000000000000000000e+01,4.160135599329352374e+01,2.519082473928746779e+01,-6.792180732580991531e+00,0.000000000000000000e+00,5.985000000000000142e+01,4.593800000000000239e+01,5.000000000000000000e+01,1.000000000000000000e+00
2.070000000000000000e+02,6.000000000000000000e+01,4.150267537600065282e+01,2.508733591131215590e+01,-6.590011287312808719e+00,0.000000000000000000e+00,5.985000000000000142e+01,4.597099999999999653e+01,5.000000000000000000e+01,1.000000000000000000e+00
2.080000000000000000e+02,6.000000000000000000e+01,4.121560448933041698e+01,2.536122921102484540e+01,-6.576833700355262380e+00,0.000000000000000000e+00,5.985000000000000142e+01,4.606700000000000017e+01,5.000000000000000000e+01,1.000000000000000000e+00
2.090000000000000000e+02,6.000000000000000711e+01,4.131129478488716700e+01,2.488688654887264917e+01,-6.198181333759815281e+00,0.000000000000000000e+00,5.985000000000000142e+01,4.603499999999999659e+01,5.000000000000000000e+01,1.000000000000000000e+00
2.100000000000000000e+02,6.000000000000000000e+01,4.063548207251766087e+01,2.593839832543033808e+01,-6.573880397947999832e+00,0.000000000000000000e+00,5.985000000000000142e+01,4.626100000000000279e+01,5.000000000000000000e+01,1.000000000000000000e+00
2.110000000000000000e+02,6.000000000000000711e+01,4.053979177696093217e+01,2.583859024527079384e+01,-6.378382022231726012e+00,0.000000000000000000e+00,5.985000000000000142e+01,4.629299999999999926e+01,5.000000000000000000e+01,1.000000000000000000e+00
2.120000000000000000e+02,6.000000000000000000e+01,4.034841118584744635e+01,2.593452030539539166e+01,-6.282931491242838007e+00,0.000000000000000000e+00,5.985000000000000142e+01,4.635699999999999932e+01,5.000000000000000000e+01,1.000000000000000000e+00
2.130000000000000000e+02,6.000000000000000000e+01,4.024973056855455411e+01,2.585326493392676639e+01,-6.102995502481322276e+00,0.000000000000000000e+00,5.985000000000000142e+01,4.639000000000000057e+01,5.000000000000000000e+01,1.000000000000000000e+00
2.140000000000000000e+02,6.000000000000000000e+01,4.015404027299781831e+01,2.577401535045832759e+01,-5.928055623456147671e+00,0.000000000000000000e+00,5.985000000000000142e+01,4.642199999999999704e+01,5.000000000000000000e+01,1.000000000000000000e+00
2.150000000000000000e+02,6.000000000000000000e+01,3.976828876903469023e+01,2.626986206915779931e+01,-6.038150838192490433e+00,0.000000000000000000e+00,5.985000000000000142e+01,4.655100000000000193e+01,5.000000000000000000e+01,1.000000000000000000e+00
2.160000000000000000e+02,5.999999999999999289e+01,3.938253726507158348e+01,2.676090210977166350e+01,-6.143439374843247869e+00,0.000000000000000000e+00,5.985000000000000142e+01,4.667999999999999972e+01,5.000000000000000000e+01,1.000000000000000000e+00
2.170000000000000000e+02,6.000000000000000711e+01,3.928684696951482636e+01,2.667988677585314150e+01,-5.966733745367967856e+00,0.000000000000000000e+00,5.985000000000000142e+01,4.671200000000000330e+01,5.000000000000000000e+01,1.000000000000000000e+00
2.180000000000000000e+02,6.000000000000000000e+01,3.909546637840134764e+01,2.679378910440102146e+01,-5.889255482802369990e+00,0.000000000000000000e+00,5.985000000000000142e+01,4.677600000000000335e+01,5.000000000000000000e+01,1.000000000000000000e+00
2.190000000000000000e+02,5.999999999999999289e+01,3.909546637840134764e+01,2.653666843537586928e+01,-5.632134813777217808e+00,0.000000000000000000e+00,5.985000000000000142e+01,4.677600000000000335e+01,5.000000000000000000e+01,1.000000000000000000e+00
2.200000000000000000e+02,6.000000000000000000e+01,3.880540516999499090e+01,2.685823202284784017e+01,-5.663637192842831070e+00,0.000000000000000000e+00,5.985000000000000142e+01,4.687299999999999756e+01,5.000000000000000000e+01,1.000000000000000000e+00
2.210000000000000000e+02,5.999999999999999289e+01,3.832396337047512702e+01,2.755282588198026161e+01,-5.876789252455390411e+00,0.000000000000000000e+00,5.985000000000000142e+01,4.703399999999999892e+01,5.000000000000000000e+01,1.000000000000000000e+00
2.220000000000000000e+02,6.000000000000000000e+01,3.793821186651202026e+01,2.805091085365559067e+01,-5.989122720167610936e+00,0.000000000000000000e+00,5.985000000000000142e+01,4.716299999999999670e+01,5.000000000000000000e+01,1.000000000000000000e+00
2.230000000000000000e+02,6.000000000000000000e+01,3.793821186651202026e+01,2.778943005269864841e+01,-5.727641919210667787e+00,0.000000000000000000e+00,5.985000000000000142e+01,4.716299999999999670e+01,5.000000000000000000e+01,1.000000000000000000e+00
2.240000000000000000e+02,6.000000000000000000e+01,3.745677006699215639e+01,2.848122951139921355e+01,-5.937999578391368161e+00,0.000000000000000000e+00,5.985000000000000142e+01,4.732399999999999807e+01,5.000000000000000000e+01,1.000000000000000000e+00
2.250000000000000000e+02,6.000000000000000000e+01,3.745677006699215639e+01,2.822198071013298559e+01,-5.678750777125142868e+00,0.000000000000000000e+00,5.985000000000000142e+01,4.732399999999999807e+01,5.000000000000000000e+01,1.000000000000000000e+00
2.260000000000000000e+02,5.999999999999999289e+01,3.716670885858577833e+01,2.854150907809070148e+01,-5.708217936676480697e+00,0.000000000000000000e+00,5.985000000000000142e+01,4.742099999999999937e+01,5.000000000000000000e+01,1.000000000000000000e+00
2.270000000000000000e+02,6.000000000000000000e+01,3.726239915414250703e+01,2.810508955697650535e+01,-5.367488711119011491e+00,0.000000000000000000e+00,5.985000000000000142e+01,4.738900000000000290e+01,5.000000000000000000e+01,1.000000000000000000e+00
2.280000000000000000e+02,6.000000000000000000e+01,3.678095735462267157e+01,2.881261304634379883e+01,-5.593570400966470402e+00,0.000000000000000000e+00,5.985000000000000142e+01,4.754999999999999716e+01,5.000000000000000000e+01,1.000000000000000000e+00
2.290000000000000000e+02,6.000000000000000000e+01,3.649388646795243574e+01,2.913001024023964192e+01,-5.623896708192076765e+00,0.000000000000000000e+00,5.985000000000000142e+01,4.764600000000000080e+01,5.000000000000000000e+01,1.000000000000000000e+00
2.300000000000000000e+02,6.000000000000000000e+01,3.658957676350918575e+01,2.869727212346322531e+01,-5.286848886972410178e+00,0.000000000000000000e+00,5.985000000000000142e+01,4.761399999999999721e+01,5.000000000000000000e+01,1.000000000000000000e+00
2.310000000000000000e+02,6.000000000000000711e+01,3.649388646795243574e+01,2.865365491566863199e+01,-5.147541383621067723e+00,0.000000000000000000e+00,5.985000000000000142e+01,4.764600000000000080e+01,5.000000000000000000e+01,1.000000000000000000e+00
2.320000000000000000e+02,6.000000000000000000e+01,3.610813496398932188e+01,2.918357832608505831e+01,-5.291713290074381071e+00,0.000000000000000000e+00,5.985000000000000142e+01,4.777499999999999858e+01,5.000000000000000000e+01,1.000000000000000000e+00
2.330000000000000000e+02,6.000000000000000000e+01,3.581807375558294382e+01,2.952000447304029151e+01,-5.338078228623235333e+00,0.000000000000000000e+00,5.985000000000000142e+01,4.787199999999999989e+01,5.000000000000000000e+01,1.000000000000000000e+00
2.340000000000000000e+02,6.000000000000000000e+01,3.591376405113967962e+01,2.909974498601619075e+01,-5.013509037155871262e+00,0.000000000000000000e+00,5.985000000000000142e+01,4.784000000000000341e+01,5.000000000000000000e+01,1.000000000000000000e+00
2.350000000000000000e+02,6.000000000000000000e+01,3.552801254717656576e+01,2.963552015251533334e+01,-5.163532699691897321e+00,0.000000000000000000e+00,5.985000000000000142e+01,4.796900000000000119e+01,5.000000000000000000e+01,1.000000000000000000e+00
2.360000000000000000e+02,6.000000000000000000e+01,3.543232225161983706e+01,2.959728684098191209e+01,-5.029609092601748266e+00,0.000000000000000000e+00,5.985000000000000142e+01,4.800099999999999767e+01,5.000000000000000000e+01,1.000000000000000000e+00
2.370000000000000000e+02,6.000000000000000000e+01,3.533663195606308705e+01,2.956490053804814977e+01,-4.901532494111235927e+00,0.000000000000000000e+00,5.985000000000000142e+01,4.803300000000000125e+01,5.000000000000000000e+01,1.000000000000000000e+00
2.380000000000000000e+02,5.999999999999999289e+01,3.514226104321345900e+01,2.973115887714854111e+01,-4.873419920362001001e+00,0.000000000000000000e+00,5.985000000000000142e+01,4.809799999999999898e+01,5.000000000000000000e+01,1.000000000000000000e+00
2.390000000000000000e+02,6.000000000000000000e+01,3.514226104321345900e+01,2.951838885994974504e+01,-4.660649903163202268e+00,0.000000000000000000e+00,5.985000000000000142e+01,4.809799999999999898e+01,5.000000000000000000e+01,1.000000000000000000e+00
2.400000000000000000e+02,5.999999999999999289e+01,3.504657074765670899e+01,2.950211105051035076e+01,-4.548681798167061530e+00,0.000000000000000000e+00,5.985000000000000142e+01,4.813000000000000256e+01,5.000000000000000000e+01,1.000000000000000000e+00
2.410000000000000000e+02,5.999999999999999289e+01,3.466081924369359513e+01,3.005818024076494410e+01,-4.718999484458540117e+00,0.000000000000000000e+00,5.985000000000000142e+01,4.825900000000000034e+01,5.000000000000000000e+01,1.000000000000000000e+00
2.420000000000000000e+02,6.000000000000000000e+01,3.456512894813686643e+01,3.003935493047013239e+01,-4.604483878606998815e+00,0.000000000000000000e+00,5.985000000000000142e+01,4.829099999999999682e+01,5.000000000000000000e+01,1.000000000000000000e+00
2.430000000000000000e+02,6.000000000000000711e+01,3.446943865258011641e+01,3.002552928936552590e+01,-4.494967941945641421e+00,0.000000000000000000e+00,5.985000000000000142e+01,4.832300000000000040e+01,5.000000000000000000e+01,1.000000000000000000e+00
2.440000000000000000e+02,6.000000000000000000e+01,3.427506773973048837e+01,3.020953794511629908e+01,-4.484605684846786566e+00,0.000000000000000000e+00,5.985000000000000142e+01,4.838799999999999812e+01,5.000000000000000000e+01,1.000000000000000000e+00
2.450000000000000000e+02,6.000000000000000000e+01,3.408368714861700255e+01,3.038814892140667112e+01,-4.471836070023673670e+00,0.000000000000000000e+00,5.985000000000000142e+01,4.845199999999999818e+01,5.000000000000000000e+01,1.000000000000000000e+00
2.460000000000000000e+02,6.000000000000000711e+01,3.379362594021062449e+01,3.076037031955342016e+01,-4.553996259764043764e+00,0.000000000000000000e+00,5.985000000000000142e+01,4.854899999999999949e+01,5.000000000000000000e+01,1.000000000000000000e+00
2.470000000000000000e+02,6.000000000000000000e+01,3.369793564465387448e+01,3.074874893166423107e+01,-4.446684576318104654e+00,0.000000000000000000e+00,5.985000000000000142e+01,4.858100000000000307e+01,5.000000000000000000e+01,1.000000000000000000e+00
2.480000000000000000e+02,6.000000000000000000e+01,3.360224534909714578e+01,3.074181269488152068e+01,-4.344058043978665573e+00,0.000000000000000000e+00,5.985000000000000142e+01,4.861299999999999955e+01,5.000000000000000000e+01,1.000000000000000000e+00
2.490000000000000000e+02,6.000000000000000000e+01,3.340787443624751774e+01,3.093240996850446578e+01,-4.340284404751983516e+00,0.000000000000000000e+00,5.985000000000000142e+01,4.867799999999999727e+01,5.000000000000000000e+01,1.000000000000000000e+00
2.500000000000000000e+02,5.999999999999999289e+01,3.340787443624751774e+01,3.074291626540937727e+01,-4.150790701656896786e+00,0.000000000000000000e+00,5.985000000000000142e+01,4.867799999999999727e+01,5.000000000000000000e+01,1.000000000000000000e+00
2.510000000000000000e+02,6.000000000000000000e+01,3.302212293228438966e+01,3.131635709546339896e+01,-4.338480027747788625e+00,0.000000000000000000e+00,5.985000000000000142e+01,4.880700000000000216e+01,5.000000000000000000e+01,1.000000000000000000e+00
2.520000000000000000e+02,6.000000000000000000e+01,3.292643263672765386e+01,3.131414499163794574e+01,-4.240577628365598706e+00,0.000000000000000000e+00,5.985000000000000142e+01,4.883899999999999864e+01,5.000000000000000000e+01,1.000000000000000000e+00
2.530000000000000000e+02,6.000000000000000000e+01,3.273505204561417514e+01,3.150341005779188919e+01,-4.238462103406065218e+00,0.000000000000000000e+00,5.985000000000000142e+01,4.890299999999999869e+01,5.000000000000000000e+01,1.000000000000000000e+00
2.540000000000000000e+02,5.999999999999999289e+01,3.263637142832128291e+01,3.151141475295428762e+01,-4.147786181275568751e+00,0.000000000000000000e+00,5.985000000000000142e+01,4.893599999999999994e+01,5.000000000000000000e+01,1.000000000000000000e+00
2.550000000000000000e+02,6.000000000000000000e+01,3.234930054165106128e+01,3.189193384857748015e+01,-4.241234390228542317e+00,0.000000000000000000e+00,5.985000000000000142e+01,4.903199999999999648e+01,5.000000000000000000e+01,1.000000000000000000e+00
2.560000000000000000e+02,6.000000000000000000e+01,3.215492962880141903e+01,3.208702032915048363e+01,-4.241949957951900885e+00,0.000000000000000000e+00,5.985000000000000142e+01,4.909700000000000131e+01,5.000000000000000000e+01,1.000000000000000000e+00
2.570000000000000000e+02,6.000000000000000000e+01,3.196354903768793321e+01,3.227622548037929562e+01,-4.239774518067232378e+00,0.000000000000000000e+00,5.985000000000000142e+01,4.916100000000000136e+01,5.000000000000000000e+01,1.000000000000000000e+00
2.580000000000000000e+02,6.000000000000000000e+01,3.157779753372482645e+01,3.284578134085187173e+01,-4.423578874576694631e+00,0.000000000000000000e+00,5.985000000000000142e+01,4.928999999999999915e+01,5.000000000000000000e+01,1.000000000000000000e+00
2.590000000000000000e+02,6.000000000000000000e+01,3.157779753372482645e+01,3.265265106096537551e+01,-4.230448594690201070e+00,0.000000000000000000e+00,5.985000000000000142e+01,4.928999999999999915e+01,5.000000000000000000e+01,1.000000000000000000e+00
2.600000000000000000e+02,6.000000000000000000e+01,3.167348782928155515e+01,3.228074988906966780e+01,-3.954237718351226061e+00,0.000000000000000000e+00,5.985000000000000142e+01,4.925800000000000267e+01,5.000000000000000000e+01,1.000000000000000000e+00
2.610000000000000000e+02,6.000000000000000711e+01,3.148210723816807288e+01,3.248251635025504669e+01,-3.964623588423117351e+00,0.000000000000000000e+00,5.985000000000000142e+01,4.932200000000000273e+01,5.000000000000000000e+01,1.000000000000000000e+00
2.620000000000000000e+02,6.000000000000000000e+01,3.109635573420496257e+01,3.306408510290381741e+01,-4.160440837108777323e+00,0.000000000000000000e+00,5.985000000000000142e+01,4.945100000000000051e+01,5.000000000000000000e+01,1.000000000000000000e+00
2.630000000000000000e+02,6.000000000000000000e+01,3.100066543864823032e+01,3.306964606240418192e+01,-4.070311501052414016e+00,0.000000000000000000e+00,5.985000000000000142e+01,4.948299999999999699e+01,5.000000000000000000e+01,1.000000000000000000e+00
2.640000000000000000e+02,6.000000000000000000e+01,3.080629452579858452e+01,3.327219491368686732e+01,-4.078489439485450951e+00,0.000000000000000000e+00,5.985000000000000142e+01,4.954800000000000182e+01,5.000000000000000000e+01,1.000000000000000000e+00
2.650000000000000000e+02,5.999999999999999289e+01,3.061491393468510225e+01,3.346853663387418720e+01,-4.083450568559290339e+00,0.000000000000000000e+00,5.985000000000000142e+01,4.961200000000000188e+01,5.000000000000000000e+01,1.000000000000000000e+00
2.660000000000000000e+02,6.000000000000000000e+01,3.071060423024185582e+01,3.310305329033289468e+01,-3.813657520574749604e+00,0.000000000000000000e+00,5.985000000000000142e+01,4.957999999999999829e+01,5.000000000000000000e+01,1.000000000000000000e+00
2.670000000000000000e+02,5.999999999999999289e+01,3.032485272627872419e+01,3.369121311319059942e+01,-4.016065839469324494e+00,0.000000000000000000e+00,5.985000000000000142e+01,4.970900000000000318e+01,5.000000000000000000e+01,1.000000000000000000e+00
2.680000000000000000e+02,5.999999999999999289e+01,3.013347213516523837e+01,3.389028020296767352e+01,-4.023752338132915440e+00,0.000000000000000000e+00,5.985000000000000142e+01,4.977300000000000324e+01,5.000000000000000000e+01,1.000000000000000000e+00
2.690000000000000000e+02,5.999999999999999289e+01,3.013347213516523837e+01,3.371460606279946148e+01,-3.848078197964700298e+00,0.000000000000000000e+00,5.985000000000000142e+01,4.977300000000000324e+01,5.000000000000000000e+01,1.000000000000000000e+00
2.700000000000000000e+02,6.000000000000000000e+01,2.984341092675888518e+01,3.411406028211376906e+01,-3.957471208872656909e+00,0.000000000000000000e+00,5.985000000000000142e+01,4.986999999999999744e+01,5.000000000000000000e+01,1.000000000000000000e+00
2.710000000000000000e+02,6.000000000000000000e+01,2.993910122231561388e+01,3.375407710703024833e+01,-3.693178329345860433e+00,0.000000000000000000e+00,5.985000000000000142e+01,4.983800000000000097e+01,5.000000000000000000e+01,1.000000000000000000e+00
2.720000000000000000e+02,6.000000000000000000e+01,2.974772063120213161e+01,3.396724123383776117e+01,-3.714961865039895006e+00,0.000000000000000000e+00,5.985000000000000142e+01,4.990200000000000102e+01,5.000000000000000000e+01,1.000000000000000000e+00
2.730000000000000000e+02,6.000000000000000000e+01,2.936196912723902130e+01,3.455971003820507548e+01,-3.921679165444099002e+00,0.000000000000000000e+00,5.985000000000000142e+01,5.003099999999999881e+01,5.000000000000000000e+01,1.000000000000000000e+00
2.740000000000000000e+02,5.999999999999999289e+01,2.945765942279575356e+01,3.420128951805798323e+01,-3.658948940853737675e+00,0.000000000000000000e+00,5.985000000000000142e+01,4.999900000000000233e+01,5.000000000000000000e+01,1.000000000000000000e+00
2.750000000000000000e+02,6.000000000000000000e+01,2.926627883168226774e+01,3.441594807540857204e+01,-3.682226907090837997e+00,0.000000000000000000e+00,5.985000000000000142e+01,5.006300000000000239e+01,5.000000000000000000e+01,1.000000000000000000e+00
2.760000000000000000e+02,6.000000000000000000e+01,2.907190791883264325e+01,3.463544042162519077e+01,-3.707348340457831348e+00,0.000000000000000000e+00,5.985000000000000142e+01,5.012800000000000011e+01,5.000000000000000000e+01,1.000000000000000000e+00
2.770000000000000000e+02,6.000000000000000711e+01,2.888052732771916098e+01,3.484798589591409268e+01,-3.728513223633250995e+00,0.000000000000000000e+00,5.985000000000000142e+01,5.019200000000000017e+01,5.000000000000000000e+01,1.000000000000000000e+00
2.780000000000000000e+02,6.000000000000000000e+01,2.878184671042626519e+01,3.487825459329522459e+01,-3.660101303721490229e+00,0.000000000000000000e+00,5.985000000000000142e+01,5.022500000000000142e+01,5.000000000000000000e+01,1.000000000000000000e+00
2.790000000000000000e+02,6.000000000000000000e+01,2.878184671042626519e+01,3.471845719638132977e+01,-3.500303906807595844e+00,0.000000000000000000e+00,5.985000000000000142e+01,5.022500000000000142e+01,5.000000000000000000e+01,1.000000000000000000e+00
2.800000000000000000e+02,6.000000000000000000e+01,2.878184671042626519e+01,3.456563643916713602e+01,-3.347483149593398544e+00,0.000000000000000000e+00,5.985000000000000142e+01,5.022500000000000142e+01,5.000000000000000000e+01,1.000000000000000000e+00
2.810000000000000000e+02,6.000000000000000000e+01,2.849477582375605067e+01,3.498109619096152301e+01,-3.475872014717576342e+00,0.000000000000000000e+00,5.985000000000000142e+01,5.032099999999999795e+01,5.000000000000000000e+01,1.000000000000000000e+00
2.820000000000000000e+02,6.000000000000000000e+01,2.878184671042626519e+01,3.426773364823420565e+01,-3.049580358660472612e+00,0.000000000000000000e+00,5.985000000000000142e+01,5.022500000000000142e+01,5.000000000000000000e+01,1.000000000000000000e+00
2.830000000000000000e+02,6.000000000000000711e+01,2.830040491090640487e+01,3.507645535324417096e+01,-3.376860264150574054e+00,0.000000000000000000e+00,5.985000000000000142e+01,5.038600000000000279e+01,5.000000000000000000e+01,1.000000000000000000e+00
2.840000000000000000e+02,6.000000000000000711e+01,2.830040491090640487e+01,3.492902405690148271e+01,-3.229428967807884465e+00,0.000000000000000000e+00,5.985000000000000142e+01,5.038600000000000279e+01,5.000000000000000000e+01,1.000000000000000000e+00
2.850000000000000000e+02,6.000000000000000000e+01,2.791465340694329456e+01,3.554269087920749115e+01,-3.457344286150785262e+00,0.000000000000000000e+00,5.985000000000000142e+01,5.051500000000000057e+01,5.000000000000000000e+01,1.000000000000000000e+00
2.860000000000000000e+02,6.000000000000000000e+01,2.791465340694329456e+01,3.539174570820900101e+01,-3.306399115152299117e+00,0.000000000000000000e+00,5.985000000000000142e+01,5.051500000000000057e+01,5.000000000000000000e+01,1.000000000000000000e+00
2.870000000000000000e+02,6.000000000000000000e+01,2.772327281582981229e+01,3.562179633800639067e+01,-3.345069153836207398e+00,0.000000000000000000e+00,5.985000000000000142e+01,5.057900000000000063e+01,5.000000000000000000e+01,1.000000000000000000e+00
2.880000000000000000e+02,6.000000000000000000e+01,2.781896311138656586e+01,3.528855019726666598e+01,-3.107513308653233164e+00,0.000000000000000000e+00,5.985000000000000142e+01,5.054699999999999704e+01,5.000000000000000000e+01,1.000000000000000000e+00
2.890000000000000000e+02,6.000000000000000000e+01,2.752890190298018780e+01,3.572033694831654316e+01,-3.249238851296731845e+00,0.000000000000000000e+00,5.985000000000000142e+01,5.064399999999999835e+01,5.000000000000000000e+01,1.000000000000000000e+00
2.900000000000000000e+02,6.000000000000000000e+01,2.762758252027308004e+01,3.538542460165975001e+01,-3.013007121932826493e+00,0.000000000000000000e+00,5.985000000000000142e+01,5.061099999999999710e+01,5.000000000000000000e+01,1.000000000000000000e+00
2.910000000000000000e+02,6.000000000000000000e+01,2.743321160742343423e+01,3.563413460355243956e+01,-3.067346210975871124e+00,0.000000000000000000e+00,5.985000000000000142e+01,5.067600000000000193e+01,5.000000000000000000e+01,1.000000000000000000e+00
2.920000000000000000e+02,6.000000000000000711e+01,2.743321160742343423e+01,3.550021646870484204e+01,-2.933428076128273609e+00,0.000000000000000000e+00,5.985000000000000142e+01,5.067600000000000193e+01,5.000000000000000000e+01,1.000000000000000000e+00
2.930000000000000000e+02,6.000000000000000000e+01,2.704746010346032392e+01,3.612680647757033370e+01,-3.174266581030655843e+00,0.000000000000000000e+00,5.985000000000000142e+01,5.080499999999999972e+01,5.000000000000000000e+01,1.000000000000000000e+00
2.940000000000000000e+02,6.000000000000000000e+01,2.704746010346032392e+01,3.598822027607811691e+01,-3.035680379538440388e+00,0.000000000000000000e+00,5.985000000000000142e+01,5.080499999999999972e+01,5.000000000000000000e+01,1.000000000000000000e+00
2.950000000000000000e+02,6.000000000000000000e+01,2.666170859949721716e+01,3.661034602273949901e+01,-3.272054622236718835e+00,0.000000000000000000e+00,5.985000000000000142e+01,5.093399999999999750e+01,5.000000000000000000e+01,1.000000000000000000e+00
2.960000000000000000e+02,5.999999999999999289e+01,2.656601830394046360e+01,3.665469328699229123e+01,-3.220711590932761048e+00,0.000000000000000000e+00,5.985000000000000142e+01,5.096600000000000108e+01,5.000000000000000000e+01,1.000000000000000000e+00
2.970000000000000000e+02,6.000000000000000000e+01,2.647032800838373134e+01,3.670128215115478554e+01,-3.171610159538517326e+00,0.000000000000000000e+00,5.985000000000000142e+01,5.099799999999999756e+01,5.000000000000000000e+01,1.000000000000000000e+00
2.980000000000000000e+02,6.000000000000000000e+01,2.666170859949721716e+01,3.618840628419056316e+01,-2.850114883687778100e+00,0.000000000000000000e+00,5.985000000000000142e+01,5.093399999999999750e+01,5.000000000000000000e+01,1.000000000000000000e+00
2.990000000000000000e+02,6.000000000000000000e+01,2.618026679997735329e+01,3.700583650872768260e+01,-3.186103308705035886e+00,0.000000000000000000e+00,5.985000000000000142e+01,5.109499999999999886e+01,5.000000000000000000e+01,1.000000000000000000e+00
3.000000000000000000e+02,6.000000000000000000e+01,2.637463771282698133e+01,3.648647779309848005e+01,-2.861115505925458713e+00,0.000000000000000000e+00,5.985000000000000142e+01,5.103000000000000114e+01,5.000000000000000000e+01,1.000000000000000000e+00
3.010000000000000000e+02,5.999999999999999289e+01,2.598888620886387102e+01,3.711622491689704617e+01,-3.105111125760920743e+00,0.000000000000000000e+00,5.985000000000000142e+01,5.115899999999999892e+01,5.000000000000000000e+01,1.000000000000000000e+00
3.020000000000000000e+02,6.000000000000000000e+01,2.589319591330711745e+01,3.716786081442931788e+01,-3.061056727736433114e+00,0.000000000000000000e+00,5.985000000000000142e+01,5.119100000000000250e+01,5.000000000000000000e+01,1.000000000000000000e+00
3.030000000000000000e+02,6.000000000000000000e+01,2.589319591330711745e+01,3.703421727390744422e+01,-2.927413187214564783e+00,0.000000000000000000e+00,5.985000000000000142e+01,5.119100000000000250e+01,5.000000000000000000e+01,1.000000000000000000e+00
3.040000000000000000e+02,6.000000000000000000e+01,2.589319591330711745e+01,3.690640851447976445e+01,-2.799604427786880123e+00,0.000000000000000000e+00,5.985000000000000142e+01,5.119100000000000250e+01,5.000000000000000000e+01,1.000000000000000000e+00
3.050000000000000000e+02,6.000000000000000000e+01,2.560313470490076071e+01,3.735163834635336855e+01,-2.954773051254128369e+00,0.000000000000000000e+00,5.985000000000000142e+01,5.128799999999999670e+01,5.000000000000000000e+01,1.000000000000000000e+00
3.060000000000000000e+02,6.000000000000000000e+01,2.569882500045749296e+01,3.703543225342734502e+01,-2.734257253884834871e+00,0.000000000000000000e+00,5.985000000000000142e+01,5.125600000000000023e+01,5.000000000000000000e+01,1.000000000000000000e+00
3.070000000000000000e+02,6.000000000000000000e+01,2.550744440934400714e+01,3.729046218639403776e+01,-2.797906595738043567e+00,0.000000000000000000e+00,5.985000000000000142e+01,5.132000000000000028e+01,5.000000000000000000e+01,1.000000000000000000e+00
3.080000000000000000e+02,6.000000000000000000e+01,2.512169290538090038e+01,3.792296896586100274e+01,-3.044661871241900020e+00,0.000000000000000000e+00,5.985000000000000142e+01,5.144899999999999807e+01,5.000000000000000000e+01,1.000000000000000000e+00
3.090000000000000000e+02,6.000000000000000000e+01,2.502600260982414682e+01,3.797724403447514163e+01,-3.003246644299289780e+00,0.000000000000000000e+00,5.985000000000000142e+01,5.148100000000000165e+01,5.000000000000000000e+01,1.000000000000000000e+00
3.100000000000000000e+02,6.000000000000000000e+01,2.492732199253125458e+01,3.803917735035422965e+01,-2.966499342885485113e+00,0.000000000000000000e+00,5.985000000000000142e+01,5.151400000000000290e+01,5.000000000000000000e+01,1.000000000000000000e+00
3.110000000000000000e+02,6.000000000000000000e+01,2.464025110586103651e+01,3.847127058180569747e+01,-3.111521687666733982e+00,0.000000000000000000e+00,5.985000000000000142e+01,5.160999999999999943e+01,5.000000000000000000e+01,1.000000000000000000e+00
3.120000000000000000e+02,6.000000000000000711e+01,2.454157048856814427e+01,3.852847668697527439e+01,-3.070047175543415552e+00,0.000000000000000000e+00,5.985000000000000142e+01,5.164300000000000068e+01,5.000000000000000000e+01,1.000000000000000000e+00
3.130000000000000000e+02,5.999999999999999289e+01,2.464025110586103651e+01,3.820138772031751984e+01,-2.841638826178556787e+00,0.000000000000000000e+00,5.985000000000000142e+01,5.160999999999999943e+01,5.000000000000000000e+01,1.000000000000000000e+00
3.140000000000000000e+02,6.000000000000000000e+01,2.444588019301141202e+01,3.845757953905148696e+01,-2.903459732062895871e+00,0.000000000000000000e+00,5.985000000000000142e+01,5.167499999999999716e+01,5.000000000000000000e+01,1.000000000000000000e+00
3.150000000000000000e+02,6.000000000000000000e+01,2.435018989745466200e+01,3.851801939175412315e+01,-2.868209289208785151e+00,0.000000000000000000e+00,5.985000000000000142e+01,5.170700000000000074e+01,5.000000000000000000e+01,1.000000000000000000e+00
3.160000000000000000e+02,6.000000000000000000e+01,2.444588019301141202e+01,3.820559261057220368e+01,-2.651472803583617477e+00,0.000000000000000000e+00,5.985000000000000142e+01,5.167499999999999716e+01,5.000000000000000000e+01,1.000000000000000000e+00
3.170000000000000000e+02,6.000000000000000711e+01,2.377305780237806587e+01,3.940610104873574215e+01,-3.179158851113804474e+00,0.000000000000000000e+00,5.985000000000000142e+01,5.189999999999999858e+01,5.000000000000000000e+01,1.000000000000000000e+00
3.180000000000000000e+02,6.000000000000000711e+01,2.396443839349155169e+01,3.889289561131328554e+01,-2.857334004804835015e+00,0.000000000000000000e+00,5.985000000000000142e+01,5.183599999999999852e+01,5.000000000000000000e+01,1.000000000000000000e+00
3.190000000000000000e+02,6.000000000000000000e+01,2.386874809793479812e+01,3.895534928017426779e+01,-2.824097378109065026e+00,0.000000000000000000e+00,5.985000000000000142e+01,5.186800000000000210e+01,5.000000000000000000e+01,1.000000000000000000e+00
3.200000000000000000e+02,6.000000000000000000e+01,2.377305780237806587e+01,3.901925403631052802e+01,-2.792311838688586789e+00,0.000000000000000000e+00,5.985000000000000142e+01,5.189999999999999858e+01,5.000000000000000000e+01,1.000000000000000000e+00
3.210000000000000000e+02,6.000000000000000000e+01,2.386874809793479812e+01,3.871014088336433900e+01,-2.578888981299138017e+00,0.000000000000000000e+00,5.985000000000000142e+01,5.186800000000000210e+01,5.000000000000000000e+01,1.000000000000000000e+00
3.220000000000000000e+02,6.000000000000000711e+01,2.396443839349155169e+01,3.841034561924761448e+01,-2.374784012739162176e+00,0.000000000000000000e+00,5.985000000000000142e+01,5.183599999999999852e+01,5.000000000000000000e+01,1.000000000000000000e+00
3.230000000000000000e+02,6.000000000000000000e+01,2.367437718508517364e+01,3.887412280564706180e+01,-2.548499990732242093e+00,0.000000000000000000e+00,5.985000000000000142e+01,5.193299999999999983e+01,5.000000000000000000e+01,1.000000000000000000e+00
3.240000000000000000e+02,6.000000000000000000e+01,2.386874809793479812e+01,3.838260139342040134e+01,-2.251349491355201682e+00,0.000000000000000000e+00,5.985000000000000142e+01,5.186800000000000210e+01,5.000000000000000000e+01,1.000000000000000000e+00
3.250000000000000000e+02,6.000000000000000000e+01,2.338730629841493780e+01,3.922617328539158166e+01,-2.613479583806523898e+00,0.000000000000000000e+00,5.985000000000000142e+01,5.202900000000000347e+01,5.000000000000000000e+01,1.000000000000000000e+00
3.260000000000000000e+02,6.000000000000000000e+01,2.300155479445182749e+01,3.986673201587895221e+01,-2.868286810330779257e+00,0.000000000000000000e+00,5.985000000000000142e+01,5.215800000000000125e+01,5.000000000000000000e+01,1.000000000000000000e+00
3.270000000000000000e+02,5.999999999999999289e+01,2.309724509000858106e+01,3.955430185018045819e+01,-2.651546940189044133e+00,0.000000000000000000e+00,5.985000000000000142e+01,5.212599999999999767e+01,5.000000000000000000e+01,1.000000000000000000e+00
3.280000000000000000e+02,6.000000000000000000e+01,2.300155479445182749e+01,3.962574003463688399e+01,-2.627294829088708372e+00,0.000000000000000000e+00,5.985000000000000142e+01,5.215800000000000125e+01,5.000000000000000000e+01,1.000000000000000000e+00
3.290000000000000000e+02,6.000000000000000000e+01,2.271149358604544943e+01,4.007849277996302106e+01,-2.789986366008467833e+00,0.000000000000000000e+00,5.985000000000000142e+01,5.225500000000000256e+01,5.000000000000000000e+01,1.000000000000000000e+00
3.300000000000000000e+02,6.000000000000000000e+01,2.300155479445182749e+01,3.938922542438636043e+01,-2.390780218838184812e+00,0.000000000000000000e+00,5.985000000000000142e+01,5.215800000000000125e+01,5.000000000000000000e+01,1.000000000000000000e+00
3.310000000000000000e+02,6.000000000000000000e+01,2.280718388160220300e+01,3.966510140644005844e+01,-2.472285288042255225e+00,0.000000000000000000e+00,5.985000000000000142e+01,5.222299999999999898e+01,5.000000000000000000e+01,1.000000000000000000e+00
3.320000000000000000e+02,6.000000000000000000e+01,2.261580329048872073e+01,3.993156884747885726e+01,-2.547372137967575334e+00,0.000000000000000000e+00,5.985000000000000142e+01,5.228699999999999903e+01,5.000000000000000000e+01,1.000000000000000000e+00
3.330000000000000000e+02,6.000000000000000000e+01,2.261580329048872073e+01,3.982035240759389438e+01,-2.436155698082616450e+00,0.000000000000000000e+00,5.985000000000000142e+01,5.228699999999999903e+01,5.000000000000000000e+01,1.000000000000000000e+00
3.340000000000000000e+02,6.000000000000000000e+01,2.242143237763909269e+01,4.009424732877924669e+01,-2.515679706418342043e+00,0.000000000000000000e+00,5.985000000000000142e+01,5.235199999999999676e+01,5.000000000000000000e+01,1.000000000000000000e+00
3.350000000000000000e+02,6.000000000000000000e+01,2.232574208208234268e+01,4.017161737918166153e+01,-2.497359461264004654e+00,0.000000000000000000e+00,5.985000000000000142e+01,5.238400000000000034e+01,5.000000000000000000e+01,1.000000000000000000e+00
3.360000000000000000e+02,6.000000000000000000e+01,2.213436149096885686e+01,4.043699009980753090e+01,-2.571351590776386864e+00,0.000000000000000000e+00,5.985000000000000142e+01,5.244800000000000040e+01,5.000000000000000000e+01,1.000000000000000000e+00
3.370000000000000000e+02,6.000000000000000000e+01,2.203867119541212460e+01,4.051192955568164678e+01,-2.550600751093768270e+00,0.000000000000000000e+00,5.985000000000000142e+01,5.247999999999999687e+01,5.000000000000000000e+01,1.000000000000000000e+00
3.380000000000000000e+02,6.000000000000000000e+01,2.203867119541212460e+01,4.040057215686402969e+01,-2.439243352276147192e+00,0.000000000000000000e+00,5.985000000000000142e+01,5.247999999999999687e+01,5.000000000000000000e+01,1.000000000000000000e+00
3.390000000000000000e+02,6.000000000000000000e+01,2.193999057811923237e+01,4.048712945181836176e+01,-2.427120029937601231e+00,0.000000000000000000e+00,5.985000000000000142e+01,5.251299999999999812e+01,5.000000000000000000e+01,1.000000000000000000e+00
3.400000000000000000e+02,6.000000000000000711e+01,2.203867119541212460e+01,4.018811022305794012e+01,-2.226781418470058949e+00,0.000000000000000000e+00,5.985000000000000142e+01,5.247999999999999687e+01,5.000000000000000000e+01,1.000000000000000000e+00
3.410000000000000000e+02,6.000000000000000000e+01,2.174860998700575010e+01,4.065834909653601414e+01,-2.406959083541761135e+00,0.000000000000000000e+00,5.985000000000000142e+01,5.257699999999999818e+01,5.000000000000000000e+01,1.000000000000000000e+00
3.420000000000000000e+02,6.000000000000000000e+01,2.165291969144899653e+01,4.074046581132961364e+01,-2.393385502778617280e+00,0.000000000000000000e+00,5.985000000000000142e+01,5.260900000000000176e+01,5.000000000000000000e+01,1.000000000000000000e+00
3.430000000000000000e+02,5.999999999999999289e+01,2.165291969144899653e+01,4.063597231745648486e+01,-2.288892008905481834e+00,0.000000000000000000e+00,5.985000000000000142e+01,5.260900000000000176e+01,5.000000000000000000e+01,1.000000000000000000e+00
3.440000000000000000e+02,6.000000000000000000e+01,2.184430028256247880e+01,4.016163529162663082e+01,-2.005935574189107840e+00,0.000000000000000000e+00,5.985000000000000142e+01,5.254500000000000171e+01,5.000000000000000000e+01,1.000000000000000000e+00
3.450000000000000000e+02,6.000000000000000000e+01,2.155423907415610074e+01,4.064151613621612569e+01,-2.195755210372228206e+00,0.000000000000000000e+00,5.985000000000000142e+01,5.264200000000000301e+01,5.000000000000000000e+01,1.000000000000000000e+00
3.460000000000000000e+02,6.000000000000000000e+01,2.155423907415610074e+01,4.054565103911598811e+01,-2.099890113272090186e+00,0.000000000000000000e+00,5.985000000000000142e+01,5.264200000000000301e+01,5.000000000000000000e+01,1.000000000000000000e+00
3.470000000000000000e+02,6.000000000000000000e+01,2.126716818748588622e+01,4.101557980776774315e+01,-2.282747995253626705e+00,0.000000000000000000e+00,5.985000000000000142e+01,5.273799999999999955e+01,5.000000000000000000e+01,1.000000000000000000e+00
3.480000000000000000e+02,6.000000000000000711e+01,2.136285848304261847e+01,4.072871384663003624e+01,-2.091572329672654273e+00,0.000000000000000000e+00,5.985000000000000142e+01,5.270600000000000307e+01,5.000000000000000000e+01,1.000000000000000000e+00
3.490000000000000000e+02,6.000000000000000711e+01,2.136285848304261847e+01,4.063739729935333145e+01,-2.000255782395947257e+00,0.000000000000000000e+00,5.985000000000000142e+01,5.270600000000000307e+01,5.000000000000000000e+01,1.000000000000000000e+00
3.500000000000000000e+02,6.000000000000000000e+01,2.107279727463626173e+01,4.111752611957740555e+01,-2.190323394213666397e+00,0.000000000000000000e+00,5.985000000000000142e+01,5.280299999999999727e+01,5.000000000000000000e+01,1.000000000000000000e+00
3.510000000000000000e+02,6.000000000000000000e+01,2.136285848304261847e+01,4.045443961911018960e+01,-1.817298102152803851e+00,0.000000000000000000e+00,5.985000000000000142e+01,5.270600000000000307e+01,5.000000000000000000e+01,1.000000000000000000e+00
3.520000000000000000e+02,6.000000000000000000e+01,2.107279727463626173e+01,4.094255624038734709e+01,-2.015353515023606601e+00,0.000000000000000000e+00,5.985000000000000142e+01,5.280299999999999727e+01,5.000000000000000000e+01,1.000000000000000000e+00
3.530000000000000000e+02,6.000000000000000711e+01,2.078572638796602590e+01,4.141617581626633893e+01,-2.201902204232364380e+00,0.000000000000000000e+00,5.985000000000000142e+01,5.289900000000000091e+01,5.000000000000000000e+01,1.000000000000000000e+00
3.540000000000000000e+02,6.000000000000000000e+01,2.107279727463626173e+01,4.075843388143184143e+01,-1.831231156068096722e+00,0.000000000000000000e+00,5.985000000000000142e+01,5.280299999999999727e+01,5.000000000000000000e+01,1.000000000000000000e+00
3.550000000000000000e+02,6.000000000000000711e+01,2.078572638796602590e+01,4.124009210740087639e+01,-2.025818495366900063e+00,0.000000000000000000e+00,5.985000000000000142e+01,5.289900000000000091e+01,5.000000000000000000e+01,1.000000000000000000e+00
3.560000000000000000e+02,6.000000000000000000e+01,2.088141668352277946e+01,4.096444350388941302e+01,-1.845860187412195375e+00,0.000000000000000000e+00,5.985000000000000142e+01,5.286699999999999733e+01,5.000000000000000000e+01,1.000000000000000000e+00
3.570000000000000000e+02,6.000000000000000000e+01,2.068704577067313011e+01,4.126411030355237841e+01,-1.951156074225507409e+00,0.000000000000000000e+00,5.985000000000000142e+01,5.293200000000000216e+01,5.000000000000000000e+01,1.000000000000000000e+00
3.580000000000000000e+02,6.000000000000000000e+01,2.097710697907950816e+01,4.061146567668083662e+01,-1.588572655760342345e+00,0.000000000000000000e+00,5.985000000000000142e+01,5.283500000000000085e+01,5.000000000000000000e+01,1.000000000000000000e+00
3.590000000000000000e+02,6.000000000000000000e+01,2.059135547511640141e+01,4.129677110830848363e+01,-1.888126583424883931e+00,0.000000000000000000e+00,5.985000000000000142e+01,5.296399999999999864e+01,5.000000000000000000e+01,1.000000000000000000e+00
3.600000000000000000e+02,6.000000000000000000e+01,2.039997488400291559e+01,4.158874249927553990e+01,-1.988717383278457707e+00,0.000000000000000000e+00,5.985000000000000142e+01,5.302799999999999869e+01,5.000000000000000000e+01,1.000000000000000000e+00
3.610000000000000000e+02,5.999999999999999289e+01,2.049566517955964784e+01,4.131471370369903440e+01,-1.810378883258683569e+00,0.000000000000000000e+00,5.985000000000000142e+01,5.299600000000000222e+01,5.000000000000000000e+01,1.000000000000000000e+00
3.620000000000000000e+02,6.000000000000000000e+01,2.010991367559653753e+01,4.199033523457304540e+01,-2.100248910169579819e+00,0.000000000000000000e+00,5.985000000000000142e+01,5.312500000000000000e+01,5.000000000000000000e+01,1.000000000000000000e+00
3.630000000000000000e+02,6.000000000000000000e+01,2.010991367559653753e+01,4.189863987401700740e+01,-2.008553549613548483e+00,0.000000000000000000e+00,5.985000000000000142e+01,5.312500000000000000e+01,5.000000000000000000e+01,1.000000000000000000e+00
3.640000000000000000e+02,6.000000000000000000e+01,2.010991367559653753e+01,4.181094786711434352e+01,-1.920861542710880832e+00,0.000000000000000000e+00,5.985000000000000142e+01,5.312500000000000000e+01,5.000000000000000000e+01,1.000000000000000000e+00
3.650000000000000000e+02,6.000000000000000000e+01,1.972416217163343077e+01,4.248174580434447023e+01,-2.205907975977897895e+00,0.000000000000000000e+00,5.985000000000000142e+01,5.325399999999999778e+01,5.000000000000000000e+01,1.000000000000000000e+00
3.660000000000000000e+02,6.000000000000000000e+01,1.981985246719015947e+01,4.219823462331806496e+01,-2.018087090508227543e+00,0.000000000000000000e+00,5.985000000000000142e+01,5.322200000000000131e+01,5.000000000000000000e+01,1.000000000000000000e+00
3.670000000000000000e+02,6.000000000000000000e+01,1.981985246719015947e+01,4.211012638885995329e+01,-1.929978856050111435e+00,0.000000000000000000e+00,5.985000000000000142e+01,5.322200000000000131e+01,5.000000000000000000e+01,1.000000000000000000e+00
3.680000000000000000e+02,6.000000000000000000e+01,1.972416217163343077e+01,4.221306771816762193e+01,-1.937229889801049376e+00,0.000000000000000000e+00,5.985000000000000142e+01,5.325399999999999778e+01,5.000000000000000000e+01,1.000000000000000000e+00
3.690000000000000000e+02,6.000000000000000000e+01,1.933841066767029915e+01,4.288315102510759402e+01,-2.221561692777899832e+00,0.000000000000000000e+00,5.985000000000000142e+01,5.338300000000000267e+01,5.000000000000000000e+01,1.000000000000000000e+00
3.700000000000000000e+02,6.000000000000000000e+01,1.943410096322705272e+01,4.259895641403671362e+01,-2.033057377263765897e+00,0.000000000000000000e+00,5.985000000000000142e+01,5.335099999999999909e+01,5.000000000000000000e+01,1.000000000000000000e+00
3.710000000000000000e+02,6.000000000000000000e+01,1.962847187607667720e+01,4.212993885650035963e+01,-1.758410732577033730e+00,0.000000000000000000e+00,5.985000000000000142e+01,5.328600000000000136e+01,5.000000000000000000e+01,1.000000000000000000e+00
3.720000000000000000e+02,6.000000000000000000e+01,1.953278158051994495e+01,4.224037072698417461e+01,-1.773152307504120007e+00,0.000000000000000000e+00,5.985000000000000142e+01,5.331799999999999784e+01,5.000000000000000000e+01,1.000000000000000000e+00
3.730000000000000000e+02,6.000000000000000000e+01,1.914703007655681688e+01,4.291761754344677371e+01,-2.064647620003593698e+00,0.000000000000000000e+00,5.985000000000000142e+01,5.344700000000000273e+01,5.000000000000000000e+01,1.000000000000000000e+00
3.740000000000000000e+02,6.000000000000000000e+01,1.924272037211356690e+01,4.264027368821234631e+01,-1.882994060325916319e+00,0.000000000000000000e+00,5.985000000000000142e+01,5.341499999999999915e+01,5.000000000000000000e+01,1.000000000000000000e+00
3.750000000000000000e+02,6.000000000000000000e+01,1.924272037211356690e+01,4.255806351852702818e+01,-1.800783890640595963e+00,0.000000000000000000e+00,5.985000000000000142e+01,5.341499999999999915e+01,5.000000000000000000e+01,1.000000000000000000e+00
3.760000000000000000e+02,6.000000000000000000e+01,1.914703007655681688e+01,4.266664540733122379e+01,-1.813675483888044004e+00,0.000000000000000000e+00,5.985000000000000142e+01,5.344700000000000273e+01,5.000000000000000000e+01,1.000000000000000000e+00
3.770000000000000000e+02,6.000000000000000000e+01,1.885696886815046014e+01,4.315492018952271280e+01,-2.011889057673172498e+00,0.000000000000000000e+00,5.985000000000000142e+01,5.354399999999999693e+01,5.000000000000000000e+01,1.000000000000000000e+00
3.780000000000000000e+02,6.000000000000000000e+01,1.914703007655681688e+01,4.249962400416787744e+01,-1.646654080724691660e+00,0.000000000000000000e+00,5.985000000000000142e+01,5.344700000000000273e+01,5.000000000000000000e+01,1.000000000000000000e+00
3.790000000000000000e+02,5.999999999999999289e+01,1.876127857259370657e+01,4.318239364245315670e+01,-1.943672215046869711e+00,0.000000000000000000e+00,5.985000000000000142e+01,5.357600000000000051e+01,5.000000000000000000e+01,1.000000000000000000e+00
3.800000000000000000e+02,6.000000000000000000e+01,1.885696886815046014e+01,4.291033148660312690e+01,-1.767300354753587266e+00,0.000000000000000000e+00,5.985000000000000142e+01,5.354399999999999693e+01,5.000000000000000000e+01,1.000000000000000000e+00
3.810000000000000000e+02,6.000000000000000000e+01,1.895265916370718884e+01,4.264596959963232337e+01,-1.598628763339514425e+00,0.000000000000000000e+00,5.985000000000000142e+01,5.351200000000000045e+01,5.000000000000000000e+01,1.000000000000000000e+00
3.820000000000000000e+02,6.000000000000000000e+01,1.885696886815046014e+01,4.276337743625455801e+01,-1.620346304405016147e+00,0.000000000000000000e+00,5.985000000000000142e+01,5.354399999999999693e+01,5.000000000000000000e+01,1.000000000000000000e+00
3.830000000000000000e+02,6.000000000000000000e+01,1.866558827703697432e+01,4.306703992207976484e+01,-1.732628199116741374e+00,0.000000000000000000e+00,5.985000000000000142e+01,5.360799999999999699e+01,5.000000000000000000e+01,1.000000000000000000e+00
3.840000000000000000e+02,6.000000000000000000e+01,1.856690765974408208e+01,4.318444752764709449e+01,-1.751355187391176571e+00,0.000000000000000000e+00,5.985000000000000142e+01,5.364099999999999824e+01,5.000000000000000000e+01,1.000000000000000000e+00
3.850000000000000000e+02,6.000000000000000000e+01,1.856690765974408208e+01,4.310798461670739101e+01,-1.674892276451471096e+00,0.000000000000000000e+00,5.985000000000000142e+01,5.364099999999999824e+01,5.000000000000000000e+01,1.000000000000000000e+00
3.860000000000000000e+02,6.000000000000000000e+01,1.837552706863059626e+01,4.340926566452805702e+01,-1.784792733158652833e+00,0.000000000000000000e+00,5.985000000000000142e+01,5.370499999999999829e+01,5.000000000000000000e+01,1.000000000000000000e+00
3.870000000000000000e+02,6.000000000000000000e+01,1.856690765974408208e+01,4.295693725140205999e+01,-1.523844911146145176e+00,0.000000000000000000e+00,5.985000000000000142e+01,5.364099999999999824e+01,5.000000000000000000e+01,1.000000000000000000e+00
3.880000000000000000e+02,6.000000000000000000e+01,1.827983677307384625e+01,4.345201574028451574e+01,-1.731852513358360657e+00,0.000000000000000000e+00,5.985000000000000142e+01,5.373700000000000188e+01,5.000000000000000000e+01,1.000000000000000000e+00
3.890000000000000000e+02,6.000000000000000000e+01,1.808546586022421820e+01,4.375666003319973640e+01,-1.842125893423952832e+00,0.000000000000000000e+00,5.985000000000000142e+01,5.380199999999999960e+01,5.000000000000000000e+01,1.000000000000000000e+00
3.900000000000000000e+02,5.999999999999999289e+01,1.818115615578095046e+01,4.348903131689552737e+01,-1.670187472676482487e+00,0.000000000000000000e+00,5.985000000000000142e+01,5.377000000000000313e+01,5.000000000000000000e+01,1.000000000000000000e+00
3.910000000000000000e+02,6.000000000000000000e+01,1.818115615578095046e+01,4.341611213014500947e+01,-1.597268285925959930e+00,0.000000000000000000e+00,5.985000000000000142e+01,5.377000000000000313e+01,5.000000000000000000e+01,1.000000000000000000e+00
3.920000000000000000e+02,5.999999999999999289e+01,1.818115615578095046e+01,4.334637654277080543e+01,-1.527532698551761658e+00,0.000000000000000000e+00,5.985000000000000142e+01,5.377000000000000313e+01,5.000000000000000000e+01,1.000000000000000000e+00
3.930000000000000000e+02,6.000000000000000711e+01,1.789408526911073594e+01,4.384129402550096444e+01,-1.735379294611697931e+00,0.000000000000000000e+00,5.985000000000000142e+01,5.386599999999999966e+01,5.000000000000000000e+01,1.000000000000000000e+00
3.940000000000000000e+02,5.999999999999999289e+01,1.818115615578095046e+01,4.320392014618514764e+01,-1.385076301966099432e+00,0.000000000000000000e+00,5.985000000000000142e+01,5.377000000000000313e+01,5.000000000000000000e+01,1.000000000000000000e+00
3.950000000000000000e+02,6.000000000000000000e+01,1.779839497355398237e+01,4.389225999444653326e+01,-1.690654968000516289e+00,0.000000000000000000e+00,5.985000000000000142e+01,5.389800000000000324e+01,5.000000000000000000e+01,1.000000000000000000e+00
3.960000000000000000e+02,6.000000000000000000e+01,1.818115615578095046e+01,4.306963592567802834e+01,-1.250792081458979910e+00,0.000000000000000000e+00,5.985000000000000142e+01,5.377000000000000313e+01,5.000000000000000000e+01,1.000000000000000000e+00
3.970000000000000000e+02,6.000000000000000711e+01,1.789408526911073594e+01,4.357663570519783747e+01,-1.470720974308572515e+00,0.000000000000000000e+00,5.985000000000000142e+01,5.386599999999999966e+01,5.000000000000000000e+01,1.000000000000000000e+00
3.980000000000000000e+02,6.000000000000000000e+01,1.769971435626111145e+01,4.389268081375436736e+01,-1.592395170015482364e+00,0.000000000000000000e+00,5.985000000000000142e+01,5.393099999999999739e+01,5.000000000000000000e+01,1.000000000000000000e+00
3.990000000000000000e+02,6.000000000000000000e+01,1.789408526911073594e+01,4.344290225202531985e+01,-1.336987521136054680e+00,0.000000000000000000e+00,5.985000000000000142e+01,5.386599999999999966e+01,5.000000000000000000e+01,1.000000000000000000e+00
4.000000000000000000e+02,6.000000000000000000e+01,1.769971435626111145e+01,4.376478606719785347e+01,-1.464500423458966250e+00,0.000000000000000000e+00,5.985000000000000142e+01,5.393099999999999739e+01,5.000000000000000000e+01,1.000000000000000000e+00
4.010000000000000000e+02,6.000000000000000000e+01,1.750833376514762563e+01,4.407525267237069500e+01,-1.583586437518319956e+00,0.000000000000000000e+00,5.985000000000000142e+01,5.399499999999999744e+01,5.000000000000000000e+01,1.000000000000000000e+00
4.020000000000000000e+02,6.000000000000000000e+01,1.731396285229797982e+01,4.438637015578092360e+01,-1.700333008078902530e+00,0.000000000000000000e+00,5.985000000000000142e+01,5.406000000000000227e+01,5.000000000000000000e+01,1.000000000000000000e+00
4.030000000000000000e+02,6.000000000000000000e+01,1.721827255674124757e+01,4.449933765804740204e+01,-1.717610214788652057e+00,0.000000000000000000e+00,5.985000000000000142e+01,5.409199999999999875e+01,5.000000000000000000e+01,1.000000000000000000e+00
4.040000000000000000e+02,6.000000000000000000e+01,1.721827255674124757e+01,4.442434802840057984e+01,-1.642620585141825407e+00,0.000000000000000000e+00,5.985000000000000142e+01,5.409199999999999875e+01,5.000000000000000000e+01,1.000000000000000000e+00
4.050000000000000000e+02,6.000000000000000000e+01,1.702689196562776530e+01,4.472703803510989928e+01,-1.753930000737671469e+00,0.000000000000000000e+00,5.985000000000000142e+01,5.415599999999999881e+01,5.000000000000000000e+01,1.000000000000000000e+00
4.060000000000000000e+02,6.000000000000000000e+01,1.721827255674124757e+01,4.427605706673838171e+01,-1.494329623479632163e+00,0.000000000000000000e+00,5.985000000000000142e+01,5.409199999999999875e+01,5.000000000000000000e+01,1.000000000000000000e+00
4.070000000000000000e+02,6.000000000000000000e+01,1.693120167007101173e+01,4.477242417190407053e+01,-1.703625841975084931e+00,0.000000000000000000e+00,5.985000000000000142e+01,5.418800000000000239e+01,5.000000000000000000e+01,1.000000000000000000e+00
4.080000000000000000e+02,6.000000000000000000e+01,1.654545016610790498e+01,4.545270646396859604e+01,-1.998156630076502349e+00,0.000000000000000000e+00,5.985000000000000142e+01,5.431700000000000017e+01,5.000000000000000000e+01,1.000000000000000000e+00
4.090000000000000000e+02,6.000000000000000000e+01,1.635107925325827694e+01,4.574572411021266305e+01,-2.096803363470937320e+00,0.000000000000000000e+00,5.985000000000000142e+01,5.438199999999999790e+01,5.000000000000000000e+01,1.000000000000000000e+00
4.100000000000000000e+02,6.000000000000000000e+01,1.654545016610790498e+01,4.527392344865421592e+01,-1.819373614762123115e+00,0.000000000000000000e+00,5.985000000000000142e+01,5.431700000000000017e+01,5.000000000000000000e+01,1.000000000000000000e+00
4.110000000000000000e+02,6.000000000000000000e+01,1.644676954881500919e+01,4.538754381161155038e+01,-1.834313360426565120e+00,0.000000000000000000e+00,5.985000000000000142e+01,5.435000000000000142e+01,5.000000000000000000e+01,1.000000000000000000e+00
4.120000000000000000e+02,6.000000000000000000e+01,1.635107925325827694e+01,4.549466182782119006e+01,-1.845741081079468549e+00,0.000000000000000000e+00,5.985000000000000142e+01,5.438199999999999790e+01,5.000000000000000000e+01,1.000000000000000000e+00
4.130000000000000000e+02,6.000000000000000000e+01,1.625538895770152692e+01,4.560128091794618399e+01,-1.856669875647713575e+00,0.000000000000000000e+00,5.985000000000000142e+01,5.441400000000000148e+01,5.000000000000000000e+01,1.000000000000000000e+00
4.140000000000000000e+02,6.000000000000000000e+01,1.664114046166465499e+01,4.476555866924945093e+01,-1.406699130914108142e+00,0.000000000000000000e+00,5.985000000000000142e+01,5.428499999999999659e+01,5.000000000000000000e+01,1.000000000000000000e+00
4.150000000000000000e+02,6.000000000000000000e+01,1.654545016610790498e+01,4.489134601591999285e+01,-1.436796182027900048e+00,0.000000000000000000e+00,5.985000000000000142e+01,5.431700000000000017e+01,5.000000000000000000e+01,1.000000000000000000e+00
4.160000000000000000e+02,6.000000000000000000e+01,1.625538895770152692e+01,4.539607507803179232e+01,-1.651464035733318347e+00,0.000000000000000000e+00,5.985000000000000142e+01,5.441400000000000148e+01,5.000000000000000000e+01,1.000000000000000000e+00
4.170000000000000000e+02,6.000000000000000000e+01,1.625538895770152692e+01,4.532397334310473269e+01,-1.579362300806262276e+00,0.000000000000000000e+00,5.985000000000000142e+01,5.441400000000000148e+01,5.000000000000000000e+01,1.000000000000000000e+00
4.180000000000000000e+02,6.000000000000000000e+01,1.635107925325827694e+01,4.506781669672964341e+01,-1.418895949987917238e+00,0.000000000000000000e+00,5.985000000000000142e+01,5.438199999999999790e+01,5.000000000000000000e+01,1.000000000000000000e+00
4.190000000000000000e+02,6.000000000000000000e+01,1.625538895770152692e+01,4.519307153903024954e+01,-1.448460496731777569e+00,0.000000000000000000e+00,5.985000000000000142e+01,5.441400000000000148e+01,5.000000000000000000e+01,1.000000000000000000e+00
4.200000000000000000e+02,6.000000000000000000e+01,1.625538895770152692e+01,4.512983279296739880e+01,-1.385221750668928831e+00,0.000000000000000000e+00,5.985000000000000142e+01,5.441400000000000148e+01,5.000000000000000000e+01,1.000000000000000000e+00
4.210000000000000000e+02,6.000000000000000000e+01,1.606101804485189888e+01,4.544961073628506654e+01,-1.510628781136964749e+00,0.000000000000000000e+00,5.985000000000000142e+01,5.447899999999999920e+01,5.000000000000000000e+01,1.000000000000000000e+00
4.220000000000000000e+02,6.000000000000000711e+01,1.615969866214479467e+01,4.519060485789386661e+01,-1.350303520038658833e+00,0.000000000000000000e+00,5.985000000000000142e+01,5.444599999999999795e+01,5.000000000000000000e+01,1.000000000000000000e+00
4.230000000000000000e+02,6.000000000000000000e+01,1.577394715818166304e+01,4.588631294903662194e+01,-1.660260107218282322e+00,0.000000000000000000e+00,5.985000000000000142e+01,5.457500000000000284e+01,5.000000000000000000e+01,1.000000000000000000e+00
4.240000000000000000e+02,6.000000000000000000e+01,1.606101804485189888e+01,4.525221871954672537e+01,-1.313236764398625800e+00,0.000000000000000000e+00,5.985000000000000142e+01,5.447899999999999920e+01,5.000000000000000000e+01,1.000000000000000000e+00
4.250000000000000000e+02,6.000000000000000711e+01,1.615969866214479467e+01,4.500183083498381365e+01,-1.161529497128604982e+00,0.000000000000000000e+00,5.985000000000000142e+01,5.444599999999999795e+01,5.000000000000000000e+01,1.000000000000000000e+00
4.260000000000000000e+02,6.000000000000000000e+01,1.577394715818166304e+01,4.570578066452744537e+01,-1.479727822709107965e+00,0.000000000000000000e+00,5.985000000000000142e+01,5.457500000000000284e+01,5.000000000000000000e+01,1.000000000000000000e+00
4.270000000000000000e+02,6.000000000000000000e+01,1.577394715818166304e+01,4.564117680944573863e+01,-1.415123967627403667e+00,0.000000000000000000e+00,5.985000000000000142e+01,5.457500000000000284e+01,5.000000000000000000e+01,1.000000000000000000e+00
4.280000000000000000e+02,6.000000000000000000e+01,1.577394715818166304e+01,4.557939351232568725e+01,-1.353340670507349852e+00,0.000000000000000000e+00,5.985000000000000142e+01,5.457500000000000284e+01,5.000000000000000000e+01,1.000000000000000000e+00
4.290000000000000000e+02,6.000000000000000000e+01,1.548388594977530808e+01,4.608776618219374654e+01,-1.571652131969052846e+00,0.000000000000000000e+00,5.985000000000000142e+01,5.467199999999999704e+01,5.000000000000000000e+01,1.000000000000000000e+00
4.300000000000000000e+02,6.000000000000000000e+01,1.538819565421855451e+01,4.620635179918677693e+01,-1.594547453405331883e+00,0.000000000000000000e+00,5.985000000000000142e+01,5.470400000000000063e+01,5.000000000000000000e+01,1.000000000000000000e+00
4.310000000000000000e+02,6.000000000000000000e+01,1.567825686262493257e+01,4.556927644884486739e+01,-1.247533311469801953e+00,0.000000000000000000e+00,5.985000000000000142e+01,5.460699999999999932e+01,5.000000000000000000e+01,1.000000000000000000e+00
4.320000000000000000e+02,6.000000000000000000e+01,1.538819565421855451e+01,4.608226859209512583e+01,-1.470464246313680556e+00,0.000000000000000000e+00,5.985000000000000142e+01,5.470400000000000063e+01,5.000000000000000000e+01,1.000000000000000000e+00
4.330000000000000000e+02,6.000000000000000000e+01,1.529250535866182403e+01,4.620527199957672337e+01,-1.497777358238554513e+00,0.000000000000000000e+00,5.985000000000000142e+01,5.473599999999999710e+01,5.000000000000000000e+01,1.000000000000000000e+00
4.340000000000000000e+02,6.000000000000000000e+01,1.538819565421855451e+01,4.595267729325956907e+01,-1.340872947478127353e+00,0.000000000000000000e+00,5.985000000000000142e+01,5.470400000000000063e+01,5.000000000000000000e+01,1.000000000000000000e+00
4.350000000000000000e+02,6.000000000000000000e+01,1.519382474136893002e+01,4.627439147350568760e+01,-1.468216214874614067e+00,0.000000000000000000e+00,5.985000000000000142e+01,5.476899999999999835e+01,5.000000000000000000e+01,1.000000000000000000e+00
4.360000000000000000e+02,6.000000000000000711e+01,1.500244415025544598e+01,4.658469584989128265e+01,-1.587140000146723073e+00,0.000000000000000000e+00,5.985000000000000142e+01,5.483299999999999841e+01,5.000000000000000000e+01,1.000000000000000000e+00
4.370000000000000000e+02,5.999999999999999289e+01,1.529250535866182403e+01,4.594794390364402403e+01,-1.240449262305851175e+00,0.000000000000000000e+00,5.985000000000000142e+01,5.473599999999999710e+01,5.000000000000000000e+01,1.000000000000000000e+00
4.380000000000000000e+02,6.000000000000000000e+01,1.509813444581217645e+01,4.627404250993399160e+01,-1.372176955746171378e+00,0.000000000000000000e+00,5.985000000000000142e+01,5.480100000000000193e+01,5.000000000000000000e+01,1.000000000000000000e+00
4.390000000000000000e+02,6.000000000000000000e+01,1.481106355914196193e+01,4.677574271293222097e+01,-1.586806272074182234e+00,0.000000000000000000e+00,5.985000000000000142e+01,5.489699999999999847e+01,5.000000000000000000e+01,1.000000000000000000e+00
4.400000000000000000e+02,6.000000000000000000e+01,1.519382474136893002e+01,4.595765260371971550e+01,-1.151477345088644411e+00,0.000000000000000000e+00,5.985000000000000142e+01,5.476899999999999835e+01,5.000000000000000000e+01,1.000000000000000000e+00
4.410000000000000000e+02,6.000000000000000000e+01,1.481106355914196193e+01,4.665619121483852894e+01,-1.467254773980489313e+00,0.000000000000000000e+00,5.985000000000000142e+01,5.489699999999999847e+01,5.000000000000000000e+01,1.000000000000000000e+00
4.420000000000000000e+02,6.000000000000000000e+01,1.500244415025544598e+01,4.621772628118684167e+01,-1.220170431442286985e+00,0.000000000000000000e+00,5.985000000000000142e+01,5.483299999999999841e+01,5.000000000000000000e+01,1.000000000000000000e+00
4.430000000000000000e+02,6.000000000000000000e+01,1.519382474136893002e+01,4.579004887265519841e+01,-9.838736140241243211e-01,0.000000000000000000e+00,5.985000000000000142e+01,5.476899999999999835e+01,5.000000000000000000e+01,1.000000000000000000e+00
4.440000000000000000e+02,6.000000000000000711e+01,1.500244415025544598e+01,4.612149929949347182e+01,-1.123943449748912915e+00,0.000000000000000000e+00,5.985000000000000142e+01,5.483299999999999841e+01,5.000000000000000000e+01,1.000000000000000000e+00
4.450000000000000000e+02,6.000000000000000000e+01,1.490675385469869241e+01,4.625963155633544943e+01,-1.166385411034145170e+00,0.000000000000000000e+00,5.985000000000000142e+01,5.486500000000000199e+01,5.000000000000000000e+01,1.000000000000000000e+00
4.460000000000000000e+02,6.000000000000000000e+01,1.500244415025544598e+01,4.602150518466999074e+01,-1.023949334925432275e+00,0.000000000000000000e+00,5.985000000000000142e+01,5.483299999999999841e+01,5.000000000000000000e+01,1.000000000000000000e+00
4.470000000000000000e+02,6.000000000000000000e+01,1.452100235073558387e+01,4.691866448685021140e+01,-1.439666837585799719e+00,0.000000000000000000e+00,5.985000000000000142e+01,5.499399999999999977e+01,5.000000000000000000e+01,1.000000000000000000e+00
4.480000000000000000e+02,6.000000000000000000e+01,1.461669264629231613e+01,4.666860684417230232e+01,-1.285299490464616667e+00,0.000000000000000000e+00,5.985000000000000142e+01,5.496200000000000330e+01,5.000000000000000000e+01,1.000000000000000000e+00
4.490000000000000000e+02,6.000000000000000000e+01,1.452100235073558387e+01,4.679969441204443825e+01,-1.320696762780022127e+00,0.000000000000000000e+00,5.985000000000000142e+01,5.499399999999999977e+01,5.000000000000000000e+01,1.000000000000000000e+00
4.500000000000000000e+02,5.999999999999999289e+01,1.471238294184906792e+01,4.636762809601103896e+01,-1.080011037860107992e+00,0.000000000000000000e+00,5.985000000000000142e+01,5.492999999999999972e+01,5.000000000000000000e+01,1.000000000000000000e+00
4.510000000000000000e+02,6.000000000000000000e+01,1.432663143788595939e+01,4.707513696299938744e+01,-1.401768400885344601e+00,0.000000000000000000e+00,5.985000000000000142e+01,5.505899999999999750e+01,5.000000000000000000e+01,1.000000000000000000e+00
4.520000000000000000e+02,6.000000000000000000e+01,1.452100235073558387e+01,4.663368102924189174e+01,-1.154683379977478497e+00,0.000000000000000000e+00,5.985000000000000142e+01,5.499399999999999977e+01,5.000000000000000000e+01,1.000000000000000000e+00
4.530000000000000000e+02,6.000000000000000000e+01,1.432663143788595939e+01,4.696352411241997515e+01,-1.290155550305934984e+00,0.000000000000000000e+00,5.985000000000000142e+01,5.505899999999999750e+01,5.000000000000000000e+01,1.000000000000000000e+00
4.540000000000000000e+02,6.000000000000000000e+01,1.432663143788595939e+01,4.690719684673930345e+01,-1.233828284625261063e+00,0.000000000000000000e+00,5.985000000000000142e+01,5.505899999999999750e+01,5.000000000000000000e+01,1.000000000000000000e+00
4.550000000000000000e+02,6.000000000000000000e+01,1.432663143788595939e+01,4.685332878906522325e+01,-1.179960226951178859e+00,0.000000000000000000e+00,5.985000000000000142e+01,5.505899999999999750e+01,5.000000000000000000e+01,1.000000000000000000e+00
4.560000000000000000e+02,5.999999999999999289e+01,1.413525084677247534e+01,4.717621821506902080e+01,-1.311469061841497252e+00,0.000000000000000000e+00,5.985000000000000142e+01,5.512299999999999756e+01,5.000000000000000000e+01,1.000000000000000000e+00
4.570000000000000000e+02,6.000000000000000000e+01,1.403956055121572177e+01,4.730616323823072378e+01,-1.345723789446445551e+00,0.000000000000000000e+00,5.985000000000000142e+01,5.515500000000000114e+01,5.000000000000000000e+01,1.000000000000000000e+00
4.580000000000000000e+02,5.999999999999999289e+01,1.413525084677247534e+01,4.706020708163337218e+01,-1.195457928405849302e+00,0.000000000000000000e+00,5.985000000000000142e+01,5.512299999999999756e+01,5.000000000000000000e+01,1.000000000000000000e+00
4.590000000000000000e+02,6.000000000000000000e+01,1.413525084677247534e+01,4.700801424618231295e+01,-1.143265092954793172e+00,0.000000000000000000e+00,5.985000000000000142e+01,5.512299999999999756e+01,5.000000000000000000e+01,1.000000000000000000e+00
4.600000000000000000e+02,6.000000000000000000e+01,1.403956055121572177e+01,4.714530293394459903e+01,-1.184863485160322805e+00,0.000000000000000000e+00,5.985000000000000142e+01,5.515500000000000114e+01,5.000000000000000000e+01,1.000000000000000000e+00
4.610000000000000000e+02,6.000000000000000711e+01,1.384518963836609728e+01,4.747382837538366829e+01,-1.319018013749764240e+00,0.000000000000000000e+00,5.985000000000000142e+01,5.521999999999999886e+01,5.000000000000000000e+01,1.000000000000000000e+00
4.620000000000000000e+02,6.000000000000000000e+01,1.403956055121572177e+01,4.703598526415773762e+01,-1.075545815373459835e+00,0.000000000000000000e+00,5.985000000000000142e+01,5.515500000000000114e+01,5.000000000000000000e+01,1.000000000000000000e+00
4.630000000000000000e+02,6.000000000000000000e+01,1.394087993392282954e+01,4.718208061516352814e+01,-1.122960549086359228e+00,0.000000000000000000e+00,5.985000000000000142e+01,5.518800000000000239e+01,5.000000000000000000e+01,1.000000000000000000e+00
4.640000000000000000e+02,6.000000000000000000e+01,1.403956055121572177e+01,4.694000005364399897e+01,-9.795606048597232940e-01,0.000000000000000000e+00,5.985000000000000142e+01,5.515500000000000114e+01,5.000000000000000000e+01,1.000000000000000000e+00
4.650000000000000000e+02,6.000000000000000000e+01,1.403956055121572177e+01,4.689723314043948932e+01,-9.367936916552097593e-01,0.000000000000000000e+00,5.985000000000000142e+01,5.515500000000000114e+01,5.000000000000000000e+01,1.000000000000000000e+00
4.660000000000000000e+02,6.000000000000000000e+01,1.365380904725261324e+01,4.761099477400923519e+01,-1.264803821261849315e+00,0.000000000000000000e+00,5.985000000000000142e+01,5.528399999999999892e+01,5.000000000000000000e+01,1.000000000000000000e+00
4.670000000000000000e+02,6.000000000000000000e+01,1.365380904725261324e+01,4.755577434662956193e+01,-1.209583393882178726e+00,0.000000000000000000e+00,5.985000000000000142e+01,5.528399999999999892e+01,5.000000000000000000e+01,1.000000000000000000e+00
4.680000000000000000e+02,6.000000000000000000e+01,1.374949934280934549e+01,4.731576198202618144e+01,-1.065261324835523160e+00,0.000000000000000000e+00,5.985000000000000142e+01,5.525200000000000244e+01,5.000000000000000000e+01,1.000000000000000000e+00
4.690000000000000000e+02,6.000000000000000000e+01,1.355811875169586145e+01,4.764365907980352688e+01,-1.201777831499386995e+00,0.000000000000000000e+00,5.985000000000000142e+01,5.531600000000000250e+01,5.000000000000000000e+01,1.000000000000000000e+00
4.700000000000000000e+02,6.000000000000000000e+01,1.365380904725261324e+01,4.740398750045348208e+01,-1.057796547706100654e+00,0.000000000000000000e+00,5.985000000000000142e+01,5.528399999999999892e+01,5.000000000000000000e+01,1.000000000000000000e+00
4.710000000000000000e+02,6.000000000000000000e+01,1.403956055121572177e+01,4.660314348808844898e+01,-6.427040393041738575e-01,0.000000000000000000e+00,5.985000000000000142e+01,5.515500000000000114e+01,5.000000000000000000e+01,1.000000000000000000e+00
4.720000000000000000e+02,6.000000000000000000e+01,1.365380904725261324e+01,4.732974486487984933e+01,-9.835539121324625711e-01,0.000000000000000000e+00,5.985000000000000142e+01,5.528399999999999892e+01,5.000000000000000000e+01,1.000000000000000000e+00
4.730000000000000000e+02,6.000000000000000000e+01,1.336374783884623518e+01,4.785426215930832683e+01,-1.218009998154564011e+00,0.000000000000000000e+00,5.985000000000000142e+01,5.538100000000000023e+01,5.000000000000000000e+01,1.000000000000000000e+00
4.740000000000000000e+02,6.000000000000000000e+01,1.374949934280934549e+01,4.704642334264477910e+01,-7.959226854541261442e-01,0.000000000000000000e+00,5.985000000000000142e+01,5.525200000000000244e+01,5.000000000000000000e+01,1.000000000000000000e+00
4.750000000000000000e+02,6.000000000000000711e+01,1.355811875169586145e+01,4.738607957217559630e+01,-9.441983238714515281e-01,0.000000000000000000e+00,5.985000000000000142e+01,5.531600000000000250e+01,5.000000000000000000e+01,1.000000000000000000e+00
4.760000000000000000e+02,6.000000000000000000e+01,1.365380904725261324e+01,4.715765372932345656e+01,-8.114627765760745737e-01,0.000000000000000000e+00,5.985000000000000142e+01,5.528399999999999892e+01,5.000000000000000000e+01,1.000000000000000000e+00
4.770000000000000000e+02,6.000000000000000000e+01,1.355811875169586145e+01,4.730942866816120329e+01,-8.675474198570619633e-01,0.000000000000000000e+00,5.985000000000000142e+01,5.531600000000000250e+01,5.000000000000000000e+01,1.000000000000000000e+00
4.780000000000000000e+02,6.000000000000000000e+01,1.365380904725261324e+01,4.708434934878374634e+01,-7.381583960363610197e-01,0.000000000000000000e+00,5.985000000000000142e+01,5.528399999999999892e+01,5.000000000000000000e+01,1.000000000000000000e+00
4.790000000000000000e+02,6.000000000000000000e+01,1.336374783884623518e+01,4.761958043538147933e+01,-9.833282742277194011e-01,0.000000000000000000e+00,5.985000000000000142e+01,5.538100000000000023e+01,5.000000000000000000e+01,1.000000000000000000e+00
4.800000000000000000e+02,6.000000000000000000e+01,1.336374783884623518e+01,4.757664902843554700e+01,-9.403968672817824004e-01,0.000000000000000000e+00,5.985000000000000142e+01,5.538100000000000023e+01,5.000000000000000000e+01,1.000000000000000000e+00
4.810000000000000000e+02,6.000000000000000711e+01,1.355811875169586145e+01,4.715533624481575004e+01,-7.134549965116073755e-01,0.000000000000000000e+00,5.985000000000000142e+01,5.531600000000000250e+01,5.000000000000000000e+01,1.000000000000000000e+00
4.820000000000000000e+02,6.000000000000000000e+01,1.336374783884623518e+01,4.750444304264857465e+01,-8.681908814948144926e-01,0.000000000000000000e+00,5.985000000000000142e+01,5.538100000000000023e+01,5.000000000000000000e+01,1.000000000000000000e+00
4.830000000000000000e+02,5.999999999999999289e+01,1.297799633488312665e+01,4.822119982568958818e+01,-1.199196160572716607e+00,0.000000000000000000e+00,5.985000000000000142e+01,5.550999999999999801e+01,5.000000000000000000e+01,1.000000000000000000e+00
4.840000000000000000e+02,6.000000000000000000e+01,1.336374783884623518e+01,4.741418240767653458e+01,-7.779302465227704300e-01,0.000000000000000000e+00,5.985000000000000142e+01,5.538100000000000023e+01,5.000000000000000000e+01,1.000000000000000000e+00
4.850000000000000000e+02,6.000000000000000711e+01,1.326805754328950471e+01,4.756742135271783667e+01,-8.354788960073380455e-01,0.000000000000000000e+00,5.985000000000000142e+01,5.541299999999999670e+01,5.000000000000000000e+01,1.000000000000000000e+00
4.860000000000000000e+02,6.000000000000000000e+01,1.326805754328950471e+01,4.753094494354776600e+01,-7.990024868372638256e-01,0.000000000000000000e+00,5.985000000000000142e+01,5.541299999999999670e+01,5.000000000000000000e+01,1.000000000000000000e+00
4.870000000000000000e+02,6.000000000000000000e+01,1.317236724773275114e+01,4.768326388969563112e+01,-8.556311374283850357e-01,0.000000000000000000e+00,5.985000000000000142e+01,5.544500000000000028e+01,5.000000000000000000e+01,1.000000000000000000e+00
4.880000000000000000e+02,6.000000000000000000e+01,1.317236724773275114e+01,4.764590764812371049e+01,-8.182748958564619590e-01,0.000000000000000000e+00,5.985000000000000142e+01,5.544500000000000028e+01,5.000000000000000000e+01,1.000000000000000000e+00
4.890000000000000000e+02,6.000000000000000000e+01,1.307368663043985890e+01,4.780323526289188862e+01,-8.769218933317494136e-01,0.000000000000000000e+00,5.985000000000000142e+01,5.547800000000000153e+01,5.000000000000000000e+01,1.000000000000000000e+00
4.900000000000000000e+02,6.000000000000000711e+01,1.326805754328950471e+01,4.738469375109342963e+01,-6.527512943829322234e-01,0.000000000000000000e+00,5.985000000000000142e+01,5.541299999999999670e+01,5.000000000000000000e+01,1.000000000000000000e+00
4.910000000000000000e+02,6.000000000000000000e+01,1.278661574376964261e+01,4.829805929340091808e+01,-1.084675037170565792e+00,0.000000000000000000e+00,5.985000000000000142e+01,5.557399999999999807e+01,5.000000000000000000e+01,1.000000000000000000e+00
4.920000000000000000e+02,6.000000000000000000e+01,1.259224483091999680e+01,4.863095889059723476e+01,-1.223203721517227116e+00,0.000000000000000000e+00,5.985000000000000142e+01,5.563900000000000290e+01,5.000000000000000000e+01,1.000000000000000000e+00
4.930000000000000000e+02,6.000000000000000000e+01,1.297799633488312665e+01,4.782289331969795398e+01,-8.008896545810868517e-01,0.000000000000000000e+00,5.985000000000000142e+01,5.550999999999999801e+01,5.000000000000000000e+01,1.000000000000000000e+00
4.940000000000000000e+02,6.000000000000000000e+01,1.269092544821289081e+01,4.834953551638457725e+01,-1.040460964597468507e+00,0.000000000000000000e+00,5.985000000000000142e+01,5.560600000000000165e+01,5.000000000000000000e+01,1.000000000000000000e+00
4.950000000000000000e+02,6.000000000000000000e+01,1.259224483091999680e+01,4.849716264680298394e+01,-1.089407477722980078e+00,0.000000000000000000e+00,5.985000000000000142e+01,5.563900000000000290e+01,5.000000000000000000e+01,1.000000000000000000e+00
4.960000000000000000e+02,6.000000000000000000e+01,1.240086423980651276e+01,4.882400554086936495e+01,-1.224869780675876374e+00,0.000000000000000000e+00,5.985000000000000142e+01,5.570300000000000296e+01,5.000000000000000000e+01,1.000000000000000000e+00
4.970000000000000000e+02,5.999999999999999289e+01,1.269092544821289081e+01,4.820307005248681520e+01,-8.939955006997104547e-01,0.000000000000000000e+00,5.985000000000000142e+01,5.560600000000000165e+01,5.000000000000000000e+01,1.000000000000000000e+00
4.980000000000000000e+02,6.000000000000000711e+01,1.240086423980651276e+01,4.873149740290313758e+01,-1.132361642709646343e+00,0.000000000000000000e+00,5.985000000000000142e+01,5.570300000000000296e+01,5.000000000000000000e+01,1.000000000000000000e+00
4.990000000000000000e+02,6.000000000000000711e+01,1.240086423980651276e+01,4.868205930601599363e+01,-1.082923545822502831e+00,0.000000000000000000e+00,5.985000000000000142e+01,5.570300000000000296e+01,5.000000000000000000e+01,1.000000000000000000e+00
5.000000000000000000e+02,6.012148390540328080e+01,1.240086423980651276e+01,4.875626354637194737e+01,-1.035643880775185766e+00,0.000000000000000000e+00,5.985000000000000142e+01,5.570300000000000296e+01,5.000000000000000000e+01,0.000000000000000000e+00
5.010000000000000000e+02,5.967170939492481097e+01,1.211080303140015602e+01,4.882873211966387572e+01,-1.267825756139225657e+00,0.000000000000000000e+00,5.985000000000000142e+01,5.579999999999999716e+01,5.000000000000000000e+01,0.000000000000000000e+00
5.020000000000000000e+02,6.018094913807185264e+01,1.230517394424978050e+01,4.890236376882344871e+01,-1.026588575001376347e+00,0.000000000000000000e+00,5.985000000000000142e+01,5.573499999999999943e+01,5.000000000000000000e+01,0.000000000000000000e+00
5.030000000000000000e+02,6.029940090787124518e+01,1.230517394424978050e+01,4.897599541798302170e+01,-9.817684543615550208e-01,0.000000000000000000e+00,5.985000000000000142e+01,5.573499999999999943e+01,5.000000000000000000e+01,0.000000000000000000e+00
5.040000000000000000e+02,6.060367127602111736e+01,1.240086423980651276e+01,4.905019965833897544e+01,-8.473926221243773815e-01,0.000000000000000000e+00,5.985000000000000142e+01,5.570300000000000296e+01,5.000000000000000000e+01,0.000000000000000000e+00
5.050000000000000000e+02,6.071487207028169308e+01,1.240086423980651276e+01,4.912440389869492918e+01,-8.103960682197538512e-01,0.000000000000000000e+00,5.985000000000000142e+01,5.570300000000000296e+01,5.000000000000000000e+01,0.000000000000000000e+00
5.060000000000000000e+02,6.006748798925458033e+01,1.201511273584340422e+01,4.919629988079047678e+01,-1.143924627379300007e+00,0.000000000000000000e+00,5.985000000000000142e+01,5.583200000000000074e+01,5.000000000000000000e+01,0.000000000000000000e+00
5.070000000000000000e+02,6.075852111947934731e+01,1.230517394424978050e+01,4.926993152995004976e+01,-8.165843547204827413e-01,0.000000000000000000e+00,5.985000000000000142e+01,5.573499999999999943e+01,5.000000000000000000e+01,0.000000000000000000e+00
5.080000000000000000e+02,6.029861003606517045e+01,1.201511273584340422e+01,4.934182751204559736e+01,-1.058330211823830025e+00,0.000000000000000000e+00,5.985000000000000142e+01,5.583200000000000074e+01,5.000000000000000000e+01,0.000000000000000000e+00
5.090000000000000000e+02,6.079226278121181082e+01,1.220649332695688649e+01,4.941486867653390647e+01,-8.290992222789853594e-01,0.000000000000000000e+00,5.985000000000000142e+01,5.576800000000000068e+01,5.000000000000000000e+01,0.000000000000000000e+00
5.100000000000000000e+02,6.033817558491062272e+01,1.191942244028667197e+01,4.948619206743307330e+01,-1.067438922809126334e+00,0.000000000000000000e+00,5.985000000000000142e+01,5.586399999999999721e+01,5.000000000000000000e+01,0.000000000000000000e+00
5.110000000000000000e+02,6.045610259332606518e+01,1.191942244028667197e+01,4.955751545833224014e+01,-1.020835305292847384e+00,0.000000000000000000e+00,5.985000000000000142e+01,5.586399999999999721e+01,5.000000000000000000e+01,0.000000000000000000e+00
5.120000000000000000e+02,6.057199492123736917e+01,1.191942244028667197e+01,4.962883884923140698e+01,-9.762663682807120047e-01,0.000000000000000000e+00,5.985000000000000142e+01,5.586399999999999721e+01,5.000000000000000000e+01,0.000000000000000000e+00
5.130000000000000000e+02,6.068594140133551917e+01,1.191942244028667197e+01,4.970016224013057382e+01,-9.336432790817278393e-01,0.000000000000000000e+00,5.985000000000000142e+01,5.586399999999999721e+01,5.000000000000000000e+01,0.000000000000000000e+00
5.140000000000000000e+02,6.117357781326117561e+01,1.211080303140015602e+01,4.977263081342250217e+01,-7.098560315614842464e-01,0.000000000000000000e+00,5.985000000000000142e+01,5.579999999999999716e+01,5.000000000000000000e+01,0.000000000000000000e+00
5.150000000000000000e+02,6.052006855930378038e+01,1.172505152743702617e+01,4.984279112845401727e+01,-1.047774096587263504e+00,0.000000000000000000e+00,5.985000000000000142e+01,5.592900000000000205e+01,5.000000000000000000e+01,0.000000000000000000e+00
5.160000000000000000e+02,6.139294357193573148e+01,1.211080303140015602e+01,4.991525970174594562e+01,-6.331191612103741484e-01,0.000000000000000000e+00,5.985000000000000142e+01,5.579999999999999716e+01,5.000000000000000000e+01,0.000000000000000000e+00
5.170000000000000000e+02,6.073608404127507043e+01,1.172505152743702617e+01,4.998542001677746072e+01,-9.743875029394124532e-01,0.000000000000000000e+00,5.985000000000000142e+01,5.592900000000000205e+01,5.000000000000000000e+01,0.000000000000000000e+00
5.180000000000000000e+02,6.141797963522027715e+01,1.201511273584340422e+01,5.005731599887300831e+01,-6.544490994961316144e-01,0.000000000000000000e+00,5.985000000000000142e+01,5.583200000000000074e+01,5.000000000000000000e+01,0.000000000000000000e+00
5.190000000000000000e+02,6.133067298279276969e+01,1.191942244028667197e+01,5.012863938977217515e+01,-7.173888472660762128e-01,0.000000000000000000e+00,5.985000000000000142e+01,5.586399999999999721e+01,5.000000000000000000e+01,0.000000000000000000e+00
5.200000000000000000e+02,6.067634742377172330e+01,1.153367093632354212e+01,5.019765452241092873e+01,-1.054978034962749334e+00,0.000000000000000000e+00,5.985000000000000142e+01,5.599300000000000210e+01,5.000000000000000000e+01,0.000000000000000000e+00
5.210000000000000000e+02,6.116697296582488974e+01,1.172505152743702617e+01,5.026781483744244383e+01,-8.258933990545788140e-01,0.000000000000000000e+00,5.985000000000000142e+01,5.592900000000000205e+01,5.000000000000000000e+01,0.000000000000000000e+00
5.220000000000000000e+02,6.070986495612500278e+01,1.143798064076680987e+01,5.033625737888481666e+01,-1.064373063526620866e+00,0.000000000000000000e+00,5.985000000000000142e+01,5.602499999999999858e+01,5.000000000000000000e+01,0.000000000000000000e+00
5.230000000000000000e+02,6.101255267452762610e+01,1.153367093632354212e+01,5.040527251152357024e+01,-9.263907733194832739e-01,0.000000000000000000e+00,5.985000000000000142e+01,5.599300000000000210e+01,5.000000000000000000e+01,0.000000000000000000e+00
5.240000000000000000e+02,6.093423795101292484e+01,1.143798064076680987e+01,5.047371505296594307e+01,-9.774577427198252177e-01,0.000000000000000000e+00,5.985000000000000142e+01,5.602499999999999858e+01,5.000000000000000000e+01,0.000000000000000000e+00
5.250000000000000000e+02,6.085171220190126462e+01,1.133930002347391586e+01,5.054156710973705202e+01,-1.029154931309701482e+00,0.000000000000000000e+00,5.985000000000000142e+01,5.605799999999999983e+01,5.000000000000000000e+01,0.000000000000000000e+00
5.260000000000000000e+02,6.115813981889359496e+01,1.143798064076680987e+01,5.061000965117942485e+01,-8.898504730526392015e-01,0.000000000000000000e+00,5.985000000000000142e+01,5.602499999999999858e+01,5.000000000000000000e+01,0.000000000000000000e+00
5.270000000000000000e+02,6.069623837392248333e+01,1.114791943236043359e+01,5.067671652555777229e+01,-1.128397583995720543e+00,0.000000000000000000e+00,5.985000000000000142e+01,5.612199999999999989e+01,5.000000000000000000e+01,0.000000000000000000e+00
5.280000000000000000e+02,6.118776110254982825e+01,1.133930002347391586e+01,5.074456858232888123e+01,-8.961075032529680628e-01,0.000000000000000000e+00,5.985000000000000142e+01,5.605799999999999983e+01,5.000000000000000000e+01,0.000000000000000000e+00
5.290000000000000000e+02,6.129473656998425213e+01,1.133930002347391586e+01,5.081242063909999018e+01,-8.569840925896522466e-01,0.000000000000000000e+00,5.985000000000000142e+01,5.605799999999999983e+01,5.000000000000000000e+01,0.000000000000000000e+00
5.300000000000000000e+02,6.083667769939707881e+01,1.105222913680368002e+01,5.087855492228195686e+01,-1.094106359688559849e+00,0.000000000000000000e+00,5.985000000000000142e+01,5.615400000000000347e+01,5.000000000000000000e+01,0.000000000000000000e+00
5.310000000000000000e+02,6.170754951354454221e+01,1.143798064076680987e+01,5.094699746372432969e+01,-6.774285909465971312e-01,0.000000000000000000e+00,5.985000000000000142e+01,5.602499999999999858e+01,5.000000000000000000e+01,0.000000000000000000e+00
5.320000000000000000e+02,6.123637388160664585e+01,1.114791943236043359e+01,5.101370433810267713e+01,-9.252498888564659740e-01,0.000000000000000000e+00,5.985000000000000142e+01,5.612199999999999989e+01,5.000000000000000000e+01,0.000000000000000000e+00
5.330000000000000000e+02,6.134347650229501880e+01,1.114791943236043359e+01,5.108041121248102456e+01,-8.848541425464386823e-01,0.000000000000000000e+00,5.985000000000000142e+01,5.612199999999999989e+01,5.000000000000000000e+01,0.000000000000000000e+00
5.340000000000000000e+02,6.163659088634275207e+01,1.124360972791716407e+01,5.114769067805575276e+01,-7.547095196301644160e-01,0.000000000000000000e+00,5.985000000000000142e+01,5.609000000000000341e+01,5.000000000000000000e+01,0.000000000000000000e+00
5.350000000000000000e+02,6.097985079577632206e+01,1.085785822395405553e+01,5.121266188537006769e+01,-1.090669313547799835e+00,0.000000000000000000e+00,5.985000000000000142e+01,5.621900000000000119e+01,5.000000000000000000e+01,0.000000000000000000e+00
5.360000000000000000e+02,6.166163406242697675e+01,1.114791943236043359e+01,5.127936875974841513e+01,-7.656541296818675235e-01,0.000000000000000000e+00,5.985000000000000142e+01,5.612199999999999989e+01,5.000000000000000000e+01,0.000000000000000000e+00
5.370000000000000000e+02,6.138035003980782989e+01,1.095354851951080732e+01,5.134491255825911082e+01,-9.181110379620833761e-01,0.000000000000000000e+00,5.985000000000000142e+01,5.618699999999999761e+01,5.000000000000000000e+01,0.000000000000000000e+00
5.380000000000000000e+02,6.186739671448725630e+01,1.114791943236043359e+01,5.141161943263745826e+01,-6.921421505106307714e-01,0.000000000000000000e+00,5.985000000000000142e+01,5.612199999999999989e+01,5.000000000000000000e+01,0.000000000000000000e+00
5.390000000000000000e+02,6.101957697361816457e+01,1.066647763284057149e+01,5.147544545755901169e+01,-1.122346116781418823e+00,0.000000000000000000e+00,5.985000000000000142e+01,5.628300000000000125e+01,5.000000000000000000e+01,0.000000000000000000e+00
5.400000000000000000e+02,6.113240382475066070e+01,1.066647763284057149e+01,5.153927148248056511e+01,-1.073345290570479671e+00,0.000000000000000000e+00,5.985000000000000142e+01,5.628300000000000125e+01,5.000000000000000000e+01,0.000000000000000000e+00
5.410000000000000000e+02,6.161864216028853747e+01,1.085785822395405553e+01,5.160424268979488005e+01,-8.434587534603988912e-01,0.000000000000000000e+00,5.985000000000000142e+01,5.621900000000000119e+01,5.000000000000000000e+01,0.000000000000000000e+00
5.420000000000000000e+02,6.153266275896344695e+01,1.076216792839732328e+01,5.166864130591281423e+01,-8.981464753466947837e-01,0.000000000000000000e+00,5.985000000000000142e+01,5.625099999999999767e+01,5.000000000000000000e+01,0.000000000000000000e+00
5.430000000000000000e+02,6.126072298048218556e+01,1.057078733728383924e+01,5.173189473963798690e+01,-1.041959096439637245e+00,0.000000000000000000e+00,5.985000000000000142e+01,5.631499999999999773e+01,5.000000000000000000e+01,0.000000000000000000e+00
5.440000000000000000e+02,6.174501842610653313e+01,1.076216792839732328e+01,5.179629335575592108e+01,-8.134428580467104597e-01,0.000000000000000000e+00,5.985000000000000142e+01,5.625099999999999767e+01,5.000000000000000000e+01,0.000000000000000000e+00
5.450000000000000000e+02,6.203270678644792469e+01,1.085785822395405553e+01,5.186126456307023602e+01,-6.864160005763628725e-01,0.000000000000000000e+00,5.985000000000000142e+01,5.621900000000000119e+01,5.000000000000000000e+01,0.000000000000000000e+00
5.460000000000000000e+02,6.156432018588389354e+01,1.057078733728383924e+01,5.192451799679540869e+01,-9.309851481953548280e-01,0.000000000000000000e+00,5.985000000000000142e+01,5.631499999999999773e+01,5.000000000000000000e+01,0.000000000000000000e+00
5.470000000000000000e+02,6.185599517588755702e+01,1.066647763284057149e+01,5.198834402171696212e+01,-7.988264786699821318e-01,0.000000000000000000e+00,5.985000000000000142e+01,5.628300000000000125e+01,5.000000000000000000e+01,0.000000000000000000e+00
5.480000000000000000e+02,6.214247280439580834e+01,1.076216792839732328e+01,5.205274263783489630e+01,-6.724377618364135722e-01,0.000000000000000000e+00,5.985000000000000142e+01,5.625099999999999767e+01,5.000000000000000000e+01,0.000000000000000000e+00
5.490000000000000000e+02,6.186067874542153788e+01,1.057078733728383924e+01,5.211599607156006897e+01,-8.261046634223725427e-01,0.000000000000000000e+00,5.985000000000000142e+01,5.631499999999999773e+01,5.000000000000000000e+01,0.000000000000000000e+00
5.500000000000000000e+02,6.290474436099649580e+01,1.105222913680368002e+01,5.218213035474203565e+01,-3.296151305492197037e-01,0.000000000000000000e+00,5.985000000000000142e+01,5.615400000000000347e+01,5.000000000000000000e+01,0.000000000000000000e+00
5.510000000000000000e+02,6.222829977200177609e+01,1.066647763284057149e+01,5.224595637966358908e+01,-6.841342405023890239e-01,0.000000000000000000e+00,5.985000000000000142e+01,5.628300000000000125e+01,5.000000000000000000e+01,0.000000000000000000e+00
5.520000000000000000e+02,6.213421919435845098e+01,1.057078733728383924e+01,5.230920981338876175e+01,-7.457779563141474499e-01,0.000000000000000000e+00,5.985000000000000142e+01,5.631499999999999773e+01,5.000000000000000000e+01,0.000000000000000000e+00
5.530000000000000000e+02,6.241780817124485736e+01,1.066647763284057149e+01,5.237303583831031517e+01,-6.217052999060229679e-01,0.000000000000000000e+00,5.985000000000000142e+01,5.628300000000000125e+01,5.000000000000000000e+01,0.000000000000000000e+00
5.540000000000000000e+02,6.212735859653963644e+01,1.047210671999094522e+01,5.243569878736422396e+01,-7.804469108155328572e-01,0.000000000000000000e+00,5.985000000000000142e+01,5.634799999999999898e+01,5.000000000000000000e+01,0.000000000000000000e+00
5.550000000000000000e+02,6.203631988511321538e+01,1.037641642443419343e+01,5.249778914522175199e+01,-8.378856845427256061e-01,0.000000000000000000e+00,5.985000000000000142e+01,5.638000000000000256e+01,5.000000000000000000e+01,0.000000000000000000e+00
5.560000000000000000e+02,6.232276714346211577e+01,1.047210671999094522e+01,5.256045209427566078e+01,-7.097916708044943457e-01,0.000000000000000000e+00,5.985000000000000142e+01,5.634799999999999898e+01,5.000000000000000000e+01,0.000000000000000000e+00
5.570000000000000000e+02,6.222864367494970850e+01,1.037641642443419343e+01,5.262254245213318882e+01,-7.703152016176755268e-01,0.000000000000000000e+00,5.985000000000000142e+01,5.638000000000000256e+01,5.000000000000000000e+01,0.000000000000000000e+00
5.580000000000000000e+02,6.251214085449377222e+01,1.047210671999094522e+01,5.268520540118709761e+01,-6.451712666842738253e-01,0.000000000000000000e+00,5.985000000000000142e+01,5.634799999999999898e+01,5.000000000000000000e+01,0.000000000000000000e+00
5.590000000000000000e+02,6.222742069283997779e+01,1.028072612887746295e+01,5.274672316784824488e+01,-8.000286038857298276e-01,0.000000000000000000e+00,5.985000000000000142e+01,5.641199999999999903e+01,5.000000000000000000e+01,0.000000000000000000e+00
5.600000000000000000e+02,6.251164254701222234e+01,1.037641642443419343e+01,5.280881352570577292e+01,-6.735874031277487850e-01,0.000000000000000000e+00,5.985000000000000142e+01,5.638000000000000256e+01,5.000000000000000000e+01,0.000000000000000000e+00
5.610000000000000000e+02,6.203394702798526339e+01,1.008635521602783669e+01,5.286916821649926845e+01,-9.215764045418377570e-01,0.000000000000000000e+00,5.985000000000000142e+01,5.647699999999999676e+01,5.000000000000000000e+01,0.000000000000000000e+00
5.620000000000000000e+02,6.213453708339922343e+01,1.008635521602783669e+01,5.292952290729276399e+01,-8.813410399213786883e-01,0.000000000000000000e+00,5.985000000000000142e+01,5.647699999999999676e+01,5.000000000000000000e+01,0.000000000000000000e+00
5.630000000000000000e+02,6.223337049166143942e+01,1.008635521602783669e+01,5.298987759808625952e+01,-8.428623224526510249e-01,0.000000000000000000e+00,5.985000000000000142e+01,5.647699999999999676e+01,5.000000000000000000e+01,0.000000000000000000e+00
5.640000000000000000e+02,6.214274853406561050e+01,9.990664920471084898e+00,5.304965969768337430e+01,-8.975760840888452607e-01,0.000000000000000000e+00,5.985000000000000142e+01,5.650900000000000034e+01,5.000000000000000000e+01,0.000000000000000000e+00
5.650000000000000000e+02,6.205394274885109240e+01,9.894974624914352646e+00,5.310886920608410833e+01,-9.499010821473713451e-01,0.000000000000000000e+00,5.985000000000000142e+01,5.654099999999999682e+01,5.000000000000000000e+01,0.000000000000000000e+00
5.660000000000000000e+02,6.177907343165326637e+01,9.703594033800868601e+00,5.316693353209208084e+01,-1.091454134239685070e+00,0.000000000000000000e+00,5.985000000000000142e+01,5.660499999999999687e+01,5.000000000000000000e+01,0.000000000000000000e+00
5.670000000000000000e+02,6.188478986207842070e+01,9.703594033800868601e+00,5.322499785810005335e+01,-1.043802029822500366e+00,0.000000000000000000e+00,5.985000000000000142e+01,5.660499999999999687e+01,5.000000000000000000e+01,0.000000000000000000e+00
5.680000000000000000e+02,6.217620124847419305e+01,9.799284329357600853e+00,5.328363477530440662e+01,-9.067178561878204146e-01,0.000000000000000000e+00,5.985000000000000142e+01,5.657300000000000040e+01,5.000000000000000000e+01,0.000000000000000000e+00
5.690000000000000000e+02,6.208664940407781074e+01,9.703594033800868601e+00,5.334169910131237913e+01,-9.586437310354367636e-01,0.000000000000000000e+00,5.985000000000000142e+01,5.660499999999999687e+01,5.000000000000000000e+01,0.000000000000000000e+00
5.700000000000000000e+02,6.218656742758632561e+01,9.703594033800868601e+00,5.339976342732035164e+01,-9.167900335348980745e-01,0.000000000000000000e+00,5.985000000000000142e+01,5.660499999999999687e+01,5.000000000000000000e+01,0.000000000000000000e+00
5.710000000000000000e+02,6.209101475438440332e+01,9.604913416507974588e+00,5.345723726865706027e+01,-9.711359307806313179e-01,0.000000000000000000e+00,5.985000000000000142e+01,5.663799999999999812e+01,5.000000000000000000e+01,0.000000000000000000e+00
5.720000000000000000e+02,6.238453108800602820e+01,9.703594033800868601e+00,5.351530159466503278e+01,-8.343645404598757365e-01,0.000000000000000000e+00,5.985000000000000142e+01,5.660499999999999687e+01,5.000000000000000000e+01,0.000000000000000000e+00
5.730000000000000000e+02,6.172205353893228619e+01,9.317842529837738752e+00,5.357105766241259914e+01,-1.166846653318057037e+00,0.000000000000000000e+00,5.985000000000000142e+01,5.673400000000000176e+01,5.000000000000000000e+01,0.000000000000000000e+00
5.740000000000000000e+02,6.220430411970946949e+01,9.509223120951222796e+00,5.362795891255292702e+01,-9.328779137946788813e-01,0.000000000000000000e+00,5.985000000000000142e+01,5.667000000000000171e+01,5.000000000000000000e+01,0.000000000000000000e+00
5.750000000000000000e+02,6.192638332493454811e+01,9.317842529837738752e+00,5.368371498030049338e+01,-1.075174185203687793e+00,0.000000000000000000e+00,5.985000000000000142e+01,5.673400000000000176e+01,5.000000000000000000e+01,0.000000000000000000e+00
5.760000000000000000e+02,6.259240696418657990e+01,9.604913416507974588e+00,5.374118882163720201e+01,-7.536952739585984773e-01,0.000000000000000000e+00,5.985000000000000142e+01,5.663799999999999812e+01,5.000000000000000000e+01,0.000000000000000000e+00
5.770000000000000000e+02,6.249501118777124020e+01,9.509223120951222796e+00,5.379809007177752989e+01,-8.123020049575141455e-01,0.000000000000000000e+00,5.985000000000000142e+01,5.667000000000000171e+01,5.000000000000000000e+01,0.000000000000000000e+00
5.780000000000000000e+02,6.221182613532587169e+01,9.317842529837738752e+00,5.385384613952509625e+01,-9.598625340369637549e-01,0.000000000000000000e+00,5.985000000000000142e+01,5.673400000000000176e+01,5.000000000000000000e+01,0.000000000000000000e+00
5.790000000000000000e+02,6.192807030567171722e+01,9.123471616988114263e+00,5.390843913140501087e+01,-1.103840442721405912e+00,0.000000000000000000e+00,5.985000000000000142e+01,5.679899999999999949e+01,5.000000000000000000e+01,0.000000000000000000e+00
5.800000000000000000e+02,6.260005039893782453e+01,9.413532825394492320e+00,5.396476779034895799e+01,-7.782502168056213421e-01,0.000000000000000000e+00,5.985000000000000142e+01,5.670199999999999818e+01,5.000000000000000000e+01,0.000000000000000000e+00
5.810000000000000000e+02,6.230893809701076691e+01,9.219161912544844739e+00,5.401993337342525336e+01,-9.301571889593273079e-01,0.000000000000000000e+00,5.985000000000000142e+01,5.676700000000000301e+01,5.000000000000000000e+01,0.000000000000000000e+00
5.820000000000000000e+02,6.259835706990502047e+01,9.317842529837738752e+00,5.407568944117281973e+01,-7.951749011055424532e-01,0.000000000000000000e+00,5.985000000000000142e+01,5.673400000000000176e+01,5.000000000000000000e+01,0.000000000000000000e+00
5.830000000000000000e+02,6.306438072864330024e+01,9.509223120951222796e+00,5.413259069131314760e+01,-5.774330836210701534e-01,0.000000000000000000e+00,5.985000000000000142e+01,5.667000000000000171e+01,5.000000000000000000e+01,0.000000000000000000e+00
5.840000000000000000e+02,6.238952266063652985e+01,9.123471616988114263e+00,5.418718368319306222e+01,-9.211326395446428617e-01,0.000000000000000000e+00,5.985000000000000142e+01,5.679899999999999949e+01,5.000000000000000000e+01,0.000000000000000000e+00
5.850000000000000000e+02,6.267210705533610593e+01,9.219161912544844739e+00,5.424234926626935760e+01,-7.894041234780978522e-01,0.000000000000000000e+00,5.985000000000000142e+01,5.676700000000000301e+01,5.000000000000000000e+01,0.000000000000000000e+00
5.860000000000000000e+02,6.276173745607103172e+01,9.219161912544844739e+00,5.429751484934565298e+01,-7.549393058194625583e-01,0.000000000000000000e+00,5.985000000000000142e+01,5.676700000000000301e+01,5.000000000000000000e+01,0.000000000000000000e+00
5.870000000000000000e+02,6.266208773493381301e+01,9.123471616988114263e+00,5.435210784122556760e+01,-8.134917232798659636e-01,0.000000000000000000e+00,5.985000000000000142e+01,5.679899999999999949e+01,5.000000000000000000e+01,0.000000000000000000e+00
5.880000000000000000e+02,6.313361599876447627e+01,9.317842529837738752e+00,5.440786390897313396e+01,-5.920904400463993245e-01,0.000000000000000000e+00,5.985000000000000142e+01,5.673400000000000176e+01,5.000000000000000000e+01,0.000000000000000000e+00
5.890000000000000000e+02,6.245825267803029135e+01,8.932091025874630219e+00,5.446131171846028707e+01,-9.351500663046306006e-01,0.000000000000000000e+00,5.985000000000000142e+01,5.686299999999999955e+01,5.000000000000000000e+01,0.000000000000000000e+00
5.900000000000000000e+02,6.274030388113237677e+01,9.027781321431360695e+00,5.451533211914382093e+01,-8.028095594428035220e-01,0.000000000000000000e+00,5.985000000000000142e+01,5.683100000000000307e+01,5.000000000000000000e+01,0.000000000000000000e+00
5.910000000000000000e+02,6.244795556422394611e+01,8.833410408581736206e+00,5.456818944395971016e+01,-9.536442883174991447e-01,0.000000000000000000e+00,5.985000000000000142e+01,5.689600000000000080e+01,5.000000000000000000e+01,0.000000000000000000e+00
5.920000000000000000e+02,6.216689748913703539e+01,8.642029817468252162e+00,5.461990158638283788e+01,-1.095033914714056866e+00,0.000000000000000000e+00,5.985000000000000142e+01,5.696000000000000085e+01,5.000000000000000000e+01,0.000000000000000000e+00
5.930000000000000000e+02,6.321116307157316783e+01,9.123471616988114263e+00,5.467449457826275250e+01,-5.868031236776958259e-01,0.000000000000000000e+00,5.985000000000000142e+01,5.679899999999999949e+01,5.000000000000000000e+01,0.000000000000000000e+00
5.940000000000000000e+02,6.234663042187153792e+01,8.642029817468252162e+00,5.472620672068588021e+01,-1.021606116282599341e+00,0.000000000000000000e+00,5.985000000000000142e+01,5.696000000000000085e+01,5.000000000000000000e+01,0.000000000000000000e+00
5.950000000000000000e+02,6.301213937398905074e+01,8.932091025874630219e+00,5.477965453017303332e+01,-6.996061820586123581e-01,0.000000000000000000e+00,5.985000000000000142e+01,5.686299999999999955e+01,5.000000000000000000e+01,0.000000000000000000e+00
5.960000000000000000e+02,6.271471268047279324e+01,8.737720113025003954e+00,5.483193926379254179e+01,-8.549466963447521772e-01,0.000000000000000000e+00,5.985000000000000142e+01,5.692799999999999727e+01,5.000000000000000000e+01,0.000000000000000000e+00
5.970000000000000000e+02,6.242877294813636269e+01,8.546339521911519910e+00,5.488307881501928875e+01,-1.000645388794448420e+00,0.000000000000000000e+00,5.985000000000000142e+01,5.699199999999999733e+01,5.000000000000000000e+01,0.000000000000000000e+00
5.980000000000000000e+02,6.328056959139460957e+01,8.932091025874630219e+00,5.493652662450644186e+01,-5.880480589864607310e-01,0.000000000000000000e+00,5.985000000000000142e+01,5.686299999999999955e+01,5.000000000000000000e+01,0.000000000000000000e+00
5.990000000000000000e+02,6.260272152494322029e+01,8.546339521911519910e+00,5.498766617573318882e+01,-9.312841727014886661e-01,0.000000000000000000e+00,5.985000000000000142e+01,5.699199999999999733e+01,5.000000000000000000e+01,0.000000000000000000e+00
6.000000000000000000e+02,6.307007110030448160e+01,8.737720113025003954e+00,5.503995090935269729e+01,-7.075999220732223094e-01,0.000000000000000000e+00,5.985000000000000142e+01,5.692799999999999727e+01,5.000000000000000000e+01,0.000000000000000000e+00
6.010000000000000000e+02,6.315324913884120406e+01,8.737720113025003954e+00,5.509223564297220577e+01,-6.767066171560042198e-01,0.000000000000000000e+00,5.985000000000000142e+01,5.692799999999999727e+01,5.000000000000000000e+01,0.000000000000000000e+00
6.020000000000000000e+02,6.342285381051080151e+01,8.833410408581736206e+00,5.514509296778809500e+01,-5.556495658590293596e-01,0.000000000000000000e+00,5.985000000000000142e+01,5.689600000000000080e+01,5.000000000000000000e+01,0.000000000000000000e+00
6.030000000000000000e+02,6.349997039671115573e+01,8.833410408581736206e+00,5.519795029260398422e+01,-5.313903044745622584e-01,0.000000000000000000e+00,5.985000000000000142e+01,5.689600000000000080e+01,5.000000000000000000e+01,0.000000000000000000e+00
6.040000000000000000e+02,6.338825242830413487e+01,8.737720113025003954e+00,5.525023502622349270e+01,-5.997027109443665571e-01,0.000000000000000000e+00,5.985000000000000142e+01,5.692799999999999727e+01,5.000000000000000000e+01,0.000000000000000000e+00
6.050000000000000000e+02,6.384813855898264023e+01,8.932091025874630219e+00,5.530368283571064580e+01,-3.876353026026329029e-01,0.000000000000000000e+00,5.985000000000000142e+01,5.686299999999999955e+01,5.000000000000000000e+01,0.000000000000000000e+00
6.060000000000000000e+02,6.391851024766538814e+01,8.932091025874630219e+00,5.535713064519779891e+01,-3.707114234070356118e-01,0.000000000000000000e+00,5.985000000000000142e+01,5.686299999999999955e+01,5.000000000000000000e+01,0.000000000000000000e+00
6.070000000000000000e+02,6.474511268421287014e+01,9.317842529837738752e+00,5.541288671294536528e+01,1.438344142977598938e-02,0.000000000000000000e+00,5.985000000000000142e+01,5.673400000000000176e+01,5.000000000000000000e+01,0.000000000000000000e+00
6.080000000000000000e+02,6.423104656159979697e+01,9.027781321431360695e+00,5.546690711362889914e+01,-2.636418734604565328e-01,0.000000000000000000e+00,5.985000000000000142e+01,5.683100000000000307e+01,5.000000000000000000e+01,0.000000000000000000e+00
6.090000000000000000e+02,6.429657737732394196e+01,9.027781321431360695e+00,5.552092751431243300e+01,-2.521314584198544040e-01,0.000000000000000000e+00,5.985000000000000142e+01,5.683100000000000307e+01,5.000000000000000000e+01,0.000000000000000000e+00
6.100000000000000000e+02,6.530635070153445554e+01,9.509223120951222796e+00,5.557782876445276088e+01,2.192988161304768313e-01,0.000000000000000000e+00,5.985000000000000142e+01,5.667000000000000171e+01,5.000000000000000000e+01,0.000000000000000000e+00
6.110000000000000000e+02,6.535367752270246910e+01,9.509223120951222796e+00,5.563473001459308875e+01,2.097243871581645491e-01,0.000000000000000000e+00,5.985000000000000142e+01,5.667000000000000171e+01,5.000000000000000000e+01,0.000000000000000000e+00
6.120000000000000000e+02,6.540142235657006609e+01,9.509223120951222796e+00,5.569163126473341663e+01,2.005679708854343490e-01,0.000000000000000000e+00,5.985000000000000142e+01,5.667000000000000171e+01,5.000000000000000000e+01,0.000000000000000000e+00
6.130000000000000000e+02,6.488037273337521071e+01,9.219161912544844739e+00,5.574679684780971201e+01,-8.558602697933814785e-02,0.000000000000000000e+00,5.985000000000000142e+01,5.676700000000000301e+01,5.000000000000000000e+01,0.000000000000000000e+00
6.140000000000000000e+02,6.569624457327228129e+01,9.604913416507974588e+00,5.580427068914642064e+01,2.870604676178881709e-01,0.000000000000000000e+00,5.985000000000000142e+01,5.663799999999999812e+01,5.000000000000000000e+01,0.000000000000000000e+00
6.150000000000000000e+02,6.555341014788893972e+01,9.509223120951222796e+00,5.586117193928674851e+01,1.830150876509745728e-01,0.000000000000000000e+00,5.985000000000000142e+01,5.667000000000000171e+01,5.000000000000000000e+01,0.000000000000000000e+00
6.160000000000000000e+02,6.635929072289805219e+01,9.894974624914352646e+00,5.592038144768748253e+01,5.439346502962210117e-01,0.000000000000000000e+00,5.985000000000000142e+01,5.654099999999999682e+01,5.000000000000000000e+01,0.000000000000000000e+00
6.170000000000000000e+02,6.601920160940149174e+01,9.703594033800868601e+00,5.597844577369545505e+01,3.371618019051731974e-01,0.000000000000000000e+00,5.985000000000000142e+01,5.660499999999999687e+01,5.000000000000000000e+01,0.000000000000000000e+00
6.180000000000000000e+02,6.700729073798984814e+01,1.018503583332070939e+01,5.603939094916022157e+01,7.828639555089150770e-01,0.000000000000000000e+00,5.985000000000000142e+01,5.644400000000000261e+01,5.000000000000000000e+01,0.000000000000000000e+00
6.190000000000000000e+02,6.646486241520970850e+01,9.894974624914352646e+00,5.609860045756095559e+01,4.712873327344000995e-01,0.000000000000000000e+00,5.985000000000000142e+01,5.654099999999999682e+01,5.000000000000000000e+01,0.000000000000000000e+00
6.200000000000000000e+02,6.631572044413633193e+01,9.799284329357600853e+00,5.615723737476530886e+01,3.591987400134315500e-01,0.000000000000000000e+00,5.985000000000000142e+01,5.657300000000000040e+01,5.000000000000000000e+01,0.000000000000000000e+00
6.210000000000000000e+02,6.711564463435347250e+01,1.018503583332070939e+01,5.621818255023007538e+01,7.124262508026948382e-01,0.000000000000000000e+00,5.985000000000000142e+01,5.644400000000000261e+01,5.000000000000000000e+01,0.000000000000000000e+00
6.220000000000000000e+02,6.714548579085143842e+01,1.018503583332070939e+01,5.627912772569484190e+01,6.813222318358856944e-01,0.000000000000000000e+00,5.985000000000000142e+01,5.644400000000000261e+01,5.000000000000000000e+01,0.000000000000000000e+00
6.230000000000000000e+02,6.717668492650133771e+01,1.018503583332070939e+01,5.634007290115960842e+01,6.515761920210204616e-01,0.000000000000000000e+00,5.985000000000000142e+01,5.644400000000000261e+01,5.000000000000000000e+01,0.000000000000000000e+00
6.240000000000000000e+02,6.645221312061964625e+01,9.799284329357600853e+00,5.639870981836396169e+01,2.542189728980846497e-01,0.000000000000000000e+00,5.985000000000000142e+01,5.657300000000000040e+01,5.000000000000000000e+01,0.000000000000000000e+00
6.250000000000000000e+02,6.725672065214938300e+01,1.018503583332070939e+01,5.645965499382872821e+01,6.120298249999510665e-01,0.000000000000000000e+00,5.985000000000000142e+01,5.644400000000000261e+01,5.000000000000000000e+01,0.000000000000000000e+00
6.260000000000000000e+02,6.653397541227856493e+01,9.799284329357600853e+00,5.651829191103308148e+01,2.163991718878912063e-01,0.000000000000000000e+00,5.985000000000000142e+01,5.657300000000000040e+01,5.000000000000000000e+01,0.000000000000000000e+00
6.270000000000000000e+02,6.695871532221906364e+01,9.990664920471084898e+00,5.657807401063019626e+01,3.899763911177801523e-01,0.000000000000000000e+00,5.985000000000000142e+01,5.650900000000000034e+01,5.000000000000000000e+01,0.000000000000000000e+00
6.280000000000000000e+02,6.700147133237565811e+01,9.990664920471084898e+00,5.663785611022731104e+01,3.729503016772682811e-01,0.000000000000000000e+00,5.985000000000000142e+01,5.650900000000000034e+01,5.000000000000000000e+01,0.000000000000000000e+00
6.290000000000000000e+02,6.685719527672097229e+01,9.894974624914352646e+00,5.669706561862804506e+01,2.651550331785739179e-01,0.000000000000000000e+00,5.985000000000000142e+01,5.654099999999999682e+01,5.000000000000000000e+01,0.000000000000000000e+00
6.300000000000000000e+02,6.614785867432534872e+01,9.509223120951222796e+00,5.675396686876837293e+01,-1.153313153942450708e-01,0.000000000000000000e+00,5.985000000000000142e+01,5.667000000000000171e+01,5.000000000000000000e+01,0.000000000000000000e+00
6.310000000000000000e+02,6.659121401391612949e+01,9.703594033800868601e+00,5.681203119477634544e+01,7.558878533890249496e-02,0.000000000000000000e+00,5.985000000000000142e+01,5.660499999999999687e+01,5.000000000000000000e+01,0.000000000000000000e+00
6.320000000000000000e+02,6.664597818778874228e+01,9.703594033800868601e+00,5.687009552078431796e+01,7.228863320356178346e-02,0.000000000000000000e+00,5.985000000000000142e+01,5.660499999999999687e+01,5.000000000000000000e+01,0.000000000000000000e+00
6.330000000000000000e+02,6.631946763696896596e+01,9.509223120951222796e+00,5.692699677092464583e+01,-1.167522549068996940e-01,0.000000000000000000e+00,5.985000000000000142e+01,5.667000000000000171e+01,5.000000000000000000e+01,0.000000000000000000e+00
6.340000000000000000e+02,6.600591538147126869e+01,9.317842529837738752e+00,5.698275283867221219e+01,-2.946799870386765940e-01,0.000000000000000000e+00,5.985000000000000142e+01,5.673400000000000176e+01,5.000000000000000000e+01,0.000000000000000000e+00
6.350000000000000000e+02,6.626231237869004076e+01,9.413532825394492320e+00,5.703908149761615931e+01,-1.903019443206148686e-01,0.000000000000000000e+00,5.985000000000000142e+01,5.670199999999999818e+01,5.000000000000000000e+01,0.000000000000000000e+00
6.360000000000000000e+02,6.651472489664800491e+01,9.509223120951222796e+00,5.709598274775648719e+01,-9.048097205970924428e-02,0.000000000000000000e+00,5.985000000000000142e+01,5.667000000000000171e+01,5.000000000000000000e+01,0.000000000000000000e+00
6.370000000000000000e+02,6.676335189377185486e+01,9.604913416507974588e+00,5.715345658909319582e+01,4.981888170686787909e-03,0.000000000000000000e+00,5.985000000000000142e+01,5.663799999999999812e+01,5.000000000000000000e+01,0.000000000000000000e+00
6.380000000000000000e+02,6.682060822944538359e+01,9.604913416507974588e+00,5.721093043042990445e+01,4.764382507501337995e-03,0.000000000000000000e+00,5.985000000000000142e+01,5.663799999999999812e+01,5.000000000000000000e+01,0.000000000000000000e+00
6.390000000000000000e+02,6.763484369354816295e+01,9.990664920471084898e+00,5.727071253002701923e+01,3.734662430500647612e-01,0.000000000000000000e+00,5.985000000000000142e+01,5.650900000000000034e+01,5.000000000000000000e+01,0.000000000000000000e+00
6.400000000000000000e+02,6.767832052492390460e+01,9.990664920471084898e+00,5.733049462962413401e+01,3.571609748286818653e-01,0.000000000000000000e+00,5.985000000000000142e+01,5.650900000000000034e+01,5.000000000000000000e+01,0.000000000000000000e+00
6.410000000000000000e+02,6.847947886489973257e+01,1.037641642443419343e+01,5.739258498748166204e+01,7.104774529838793207e-01,0.000000000000000000e+00,5.985000000000000142e+01,5.638000000000000256e+01,5.000000000000000000e+01,0.000000000000000000e+00
6.420000000000000000e+02,6.794135606727758159e+01,1.008635521602783669e+01,5.745293967827515758e+01,4.020611729745879326e-01,0.000000000000000000e+00,5.985000000000000142e+01,5.647699999999999676e+01,5.000000000000000000e+01,0.000000000000000000e+00
6.430000000000000000e+02,6.874112668801321036e+01,1.047210671999094522e+01,5.751560262732906637e+01,7.534173406932032080e-01,0.000000000000000000e+00,5.985000000000000142e+01,5.634799999999999898e+01,5.000000000000000000e+01,0.000000000000000000e+00
6.440000000000000000e+02,6.877089597652550879e+01,1.047210671999094522e+01,5.757826557638297515e+01,7.205236801515811917e-01,0.000000000000000000e+00,5.985000000000000142e+01,5.634799999999999898e+01,5.000000000000000000e+01,0.000000000000000000e+00
6.450000000000000000e+02,6.861432596599625811e+01,1.037641642443419343e+01,5.764035593424050319e+01,5.975536073215519384e-01,0.000000000000000000e+00,5.985000000000000142e+01,5.638000000000000256e+01,5.000000000000000000e+01,0.000000000000000000e+00
6.460000000000000000e+02,6.883810297474450124e+01,1.047210671999094522e+01,5.770301888329441198e+01,6.629773714591481459e-01,0.000000000000000000e+00,5.985000000000000142e+01,5.634799999999999898e+01,5.000000000000000000e+01,0.000000000000000000e+00
6.470000000000000000e+02,6.887182080742574897e+01,1.047210671999094522e+01,5.776568183234832077e+01,6.340322550864758711e-01,0.000000000000000000e+00,5.985000000000000142e+01,5.634799999999999898e+01,5.000000000000000000e+01,0.000000000000000000e+00
6.480000000000000000e+02,6.910044575742686845e+01,1.057078733728383924e+01,5.782893526607349344e+01,7.007231540695303407e-01,0.000000000000000000e+00,5.985000000000000142e+01,5.631499999999999773e+01,5.000000000000000000e+01,0.000000000000000000e+00
6.490000000000000000e+02,6.913310612099199659e+01,1.057078733728383924e+01,5.789218869979866611e+01,6.701300839094904704e-01,0.000000000000000000e+00,5.985000000000000142e+01,5.631499999999999773e+01,5.000000000000000000e+01,0.000000000000000000e+00
6.500000000000000000e+02,6.973042839403255755e+01,1.085785822395405553e+01,5.795715990711298105e+01,9.154102629655294088e-01,0.000000000000000000e+00,5.985000000000000142e+01,5.621900000000000119e+01,5.000000000000000000e+01,0.000000000000000000e+00
6.510000000000000000e+02,6.956765803338304011e+01,1.076216792839732328e+01,5.802155852323091523e+01,7.839315817548048182e-01,0.000000000000000000e+00,5.985000000000000142e+01,5.625099999999999767e+01,5.000000000000000000e+01,0.000000000000000000e+00
6.520000000000000000e+02,7.035480039137567587e+01,1.114791943236043359e+01,5.808826539760926266e+01,1.118615561405980952e+00,0.000000000000000000e+00,5.985000000000000142e+01,5.612199999999999989e+01,5.000000000000000000e+01,0.000000000000000000e+00
6.530000000000000000e+02,6.942792426796552263e+01,1.066647763284057149e+01,5.815209142253081609e+01,6.093552125941341657e-01,0.000000000000000000e+00,5.985000000000000142e+01,5.628300000000000125e+01,5.000000000000000000e+01,0.000000000000000000e+00
6.540000000000000000e+02,7.059766673910753809e+01,1.124360972791716407e+01,5.821937088810554428e+01,1.134686123084830633e+00,0.000000000000000000e+00,5.985000000000000142e+01,5.609000000000000341e+01,5.000000000000000000e+01,0.000000000000000000e+00
6.550000000000000000e+02,7.004621240302225260e+01,1.095354851951080732e+01,5.828491468661623998e+01,8.077491968951964196e-01,0.000000000000000000e+00,5.985000000000000142e+01,5.618699999999999761e+01,5.000000000000000000e+01,0.000000000000000000e+00
6.560000000000000000e+02,7.102710347772524813e+01,1.143798064076680987e+01,5.835335722805861280e+01,1.235765608899825230e+00,0.000000000000000000e+00,5.985000000000000142e+01,5.602499999999999858e+01,5.000000000000000000e+01,0.000000000000000000e+00
6.570000000000000000e+02,7.047239915967820423e+01,1.114791943236043359e+01,5.842006410243696024e+01,9.044156248808128407e-01,0.000000000000000000e+00,5.985000000000000142e+01,5.612199999999999989e+01,5.000000000000000000e+01,0.000000000000000000e+00
6.580000000000000000e+02,7.049961989676378948e+01,1.114791943236043359e+01,5.848677097681530768e+01,8.649294875880390032e-01,0.000000000000000000e+00,5.985000000000000142e+01,5.612199999999999989e+01,5.000000000000000000e+01,0.000000000000000000e+00
6.590000000000000000e+02,6.920240071835794993e+01,1.047210671999094522e+01,5.854943392586921647e+01,1.808600724977975638e-01,0.000000000000000000e+00,5.985000000000000142e+01,5.634799999999999898e+01,5.000000000000000000e+01,0.000000000000000000e+00
6.600000000000000000e+02,6.906939203374734859e+01,1.037641642443419343e+01,5.861152428372674450e+01,8.145132558641231257e-02,0.000000000000000000e+00,5.985000000000000142e+01,5.638000000000000256e+01,5.000000000000000000e+01,0.000000000000000000e+00
6.610000000000000000e+02,6.837095665288045154e+01,9.990664920471084898e+00,5.867130638332385928e+01,-2.910146509144956317e-01,0.000000000000000000e+00,5.985000000000000142e+01,5.650900000000000034e+01,5.000000000000000000e+01,0.000000000000000000e+00
6.620000000000000000e+02,6.844344424334271082e+01,9.990664920471084898e+00,5.873108848292097406e+01,-2.783091600493496909e-01,0.000000000000000000e+00,5.985000000000000142e+01,5.650900000000000034e+01,5.000000000000000000e+01,0.000000000000000000e+00
6.630000000000000000e+02,6.757063207624089785e+01,9.509223120951222796e+00,5.878798973306130193e+01,-7.265807777716334348e-01,0.000000000000000000e+00,5.985000000000000142e+01,5.667000000000000171e+01,5.000000000000000000e+01,0.000000000000000000e+00
6.640000000000000000e+02,6.765925532184007807e+01,9.509223120951222796e+00,5.884489098320162981e+01,-6.948587823127845287e-01,0.000000000000000000e+00,5.985000000000000142e+01,5.667000000000000171e+01,5.000000000000000000e+01,0.000000000000000000e+00
6.650000000000000000e+02,6.661397315026775345e+01,8.932091025874630219e+00,5.889833879268878292e+01,-1.216456668295663679e+00,0.000000000000000000e+00,5.985000000000000142e+01,5.686299999999999955e+01,5.000000000000000000e+01,0.000000000000000000e+00
6.660000000000000000e+02,6.785305104273291477e+01,9.509223120951222796e+00,5.895524004282911079e+01,-6.114121210474278145e-01,0.000000000000000000e+00,5.985000000000000142e+01,5.667000000000000171e+01,5.000000000000000000e+01,0.000000000000000000e+00
6.670000000000000000e+02,6.736745188778188265e+01,9.219161912544844739e+00,5.901040562590540617e+01,-8.621156506683711473e-01,0.000000000000000000e+00,5.985000000000000142e+01,5.676700000000000301e+01,5.000000000000000000e+01,0.000000000000000000e+00
6.680000000000000000e+02,6.802945104125319631e+01,9.509223120951222796e+00,5.906730687604573404e+01,-5.470789557437514272e-01,0.000000000000000000e+00,5.985000000000000142e+01,5.667000000000000171e+01,5.000000000000000000e+01,0.000000000000000000e+00
6.690000000000000000e+02,6.811023736608950685e+01,9.509223120951222796e+00,5.912420812618606192e+01,-5.231938810477764212e-01,0.000000000000000000e+00,5.985000000000000142e+01,5.667000000000000171e+01,5.000000000000000000e+01,0.000000000000000000e+00
6.700000000000000000e+02,6.818998088570135963e+01,9.509223120951222796e+00,5.918110937632638979e+01,-5.003516115762443039e-01,0.000000000000000000e+00,5.985000000000000142e+01,5.667000000000000171e+01,5.000000000000000000e+01,0.000000000000000000e+00
6.710000000000000000e+02,6.845650254087733799e+01,9.604913416507974588e+00,5.923858321766309842e+01,-3.869940932937389610e-01,0.000000000000000000e+00,5.985000000000000142e+01,5.663799999999999812e+01,5.000000000000000000e+01,0.000000000000000000e+00
6.720000000000000000e+02,6.834309685401063916e+01,9.509223120951222796e+00,5.929548446780342630e+01,-4.616107347440171482e-01,0.000000000000000000e+00,5.985000000000000142e+01,5.667000000000000171e+01,5.000000000000000000e+01,0.000000000000000000e+00
6.730000000000000000e+02,6.842015169763882909e+01,9.509223120951222796e+00,5.935238571794375417e+01,-4.414571412561530961e-01,0.000000000000000000e+00,5.985000000000000142e+01,5.667000000000000171e+01,5.000000000000000000e+01,0.000000000000000000e+00
6.740000000000000000e+02,6.717016279791936029e+01,8.833410408581736206e+00,5.940524304275964340e+01,-1.068490653422024206e+00,0.000000000000000000e+00,5.985000000000000142e+01,5.689600000000000080e+01,5.000000000000000000e+01,0.000000000000000000e+00
6.750000000000000000e+02,6.746331305236175524e+01,8.932091025874630219e+00,5.945869085224679651e+01,-9.274688257596707119e-01,0.000000000000000000e+00,5.985000000000000142e+01,5.686299999999999955e+01,5.000000000000000000e+01,0.000000000000000000e+00
6.760000000000000000e+02,6.661250844040341690e+01,8.450649226354768118e+00,5.950925781227716271e+01,-1.347398598228510380e+00,0.000000000000000000e+00,5.985000000000000142e+01,5.702400000000000091e+01,5.000000000000000000e+01,0.000000000000000000e+00
6.770000000000000000e+02,6.634048304954984587e+01,8.256278313505143629e+00,5.955866169643988428e+01,-1.474456960395182703e+00,0.000000000000000000e+00,5.985000000000000142e+01,5.708899999999999864e+01,5.000000000000000000e+01,0.000000000000000000e+00
6.780000000000000000e+02,6.550951562177861831e+01,7.774836513985281528e+00,5.960518473114581184e+01,-1.870505623352471947e+00,0.000000000000000000e+00,5.985000000000000142e+01,5.725000000000000000e+01,5.000000000000000000e+01,0.000000000000000000e+00
6.790000000000000000e+02,6.526215276465043758e+01,7.583455922871797483e+00,5.965056258345897788e+01,-1.971865741680327355e+00,0.000000000000000000e+00,5.985000000000000142e+01,5.731400000000000006e+01,5.000000000000000000e+01,0.000000000000000000e+00
6.800000000000000000e+02,6.539362086049425216e+01,7.583455922871797483e+00,5.969594043577214393e+01,-1.885775498149685703e+00,0.000000000000000000e+00,5.985000000000000142e+01,5.731400000000000006e+01,5.000000000000000000e+01,0.000000000000000000e+00
6.810000000000000000e+02,6.552133031807252905e+01,7.583455922871797483e+00,5.974131828808530997e+01,-1.803443892884572852e+00,0.000000000000000000e+00,5.985000000000000142e+01,5.731400000000000006e+01,5.000000000000000000e+01,0.000000000000000000e+00
6.820000000000000000e+02,6.564544523683524346e+01,7.583455922871797483e+00,5.978669614039847602e+01,-1.724706826435019602e+00,0.000000000000000000e+00,5.985000000000000142e+01,5.731400000000000006e+01,5.000000000000000000e+01,0.000000000000000000e+00
6.830000000000000000e+02,6.576612255176813449e+01,7.583455922871797483e+00,5.983207399271164206e+01,-1.649407363815306393e+00,0.000000000000000000e+00,5.985000000000000142e+01,5.731400000000000006e+01,5.000000000000000000e+01,0.000000000000000000e+00
6.840000000000000000e+02,6.588351234618801300e+01,7.583455922871797483e+00,5.987745184502480811e+01,-1.577395421708593926e+00,0.000000000000000000e+00,5.985000000000000142e+01,5.731400000000000006e+01,5.000000000000000000e+01,0.000000000000000000e+00
6.850000000000000000e+02,6.599775815088179343e+01,7.583455922871797483e+00,5.992282969733797415e+01,-1.508527469327976211e+00,0.000000000000000000e+00,5.985000000000000142e+01,5.731400000000000006e+01,5.000000000000000000e+01,0.000000000000000000e+00
6.860000000000000000e+02,6.610899723018521001e+01,7.583455922871797483e+00,5.996820754965114020e+01,-1.442666242337725002e+00,0.000000000000000000e+00,5.985000000000000142e+01,5.731400000000000006e+01,5.000000000000000000e+01,0.000000000000000000e+00
6.870000000000000000e+02,6.564816663594410784e+01,7.293394714465419426e+00,6.001184973490028085e+01,-1.657077813421598211e+00,0.000000000000000000e+00,5.985000000000000142e+01,5.741100000000000136e+01,5.000000000000000000e+01,0.000000000000000000e+00
6.880000000000000000e+02,6.576415564962645988e+01,7.293394714465419426e+00,6.005549192014942150e+01,-1.584730984988379277e+00,0.000000000000000000e+00,5.985000000000000142e+01,5.741100000000000136e+01,5.000000000000000000e+01,0.000000000000000000e+00
6.890000000000000000e+02,6.568921064002539367e+01,7.197704418908688062e+00,6.009856151420218140e+01,-1.607055293085476455e+00,0.000000000000000000e+00,5.985000000000000142e+01,5.744299999999999784e+01,5.000000000000000000e+01,0.000000000000000000e+00
6.900000000000000000e+02,6.523324889553558137e+01,6.907643210502310893e+00,6.013989544119090880e+01,-1.814289756157632327e+00,0.000000000000000000e+00,5.985000000000000142e+01,5.753999999999999915e+01,5.000000000000000000e+01,0.000000000000000000e+00
6.910000000000000000e+02,6.478459919195533701e+01,6.617582002095932836e+00,6.017949370111561080e+01,-2.012476511256211520e+00,0.000000000000000000e+00,5.985000000000000142e+01,5.763700000000000045e+01,5.000000000000000000e+01,0.000000000000000000e+00
6.920000000000000000e+02,6.491206073247342090e+01,6.617582002095932836e+00,6.021909196104031281e+01,-1.924613230662825636e+00,0.000000000000000000e+00,5.985000000000000142e+01,5.763700000000000045e+01,5.000000000000000000e+01,0.000000000000000000e+00
6.930000000000000000e+02,6.484791081253933953e+01,6.521891706539201472e+00,6.025811762976863406e+01,-1.932098523768506437e+00,0.000000000000000000e+00,5.985000000000000142e+01,5.766899999999999693e+01,5.000000000000000000e+01,0.000000000000000000e+00
6.940000000000000000e+02,6.515906592925657037e+01,6.617582002095932836e+00,6.029771588969333607e+01,-1.756231962532701196e+00,0.000000000000000000e+00,5.985000000000000142e+01,5.763700000000000045e+01,5.000000000000000000e+01,0.000000000000000000e+00
6.950000000000000000e+02,6.527534001662472463e+01,6.617582002095932836e+00,6.033731414961803807e+01,-1.679556135089248281e+00,0.000000000000000000e+00,5.985000000000000142e+01,5.763700000000000045e+01,5.000000000000000000e+01,0.000000000000000000e+00
6.960000000000000000e+02,6.463129686009109776e+01,6.231830498132824303e+00,6.037460415128232682e+01,-1.975137789324050264e+00,0.000000000000000000e+00,5.985000000000000142e+01,5.776599999999999824e+01,5.000000000000000000e+01,0.000000000000000000e+00
6.970000000000000000e+02,6.456704454787792713e+01,6.136140202576071623e+00,6.041132156175023482e+01,-1.980417216448370432e+00,0.000000000000000000e+00,5.985000000000000142e+01,5.779800000000000182e+01,5.000000000000000000e+01,0.000000000000000000e+00
6.980000000000000000e+02,6.374548050818076206e+01,5.654698403056209521e+00,6.044515812276135591e+01,-2.354376017636811813e+00,0.000000000000000000e+00,5.985000000000000142e+01,5.795900000000000318e+01,5.000000000000000000e+01,0.000000000000000000e+00
6.990000000000000000e+02,6.445130165655926646e+01,5.944759611462587579e+00,6.048073035083650240e+01,-1.974188305739828397e+00,0.000000000000000000e+00,5.985000000000000142e+01,5.786200000000000188e+01,5.000000000000000000e+01,0.000000000000000000e+00
7.000000000000000000e+02,6.400387131001805585e+01,5.654698403056209521e+00,6.051456691184762349e+01,-2.165394004885786483e+00,0.000000000000000000e+00,5.985000000000000142e+01,5.795900000000000318e+01,5.000000000000000000e+01,0.000000000000000000e+00
7.010000000000000000e+02,6.413224741968096509e+01,5.654698403056209521e+00,6.054840347285874458e+01,-2.070854456233984564e+00,0.000000000000000000e+00,5.985000000000000142e+01,5.795900000000000318e+01,5.000000000000000000e+01,0.000000000000000000e+00
7.020000000000000000e+02,6.406872058781829082e+01,5.559008107499478157e+00,6.058166744267348491e+01,-2.071954962354669139e+00,0.000000000000000000e+00,5.985000000000000142e+01,5.799099999999999966e+01,5.000000000000000000e+01,0.000000000000000000e+00
7.030000000000000000e+02,6.381102581776062266e+01,5.364637194649853669e+00,6.061376833662057351e+01,-2.167379713509801853e+00,0.000000000000000000e+00,5.985000000000000142e+01,5.805599999999999739e+01,5.000000000000000000e+01,0.000000000000000000e+00
7.040000000000000000e+02,6.413139634927958355e+01,5.463317811942725477e+00,6.064645971523893309e+01,-1.978381177902079902e+00,0.000000000000000000e+00,5.985000000000000142e+01,5.802300000000000324e+01,5.000000000000000000e+01,0.000000000000000000e+00
7.050000000000000000e+02,6.405681903639319330e+01,5.364637194649853669e+00,6.067856060918602168e+01,-1.986378767442693816e+00,0.000000000000000000e+00,5.985000000000000142e+01,5.805599999999999739e+01,5.000000000000000000e+01,0.000000000000000000e+00
7.060000000000000000e+02,6.417564380216306574e+01,5.364637194649853669e+00,6.071066150313311027e+01,-1.899654895619902861e+00,0.000000000000000000e+00,5.985000000000000142e+01,5.805599999999999739e+01,5.000000000000000000e+01,0.000000000000000000e+00
7.070000000000000000e+02,6.315816180830147175e+01,4.787505099573238887e+00,6.073930895642703121e+01,-2.368652247698808111e+00,0.000000000000000000e+00,5.985000000000000142e+01,5.824900000000000233e+01,5.000000000000000000e+01,0.000000000000000000e+00
7.080000000000000000e+02,6.366577374461827787e+01,4.978885690686722931e+00,6.076910159211371365e+01,-2.082213538182158707e+00,0.000000000000000000e+00,5.985000000000000142e+01,5.818500000000000227e+01,5.000000000000000000e+01,0.000000000000000000e+00
7.090000000000000000e+02,6.359869891679923626e+01,4.883195395129991567e+00,6.079832163660401534e+01,-2.082818114934767095e+00,0.000000000000000000e+00,5.985000000000000142e+01,5.821699999999999875e+01,5.000000000000000000e+01,0.000000000000000000e+00
7.100000000000000000e+02,6.353107789317103737e+01,4.787505099573238887e+00,6.082696908989793627e+01,-2.083396296300141337e+00,0.000000000000000000e+00,5.985000000000000142e+01,5.824900000000000233e+01,5.000000000000000000e+01,0.000000000000000000e+00
7.110000000000000000e+02,6.402623575931188782e+01,4.978885690686722931e+00,6.085676172558461872e+01,-1.809411656959460935e+00,0.000000000000000000e+00,5.985000000000000142e+01,5.818500000000000227e+01,5.000000000000000000e+01,0.000000000000000000e+00
7.120000000000000000e+02,6.357169977176413056e+01,4.691814804016507523e+00,6.088483658768215889e+01,-2.004951619934528306e+00,0.000000000000000000e+00,5.985000000000000142e+01,5.828099999999999881e+01,5.000000000000000000e+01,0.000000000000000000e+00
7.130000000000000000e+02,6.368730938309882816e+01,4.691814804016507523e+00,6.091291144977969907e+01,-1.917416870697376430e+00,0.000000000000000000e+00,5.985000000000000142e+01,5.828099999999999881e+01,5.000000000000000000e+01,0.000000000000000000e+00
7.140000000000000000e+02,6.398687270274582772e+01,4.787505099573238887e+00,6.094155890307362000e+01,-1.742191299901036272e+00,0.000000000000000000e+00,5.985000000000000142e+01,5.824900000000000233e+01,5.000000000000000000e+01,0.000000000000000000e+00
7.150000000000000000e+02,6.390380756556584174e+01,4.691814804016507523e+00,6.096963376517116018e+01,-1.757641003621827958e+00,0.000000000000000000e+00,5.985000000000000142e+01,5.828099999999999881e+01,5.000000000000000000e+01,0.000000000000000000e+00
7.160000000000000000e+02,6.457194601081164365e+01,4.978885690686722931e+00,6.099942640085784262e+01,-1.406366080732917245e+00,0.000000000000000000e+00,5.985000000000000142e+01,5.818500000000000227e+01,5.000000000000000000e+01,0.000000000000000000e+00
7.170000000000000000e+02,6.466313958056007039e+01,4.978885690686722931e+00,6.102921903654452507e+01,-1.344965146671170508e+00,0.000000000000000000e+00,5.985000000000000142e+01,5.818500000000000227e+01,5.000000000000000000e+01,0.000000000000000000e+00
7.180000000000000000e+02,6.418832619159879016e+01,4.691814804016507523e+00,6.105729389864206524e+01,-1.560782511059785937e+00,0.000000000000000000e+00,5.985000000000000142e+01,5.828099999999999881e+01,5.000000000000000000e+01,0.000000000000000000e+00
7.190000000000000000e+02,6.466009452363847743e+01,4.883195395129991567e+00,6.108651394313236693e+01,-1.309614814623885959e+00,0.000000000000000000e+00,5.985000000000000142e+01,5.821699999999999875e+01,5.000000000000000000e+01,0.000000000000000000e+00
7.200000000000000000e+02,6.455871599866753741e+01,4.787505099573238887e+00,6.111516139642628787e+01,-1.343950497331991567e+00,0.000000000000000000e+00,5.985000000000000142e+01,5.824900000000000233e+01,5.000000000000000000e+01,0.000000000000000000e+00
7.210000000000000000e+02,6.445826395377252993e+01,4.691814804016507523e+00,6.114323625852382804e+01,-1.376787108767804302e+00,0.000000000000000000e+00,5.985000000000000142e+01,5.828099999999999881e+01,5.000000000000000000e+01,0.000000000000000000e+00
7.220000000000000000e+02,6.454644835323779262e+01,4.691814804016507523e+00,6.117131112062136822e+01,-1.316677571400080238e+00,0.000000000000000000e+00,5.985000000000000142e+01,5.828099999999999881e+01,5.000000000000000000e+01,0.000000000000000000e+00
7.230000000000000000e+02,6.519533465141006445e+01,4.978885690686722931e+00,6.120110375630805066e+01,-9.846547955846960409e-01,0.000000000000000000e+00,5.985000000000000142e+01,5.818500000000000227e+01,5.000000000000000000e+01,0.000000000000000000e+00
7.240000000000000000e+02,6.508034119635281911e+01,4.883195395129991567e+00,6.123032380079835235e+01,-1.033177999575526584e+00,0.000000000000000000e+00,5.985000000000000142e+01,5.821699999999999875e+01,5.000000000000000000e+01,0.000000000000000000e+00
7.250000000000000000e+02,6.496689363837151632e+01,4.787505099573238887e+00,6.125897125409227328e+01,-1.079582715293997630e+00,0.000000000000000000e+00,5.985000000000000142e+01,5.824900000000000233e+01,5.000000000000000000e+01,0.000000000000000000e+00
7.260000000000000000e+02,6.523045031110945047e+01,4.883195395129991567e+00,6.128819129858257497e+01,-9.409363826031187372e-01,0.000000000000000000e+00,5.985000000000000142e+01,5.821699999999999875e+01,5.000000000000000000e+01,0.000000000000000000e+00
7.270000000000000000e+02,6.548852637563277312e+01,4.978885690686722931e+00,6.131798393426925742e+01,-8.083432493231981208e-01,0.000000000000000000e+00,5.985000000000000142e+01,5.818500000000000227e+01,5.000000000000000000e+01,0.000000000000000000e+00
7.280000000000000000e+02,6.517805987230305220e+01,4.787505099573238887e+00,6.134663138756317835e+01,-9.560766148333603720e-01,0.000000000000000000e+00,5.985000000000000142e+01,5.824900000000000233e+01,5.000000000000000000e+01,0.000000000000000000e+00
7.290000000000000000e+02,6.524844894464595768e+01,4.787505099573238887e+00,6.137527884085709928e+01,-9.143349957843799336e-01,0.000000000000000000e+00,5.985000000000000142e+01,5.824900000000000233e+01,5.000000000000000000e+01,0.000000000000000000e+00
7.300000000000000000e+02,6.569256643317068267e+01,4.978885690686722931e+00,6.140507147654378173e+01,-6.913907340598176576e-01,0.000000000000000000e+00,5.985000000000000142e+01,5.818500000000000227e+01,5.000000000000000000e+01,0.000000000000000000e+00
7.310000000000000000e+02,6.537699386693428494e+01,4.787505099573238887e+00,6.143371892983770266e+01,-8.442301624766591628e-01,0.000000000000000000e+00,5.985000000000000142e+01,5.824900000000000233e+01,5.000000000000000000e+01,0.000000000000000000e+00
7.320000000000000000e+02,6.581805062873479528e+01,4.978885690686722931e+00,6.146351156552438511e+01,-6.243466274763178614e-01,0.000000000000000000e+00,5.985000000000000142e+01,5.818500000000000227e+01,5.000000000000000000e+01,0.000000000000000000e+00
7.330000000000000000e+02,6.549955096490697315e+01,4.787505099573238887e+00,6.149215901881830604e+01,-7.801131534845752169e-01,0.000000000000000000e+00,5.985000000000000142e+01,5.824900000000000233e+01,5.000000000000000000e+01,0.000000000000000000e+00
7.340000000000000000e+02,6.593780842409680076e+01,4.978885690686722931e+00,6.152195165450498848e+01,-5.630289210949082079e-01,0.000000000000000000e+00,5.985000000000000142e+01,5.818500000000000227e+01,5.000000000000000000e+01,0.000000000000000000e+00
7.350000000000000000e+02,6.599218249852309270e+01,4.978885690686722931e+00,6.155174429019167093e+01,-5.384474823552959366e-01,0.000000000000000000e+00,5.985000000000000142e+01,5.818500000000000227e+01,5.000000000000000000e+01,0.000000000000000000e+00
7.360000000000000000e+02,6.585770795230983765e+01,4.883195395129991567e+00,6.158096433468197262e+01,-6.064517775021287527e-01,0.000000000000000000e+00,5.985000000000000142e+01,5.821699999999999875e+01,5.000000000000000000e+01,0.000000000000000000e+00
7.370000000000000000e+02,6.629482405326281480e+01,5.077566307979616944e+00,6.161134745503991894e+01,-3.940897097567244156e-01,0.000000000000000000e+00,5.985000000000000142e+01,5.815200000000000102e+01,5.000000000000000000e+01,0.000000000000000000e+00
7.380000000000000000e+02,6.614876945329561408e+01,4.978885690686722931e+00,6.164114009072660139e+01,-4.712563281177106767e-01,0.000000000000000000e+00,5.985000000000000142e+01,5.818500000000000227e+01,5.000000000000000000e+01,0.000000000000000000e+00
7.390000000000000000e+02,6.714974982875078524e+01,5.463317811942725477e+00,6.167383146934496096e+01,1.260054746308791884e-02,0.000000000000000000e+00,5.985000000000000142e+01,5.802300000000000324e+01,5.000000000000000000e+01,0.000000000000000000e+00
7.400000000000000000e+02,6.623127804991305823e+01,4.978885690686722931e+00,6.170362410503164341e+01,-4.512317458053037855e-01,0.000000000000000000e+00,5.985000000000000142e+01,5.818500000000000227e+01,5.000000000000000000e+01,0.000000000000000000e+00
7.410000000000000000e+02,6.647441453418340984e+01,5.077566307979616944e+00,6.173400722538958973e+01,-3.371589991858098267e-01,0.000000000000000000e+00,5.985000000000000142e+01,5.815200000000000102e+01,5.000000000000000000e+01,0.000000000000000000e+00
7.420000000000000000e+02,6.576254814225684697e+01,4.691814804016507523e+00,6.176208208748712991e+01,-6.913487492467921269e-01,0.000000000000000000e+00,5.985000000000000142e+01,5.828099999999999881e+01,5.000000000000000000e+01,0.000000000000000000e+00
7.430000000000000000e+02,6.619635762004691060e+01,4.883195395129991567e+00,6.179130213197743160e+01,-4.781399070605022450e-01,0.000000000000000000e+00,5.985000000000000142e+01,5.821699999999999875e+01,5.000000000000000000e+01,0.000000000000000000e+00
7.440000000000000000e+02,6.605867749716864523e+01,4.787505099573238887e+00,6.181994958527135253e+01,-5.487771876759537371e-01,0.000000000000000000e+00,5.985000000000000142e+01,5.824900000000000233e+01,5.000000000000000000e+01,0.000000000000000000e+00
7.450000000000000000e+02,6.592350875608568117e+01,4.691814804016507523e+00,6.184802444736889271e+01,-6.163304952997225028e-01,0.000000000000000000e+00,5.985000000000000142e+01,5.828099999999999881e+01,5.000000000000000000e+01,0.000000000000000000e+00
7.460000000000000000e+02,6.616626757807101455e+01,4.787505099573238887e+00,6.187667190066281364e+01,-4.979094221650406382e-01,0.000000000000000000e+00,5.985000000000000142e+01,5.824900000000000233e+01,5.000000000000000000e+01,0.000000000000000000e+00
7.470000000000000000e+02,6.621665339950244800e+01,4.787505099573238887e+00,6.190531935395673457e+01,-4.761710540275315151e-01,0.000000000000000000e+00,5.985000000000000142e+01,5.824900000000000233e+01,5.000000000000000000e+01,0.000000000000000000e+00
7.480000000000000000e+02,6.645386555203820933e+01,4.883195395129991567e+00,6.193453939844703626e+01,-3.638692415388199430e-01,0.000000000000000000e+00,5.985000000000000142e+01,5.821699999999999875e+01,5.000000000000000000e+01,0.000000000000000000e+00
7.490000000000000000e+02,6.612342104122824082e+01,4.691814804016507523e+00,6.196261426054457644e+01,-5.310080233328464683e-01,0.000000000000000000e+00,5.985000000000000142e+01,5.828099999999999881e+01,5.000000000000000000e+01,0.000000000000000000e+00
7.500000000000000000e+02,6.655023015796429320e+01,4.883195395129991567e+00,6.199183430503487813e+01,-3.247995422005747201e-01,0.000000000000000000e+00,5.985000000000000142e+01,5.821699999999999875e+01,5.000000000000000000e+01,0.000000000000000000e+00
7.510000000000000000e+02,6.621807989211248469e+01,4.691814804016507523e+00,6.201990916713241830e+01,-4.936440790364390319e-01,0.000000000000000000e+00,5.985000000000000142e+01,5.828099999999999881e+01,5.000000000000000000e+01,0.000000000000000000e+00
7.520000000000000000e+02,6.664325772584801655e+01,4.883195395129991567e+00,6.204912921162271999e+01,-2.890668809047035603e-01,0.000000000000000000e+00,5.985000000000000142e+01,5.821699999999999875e+01,5.000000000000000000e+01,0.000000000000000000e+00
7.530000000000000000e+02,6.649732281030165382e+01,4.787505099573238887e+00,6.207777666491664093e+01,-3.679589541882184456e-01,0.000000000000000000e+00,5.985000000000000142e+01,5.824900000000000233e+01,5.000000000000000000e+01,0.000000000000000000e+00
7.540000000000000000e+02,6.635425967487596211e+01,4.691814804016507523e+00,6.210585152701418110e+01,-4.434066561547148067e-01,0.000000000000000000e+00,5.985000000000000142e+01,5.828099999999999881e+01,5.000000000000000000e+01,0.000000000000000000e+00
7.550000000000000000e+02,6.640169335345100876e+01,4.691814804016507523e+00,6.213392638911172128e+01,-4.240478396772107139e-01,0.000000000000000000e+00,5.985000000000000142e+01,5.828099999999999881e+01,5.000000000000000000e+01,0.000000000000000000e+00
7.560000000000000000e+02,6.644828183998798465e+01,4.691814804016507523e+00,6.216200125120926145e+01,-4.055342152377777176e-01,0.000000000000000000e+00,5.985000000000000142e+01,5.828099999999999881e+01,5.000000000000000000e+01,0.000000000000000000e+00
7.570000000000000000e+02,6.668183744762546894e+01,4.787505099573238887e+00,6.219064870450318239e+01,-2.963163564509559422e-01,0.000000000000000000e+00,5.985000000000000142e+01,5.824900000000000233e+01,5.000000000000000000e+01,0.000000000000000000e+00
7.580000000000000000e+02,6.672342186044444645e+01,4.787505099573238887e+00,6.221929615779710332e+01,-2.833793969258937007e-01,0.000000000000000000e+00,5.985000000000000142e+01,5.824900000000000233e+01,5.000000000000000000e+01,0.000000000000000000e+00
7.590000000000000000e+02,6.657666604223183526e+01,4.691814804016507523e+00,6.224737101989464350e+01,-3.625197816793137573e-01,0.000000000000000000e+00,5.985000000000000142e+01,5.828099999999999881e+01,5.000000000000000000e+01,0.000000000000000000e+00
7.600000000000000000e+02,6.662056825790104142e+01,4.691814804016507523e+00,6.227544588199218367e+01,-3.466924281076390058e-01,0.000000000000000000e+00,5.985000000000000142e+01,5.828099999999999881e+01,5.000000000000000000e+01,0.000000000000000000e+00
7.610000000000000000e+02,6.685155487532954055e+01,4.787505099573238887e+00,6.230409333528610460e+01,-2.400435595298032743e-01,0.000000000000000000e+00,5.985000000000000142e+01,5.824900000000000233e+01,5.000000000000000000e+01,0.000000000000000000e+00
7.620000000000000000e+02,6.670290704554830086e+01,4.691814804016507523e+00,6.233216819738364478e+01,-3.210759558518479495e-01,0.000000000000000000e+00,5.985000000000000142e+01,5.828099999999999881e+01,5.000000000000000000e+01,0.000000000000000000e+00
7.630000000000000000e+02,6.674499985351651787e+01,4.691814804016507523e+00,6.236024305948118496e+01,-3.070580099811699437e-01,0.000000000000000000e+00,5.985000000000000142e+01,5.828099999999999881e+01,5.000000000000000000e+01,0.000000000000000000e+00
7.640000000000000000e+02,6.678648064802546003e+01,4.691814804016507523e+00,6.238831792157872513e+01,-2.936520775697742391e-01,0.000000000000000000e+00,5.985000000000000142e+01,5.828099999999999881e+01,5.000000000000000000e+01,0.000000000000000000e+00
7.650000000000000000e+02,6.644595734217679706e+01,4.497443891166883034e+00,6.241522970780861357e+01,-4.667162567987037658e-01,0.000000000000000000e+00,5.985000000000000142e+01,5.834599999999999653e+01,5.000000000000000000e+01,0.000000000000000000e+00
7.660000000000000000e+02,6.611769480000319277e+01,4.306063300053398990e+00,6.244099631164574049e+01,-6.293648116959549288e-01,0.000000000000000000e+00,5.985000000000000142e+01,5.840999999999999659e+01,5.000000000000000000e+01,0.000000000000000000e+00
7.670000000000000000e+02,6.692790865225774155e+01,4.691814804016507523e+00,6.246907117374328067e+01,-2.329773255020505807e-01,0.000000000000000000e+00,5.985000000000000142e+01,5.828099999999999881e+01,5.000000000000000000e+01,0.000000000000000000e+00
7.680000000000000000e+02,6.677837972457221838e+01,4.596124508459754843e+00,6.249657344464444009e+01,-3.143182285319684466e-01,0.000000000000000000e+00,5.985000000000000142e+01,5.831300000000000239e+01,5.000000000000000000e+01,0.000000000000000000e+00
7.690000000000000000e+02,6.700738031647836124e+01,4.691814804016507523e+00,6.252464830674198026e+01,-2.090827942801248840e-01,0.000000000000000000e+00,5.985000000000000142e+01,5.828099999999999881e+01,5.000000000000000000e+01,0.000000000000000000e+00
7.700000000000000000e+02,6.590619514410894908e+01,4.111692387203752297e+00,6.254925183471146255e+01,-7.547490778062702077e-01,0.000000000000000000e+00,5.985000000000000142e+01,5.847500000000000142e+01,5.000000000000000000e+01,0.000000000000000000e+00
7.710000000000000000e+02,6.596375047530692370e+01,4.111692387203752297e+00,6.257385536268094484e+01,-7.217972745777708754e-01,0.000000000000000000e+00,5.985000000000000142e+01,5.847500000000000142e+01,5.000000000000000000e+01,0.000000000000000000e+00
7.720000000000000000e+02,6.564431632909661118e+01,3.920311796090268253e+00,6.259731370825766561e+01,-8.733091752513268968e-01,0.000000000000000000e+00,5.985000000000000142e+01,5.853900000000000148e+01,5.000000000000000000e+01,0.000000000000000000e+00
7.730000000000000000e+02,6.683842318430249918e+01,4.497443891166883034e+00,6.262422549448755404e+01,-2.832462013519448929e-01,0.000000000000000000e+00,5.985000000000000142e+01,5.834599999999999653e+01,5.000000000000000000e+01,0.000000000000000000e+00
7.740000000000000000e+02,6.631437505848138869e+01,4.210373004496646310e+00,6.264941950712830021e+01,-5.454174531435529438e-01,0.000000000000000000e+00,5.985000000000000142e+01,5.844200000000000017e+01,5.000000000000000000e+01,0.000000000000000000e+00
7.750000000000000000e+02,6.655115701846729337e+01,4.306063300053398990e+00,6.267518611096542713e+01,-4.300923925515307555e-01,0.000000000000000000e+00,5.985000000000000142e+01,5.840999999999999659e+01,5.000000000000000000e+01,0.000000000000000000e+00
7.760000000000000000e+02,6.659570114758557224e+01,4.306063300053398990e+00,6.270095271480255406e+01,-4.113148672703799136e-01,0.000000000000000000e+00,5.985000000000000142e+01,5.840999999999999659e+01,5.000000000000000000e+01,0.000000000000000000e+00
7.770000000000000000e+02,6.663942546342235573e+01,4.306063300053398990e+00,6.272671931863968098e+01,-3.933571552707253449e-01,0.000000000000000000e+00,5.985000000000000142e+01,5.840999999999999659e+01,5.000000000000000000e+01,0.000000000000000000e+00
7.780000000000000000e+02,6.649459034577670025e+01,4.210373004496646310e+00,6.275191333128042714e+01,-4.676959900003834214e-01,0.000000000000000000e+00,5.985000000000000142e+01,5.844200000000000017e+01,5.000000000000000000e+01,0.000000000000000000e+00
7.790000000000000000e+02,6.634656023547755410e+01,4.111692387203752297e+00,6.277651685924990943e+01,-5.416490109761028515e-01,0.000000000000000000e+00,5.985000000000000142e+01,5.847500000000000142e+01,5.000000000000000000e+01,0.000000000000000000e+00
7.800000000000000000e+02,6.715178140293838283e+01,4.497443891166883034e+00,6.280342864547979786e+01,-1.490911337083023480e-01,0.000000000000000000e+00,5.985000000000000142e+01,5.834599999999999653e+01,5.000000000000000000e+01,0.000000000000000000e+00
7.810000000000000000e+02,6.699742698843716937e+01,4.401753595610130354e+00,6.282976784051330554e+01,-2.340944476862535928e-01,0.000000000000000000e+00,5.985000000000000142e+01,5.837800000000000011e+01,5.000000000000000000e+01,0.000000000000000000e+00
7.820000000000000000e+02,6.665843575378011110e+01,4.210373004496646310e+00,6.285496185315405171e+01,-4.068991038705850882e-01,0.000000000000000000e+00,5.985000000000000142e+01,5.844200000000000017e+01,5.000000000000000000e+01,0.000000000000000000e+00
7.830000000000000000e+02,6.707694551467986344e+01,4.401753595610130354e+00,6.288130104818755939e+01,-2.061091291178227258e-01,0.000000000000000000e+00,5.985000000000000142e+01,5.837800000000000011e+01,5.000000000000000000e+01,0.000000000000000000e+00
7.840000000000000000e+02,6.673673246109267154e+01,4.210373004496646310e+00,6.290649506082830555e+01,-3.801356042322735496e-01,0.000000000000000000e+00,5.985000000000000142e+01,5.844200000000000017e+01,5.000000000000000000e+01,0.000000000000000000e+00
7.850000000000000000e+02,6.696629833413959432e+01,4.306063300053398990e+00,6.293226166466543248e+01,-2.720266305792339856e-01,0.000000000000000000e+00,5.985000000000000142e+01,5.840999999999999659e+01,5.000000000000000000e+01,0.000000000000000000e+00
7.860000000000000000e+02,6.700394142549733090e+01,4.306063300053398990e+00,6.295802826850255940e+01,-2.601501430586232733e-01,0.000000000000000000e+00,5.985000000000000142e+01,5.840999999999999659e+01,5.000000000000000000e+01,0.000000000000000000e+00
7.870000000000000000e+02,6.628409636564282437e+01,3.920311796090268253e+00,6.298148661407928017e+01,-6.177020445267272786e-01,0.000000000000000000e+00,5.985000000000000142e+01,5.853900000000000148e+01,5.000000000000000000e+01,0.000000000000000000e+00
7.880000000000000000e+02,6.595310433233510139e+01,3.725940883240643320e+00,6.300378188378834921e+01,-7.766184346938884708e-01,0.000000000000000000e+00,5.985000000000000142e+01,5.860399999999999920e+01,5.000000000000000000e+01,0.000000000000000000e+00
7.890000000000000000e+02,6.582153079304318055e+01,3.630250587683890640e+00,6.302550456230103748e+01,-8.342243569417420179e-01,0.000000000000000000e+00,5.985000000000000142e+01,5.863600000000000279e+01,5.000000000000000000e+01,0.000000000000000000e+00
7.900000000000000000e+02,6.550412428312921520e+01,3.438869996570406595e+00,6.304608205842096424e+01,-9.808277718621524199e-01,0.000000000000000000e+00,5.985000000000000142e+01,5.870000000000000284e+01,5.000000000000000000e+01,0.000000000000000000e+00
7.910000000000000000e+02,6.537974860339524241e+01,3.343179701013675675e+00,6.306608696334451025e+01,-1.029518060962941073e+00,0.000000000000000000e+00,5.985000000000000142e+01,5.873199999999999932e+01,5.000000000000000000e+01,0.000000000000000000e+00
7.920000000000000000e+02,6.582025235353509629e+01,3.534560292127159276e+00,6.308723705066081777e+01,-8.015449892528785369e-01,0.000000000000000000e+00,5.985000000000000142e+01,5.866799999999999926e+01,5.000000000000000000e+01,0.000000000000000000e+00
7.930000000000000000e+02,6.511942768771100987e+01,3.148808788164050299e+00,6.310607887971671914e+01,-1.135459980169750027e+00,0.000000000000000000e+00,5.985000000000000142e+01,5.879699999999999704e+01,5.000000000000000000e+01,0.000000000000000000e+00
7.940000000000000000e+02,6.575703710447204742e+01,3.438869996570406595e+00,6.312665637583664591e+01,-8.084892679350061950e-01,0.000000000000000000e+00,5.985000000000000142e+01,5.870000000000000284e+01,5.000000000000000000e+01,0.000000000000000000e+00
7.950000000000000000e+02,6.448674881004907888e+01,2.763057284200920005e+00,6.314318994663213402e+01,-1.419498420783987136e+00,0.000000000000000000e+00,5.985000000000000142e+01,5.892600000000000193e+01,5.000000000000000000e+01,0.000000000000000000e+00
7.960000000000000000e+02,6.513445088307838660e+01,3.053118492607297618e+00,6.316145918449165464e+01,-1.080126794020576764e+00,0.000000000000000000e+00,5.985000000000000142e+01,5.882900000000000063e+01,5.000000000000000000e+01,0.000000000000000000e+00
7.970000000000000000e+02,6.463068346218064164e+01,2.763057284200920005e+00,6.317799275528714276e+01,-1.310366577307422453e+00,0.000000000000000000e+00,5.985000000000000142e+01,5.892600000000000193e+01,5.000000000000000000e+01,0.000000000000000000e+00
7.980000000000000000e+02,6.527362091722240223e+01,3.053118492607297618e+00,6.319626199314666337e+01,-9.757595685315629819e-01,0.000000000000000000e+00,5.985000000000000142e+01,5.882900000000000063e+01,5.000000000000000000e+01,0.000000000000000000e+00
7.990000000000000000e+02,6.457752148547939441e+01,2.667366988644188641e+00,6.321222297274577073e+01,-1.302068475910561629e+00,0.000000000000000000e+00,5.985000000000000142e+01,5.895799999999999841e+01,5.000000000000000000e+01,0.000000000000000000e+00
8.000000000000000000e+02,6.502588066586514515e+01,2.858747579757672685e+00,6.322932913473763961e+01,-1.062196048630163148e+00,0.000000000000000000e+00,5.985000000000000142e+01,5.889399999999999835e+01,5.000000000000000000e+01,0.000000000000000000e+00
8.010000000000000000e+02,6.508936154524823792e+01,2.858747579757672685e+00,6.324643529672950848e+01,-1.015821331238941916e+00,0.000000000000000000e+00,5.985000000000000142e+01,5.889399999999999835e+01,5.000000000000000000e+01,0.000000000000000000e+00
8.020000000000000000e+02,6.515081773774241469e+01,2.858747579757672685e+00,6.326354145872137735e+01,-9.714713007366326813e-01,0.000000000000000000e+00,5.985000000000000142e+01,5.889399999999999835e+01,5.000000000000000000e+01,0.000000000000000000e+00
8.030000000000000000e+02,6.577953185935207614e+01,3.148808788164050299e+00,6.328238328777727872e+01,-6.516602165892426690e-01,0.000000000000000000e+00,5.985000000000000142e+01,5.879699999999999704e+01,5.000000000000000000e+01,0.000000000000000000e+00
8.040000000000000000e+02,6.525763048629124796e+01,2.858747579757672685e+00,6.329948944976914760e+01,-9.006065432355623290e-01,0.000000000000000000e+00,5.985000000000000142e+01,5.889399999999999835e+01,5.000000000000000000e+01,0.000000000000000000e+00
8.050000000000000000e+02,6.588325070343165635e+01,3.148808788164050299e+00,6.331833127882504897e+01,-5.838893635574533558e-01,0.000000000000000000e+00,5.985000000000000142e+01,5.879699999999999704e+01,5.000000000000000000e+01,0.000000000000000000e+00
8.060000000000000000e+02,6.535839050355089341e+01,2.858747579757672685e+00,6.333543744081691784e+01,-8.357945170237035537e-01,0.000000000000000000e+00,5.985000000000000142e+01,5.889399999999999835e+01,5.000000000000000000e+01,0.000000000000000000e+00
8.070000000000000000e+02,6.522421144183932995e+01,2.763057284200920005e+00,6.335197101161240596e+01,-8.908168539739993452e-01,0.000000000000000000e+00,5.985000000000000142e+01,5.892600000000000193e+01,5.000000000000000000e+01,0.000000000000000000e+00
8.080000000000000000e+02,6.527963743734649427e+01,2.763057284200920005e+00,6.336850458240789408e+01,-8.519244292623302517e-01,0.000000000000000000e+00,5.985000000000000142e+01,5.892600000000000193e+01,5.000000000000000000e+01,0.000000000000000000e+00
8.090000000000000000e+02,6.514559000483421869e+01,2.667366988644188641e+00,6.338446556200700144e+01,-9.062425458169677261e-01,0.000000000000000000e+00,5.985000000000000142e+01,5.895799999999999841e+01,5.000000000000000000e+01,0.000000000000000000e+00
8.100000000000000000e+02,6.538889229644399848e+01,2.763057284200920005e+00,6.340099913280248956e+01,-7.751641205594030914e-01,0.000000000000000000e+00,5.985000000000000142e+01,5.892600000000000193e+01,5.000000000000000000e+01,0.000000000000000000e+00
8.110000000000000000e+02,6.582068778355434802e+01,2.957428197050566254e+00,6.341869577946562941e+01,-5.554361929618523153e-01,0.000000000000000000e+00,5.985000000000000142e+01,5.886099999999999710e+01,5.000000000000000000e+01,0.000000000000000000e+00
8.120000000000000000e+02,6.586263437589434488e+01,2.957428197050566254e+00,6.343639242612876927e+01,-5.311862472849876449e-01,0.000000000000000000e+00,5.985000000000000142e+01,5.886099999999999710e+01,5.000000000000000000e+01,0.000000000000000000e+00
8.130000000000000000e+02,6.570987883869840118e+01,2.858747579757672685e+00,6.345349858812063815e+01,-6.023673291799068741e-01,0.000000000000000000e+00,5.985000000000000142e+01,5.889399999999999835e+01,5.000000000000000000e+01,0.000000000000000000e+00
8.140000000000000000e+02,6.575328392610281014e+01,2.858747579757672685e+00,6.347060475011250702e+01,-5.760684037673635682e-01,0.000000000000000000e+00,5.985000000000000142e+01,5.889399999999999835e+01,5.000000000000000000e+01,0.000000000000000000e+00
8.150000000000000000e+02,6.541998999597115017e+01,2.667366988644188641e+00,6.348656572971161438e+01,-7.339427223846597403e-01,0.000000000000000000e+00,5.985000000000000142e+01,5.895799999999999841e+01,5.000000000000000000e+01,0.000000000000000000e+00
8.160000000000000000e+02,6.565576980090953896e+01,2.763057284200920005e+00,6.350309930050710250e+01,-6.103867837984917610e-01,0.000000000000000000e+00,5.985000000000000142e+01,5.892600000000000193e+01,5.000000000000000000e+01,0.000000000000000000e+00
8.170000000000000000e+02,6.551117700809190580e+01,2.667366988644188641e+00,6.351906028010620986e+01,-6.752502606584814826e-01,0.000000000000000000e+00,5.985000000000000142e+01,5.895799999999999841e+01,5.000000000000000000e+01,0.000000000000000000e+00
8.180000000000000000e+02,6.574439434226131596e+01,2.763057284200920005e+00,6.353559385090169798e+01,-5.542567928412989176e-01,0.000000000000000000e+00,5.985000000000000142e+01,5.892600000000000193e+01,5.000000000000000000e+01,0.000000000000000000e+00
8.190000000000000000e+02,6.559735095431000218e+01,2.667366988644188641e+00,6.355155483050080534e+01,-6.215708648349915766e-01,0.000000000000000000e+00,5.985000000000000142e+01,5.895799999999999841e+01,5.000000000000000000e+01,0.000000000000000000e+00
8.200000000000000000e+02,6.564044927191042689e+01,2.667366988644188641e+00,6.356751581009991270e+01,-5.944335268336748967e-01,0.000000000000000000e+00,5.985000000000000142e+01,5.895799999999999841e+01,5.000000000000000000e+01,0.000000000000000000e+00
8.210000000000000000e+02,6.511316857317640938e+01,2.377305780237811028e+00,6.358174112263499467e+01,-8.458783296963878762e-01,0.000000000000000000e+00,5.985000000000000142e+01,5.905499999999999972e+01,5.000000000000000000e+01,0.000000000000000000e+00
8.220000000000000000e+02,6.554574313366202887e+01,2.571676693087435961e+00,6.359712951103772127e+01,-6.230630704631386907e-01,0.000000000000000000e+00,5.985000000000000142e+01,5.899000000000000199e+01,5.000000000000000000e+01,0.000000000000000000e+00
8.230000000000000000e+02,6.520691520172633204e+01,2.377305780237811028e+00,6.361135482357280324e+01,-7.817454020842822260e-01,0.000000000000000000e+00,5.985000000000000142e+01,5.905499999999999972e+01,5.000000000000000000e+01,0.000000000000000000e+00
8.240000000000000000e+02,6.563668976460571969e+01,2.571676693087435961e+00,6.362674321197552985e+01,-5.617301404572363488e-01,0.000000000000000000e+00,5.985000000000000142e+01,5.899000000000000199e+01,5.000000000000000000e+01,0.000000000000000000e+00
8.250000000000000000e+02,6.510740866828979279e+01,2.281615484681058348e+00,6.364039593331423106e+01,-8.146027497055023936e-01,0.000000000000000000e+00,5.985000000000000142e+01,5.908700000000000330e+01,5.000000000000000000e+01,0.000000000000000000e+00
8.260000000000000000e+02,6.591359599351710585e+01,2.667366988644188641e+00,6.365635691291333842e+01,-4.101279080404257038e-01,0.000000000000000000e+00,5.985000000000000142e+01,5.895799999999999841e+01,5.000000000000000000e+01,0.000000000000000000e+00
8.270000000000000000e+02,6.613523827598808680e+01,2.763057284200920005e+00,6.367289048370882654e+01,-3.007094919216691808e-01,0.000000000000000000e+00,5.985000000000000142e+01,5.892600000000000193e+01,5.000000000000000000e+01,0.000000000000000000e+00
8.280000000000000000e+02,6.654631941441823528e+01,2.957428197050566254e+00,6.369058713037196640e+01,-1.016959130042956738e-01,0.000000000000000000e+00,5.985000000000000142e+01,5.886099999999999710e+01,5.000000000000000000e+01,0.000000000000000000e+00
8.290000000000000000e+02,6.751320107662820647e+01,3.438869996570406595e+00,6.371116462649189316e+01,3.631664535659039350e-01,0.000000000000000000e+00,5.985000000000000142e+01,5.870000000000000284e+01,5.000000000000000000e+01,0.000000000000000000e+00
8.300000000000000000e+02,6.713650417897900979e+01,3.244499083720781663e+00,6.373057904674417529e+01,1.614260485140522616e-01,0.000000000000000000e+00,5.985000000000000142e+01,5.876500000000000057e+01,5.000000000000000000e+01,0.000000000000000000e+00
8.310000000000000000e+02,6.696109544111065759e+01,3.148808788164050299e+00,6.374942087580007666e+01,6.286577714652187565e-02,0.000000000000000000e+00,5.985000000000000142e+01,5.879699999999999704e+01,5.000000000000000000e+01,0.000000000000000000e+00
8.320000000000000000e+02,6.773416222772858930e+01,3.534560292127159276e+00,6.377057096311638418e+01,4.290309724850533413e-01,0.000000000000000000e+00,5.985000000000000142e+01,5.866799999999999926e+01,5.000000000000000000e+01,0.000000000000000000e+00
8.330000000000000000e+02,6.736103030528110480e+01,3.343179701013675675e+00,6.379057586803993019e+01,2.272747362274969707e-01,0.000000000000000000e+00,5.985000000000000142e+01,5.873199999999999932e+01,5.000000000000000000e+01,0.000000000000000000e+00
8.340000000000000000e+02,6.774666338360458440e+01,3.534560292127159276e+00,6.381172595535623771e+01,4.003771361211911350e-01,0.000000000000000000e+00,5.985000000000000142e+01,5.866799999999999926e+01,5.000000000000000000e+01,0.000000000000000000e+00
8.350000000000000000e+02,6.699336366012767030e+01,3.148808788164050299e+00,6.383056778441213908e+01,1.398708755148736493e-02,0.000000000000000000e+00,5.985000000000000142e+01,5.879699999999999704e+01,5.000000000000000000e+01,0.000000000000000000e+00
8.360000000000000000e+02,6.719937023563694822e+01,3.244499083720781663e+00,6.384998220466442120e+01,1.048889472517572502e-01,0.000000000000000000e+00,5.985000000000000142e+01,5.876500000000000057e+01,5.000000000000000000e+01,0.000000000000000000e+00
8.370000000000000000e+02,6.740784867401298186e+01,3.343179701013675675e+00,6.386998710958796721e+01,1.946818634113368640e-01,0.000000000000000000e+00,5.985000000000000142e+01,5.873199999999999932e+01,5.000000000000000000e+01,0.000000000000000000e+00
8.380000000000000000e+02,6.817045555910048904e+01,3.725940883240643320e+00,6.389228237929703624e+01,5.522322965628048141e-01,0.000000000000000000e+00,5.985000000000000142e+01,5.860399999999999920e+01,5.000000000000000000e+01,0.000000000000000000e+00
8.390000000000000000e+02,6.741753911230834717e+01,3.343179701013675675e+00,6.391228728422058225e+01,1.620721270740831943e-01,0.000000000000000000e+00,5.985000000000000142e+01,5.873199999999999932e+01,5.000000000000000000e+01,0.000000000000000000e+00
8.400000000000000000e+02,6.818156971508787478e+01,3.725940883240643320e+00,6.393458255392965128e+01,5.210462779175841774e-01,0.000000000000000000e+00,5.985000000000000142e+01,5.860399999999999920e+01,5.000000000000000000e+01,0.000000000000000000e+00
8.410000000000000000e+02,6.780556565281601422e+01,3.534560292127159276e+00,6.395573264124595880e+01,3.152727194429064683e-01,0.000000000000000000e+00,5.985000000000000142e+01,5.866799999999999926e+01,5.000000000000000000e+01,0.000000000000000000e+00
8.420000000000000000e+02,6.800072657206021631e+01,3.630250587683890640e+00,6.397745531975864708e+01,3.930206646176809815e-01,0.000000000000000000e+00,5.985000000000000142e+01,5.863600000000000279e+01,5.000000000000000000e+01,0.000000000000000000e+00
8.430000000000000000e+02,6.781751483767497746e+01,3.534560292127159276e+00,6.399860540707495460e+01,2.843491384728569771e-01,0.000000000000000000e+00,5.985000000000000142e+01,5.866799999999999926e+01,5.000000000000000000e+01,0.000000000000000000e+00
8.440000000000000000e+02,6.801402585827763403e+01,3.630250587683890640e+00,6.402032808558764998e+01,3.634471850060954079e-01,0.000000000000000000e+00,5.985000000000000142e+01,5.863600000000000279e+01,5.000000000000000000e+01,0.000000000000000000e+00
8.450000000000000000e+02,6.783210528079419532e+01,3.534560292127159276e+00,6.404147817290396461e+01,2.560668157630797137e-01,0.000000000000000000e+00,5.985000000000000142e+01,5.866799999999999926e+01,5.000000000000000000e+01,0.000000000000000000e+00
8.460000000000000000e+02,6.821762649997533856e+01,3.725940883240643320e+00,6.406377344261304074e+01,4.279121741216541097e-01,0.000000000000000000e+00,5.985000000000000142e+01,5.860399999999999920e+01,5.000000000000000000e+01,0.000000000000000000e+00
8.470000000000000000e+02,6.727649438622697176e+01,3.244499083720781663e+00,6.408318786286531576e+01,-5.119256035913000158e-02,0.000000000000000000e+00,5.985000000000000142e+01,5.876500000000000057e+01,5.000000000000000000e+01,0.000000000000000000e+00
8.480000000000000000e+02,6.824288888188418412e+01,3.725940883240643320e+00,6.410548313257439190e+01,4.114648660691554993e-01,0.000000000000000000e+00,5.985000000000000142e+01,5.860399999999999920e+01,5.000000000000000000e+01,0.000000000000000000e+00
8.490000000000000000e+02,6.787166906543245659e+01,3.534560292127159276e+00,6.412663321989070653e+01,2.104755534145930918e-01,0.000000000000000000e+00,5.985000000000000142e+01,5.866799999999999926e+01,5.000000000000000000e+01,0.000000000000000000e+00
8.500000000000000000e+02,6.807140535375680201e+01,3.630250587683890640e+00,6.414835589840339480e+01,2.927988676695213455e-01,0.000000000000000000e+00,5.985000000000000142e+01,5.863600000000000279e+01,5.000000000000000000e+01,0.000000000000000000e+00
8.510000000000000000e+02,6.751701840579914915e+01,3.343179701013675675e+00,6.416836080332694792e+01,5.477901458521061695e-03,0.000000000000000000e+00,5.985000000000000142e+01,5.873199999999999932e+01,5.000000000000000000e+01,0.000000000000000000e+00
8.520000000000000000e+02,6.791233497479645109e+01,3.534560292127159276e+00,6.418951089064326254e+01,1.882637920260352427e-01,0.000000000000000000e+00,5.985000000000000142e+01,5.866799999999999926e+01,5.000000000000000000e+01,0.000000000000000000e+00
8.530000000000000000e+02,6.716829596773814615e+01,3.148808788164050299e+00,6.420835271969916391e+01,-1.888655401250700916e-01,0.000000000000000000e+00,5.985000000000000142e+01,5.879699999999999704e+01,5.000000000000000000e+01,0.000000000000000000e+00
8.540000000000000000e+02,6.776457775039830267e+01,3.438869996570406595e+00,6.422893021581909068e+01,9.677753800880745105e-02,0.000000000000000000e+00,5.985000000000000142e+01,5.870000000000000284e+01,5.000000000000000000e+01,0.000000000000000000e+00
8.550000000000000000e+02,6.778093000864357975e+01,3.438869996570406595e+00,6.424950771193901744e+01,9.255230013415662038e-02,0.000000000000000000e+00,5.985000000000000142e+01,5.870000000000000284e+01,5.000000000000000000e+01,0.000000000000000000e+00
8.560000000000000000e+02,6.817301756306420657e+01,3.630250587683890640e+00,6.427123039045170572e+01,2.715365849286115463e-01,0.000000000000000000e+00,5.985000000000000142e+01,5.863600000000000279e+01,5.000000000000000000e+01,0.000000000000000000e+00
8.570000000000000000e+02,6.780733432377657266e+01,3.438869996570406595e+00,6.429180788657163248e+01,7.665644063454216117e-02,0.000000000000000000e+00,5.985000000000000142e+01,5.870000000000000284e+01,5.000000000000000000e+01,0.000000000000000000e+00
8.580000000000000000e+02,6.763678964203639055e+01,3.343179701013675675e+00,6.431181279149518559e+01,-1.820285047247353905e-02,0.000000000000000000e+00,5.985000000000000142e+01,5.873199999999999932e+01,5.000000000000000000e+01,0.000000000000000000e+00
8.590000000000000000e+02,6.803314009567282028e+01,3.534560292127159276e+00,6.433296287881150022e+01,1.656169247341595097e-01,0.000000000000000000e+00,5.985000000000000142e+01,5.866799999999999926e+01,5.000000000000000000e+01,0.000000000000000000e+00
8.600000000000000000e+02,6.710231442193142470e+01,3.053118492607297618e+00,6.435123211667101373e+01,-3.020361873468879188e-01,0.000000000000000000e+00,5.985000000000000142e+01,5.882900000000000063e+01,5.000000000000000000e+01,0.000000000000000000e+00
8.610000000000000000e+02,6.789073997531718874e+01,3.438869996570406595e+00,6.437180961279094049e+01,8.006036595584109516e-02,0.000000000000000000e+00,5.985000000000000142e+01,5.870000000000000284e+01,5.000000000000000000e+01,0.000000000000000000e+00
8.620000000000000000e+02,6.676943365404535768e+01,2.858747579757672685e+00,6.438891577478281647e+01,-4.782297004951404640e-01,0.000000000000000000e+00,5.985000000000000142e+01,5.889399999999999835e+01,5.000000000000000000e+01,0.000000000000000000e+00
8.630000000000000000e+02,6.718883778861304279e+01,3.053118492607297618e+00,6.440718501264232998e+01,-2.714657166365881391e-01,0.000000000000000000e+00,5.985000000000000142e+01,5.882900000000000063e+01,5.000000000000000000e+01,0.000000000000000000e+00
8.640000000000000000e+02,6.721895902489286811e+01,3.053118492607297618e+00,6.442545425050184349e+01,-2.596137182162753798e-01,0.000000000000000000e+00,5.985000000000000142e+01,5.882900000000000063e+01,5.000000000000000000e+01,0.000000000000000000e+00
8.650000000000000000e+02,6.724856281142508863e+01,3.053118492607297618e+00,6.444372348836135700e+01,-2.482791695435605794e-01,0.000000000000000000e+00,5.985000000000000142e+01,5.882900000000000063e+01,5.000000000000000000e+01,0.000000000000000000e+00
8.660000000000000000e+02,6.727767173969445480e+01,3.053118492607297618e+00,6.446199272622087051e+01,-2.374394791337173793e-01,0.000000000000000000e+00,5.985000000000000142e+01,5.882900000000000063e+01,5.000000000000000000e+01,0.000000000000000000e+00
8.670000000000000000e+02,6.749408282751828381e+01,3.148808788164050299e+00,6.448083455527677188e+01,-1.355605159225374279e-01,0.000000000000000000e+00,5.985000000000000142e+01,5.879699999999999704e+01,5.000000000000000000e+01,0.000000000000000000e+00
8.680000000000000000e+02,6.694964891181152211e+01,2.858747579757672685e+00,6.449794071726864786e+01,-4.070393852148010416e-01,0.000000000000000000e+00,5.985000000000000142e+01,5.889399999999999835e+01,5.000000000000000000e+01,0.000000000000000000e+00
8.690000000000000000e+02,6.679675070866339581e+01,2.763057284200920005e+00,6.451447428806413598e+01,-4.807808636016667747e-01,0.000000000000000000e+00,5.985000000000000142e+01,5.892600000000000193e+01,5.000000000000000000e+01,0.000000000000000000e+00
8.700000000000000000e+02,6.721569363398559460e+01,2.957428197050566254e+00,6.453217093472727584e+01,-2.739054977922418255e-01,0.000000000000000000e+00,5.985000000000000142e+01,5.886099999999999710e+01,5.000000000000000000e+01,0.000000000000000000e+00
8.710000000000000000e+02,6.743312421082441688e+01,3.053118492607297618e+00,6.455044017258678934e+01,-1.704344543696626468e-01,0.000000000000000000e+00,5.985000000000000142e+01,5.882900000000000063e+01,5.000000000000000000e+01,0.000000000000000000e+00
8.720000000000000000e+02,6.688964027505294041e+01,2.763057284200920005e+00,6.456697374338227746e+01,-4.403907525302693804e-01,0.000000000000000000e+00,5.985000000000000142e+01,5.892600000000000193e+01,5.000000000000000000e+01,0.000000000000000000e+00
8.730000000000000000e+02,6.692540099013750421e+01,2.763057284200920005e+00,6.458350731417776558e+01,-4.211636082411934212e-01,0.000000000000000000e+00,5.985000000000000142e+01,5.892600000000000193e+01,5.000000000000000000e+01,0.000000000000000000e+00
8.740000000000000000e+02,6.714809767455790279e+01,2.858747579757672685e+00,6.460061347616964156e+01,-3.112633813694158924e-01,0.000000000000000000e+00,5.985000000000000142e+01,5.889399999999999835e+01,5.000000000000000000e+01,0.000000000000000000e+00
8.750000000000000000e+02,6.699101795979812835e+01,2.763057284200920005e+00,6.461714704696512968e+01,-3.891863713679264425e-01,0.000000000000000000e+00,5.985000000000000142e+01,5.892600000000000193e+01,5.000000000000000000e+01,0.000000000000000000e+00
8.760000000000000000e+02,6.702454312833866368e+01,2.763057284200920005e+00,6.463368061776061779e+01,-3.721947736228791159e-01,0.000000000000000000e+00,5.985000000000000142e+01,5.892600000000000193e+01,5.000000000000000000e+01,0.000000000000000000e+00
8.770000000000000000e+02,6.705732645591258745e+01,2.763057284200920005e+00,6.465021418855610591e+01,-3.559450168444481255e-01,0.000000000000000000e+00,5.985000000000000142e+01,5.892600000000000193e+01,5.000000000000000000e+01,0.000000000000000000e+00
8.780000000000000000e+02,6.708940033076423504e+01,2.763057284200920005e+00,6.466674775935159403e+01,-3.404047127882783852e-01,0.000000000000000000e+00,5.985000000000000142e+01,5.892600000000000193e+01,5.000000000000000000e+01,0.000000000000000000e+00
8.790000000000000000e+02,6.712079572709048136e+01,2.763057284200920005e+00,6.468328133014708214e+01,-3.255428872575258370e-01,0.000000000000000000e+00,5.985000000000000142e+01,5.892600000000000193e+01,5.000000000000000000e+01,0.000000000000000000e+00
8.800000000000000000e+02,6.715154226677694282e+01,2.763057284200920005e+00,6.469981490094257026e+01,-3.113299183665575454e-01,0.000000000000000000e+00,5.985000000000000142e+01,5.892600000000000193e+01,5.000000000000000000e+01,0.000000000000000000e+00
8.810000000000000000e+02,6.680611745311774996e+01,2.571676693087435961e+00,6.471520328934529687e+01,-4.807625293149871970e-01,0.000000000000000000e+00,5.985000000000000142e+01,5.899000000000000199e+01,5.000000000000000000e+01,0.000000000000000000e+00
8.820000000000000000e+02,6.721804641393971735e+01,2.763057284200920005e+00,6.473173686014078498e+01,-2.767477304019869688e-01,0.000000000000000000e+00,5.985000000000000142e+01,5.892600000000000193e+01,5.000000000000000000e+01,0.000000000000000000e+00
8.830000000000000000e+02,6.687111176676562252e+01,2.571676693087435961e+00,6.474712524854351159e+01,-4.476901748653269175e-01,0.000000000000000000e+00,5.985000000000000142e+01,5.899000000000000199e+01,5.000000000000000000e+01,0.000000000000000000e+00
8.840000000000000000e+02,6.728159681232068579e+01,2.763057284200920005e+00,6.476365881933899971e+01,-2.451192912192336759e-01,0.000000000000000000e+00,5.985000000000000142e+01,5.892600000000000193e+01,5.000000000000000000e+01,0.000000000000000000e+00
8.850000000000000000e+02,6.693328129018426864e+01,2.571676693087435961e+00,6.477904720774172631e+01,-4.174426106448907436e-01,0.000000000000000000e+00,5.985000000000000142e+01,5.899000000000000199e+01,5.000000000000000000e+01,0.000000000000000000e+00
8.860000000000000000e+02,6.696689492346592942e+01,2.571676693087435961e+00,6.479443559614445292e+01,-3.992173657659665031e-01,0.000000000000000000e+00,5.985000000000000142e+01,5.899000000000000199e+01,5.000000000000000000e+01,0.000000000000000000e+00
8.870000000000000000e+02,6.681193744297161174e+01,2.475986397530704597e+00,6.480925139335080587e+01,-4.733003479098971678e-01,0.000000000000000000e+00,5.985000000000000142e+01,5.902199999999999847e+01,5.000000000000000000e+01,0.000000000000000000e+00
8.880000000000000000e+02,6.722296801911095088e+01,2.667366988644188641e+00,6.482521237294992034e+01,-2.696113424831647620e-01,0.000000000000000000e+00,5.985000000000000142e+01,5.895799999999999841e+01,5.000000000000000000e+01,0.000000000000000000e+00
8.890000000000000000e+02,6.649373040419716574e+01,2.281615484681058348e+00,6.483886509428862155e+01,-6.267501747725037209e-01,0.000000000000000000e+00,5.985000000000000142e+01,5.908700000000000330e+01,5.000000000000000000e+01,0.000000000000000000e+00
8.900000000000000000e+02,6.710394080812055506e+01,2.571676693087435961e+00,6.485425348269134815e+01,-3.219893676582344377e-01,0.000000000000000000e+00,5.985000000000000142e+01,5.899000000000000199e+01,5.000000000000000000e+01,0.000000000000000000e+00
8.910000000000000000e+02,6.637641738901002952e+01,2.185925189124326984e+00,6.486733361283367572e+01,-6.768414129479811692e-01,0.000000000000000000e+00,5.985000000000000142e+01,5.911899999999999977e+01,5.000000000000000000e+01,0.000000000000000000e+00
8.920000000000000000e+02,6.660682334228998513e+01,2.281615484681058348e+00,6.488098633417237693e+01,-5.557784765634402602e-01,0.000000000000000000e+00,5.985000000000000142e+01,5.908700000000000330e+01,5.000000000000000000e+01,0.000000000000000000e+00
8.930000000000000000e+02,6.702615976012891963e+01,2.475986397530704597e+00,6.489580213137872988e+01,-3.456287687805126296e-01,0.000000000000000000e+00,5.985000000000000142e+01,5.902199999999999847e+01,5.000000000000000000e+01,0.000000000000000000e+00
8.940000000000000000e+02,6.686242206709627567e+01,2.377305780237811028e+00,6.491002744391380475e+01,-4.249111570553323336e-01,0.000000000000000000e+00,5.985000000000000142e+01,5.905499999999999972e+01,5.000000000000000000e+01,0.000000000000000000e+00
8.950000000000000000e+02,6.708884209019439027e+01,2.475986397530704597e+00,6.492484324112015770e+01,-3.119875484564746393e-01,0.000000000000000000e+00,5.985000000000000142e+01,5.902199999999999847e+01,5.000000000000000000e+01,0.000000000000000000e+00
8.960000000000000000e+02,6.673586023295828795e+01,2.281615484681058348e+00,6.493849596245885891e+01,-4.842512141816298632e-01,0.000000000000000000e+00,5.985000000000000142e+01,5.908700000000000330e+01,5.000000000000000000e+01,0.000000000000000000e+00
8.970000000000000000e+02,6.658287960221269941e+01,2.185925189124326984e+00,6.495157609260118647e+01,-5.546216795128215971e-01,0.000000000000000000e+00,5.985000000000000142e+01,5.911899999999999977e+01,5.000000000000000000e+01,0.000000000000000000e+00
8.980000000000000000e+02,6.623875530999222860e+01,1.991554276274702051e+00,6.496349314687586229e+01,-7.162921131583289691e-01,0.000000000000000000e+00,5.985000000000000142e+01,5.918399999999999750e+01,5.000000000000000000e+01,0.000000000000000000e+00
8.990000000000000000e+02,6.647558855831674407e+01,2.090234893567574304e+00,6.497600068582180199e+01,-5.906470210726280090e-01,0.000000000000000000e+00,5.985000000000000142e+01,5.915100000000000335e+01,5.000000000000000000e+01,0.000000000000000000e+00
9.000000000000000000e+02,6.594468910280477303e+01,1.800173685161218007e+00,6.498677255770371630e+01,-8.422571400601503999e-01,0.000000000000000000e+00,5.985000000000000142e+01,5.924799999999999756e+01,5.000000000000000000e+01,0.000000000000000000e+00
9.010000000000000000e+02,6.636778414245016222e+01,1.991554276274702051e+00,6.499868961197839212e+01,-6.224597458029328401e-01,0.000000000000000000e+00,5.985000000000000142e+01,5.918399999999999750e+01,5.000000000000000000e+01,0.000000000000000000e+00
9.020000000000000000e+02,6.603132651731024794e+01,1.800173685161218007e+00,6.500946148386030643e+01,-7.783086517112723923e-01,0.000000000000000000e+00,5.985000000000000142e+01,5.924799999999999756e+01,5.000000000000000000e+01,0.000000000000000000e+00
9.030000000000000000e+02,6.664527300614153660e+01,2.090234893567574304e+00,6.502196902280624613e+01,-4.669309102322764526e-01,0.000000000000000000e+00,5.985000000000000142e+01,5.915100000000000335e+01,5.000000000000000000e+01,0.000000000000000000e+00
9.040000000000000000e+02,6.648452301931388320e+01,1.991554276274702051e+00,6.503388607708092195e+01,-5.409173340417305909e-01,0.000000000000000000e+00,5.985000000000000142e+01,5.918399999999999750e+01,5.000000000000000000e+01,0.000000000000000000e+00
9.050000000000000000e+02,6.652005613630180392e+01,1.991554276274702051e+00,6.504580313135559777e+01,-5.173012713284976805e-01,0.000000000000000000e+00,5.985000000000000142e+01,5.918399999999999750e+01,5.000000000000000000e+01,0.000000000000000000e+00
9.060000000000000000e+02,6.636678278027478939e+01,1.895863980717949371e+00,6.505714759443388573e+01,-5.862287948770451562e-01,0.000000000000000000e+00,5.985000000000000142e+01,5.921600000000000108e+01,5.000000000000000000e+01,0.000000000000000000e+00
9.070000000000000000e+02,6.697291579156433272e+01,2.185925189124326984e+00,6.507022772457621329e+01,-2.832371221362068314e-01,0.000000000000000000e+00,5.985000000000000142e+01,5.911899999999999977e+01,5.000000000000000000e+01,0.000000000000000000e+00
9.080000000000000000e+02,6.661694304427862789e+01,1.991554276274702051e+00,6.508214477885088911e+01,-4.567560108469657099e-01,0.000000000000000000e+00,5.985000000000000142e+01,5.918399999999999750e+01,5.000000000000000000e+01,0.000000000000000000e+00
9.090000000000000000e+02,6.759941476487325929e+01,2.475986397530704597e+00,6.509696057605724206e+01,2.646779128530984959e-02,0.000000000000000000e+00,5.985000000000000142e+01,5.902199999999999847e+01,5.000000000000000000e+01,0.000000000000000000e+00
9.100000000000000000e+02,6.723165619033500207e+01,2.281615484681058348e+00,6.511061329739594328e+01,-1.605725917420013638e-01,0.000000000000000000e+00,5.985000000000000142e+01,5.908700000000000330e+01,5.000000000000000000e+01,0.000000000000000000e+00
9.110000000000000000e+02,6.763373820279031179e+01,2.475986397530704597e+00,6.512542909460229623e+01,3.232271065730851767e-02,0.000000000000000000e+00,5.985000000000000142e+01,5.902199999999999847e+01,5.000000000000000000e+01,0.000000000000000000e+00
9.120000000000000000e+02,6.745349941933361038e+01,2.377305780237811028e+00,6.513965440713737109e+01,-6.346076804156873530e-02,0.000000000000000000e+00,5.985000000000000142e+01,5.905499999999999972e+01,5.000000000000000000e+01,0.000000000000000000e+00
9.130000000000000000e+02,6.803968960309778424e+01,2.667366988644188641e+00,6.515561538673648556e+01,2.167072277171095407e-01,0.000000000000000000e+00,5.985000000000000142e+01,5.895799999999999841e+01,5.000000000000000000e+01,0.000000000000000000e+00
9.140000000000000000e+02,6.785841388795469697e+01,2.571676693087435961e+00,6.517100377513921217e+01,1.157334197280458915e-01,0.000000000000000000e+00,5.985000000000000142e+01,5.899000000000000199e+01,5.000000000000000000e+01,0.000000000000000000e+00
9.150000000000000000e+02,6.805652485094779536e+01,2.667366988644188641e+00,6.518696475473832663e+01,2.021931075652734500e-01,0.000000000000000000e+00,5.985000000000000142e+01,5.895799999999999841e+01,5.000000000000000000e+01,0.000000000000000000e+00
9.160000000000000000e+02,6.787588281187710493e+01,2.571676693087435961e+00,6.520235314314105324e+01,1.018529756486181576e-01,0.000000000000000000e+00,5.985000000000000142e+01,5.899000000000000199e+01,5.000000000000000000e+01,0.000000000000000000e+00
9.170000000000000000e+02,6.731763015281181595e+01,2.281615484681058348e+00,6.521600586447975445e+01,-1.799911963489927436e-01,0.000000000000000000e+00,5.985000000000000142e+01,5.908700000000000330e+01,5.000000000000000000e+01,0.000000000000000000e+00
9.180000000000000000e+02,6.809611079293325986e+01,2.667366988644188641e+00,6.523196684407886892e+01,1.967769602101982207e-01,0.000000000000000000e+00,5.985000000000000142e+01,5.895799999999999841e+01,5.000000000000000000e+01,0.000000000000000000e+00
9.190000000000000000e+02,6.791570521897018864e+01,2.571676693087435961e+00,6.524735523248159552e+01,9.667329340115159153e-02,0.000000000000000000e+00,5.985000000000000142e+01,5.899000000000000199e+01,5.000000000000000000e+01,0.000000000000000000e+00
9.200000000000000000e+02,6.830242374606426381e+01,2.763057284200920005e+00,6.526388880327708364e+01,2.754776585862515059e-01,0.000000000000000000e+00,5.985000000000000142e+01,5.892600000000000193e+01,5.000000000000000000e+01,0.000000000000000000e+00
9.210000000000000000e+02,6.793137933461113676e+01,2.571676693087435961e+00,6.527927719167981024e+01,8.042544984388486085e-02,0.000000000000000000e+00,5.985000000000000142e+01,5.899000000000000199e+01,5.000000000000000000e+01,0.000000000000000000e+00
9.220000000000000000e+02,6.831880723089760465e+01,2.763057284200920005e+00,6.529581076247529836e+01,2.599391842213826243e-01,0.000000000000000000e+00,5.985000000000000142e+01,5.892600000000000193e+01,5.000000000000000000e+01,0.000000000000000000e+00
9.230000000000000000e+02,6.832399204340811139e+01,2.763057284200920005e+00,6.531234433327078648e+01,2.485904259363963809e-01,0.000000000000000000e+00,5.985000000000000142e+01,5.892600000000000193e+01,5.000000000000000000e+01,0.000000000000000000e+00
9.240000000000000000e+02,6.871109114152983466e+01,2.957428197050566254e+00,6.533004097993392634e+01,4.236219645453538352e-01,0.000000000000000000e+00,5.985000000000000142e+01,5.886099999999999710e+01,5.000000000000000000e+01,0.000000000000000000e+00
9.250000000000000000e+02,6.851664936285000351e+01,2.858747579757672685e+00,6.534714714192580232e+01,3.107546411665270680e-01,0.000000000000000000e+00,5.985000000000000142e+01,5.889399999999999835e+01,5.000000000000000000e+01,0.000000000000000000e+00
9.260000000000000000e+02,6.852018820016515122e+01,2.858747579757672685e+00,6.536425330391767829e+01,2.971873164897942954e-01,0.000000000000000000e+00,5.985000000000000142e+01,5.889399999999999835e+01,5.000000000000000000e+01,0.000000000000000000e+00
9.270000000000000000e+02,6.909351359676901438e+01,3.148808788164050299e+00,6.538309513297357967e+01,5.616096756313939675e-01,0.000000000000000000e+00,5.985000000000000142e+01,5.879699999999999704e+01,5.000000000000000000e+01,0.000000000000000000e+00
9.280000000000000000e+02,6.871228512500276508e+01,2.957428197050566254e+00,6.540079177963671953e+01,3.540651483154825252e-01,0.000000000000000000e+00,5.985000000000000142e+01,5.886099999999999710e+01,5.000000000000000000e+01,0.000000000000000000e+00
9.290000000000000000e+02,6.984704399893024629e+01,3.534560292127159276e+00,6.542194186695303415e+01,8.905418398500617450e-01,0.000000000000000000e+00,5.985000000000000142e+01,5.866799999999999926e+01,5.000000000000000000e+01,0.000000000000000000e+00
9.300000000000000000e+02,6.831537440387806726e+01,2.763057284200920005e+00,6.543847543774852227e+01,1.138416819286143244e-01,0.000000000000000000e+00,5.985000000000000142e+01,5.892600000000000193e+01,5.000000000000000000e+01,0.000000000000000000e+00
9.310000000000000000e+02,6.908390736080644956e+01,3.148808788164050299e+00,6.545731726680442364e+01,4.777813058379746236e-01,0.000000000000000000e+00,5.985000000000000142e+01,5.879699999999999704e+01,5.000000000000000000e+01,0.000000000000000000e+00
9.320000000000000000e+02,6.889411418818176003e+01,3.053118492607297618e+00,6.547558650466393715e+01,3.654091909105237068e-01,0.000000000000000000e+00,5.985000000000000142e+01,5.882900000000000063e+01,5.000000000000000000e+01,0.000000000000000000e+00
9.330000000000000000e+02,6.889642992293562429e+01,3.053118492607297618e+00,6.549385574252345066e+01,3.494556878048737936e-01,0.000000000000000000e+00,5.985000000000000142e+01,5.882900000000000063e+01,5.000000000000000000e+01,0.000000000000000000e+00
9.340000000000000000e+02,6.889944217618894129e+01,3.053118492607297618e+00,6.551212498038296417e+01,3.341987031986841661e-01,0.000000000000000000e+00,5.985000000000000142e+01,5.882900000000000063e+01,5.000000000000000000e+01,0.000000000000000000e+00
9.350000000000000000e+02,6.890312053844377260e+01,3.053118492607297618e+00,6.553039421824247768e+01,3.196078275939982505e-01,0.000000000000000000e+00,5.985000000000000142e+01,5.882900000000000063e+01,5.000000000000000000e+01,0.000000000000000000e+00
9.360000000000000000e+02,6.833824170823153565e+01,2.763057284200920005e+00,6.554692778903796579e+01,2.825663499265107514e-02,0.000000000000000000e+00,5.985000000000000142e+01,5.892600000000000193e+01,5.000000000000000000e+01,0.000000000000000000e+00
9.370000000000000000e+02,6.911051124690459346e+01,3.148808788164050299e+00,6.556576961809386717e+01,3.959328406466791628e-01,0.000000000000000000e+00,5.985000000000000142e+01,5.879699999999999704e+01,5.000000000000000000e+01,0.000000000000000000e+00
9.380000000000000000e+02,6.873651610688590097e+01,2.957428197050566254e+00,6.558346626475700702e+01,1.956216450783264948e-01,0.000000000000000000e+00,5.985000000000000142e+01,5.886099999999999710e+01,5.000000000000000000e+01,0.000000000000000000e+00
9.390000000000000000e+02,6.836425324591036201e+01,2.763057284200920005e+00,6.559999983555249514e+01,1.196126156936649920e-03,0.000000000000000000e+00,5.985000000000000142e+01,5.892600000000000193e+01,5.000000000000000000e+01,0.000000000000000000e+00
9.400000000000000000e+02,6.876215340166289991e+01,2.957428197050566254e+00,6.561769648221563500e+01,1.870287223967026513e-01,0.000000000000000000e+00,5.985000000000000142e+01,5.886099999999999710e+01,5.000000000000000000e+01,0.000000000000000000e+00
9.410000000000000000e+02,6.857804111418712978e+01,2.858747579757672685e+00,6.563480264420751098e+01,8.449089022193954912e-02,0.000000000000000000e+00,5.985000000000000142e+01,5.889399999999999835e+01,5.000000000000000000e+01,0.000000000000000000e+00
9.420000000000000000e+02,6.916065268415891865e+01,3.148808788164050299e+00,6.565364447326341235e+01,3.581994227314547752e-01,0.000000000000000000e+00,5.985000000000000142e+01,5.879699999999999704e+01,5.000000000000000000e+01,0.000000000000000000e+00
9.430000000000000000e+02,6.897608037075444543e+01,3.053118492607297618e+00,6.567191371112292586e+01,2.510481670242265539e-01,0.000000000000000000e+00,5.985000000000000142e+01,5.882900000000000063e+01,5.000000000000000000e+01,0.000000000000000000e+00
9.440000000000000000e+02,6.992813407070948983e+01,3.534560292127159276e+00,6.569306379843924049e+01,7.005099801430894058e-01,0.000000000000000000e+00,5.985000000000000142e+01,5.866799999999999926e+01,5.000000000000000000e+01,0.000000000000000000e+00
9.450000000000000000e+02,6.954314956956523019e+01,3.343179701013675675e+00,6.571306870336279360e+01,4.869011651887598102e-01,0.000000000000000000e+00,5.985000000000000142e+01,5.873199999999999932e+01,5.000000000000000000e+01,0.000000000000000000e+00
9.460000000000000000e+02,7.010522295693458261e+01,3.630250587683890640e+00,6.573479138187548187e+01,7.401809873752087654e-01,0.000000000000000000e+00,5.985000000000000142e+01,5.863600000000000279e+01,5.000000000000000000e+01,0.000000000000000000e+00
9.470000000000000000e+02,7.009462986459485023e+01,3.630250587683890640e+00,6.575651406038817015e+01,7.078652165227867776e-01,0.000000000000000000e+00,5.985000000000000142e+01,5.863600000000000279e+01,5.000000000000000000e+01,0.000000000000000000e+00
9.480000000000000000e+02,7.008544765562498924e+01,3.630250587683890640e+00,6.577823673890085843e+01,6.769603290402410600e-01,0.000000000000000000e+00,5.985000000000000142e+01,5.863600000000000279e+01,5.000000000000000000e+01,0.000000000000000000e+00
9.490000000000000000e+02,6.951428849388754827e+01,3.343179701013675675e+00,6.579824164382441154e+01,3.728671490494578911e-01,0.000000000000000000e+00,5.985000000000000142e+01,5.873199999999999932e+01,5.000000000000000000e+01,0.000000000000000000e+00
9.500000000000000000e+02,7.026911593724638294e+01,3.725940883240643320e+00,6.582053691353348768e+01,7.226381404722558299e-01,0.000000000000000000e+00,5.985000000000000142e+01,5.860399999999999920e+01,5.000000000000000000e+01,0.000000000000000000e+00
9.510000000000000000e+02,6.988431051889116929e+01,3.534560292127159276e+00,6.584168700084980230e+01,5.080632259142079388e-01,0.000000000000000000e+00,5.985000000000000142e+01,5.866799999999999926e+01,5.000000000000000000e+01,0.000000000000000000e+00
9.520000000000000000e+02,7.045247314991080145e+01,3.824621500533536889e+00,6.586457275523014232e+01,7.632788941471138067e-01,0.000000000000000000e+00,5.985000000000000142e+01,5.857099999999999795e+01,5.000000000000000000e+01,0.000000000000000000e+00
9.530000000000000000e+02,7.024839130109479868e+01,3.725940883240643320e+00,6.588686802493921846e+01,6.355823929149471141e-01,0.000000000000000000e+00,5.985000000000000142e+01,5.860399999999999920e+01,5.000000000000000000e+01,0.000000000000000000e+00
9.540000000000000000e+02,7.062435630650627161e+01,3.920311796090268253e+00,6.591032637051593213e+01,7.937181399000614590e-01,0.000000000000000000e+00,5.985000000000000142e+01,5.853900000000000148e+01,5.000000000000000000e+01,0.000000000000000000e+00
9.550000000000000000e+02,7.061316148756253597e+01,3.920311796090268253e+00,6.593378471609264579e+01,7.590649753796131494e-01,0.000000000000000000e+00,5.985000000000000142e+01,5.853900000000000148e+01,5.000000000000000000e+01,0.000000000000000000e+00
9.560000000000000000e+02,7.060347960091921493e+01,3.920311796090268253e+00,6.595724306166935946e+01,7.259247431595812206e-01,0.000000000000000000e+00,5.985000000000000142e+01,5.853900000000000148e+01,5.000000000000000000e+01,0.000000000000000000e+00
9.570000000000000000e+02,7.059524459303756316e+01,3.920311796090268253e+00,6.598070140724607313e+01,6.942313897012105661e-01,0.000000000000000000e+00,5.985000000000000142e+01,5.853900000000000148e+01,5.000000000000000000e+01,0.000000000000000000e+00
9.580000000000000000e+02,7.058839329422892206e+01,3.920311796090268253e+00,6.600415975282278680e+01,6.639217453158565707e-01,0.000000000000000000e+00,5.985000000000000142e+01,5.853900000000000148e+01,5.000000000000000000e+01,0.000000000000000000e+00
9.590000000000000000e+02,7.058286529274793963e+01,3.920311796090268253e+00,6.602761809839950047e+01,6.349353982581587008e-01,0.000000000000000000e+00,5.985000000000000142e+01,5.853900000000000148e+01,5.000000000000000000e+01,0.000000000000000000e+00
9.600000000000000000e+02,7.095415363970390388e+01,4.111692387203752297e+00,6.605222162636897565e+01,7.902396261311880332e-01,0.000000000000000000e+00,5.985000000000000142e+01,5.847500000000000142e+01,5.000000000000000000e+01,0.000000000000000000e+00
9.610000000000000000e+02,7.075648045990779167e+01,4.016002091647020933e+00,6.607625256314207718e+01,6.642258051186892276e-01,0.000000000000000000e+00,5.985000000000000142e+01,5.850699999999999790e+01,5.000000000000000000e+01,0.000000000000000000e+00
9.620000000000000000e+02,7.075151177459035523e+01,4.016002091647020933e+00,6.610028349991517871e+01,6.352261830281529242e-01,0.000000000000000000e+00,5.985000000000000142e+01,5.850699999999999790e+01,5.000000000000000000e+01,0.000000000000000000e+00
9.630000000000000000e+02,7.188619763122198947e+01,4.596124508459754843e+00,6.612778577081633102e+01,1.162287351945903158e+00,0.000000000000000000e+00,5.985000000000000142e+01,5.831300000000000239e+01,5.000000000000000000e+01,0.000000000000000000e+00
9.640000000000000000e+02,7.110598563795343807e+01,4.210373004496646310e+00,6.615297978345708430e+01,7.426328499997041366e-01,0.000000000000000000e+00,5.985000000000000142e+01,5.844200000000000017e+01,5.000000000000000000e+01,0.000000000000000000e+00
9.650000000000000000e+02,7.109875683317871164e+01,4.210373004496646310e+00,6.617817379609783757e+01,7.102100325842303219e-01,0.000000000000000000e+00,5.985000000000000142e+01,5.844200000000000017e+01,5.000000000000000000e+01,0.000000000000000000e+00
9.660000000000000000e+02,7.128071899801062727e+01,4.306063300053398990e+00,6.620394039993496449e+01,7.707152980222695682e-01,0.000000000000000000e+00,5.985000000000000142e+01,5.840999999999999659e+01,5.000000000000000000e+01,0.000000000000000000e+00
9.670000000000000000e+02,7.108506131223926161e+01,4.210373004496646310e+00,6.622913441257571776e+01,6.455538951668997605e-01,0.000000000000000000e+00,5.985000000000000142e+01,5.844200000000000017e+01,5.000000000000000000e+01,0.000000000000000000e+00
9.680000000000000000e+02,7.145762173030269082e+01,4.401753595610130354e+00,6.625547360760923254e+01,8.003945270833281445e-01,0.000000000000000000e+00,5.985000000000000142e+01,5.837800000000000011e+01,5.000000000000000000e+01,0.000000000000000000e+00
9.690000000000000000e+02,7.183043508150826995e+01,4.596124508459754843e+00,6.628297587851038486e+01,9.513346945381293551e-01,0.000000000000000000e+00,5.985000000000000142e+01,5.831300000000000239e+01,5.000000000000000000e+01,0.000000000000000000e+00
9.700000000000000000e+02,7.143498395523151601e+01,4.401753595610130354e+00,6.630931507354389964e+01,7.239152860774863418e-01,0.000000000000000000e+00,5.985000000000000142e+01,5.837800000000000011e+01,5.000000000000000000e+01,0.000000000000000000e+00
9.710000000000000000e+02,7.161749294092176399e+01,4.497443891166883034e+00,6.633622685977378808e+01,7.838221899810946525e-01,0.000000000000000000e+00,5.985000000000000142e+01,5.834599999999999653e+01,5.000000000000000000e+01,0.000000000000000000e+00
9.720000000000000000e+02,7.123463278738341842e+01,4.306063300053398990e+00,6.636199346361091500e+01,5.665760237191056481e-01,0.000000000000000000e+00,5.985000000000000142e+01,5.840999999999999659e+01,5.000000000000000000e+01,0.000000000000000000e+00
9.730000000000000000e+02,7.142343850118588477e+01,4.401753595610130354e+00,6.638833265864442978e+01,6.333522469313306313e-01,0.000000000000000000e+00,5.985000000000000142e+01,5.837800000000000011e+01,5.000000000000000000e+01,0.000000000000000000e+00
9.740000000000000000e+02,7.104657516620730462e+01,4.210373004496646310e+00,6.641352667128518306e+01,4.226754904254831358e-01,0.000000000000000000e+00,5.985000000000000142e+01,5.844200000000000017e+01,5.000000000000000000e+01,0.000000000000000000e+00
9.750000000000000000e+02,7.181028510248039254e+01,4.596124508459754843e+00,6.644102894218633537e+01,7.731316518343112065e-01,0.000000000000000000e+00,5.985000000000000142e+01,5.831300000000000239e+01,5.000000000000000000e+01,0.000000000000000000e+00
9.760000000000000000e+02,7.066564456090499391e+01,4.016002091647020933e+00,6.646505987895943690e+01,1.845825902985387401e-01,0.000000000000000000e+00,5.985000000000000142e+01,5.850699999999999790e+01,5.000000000000000000e+01,0.000000000000000000e+00
9.770000000000000000e+02,7.068161675421782775e+01,4.016002091647020933e+00,6.648909081573253843e+01,1.765238468382580583e-01,0.000000000000000000e+00,5.985000000000000142e+01,5.850699999999999790e+01,5.000000000000000000e+01,0.000000000000000000e+00
9.780000000000000000e+02,7.107935959345506660e+01,4.210373004496646310e+00,6.651428482837329170e+01,3.547017605851353617e-01,0.000000000000000000e+00,5.985000000000000142e+01,5.844200000000000017e+01,5.000000000000000000e+01,0.000000000000000000e+00
9.790000000000000000e+02,7.013845455512161209e+01,3.725940883240643320e+00,6.653658009808236784e+01,-1.240664262013960739e-01,0.000000000000000000e+00,5.985000000000000142e+01,5.860399999999999920e+01,5.000000000000000000e+01,0.000000000000000000e+00
9.800000000000000000e+02,7.073536069561239970e+01,4.016002091647020933e+00,6.656061103485546937e+01,1.587475691099029529e-01,0.000000000000000000e+00,5.985000000000000142e+01,5.850699999999999790e+01,5.000000000000000000e+01,0.000000000000000000e+00
9.810000000000000000e+02,7.075246082741450948e+01,4.016002091647020933e+00,6.658464197162857090e+01,1.518167641389099043e-01,0.000000000000000000e+00,5.985000000000000142e+01,5.850699999999999790e+01,5.000000000000000000e+01,0.000000000000000000e+00
9.820000000000000000e+02,7.095763896584958275e+01,4.111692387203752297e+00,6.660924549959804608e+01,2.367010790477938609e-01,0.000000000000000000e+00,5.985000000000000142e+01,5.847500000000000142e+01,5.000000000000000000e+01,0.000000000000000000e+00
9.830000000000000000e+02,7.078413288187277885e+01,4.016002091647020933e+00,6.663327643637114761e+01,1.348543538546069787e-01,0.000000000000000000e+00,5.985000000000000142e+01,5.850699999999999790e+01,5.000000000000000000e+01,0.000000000000000000e+00
9.840000000000000000e+02,7.137147039393778414e+01,4.306063300053398990e+00,6.665904304020827453e+01,4.063640536761075617e-01,0.000000000000000000e+00,5.985000000000000142e+01,5.840999999999999659e+01,5.000000000000000000e+01,0.000000000000000000e+00
9.850000000000000000e+02,7.081030121511724928e+01,4.016002091647020933e+00,6.668307397698137606e+01,1.112251464888557306e-01,0.000000000000000000e+00,5.985000000000000142e+01,5.850699999999999790e+01,5.000000000000000000e+01,0.000000000000000000e+00
9.860000000000000000e+02,7.082947614179516904e+01,4.016002091647020933e+00,6.670710491375447759e+01,1.063691363936667966e-01,0.000000000000000000e+00,5.985000000000000142e+01,5.850699999999999790e+01,5.000000000000000000e+01,0.000000000000000000e+00
9.870000000000000000e+02,7.027966885876232084e+01,3.725940883240643320e+00,6.672940018346355373e+01,-1.756722079418708560e-01,0.000000000000000000e+00,5.985000000000000142e+01,5.860399999999999920e+01,5.000000000000000000e+01,0.000000000000000000e+00
9.880000000000000000e+02,7.030963385103090957e+01,3.725940883240643320e+00,6.675169545317262987e+01,-1.680024853823655906e-01,0.000000000000000000e+00,5.985000000000000142e+01,5.860399999999999920e+01,5.000000000000000000e+01,0.000000000000000000e+00
9.890000000000000000e+02,7.033926398871531660e+01,3.725940883240643320e+00,6.677399072288170601e+01,-1.606676174070256757e-01,0.000000000000000000e+00,5.985000000000000142e+01,5.860399999999999920e+01,5.000000000000000000e+01,0.000000000000000000e+00
9.900000000000000000e+02,7.036857389132646290e+01,3.725940883240643320e+00,6.679628599259078214e+01,-1.536529845049539877e-01,0.000000000000000000e+00,5.985000000000000142e+01,5.860399999999999920e+01,5.000000000000000000e+01,0.000000000000000000e+00
9.910000000000000000e+02,7.002202671477667195e+01,3.534560292127159276e+00,6.681743607990709677e+01,-3.299696572575828157e-01,0.000000000000000000e+00,5.985000000000000142e+01,5.866799999999999926e+01,5.000000000000000000e+01,0.000000000000000000e+00
9.920000000000000000e+02,7.043313386590730829e+01,3.725940883240643320e+00,6.683973134961617291e+01,-1.325383669495064087e-01,0.000000000000000000e+00,5.985000000000000142e+01,5.860399999999999920e+01,5.000000000000000000e+01,0.000000000000000000e+00
9.930000000000000000e+02,6.971011401498289217e+01,3.343179701013675675e+00,6.685973625453972602e+01,-4.928019405705104106e-01,0.000000000000000000e+00,5.985000000000000142e+01,5.873199999999999932e+01,5.000000000000000000e+01,0.000000000000000000e+00
9.940000000000000000e+02,6.993940971172257548e+01,3.438869996570406595e+00,6.688031375065965278e+01,-3.797740355074862850e-01,0.000000000000000000e+00,5.985000000000000142e+01,5.870000000000000284e+01,5.000000000000000000e+01,0.000000000000000000e+00
9.950000000000000000e+02,6.959514906279008528e+01,3.244499083720781663e+00,6.689972817091192780e+01,-5.490781918426282937e-01,0.000000000000000000e+00,5.985000000000000142e+01,5.876500000000000057e+01,5.000000000000000000e+01,0.000000000000000000e+00
9.960000000000000000e+02,7.020773006257950044e+01,3.534560292127159276e+00,6.692087825822824243e+01,-2.477084877758933268e-01,0.000000000000000000e+00,5.985000000000000142e+01,5.866799999999999926e+01,5.000000000000000000e+01,0.000000000000000000e+00
9.970000000000000000e+02,6.967050070512165405e+01,3.244499083720781663e+00,6.694029267848051745e+01,-5.142910570796518366e-01,0.000000000000000000e+00,5.985000000000000142e+01,5.876500000000000057e+01,5.000000000000000000e+01,0.000000000000000000e+00
9.980000000000000000e+02,6.895539907165044724e+01,2.858747579757672685e+00,6.695739884047239343e+01,-8.607473485796217627e-01,0.000000000000000000e+00,5.985000000000000142e+01,5.889399999999999835e+01,5.000000000000000000e+01,0.000000000000000000e+00
9.990000000000000000e+02,6.901008484532239606e+01,2.858747579757672685e+00,6.697450500246426941e+01,-8.231677368995549138e-01,0.000000000000000000e+00,5.985000000000000142e+01,5.889399999999999835e+01,5.000000000000000000e+01,0.000000000000000000e+00
1.000000000000000000e+03,6.906312992011055485e+01,2.858747579757672685e+00,6.699161116445614539e+01,-7.872288241032604494e-01,0.000000000000000000e+00,5.985000000000000142e+01,5.889399999999999835e+01,5.000000000000000000e+01,0.000000000000000000e+00
1.001000000000000000e+03,6.930824932205732125e+01,2.957428197050566254e+00,6.700930781111928525e+01,-6.584866861125234783e-01,0.000000000000000000e+00,5.985000000000000142e+01,5.886099999999999710e+01,5.000000000000000000e+01,0.000000000000000000e+00
1.002000000000000000e+03,6.897327621802594422e+01,2.763057284200920005e+00,6.702584138191477336e+01,-8.156224480897558138e-01,0.000000000000000000e+00,5.985000000000000142e+01,5.892600000000000193e+01,5.000000000000000000e+01,0.000000000000000000e+00
1.003000000000000000e+03,6.902541927972180247e+01,2.763057284200920005e+00,6.704237495271026148e+01,-7.800129571893917868e-01,0.000000000000000000e+00,5.985000000000000142e+01,5.892600000000000193e+01,5.000000000000000000e+01,0.000000000000000000e+00
1.004000000000000000e+03,6.907600765659361741e+01,2.763057284200920005e+00,6.705890852350574960e+01,-7.459581511130574105e-01,0.000000000000000000e+00,5.985000000000000142e+01,5.892600000000000193e+01,5.000000000000000000e+01,0.000000000000000000e+00
1.005000000000000000e+03,6.893733381240480185e+01,2.667366988644188641e+00,6.707486950310486407e+01,-8.049026793442488614e-01,0.000000000000000000e+00,5.985000000000000142e+01,5.895799999999999841e+01,5.000000000000000000e+01,0.000000000000000000e+00
1.006000000000000000e+03,6.917621167815254069e+01,2.763057284200920005e+00,6.709140307390035218e+01,-6.782486799487433826e-01,0.000000000000000000e+00,5.985000000000000142e+01,5.892600000000000193e+01,5.000000000000000000e+01,0.000000000000000000e+00
1.007000000000000000e+03,6.846538746740458237e+01,2.377305780237811028e+00,6.710562838643542705e+01,-1.017546699268642385e+00,0.000000000000000000e+00,5.985000000000000142e+01,5.905499999999999972e+01,5.000000000000000000e+01,0.000000000000000000e+00
1.008000000000000000e+03,6.890545694573911817e+01,2.571676693087435961e+00,6.712101677483815365e+01,-7.872365221864783269e-01,0.000000000000000000e+00,5.985000000000000142e+01,5.899000000000000199e+01,5.000000000000000000e+01,0.000000000000000000e+00
1.009000000000000000e+03,6.895521551588326759e+01,2.571676693087435961e+00,6.713640516324088026e+01,-7.528663404450499641e-01,0.000000000000000000e+00,5.985000000000000142e+01,5.899000000000000199e+01,5.000000000000000000e+01,0.000000000000000000e+00
1.010000000000000000e+03,6.937902433387333190e+01,2.763057284200920005e+00,6.715293873403636837e+01,-5.369716843639644743e-01,0.000000000000000000e+00,5.985000000000000142e+01,5.892600000000000193e+01,5.000000000000000000e+01,0.000000000000000000e+00
1.011000000000000000e+03,6.923122629048741317e+01,2.667366988644188641e+00,6.716889971363548284e+01,-6.050404117922605352e-01,0.000000000000000000e+00,5.985000000000000142e+01,5.895799999999999841e+01,5.000000000000000000e+01,0.000000000000000000e+00
1.012000000000000000e+03,6.946137831302866061e+01,2.763057284200920005e+00,6.718543328443097096e+01,-4.871122556032376760e-01,0.000000000000000000e+00,5.985000000000000142e+01,5.892600000000000193e+01,5.000000000000000000e+01,0.000000000000000000e+00
1.013000000000000000e+03,6.912362803009497725e+01,2.571676693087435961e+00,6.720082167283369756e+01,-6.488703358261650456e-01,0.000000000000000000e+00,5.985000000000000142e+01,5.899000000000000199e+01,5.000000000000000000e+01,0.000000000000000000e+00
1.014000000000000000e+03,6.916734563181599071e+01,2.571676693087435961e+00,6.721621006123642417e+01,-6.205411225078781845e-01,0.000000000000000000e+00,5.985000000000000142e+01,5.899000000000000199e+01,5.000000000000000000e+01,0.000000000000000000e+00
1.015000000000000000e+03,6.920982640040882927e+01,2.571676693087435961e+00,6.723159844963915077e+01,-5.934487423177557952e-01,0.000000000000000000e+00,5.985000000000000142e+01,5.899000000000000199e+01,5.000000000000000000e+01,0.000000000000000000e+00
1.016000000000000000e+03,6.962667516044172089e+01,2.763057284200920005e+00,6.724813202043463889e+01,-3.845141441938381144e-01,0.000000000000000000e+00,5.985000000000000142e+01,5.892600000000000193e+01,5.000000000000000000e+01,0.000000000000000000e+00
1.017000000000000000e+03,6.890302671060793216e+01,2.377305780237811028e+00,6.726235733296971375e+01,-7.366364025995842946e-01,0.000000000000000000e+00,5.985000000000000142e+01,5.905499999999999972e+01,5.000000000000000000e+01,0.000000000000000000e+00
1.018000000000000000e+03,6.970638267225533014e+01,2.763057284200920005e+00,6.727889090376520187e+01,-3.355655157107913511e-01,0.000000000000000000e+00,5.985000000000000142e+01,5.892600000000000193e+01,5.000000000000000000e+01,0.000000000000000000e+00
1.019000000000000000e+03,6.898059716042105549e+01,2.377305780237811028e+00,6.729311621630027673e+01,-6.898248361170190579e-01,0.000000000000000000e+00,5.985000000000000142e+01,5.905499999999999972e+01,5.000000000000000000e+01,0.000000000000000000e+00
1.020000000000000000e+03,6.959413395000106561e+01,2.667366988644188641e+00,6.730907719589939120e+01,-3.823102345425169468e-01,0.000000000000000000e+00,5.985000000000000142e+01,5.895799999999999841e+01,5.000000000000000000e+01,0.000000000000000000e+00
1.021000000000000000e+03,6.886981668785672639e+01,2.281615484681058348e+00,6.732272991723809241e+01,-7.345287140624248146e-01,0.000000000000000000e+00,5.985000000000000142e+01,5.908700000000000330e+01,5.000000000000000000e+01,0.000000000000000000e+00
1.022000000000000000e+03,6.929695721281723308e+01,2.475986397530704597e+00,6.733754571444444537e+01,-5.165748991579169891e-01,0.000000000000000000e+00,5.985000000000000142e+01,5.902199999999999847e+01,5.000000000000000000e+01,0.000000000000000000e+00
1.023000000000000000e+03,6.819593786023975213e+01,1.895863980717949371e+00,6.734889017752273332e+01,-1.048816298000929459e+00,0.000000000000000000e+00,5.985000000000000142e+01,5.921600000000000108e+01,5.000000000000000000e+01,0.000000000000000000e+00
1.024000000000000000e+03,6.863449169736318822e+01,2.090234893567574304e+00,6.736139771646867302e+01,-8.171409126730588834e-01,0.000000000000000000e+00,5.985000000000000142e+01,5.915100000000000335e+01,5.000000000000000000e+01,0.000000000000000000e+00
1.025000000000000000e+03,6.811348080265631211e+01,1.800173685161218007e+00,6.737216958835058733e+01,-1.058862470855489013e+00,0.000000000000000000e+00,5.985000000000000142e+01,5.924799999999999756e+01,5.000000000000000000e+01,0.000000000000000000e+00
1.026000000000000000e+03,6.873967606994297341e+01,2.090234893567574304e+00,6.738467712729652703e+01,-7.352359509211225941e-01,0.000000000000000000e+00,5.985000000000000142e+01,5.915100000000000335e+01,5.000000000000000000e+01,0.000000000000000000e+00
1.027000000000000000e+03,6.859064008869144402e+01,1.991554276274702051e+00,6.739659418157120285e+01,-7.975083691544576636e-01,0.000000000000000000e+00,5.985000000000000142e+01,5.918399999999999750e+01,5.000000000000000000e+01,0.000000000000000000e+00
1.028000000000000000e+03,6.844960037351580695e+01,1.895863980717949371e+00,6.740793864464949081e+01,-8.542022518516281249e-01,0.000000000000000000e+00,5.985000000000000142e+01,5.921600000000000108e+01,5.000000000000000000e+01,0.000000000000000000e+00
1.029000000000000000e+03,6.812268786872570558e+01,1.704483389604465549e+00,6.741813792533501726e+01,-9.999334462137787760e-01,0.000000000000000000e+00,5.985000000000000142e+01,5.928000000000000114e+01,5.000000000000000000e+01,0.000000000000000000e+00
1.030000000000000000e+03,6.855209435157361497e+01,1.895863980717949371e+00,6.742948238841330522e+01,-7.732520175576419463e-01,0.000000000000000000e+00,5.985000000000000142e+01,5.921600000000000108e+01,5.000000000000000000e+01,0.000000000000000000e+00
1.031000000000000000e+03,6.878497385561530564e+01,1.991554276274702051e+00,6.744139944268798104e+01,-6.479798633473735636e-01,0.000000000000000000e+00,5.985000000000000142e+01,5.918399999999999750e+01,5.000000000000000000e+01,0.000000000000000000e+00
1.032000000000000000e+03,6.844963042049751323e+01,1.800173685161218007e+00,6.745217131456989534e+01,-8.027145792335976804e-01,0.000000000000000000e+00,5.985000000000000142e+01,5.924799999999999756e+01,5.000000000000000000e+01,0.000000000000000000e+00
1.033000000000000000e+03,6.906464245461394569e+01,2.090234893567574304e+00,6.746467885351583504e+01,-4.902712924694558327e-01,0.000000000000000000e+00,5.985000000000000142e+01,5.915100000000000335e+01,5.000000000000000000e+01,0.000000000000000000e+00
1.034000000000000000e+03,6.966188112441683700e+01,2.377305780237811028e+00,6.747890416605090991e+01,-1.943288218718710048e-01,0.000000000000000000e+00,5.985000000000000142e+01,5.905499999999999972e+01,5.000000000000000000e+01,0.000000000000000000e+00
1.035000000000000000e+03,7.006600950085693569e+01,2.571676693087435961e+00,6.749429255445363651e+01,4.025331586432479014e-05,0.000000000000000000e+00,5.985000000000000142e+01,5.899000000000000199e+01,5.000000000000000000e+01,0.000000000000000000e+00
1.036000000000000000e+03,6.894300769257385753e+01,1.991554276274702051e+00,6.750620960872831233e+01,-5.547561924291484203e-01,0.000000000000000000e+00,5.985000000000000142e+01,5.918399999999999750e+01,5.000000000000000000e+01,0.000000000000000000e+00
1.037000000000000000e+03,6.936056381115687941e+01,2.185925189124326984e+00,6.751928973887063989e+01,-3.446511168380879120e-01,0.000000000000000000e+00,5.985000000000000142e+01,5.911899999999999977e+01,5.000000000000000000e+01,0.000000000000000000e+00
1.038000000000000000e+03,6.863172152949603344e+01,1.800173685161218007e+00,6.753006161075255420e+01,-6.985137664177285544e-01,0.000000000000000000e+00,5.985000000000000142e+01,5.924799999999999756e+01,5.000000000000000000e+01,0.000000000000000000e+00
1.039000000000000000e+03,6.980551046886755273e+01,2.377305780237811028e+00,6.754428692328762907e+01,-1.160822346578804787e-01,0.000000000000000000e+00,5.985000000000000142e+01,5.905499999999999972e+01,5.000000000000000000e+01,0.000000000000000000e+00
1.040000000000000000e+03,6.906783421619441299e+01,1.991554276274702051e+00,6.755620397756230489e+01,-4.799240376425862320e-01,0.000000000000000000e+00,5.985000000000000142e+01,5.918399999999999750e+01,5.000000000000000000e+01,0.000000000000000000e+00
1.041000000000000000e+03,6.948212321658915869e+01,2.185925189124326984e+00,6.756928410770463245e+01,-2.730860802398096254e-01,0.000000000000000000e+00,5.985000000000000142e+01,5.911899999999999977e+01,5.000000000000000000e+01,0.000000000000000000e+00
1.042000000000000000e+03,6.875015645677606813e+01,1.800173685161218007e+00,6.758005597958654675e+01,-6.300732079716873102e-01,0.000000000000000000e+00,5.985000000000000142e+01,5.924799999999999756e+01,5.000000000000000000e+01,0.000000000000000000e+00
1.043000000000000000e+03,6.916398769818171388e+01,1.991554276274702051e+00,6.759197303386122258e+01,-4.195396119542114111e-01,0.000000000000000000e+00,5.985000000000000142e+01,5.918399999999999750e+01,5.000000000000000000e+01,0.000000000000000000e+00
1.044000000000000000e+03,6.881867072558672760e+01,1.800173685161218007e+00,6.760274490574313688e+01,-5.842478653176268466e-01,0.000000000000000000e+00,5.985000000000000142e+01,5.924799999999999756e+01,5.000000000000000000e+01,0.000000000000000000e+00
1.045000000000000000e+03,6.904272585274968321e+01,1.895863980717949371e+00,6.761408936882142484e+01,-4.672274967896938858e-01,0.000000000000000000e+00,5.985000000000000142e+01,5.921600000000000108e+01,5.000000000000000000e+01,0.000000000000000000e+00
1.046000000000000000e+03,6.888669372045630723e+01,1.800173685161218007e+00,6.762486124070333915e+01,-5.383412054082403753e-01,0.000000000000000000e+00,5.985000000000000142e+01,5.924799999999999756e+01,5.000000000000000000e+01,0.000000000000000000e+00
1.047000000000000000e+03,6.816399955083551276e+01,1.414422181198087713e+00,6.763332485432484020e+01,-8.837474846874231460e-01,0.000000000000000000e+00,5.985000000000000142e+01,5.937700000000000244e+01,5.000000000000000000e+01,0.000000000000000000e+00
1.048000000000000000e+03,6.839882235823830570e+01,1.510112476754840394e+00,6.764236105914272912e+01,-7.536511776592612621e-01,0.000000000000000000e+00,5.985000000000000142e+01,5.934499999999999886e+01,5.000000000000000000e+01,0.000000000000000000e+00
1.049000000000000000e+03,6.844076243275198124e+01,1.510112476754840394e+00,6.765139726396061803e+01,-7.207473079634717505e-01,0.000000000000000000e+00,5.985000000000000142e+01,5.934499999999999886e+01,5.000000000000000000e+01,0.000000000000000000e+00
1.050000000000000000e+03,6.866904136058280983e+01,1.605802772311571758e+00,6.766100605997488060e+01,-5.977674717036415286e-01,0.000000000000000000e+00,5.985000000000000142e+01,5.931300000000000239e+01,5.000000000000000000e+01,0.000000000000000000e+00
1.051000000000000000e+03,6.795364660489002517e+01,1.223041590084603891e+00,6.766832449120362014e+01,-9.377194763982055203e-01,0.000000000000000000e+00,5.985000000000000142e+01,5.944100000000000250e+01,5.000000000000000000e+01,0.000000000000000000e+00
1.052000000000000000e+03,6.894665024062301484e+01,1.704483389604465549e+00,6.767852377188914659e+01,-4.363569208705952440e-01,0.000000000000000000e+00,5.985000000000000142e+01,5.928000000000000114e+01,5.000000000000000000e+01,0.000000000000000000e+00
1.053000000000000000e+03,6.821893091911344698e+01,1.318731885641356349e+00,6.768641479431427399e+01,-7.862157608421820321e-01,0.000000000000000000e+00,5.985000000000000142e+01,5.940899999999999892e+01,5.000000000000000000e+01,0.000000000000000000e+00
1.054000000000000000e+03,6.826114755757207320e+01,1.318731885641356349e+00,6.769430581673940139e+01,-7.518901448086817707e-01,0.000000000000000000e+00,5.985000000000000142e+01,5.940899999999999892e+01,5.000000000000000000e+01,0.000000000000000000e+00
1.055000000000000000e+03,6.792044675729538028e+01,1.124360972791731195e+00,6.770103376329687705e+01,-9.049479787932382946e-01,0.000000000000000000e+00,5.985000000000000142e+01,5.947399999999999665e+01,5.000000000000000000e+01,0.000000000000000000e+00
1.056000000000000000e+03,6.834810289030234287e+01,1.318731885641356349e+00,6.770892478572200446e+01,-6.795537810610200458e-01,0.000000000000000000e+00,5.985000000000000142e+01,5.940899999999999892e+01,5.000000000000000000e+01,0.000000000000000000e+00
1.057000000000000000e+03,6.781646852362283084e+01,1.028670677234978736e+00,6.771508014108309226e+01,-9.272822946952496981e-01,0.000000000000000000e+00,5.985000000000000142e+01,5.950600000000000023e+01,5.000000000000000000e+01,0.000000000000000000e+00
1.058000000000000000e+03,6.824452716564152865e+01,1.223041590084603891e+00,6.772239857231183180e+01,-7.009129967549129203e-01,0.000000000000000000e+00,5.985000000000000142e+01,5.944100000000000250e+01,5.000000000000000000e+01,0.000000000000000000e+00
1.059000000000000000e+03,6.790102814845889156e+01,1.028670677234978736e+00,6.772855392767291960e+01,-8.561964564490103236e-01,0.000000000000000000e+00,5.985000000000000142e+01,5.950600000000000023e+01,5.000000000000000000e+01,0.000000000000000000e+00
1.060000000000000000e+03,6.794456442681475039e+01,1.028670677234978736e+00,6.773470928303400740e+01,-8.188155334542451813e-01,0.000000000000000000e+00,5.985000000000000142e+01,5.950600000000000023e+01,5.000000000000000000e+01,0.000000000000000000e+00
1.061000000000000000e+03,6.779869326823168763e+01,9.329803816782473724e-01,6.774029204719872155e+01,-8.745791606452811839e-01,0.000000000000000000e+00,5.985000000000000142e+01,5.953799999999999670e+01,5.000000000000000000e+01,0.000000000000000000e+00
1.062000000000000000e+03,6.821801035638858934e+01,1.124360972791731195e+00,6.774701999375619721e+01,-6.533706101593413917e-01,0.000000000000000000e+00,5.985000000000000142e+01,5.947399999999999665e+01,5.000000000000000000e+01,0.000000000000000000e+00
1.063000000000000000e+03,6.787771316969171664e+01,9.329803816782473724e-01,6.775260275792091136e+01,-8.078699699074448626e-01,0.000000000000000000e+00,5.985000000000000142e+01,5.953799999999999670e+01,5.000000000000000000e+01,0.000000000000000000e+00
1.064000000000000000e+03,6.829411778244272568e+01,1.124360972791731195e+00,6.775933070447838702e+01,-5.895738948273906432e-01,0.000000000000000000e+00,5.985000000000000142e+01,5.947399999999999665e+01,5.000000000000000000e+01,0.000000000000000000e+00
1.065000000000000000e+03,6.813881068958717435e+01,1.028670677234978736e+00,6.776548605983947482e+01,-6.553460474872913055e-01,0.000000000000000000e+00,5.985000000000000142e+01,5.950600000000000023e+01,5.000000000000000000e+01,0.000000000000000000e+00
1.066000000000000000e+03,6.874277220281902601e+01,1.318731885641356349e+00,6.777337708226460222e+01,-3.493367650869259600e-01,0.000000000000000000e+00,5.985000000000000142e+01,5.940899999999999892e+01,5.000000000000000000e+01,0.000000000000000000e+00
1.067000000000000000e+03,6.800894538548173784e+01,9.329803816782473724e-01,6.777895984642931637e+01,-7.029948426258262328e-01,0.000000000000000000e+00,5.985000000000000142e+01,5.953799999999999670e+01,5.000000000000000000e+01,0.000000000000000000e+00
1.068000000000000000e+03,6.842077122542021073e+01,1.124360972791731195e+00,6.778568779298679203e+01,-4.892775403583103921e-01,0.000000000000000000e+00,5.985000000000000142e+01,5.947399999999999665e+01,5.000000000000000000e+01,0.000000000000000000e+00
1.069000000000000000e+03,6.788553444036676865e+01,8.372900861214948032e-01,6.779069796595511832e+01,-7.424536117098508026e-01,0.000000000000000000e+00,5.985000000000000142e+01,5.957000000000000028e+01,5.000000000000000000e+01,0.000000000000000000e+00
1.070000000000000000e+03,6.811073501799606333e+01,9.329803816782473724e-01,6.779628073011983247e+01,-6.185260938020177290e-01,0.000000000000000000e+00,5.985000000000000142e+01,5.953799999999999670e+01,5.000000000000000000e+01,0.000000000000000000e+00
1.071000000000000000e+03,6.795554677498269314e+01,8.372900861214948032e-01,6.780129090308815876e+01,-6.830342142269705263e-01,0.000000000000000000e+00,5.985000000000000142e+01,5.957000000000000028e+01,5.000000000000000000e+01,0.000000000000000000e+00
1.072000000000000000e+03,6.836592855700999394e+01,1.028670677234978736e+00,6.780744625844924656e+01,-4.701883786742310223e-01,0.000000000000000000e+00,5.985000000000000142e+01,5.950600000000000023e+01,5.000000000000000000e+01,0.000000000000000000e+00
1.073000000000000000e+03,6.801706117431753285e+01,8.372900861214948032e-01,6.781245643141757284e+01,-6.326853432215339135e-01,0.000000000000000000e+00,5.985000000000000142e+01,5.957000000000000028e+01,5.000000000000000000e+01,0.000000000000000000e+00
1.074000000000000000e+03,6.804969393543925094e+01,8.372900861214948032e-01,6.781746660438589913e+01,-6.050627550681465516e-01,0.000000000000000000e+00,5.985000000000000142e+01,5.957000000000000028e+01,5.000000000000000000e+01,0.000000000000000000e+00
1.075000000000000000e+03,6.788747731987425027e+01,7.386094688286010124e-01,6.782188629268296154e+01,-6.730184416373039546e-01,0.000000000000000000e+00,5.985000000000000142e+01,5.960300000000000153e+01,5.000000000000000000e+01,0.000000000000000000e+00
1.076000000000000000e+03,6.773350509780323137e+01,6.429191732718696484e-01,6.782573338978365030e+01,-7.351474652522789199e-01,0.000000000000000000e+00,5.985000000000000142e+01,5.963499999999999801e+01,5.000000000000000000e+01,0.000000000000000000e+00
1.077000000000000000e+03,6.815086701275869530e+01,8.372900861214948032e-01,6.783074356275197658e+01,-5.171666361147766455e-01,0.000000000000000000e+00,5.985000000000000142e+01,5.957000000000000028e+01,5.000000000000000000e+01,0.000000000000000000e+00
1.078000000000000000e+03,6.817845631000913897e+01,8.372900861214948032e-01,6.783575373572030287e+01,-4.945875118326621966e-01,0.000000000000000000e+00,5.985000000000000142e+01,5.957000000000000028e+01,5.000000000000000000e+01,0.000000000000000000e+00
1.079000000000000000e+03,6.763586559926574182e+01,5.472288777151170791e-01,6.783902824162460377e+01,-7.503915200739708080e-01,0.000000000000000000e+00,5.985000000000000142e+01,5.966700000000000159e+01,5.000000000000000000e+01,0.000000000000000000e+00
1.080000000000000000e+03,6.691493202826629272e+01,1.614773737520080188e-01,6.783999448926849141e+01,-1.086539834754201905e+00,0.000000000000000000e+00,5.985000000000000142e+01,5.979599999999999937e+01,5.000000000000000000e+01,0.000000000000000000e+00
1.081000000000000000e+03,6.809585628314697203e+01,7.386094688286010124e-01,6.784441417756555381e+01,-4.871673632471792414e-01,0.000000000000000000e+00,5.985000000000000142e+01,5.960300000000000153e+01,5.000000000000000000e+01,0.000000000000000000e+00
1.082000000000000000e+03,6.698902489138698968e+01,1.614773737520080188e-01,6.784538042520944146e+01,-1.017832907574457657e+00,0.000000000000000000e+00,5.985000000000000142e+01,5.979599999999999937e+01,5.000000000000000000e+01,0.000000000000000000e+00
1.083000000000000000e+03,6.741584780047959669e+01,3.558482866016331458e-01,6.784750974872098084e+01,-7.875102348430070842e-01,0.000000000000000000e+00,5.985000000000000142e+01,5.973100000000000165e+01,5.000000000000000000e+01,0.000000000000000000e+00
1.084000000000000000e+03,6.764013466849142731e+01,4.515385821583857151e-01,6.785021166342890808e+01,-6.616155770958782600e-01,0.000000000000000000e+00,5.985000000000000142e+01,5.969899999999999807e+01,5.000000000000000000e+01,0.000000000000000000e+00
1.085000000000000000e+03,6.842869187689521482e+01,8.372900861214948032e-01,6.785522183639723437e+01,-2.638200456235145208e-01,0.000000000000000000e+00,5.985000000000000142e+01,5.957000000000000028e+01,5.000000000000000000e+01,0.000000000000000000e+00
1.086000000000000000e+03,6.825157684946668724e+01,7.386094688286010124e-01,6.785964152469429678e+01,-3.466741440562048915e-01,0.000000000000000000e+00,5.985000000000000142e+01,5.960300000000000153e+01,5.000000000000000000e+01,0.000000000000000000e+00
1.087000000000000000e+03,6.808335666950496545e+01,6.429191732718696484e-01,6.786348862179498553e+01,-4.230511255618888966e-01,0.000000000000000000e+00,5.985000000000000142e+01,5.963499999999999801e+01,5.000000000000000000e+01,0.000000000000000000e+00
1.088000000000000000e+03,6.810567387522192462e+01,6.429191732718696484e-01,6.786733571889567429e+01,-4.045810169456200978e-01,0.000000000000000000e+00,5.985000000000000142e+01,5.963499999999999801e+01,5.000000000000000000e+01,0.000000000000000000e+00
1.089000000000000000e+03,6.793940927658776729e+01,5.472288777151170791e-01,6.787061022479997519e+01,-4.784298259273170317e-01,0.000000000000000000e+00,5.985000000000000142e+01,5.966700000000000159e+01,5.000000000000000000e+01,0.000000000000000000e+00
1.090000000000000000e+03,6.853276590506131072e+01,8.372900861214948032e-01,6.787562039776830147e+01,-1.801445788284830596e-01,0.000000000000000000e+00,5.985000000000000142e+01,5.957000000000000028e+01,5.000000000000000000e+01,0.000000000000000000e+00
1.091000000000000000e+03,6.892119188641449057e+01,1.028670677234978736e+00,6.788177575312938927e+01,1.074545605012011684e-02,0.000000000000000000e+00,5.985000000000000142e+01,5.950600000000000023e+01,5.000000000000000000e+01,0.000000000000000000e+00
1.092000000000000000e+03,6.892687810287395678e+01,1.028670677234978736e+00,6.788793110849047707e+01,1.027631714849573837e-02,0.000000000000000000e+00,5.985000000000000142e+01,5.950600000000000023e+01,5.000000000000000000e+01,0.000000000000000000e+00
1.093000000000000000e+03,6.855703397628005291e+01,8.372900861214948032e-01,6.789294128145880336e+01,-1.731973913002486654e-01,0.000000000000000000e+00,5.985000000000000142e+01,5.957000000000000028e+01,5.000000000000000000e+01,0.000000000000000000e+00
1.094000000000000000e+03,6.894515664841013347e+01,1.028670677234978736e+00,6.789909663681989116e+01,1.738933435525849558e-02,0.000000000000000000e+00,5.985000000000000142e+01,5.950600000000000023e+01,5.000000000000000000e+01,0.000000000000000000e+00
1.095000000000000000e+03,6.895055279790956604e+01,1.028670677234978736e+00,6.790525199218097896e+01,1.663012849360371442e-02,0.000000000000000000e+00,5.985000000000000142e+01,5.950600000000000023e+01,5.000000000000000000e+01,0.000000000000000000e+00
1.096000000000000000e+03,6.858043126847098847e+01,8.372900861214948032e-01,6.791026216514930525e+01,-1.671209827998100250e-01,0.000000000000000000e+00,5.985000000000000142e+01,5.957000000000000028e+01,5.000000000000000000e+01,0.000000000000000000e+00
1.097000000000000000e+03,6.859273782364435590e+01,8.372900861214948032e-01,6.791527233811763153e+01,-1.598246005947743520e-01,0.000000000000000000e+00,5.985000000000000142e+01,5.957000000000000028e+01,5.000000000000000000e+01,0.000000000000000000e+00
1.098000000000000000e+03,6.860472582400556973e+01,8.372900861214948032e-01,6.792028251108595782e+01,-1.528467732018877479e-01,0.000000000000000000e+00,5.985000000000000142e+01,5.957000000000000028e+01,5.000000000000000000e+01,0.000000000000000000e+00
1.099000000000000000e+03,6.880418459008981813e+01,9.329803816782473724e-01,6.792586527525067197e+01,-5.466106683910824937e-02,0.000000000000000000e+00,5.985000000000000142e+01,5.953799999999999670e+01,5.000000000000000000e+01,0.000000000000000000e+00
1.100000000000000000e+03,6.862437840455450555e+01,8.372900861214948032e-01,6.793087544821899826e+01,-1.437871297859908692e-01,0.000000000000000000e+00,5.985000000000000142e+01,5.957000000000000028e+01,5.000000000000000000e+01,0.000000000000000000e+00
1.101000000000000000e+03,6.787869658815853313e+01,4.515385821583857151e-01,6.793357736292692550e+01,-5.064193569267867456e-01,0.000000000000000000e+00,5.985000000000000142e+01,5.969899999999999807e+01,5.000000000000000000e+01,0.000000000000000000e+00
1.102000000000000000e+03,6.866047804093811635e+01,8.372900861214948032e-01,6.793858753589525179e+01,-1.153995810786404008e-01,0.000000000000000000e+00,5.985000000000000142e+01,5.957000000000000028e+01,5.000000000000000000e+01,0.000000000000000000e+00
1.103000000000000000e+03,6.847688308251453293e+01,7.386094688286010124e-01,6.794300722419231420e+01,-2.047336105063846390e-01,0.000000000000000000e+00,5.985000000000000142e+01,5.960300000000000153e+01,5.000000000000000000e+01,0.000000000000000000e+00
1.104000000000000000e+03,6.792691505537463570e+01,4.515385821583857151e-01,6.794570913890024144e+01,-4.703326656839960651e-01,0.000000000000000000e+00,5.985000000000000142e+01,5.969899999999999807e+01,5.000000000000000000e+01,0.000000000000000000e+00
1.105000000000000000e+03,6.832570218213876956e+01,6.429191732718696484e-01,6.794955623600093020e+01,-2.667732271340286232e-01,0.000000000000000000e+00,5.985000000000000142e+01,5.963499999999999801e+01,5.000000000000000000e+01,0.000000000000000000e+00
1.106000000000000000e+03,6.796564558161358605e+01,4.515385821583857151e-01,6.795225815070885744e+01,-4.381511512536578890e-01,0.000000000000000000e+00,5.985000000000000142e+01,5.969899999999999807e+01,5.000000000000000000e+01,0.000000000000000000e+00
1.107000000000000000e+03,6.817525227388627229e+01,5.472288777151170791e-01,6.795553265661315834e+01,-3.275092604419997389e-01,0.000000000000000000e+00,5.985000000000000142e+01,5.966700000000000159e+01,5.000000000000000000e+01,0.000000000000000000e+00
1.108000000000000000e+03,6.743585596683590211e+01,1.614773737520080188e-01,6.795649890425704598e+01,-6.821203111731553026e-01,0.000000000000000000e+00,5.985000000000000142e+01,5.979599999999999937e+01,5.000000000000000000e+01,0.000000000000000000e+00
1.109000000000000000e+03,6.765437851052651297e+01,2.571676693087393550e-01,6.795803774309732148e+01,-5.608269018795453142e-01,0.000000000000000000e+00,5.985000000000000142e+01,5.976400000000000290e+01,5.000000000000000000e+01,0.000000000000000000e+00
1.110000000000000000e+03,6.768040264952733764e+01,2.571676693087393550e-01,6.795957658193759698e+01,-5.363416017189968077e-01,0.000000000000000000e+00,5.985000000000000142e+01,5.976400000000000290e+01,5.000000000000000000e+01,0.000000000000000000e+00
1.111000000000000000e+03,6.732980695256935633e+01,6.578707819525544953e-02,6.795997023838511097e+01,-6.959503640110042966e-01,0.000000000000000000e+00,5.985000000000000142e+01,5.982800000000000296e+01,5.000000000000000000e+01,0.000000000000000000e+00
1.112000000000000000e+03,6.830533034753597121e+01,5.472288777151170791e-01,6.796324474428941187e+01,-2.051432744685501297e-01,0.000000000000000000e+00,5.985000000000000142e+01,5.966700000000000159e+01,5.000000000000000000e+01,0.000000000000000000e+00
1.113000000000000000e+03,6.756059162933171081e+01,1.614773737520080188e-01,6.796421099193329951e+01,-5.650967363535930321e-01,0.000000000000000000e+00,5.985000000000000142e+01,5.979599999999999937e+01,5.000000000000000000e+01,0.000000000000000000e+00
1.114000000000000000e+03,6.815542381467331268e+01,4.515385821583857151e-01,6.796691290664122675e+01,-2.630276741263069540e-01,0.000000000000000000e+00,5.985000000000000142e+01,5.969899999999999807e+01,5.000000000000000000e+01,0.000000000000000000e+00
1.115000000000000000e+03,6.741263969663145872e+01,6.578707819525544953e-02,6.796730656308874075e+01,-6.204539446525332291e-01,0.000000000000000000e+00,5.985000000000000142e+01,5.982800000000000296e+01,5.000000000000000000e+01,0.000000000000000000e+00
1.116000000000000000e+03,6.781567275246770521e+01,2.571676693087393550e-01,6.796884540192901625e+01,-4.103403187700552790e-01,0.000000000000000000e+00,5.985000000000000142e+01,5.976400000000000290e+01,5.000000000000000000e+01,0.000000000000000000e+00
1.117000000000000000e+03,6.821654556218621224e+01,4.515385821583857151e-01,6.797154731663694349e+01,-2.065403366091219939e-01,0.000000000000000000e+00,5.985000000000000142e+01,5.969899999999999807e+01,5.000000000000000000e+01,0.000000000000000000e+00
1.118000000000000000e+03,6.879159111778614033e+01,7.386094688286010124e-01,6.797596700493400590e+01,7.701464402354113448e-02,0.000000000000000000e+00,5.985000000000000142e+01,5.960300000000000153e+01,5.000000000000000000e+01,0.000000000000000000e+00
1.119000000000000000e+03,6.747235253171079705e+01,6.578707819525544953e-02,6.797636066138151989e+01,-5.697952078659793695e-01,0.000000000000000000e+00,5.985000000000000142e+01,5.982800000000000296e+01,5.000000000000000000e+01,0.000000000000000000e+00
1.120000000000000000e+03,6.825459267041186706e+01,4.515385821583857151e-01,6.797906257608944713e+01,-1.760084878359702842e-01,0.000000000000000000e+00,5.985000000000000142e+01,5.969899999999999807e+01,5.000000000000000000e+01,0.000000000000000000e+00
1.121000000000000000e+03,6.807720357675755452e+01,3.558482866016331458e-01,6.798119189960098652e+01,-2.598366094450552666e-01,0.000000000000000000e+00,5.985000000000000142e+01,5.973100000000000165e+01,5.000000000000000000e+01,0.000000000000000000e+00
1.122000000000000000e+03,6.789703378590670013e+01,2.571676693087393550e-01,6.798273073844126202e+01,-3.428646218433080706e-01,0.000000000000000000e+00,5.985000000000000142e+01,5.976400000000000290e+01,5.000000000000000000e+01,0.000000000000000000e+00
1.123000000000000000e+03,6.791354184814215955e+01,2.571676693087393550e-01,6.798426957728153752e+01,-3.278953984481196016e-01,0.000000000000000000e+00,5.985000000000000142e+01,5.976400000000000290e+01,5.000000000000000000e+01,0.000000000000000000e+00
1.124000000000000000e+03,6.812303975913037846e+01,3.558482866016331458e-01,6.798639890079307690e+01,-2.192074282643233785e-01,0.000000000000000000e+00,5.985000000000000142e+01,5.973100000000000165e+01,5.000000000000000000e+01,0.000000000000000000e+00
1.125000000000000000e+03,6.851029034700678721e+01,5.472288777151170791e-01,6.798967340669737780e+01,-2.661193740570680366e-02,0.000000000000000000e+00,5.985000000000000142e+01,5.966700000000000159e+01,5.000000000000000000e+01,0.000000000000000000e+00
1.126000000000000000e+03,6.794553249137753426e+01,2.571676693087393550e-01,6.799121224553765330e+01,-3.028474234688660616e-01,0.000000000000000000e+00,5.985000000000000142e+01,5.976400000000000290e+01,5.000000000000000000e+01,0.000000000000000000e+00
1.127000000000000000e+03,6.796029343144303425e+01,2.571676693087393550e-01,6.799275108437792881e+01,-2.896253222436352970e-01,0.000000000000000000e+00,5.985000000000000142e+01,5.976400000000000290e+01,5.000000000000000000e+01,0.000000000000000000e+00
1.128000000000000000e+03,6.778670169139488166e+01,1.614773737520080188e-01,6.799371733202181645e+01,-3.684930143789360568e-01,0.000000000000000000e+00,5.985000000000000142e+01,5.979599999999999937e+01,5.000000000000000000e+01,0.000000000000000000e+00
1.129000000000000000e+03,6.856072571195257126e+01,5.472288777151170791e-01,6.799699183792611734e+01,1.650499631134683121e-02,0.000000000000000000e+00,5.985000000000000142e+01,5.966700000000000159e+01,5.000000000000000000e+01,0.000000000000000000e+00
1.130000000000000000e+03,6.761853457661105438e+01,6.578707819525544953e-02,6.799738549437363133e+01,-4.446379959578393715e-01,0.000000000000000000e+00,5.985000000000000142e+01,5.982800000000000296e+01,5.000000000000000000e+01,0.000000000000000000e+00
1.131000000000000000e+03,6.895863667921832985e+01,7.386094688286010124e-01,6.800180518267069374e+01,2.182220277190386470e-01,0.000000000000000000e+00,5.985000000000000142e+01,5.960300000000000153e+01,5.000000000000000000e+01,0.000000000000000000e+00
1.132000000000000000e+03,6.876575353769197818e+01,6.429191732718696484e-01,6.800565227977138250e+01,1.171820846487320461e-01,0.000000000000000000e+00,5.985000000000000142e+01,5.963499999999999801e+01,5.000000000000000000e+01,0.000000000000000000e+00
1.133000000000000000e+03,6.857670913639070420e+01,5.472288777151170791e-01,6.800892678567568339e+01,2.055347299990059606e-02,0.000000000000000000e+00,5.985000000000000142e+01,5.966700000000000159e+01,5.000000000000000000e+01,0.000000000000000000e+00
1.134000000000000000e+03,6.782211666012221940e+01,1.614773737520080188e-01,6.800989303331957103e+01,-3.492537469493577906e-01,0.000000000000000000e+00,5.985000000000000142e+01,5.979599999999999937e+01,5.000000000000000000e+01,0.000000000000000000e+00
1.135000000000000000e+03,6.802610648844003549e+01,2.571676693087393550e-01,6.801143187215984653e+01,-2.424930530285576702e-01,0.000000000000000000e+00,5.985000000000000142e+01,5.976400000000000290e+01,5.000000000000000000e+01,0.000000000000000000e+00
1.136000000000000000e+03,6.747490616201264402e+01,-2.990321736147588672e-02,6.801125293741097266e+01,-5.064435580368532586e-01,0.000000000000000000e+00,5.985000000000000142e+01,5.985999999999999943e+01,5.000000000000000000e+01,0.000000000000000000e+00
1.137000000000000000e+03,6.787238901497168797e+01,1.614773737520080188e-01,6.801221918505486030e+01,-3.013075438351798807e-01,0.000000000000000000e+00,5.985000000000000142e+01,5.979599999999999937e+01,5.000000000000000000e+01,0.000000000000000000e+00
1.138000000000000000e+03,6.788651013380081167e+01,1.614773737520080188e-01,6.801318543269874795e+01,-2.881526726499410440e-01,0.000000000000000000e+00,5.985000000000000142e+01,5.979599999999999937e+01,5.000000000000000000e+01,0.000000000000000000e+00
1.139000000000000000e+03,6.790005692039218843e+01,1.614773737520080188e-01,6.801415168034263559e+01,-2.755721337024469308e-01,0.000000000000000000e+00,5.985000000000000142e+01,5.979599999999999937e+01,5.000000000000000000e+01,0.000000000000000000e+00
1.140000000000000000e+03,6.810082986233986446e+01,2.571676693087393550e-01,6.801569051918291109e+01,-1.720283261517866480e-01,0.000000000000000000e+00,5.985000000000000142e+01,5.976400000000000290e+01,5.000000000000000000e+01,0.000000000000000000e+00
1.141000000000000000e+03,6.867907355410252990e+01,5.472288777151170791e-01,6.801896502508721198e+01,1.128796513002046087e-01,0.000000000000000000e+00,5.985000000000000142e+01,5.966700000000000159e+01,5.000000000000000000e+01,0.000000000000000000e+00
1.142000000000000000e+03,6.830186899009741808e+01,3.558482866016331458e-01,6.802109434859875137e+01,-7.507364510296576920e-02,0.000000000000000000e+00,5.985000000000000142e+01,5.973100000000000165e+01,5.000000000000000000e+01,0.000000000000000000e+00
1.143000000000000000e+03,6.849505138775184321e+01,4.515385821583857151e-01,6.802379626330667861e+01,1.971654228676721077e-02,0.000000000000000000e+00,5.985000000000000142e+01,5.969899999999999807e+01,5.000000000000000000e+01,0.000000000000000000e+00
1.144000000000000000e+03,6.773992286008140695e+01,6.578707819525544953e-02,6.802418991975419260e+01,-3.500541378680472882e-01,0.000000000000000000e+00,5.985000000000000142e+01,5.982800000000000296e+01,5.000000000000000000e+01,0.000000000000000000e+00
1.145000000000000000e+03,6.794337504169611464e+01,1.614773737520080188e-01,6.802515616739808024e+01,-2.432584994539719325e-01,0.000000000000000000e+00,5.985000000000000142e+01,5.979599999999999937e+01,5.000000000000000000e+01,0.000000000000000000e+00
1.146000000000000000e+03,6.795496178089589989e+01,1.614773737520080188e-01,6.802612241504196788e+01,-2.326380078980686272e-01,0.000000000000000000e+00,5.985000000000000142e+01,5.979599999999999937e+01,5.000000000000000000e+01,0.000000000000000000e+00
1.147000000000000000e+03,6.796608483705422543e+01,1.614773737520080188e-01,6.802708866268585552e+01,-2.224811993836302570e-01,0.000000000000000000e+00,5.985000000000000142e+01,5.979599999999999937e+01,5.000000000000000000e+01,0.000000000000000000e+00
1.148000000000000000e+03,6.816453986690061129e+01,2.571676693087393550e-01,6.802862750152613103e+01,-1.212553039342681577e-01,0.000000000000000000e+00,5.985000000000000142e+01,5.976400000000000290e+01,5.000000000000000000e+01,0.000000000000000000e+00
1.149000000000000000e+03,6.760804638733199567e+01,-2.990321736147588672e-02,6.802844856677725716e+01,-3.904989620837812092e-01,0.000000000000000000e+00,5.985000000000000142e+01,5.985999999999999943e+01,5.000000000000000000e+01,0.000000000000000000e+00
1.150000000000000000e+03,6.781269176975767721e+01,6.578707819525544953e-02,6.802884222322477115e+01,-2.819375316623456973e-01,0.000000000000000000e+00,5.985000000000000142e+01,5.982800000000000296e+01,5.000000000000000000e+01,0.000000000000000000e+00
1.151000000000000000e+03,6.763761920389573845e+01,-2.990321736147588672e-02,6.802866328847589728e+01,-3.611408672186796620e-01,0.000000000000000000e+00,5.985000000000000142e+01,5.985999999999999943e+01,5.000000000000000000e+01,0.000000000000000000e+00
1.152000000000000000e+03,6.745956402599627211e+01,-1.285838346543696775e-01,6.802789386905575952e+01,-4.397460084051275642e-01,0.000000000000000000e+00,5.985000000000000142e+01,5.989300000000000068e+01,5.000000000000000000e+01,0.000000000000000000e+00
1.153000000000000000e+03,6.767163699610553351e+01,-2.990321736147588672e-02,6.802771493430688565e+01,-3.261747208398730891e-01,0.000000000000000000e+00,5.985000000000000142e+01,5.985999999999999943e+01,5.000000000000000000e+01,0.000000000000000000e+00
1.154000000000000000e+03,6.768569861564851919e+01,-2.990321736147588672e-02,6.802753599955801178e+01,-3.119341665480200310e-01,0.000000000000000000e+00,5.985000000000000142e+01,5.985999999999999943e+01,5.000000000000000000e+01,0.000000000000000000e+00
1.155000000000000000e+03,6.750549510850200363e+01,-1.285838346543696775e-01,6.802676658013787403e+01,-3.926876369815020529e-01,0.000000000000000000e+00,5.985000000000000142e+01,5.989300000000000068e+01,5.000000000000000000e+01,0.000000000000000000e+00
1.156000000000000000e+03,6.714631932425034222e+01,-3.199644257678536108e-01,6.802485197832497477e+01,-5.585682283067856524e-01,0.000000000000000000e+00,5.985000000000000142e+01,5.995700000000000074e+01,5.000000000000000000e+01,0.000000000000000000e+00
1.157000000000000000e+03,6.735656682319095978e+01,-2.242741302111010138e-01,6.802350996770846336e+01,-4.426690143064007099e-01,0.000000000000000000e+00,5.985000000000000142e+01,5.992499999999999716e+01,5.000000000000000000e+01,0.000000000000000000e+00
1.158000000000000000e+03,6.661758179184997175e+01,-6.100256341742312793e-01,6.801985969883153871e+01,-7.922522728073273512e-01,0.000000000000000000e+00,5.985000000000000142e+01,6.005400000000000205e+01,5.000000000000000000e+01,0.000000000000000000e+00
1.159000000000000000e+03,6.702993949575484578e+01,-4.156547213245849193e-01,6.801737250582226579e+01,-5.717782887428394245e-01,0.000000000000000000e+00,5.985000000000000142e+01,5.998899999999999721e+01,5.000000000000000000e+01,0.000000000000000000e+00
1.160000000000000000e+03,6.667099692563239444e+01,-6.100256341742312793e-01,6.801372223694534114e+01,-7.326996771387074281e-01,0.000000000000000000e+00,5.985000000000000142e+01,6.005400000000000205e+01,5.000000000000000000e+01,0.000000000000000000e+00
1.161000000000000000e+03,6.708075460593747152e+01,-4.156547213245849193e-01,6.801123504393606822e+01,-5.148257166740131119e-01,0.000000000000000000e+00,5.985000000000000142e+01,5.998899999999999721e+01,5.000000000000000000e+01,0.000000000000000000e+00
1.162000000000000000e+03,6.728851974700765481e+01,-3.199644257678536108e-01,6.800932044212316896e+01,-4.008362693476708039e-01,0.000000000000000000e+00,5.985000000000000142e+01,5.995700000000000074e+01,5.000000000000000000e+01,0.000000000000000000e+00
1.163000000000000000e+03,6.730410536912715713e+01,-3.199644257678536108e-01,6.800740584031026970e+01,-3.833360454152600627e-01,0.000000000000000000e+00,5.985000000000000142e+01,5.995700000000000074e+01,5.000000000000000000e+01,0.000000000000000000e+00
1.164000000000000000e+03,6.713115153136504887e+01,-4.156547213245849193e-01,6.800491864730099678e+01,-4.581123946113589973e-01,0.000000000000000000e+00,5.985000000000000142e+01,5.998899999999999721e+01,5.000000000000000000e+01,0.000000000000000000e+00
1.165000000000000000e+03,6.752421602214461416e+01,-2.242741302111010138e-01,6.800357663668448538e+01,-2.550864843287660166e-01,0.000000000000000000e+00,5.985000000000000142e+01,5.992499999999999716e+01,5.000000000000000000e+01,0.000000000000000000e+00
1.166000000000000000e+03,6.734623549175680068e+01,-3.199644257678536108e-01,6.800166203487158612e+01,-3.354621173469296558e-01,0.000000000000000000e+00,5.985000000000000142e+01,5.995700000000000074e+01,5.000000000000000000e+01,0.000000000000000000e+00
1.167000000000000000e+03,6.773451775062505931e+01,-1.285838346543696775e-01,6.800089261545144836e+01,-1.377910301720182418e-01,0.000000000000000000e+00,5.985000000000000142e+01,5.989300000000000068e+01,5.000000000000000000e+01,0.000000000000000000e+00
1.168000000000000000e+03,6.773976418872155136e+01,-1.285838346543696775e-01,6.800012319603131061e+01,-1.317751726554012848e-01,0.000000000000000000e+00,5.985000000000000142e+01,5.989300000000000068e+01,5.000000000000000000e+01,0.000000000000000000e+00
1.169000000000000000e+03,6.774474797879503285e+01,-1.285838346543696775e-01,6.799935377661117286e+01,-1.260219631617728875e-01,0.000000000000000000e+00,5.985000000000000142e+01,5.989300000000000068e+01,5.000000000000000000e+01,0.000000000000000000e+00
1.170000000000000000e+03,6.774948058786978322e+01,-1.285838346543696775e-01,6.799858435719103511e+01,-1.205199346668909960e-01,0.000000000000000000e+00,5.985000000000000142e+01,5.989300000000000068e+01,5.000000000000000000e+01,0.000000000000000000e+00
1.171000000000000000e+03,6.794761637663421538e+01,-2.990321736147588672e-02,6.799840542244216124e+01,-2.088582844646594272e-02,0.000000000000000000e+00,5.985000000000000142e+01,5.985999999999999943e+01,5.000000000000000000e+01,0.000000000000000000e+00
1.172000000000000000e+03,6.756693049520356453e+01,-2.242741302111010138e-01,6.799706341182564984e+01,-2.058587864109875931e-01,0.000000000000000000e+00,5.985000000000000142e+01,5.992499999999999716e+01,5.000000000000000000e+01,0.000000000000000000e+00
1.173000000000000000e+03,6.814377035113203362e+01,6.578707819525544953e-02,6.799745706827316383e+01,8.052620466361792850e-02,0.000000000000000000e+00,5.985000000000000142e+01,5.982800000000000296e+01,5.000000000000000000e+01,0.000000000000000000e+00
1.174000000000000000e+03,6.775922948429209214e+01,-1.285838346543696775e-01,6.799668764885302608e+01,-1.088743299065730585e-01,0.000000000000000000e+00,5.985000000000000142e+01,5.989300000000000068e+01,5.000000000000000000e+01,0.000000000000000000e+00
1.175000000000000000e+03,6.795685683430804147e+01,-2.990321736147588672e-02,6.799650871410415220e+01,-9.748662434631474860e-03,0.000000000000000000e+00,5.985000000000000142e+01,5.985999999999999943e+01,5.000000000000000000e+01,0.000000000000000000e+00
1.176000000000000000e+03,6.701235847421801850e+01,-5.113450168813374885e-01,6.799344892989849143e+01,-4.697454387991356062e-01,0.000000000000000000e+00,5.985000000000000142e+01,6.002100000000000080e+01,5.000000000000000000e+01,0.000000000000000000e+00
1.177000000000000000e+03,6.778090908948531990e+01,-1.285838346543696775e-01,6.799267951047835368e+01,-8.318658633867187513e-02,0.000000000000000000e+00,5.985000000000000142e+01,5.989300000000000068e+01,5.000000000000000000e+01,0.000000000000000000e+00
1.178000000000000000e+03,6.703266988609854593e+01,-5.113450168813374885e-01,6.798961972627269290e+01,-4.456048232928078168e-01,0.000000000000000000e+00,5.985000000000000142e+01,6.002100000000000080e+01,5.000000000000000000e+01,0.000000000000000000e+00
1.179000000000000000e+03,6.704906488877053050e+01,-5.113450168813374885e-01,6.798655994206703213e+01,-4.261500364151697973e-01,0.000000000000000000e+00,5.985000000000000142e+01,6.002100000000000080e+01,5.000000000000000000e+01,0.000000000000000000e+00
1.180000000000000000e+03,6.687096711509936142e+01,-6.100256341742312793e-01,6.798290967319010747e+01,-5.019169239165157670e-01,0.000000000000000000e+00,5.985000000000000142e+01,6.005400000000000205e+01,5.000000000000000000e+01,0.000000000000000000e+00
1.181000000000000000e+03,6.708287357331741418e+01,-5.113450168813374885e-01,6.797984988898444669e+01,-3.856312987856938546e-01,0.000000000000000000e+00,5.985000000000000142e+01,6.002100000000000080e+01,5.000000000000000000e+01,0.000000000000000000e+00
1.182000000000000000e+03,6.652745595531102651e+01,-8.014062252877152126e-01,6.797505443771476052e+01,-6.461922571160063633e-01,0.000000000000000000e+00,5.985000000000000142e+01,6.011800000000000210e+01,5.000000000000000000e+01,0.000000000000000000e+00
1.183000000000000000e+03,6.616945398739773054e+01,-9.957771381373403674e-01,6.796909591057742261e+01,-8.038647850423434882e-01,0.000000000000000000e+00,5.985000000000000142e+01,6.018299999999999983e+01,5.000000000000000000e+01,0.000000000000000000e+00
1.184000000000000000e+03,6.619859162002786945e+01,-9.957771381373403674e-01,6.796313738344008470e+01,-7.687686252748792137e-01,0.000000000000000000e+00,5.985000000000000142e+01,6.018299999999999983e+01,5.000000000000000000e+01,0.000000000000000000e+00
1.185000000000000000e+03,6.660761578646976488e+01,-8.014062252877152126e-01,6.795834193217039854e+01,-5.493199204129061153e-01,0.000000000000000000e+00,5.985000000000000142e+01,6.011800000000000210e+01,5.000000000000000000e+01,0.000000000000000000e+00
1.186000000000000000e+03,6.605760902917822364e+01,-1.091467433694093048e+00,6.795181081383668698e+01,-8.027343509643682928e-01,0.000000000000000000e+00,5.985000000000000142e+01,6.021500000000000341e+01,5.000000000000000000e+01,0.000000000000000000e+00
1.187000000000000000e+03,6.608612471667117916e+01,-1.091467433694093048e+00,6.794527969550297541e+01,-7.676875451376977688e-01,0.000000000000000000e+00,5.985000000000000142e+01,6.021500000000000341e+01,5.000000000000000000e+01,0.000000000000000000e+00
1.188000000000000000e+03,6.573755946044551024e+01,-1.282848024807576870e+00,6.793760339477650234e+01,-9.171959095234207826e-01,0.000000000000000000e+00,5.985000000000000142e+01,6.027900000000000347e+01,5.000000000000000000e+01,0.000000000000000000e+00
1.189000000000000000e+03,6.633325351305168738e+01,-9.957771381373403674e-01,6.793164486763916443e+01,-6.026142164501304688e-01,0.000000000000000000e+00,5.985000000000000142e+01,6.018299999999999983e+01,5.000000000000000000e+01,0.000000000000000000e+00
1.190000000000000000e+03,6.616582927758736332e+01,-1.091467433694093048e+00,6.792511374930545287e+01,-6.678170380239993875e-01,0.000000000000000000e+00,5.985000000000000142e+01,6.021500000000000341e+01,5.000000000000000000e+01,0.000000000000000000e+00
1.191000000000000000e+03,6.618845457199623183e+01,-1.091467433694093048e+00,6.791858263097174131e+01,-6.386606252814129858e-01,0.000000000000000000e+00,5.985000000000000142e+01,6.021500000000000341e+01,5.000000000000000000e+01,0.000000000000000000e+00
1.192000000000000000e+03,6.620980691834357401e+01,-1.091467433694093048e+00,6.791205151263802975e+01,-6.107771606003665754e-01,0.000000000000000000e+00,5.985000000000000142e+01,6.021500000000000341e+01,5.000000000000000000e+01,0.000000000000000000e+00
1.193000000000000000e+03,6.622994189262843179e+01,-1.091467433694093048e+00,6.790552039430431819e+01,-5.841110679817932416e-01,0.000000000000000000e+00,5.985000000000000142e+01,6.021500000000000341e+01,5.000000000000000000e+01,0.000000000000000000e+00
1.194000000000000000e+03,6.606113723178104635e+01,-1.187157729250824190e+00,6.789841668477421877e+01,-6.501217237423473350e-01,0.000000000000000000e+00,5.985000000000000142e+01,6.024699999999999989e+01,5.000000000000000000e+01,0.000000000000000000e+00
1.195000000000000000e+03,6.627019278292841875e+01,-1.091467433694093048e+00,6.789188556644050720e+01,-5.302253498179949620e-01,0.000000000000000000e+00,5.985000000000000142e+01,6.021500000000000341e+01,5.000000000000000000e+01,0.000000000000000000e+00
1.196000000000000000e+03,6.628681092294789323e+01,-1.091467433694093048e+00,6.788535444810679564e+01,-5.070760914648108075e-01,0.000000000000000000e+00,5.985000000000000142e+01,6.021500000000000341e+01,5.000000000000000000e+01,0.000000000000000000e+00
1.197000000000000000e+03,6.668383718992340903e+01,-8.970965208444465766e-01,6.787998640564072161e+01,-2.990526948728728929e-01,0.000000000000000000e+00,5.985000000000000142e+01,6.014999999999999858e+01,5.000000000000000000e+01,0.000000000000000000e+00
1.198000000000000000e+03,6.631010676658777925e+01,-1.091467433694093048e+00,6.787345528730701005e+01,-4.718810870251410883e-01,0.000000000000000000e+00,5.985000000000000142e+01,6.021500000000000341e+01,5.000000000000000000e+01,0.000000000000000000e+00
1.199000000000000000e+03,6.670559644492075790e+01,-8.970965208444465766e-01,6.786808724484093602e+01,-2.653942790757398695e-01,0.000000000000000000e+00,5.985000000000000142e+01,6.014999999999999858e+01,5.000000000000000000e+01,0.000000000000000000e+00
1.200000000000000000e+03,8.031998869826907139e+00,-3.080031388232628231e+01,6.768378445350590766e+01,-2.885147170135272177e+01,0.000000000000000000e+00,4.985000000000000142e+01,6.014999999999999858e+01,5.000000000000000000e+01,0.000000000000000000e+00
1.201000000000000000e+03,9.107330632957172156e+00,-3.080031388232628231e+01,6.749948166217087930e+01,-2.759183714688742839e+01,0.000000000000000000e+00,4.985000000000000142e+01,6.014999999999999858e+01,5.000000000000000000e+01,0.000000000000000000e+00
1.202000000000000000e+03,9.746248848220439243e+00,-3.099468479517592812e+01,6.731401579496821341e+01,-2.657308215157184605e+01,0.000000000000000000e+00,4.985000000000000142e+01,6.021500000000000341e+01,5.000000000000000000e+01,0.000000000000000000e+00
1.203000000000000000e+03,1.090872009507248563e+01,-3.089899449961917455e+01,6.712912251896192117e+01,-2.532140792427025744e+01,0.000000000000000000e+00,4.985000000000000142e+01,6.018299999999999983e+01,5.000000000000000000e+01,0.000000000000000000e+00
1.204000000000000000e+03,1.239853554136033509e+01,-3.060893329121279649e+01,6.694596491001965433e+01,-2.393849607744652630e+01,0.000000000000000000e+00,4.985000000000000142e+01,6.008599999999999852e+01,5.000000000000000000e+01,0.000000000000000000e+00
1.205000000000000000e+03,1.364193430301463295e+01,-3.041456237836317200e+01,6.676397037694503922e+01,-2.270747369556723427e+01,0.000000000000000000e+00,4.985000000000000142e+01,6.002100000000000080e+01,5.000000000000000000e+01,0.000000000000000000e+00
1.206000000000000000e+03,1.445133177959639426e+01,-3.041456237836317200e+01,6.658197584387042411e+01,-2.171608168591085786e+01,0.000000000000000000e+00,4.985000000000000142e+01,6.002100000000000080e+01,5.000000000000000000e+01,0.000000000000000000e+00
1.207000000000000000e+03,1.521744579232887773e+01,-3.041456237836317200e+01,6.639998131079580901e+01,-2.076797314010375928e+01,0.000000000000000000e+00,4.985000000000000142e+01,6.002100000000000080e+01,5.000000000000000000e+01,0.000000000000000000e+00
1.208000000000000000e+03,1.574852267188297361e+01,-3.051324299565606779e+01,6.621739629304993002e+01,-1.995563062551088507e+01,0.000000000000000000e+00,4.985000000000000142e+01,6.005400000000000205e+01,5.000000000000000000e+01,0.000000000000000000e+00
1.209000000000000000e+03,1.663082956402118739e+01,-3.041456237836317200e+01,6.603540175997531492e+01,-1.899000981759095552e+01,0.000000000000000000e+00,4.985000000000000142e+01,6.002100000000000080e+01,5.000000000000000000e+01,0.000000000000000000e+00
1.210000000000000000e+03,1.670873101522544246e+01,-3.070462358676955006e+01,6.585167155983667442e+01,-1.843831695784168190e+01,0.000000000000000000e+00,4.985000000000000142e+01,6.011800000000000210e+01,5.000000000000000000e+01,0.000000000000000000e+00
1.211000000000000000e+03,1.770555532987983582e+01,-3.051324299565606779e+01,6.566908654209079543e+01,-1.745028821655488827e+01,0.000000000000000000e+00,4.985000000000000142e+01,6.005400000000000205e+01,5.000000000000000000e+01,0.000000000000000000e+00
1.212000000000000000e+03,1.847848076994673860e+01,-3.041456237836317200e+01,6.548709200901618033e+01,-1.659404886070626972e+01,0.000000000000000000e+00,4.985000000000000142e+01,6.002100000000000080e+01,5.000000000000000000e+01,0.000000000000000000e+00
1.213000000000000000e+03,1.902097050442687021e+01,-3.041456237836317200e+01,6.530509747594156522e+01,-1.586956459315152301e+01,0.000000000000000000e+00,4.985000000000000142e+01,6.002100000000000080e+01,5.000000000000000000e+01,0.000000000000000000e+00
1.214000000000000000e+03,2.009515601356189762e+01,-3.012749149169293617e+01,6.512482071645609949e+01,-1.490217321120126570e+01,0.000000000000000000e+00,4.985000000000000142e+01,5.992499999999999716e+01,5.000000000000000000e+01,0.000000000000000000e+00
1.215000000000000000e+03,2.056549744464090423e+01,-3.012749149169293617e+01,6.494454395697063376e+01,-1.425155502063679513e+01,0.000000000000000000e+00,4.985000000000000142e+01,5.992499999999999716e+01,5.000000000000000000e+01,0.000000000000000000e+00
1.216000000000000000e+03,2.119520876497836070e+01,-3.003180119613620391e+01,6.476483978868154168e+01,-1.353782982756698061e+01,0.000000000000000000e+00,4.985000000000000142e+01,5.989300000000000068e+01,5.000000000000000000e+01,0.000000000000000000e+00
1.217000000000000000e+03,2.160655653399736664e+01,-3.003180119613620391e+01,6.458513562039244960e+01,-1.294677789025888259e+01,0.000000000000000000e+00,4.985000000000000142e+01,5.989300000000000068e+01,5.000000000000000000e+01,0.000000000000000000e+00
1.218000000000000000e+03,2.180432398683393203e+01,-3.012749149169293617e+01,6.440485886090698386e+01,-1.247304338238011567e+01,0.000000000000000000e+00,4.985000000000000142e+01,5.992499999999999716e+01,5.000000000000000000e+01,0.000000000000000000e+00
1.219000000000000000e+03,2.235638676507078770e+01,-3.003180119613620391e+01,6.422515469261789178e+01,-1.183696673141090194e+01,0.000000000000000000e+00,4.985000000000000142e+01,5.989300000000000068e+01,5.000000000000000000e+01,0.000000000000000000e+00
1.220000000000000000e+03,2.269347607162693947e+01,-3.003180119613620391e+01,6.404545052432879970e+01,-1.132017325656565809e+01,0.000000000000000000e+00,4.985000000000000142e+01,5.989300000000000068e+01,5.000000000000000000e+01,0.000000000000000000e+00
1.221000000000000000e+03,2.320164594016053883e+01,-2.993312057884331168e+01,6.386633684071097861e+01,-1.073157032170713343e+01,0.000000000000000000e+00,4.985000000000000142e+01,5.985999999999999943e+01,5.000000000000000000e+01,0.000000000000000000e+00
1.222000000000000000e+03,2.386661574254836538e+01,-2.974173998772982586e+01,6.368836833948591902e+01,-1.008001260920772424e+01,0.000000000000000000e+00,4.985000000000000142e+01,5.979599999999999937e+01,5.000000000000000000e+01,0.000000000000000000e+00
1.223000000000000000e+03,2.451015216671885710e+01,-2.954736907488020137e+01,6.351156291412850408e+01,-9.454041672529445606e+00,0.000000000000000000e+00,4.985000000000000142e+01,5.973100000000000165e+01,5.000000000000000000e+01,0.000000000000000000e+00
1.224000000000000000e+03,2.512165424313027629e+01,-2.935598848376671910e+01,6.333590267116385064e+01,-8.858259944266851704e+00,0.000000000000000000e+00,4.985000000000000142e+01,5.966700000000000159e+01,5.000000000000000000e+01,0.000000000000000000e+00
1.225000000000000000e+03,2.514496386115120430e+01,-2.945167877932344780e+01,6.315966983700281645e+01,-8.563027196528159024e+00,0.000000000000000000e+00,4.985000000000000142e+01,5.969899999999999807e+01,5.000000000000000000e+01,0.000000000000000000e+00
1.226000000000000000e+03,2.590591288867201314e+01,-2.916460789265323328e+01,6.298515477643092453e+01,-7.914633995105682551e+00,0.000000000000000000e+00,4.985000000000000142e+01,5.960300000000000153e+01,5.000000000000000000e+01,0.000000000000000000e+00
1.227000000000000000e+03,2.627058846413385851e+01,-2.906592727536034104e+01,6.281123020053030359e+01,-7.474714461036105817e+00,0.000000000000000000e+00,4.985000000000000142e+01,5.957000000000000028e+01,5.000000000000000000e+01,0.000000000000000000e+00
1.228000000000000000e+03,2.622936116442528132e+01,-2.916460789265323328e+01,6.263671513995841167e+01,-7.242746082879893521e+00,0.000000000000000000e+00,4.985000000000000142e+01,5.960300000000000153e+01,5.000000000000000000e+01,0.000000000000000000e+00
1.229000000000000000e+03,2.675247800835824918e+01,-2.897023697980358747e+01,6.246336315525417149e+01,-6.740648167092334830e+00,0.000000000000000000e+00,4.985000000000000142e+01,5.953799999999999670e+01,5.000000000000000000e+01,0.000000000000000000e+00
1.230000000000000000e+03,2.744261210605544932e+01,-2.868017577139723073e+01,6.229174683761395670e+01,-6.168958960161276650e+00,0.000000000000000000e+00,4.985000000000000142e+01,5.944100000000000250e+01,5.000000000000000000e+01,0.000000000000000000e+00
1.231000000000000000e+03,2.791587893590472191e+01,-2.848879518028374846e+01,6.212127570236650342e+01,-5.716601586178034822e+00,0.000000000000000000e+00,4.985000000000000142e+01,5.937700000000000244e+01,5.000000000000000000e+01,0.000000000000000000e+00
1.232000000000000000e+03,2.780721511176891170e+01,-2.858448547584047716e+01,6.195023197592266939e+01,-5.558531388313284083e+00,0.000000000000000000e+00,4.985000000000000142e+01,5.940899999999999892e+01,5.000000000000000000e+01,0.000000000000000000e+00
1.233000000000000000e+03,2.863582250995694523e+01,-2.819873397187737041e+01,6.178149650773924861e+01,-4.946940025904930316e+00,0.000000000000000000e+00,4.985000000000000142e+01,5.928000000000000114e+01,5.000000000000000000e+01,0.000000000000000000e+00
1.234000000000000000e+03,2.868306689403198817e+01,-2.819873397187737041e+01,6.161276103955582784e+01,-4.730960173646471034e+00,0.000000000000000000e+00,4.985000000000000142e+01,5.928000000000000114e+01,5.000000000000000000e+01,0.000000000000000000e+00
1.235000000000000000e+03,2.890865716537674501e+01,-2.810304367632061684e+01,6.144459816256878781e+01,-4.432897320871425961e+00,0.000000000000000000e+00,4.985000000000000142e+01,5.924799999999999756e+01,5.000000000000000000e+01,0.000000000000000000e+00
1.236000000000000000e+03,2.950322562458316966e+01,-2.781298246791426010e+01,6.127817095264577318e+01,-3.961962860148343424e+00,0.000000000000000000e+00,4.985000000000000142e+01,5.915100000000000335e+01,5.000000000000000000e+01,0.000000000000000000e+00
1.237000000000000000e+03,2.988532569587277266e+01,-2.762160187680077783e+01,6.111288892511552007e+01,-3.605961352441971357e+00,0.000000000000000000e+00,4.985000000000000142e+01,5.908700000000000330e+01,5.000000000000000000e+01,0.000000000000000000e+00
1.238000000000000000e+03,3.044667157345473285e+01,-2.733154066839439977e+01,6.094934256464929945e+01,-3.171130322800171264e+00,0.000000000000000000e+00,4.985000000000000142e+01,5.899000000000000199e+01,5.000000000000000000e+01,0.000000000000000000e+00
1.239000000000000000e+03,3.079712531301776224e+01,-2.714016007728091395e+01,6.078694138657584034e+01,-2.849655996277160597e+00,0.000000000000000000e+00,4.985000000000000142e+01,5.892600000000000193e+01,5.000000000000000000e+01,0.000000000000000000e+00
1.240000000000000000e+03,3.094691348386460561e+01,-2.704446978172416394e+01,6.062511279969876199e+01,-2.633729534109988446e+00,0.000000000000000000e+00,4.985000000000000142e+01,5.889399999999999835e+01,5.000000000000000000e+01,0.000000000000000000e+00
1.241000000000000000e+03,3.165704127111743915e+01,-2.665871827776105363e+01,6.046559247108208979e+01,-2.149832922203596564e+00,0.000000000000000000e+00,4.985000000000000142e+01,5.876500000000000057e+01,5.000000000000000000e+01,0.000000000000000000e+00
1.242000000000000000e+03,3.197279991241408936e+01,-2.646434736491142914e+01,6.030723521833306222e+01,-1.870087941007540611e+00,0.000000000000000000e+00,4.985000000000000142e+01,5.870000000000000284e+01,5.000000000000000000e+01,0.000000000000000000e+00
1.243000000000000000e+03,3.208386477010130733e+01,-2.636865706935467557e+01,6.014945055678041541e+01,-1.696928717324432734e+00,0.000000000000000000e+00,4.985000000000000142e+01,5.866799999999999926e+01,5.000000000000000000e+01,0.000000000000000000e+00
1.244000000000000000e+03,3.237571762417572785e+01,-2.617727647824119330e+01,5.999281107762053011e+01,-1.439816975203602745e+00,0.000000000000000000e+00,4.985000000000000142e+01,5.860399999999999920e+01,5.000000000000000000e+01,0.000000000000000000e+00
1.245000000000000000e+03,3.247558291543649744e+01,-2.607859586094829751e+01,5.983676208313191580e+01,-1.282583306747122842e+00,0.000000000000000000e+00,4.985000000000000142e+01,5.857099999999999795e+01,5.000000000000000000e+01,0.000000000000000000e+00
1.246000000000000000e+03,3.332027563285630833e+01,-2.559715406142843719e+01,5.968359393810008839e+01,-7.661642438153379864e-01,0.000000000000000000e+00,4.985000000000000142e+01,5.840999999999999659e+01,5.000000000000000000e+01,0.000000000000000000e+00
1.247000000000000000e+03,3.338833308167151159e+01,-2.550146376587170494e+01,5.953099838426464174e+01,-6.412015367214261019e-01,0.000000000000000000e+00,4.985000000000000142e+01,5.837800000000000011e+01,5.000000000000000000e+01,0.000000000000000000e+00
1.248000000000000000e+03,3.364515073385440758e+01,-2.530709285302208045e+01,5.937956590629684683e+01,-4.273223194203571440e-01,0.000000000000000000e+00,4.985000000000000142e+01,5.831300000000000239e+01,5.000000000000000000e+01,0.000000000000000000e+00
1.249000000000000000e+03,3.370015025442292966e+01,-2.521140255746532688e+01,5.922870601952543268e+01,-3.171532076371772479e-01,0.000000000000000000e+00,4.985000000000000142e+01,5.828099999999999881e+01,5.000000000000000000e+01,0.000000000000000000e+00
1.250000000000000000e+03,3.393868787447080138e+01,-2.502002196635184461e+01,5.907899131514678004e+01,-1.202814743241316930e-01,0.000000000000000000e+00,4.985000000000000142e+01,5.821699999999999875e+01,5.000000000000000000e+01,0.000000000000000000e+00
1.251000000000000000e+03,3.473896961791169957e+01,-2.453858016683198073e+01,5.893215746022491430e+01,3.453923245187615620e-01,0.000000000000000000e+00,4.985000000000000142e+01,5.805599999999999739e+01,5.000000000000000000e+01,0.000000000000000000e+00
1.252000000000000000e+03,3.401372994392752958e+01,-2.482565105350222012e+01,5.878360583171390630e+01,5.577516571584012484e-02,0.000000000000000000e+00,4.985000000000000142e+01,5.815200000000000102e+01,5.000000000000000000e+01,0.000000000000000000e+00
1.253000000000000000e+03,3.499526366930756893e+01,-2.424851895842562399e+01,5.863850764385607306e+01,6.052749838771190882e-01,0.000000000000000000e+00,4.985000000000000142e+01,5.795900000000000318e+01,5.000000000000000000e+01,0.000000000000000000e+00
1.254000000000000000e+03,3.444818878459803813e+01,-2.443989954953910981e+01,5.849226427360547831e+01,3.958240605316728500e-01,0.000000000000000000e+00,4.985000000000000142e+01,5.802300000000000324e+01,5.000000000000000000e+01,0.000000000000000000e+00
1.255000000000000000e+03,3.484799025783768656e+01,-2.415282866286887398e+01,5.834773867694402583e+01,6.530802437625369272e-01,0.000000000000000000e+00,4.985000000000000142e+01,5.792699999999999960e+01,5.000000000000000000e+01,0.000000000000000000e+00
1.256000000000000000e+03,3.505637045326476908e+01,-2.395845775001924949e+01,5.820437615615021798e+01,8.104520471337984810e-01,0.000000000000000000e+00,4.985000000000000142e+01,5.786200000000000188e+01,5.000000000000000000e+01,0.000000000000000000e+00
1.257000000000000000e+03,3.544095041554857772e+01,-2.367138686334901010e+01,5.806273140894555240e+01,1.049605869952042081e+00,0.000000000000000000e+00,4.985000000000000142e+01,5.776599999999999824e+01,5.000000000000000000e+01,0.000000000000000000e+00
1.258000000000000000e+03,3.487792980379951047e+01,-2.386276745446249592e+01,5.791994147934812531e+01,8.207557789138811843e-01,0.000000000000000000e+00,4.985000000000000142e+01,5.782999999999999829e+01,5.000000000000000000e+01,0.000000000000000000e+00
1.259000000000000000e+03,3.583182672337022723e+01,-2.328563535938590334e+01,5.778060499040387299e+01,1.336857092352258025e+00,0.000000000000000000e+00,4.985000000000000142e+01,5.763700000000000045e+01,5.000000000000000000e+01,0.000000000000000000e+00
1.260000000000000000e+03,3.507079777494462292e+01,-2.357270624605611786e+01,5.763955072787047840e+01,1.003953293130267710e+00,0.000000000000000000e+00,4.985000000000000142e+01,5.773299999999999699e+01,5.000000000000000000e+01,0.000000000000000000e+00
1.261000000000000000e+03,3.544923786991961379e+01,-2.328563535938590334e+01,5.750021423892622607e+01,1.234658990379291055e+00,0.000000000000000000e+00,4.985000000000000142e+01,5.763700000000000045e+01,5.000000000000000000e+01,0.000000000000000000e+00
1.262000000000000000e+03,3.601296668757212416e+01,-2.289988385542279303e+01,5.736318600824237990e+01,1.549664534752540623e+00,0.000000000000000000e+00,4.985000000000000142e+01,5.750800000000000267e+01,5.000000000000000000e+01,0.000000000000000000e+00
1.263000000000000000e+03,3.599605662779676862e+01,-2.280419355986603946e+01,5.722673036875491448e+01,1.573519818907888945e+00,0.000000000000000000e+00,4.985000000000000142e+01,5.747599999999999909e+01,5.000000000000000000e+01,0.000000000000000000e+00
1.264000000000000000e+03,3.636009646159382669e+01,-2.251413235145966141e+01,5.709201039633148156e+01,1.782218416721999432e+00,0.000000000000000000e+00,4.985000000000000142e+01,5.737899999999999778e+01,5.000000000000000000e+01,0.000000000000000000e+00
1.265000000000000000e+03,3.633534152444206455e+01,-2.241844205590293271e+01,5.695786301510442939e+01,1.795920565240574529e+00,0.000000000000000000e+00,4.985000000000000142e+01,5.734700000000000131e+01,5.000000000000000000e+01,0.000000000000000000e+00
1.266000000000000000e+03,3.631642893415891393e+01,-2.231976143861003692e+01,5.682430611854864111e+01,1.811884254220308188e+00,0.000000000000000000e+00,4.985000000000000142e+01,5.731400000000000006e+01,5.000000000000000000e+01,0.000000000000000000e+00
1.267000000000000000e+03,3.647931729635456577e+01,-2.212838084749655465e+01,5.669189440438561434e+01,1.915803739465500977e+00,0.000000000000000000e+00,4.985000000000000142e+01,5.725000000000000000e+01,5.000000000000000000e+01,0.000000000000000000e+00
1.268000000000000000e+03,3.663881379077610490e+01,-2.193700025638306883e+01,5.656062787261534908e+01,2.015186174543822872e+00,0.000000000000000000e+00,4.985000000000000142e+01,5.718599999999999994e+01,5.000000000000000000e+01,0.000000000000000000e+00
1.269000000000000000e+03,3.641956567645741671e+01,-2.193700025638306883e+01,5.642936134084508382e+01,1.927204591995397287e+00,0.000000000000000000e+00,4.985000000000000142e+01,5.718599999999999994e+01,5.000000000000000000e+01,0.000000000000000000e+00
1.270000000000000000e+03,3.658557758187563991e+01,-2.174262934353344434e+01,5.629925788494247030e+01,2.028949040466616616e+00,0.000000000000000000e+00,4.985000000000000142e+01,5.712100000000000222e+01,5.000000000000000000e+01,0.000000000000000000e+00
1.271000000000000000e+03,3.693608588620030986e+01,-2.145256813512706628e+01,5.617089009610388217e+01,2.217763925223493082e+00,0.000000000000000000e+00,4.985000000000000142e+01,5.702400000000000091e+01,5.000000000000000000e+01,0.000000000000000000e+00
1.272000000000000000e+03,3.671089211556173382e+01,-2.145256813512706628e+01,5.604252230726529405e+01,2.120937943423503391e+00,0.000000000000000000e+00,4.985000000000000142e+01,5.702400000000000091e+01,5.000000000000000000e+01,0.000000000000000000e+00
1.273000000000000000e+03,3.686547652314018109e+01,-2.126118754401358402e+01,5.591529970081946743e+01,2.211364366334303444e+00,0.000000000000000000e+00,4.985000000000000142e+01,5.696000000000000085e+01,5.000000000000000000e+01,0.000000000000000000e+00
1.274000000000000000e+03,3.664170733504398925e+01,-2.126118754401358402e+01,5.578807709437364082e+01,2.114817784683935553e+00,0.000000000000000000e+00,4.985000000000000142e+01,5.696000000000000085e+01,5.000000000000000000e+01,0.000000000000000000e+00
1.275000000000000000e+03,3.774831715334909177e+01,-2.058537483164409565e+01,5.566489841325225285e+01,2.668793571740931903e+00,0.000000000000000000e+00,4.985000000000000142e+01,5.673400000000000176e+01,5.000000000000000000e+01,0.000000000000000000e+00
1.276000000000000000e+03,3.712720205269337725e+01,-2.077974574449372014e+01,5.554055665626322025e+01,2.366391140923880698e+00,0.000000000000000000e+00,4.985000000000000142e+01,5.679899999999999949e+01,5.000000000000000000e+01,0.000000000000000000e+00
1.277000000000000000e+03,3.765651498859024571e+01,-2.039399424053061338e+01,5.541852315753459379e+01,2.631986071586272402e+00,0.000000000000000000e+00,4.985000000000000142e+01,5.667000000000000171e+01,5.000000000000000000e+01,0.000000000000000000e+00
1.278000000000000000e+03,3.704402004102146861e+01,-2.058537483164409565e+01,5.529534447641320583e+01,2.334050396252361992e+00,0.000000000000000000e+00,4.985000000000000142e+01,5.673400000000000176e+01,5.000000000000000000e+01,0.000000000000000000e+00
1.279000000000000000e+03,3.832700967713736162e+01,-1.981686214545399949e+01,5.517676441833774703e+01,2.967107404253619851e+00,0.000000000000000000e+00,4.985000000000000142e+01,5.647699999999999676e+01,5.000000000000000000e+01,0.000000000000000000e+00
1.280000000000000000e+03,3.751556160061578993e+01,-2.010393303212423532e+01,5.505646658667314597e+01,2.563028046066882837e+00,0.000000000000000000e+00,4.985000000000000142e+01,5.657300000000000040e+01,5.000000000000000000e+01,0.000000000000000000e+00
1.281000000000000000e+03,3.841588426096051734e+01,-1.952680093704764275e+01,5.493962219566171967e+01,3.003063002346446186e+00,0.000000000000000000e+00,4.985000000000000142e+01,5.638000000000000256e+01,5.000000000000000000e+01,0.000000000000000000e+00
1.282000000000000000e+03,3.816792829386909602e+01,-1.952680093704764275e+01,5.482277780465029338e+01,2.871951426266446283e+00,0.000000000000000000e+00,4.985000000000000142e+01,5.638000000000000256e+01,5.000000000000000000e+01,0.000000000000000000e+00
1.283000000000000000e+03,3.811347197678155396e+01,-1.943111064149088918e+01,5.470650600483524784e+01,2.838076613437198858e+00,0.000000000000000000e+00,4.985000000000000142e+01,5.634799999999999898e+01,5.000000000000000000e+01,0.000000000000000000e+00
1.284000000000000000e+03,3.863026142054184930e+01,-1.904535913752777887e+01,5.459254246328060844e+01,3.083078094789023726e+00,0.000000000000000000e+00,4.985000000000000142e+01,5.621900000000000119e+01,5.000000000000000000e+01,0.000000000000000000e+00
1.285000000000000000e+03,3.819391748871887415e+01,-1.914104943308451112e+01,5.447800633052958830e+01,2.856960591273795647e+00,0.000000000000000000e+00,4.985000000000000142e+01,5.625099999999999767e+01,5.000000000000000000e+01,0.000000000000000000e+00
1.286000000000000000e+03,3.852384272595887893e+01,-1.885098822467815438e+01,5.436520586484260065e+01,3.009625085794433108e+00,0.000000000000000000e+00,4.985000000000000142e+01,5.615400000000000347e+01,5.000000000000000000e+01,0.000000000000000000e+00
1.287000000000000000e+03,3.789822538136979091e+01,-1.904535913752777887e+01,5.425124232328796126e+01,2.692342195609605859e+00,0.000000000000000000e+00,4.985000000000000142e+01,5.621900000000000119e+01,5.000000000000000000e+01,0.000000000000000000e+00
1.288000000000000000e+03,3.880510455047991059e+01,-1.846523672071502631e+01,5.414075011586137975e+01,3.129591155333556696e+00,0.000000000000000000e+00,4.985000000000000142e+01,5.602499999999999858e+01,5.000000000000000000e+01,0.000000000000000000e+00
1.289000000000000000e+03,3.855797663859384983e+01,-1.846523672071502631e+01,5.403025790843479825e+01,2.992955450874075662e+00,0.000000000000000000e+00,4.985000000000000142e+01,5.602499999999999858e+01,5.000000000000000000e+01,0.000000000000000000e+00
1.290000000000000000e+03,3.831681414353270299e+01,-1.846523672071502631e+01,5.391976570100821675e+01,2.862285163239512098e+00,0.000000000000000000e+00,4.985000000000000142e+01,5.602499999999999858e+01,5.000000000000000000e+01,0.000000000000000000e+00
1.291000000000000000e+03,3.808135661947789430e+01,-1.846523672071502631e+01,5.380927349358163525e+01,2.737319846611287133e+00,0.000000000000000000e+00,4.985000000000000142e+01,5.602499999999999858e+01,5.000000000000000000e+01,0.000000000000000000e+00
1.292000000000000000e+03,3.860832462377649676e+01,-1.807948521675191600e+01,5.370108954441546700e+01,2.986720296112947093e+00,0.000000000000000000e+00,4.985000000000000142e+01,5.589600000000000080e+01,5.000000000000000000e+01,0.000000000000000000e+00
1.293000000000000000e+03,3.817609921505285087e+01,-1.817816583404480824e+01,5.359231511057802777e+01,2.761949938519629555e+00,0.000000000000000000e+00,4.985000000000000142e+01,5.592900000000000205e+01,5.000000000000000000e+01,0.000000000000000000e+00
1.294000000000000000e+03,3.870370966079921971e+01,-1.779241433008168016e+01,5.348584893500100179e+01,3.010275055879901185e+00,0.000000000000000000e+00,4.985000000000000142e+01,5.579999999999999716e+01,5.000000000000000000e+01,0.000000000000000000e+00
1.295000000000000000e+03,3.865359244871993383e+01,-1.769672403452494791e+01,5.337995535062035657e+01,2.970361132624526501e+00,0.000000000000000000e+00,4.985000000000000142e+01,5.576800000000000068e+01,5.000000000000000000e+01,0.000000000000000000e+00
1.296000000000000000e+03,3.879943383539563939e+01,-1.750235312167532342e+01,5.327522484210735598e+01,3.026562114963606387e+00,0.000000000000000000e+00,4.985000000000000142e+01,5.570300000000000296e+01,5.000000000000000000e+01,0.000000000000000000e+00
1.297000000000000000e+03,3.818114698943879404e+01,-1.769672403452494791e+01,5.316933125772671076e+01,2.708539766237034296e+00,0.000000000000000000e+00,4.985000000000000142e+01,5.576800000000000068e+01,5.000000000000000000e+01,0.000000000000000000e+00
1.298000000000000000e+03,3.852619472178308513e+01,-1.740666282611856985e+01,5.306517334041009093e+01,2.867684207491563164e+00,0.000000000000000000e+00,4.985000000000000142e+01,5.567099999999999937e+01,5.000000000000000000e+01,0.000000000000000000e+00
1.299000000000000000e+03,3.829683576943983780e+01,-1.740666282611856985e+01,5.296101542309347110e+01,2.742483172464936558e+00,0.000000000000000000e+00,4.985000000000000142e+01,5.567099999999999937e+01,5.000000000000000000e+01,0.000000000000000000e+00
1.300000000000000000e+03,3.882991263674615112e+01,-1.702091132215545954e+01,5.285916576403726452e+01,2.991658194864348363e+00,0.000000000000000000e+00,4.985000000000000142e+01,5.554200000000000159e+01,5.000000000000000000e+01,0.000000000000000000e+00
1.301000000000000000e+03,3.840967391466143965e+01,-1.711660161771219180e+01,5.275674351378467719e+01,2.769532018588953370e+00,0.000000000000000000e+00,4.985000000000000142e+01,5.557399999999999807e+01,5.000000000000000000e+01,0.000000000000000000e+00
1.302000000000000000e+03,3.837411129618921990e+01,-1.702091132215545954e+01,5.265489385472847061e+01,2.740128763616208385e+00,0.000000000000000000e+00,4.985000000000000142e+01,5.554200000000000159e+01,5.000000000000000000e+01,0.000000000000000000e+00
1.303000000000000000e+03,3.852818040659021648e+01,-1.682953073104197728e+01,5.255418937806502555e+01,2.803521759567167315e+00,0.000000000000000000e+00,4.985000000000000142e+01,5.547800000000000153e+01,5.000000000000000000e+01,0.000000000000000000e+00
1.304000000000000000e+03,3.868649498830889399e+01,-1.663515981819233147e+01,5.245464797726922512e+01,2.867006829231994125e+00,0.000000000000000000e+00,4.985000000000000142e+01,5.541299999999999670e+01,5.000000000000000000e+01,0.000000000000000000e+00
1.305000000000000000e+03,3.864955753899586455e+01,-1.653946952263559922e+01,5.235567916766980545e+01,2.833347893961658759e+00,0.000000000000000000e+00,4.985000000000000142e+01,5.538100000000000023e+01,5.000000000000000000e+01,0.000000000000000000e+00
1.306000000000000000e+03,3.805133596786210148e+01,-1.673085011374908504e+01,5.225556517567762427e+01,2.526620905933559147e+00,0.000000000000000000e+00,4.985000000000000142e+01,5.544500000000000028e+01,5.000000000000000000e+01,0.000000000000000000e+00
1.307000000000000000e+03,3.859788115217528315e+01,-1.634509860978597473e+01,5.215775944194585634e+01,2.785220320015401985e+00,0.000000000000000000e+00,4.985000000000000142e+01,5.531600000000000250e+01,5.000000000000000000e+01,0.000000000000000000e+00
1.308000000000000000e+03,3.837847469757888064e+01,-1.634509860978597473e+01,5.205995370821408841e+01,2.663619599150761186e+00,0.000000000000000000e+00,4.985000000000000142e+01,5.531600000000000250e+01,5.000000000000000000e+01,0.000000000000000000e+00
1.309000000000000000e+03,3.835215265587138589e+01,-1.624940831422922116e+01,5.196272056567870123e+01,2.638840404421906705e+00,0.000000000000000000e+00,4.985000000000000142e+01,5.528399999999999892e+01,5.000000000000000000e+01,0.000000000000000000e+00
1.310000000000000000e+03,3.775829082759637600e+01,-1.644377922707884565e+01,5.186432434727566232e+01,2.337745707399556672e+00,0.000000000000000000e+00,4.985000000000000142e+01,5.534899999999999665e+01,5.000000000000000000e+01,0.000000000000000000e+00
1.311000000000000000e+03,3.812702452849409696e+01,-1.615371801867248891e+01,5.176766379593665590e+01,2.513078751229933960e+00,0.000000000000000000e+00,4.985000000000000142e+01,5.525200000000000244e+01,5.000000000000000000e+01,0.000000000000000000e+00
1.312000000000000000e+03,3.829619558725190132e+01,-1.596233742755900664e+01,5.167214842699041100e+01,2.586384587820495629e+00,0.000000000000000000e+00,4.985000000000000142e+01,5.518800000000000239e+01,5.000000000000000000e+01,0.000000000000000000e+00
1.313000000000000000e+03,3.846917932981719446e+01,-1.576796651470936084e+01,5.157779613391181073e+01,2.659349710614749007e+00,0.000000000000000000e+00,4.985000000000000142e+01,5.512299999999999756e+01,5.000000000000000000e+01,0.000000000000000000e+00
1.314000000000000000e+03,3.825872173637221607e+01,-1.576796651470936084e+01,5.148344384083321046e+01,2.543244410248370890e+00,0.000000000000000000e+00,4.985000000000000142e+01,5.512299999999999756e+01,5.000000000000000000e+01,0.000000000000000000e+00
1.315000000000000000e+03,3.842888404236058619e+01,-1.557658592359587679e+01,5.139023673014737170e+01,2.615233235809091283e+00,0.000000000000000000e+00,4.985000000000000142e+01,5.505899999999999750e+01,5.000000000000000000e+01,0.000000000000000000e+00
1.316000000000000000e+03,3.879069194457365199e+01,-1.528652471518952005e+01,5.129876528652556544e+01,2.778451373237607935e+00,0.000000000000000000e+00,4.985000000000000142e+01,5.496200000000000330e+01,5.000000000000000000e+01,0.000000000000000000e+00
1.317000000000000000e+03,3.857791530744701447e+01,-1.528652471518952005e+01,5.120729384290375918e+01,2.657146179732780666e+00,0.000000000000000000e+00,4.985000000000000142e+01,5.496200000000000330e+01,5.000000000000000000e+01,0.000000000000000000e+00
1.318000000000000000e+03,3.875185357500306793e+01,-1.509215380233987425e+01,5.111698547514959756e+01,2.727021902193341063e+00,0.000000000000000000e+00,4.985000000000000142e+01,5.489699999999999847e+01,5.000000000000000000e+01,0.000000000000000000e+00
1.319000000000000000e+03,3.873026080021143969e+01,-1.499646350678314199e+01,5.102724969859181670e+01,2.699474608402768538e+00,0.000000000000000000e+00,4.985000000000000142e+01,5.486500000000000199e+01,5.000000000000000000e+01,0.000000000000000000e+00
1.320000000000000000e+03,3.889821872435941685e+01,-1.480508291566965795e+01,5.093865910442679734e+01,2.764642535602279239e+00,0.000000000000000000e+00,4.985000000000000142e+01,5.480100000000000193e+01,5.000000000000000000e+01,0.000000000000000000e+00
1.321000000000000000e+03,3.887670123329395722e+01,-1.470939262011290616e+01,5.085064110145815874e+01,2.735452751948704186e+00,0.000000000000000000e+00,4.985000000000000142e+01,5.476899999999999835e+01,5.000000000000000000e+01,0.000000000000000000e+00
1.322000000000000000e+03,3.886289872008208590e+01,-1.461071200282001215e+01,5.076321358316079113e+01,2.710397139741302475e+00,0.000000000000000000e+00,4.985000000000000142e+01,5.473599999999999710e+01,5.000000000000000000e+01,0.000000000000000000e+00
1.323000000000000000e+03,3.865713720728757608e+01,-1.461071200282001215e+01,5.067578606486342352e+01,2.592063145244170030e+00,0.000000000000000000e+00,4.985000000000000142e+01,5.473599999999999710e+01,5.000000000000000000e+01,0.000000000000000000e+00
1.324000000000000000e+03,3.940128711674059048e+01,-1.412927020330017136e+01,5.059123939602284281e+01,2.939317924017919026e+00,0.000000000000000000e+00,4.985000000000000142e+01,5.457500000000000284e+01,5.000000000000000000e+01,0.000000000000000000e+00
1.325000000000000000e+03,3.861921771657732450e+01,-1.441933141170652810e+01,5.050495706011823671e+01,2.533592068165619882e+00,0.000000000000000000e+00,4.985000000000000142e+01,5.467199999999999704e+01,5.000000000000000000e+01,0.000000000000000000e+00
1.326000000000000000e+03,3.842232056874855317e+01,-1.441933141170652810e+01,5.041867472421363061e+01,2.422977256241451549e+00,0.000000000000000000e+00,4.985000000000000142e+01,5.467199999999999704e+01,5.000000000000000000e+01,0.000000000000000000e+00
1.327000000000000000e+03,3.898722241653383236e+01,-1.403357990774341957e+01,5.033470064656943066e+01,2.686101677707820823e+00,0.000000000000000000e+00,4.985000000000000142e+01,5.454299999999999926e+01,5.000000000000000000e+01,0.000000000000000000e+00
1.328000000000000000e+03,3.897375047949424953e+01,-1.393788961218668732e+01,5.025129916012161146e+01,2.660340931559323163e+00,0.000000000000000000e+00,4.985000000000000142e+01,5.451100000000000279e+01,5.000000000000000000e+01,0.000000000000000000e+00
1.329000000000000000e+03,3.896197582934540549e+01,-1.384219931662993552e+01,5.016847026487017303e+01,2.635704881105171093e+00,0.000000000000000000e+00,4.985000000000000142e+01,5.447899999999999920e+01,5.000000000000000000e+01,0.000000000000000000e+00
1.330000000000000000e+03,3.876407395001956502e+01,-1.384219931662993552e+01,5.008564136961873459e+01,2.520631897030765955e+00,0.000000000000000000e+00,4.985000000000000142e+01,5.447899999999999920e+01,5.000000000000000000e+01,0.000000000000000000e+00
1.331000000000000000e+03,3.895261488158404006e+01,-1.364782840378030926e+01,5.000397555023494078e+01,2.596467735129408538e+00,0.000000000000000000e+00,4.985000000000000142e+01,5.441400000000000148e+01,5.000000000000000000e+01,0.000000000000000000e+00
1.332000000000000000e+03,3.875758914376773845e+01,-1.364782840378030926e+01,4.992230973085114698e+01,2.483107816696897618e+00,0.000000000000000000e+00,4.985000000000000142e+01,5.441400000000000148e+01,5.000000000000000000e+01,0.000000000000000000e+00
1.333000000000000000e+03,3.932448225094616134e+01,-1.326207689981717941e+01,4.984295216972776643e+01,2.743606981035572545e+00,0.000000000000000000e+00,4.985000000000000142e+01,5.428499999999999659e+01,5.000000000000000000e+01,0.000000000000000000e+00
1.334000000000000000e+03,3.836837114519363467e+01,-1.364782840378030926e+01,4.976128635034397263e+01,2.254913198629972193e+00,0.000000000000000000e+00,4.985000000000000142e+01,5.441400000000000148e+01,5.000000000000000000e+01,0.000000000000000000e+00
1.335000000000000000e+03,3.932077789099567866e+01,-1.307069630870369537e+01,4.968307397161335359e+01,2.708400228086021322e+00,0.000000000000000000e+00,4.985000000000000142e+01,5.422099999999999653e+01,5.000000000000000000e+01,0.000000000000000000e+00
1.336000000000000000e+03,3.912431870149807622e+01,-1.307069630870369537e+01,4.960486159288273456e+01,2.590153417319037921e+00,0.000000000000000000e+00,4.985000000000000142e+01,5.422099999999999653e+01,5.000000000000000000e+01,0.000000000000000000e+00
1.337000000000000000e+03,3.931444088988706653e+01,-1.287632539585407088e+01,4.952781229001976016e+01,2.662953995721379918e+00,0.000000000000000000e+00,4.985000000000000142e+01,5.415599999999999881e+01,5.000000000000000000e+01,0.000000000000000000e+00
1.338000000000000000e+03,3.893335351349529105e+01,-1.297201569141082267e+01,4.945019039596040500e+01,2.455178808945710056e+00,0.000000000000000000e+00,4.985000000000000142e+01,5.418800000000000239e+01,5.000000000000000000e+01,0.000000000000000000e+00
1.339000000000000000e+03,3.931186651213212713e+01,-1.268494480474058683e+01,4.937428627549019211e+01,2.622525041382525846e+00,0.000000000000000000e+00,4.985000000000000142e+01,5.409199999999999875e+01,5.000000000000000000e+01,0.000000000000000000e+00
1.340000000000000000e+03,3.893368941727305810e+01,-1.278063510029733862e+01,4.929780956382359847e+01,2.416514953746798255e+00,0.000000000000000000e+00,4.985000000000000142e+01,5.412400000000000233e+01,5.000000000000000000e+01,0.000000000000000000e+00
1.341000000000000000e+03,3.893948480915933175e+01,-1.268494480474058683e+01,4.922190544335338558e+01,2.402524170546536109e+00,0.000000000000000000e+00,4.985000000000000142e+01,5.409199999999999875e+01,5.000000000000000000e+01,0.000000000000000000e+00
1.342000000000000000e+03,3.875868820713794349e+01,-1.268494480474058683e+01,4.914600132288317269e+01,2.297631688995357635e+00,0.000000000000000000e+00,4.985000000000000142e+01,5.409199999999999875e+01,5.000000000000000000e+01,0.000000000000000000e+00
1.343000000000000000e+03,3.858247113560404529e+01,-1.268494480474058683e+01,4.907009720241295980e+01,2.197318737931675425e+00,0.000000000000000000e+00,4.985000000000000142e+01,5.409199999999999875e+01,5.000000000000000000e+01,0.000000000000000000e+00
1.344000000000000000e+03,3.841063365554223452e+01,-1.268494480474058683e+01,4.899419308194274691e+01,2.101385378340073107e+00,0.000000000000000000e+00,4.985000000000000142e+01,5.409199999999999875e+01,5.000000000000000000e+01,0.000000000000000000e+00
1.345000000000000000e+03,3.824298455713104516e+01,-1.268494480474058683e+01,4.891828896147253403e+01,2.009640400399097970e+00,0.000000000000000000e+00,4.985000000000000142e+01,5.409199999999999875e+01,5.000000000000000000e+01,0.000000000000000000e+00
1.346000000000000000e+03,3.846075978559949959e+01,-1.249057389189096057e+01,4.884354791686997288e+01,2.107785760620489057e+00,0.000000000000000000e+00,4.985000000000000142e+01,5.402700000000000102e+01,5.000000000000000000e+01,0.000000000000000000e+00
1.347000000000000000e+03,3.829399432695767302e+01,-1.249057389189096057e+01,4.876880687226741173e+01,2.015761346581221858e+00,0.000000000000000000e+00,4.985000000000000142e+01,5.402700000000000102e+01,5.000000000000000000e+01,0.000000000000000000e+00
1.348000000000000000e+03,3.869457282619004701e+01,-1.220350300522072473e+01,4.869578360125399286e+01,2.202292230156780217e+00,0.000000000000000000e+00,4.985000000000000142e+01,5.393099999999999739e+01,5.000000000000000000e+01,0.000000000000000000e+00
1.349000000000000000e+03,3.833762364382217669e+01,-1.229919330077747830e+01,4.862218773904419322e+01,2.014629205555456437e+00,0.000000000000000000e+00,4.985000000000000142e+01,5.396300000000000097e+01,5.000000000000000000e+01,0.000000000000000000e+00
1.350000000000000000e+03,3.855748932289721154e+01,-1.210482238792785203e+01,4.854975495270203822e+01,2.112556758123030676e+00,0.000000000000000000e+00,4.985000000000000142e+01,5.389800000000000324e+01,5.000000000000000000e+01,0.000000000000000000e+00
1.351000000000000000e+03,3.819918042988165752e+01,-1.220350300522072473e+01,4.847673168168861935e+01,1.925951753413763790e+00,0.000000000000000000e+00,4.985000000000000142e+01,5.393099999999999739e+01,5.000000000000000000e+01,0.000000000000000000e+00
1.352000000000000000e+03,3.879904111941154810e+01,-1.181775150125761620e+01,4.840601666893560662e+01,2.210775951733557676e+00,0.000000000000000000e+00,4.985000000000000142e+01,5.380199999999999960e+01,5.000000000000000000e+01,0.000000000000000000e+00
1.353000000000000000e+03,3.844402980210684007e+01,-1.191344179681436799e+01,4.833472906498621313e+01,2.022742533934992704e+00,0.000000000000000000e+00,4.985000000000000142e+01,5.383400000000000318e+01,5.000000000000000000e+01,0.000000000000000000e+00
1.354000000000000000e+03,3.847220612304007403e+01,-1.181775150125761620e+01,4.826401405223320040e+01,2.025943572064493381e+00,0.000000000000000000e+00,4.985000000000000142e+01,5.380199999999999960e+01,5.000000000000000000e+01,0.000000000000000000e+00
1.355000000000000000e+03,3.850081528014156618e+01,-1.172206120570088395e+01,4.819387163067656843e+01,2.029004855165883026e+00,0.000000000000000000e+00,4.985000000000000142e+01,5.377000000000000313e+01,5.000000000000000000e+01,0.000000000000000000e+00
1.356000000000000000e+03,3.853573135666128024e+01,-1.162338058840798993e+01,4.812431969379120744e+01,2.034792251278062292e+00,0.000000000000000000e+00,4.985000000000000142e+01,5.373700000000000188e+01,5.000000000000000000e+01,0.000000000000000000e+00
1.357000000000000000e+03,3.913431148227211764e+01,-1.123762908444486008e+01,4.805707601516625260e+01,2.314864551550726013e+00,0.000000000000000000e+00,4.985000000000000142e+01,5.360799999999999699e+01,5.000000000000000000e+01,0.000000000000000000e+00
1.358000000000000000e+03,3.896600247816834184e+01,-1.123762908444486008e+01,4.798983233654129776e+01,2.213799226071908599e+00,0.000000000000000000e+00,4.985000000000000142e+01,5.360799999999999699e+01,5.000000000000000000e+01,0.000000000000000000e+00
1.359000000000000000e+03,3.880210591366380868e+01,-1.123762908444486008e+01,4.792258865791634292e+01,2.117146340192331166e+00,0.000000000000000000e+00,4.985000000000000142e+01,5.360799999999999699e+01,5.000000000000000000e+01,0.000000000000000000e+00
1.360000000000000000e+03,3.864242914481140190e+01,-1.123762908444486008e+01,4.785534497929138809e+01,2.024713249964876560e+00,0.000000000000000000e+00,4.985000000000000142e+01,5.360799999999999699e+01,5.000000000000000000e+01,0.000000000000000000e+00
1.361000000000000000e+03,3.829314454405425749e+01,-1.133630970173775410e+01,4.778751081599516937e+01,1.841943429796843335e+00,0.000000000000000000e+00,4.985000000000000142e+01,5.364099999999999824e+01,5.000000000000000000e+01,0.000000000000000000e+00
1.362000000000000000e+03,3.833853584645535051e+01,-1.123762908444486008e+01,4.772026713737021453e+01,1.855897793529995843e+00,0.000000000000000000e+00,4.985000000000000142e+01,5.360799999999999699e+01,5.000000000000000000e+01,0.000000000000000000e+00
1.363000000000000000e+03,3.837804041437326674e+01,-1.114193878888812961e+01,4.765359604994164044e+01,1.866383153319749688e+00,0.000000000000000000e+00,4.985000000000000142e+01,5.357600000000000051e+01,5.000000000000000000e+01,0.000000000000000000e+00
1.364000000000000000e+03,3.860543520286267238e+01,-1.095055819777464556e+01,4.758807014490582787e+01,1.967923255731492294e+00,0.000000000000000000e+00,4.985000000000000142e+01,5.351200000000000045e+01,5.000000000000000000e+01,0.000000000000000000e+00
1.365000000000000000e+03,3.845399118040413811e+01,-1.095055819777464556e+01,4.752254423987001530e+01,1.882005138308768144e+00,0.000000000000000000e+00,4.985000000000000142e+01,5.351200000000000045e+01,5.000000000000000000e+01,0.000000000000000000e+00
1.366000000000000000e+03,3.849994167561501968e+01,-1.085187758048175155e+01,4.745760881950547372e+01,1.894210436591295066e+00,0.000000000000000000e+00,4.985000000000000142e+01,5.347899999999999920e+01,5.000000000000000000e+01,0.000000000000000000e+00
1.367000000000000000e+03,3.854008179928538880e+01,-1.075618728492501930e+01,4.739324599033731289e+01,1.903023093873098537e+00,0.000000000000000000e+00,4.985000000000000142e+01,5.344700000000000273e+01,5.000000000000000000e+01,0.000000000000000000e+00
1.368000000000000000e+03,3.858040975985806398e+01,-1.066049698936826751e+01,4.732945575236553282e+01,1.911450996860800888e+00,0.000000000000000000e+00,4.985000000000000142e+01,5.341499999999999915e+01,5.000000000000000000e+01,0.000000000000000000e+00
1.369000000000000000e+03,3.824539153010817216e+01,-1.075618728492501930e+01,4.726509292319737199e+01,1.736485891835820139e+00,0.000000000000000000e+00,4.985000000000000142e+01,5.344700000000000273e+01,5.000000000000000000e+01,0.000000000000000000e+00
1.370000000000000000e+03,3.810521497277600389e+01,-1.075618728492501930e+01,4.720073009402921116e+01,1.660672163671813584e+00,0.000000000000000000e+00,4.985000000000000142e+01,5.344700000000000273e+01,5.000000000000000000e+01,0.000000000000000000e+00
1.371000000000000000e+03,3.815612380108215973e+01,-1.066049698936826751e+01,4.713693985605743109e+01,1.679680934392999037e+00,0.000000000000000000e+00,4.985000000000000142e+01,5.341499999999999915e+01,5.000000000000000000e+01,0.000000000000000000e+00
1.372000000000000000e+03,3.726203026634450310e+01,-1.104624849333137604e+01,4.707084135982523776e+01,1.237437399850643382e+00,0.000000000000000000e+00,4.985000000000000142e+01,5.354399999999999693e+01,5.000000000000000000e+01,0.000000000000000000e+00
1.373000000000000000e+03,3.771110036068435534e+01,-1.075618728492501930e+01,4.700647853065707693e+01,1.460809114952297927e+00,0.000000000000000000e+00,4.985000000000000142e+01,5.344700000000000273e+01,5.000000000000000000e+01,0.000000000000000000e+00
1.374000000000000000e+03,3.758295965364158064e+01,-1.075618728492501930e+01,4.694211570148891610e+01,1.397031237077683175e+00,0.000000000000000000e+00,4.985000000000000142e+01,5.344700000000000273e+01,5.000000000000000000e+01,0.000000000000000000e+00
1.375000000000000000e+03,3.821457307527630576e+01,-1.037043578096188945e+01,4.688006113058116142e+01,1.704947725657037783e+00,0.000000000000000000e+00,4.985000000000000142e+01,5.331799999999999784e+01,5.000000000000000000e+01,0.000000000000000000e+00
1.376000000000000000e+03,3.769666290294539124e+01,-1.056480669381153703e+01,4.681684348380576211e+01,1.444626112951167718e+00,0.000000000000000000e+00,4.985000000000000142e+01,5.338300000000000267e+01,5.000000000000000000e+01,0.000000000000000000e+00
1.377000000000000000e+03,3.832734354884006223e+01,-1.017905518984840540e+01,4.675593409529076894e+01,1.750464643397699582e+00,0.000000000000000000e+00,4.985000000000000142e+01,5.325399999999999778e+01,5.000000000000000000e+01,0.000000000000000000e+00
1.378000000000000000e+03,3.800223471723654711e+01,-1.027474548540515897e+01,4.669445211557939501e+01,1.582528087062315736e+00,0.000000000000000000e+00,4.985000000000000142e+01,5.328600000000000136e+01,5.000000000000000000e+01,0.000000000000000000e+00
1.379000000000000000e+03,3.844085491628521822e+01,-9.984684276998780916e+00,4.663470580293205359e+01,1.790833390351950438e+00,0.000000000000000000e+00,4.985000000000000142e+01,5.318900000000000006e+01,5.000000000000000000e+01,0.000000000000000000e+00
1.380000000000000000e+03,3.792150329571441603e+01,-1.017905518984840540e+01,4.657379641441706042e+01,1.526762071145761013e+00,0.000000000000000000e+00,4.985000000000000142e+01,5.325399999999999778e+01,5.000000000000000000e+01,0.000000000000000000e+00
1.381000000000000000e+03,3.836313079020403904e+01,-9.888993981442027348e+00,4.651462269296609975e+01,1.737502078679965090e+00,0.000000000000000000e+00,4.985000000000000142e+01,5.315699999999999648e+01,5.000000000000000000e+01,0.000000000000000000e+00
1.382000000000000000e+03,3.841587438726111969e+01,-9.793303685885296872e+00,4.645602156271151983e+01,1.753156510434901394e+00,0.000000000000000000e+00,4.985000000000000142e+01,5.312500000000000000e+01,5.000000000000000000e+01,0.000000000000000000e+00
1.383000000000000000e+03,3.828073170159513694e+01,-9.793303685885296872e+00,4.639742043245693992e+01,1.676614955023498998e+00,0.000000000000000000e+00,4.985000000000000142e+01,5.312500000000000000e+01,5.000000000000000000e+01,0.000000000000000000e+00
1.384000000000000000e+03,3.757973654569480004e+01,-1.008336489429167493e+01,4.633708363513832751e+01,1.326017804848149018e+00,0.000000000000000000e+00,4.985000000000000142e+01,5.322200000000000131e+01,5.000000000000000000e+01,0.000000000000000000e+00
1.385000000000000000e+03,3.803070098201970950e+01,-9.793303685885296872e+00,4.627848250488374759e+01,1.545522163021263440e+00,0.000000000000000000e+00,4.985000000000000142e+01,5.312500000000000000e+01,5.000000000000000000e+01,0.000000000000000000e+00
1.386000000000000000e+03,3.790462346299074881e+01,-9.793303685885296872e+00,4.621988137462916768e+01,1.478045774246882438e+00,0.000000000000000000e+00,4.985000000000000142e+01,5.312500000000000000e+01,5.000000000000000000e+01,0.000000000000000000e+00
1.387000000000000000e+03,3.796926732734410592e+01,-9.697613390328564620e+00,4.616185283557096852e+01,1.505027882101698689e+00,0.000000000000000000e+00,4.985000000000000142e+01,5.309300000000000352e+01,5.000000000000000000e+01,0.000000000000000000e+00
1.388000000000000000e+03,3.803330576342374059e+01,-9.601923094771812828e+00,4.610439688770915012e+01,1.530831970486400406e+00,0.000000000000000000e+00,4.985000000000000142e+01,5.306099999999999994e+01,5.000000000000000000e+01,0.000000000000000000e+00
1.389000000000000000e+03,3.772123937739323907e+01,-9.697613390328564620e+00,4.604636834865095096e+01,1.372484419070848061e+00,0.000000000000000000e+00,4.985000000000000142e+01,5.309300000000000352e+01,5.000000000000000000e+01,0.000000000000000000e+00
1.390000000000000000e+03,3.817248337293990801e+01,-9.407552181922188339e+00,4.599007547665677720e+01,1.589960078205321148e+00,0.000000000000000000e+00,4.985000000000000142e+01,5.299600000000000222e+01,5.000000000000000000e+01,0.000000000000000000e+00
1.391000000000000000e+03,3.785899857201662400e+01,-9.503242477478918815e+00,4.593321001346622268e+01,1.429031036029322577e+00,0.000000000000000000e+00,4.985000000000000142e+01,5.302799999999999869e+01,5.000000000000000000e+01,0.000000000000000000e+00
1.392000000000000000e+03,3.811529346439868959e+01,-9.311861886365434771e+00,4.587748973266842967e+01,1.549665618095694031e+00,0.000000000000000000e+00,4.985000000000000142e+01,5.296399999999999864e+01,5.000000000000000000e+01,0.000000000000000000e+00
1.393000000000000000e+03,3.780414048189012988e+01,-9.407552181922188339e+00,4.582119686067425590e+01,1.390495803138064534e+00,0.000000000000000000e+00,4.985000000000000142e+01,5.299600000000000222e+01,5.000000000000000000e+01,0.000000000000000000e+00
1.394000000000000000e+03,3.806269038608879640e+01,-9.216171590808704295e+00,4.576604917107284365e+01,1.512812805824661044e+00,0.000000000000000000e+00,4.985000000000000142e+01,5.293200000000000216e+01,5.000000000000000000e+01,0.000000000000000000e+00
1.395000000000000000e+03,3.813513776908654762e+01,-9.117490973515810282e+00,4.571149196614270238e+01,1.541136776459656410e+00,0.000000000000000000e+00,4.985000000000000142e+01,5.289900000000000091e+01,5.000000000000000000e+01,0.000000000000000000e+00
1.396000000000000000e+03,3.820107105087355848e+01,-9.021800677959056713e+00,4.565750735240894187e+01,1.565364376423675985e+00,0.000000000000000000e+00,4.985000000000000142e+01,5.286699999999999733e+01,5.000000000000000000e+01,0.000000000000000000e+00
1.397000000000000000e+03,3.713399870661572777e+01,-9.503242477478918815e+00,4.560064188921838735e+01,1.036599294876260346e+00,0.000000000000000000e+00,4.985000000000000142e+01,5.302799999999999869e+01,5.000000000000000000e+01,0.000000000000000000e+00
1.398000000000000000e+03,3.740742688725920573e+01,-9.311861886365434771e+00,4.554492160842059434e+01,1.174367165204048380e+00,0.000000000000000000e+00,4.985000000000000142e+01,5.296399999999999864e+01,5.000000000000000000e+01,0.000000000000000000e+00
1.399000000000000000e+03,3.805740421088786718e+01,-8.926110382402326238e+00,4.549150958588321458e+01,1.492005007406977057e+00,0.000000000000000000e+00,4.985000000000000142e+01,5.283500000000000085e+01,5.000000000000000000e+01,0.000000000000000000e+00
1.400000000000000000e+03,3.793885232019336229e+01,-8.926110382402326238e+00,4.543809756334583483e+01,1.426865139249854364e+00,0.000000000000000000e+00,4.985000000000000142e+01,5.283500000000000085e+01,5.000000000000000000e+01,0.000000000000000000e+00
1.401000000000000000e+03,3.763536897674622139e+01,-9.021800677959056713e+00,4.538411294961207432e+01,1.273056705093206231e+00,0.000000000000000000e+00,4.985000000000000142e+01,5.286699999999999733e+01,5.000000000000000000e+01,0.000000000000000000e+00
1.402000000000000000e+03,3.790135444596711523e+01,-8.830420086845572669e+00,4.533127351827107532e+01,1.400501014541613687e+00,0.000000000000000000e+00,4.985000000000000142e+01,5.280299999999999727e+01,5.000000000000000000e+01,0.000000000000000000e+00
1.403000000000000000e+03,3.778737014514628356e+01,-8.830420086845572669e+00,4.527843408693007632e+01,1.339356145061780357e+00,0.000000000000000000e+00,4.985000000000000142e+01,5.280299999999999727e+01,5.000000000000000000e+01,0.000000000000000000e+00
1.404000000000000000e+03,3.767605538545743826e+01,-8.830420086845572669e+00,4.522559465558907732e+01,1.280880816713932280e+00,0.000000000000000000e+00,4.985000000000000142e+01,5.280299999999999727e+01,5.000000000000000000e+01,0.000000000000000000e+00
1.405000000000000000e+03,3.756729361665006195e+01,-8.830420086845572669e+00,4.517275522424807832e+01,1.224958479247558074e+00,0.000000000000000000e+00,4.985000000000000142e+01,5.280299999999999727e+01,5.000000000000000000e+01,0.000000000000000000e+00
1.406000000000000000e+03,3.708542255165274781e+01,-9.021800677959056713e+00,4.511877061051431781e+01,9.884526190974897153e-01,0.000000000000000000e+00,4.985000000000000142e+01,5.286699999999999733e+01,5.000000000000000000e+01,0.000000000000000000e+00
1.407000000000000000e+03,3.736383363107381683e+01,-8.830420086845572669e+00,4.506593117917331881e+01,1.128322538746066250e+00,0.000000000000000000e+00,4.985000000000000142e+01,5.280299999999999727e+01,5.000000000000000000e+01,0.000000000000000000e+00
1.408000000000000000e+03,3.707395703456615621e+01,-8.926110382402326238e+00,4.501251915663593905e+01,9.875482603325471676e-01,0.000000000000000000e+00,4.985000000000000142e+01,5.283500000000000085e+01,5.000000000000000000e+01,0.000000000000000000e+00
1.409000000000000000e+03,3.754662358314468662e+01,-8.636049173995948181e+00,4.496084280116258469e+01,1.221829955978050997e+00,0.000000000000000000e+00,4.985000000000000142e+01,5.273799999999999955e+01,5.000000000000000000e+01,0.000000000000000000e+00
1.410000000000000000e+03,3.706018420145072412e+01,-8.830420086845572669e+00,4.490800336982158569e+01,9.826009184747108716e-01,0.000000000000000000e+00,4.985000000000000142e+01,5.280299999999999727e+01,5.000000000000000000e+01,0.000000000000000000e+00
1.411000000000000000e+03,3.810283355824901719e+01,-8.250297670032839648e+00,4.485863527260864458e+01,1.494495955673218024e+00,0.000000000000000000e+00,4.985000000000000142e+01,5.260900000000000176e+01,5.000000000000000000e+01,0.000000000000000000e+00
1.412000000000000000e+03,3.741902262023735659e+01,-8.540358878439217705e+00,4.480753150833167098e+01,1.151849990344896213e+00,0.000000000000000000e+00,4.985000000000000142e+01,5.270600000000000307e+01,5.000000000000000000e+01,0.000000000000000000e+00
1.413000000000000000e+03,3.788682413142523586e+01,-8.250297670032839648e+00,4.475816341111872987e+01,1.378958390339340534e+00,0.000000000000000000e+00,4.985000000000000142e+01,5.260900000000000176e+01,5.000000000000000000e+01,0.000000000000000000e+00
1.414000000000000000e+03,3.739583289328212601e+01,-8.444668582882464136e+00,4.470763223803813702e+01,1.132869238126454015e+00,0.000000000000000000e+00,4.985000000000000142e+01,5.267399999999999949e+01,5.000000000000000000e+01,0.000000000000000000e+00
1.415000000000000000e+03,3.692029063674145561e+01,-8.636049173995948181e+00,4.465595588256478266e+01,9.003839281726236932e-01,0.000000000000000000e+00,4.985000000000000142e+01,5.273799999999999955e+01,5.000000000000000000e+01,0.000000000000000000e+00
1.416000000000000000e+03,3.720485499028221454e+01,-8.444668582882464136e+00,4.460542470948418980e+01,1.044098863680487543e+00,0.000000000000000000e+00,4.985000000000000142e+01,5.267399999999999949e+01,5.000000000000000000e+01,0.000000000000000000e+00
1.417000000000000000e+03,3.653954499029367042e+01,-8.734729791288842193e+00,4.455315786933957156e+01,7.211169122429414990e-01,0.000000000000000000e+00,4.985000000000000142e+01,5.277100000000000080e+01,5.000000000000000000e+01,0.000000000000000000e+00
1.418000000000000000e+03,3.721276433542709583e+01,-8.348978287325733660e+00,4.450319928745535947e+01,1.058543335297472687e+00,0.000000000000000000e+00,4.985000000000000142e+01,5.264200000000000301e+01,5.000000000000000000e+01,0.000000000000000000e+00
1.419000000000000000e+03,3.674103968567384015e+01,-8.540358878439217705e+00,4.445209552317838586e+01,8.293030409346781040e-01,0.000000000000000000e+00,4.985000000000000142e+01,5.270600000000000307e+01,5.000000000000000000e+01,0.000000000000000000e+00
1.420000000000000000e+03,3.627231033866144827e+01,-8.734729791288842193e+00,4.439982868303376762e+01,6.072114469165211803e-01,0.000000000000000000e+00,4.985000000000000142e+01,5.277100000000000080e+01,5.000000000000000000e+01,0.000000000000000000e+00
1.421000000000000000e+03,3.695050271468746672e+01,-8.348978287325733660e+00,4.434987010114955552e+01,9.496109008636457460e-01,0.000000000000000000e+00,4.985000000000000142e+01,5.264200000000000301e+01,5.000000000000000000e+01,0.000000000000000000e+00
1.422000000000000000e+03,3.667130938952666241e+01,-8.444668582882464136e+00,4.429933892806896267e+01,8.166390443401622123e-01,0.000000000000000000e+00,4.985000000000000142e+01,5.267399999999999949e+01,5.000000000000000000e+01,0.000000000000000000e+00
1.423000000000000000e+03,3.715431856131026933e+01,-8.154607374476086079e+00,4.425054342205240232e+01,1.058382513733952424e+00,0.000000000000000000e+00,4.985000000000000142e+01,5.257699999999999818e+01,5.000000000000000000e+01,0.000000000000000000e+00
1.424000000000000000e+03,3.667789602713306607e+01,-8.348978287325733660e+00,4.420058484016819023e+01,8.262894742906140566e-01,0.000000000000000000e+00,4.985000000000000142e+01,5.264200000000000301e+01,5.000000000000000000e+01,0.000000000000000000e+00
1.425000000000000000e+03,3.754247526623218789e+01,-7.864546166069708910e+00,4.415352500121565527e+01,1.253496431086240204e+00,0.000000000000000000e+00,4.985000000000000142e+01,5.247999999999999687e+01,5.000000000000000000e+01,0.000000000000000000e+00
1.426000000000000000e+03,3.668371904015424434e+01,-8.250297670032839648e+00,4.410415690400271416e+01,8.298598061843749374e-01,0.000000000000000000e+00,4.985000000000000142e+01,5.260900000000000176e+01,5.000000000000000000e+01,0.000000000000000000e+00
1.427000000000000000e+03,3.735508949148949398e+01,-7.864546166069708910e+00,4.405709706505017920e+01,1.162538592509020585e+00,0.000000000000000000e+00,4.985000000000000142e+01,5.247999999999999687e+01,5.000000000000000000e+01,0.000000000000000000e+00
1.428000000000000000e+03,3.725727405167257444e+01,-7.864546166069708910e+00,4.401003722609764424e+01,1.111782991644640672e+00,0.000000000000000000e+00,4.985000000000000142e+01,5.247999999999999687e+01,5.000000000000000000e+01,0.000000000000000000e+00
1.429000000000000000e+03,3.716167456497386468e+01,-7.864546166069708910e+00,4.396297738714510928e+01,1.063243343898466087e+00,0.000000000000000000e+00,4.985000000000000142e+01,5.247999999999999687e+01,5.000000000000000000e+01,0.000000000000000000e+00
1.430000000000000000e+03,3.725596969713068063e+01,-7.768855870512977546e+00,4.391649013938895507e+01,1.108335428254708210e+00,0.000000000000000000e+00,4.985000000000000142e+01,5.244800000000000040e+01,5.000000000000000000e+01,0.000000000000000000e+00
1.431000000000000000e+03,3.772441955775428823e+01,-7.481784983842740822e+00,4.387172066522194314e+01,1.334483876375089917e+00,0.000000000000000000e+00,4.985000000000000142e+01,5.235199999999999676e+01,5.000000000000000000e+01,0.000000000000000000e+00
1.432000000000000000e+03,3.781503086930080570e+01,-7.383104366549869013e+00,4.382754167572619508e+01,1.370593560124482968e+00,0.000000000000000000e+00,4.985000000000000142e+01,5.231900000000000261e+01,5.000000000000000000e+01,0.000000000000000000e+00
1.433000000000000000e+03,3.714181852870000000e+01,-7.673165574956224866e+00,4.378162701916642163e+01,1.033357084489800570e+00,0.000000000000000000e+00,4.985000000000000142e+01,5.241599999999999682e+01,5.000000000000000000e+01,0.000000000000000000e+00
1.434000000000000000e+03,3.705078824323233277e+01,-7.673165574956224866e+00,4.373571236260664818e+01,9.882414555819055701e-01,0.000000000000000000e+00,4.985000000000000142e+01,5.241599999999999682e+01,5.000000000000000000e+01,0.000000000000000000e+00
1.435000000000000000e+03,3.847566693832987994e+01,-6.901662567030006912e+00,4.369441422256769414e+01,1.682915282792191825e+00,0.000000000000000000e+00,4.985000000000000142e+01,5.215800000000000125e+01,5.000000000000000000e+01,0.000000000000000000e+00
1.436000000000000000e+03,3.760392429219447763e+01,-7.287414070993116333e+00,4.365080782426832684e+01,1.240530538919269787e+00,0.000000000000000000e+00,4.985000000000000142e+01,5.228699999999999903e+01,5.000000000000000000e+01,0.000000000000000000e+00
1.437000000000000000e+03,3.807535144023469087e+01,-6.997352862586738276e+00,4.360893709303299204e+01,1.463767209788437551e+00,0.000000000000000000e+00,4.985000000000000142e+01,5.218999999999999773e+01,5.000000000000000000e+01,0.000000000000000000e+00
1.438000000000000000e+03,3.758815487585963666e+01,-7.191723775436384969e+00,4.356590328593000550e+01,1.213975365366020798e+00,0.000000000000000000e+00,4.985000000000000142e+01,5.225500000000000256e+01,5.000000000000000000e+01,0.000000000000000000e+00
1.439000000000000000e+03,3.787353858226048686e+01,-6.997352862586738276e+00,4.352403255469467069e+01,1.346858890152552668e+00,0.000000000000000000e+00,4.985000000000000142e+01,5.218999999999999773e+01,5.000000000000000000e+01,0.000000000000000000e+00
1.440000000000000000e+03,3.796064037087020893e+01,-6.901662567030006912e+00,4.348273441465571665e+01,1.379568523244499412e+00,0.000000000000000000e+00,4.985000000000000142e+01,5.215800000000000125e+01,5.000000000000000000e+01,0.000000000000000000e+00
1.441000000000000000e+03,3.804688667156369064e+01,-6.805972271473254231e+00,4.344200886581314336e+01,1.410850077223795962e+00,0.000000000000000000e+00,4.985000000000000142e+01,5.212599999999999767e+01,5.000000000000000000e+01,0.000000000000000000e+00
1.442000000000000000e+03,3.813233983325028476e+01,-6.710281975916522867e+00,4.340185590816695083e+01,1.440765900999859017e+00,0.000000000000000000e+00,4.985000000000000142e+01,5.209400000000000119e+01,5.000000000000000000e+01,0.000000000000000000e+00
1.443000000000000000e+03,3.897402911501896483e+01,-6.228840176396661654e+00,4.336458379997754520e+01,1.838285491438081731e+00,0.000000000000000000e+00,4.985000000000000142e+01,5.193299999999999983e+01,5.000000000000000000e+01,0.000000000000000000e+00
1.444000000000000000e+03,3.829317254320304897e+01,-6.515911063066898379e+00,4.332559391819899730e+01,1.483489688070954937e+00,0.000000000000000000e+00,4.985000000000000142e+01,5.202900000000000347e+01,5.000000000000000000e+01,0.000000000000000000e+00
1.445000000000000000e+03,3.780799575903327536e+01,-6.710281975916522867e+00,4.328544096055280477e+01,1.232836774396996571e+00,0.000000000000000000e+00,4.985000000000000142e+01,5.209400000000000119e+01,5.000000000000000000e+01,0.000000000000000000e+00
1.446000000000000000e+03,3.790179344499882319e+01,-6.614591680359770187e+00,4.324586059410299299e+01,1.270524531255599721e+00,0.000000000000000000e+00,4.985000000000000142e+01,5.206199999999999761e+01,5.000000000000000000e+01,0.000000000000000000e+00
1.447000000000000000e+03,3.780674288907543712e+01,-6.614591680359770187e+00,4.320628022765318121e+01,1.215054341782029868e+00,0.000000000000000000e+00,4.985000000000000142e+01,5.206199999999999761e+01,5.000000000000000000e+01,0.000000000000000000e+00
1.448000000000000000e+03,3.809553292879321873e+01,-6.420220767510145699e+00,4.316786293707101407e+01,1.347890759232349689e+00,0.000000000000000000e+00,4.985000000000000142e+01,5.199699999999999989e+01,5.000000000000000000e+01,0.000000000000000000e+00
1.449000000000000000e+03,3.799826769473182964e+01,-6.420220767510145699e+00,4.312944564648884693e+01,1.289042815753129512e+00,0.000000000000000000e+00,4.985000000000000142e+01,5.199699999999999989e+01,5.000000000000000000e+01,0.000000000000000000e+00
1.450000000000000000e+03,3.827912254498243527e+01,-6.228840176396661654e+00,4.309217353829944130e+01,1.415789183079652069e+00,0.000000000000000000e+00,4.985000000000000142e+01,5.193299999999999983e+01,5.000000000000000000e+01,0.000000000000000000e+00
1.451000000000000000e+03,3.780448727152238320e+01,-6.420220767510145699e+00,4.305375624771727416e+01,1.170951791315251178e+00,0.000000000000000000e+00,4.985000000000000142e+01,5.199699999999999989e+01,5.000000000000000000e+01,0.000000000000000000e+00
1.452000000000000000e+03,3.752717165319153025e+01,-6.515911063066898379e+00,4.301476636593872627e+01,1.028316350319698147e+00,0.000000000000000000e+00,4.985000000000000142e+01,5.202900000000000347e+01,5.000000000000000000e+01,0.000000000000000000e+00
1.453000000000000000e+03,3.744328621734238993e+01,-6.515911063066898379e+00,4.297577648416017837e+01,9.834207962491029464e-01,0.000000000000000000e+00,4.985000000000000142e+01,5.202900000000000347e+01,5.000000000000000000e+01,0.000000000000000000e+00
1.454000000000000000e+03,3.849388134678216034e+01,-5.938778967990283597e+00,4.294024004303480524e+01,1.492420271737634696e+00,0.000000000000000000e+00,4.985000000000000142e+01,5.183599999999999852e+01,5.000000000000000000e+01,0.000000000000000000e+00
1.455000000000000000e+03,3.801763608203570755e+01,-6.130159559103767641e+00,4.290355841951667060e+01,1.244237221622801703e+00,0.000000000000000000e+00,4.985000000000000142e+01,5.189999999999999858e+01,5.000000000000000000e+01,0.000000000000000000e+00
1.456000000000000000e+03,3.811440736678284225e+01,-6.034469263547036277e+00,4.286744938719491671e+01,1.281427243134965366e+00,0.000000000000000000e+00,4.985000000000000142e+01,5.186800000000000210e+01,5.000000000000000000e+01,0.000000000000000000e+00
1.457000000000000000e+03,3.707760709546051459e+01,-6.515911063066898379e+00,4.282845950541636881e+01,7.650586531110481481e-01,0.000000000000000000e+00,4.985000000000000142e+01,5.202900000000000347e+01,5.000000000000000000e+01,0.000000000000000000e+00
1.458000000000000000e+03,3.794996034674115748e+01,-6.034469263547036277e+00,4.279235047309461493e+01,1.192079137193579497e+00,0.000000000000000000e+00,4.985000000000000142e+01,5.186800000000000210e+01,5.000000000000000000e+01,0.000000000000000000e+00
1.459000000000000000e+03,3.710483636228043025e+01,-6.420220767510145699e+00,4.275393318251244779e+01,7.711239472781279414e-01,0.000000000000000000e+00,4.985000000000000142e+01,5.199699999999999989e+01,5.000000000000000000e+01,0.000000000000000000e+00
1.460000000000000000e+03,3.797749739836577731e+01,-5.938778967990283597e+00,4.271839674138707466e+01,1.197879624968980927e+00,0.000000000000000000e+00,4.985000000000000142e+01,5.183599999999999852e+01,5.000000000000000000e+01,0.000000000000000000e+00
1.461000000000000000e+03,3.751411156693367133e+01,-6.130159559103767641e+00,4.268171511786894001e+01,9.625560081684964020e-01,0.000000000000000000e+00,4.985000000000000142e+01,5.189999999999999858e+01,5.000000000000000000e+01,0.000000000000000000e+00
1.462000000000000000e+03,3.781095626402352394e+01,-5.938778967990283597e+00,4.264617867674356688e+01,1.103556555270235773e+00,0.000000000000000000e+00,4.985000000000000142e+01,5.183599999999999852e+01,5.000000000000000000e+01,0.000000000000000000e+00
1.463000000000000000e+03,3.715804511583439051e+01,-6.228840176396661654e+00,4.260890656855416125e+01,7.779787236768891390e-01,0.000000000000000000e+00,4.985000000000000142e+01,5.193299999999999983e+01,5.000000000000000000e+01,0.000000000000000000e+00
1.464000000000000000e+03,3.746822582171115812e+01,-6.034469263547036277e+00,4.257279753623240737e+01,9.298975490257875842e-01,0.000000000000000000e+00,4.985000000000000142e+01,5.186800000000000210e+01,5.000000000000000000e+01,0.000000000000000000e+00
1.465000000000000000e+03,3.720374271691034807e+01,-6.130159559103767641e+00,4.253611591271427272e+01,7.977863632998403176e-01,0.000000000000000000e+00,4.985000000000000142e+01,5.189999999999999858e+01,5.000000000000000000e+01,0.000000000000000000e+00
1.466000000000000000e+03,3.750778113847817252e+01,-5.938778967990283597e+00,4.250057947158889959e+01,9.459806348795515296e-01,0.000000000000000000e+00,4.985000000000000142e+01,5.183599999999999852e+01,5.000000000000000000e+01,0.000000000000000000e+00
1.467000000000000000e+03,3.724316844888441835e+01,-6.034469263547036277e+00,4.246447043926714571e+01,8.131672731643124763e-01,0.000000000000000000e+00,4.985000000000000142e+01,5.186800000000000210e+01,5.000000000000000000e+01,0.000000000000000000e+00
1.468000000000000000e+03,3.717155711683803787e+01,-6.034469263547036277e+00,4.242836140694539182e+01,7.776649734396831048e-01,0.000000000000000000e+00,4.985000000000000142e+01,5.186800000000000210e+01,5.000000000000000000e+01,0.000000000000000000e+00
1.469000000000000000e+03,3.710149578972585971e+01,-6.034469263547036277e+00,4.239225237462363793e+01,7.437126786492571640e-01,0.000000000000000000e+00,4.985000000000000142e+01,5.186800000000000210e+01,5.000000000000000000e+01,0.000000000000000000e+00
1.470000000000000000e+03,3.703291679544453530e+01,-6.034469263547036277e+00,4.235614334230188405e+01,7.112427166896867492e-01,0.000000000000000000e+00,4.985000000000000142e+01,5.186800000000000210e+01,5.000000000000000000e+01,0.000000000000000000e+00
1.471000000000000000e+03,3.715353082906683113e+01,-5.938778967990283597e+00,4.232060690117651092e+01,7.717028958805998151e-01,0.000000000000000000e+00,4.985000000000000142e+01,5.183599999999999852e+01,5.000000000000000000e+01,0.000000000000000000e+00
1.472000000000000000e+03,3.746572120014649698e+01,-5.744408055140659108e+00,4.228623353591878242e+01,9.238957193683768887e-01,0.000000000000000000e+00,4.985000000000000142e+01,5.177100000000000080e+01,5.000000000000000000e+01,0.000000000000000000e+00
1.473000000000000000e+03,3.757878662330765707e+01,-5.648717759583906428e+00,4.225243276185743468e+01,9.750716210341223711e-01,0.000000000000000000e+00,4.985000000000000142e+01,5.173899999999999721e+01,5.000000000000000000e+01,0.000000000000000000e+00
1.474000000000000000e+03,3.750241492185491410e+01,-5.648717759583906428e+00,4.221863198779608695e+01,9.325006936427310267e-01,0.000000000000000000e+00,4.985000000000000142e+01,5.173899999999999721e+01,5.000000000000000000e+01,0.000000000000000000e+00
1.475000000000000000e+03,3.685870761692132191e+01,-5.938778967990283597e+00,4.218309554667071382e+01,6.143910382408863669e-01,0.000000000000000000e+00,4.985000000000000142e+01,5.183599999999999852e+01,5.000000000000000000e+01,0.000000000000000000e+00
1.476000000000000000e+03,3.717776611083927207e+01,-5.744408055140659108e+00,4.214872218141298532e+01,7.734519845669454163e-01,0.000000000000000000e+00,4.985000000000000142e+01,5.177100000000000080e+01,5.000000000000000000e+01,0.000000000000000000e+00
1.477000000000000000e+03,3.672820557989577139e+01,-5.938778967990283597e+00,4.211318574028761219e+01,5.537988075984423553e-01,0.000000000000000000e+00,4.985000000000000142e+01,5.183599999999999852e+01,5.000000000000000000e+01,0.000000000000000000e+00
1.478000000000000000e+03,3.723768489979119778e+01,-5.648717759583906428e+00,4.207938496622626445e+01,8.070176931488435290e-01,0.000000000000000000e+00,4.985000000000000142e+01,5.173899999999999721e+01,5.000000000000000000e+01,0.000000000000000000e+00
1.479000000000000000e+03,3.698087489959593910e+01,-5.744408055140659108e+00,4.204501160096853596e+01,6.802713537680644684e-01,0.000000000000000000e+00,4.985000000000000142e+01,5.177100000000000080e+01,5.000000000000000000e+01,0.000000000000000000e+00
1.480000000000000000e+03,3.748012761308766017e+01,-5.457337168470422384e+00,4.201235600929994973e+01,9.251087722581379236e-01,0.000000000000000000e+00,4.985000000000000142e+01,5.167499999999999716e+01,5.000000000000000000e+01,0.000000000000000000e+00
1.481000000000000000e+03,3.759485784881908188e+01,-5.361646872913691020e+00,4.198027300882774426e+01,9.762317129050230857e-01,0.000000000000000000e+00,4.985000000000000142e+01,5.164300000000000068e+01,5.000000000000000000e+01,0.000000000000000000e+00
1.482000000000000000e+03,3.733237785951613574e+01,-5.457337168470422384e+00,4.194761741715915804e+01,8.420976108274011995e-01,0.000000000000000000e+00,4.985000000000000142e+01,5.167499999999999716e+01,5.000000000000000000e+01,0.000000000000000000e+00
1.483000000000000000e+03,3.688740606501593078e+01,-5.648717759583906428e+00,4.191381664309781030e+01,6.223071815020283504e-01,0.000000000000000000e+00,4.985000000000000142e+01,5.173899999999999721e+01,5.000000000000000000e+01,0.000000000000000000e+00
1.484000000000000000e+03,3.720198663121708194e+01,-5.457337168470422384e+00,4.188116105142922407e+01,7.781627482582853528e-01,0.000000000000000000e+00,4.985000000000000142e+01,5.167499999999999716e+01,5.000000000000000000e+01,0.000000000000000000e+00
1.485000000000000000e+03,3.713535701226663122e+01,-5.457337168470422384e+00,4.184850545976063785e+01,7.441887209764168620e-01,0.000000000000000000e+00,4.985000000000000142e+01,5.167499999999999716e+01,5.000000000000000000e+01,0.000000000000000000e+00
1.486000000000000000e+03,3.745162948193887331e+01,-5.262966255620797007e+00,4.181701294395970336e+01,8.975827935999628471e-01,0.000000000000000000e+00,4.985000000000000142e+01,5.160999999999999943e+01,5.000000000000000000e+01,0.000000000000000000e+00
1.487000000000000000e+03,3.624256070610158531e+01,-5.843088672433552233e+00,4.178204909403071099e+01,3.036002845044283305e-01,0.000000000000000000e+00,4.985000000000000142e+01,5.180400000000000205e+01,5.000000000000000000e+01,0.000000000000000000e+00
1.488000000000000000e+03,3.695131151786280554e+01,-5.457337168470422384e+00,4.174939350236212476e+01,6.592551839711067174e-01,0.000000000000000000e+00,4.985000000000000142e+01,5.167499999999999716e+01,5.000000000000000000e+01,0.000000000000000000e+00
1.489000000000000000e+03,3.670209790519609783e+01,-5.553027464027175064e+00,4.171616531949715778e+01,5.389600497261144429e-01,0.000000000000000000e+00,4.985000000000000142e+01,5.170700000000000074e+01,5.000000000000000000e+01,0.000000000000000000e+00
1.490000000000000000e+03,3.664533911324682691e+01,-5.553027464027175064e+00,4.168293713663219080e+01,5.154294406418119534e-01,0.000000000000000000e+00,4.985000000000000142e+01,5.170700000000000074e+01,5.000000000000000000e+01,0.000000000000000000e+00
1.491000000000000000e+03,3.658960765080771438e+01,-5.553027464027175064e+00,4.164970895376722382e+01,4.929261610676645144e-01,0.000000000000000000e+00,4.985000000000000142e+01,5.170700000000000074e+01,5.000000000000000000e+01,0.000000000000000000e+00
1.492000000000000000e+03,3.615930784008819643e+01,-5.744408055140659108e+00,4.161533558850949532e+01,2.883803067193624337e-01,0.000000000000000000e+00,4.985000000000000142e+01,5.177100000000000080e+01,5.000000000000000000e+01,0.000000000000000000e+00
1.493000000000000000e+03,3.667567023552467020e+01,-5.457337168470422384e+00,4.158267999684090910e+01,5.503274071541868206e-01,0.000000000000000000e+00,4.985000000000000142e+01,5.167499999999999716e+01,5.000000000000000000e+01,0.000000000000000000e+00
1.494000000000000000e+03,3.643121233144156434e+01,-5.553027464027175064e+00,4.154945181397594212e+01,4.347879814927966269e-01,0.000000000000000000e+00,4.985000000000000142e+01,5.170700000000000074e+01,5.000000000000000000e+01,0.000000000000000000e+00
1.495000000000000000e+03,3.675455244257242526e+01,-5.361646872913691020e+00,4.151736881350373665e+01,5.988305019823788600e-01,0.000000000000000000e+00,4.985000000000000142e+01,5.164300000000000068e+01,5.000000000000000000e+01,0.000000000000000000e+00
1.496000000000000000e+03,3.575157988707686485e+01,-5.843088672433552233e+00,4.148240496357474427e+01,1.122635959356741986e-01,0.000000000000000000e+00,4.985000000000000142e+01,5.180400000000000205e+01,5.000000000000000000e+01,0.000000000000000000e+00
1.497000000000000000e+03,3.609313349606177468e+01,-5.648717759583906428e+00,4.144860418951339653e+01,2.932470661322869598e-01,0.000000000000000000e+00,4.985000000000000142e+01,5.173899999999999721e+01,5.000000000000000000e+01,0.000000000000000000e+00
1.498000000000000000e+03,3.642208059080977733e+01,-5.457337168470422384e+00,4.141594859784481031e+01,4.634691614353920741e-01,0.000000000000000000e+00,4.985000000000000142e+01,5.167499999999999716e+01,5.000000000000000000e+01,0.000000000000000000e+00
1.499000000000000000e+03,3.636919026807734667e+01,-5.457337168470422384e+00,4.138329300617622408e+01,4.432344303715447520e-01,0.000000000000000000e+00,4.985000000000000142e+01,5.167499999999999716e+01,5.000000000000000000e+01,0.000000000000000000e+00
1.500000000000000000e+03,3.650495879184597214e+01,-5.361646872913691020e+00,4.135121000570401861e+01,5.153956590556435513e-01,0.000000000000000000e+00,4.985000000000000142e+01,5.164300000000000068e+01,5.000000000000000000e+01,0.000000000000000000e+00
1.501000000000000000e+03,3.607482316135821776e+01,-5.553027464027175064e+00,4.131798182283905163e+01,3.098688025463383067e-01,0.000000000000000000e+00,4.985000000000000142e+01,5.170700000000000074e+01,5.000000000000000000e+01,0.000000000000000000e+00
1.502000000000000000e+03,3.640361715421633448e+01,-5.361646872913691020e+00,4.128589882236684616e+01,4.793652047631745683e-01,0.000000000000000000e+00,4.985000000000000142e+01,5.164300000000000068e+01,5.000000000000000000e+01,0.000000000000000000e+00
1.503000000000000000e+03,3.616283000017290306e+01,-5.457337168470422384e+00,4.125324323069825994e+01,3.669239379450670024e-01,0.000000000000000000e+00,4.985000000000000142e+01,5.167499999999999716e+01,5.000000000000000000e+01,0.000000000000000000e+00
1.504000000000000000e+03,3.592637935996929599e+01,-5.553027464027175064e+00,4.122001504783329295e+01,2.593917761631754360e-01,0.000000000000000000e+00,4.985000000000000142e+01,5.170700000000000074e+01,5.000000000000000000e+01,0.000000000000000000e+00
1.505000000000000000e+03,3.512485668597435051e+01,-5.938778967990283597e+00,4.118447860670791982e+01,-1.208429527432850203e-01,0.000000000000000000e+00,4.985000000000000142e+01,5.183599999999999852e+01,5.000000000000000000e+01,0.000000000000000000e+00
1.506000000000000000e+03,3.585156579375282604e+01,-5.553027464027175064e+00,4.115125042384295284e+01,2.533428339370490390e-01,0.000000000000000000e+00,4.985000000000000142e+01,5.170700000000000074e+01,5.000000000000000000e+01,0.000000000000000000e+00
1.507000000000000000e+03,3.561950143186302853e+01,-5.648717759583906428e+00,4.111744964978160510e+01,1.507695416653285214e-01,0.000000000000000000e+00,4.985000000000000142e+01,5.173899999999999721e+01,5.000000000000000000e+01,0.000000000000000000e+00
1.508000000000000000e+03,3.595466899310615361e+01,-5.457337168470422384e+00,4.108479405811301888e+01,3.272121034635566139e-01,0.000000000000000000e+00,4.985000000000000142e+01,5.167499999999999716e+01,5.000000000000000000e+01,0.000000000000000000e+00
1.509000000000000000e+03,3.590772755576465158e+01,-5.457337168470422384e+00,4.105213846644443265e+01,3.129262577906427034e-01,0.000000000000000000e+00,4.985000000000000142e+01,5.167499999999999716e+01,5.000000000000000000e+01,0.000000000000000000e+00
1.510000000000000000e+03,3.604918524085618259e+01,-5.361646872913691020e+00,4.102005546597222718e+01,3.907766477976432618e-01,0.000000000000000000e+00,4.985000000000000142e+01,5.164300000000000068e+01,5.000000000000000000e+01,0.000000000000000000e+00
1.511000000000000000e+03,3.543671497432917050e+01,-5.648717759583906428e+00,4.098625469191087944e+01,9.917804200219854094e-02,0.000000000000000000e+00,4.985000000000000142e+01,5.173899999999999721e+01,5.000000000000000000e+01,0.000000000000000000e+00
1.512000000000000000e+03,3.577413498343232590e+01,-5.457337168470422384e+00,4.095359910024229322e+01,2.778730516604543954e-01,0.000000000000000000e+00,4.985000000000000142e+01,5.167499999999999716e+01,5.000000000000000000e+01,0.000000000000000000e+00
1.513000000000000000e+03,3.591712306635393759e+01,-5.361646872913691020e+00,4.092151609977008775e+01,3.572538394975354747e-01,0.000000000000000000e+00,4.985000000000000142e+01,5.164300000000000068e+01,5.000000000000000000e+01,0.000000000000000000e+00
1.514000000000000000e+03,3.643863683919504837e+01,-5.071585664507312963e+00,4.089116876636191478e+01,6.190537373404421118e-01,0.000000000000000000e+00,4.985000000000000142e+01,5.154599999999999937e+01,5.000000000000000000e+01,0.000000000000000000e+00
1.515000000000000000e+03,3.581206784413852517e+01,-5.361646872913691020e+00,4.085908576588970931e+01,3.146289511625069424e-01,0.000000000000000000e+00,4.985000000000000142e+01,5.164300000000000068e+01,5.000000000000000000e+01,0.000000000000000000e+00
1.516000000000000000e+03,3.633544258902234247e+01,-5.071585664507312963e+00,4.082873843248153634e+01,5.782898210481156598e-01,0.000000000000000000e+00,4.985000000000000142e+01,5.154599999999999937e+01,5.000000000000000000e+01,0.000000000000000000e+00
1.517000000000000000e+03,3.627984753693181119e+01,-5.071585664507312963e+00,4.079839109907336336e+01,5.530421023657580148e-01,0.000000000000000000e+00,4.985000000000000142e+01,5.154599999999999937e+01,5.000000000000000000e+01,0.000000000000000000e+00
1.518000000000000000e+03,3.622535478212451210e+01,-5.071585664507312963e+00,4.076804376566519039e+01,5.288966809666347801e-01,0.000000000000000000e+00,4.985000000000000142e+01,5.154599999999999937e+01,5.000000000000000000e+01,0.000000000000000000e+00
1.519000000000000000e+03,3.598414078643129699e+01,-5.167275960064065643e+00,4.073712384106063666e+01,4.142929054347268547e-01,0.000000000000000000e+00,4.985000000000000142e+01,5.157800000000000296e+01,5.000000000000000000e+01,0.000000000000000000e+00
1.520000000000000000e+03,3.631068395613870337e+01,-4.975895368950581599e+00,4.070734909884884445e+01,5.792302262404375179e-01,0.000000000000000000e+00,4.985000000000000142e+01,5.151400000000000290e+01,5.000000000000000000e+01,0.000000000000000000e+00
1.521000000000000000e+03,3.569229419984675644e+01,-5.262966255620797007e+00,4.067585658304790996e+01,2.794038724196450940e-01,0.000000000000000000e+00,4.985000000000000142e+01,5.160999999999999943e+01,5.000000000000000000e+01,0.000000000000000000e+00
1.522000000000000000e+03,3.621192934942120445e+01,-4.975895368950581599e+00,4.064608184083611775e+01,5.417428775356678550e-01,0.000000000000000000e+00,4.985000000000000142e+01,5.151400000000000290e+01,5.000000000000000000e+01,0.000000000000000000e+00
1.523000000000000000e+03,3.597072708919895234e+01,-5.071585664507312963e+00,4.061573450742794478e+01,4.265782462783147544e-01,0.000000000000000000e+00,4.985000000000000142e+01,5.154599999999999937e+01,5.000000000000000000e+01,0.000000000000000000e+00
1.524000000000000000e+03,3.610953106827520998e+01,-4.975895368950581599e+00,4.058595976521615256e+01,4.994666720096401780e-01,0.000000000000000000e+00,4.985000000000000142e+01,5.151400000000000290e+01,5.000000000000000000e+01,0.000000000000000000e+00
1.525000000000000000e+03,3.568239914419375225e+01,-5.167275960064065643e+00,4.055503984061159883e+01,2.946352636462205021e-01,0.000000000000000000e+00,4.985000000000000142e+01,5.157800000000000296e+01,5.000000000000000000e+01,0.000000000000000000e+00
1.526000000000000000e+03,3.601416648069108106e+01,-4.975895368950581599e+00,4.052526509839980662e+01,4.647967512418549330e-01,0.000000000000000000e+00,4.985000000000000142e+01,5.151400000000000290e+01,5.000000000000000000e+01,0.000000000000000000e+00
1.527000000000000000e+03,3.596409904579699202e+01,-4.975895368950581599e+00,4.049549035618801440e+01,4.445040585595610438e-01,0.000000000000000000e+00,4.985000000000000142e+01,5.151400000000000290e+01,5.000000000000000000e+01,0.000000000000000000e+00
1.528000000000000000e+03,3.591491757530605611e+01,-4.975895368950581599e+00,4.046571561397622219e+01,4.250973302804127996e-01,0.000000000000000000e+00,4.985000000000000142e+01,5.151400000000000290e+01,5.000000000000000000e+01,0.000000000000000000e+00
1.529000000000000000e+03,3.567880797598748188e+01,-5.071585664507312963e+00,4.043536828056804922e+01,3.150253599267440752e-01,0.000000000000000000e+00,4.985000000000000142e+01,5.154599999999999937e+01,5.000000000000000000e+01,0.000000000000000000e+00
1.530000000000000000e+03,3.582248227404619456e+01,-4.975895368950581599e+00,4.040559353835625700e+01,3.927841046405216030e-01,0.000000000000000000e+00,4.985000000000000142e+01,5.151400000000000290e+01,5.000000000000000000e+01,0.000000000000000000e+00
1.531000000000000000e+03,3.558778344697535090e+01,-5.071585664507312963e+00,4.037524620494808403e+01,2.841229065345761140e-01,0.000000000000000000e+00,4.985000000000000142e+01,5.154599999999999937e+01,5.000000000000000000e+01,0.000000000000000000e+00
1.532000000000000000e+03,3.573280692397763403e+01,-4.975895368950581599e+00,4.034547146273629181e+01,3.632308301919256466e-01,0.000000000000000000e+00,4.985000000000000142e+01,5.151400000000000290e+01,5.000000000000000000e+01,0.000000000000000000e+00
1.533000000000000000e+03,3.531162295900504233e+01,-5.167275960064065643e+00,4.031455153813173808e+01,1.643473809373723615e-01,0.000000000000000000e+00,4.985000000000000142e+01,5.157800000000000296e+01,5.000000000000000000e+01,0.000000000000000000e+00
1.534000000000000000e+03,3.564907857098401678e+01,-4.975895368950581599e+00,4.028477679591994587e+01,3.401971440146520087e-01,0.000000000000000000e+00,4.985000000000000142e+01,5.151400000000000290e+01,5.000000000000000000e+01,0.000000000000000000e+00
1.535000000000000000e+03,3.560445106554520578e+01,-4.975895368950581599e+00,4.025500205370815365e+01,3.253443807876319482e-01,0.000000000000000000e+00,4.985000000000000142e+01,5.151400000000000290e+01,5.000000000000000000e+01,0.000000000000000000e+00
1.536000000000000000e+03,3.556047202109249383e+01,-4.975895368950581599e+00,4.022522731149636144e+01,3.111400785467171026e-01,0.000000000000000000e+00,4.985000000000000142e+01,5.151400000000000290e+01,5.000000000000000000e+01,0.000000000000000000e+00
1.537000000000000000e+03,3.532933771362390729e+01,-5.071585664507312963e+00,4.019487997808818847e+01,2.060434000430281798e-01,0.000000000000000000e+00,4.985000000000000142e+01,5.154599999999999937e+01,5.000000000000000000e+01,0.000000000000000000e+00
1.538000000000000000e+03,3.567141348016630076e+01,-4.877214751657687586e+00,4.016569572054766013e+01,3.829325112763282690e-01,0.000000000000000000e+00,4.985000000000000142e+01,5.148100000000000165e+01,5.000000000000000000e+01,0.000000000000000000e+00
1.539000000000000000e+03,3.562551066392537535e+01,-4.877214751657687586e+00,4.013651146300713179e+01,3.662139525759338654e-01,0.000000000000000000e+00,4.985000000000000142e+01,5.148100000000000165e+01,5.000000000000000000e+01,0.000000000000000000e+00
1.540000000000000000e+03,3.538669437365602022e+01,-4.975895368950581599e+00,4.010673672079533958e+01,2.558530218112643473e-01,0.000000000000000000e+00,4.985000000000000142e+01,5.151400000000000290e+01,5.000000000000000000e+01,0.000000000000000000e+00
1.541000000000000000e+03,3.534574927207837902e+01,-4.975895368950581599e+00,4.007696197858354736e+01,2.446826624454119525e-01,0.000000000000000000e+00,4.985000000000000142e+01,5.151400000000000290e+01,5.000000000000000000e+01,0.000000000000000000e+00
1.542000000000000000e+03,3.606226149266436920e+01,-4.590143864987451749e+00,4.004949549463216130e+01,6.029098630196620956e-01,0.000000000000000000e+00,4.985000000000000142e+01,5.138499999999999801e+01,5.000000000000000000e+01,0.000000000000000000e+00
1.543000000000000000e+03,3.582069698400162139e+01,-4.685834160544204430e+00,4.002145641948439447e+01,4.850747250614293460e-01,0.000000000000000000e+00,4.985000000000000142e+01,5.141700000000000159e+01,5.000000000000000000e+01,0.000000000000000000e+00
1.544000000000000000e+03,3.558370448172280476e+01,-4.781524456100935794e+00,3.999284475314024689e+01,3.723841846834996527e-01,0.000000000000000000e+00,4.985000000000000142e+01,5.144899999999999807e+01,5.000000000000000000e+01,0.000000000000000000e+00
1.545000000000000000e+03,3.572661020170981061e+01,-4.685834160544204430e+00,3.996480567799248007e+01,4.476386842615345807e-01,0.000000000000000000e+00,4.985000000000000142e+01,5.141700000000000159e+01,5.000000000000000000e+01,0.000000000000000000e+00
1.546000000000000000e+03,3.605457836809496541e+01,-4.494453569430720385e+00,3.993791178523747476e+01,6.111201522882053760e-01,0.000000000000000000e+00,4.985000000000000142e+01,5.135300000000000153e+01,5.000000000000000000e+01,0.000000000000000000e+00
1.547000000000000000e+03,3.562545258262915837e+01,-4.685834160544204430e+00,3.990987271008970794e+01,4.014140330836539761e-01,0.000000000000000000e+00,4.985000000000000142e+01,5.141700000000000159e+01,5.000000000000000000e+01,0.000000000000000000e+00
1.548000000000000000e+03,3.539211264613820873e+01,-4.781524456100935794e+00,3.988126104374556036e+01,2.923760584935812257e-01,0.000000000000000000e+00,4.985000000000000142e+01,5.144899999999999807e+01,5.000000000000000000e+01,0.000000000000000000e+00
1.549000000000000000e+03,3.591406228883258223e+01,-4.494453569430720385e+00,3.985436715099055505e+01,5.541487072727480090e-01,0.000000000000000000e+00,4.985000000000000142e+01,5.135300000000000153e+01,5.000000000000000000e+01,0.000000000000000000e+00
1.550000000000000000e+03,3.586297466110217158e+01,-4.494453569430720385e+00,3.982747325823554974e+01,5.299549722973394550e-01,0.000000000000000000e+00,4.985000000000000142e+01,5.135300000000000153e+01,5.000000000000000000e+01,0.000000000000000000e+00
1.551000000000000000e+03,3.562516790182195336e+01,-4.590143864987451749e+00,3.980000677428416367e+01,4.153049925252436658e-01,0.000000000000000000e+00,4.985000000000000142e+01,5.138499999999999801e+01,5.000000000000000000e+01,0.000000000000000000e+00
1.552000000000000000e+03,3.539179408720444542e+01,-4.685834160544204430e+00,3.977196769913639685e+01,3.056605486122535575e-01,0.000000000000000000e+00,4.985000000000000142e+01,5.141700000000000159e+01,5.000000000000000000e+01,0.000000000000000000e+00
1.553000000000000000e+03,3.478121587217854227e+01,-4.975895368950581599e+00,3.974219295692460463e+01,1.491828420451907222e-02,0.000000000000000000e+00,4.985000000000000142e+01,5.151400000000000290e+01,5.000000000000000000e+01,0.000000000000000000e+00
1.554000000000000000e+03,3.513220861534866657e+01,-4.781524456100935794e+00,3.971358129058045705e+01,2.001517808691407330e-01,0.000000000000000000e+00,4.985000000000000142e+01,5.144899999999999807e+01,5.000000000000000000e+01,0.000000000000000000e+00
1.555000000000000000e+03,3.509485846585432256e+01,-4.781524456100935794e+00,3.968496962423630947e+01,1.914132977189479390e-01,0.000000000000000000e+00,4.985000000000000142e+01,5.144899999999999807e+01,5.000000000000000000e+01,0.000000000000000000e+00
1.556000000000000000e+03,3.543344065758594752e+01,-4.590143864987451749e+00,3.965750314028492340e+01,3.660813822884807500e-01,0.000000000000000000e+00,4.985000000000000142e+01,5.138499999999999801e+01,5.000000000000000000e+01,0.000000000000000000e+00
1.557000000000000000e+03,3.520221591047500453e+01,-4.685834160544204430e+00,3.962946406513715658e+01,2.585860058820487750e-01,0.000000000000000000e+00,4.985000000000000142e+01,5.141700000000000159e+01,5.000000000000000000e+01,0.000000000000000000e+00
1.558000000000000000e+03,3.535066256849830779e+01,-4.590143864987451749e+00,3.960199758118577051e+01,3.388088522999918029e-01,0.000000000000000000e+00,4.985000000000000142e+01,5.138499999999999801e+01,5.000000000000000000e+01,0.000000000000000000e+00
1.559000000000000000e+03,3.493285310781888597e+01,-4.781524456100935794e+00,3.957338591484162293e+01,1.409916490782058551e-01,0.000000000000000000e+00,4.985000000000000142e+01,5.144899999999999807e+01,5.000000000000000000e+01,0.000000000000000000e+00
1.560000000000000000e+03,3.546141208521483890e+01,-4.494453569430720385e+00,3.954649202208661762e+01,4.093736325589361624e-01,0.000000000000000000e+00,4.985000000000000142e+01,5.135300000000000153e+01,5.000000000000000000e+01,0.000000000000000000e+00
1.561000000000000000e+03,3.522886982071430850e+01,-4.590143864987451749e+00,3.951902553813523156e+01,2.999881475665327479e-01,0.000000000000000000e+00,4.985000000000000142e+01,5.138499999999999801e+01,5.000000000000000000e+01,0.000000000000000000e+00
1.562000000000000000e+03,3.518830606947214790e+01,-4.590143864987451749e+00,3.949155905418384549e+01,2.868908802757580978e-01,0.000000000000000000e+00,4.985000000000000142e+01,5.138499999999999801e+01,5.000000000000000000e+01,0.000000000000000000e+00
1.563000000000000000e+03,3.514831413552303019e+01,-4.590143864987451749e+00,3.946409257023245942e+01,2.743654302780247911e-01,0.000000000000000000e+00,4.985000000000000142e+01,5.138499999999999801e+01,5.000000000000000000e+01,0.000000000000000000e+00
1.564000000000000000e+03,3.549028786070105213e+01,-4.395772952137826373e+00,3.943778916214872510e+01,4.482716506901543996e-01,0.000000000000000000e+00,4.985000000000000142e+01,5.132000000000000028e+01,5.000000000000000000e+01,0.000000000000000000e+00
1.565000000000000000e+03,3.563218864662950125e+01,-4.300082656581073692e+00,3.941205834526137153e+01,5.202129579492087430e-01,0.000000000000000000e+00,4.985000000000000142e+01,5.128799999999999670e+01,5.000000000000000000e+01,0.000000000000000000e+00
1.566000000000000000e+03,3.615293992486181907e+01,-4.010021448174716951e+00,3.938806319543804335e+01,7.748981775984934428e-01,0.000000000000000000e+00,4.985000000000000142e+01,5.119100000000000250e+01,5.000000000000000000e+01,0.000000000000000000e+00
1.567000000000000000e+03,3.552591905694196583e+01,-4.300082656581073692e+00,3.936233237855068978e+01,4.636693349723544633e-01,0.000000000000000000e+00,4.985000000000000142e+01,5.128799999999999670e+01,5.000000000000000000e+01,0.000000000000000000e+00
1.568000000000000000e+03,3.585549559487898108e+01,-4.108702065467589648e+00,3.933774674405609773e+01,6.264509162904742245e-01,0.000000000000000000e+00,4.985000000000000142e+01,5.122399999999999665e+01,5.000000000000000000e+01,0.000000000000000000e+00
1.569000000000000000e+03,3.542800873751659196e+01,-4.300082656581073692e+00,3.931201592716874416e+01,4.160754669289207230e-01,0.000000000000000000e+00,4.985000000000000142e+01,5.128799999999999670e+01,5.000000000000000000e+01,0.000000000000000000e+00
1.570000000000000000e+03,3.595330658389150358e+01,-4.010021448174716951e+00,3.928802077734541598e+01,6.753072547208046617e-01,0.000000000000000000e+00,4.985000000000000142e+01,5.119100000000000250e+01,5.000000000000000000e+01,0.000000000000000000e+00
1.571000000000000000e+03,3.589982800383859995e+01,-4.010021448174716951e+00,3.926402562752208780e+01,6.458238244912286596e-01,0.000000000000000000e+00,4.985000000000000142e+01,5.119100000000000250e+01,5.000000000000000000e+01,0.000000000000000000e+00
1.572000000000000000e+03,3.584763664919609027e+01,-4.010021448174716951e+00,3.924003047769875963e+01,6.176276196720499323e-01,0.000000000000000000e+00,4.985000000000000142e+01,5.119100000000000250e+01,5.000000000000000000e+01,0.000000000000000000e+00
1.573000000000000000e+03,3.560303292631989081e+01,-4.108702065467589648e+00,3.921544484320416757e+01,4.962901485833155490e-01,0.000000000000000000e+00,4.985000000000000142e+01,5.122399999999999665e+01,5.000000000000000000e+01,0.000000000000000000e+00
1.574000000000000000e+03,3.575042301431680869e+01,-4.010021448174716951e+00,3.919144969338083939e+01,5.689947691106855832e-01,0.000000000000000000e+00,4.985000000000000142e+01,5.119100000000000250e+01,5.000000000000000000e+01,0.000000000000000000e+00
1.575000000000000000e+03,3.570158596110980653e+01,-4.010021448174716951e+00,3.916745454355751122e+01,5.441528657270111591e-01,0.000000000000000000e+00,4.985000000000000142e+01,5.119100000000000250e+01,5.000000000000000000e+01,0.000000000000000000e+00
1.576000000000000000e+03,3.565383348758125237e+01,-4.010021448174716951e+00,3.914345939373418304e+01,5.203955420217902805e-01,0.000000000000000000e+00,4.985000000000000142e+01,5.119100000000000250e+01,5.000000000000000000e+01,0.000000000000000000e+00
1.577000000000000000e+03,3.560711824176055273e+01,-4.010021448174716951e+00,3.911946424391085486e+01,4.976754460244131595e-01,0.000000000000000000e+00,4.985000000000000142e+01,5.119100000000000250e+01,5.000000000000000000e+01,0.000000000000000000e+00
1.578000000000000000e+03,3.556139493903014426e+01,-4.010021448174716951e+00,3.909546909408752668e+01,4.759472931173333587e-01,0.000000000000000000e+00,4.985000000000000142e+01,5.119100000000000250e+01,5.000000000000000000e+01,0.000000000000000000e+00
1.579000000000000000e+03,3.551662027186639392e+01,-4.010021448174716951e+00,3.907147394426419851e+01,4.551677757769161947e-01,0.000000000000000000e+00,4.985000000000000142e+01,5.119100000000000250e+01,5.000000000000000000e+01,0.000000000000000000e+00
1.580000000000000000e+03,3.566052823618172596e+01,-3.914331152617964715e+00,3.904805138563725109e+01,5.268080031624335913e-01,0.000000000000000000e+00,4.985000000000000142e+01,5.115899999999999892e+01,5.000000000000000000e+01,0.000000000000000000e+00
1.581000000000000000e+03,3.617743185608654244e+01,-3.627260265947749307e+00,3.902634660059944594e+01,7.783455214348422579e-01,0.000000000000000000e+00,4.985000000000000142e+01,5.106300000000000239e+01,5.000000000000000000e+01,0.000000000000000000e+00
1.582000000000000000e+03,3.537064341337867290e+01,-4.010021448174716951e+00,3.900235145077611776e+01,3.783134107772739285e-01,0.000000000000000000e+00,4.985000000000000142e+01,5.119100000000000250e+01,5.000000000000000000e+01,0.000000000000000000e+00
1.583000000000000000e+03,3.533013137146868132e+01,-4.010021448174716951e+00,3.897835630095278958e+01,3.617965186906101360e-01,0.000000000000000000e+00,4.985000000000000142e+01,5.119100000000000250e+01,5.000000000000000000e+01,0.000000000000000000e+00
1.584000000000000000e+03,3.509669705091063463e+01,-4.108702065467589648e+00,3.895377066645819752e+01,2.516284499200254765e-01,0.000000000000000000e+00,4.985000000000000142e+01,5.122399999999999665e+01,5.000000000000000000e+01,0.000000000000000000e+00
1.585000000000000000e+03,3.563031971845539658e+01,-3.818640857061233351e+00,3.893092069902763086e+01,5.180398764889994068e-01,0.000000000000000000e+00,4.985000000000000142e+01,5.112700000000000244e+01,5.000000000000000000e+01,0.000000000000000000e+00
1.586000000000000000e+03,3.520930167637327912e+01,-4.010021448174716951e+00,3.890692554920430268e+01,3.123975753436959435e-01,0.000000000000000000e+00,4.985000000000000142e+01,5.119100000000000250e+01,5.000000000000000000e+01,0.000000000000000000e+00
1.587000000000000000e+03,3.517166747254579917e+01,-4.010021448174716951e+00,3.888293039938097451e+01,2.987585213395411166e-01,0.000000000000000000e+00,4.985000000000000142e+01,5.119100000000000250e+01,5.000000000000000000e+01,0.000000000000000000e+00
1.588000000000000000e+03,3.532240415269117761e+01,-3.914331152617964715e+00,3.885950784075402709e+01,3.772274645551155769e-01,0.000000000000000000e+00,4.985000000000000142e+01,5.115899999999999892e+01,5.000000000000000000e+01,0.000000000000000000e+00
1.589000000000000000e+03,3.509473670094986630e+01,-4.010021448174716951e+00,3.883551269093069891e+01,2.692454581938827918e-01,0.000000000000000000e+00,4.985000000000000142e+01,5.119100000000000250e+01,5.000000000000000000e+01,0.000000000000000000e+00
1.590000000000000000e+03,3.486534309329065451e+01,-4.108702065467589648e+00,3.881092705643610685e+01,1.631181023221351389e-01,0.000000000000000000e+00,4.985000000000000142e+01,5.122399999999999665e+01,5.000000000000000000e+01,0.000000000000000000e+00
1.591000000000000000e+03,3.521505464644759087e+01,-3.914331152617964715e+00,3.878750449780915943e+01,3.418813012563899356e-01,0.000000000000000000e+00,4.985000000000000142e+01,5.115899999999999892e+01,5.000000000000000000e+01,0.000000000000000000e+00
1.592000000000000000e+03,3.498893038283613777e+01,-4.010021448174716951e+00,3.876350934798583125e+01,2.354424830250285150e-01,0.000000000000000000e+00,4.985000000000000142e+01,5.119100000000000250e+01,5.000000000000000000e+01,0.000000000000000000e+00
1.593000000000000000e+03,3.533020680844767014e+01,-3.818640857061233351e+00,3.874065938055526459e+01,4.081882849536416780e-01,0.000000000000000000e+00,4.985000000000000142e+01,5.112700000000000244e+01,5.000000000000000000e+01,0.000000000000000000e+00
1.594000000000000000e+03,3.491398480803695747e+01,-4.010021448174716951e+00,3.871666423073193641e+01,2.073420254797395945e-01,0.000000000000000000e+00,4.985000000000000142e+01,5.119100000000000250e+01,5.000000000000000000e+01,0.000000000000000000e+00
1.595000000000000000e+03,3.525648807946372898e+01,-3.818640857061233351e+00,3.869381426330136975e+01,3.813146732235931369e-01,0.000000000000000000e+00,4.985000000000000142e+01,5.112700000000000244e+01,5.000000000000000000e+01,0.000000000000000000e+00
1.596000000000000000e+03,3.559254101230262535e+01,-3.627260265947749307e+00,3.867210947826356460e+01,5.476917999868062825e-01,0.000000000000000000e+00,4.985000000000000142e+01,5.106300000000000239e+01,5.000000000000000000e+01,0.000000000000000000e+00
1.597000000000000000e+03,3.611611861585637229e+01,-3.337199057541371694e+00,3.865214036028979194e+01,8.011773131079473753e-01,0.000000000000000000e+00,4.985000000000000142e+01,5.096600000000000108e+01,5.000000000000000000e+01,0.000000000000000000e+00
1.598000000000000000e+03,3.530420103892353723e+01,-3.722950561504480671e+00,3.862986298405560603e+01,3.972886163724152486e-01,0.000000000000000000e+00,4.985000000000000142e+01,5.109499999999999886e+01,5.000000000000000000e+01,0.000000000000000000e+00
1.599000000000000000e+03,3.564599713370736822e+01,-3.528579648654855738e+00,3.860874868368907187e+01,5.658280986731506479e-01,0.000000000000000000e+00,4.985000000000000142e+01,5.103000000000000114e+01,5.000000000000000000e+01,0.000000000000000000e+00
1.600000000000000000e+03,3.484320955222840865e+01,-3.914331152617964715e+00,3.858532612506212445e+01,1.722145797842457582e-01,0.000000000000000000e+00,4.985000000000000142e+01,5.115899999999999892e+01,5.000000000000000000e+01,0.000000000000000000e+00
1.601000000000000000e+03,3.556923786089464556e+01,-3.528579648654855738e+00,3.856421182469559028e+01,5.336056848539114661e-01,0.000000000000000000e+00,4.985000000000000142e+01,5.103000000000000114e+01,5.000000000000000000e+01,0.000000000000000000e+00
1.602000000000000000e+03,3.552482671917254464e+01,-3.528579648654855738e+00,3.854309752432905611e+01,5.103088434983423793e-01,0.000000000000000000e+00,4.985000000000000142e+01,5.103000000000000114e+01,5.000000000000000000e+01,0.000000000000000000e+00
1.603000000000000000e+03,3.548143270082928069e+01,-3.528579648654855738e+00,3.852198322396252195e+01,4.880291255216127611e-01,0.000000000000000000e+00,4.985000000000000142e+01,5.103000000000000114e+01,5.000000000000000000e+01,0.000000000000000000e+00
1.604000000000000000e+03,3.562678681164851469e+01,-3.432889353098103058e+00,3.850144151479236854e+01,5.582346499542527596e-01,0.000000000000000000e+00,4.985000000000000142e+01,5.099799999999999756e+01,5.000000000000000000e+01,0.000000000000000000e+00
1.605000000000000000e+03,3.558187297817701733e+01,-3.432889353098103058e+00,3.848089980562221513e+01,5.338625256529040408e-01,0.000000000000000000e+00,4.985000000000000142e+01,5.099799999999999756e+01,5.000000000000000000e+01,0.000000000000000000e+00
1.606000000000000000e+03,3.515660440719939572e+01,-3.627260265947749307e+00,3.845919502058440997e+01,3.246696525627308372e-01,0.000000000000000000e+00,4.985000000000000142e+01,5.106300000000000239e+01,5.000000000000000000e+01,0.000000000000000000e+00
1.607000000000000000e+03,3.587769441035898410e+01,-3.241508761984619014e+00,3.843979849380701808e+01,6.794046785365870367e-01,0.000000000000000000e+00,4.985000000000000142e+01,5.093399999999999750e+01,5.000000000000000000e+01,0.000000000000000000e+00
1.608000000000000000e+03,3.545308473744677258e+01,-3.432889353098103058e+00,3.841925678463686467e+01,4.667173059080128583e-01,0.000000000000000000e+00,4.985000000000000142e+01,5.099799999999999756e+01,5.000000000000000000e+01,0.000000000000000000e+00
1.609000000000000000e+03,3.578771731087675789e+01,-3.241508761984619014e+00,3.839986025785947277e+01,6.293658150019042496e-01,0.000000000000000000e+00,4.985000000000000142e+01,5.093399999999999750e+01,5.000000000000000000e+01,0.000000000000000000e+00
1.610000000000000000e+03,3.555306771150576139e+01,-3.337199057541371694e+00,3.837989113988570011e+01,5.103756291614331975e-01,0.000000000000000000e+00,4.985000000000000142e+01,5.096600000000000108e+01,5.000000000000000000e+01,0.000000000000000000e+00
1.611000000000000000e+03,3.569859137240175784e+01,-3.241508761984619014e+00,3.836049461310830822e+01,5.796055212780661936e-01,0.000000000000000000e+00,4.985000000000000142e+01,5.093399999999999750e+01,5.000000000000000000e+01,0.000000000000000000e+00
1.612000000000000000e+03,3.584753307872015426e+01,-3.142828144691746761e+00,3.834168857100218020e+01,6.486726524097204960e-01,0.000000000000000000e+00,4.985000000000000142e+01,5.090100000000000335e+01,5.000000000000000000e+01,0.000000000000000000e+00
1.613000000000000000e+03,3.598818186667250529e+01,-3.047137849134994081e+00,3.832345512009243294e+01,7.118645957150605552e-01,0.000000000000000000e+00,4.985000000000000142e+01,5.086899999999999977e+01,5.000000000000000000e+01,0.000000000000000000e+00
1.614000000000000000e+03,3.575109350559346666e+01,-3.142828144691746761e+00,3.830464907798630492e+01,5.892725722989113901e-01,0.000000000000000000e+00,4.985000000000000142e+01,5.090100000000000335e+01,5.000000000000000000e+01,0.000000000000000000e+00
1.615000000000000000e+03,3.551291685145893240e+01,-3.241508761984619014e+00,3.828525255120891302e+01,4.691730622346411694e-01,0.000000000000000000e+00,4.985000000000000142e+01,5.093399999999999750e+01,5.000000000000000000e+01,0.000000000000000000e+00
1.616000000000000000e+03,3.585445537236801528e+01,-3.047137849134994081e+00,3.826701910029916576e+01,6.345741212038414902e-01,0.000000000000000000e+00,4.985000000000000142e+01,5.086899999999999977e+01,5.000000000000000000e+01,0.000000000000000000e+00
1.617000000000000000e+03,3.580851687061331035e+01,-3.047137849134994081e+00,3.824878564938941850e+01,6.068690703588848212e-01,0.000000000000000000e+00,4.985000000000000142e+01,5.086899999999999977e+01,5.000000000000000000e+01,0.000000000000000000e+00
1.618000000000000000e+03,3.557601253884036652e+01,-3.142828144691746761e+00,3.822997960728329048e+01,4.888610762488273531e-01,0.000000000000000000e+00,4.985000000000000142e+01,5.090100000000000335e+01,5.000000000000000000e+01,0.000000000000000000e+00
1.619000000000000000e+03,3.534221977858131680e+01,-3.241508761984619014e+00,3.821058308050589858e+01,3.731454600600404570e-01,0.000000000000000000e+00,4.985000000000000142e+01,5.093399999999999750e+01,5.000000000000000000e+01,0.000000000000000000e+00
1.620000000000000000e+03,3.587572620836517245e+01,-2.951447553578262717e+00,3.819292222079253207e+01,6.342515411509015433e-01,0.000000000000000000e+00,4.985000000000000142e+01,5.083700000000000330e+01,5.000000000000000000e+01,0.000000000000000000e+00
1.621000000000000000e+03,3.564259896875993405e+01,-3.047137849134994081e+00,3.817468876988278481e+01,5.150480480121391036e-01,0.000000000000000000e+00,4.985000000000000142e+01,5.086899999999999977e+01,5.000000000000000000e+01,0.000000000000000000e+00
1.622000000000000000e+03,3.560187888960461322e+01,-3.047137849134994081e+00,3.815645531897303755e+01,4.925614197665660332e-01,0.000000000000000000e+00,4.985000000000000142e+01,5.086899999999999977e+01,5.000000000000000000e+01,0.000000000000000000e+00
1.623000000000000000e+03,3.556214056050504979e+01,-3.047137849134994081e+00,3.813822186806329029e+01,4.710565415767521968e-01,0.000000000000000000e+00,4.985000000000000142e+01,5.086899999999999977e+01,5.000000000000000000e+01,0.000000000000000000e+00
1.624000000000000000e+03,3.552334111895819291e+01,-3.047137849134994081e+00,3.811998841715354303e+01,4.504905509396376906e-01,0.000000000000000000e+00,4.985000000000000142e+01,5.086899999999999977e+01,5.000000000000000000e+01,0.000000000000000000e+00
1.625000000000000000e+03,3.586099039912831188e+01,-2.855757258021510037e+00,3.810290014863655728e+01,6.138475085132663045e-01,0.000000000000000000e+00,4.985000000000000142e+01,5.080499999999999972e+01,5.000000000000000000e+01,0.000000000000000000e+00
1.626000000000000000e+03,3.581710198880575291e+01,-2.855757258021510037e+00,3.808581188011957153e+01,5.870473667076929747e-01,0.000000000000000000e+00,4.985000000000000142e+01,5.080499999999999972e+01,5.000000000000000000e+01,0.000000000000000000e+00
1.627000000000000000e+03,3.596802704775244308e+01,-2.757076640728616468e+00,3.806931409627385676e+01,6.557895922071981243e-01,0.000000000000000000e+00,4.985000000000000142e+01,5.077199999999999847e+01,5.000000000000000000e+01,0.000000000000000000e+00
1.628000000000000000e+03,3.592289796081918496e+01,-2.757076640728616468e+00,3.805281631242814200e+01,6.271582891196624265e-01,0.000000000000000000e+00,4.985000000000000142e+01,5.077199999999999847e+01,5.000000000000000000e+01,0.000000000000000000e+00
1.629000000000000000e+03,3.530982467640920675e+01,-3.047137849134994081e+00,3.803458286151839474e+01,3.223796640258052570e-01,0.000000000000000000e+00,4.985000000000000142e+01,5.086899999999999977e+01,5.000000000000000000e+01,0.000000000000000000e+00
1.630000000000000000e+03,3.565306718598649383e+01,-2.855757258021510037e+00,3.801749459300140899e+01,4.913298510065942093e-01,0.000000000000000000e+00,4.985000000000000142e+01,5.080499999999999972e+01,5.000000000000000000e+01,0.000000000000000000e+00
1.631000000000000000e+03,3.561452780868813761e+01,-2.855757258021510037e+00,3.800040632448442324e+01,4.698787422252292401e-01,0.000000000000000000e+00,4.985000000000000142e+01,5.080499999999999972e+01,5.000000000000000000e+01,0.000000000000000000e+00
1.632000000000000000e+03,3.577056836571496490e+01,-2.757076640728616468e+00,3.798390854063870847e+01,5.437364658048673416e-01,0.000000000000000000e+00,4.985000000000000142e+01,5.077199999999999847e+01,5.000000000000000000e+01,0.000000000000000000e+00
1.633000000000000000e+03,3.553668804357960198e+01,-2.855757258021510037e+00,3.796682027212172272e+01,4.256250294793947342e-01,0.000000000000000000e+00,4.985000000000000142e+01,5.080499999999999972e+01,5.000000000000000000e+01,0.000000000000000000e+00
1.634000000000000000e+03,3.588243609861486050e+01,-2.661386345171885104e+00,3.795089507947238872e+01,5.929273643143569972e-01,0.000000000000000000e+00,4.985000000000000142e+01,5.074000000000000199e+01,5.000000000000000000e+01,0.000000000000000000e+00
1.635000000000000000e+03,3.602839953530676809e+01,-2.565696049615132424e+00,3.793554247801943546e+01,6.585531069024647133e-01,0.000000000000000000e+00,4.985000000000000142e+01,5.070799999999999841e+01,5.000000000000000000e+01,0.000000000000000000e+00
1.636000000000000000e+03,3.579651956503678889e+01,-2.661386345171885104e+00,3.791961728537010146e+01,5.382886248385713168e-01,0.000000000000000000e+00,4.985000000000000142e+01,5.074000000000000199e+01,5.000000000000000000e+01,0.000000000000000000e+00
1.637000000000000000e+03,3.632041931521386147e+01,-2.374315458501648379e+00,3.790540986630990972e+01,7.893249074056021275e-01,0.000000000000000000e+00,4.985000000000000142e+01,5.064399999999999835e+01,5.000000000000000000e+01,0.000000000000000000e+00
1.638000000000000000e+03,3.589619971169070567e+01,-2.565696049615132424e+00,3.789005726485695646e+01,5.718384964488842925e-01,0.000000000000000000e+00,4.985000000000000142e+01,5.070799999999999841e+01,5.000000000000000000e+01,0.000000000000000000e+00
1.639000000000000000e+03,3.623143187707999857e+01,-2.374315458501648379e+00,3.787584984579676473e+01,7.298974897848808929e-01,0.000000000000000000e+00,4.985000000000000142e+01,5.064399999999999835e+01,5.000000000000000000e+01,0.000000000000000000e+00
1.640000000000000000e+03,3.618535765729409093e+01,-2.374315458501648379e+00,3.786164242673657299e+01,6.980306890591693181e-01,0.000000000000000000e+00,4.985000000000000142e+01,5.064399999999999835e+01,5.000000000000000000e+01,0.000000000000000000e+00
1.641000000000000000e+03,3.652209352613130733e+01,-2.179944545652023447e+00,3.784859808354402588e+01,8.534399882392985637e-01,0.000000000000000000e+00,4.985000000000000142e+01,5.057900000000000063e+01,5.000000000000000000e+01,0.000000000000000000e+00
1.642000000000000000e+03,3.665956401802897346e+01,-2.084254250095270766e+00,3.783612633154785954e+01,9.076919365763873593e-01,0.000000000000000000e+00,4.985000000000000142e+01,5.054699999999999704e+01,5.000000000000000000e+01,0.000000000000000000e+00
1.643000000000000000e+03,3.660746308732205989e+01,-2.084254250095270766e+00,3.782365457955169319e+01,8.680627578656344712e-01,0.000000000000000000e+00,4.985000000000000142e+01,5.054699999999999704e+01,5.000000000000000000e+01,0.000000000000000000e+00
1.644000000000000000e+03,3.674486775078555922e+01,-1.988563954538539402e+00,3.781175541875190760e+01,9.216762865721905840e-01,0.000000000000000000e+00,4.985000000000000142e+01,5.051500000000000057e+01,5.000000000000000000e+01,0.000000000000000000e+00
1.645000000000000000e+03,3.688637225889380034e+01,-1.889883337245645611e+00,3.780044674262339299e+01,9.758088535160471810e-01,0.000000000000000000e+00,4.985000000000000142e+01,5.048199999999999932e+01,5.000000000000000000e+01,0.000000000000000000e+00
1.646000000000000000e+03,3.663881707402640586e+01,-1.988563954538539402e+00,3.778854758182360740e+01,8.388334467413371964e-01,0.000000000000000000e+00,4.985000000000000142e+01,5.051500000000000057e+01,5.000000000000000000e+01,0.000000000000000000e+00
1.647000000000000000e+03,3.659029504677828015e+01,-1.988563954538539402e+00,3.777664842102382181e+01,8.022105802930004081e-01,0.000000000000000000e+00,4.985000000000000142e+01,5.051500000000000057e+01,5.000000000000000000e+01,0.000000000000000000e+00
1.648000000000000000e+03,3.635559653494296128e+01,-2.084254250095270766e+00,3.776417666902765546e+01,6.756741160105768085e-01,0.000000000000000000e+00,4.985000000000000142e+01,5.054699999999999704e+01,5.000000000000000000e+01,0.000000000000000000e+00
1.649000000000000000e+03,3.631362533581651775e+01,-2.084254250095270766e+00,3.775170491703148912e+01,6.461746688803006178e-01,0.000000000000000000e+00,4.985000000000000142e+01,5.054699999999999704e+01,5.000000000000000000e+01,0.000000000000000000e+00
1.650000000000000000e+03,3.627294206138686405e+01,-2.084254250095270766e+00,3.773923316503532277e+01,6.179631464468147151e-01,0.000000000000000000e+00,4.985000000000000142e+01,5.054699999999999704e+01,5.000000000000000000e+01,0.000000000000000000e+00
1.651000000000000000e+03,3.604571506912515844e+01,-2.179944545652023447e+00,3.772618882184277567e+01,4.994707929344058828e-01,0.000000000000000000e+00,4.985000000000000142e+01,5.057900000000000063e+01,5.000000000000000000e+01,0.000000000000000000e+00
1.652000000000000000e+03,3.638641501478875995e+01,-1.988563954538539402e+00,3.771428966104299008e+01,6.606893082843129372e-01,0.000000000000000000e+00,4.985000000000000142e+01,5.051500000000000057e+01,5.000000000000000000e+01,0.000000000000000000e+00
1.653000000000000000e+03,3.615789522015231938e+01,-2.084254250095270766e+00,3.770181790904682373e+01,5.403315612007650870e-01,0.000000000000000000e+00,4.985000000000000142e+01,5.054699999999999704e+01,5.000000000000000000e+01,0.000000000000000000e+00
1.654000000000000000e+03,3.612183297986488384e+01,-2.084254250095270766e+00,3.768934615705065738e+01,5.167410729094953359e-01,0.000000000000000000e+00,4.985000000000000142e+01,5.054699999999999704e+01,5.000000000000000000e+01,0.000000000000000000e+00
1.655000000000000000e+03,3.608680068337081792e+01,-2.084254250095270766e+00,3.767687440505449104e+01,4.941805284115953767e-01,0.000000000000000000e+00,4.985000000000000142e+01,5.054699999999999704e+01,5.000000000000000000e+01,0.000000000000000000e+00
1.656000000000000000e+03,3.605275336406305087e+01,-2.084254250095270766e+00,3.766440265305832469e+01,4.726049610999986661e-01,0.000000000000000000e+00,4.985000000000000142e+01,5.054699999999999704e+01,5.000000000000000000e+01,0.000000000000000000e+00
1.657000000000000000e+03,3.583187260588370293e+01,-2.179944545652023447e+00,3.765135830986577758e+01,3.604588416699446296e-01,0.000000000000000000e+00,4.985000000000000142e+01,5.057900000000000063e+01,5.000000000000000000e+01,0.000000000000000000e+00
1.658000000000000000e+03,3.542167208131478162e+01,-2.374315458501648379e+00,3.763715089080558585e+01,1.588366490108449047e-01,0.000000000000000000e+00,4.985000000000000142e+01,5.064399999999999835e+01,5.000000000000000000e+01,0.000000000000000000e+00
1.659000000000000000e+03,3.596972418774650748e+01,-2.084254250095270766e+00,3.762467913880941950e+01,4.292992990323601932e-01,0.000000000000000000e+00,4.985000000000000142e+01,5.054699999999999704e+01,5.000000000000000000e+01,0.000000000000000000e+00
1.660000000000000000e+03,3.556295871104200046e+01,-2.275634841208754811e+00,3.761106220442049164e+01,2.275313478302642134e-01,0.000000000000000000e+00,4.985000000000000142e+01,5.061099999999999710e+01,5.000000000000000000e+01,0.000000000000000000e+00
1.661000000000000000e+03,3.553940792125332848e+01,-2.275634841208754811e+00,3.759744527003156378e+01,2.175974924305195679e-01,0.000000000000000000e+00,4.985000000000000142e+01,5.061099999999999710e+01,5.000000000000000000e+01,0.000000000000000000e+00
1.662000000000000000e+03,3.513487202949730204e+01,-2.470005754058401060e+00,3.758266525977499128e+01,2.221252378070637246e-02,0.000000000000000000e+00,4.985000000000000142e+01,5.067600000000000193e+01,5.000000000000000000e+01,0.000000000000000000e+00
1.663000000000000000e+03,3.530689764904987271e+01,-2.374315458501648379e+00,3.756845784071479954e+01,1.127552668367184513e-01,0.000000000000000000e+00,4.985000000000000142e+01,5.064399999999999835e+01,5.000000000000000000e+01,0.000000000000000000e+00
1.664000000000000000e+03,3.528776741593791400e+01,-2.374315458501648379e+00,3.755425042165460781e+01,1.078324527849546383e-01,0.000000000000000000e+00,4.985000000000000142e+01,5.064399999999999835e+01,5.000000000000000000e+01,0.000000000000000000e+00
1.665000000000000000e+03,3.565027091632234146e+01,-2.179944545652023447e+00,3.754120607846206070e+01,2.890093835123028754e-01,0.000000000000000000e+00,4.985000000000000142e+01,5.057900000000000063e+01,5.000000000000000000e+01,0.000000000000000000e+00
1.666000000000000000e+03,3.524318982383386611e+01,-2.374315458501648379e+00,3.752699865940186896e+01,9.050662293364594713e-02,0.000000000000000000e+00,4.985000000000000142e+01,5.064399999999999835e+01,5.000000000000000000e+01,0.000000000000000000e+00
1.667000000000000000e+03,3.541867434485827459e+01,-2.275634841208754811e+00,3.751338172501294110e+01,1.809274610540927974e-01,0.000000000000000000e+00,4.985000000000000142e+01,5.061099999999999710e+01,5.000000000000000000e+01,0.000000000000000000e+00
1.668000000000000000e+03,3.520351485302318650e+01,-2.374315458501648379e+00,3.749917430595274936e+01,7.865600557208655974e-02,0.000000000000000000e+00,4.985000000000000142e+01,5.064399999999999835e+01,5.000000000000000000e+01,0.000000000000000000e+00
1.669000000000000000e+03,3.556729217615975358e+01,-2.179944545652023447e+00,3.748612996276020226e+01,2.611067590515732117e-01,0.000000000000000000e+00,4.985000000000000142e+01,5.057900000000000063e+01,5.000000000000000000e+01,0.000000000000000000e+00
1.670000000000000000e+03,3.535507268654224333e+01,-2.275634841208754811e+00,3.747251302837127440e+01,1.581944993797225751e-01,0.000000000000000000e+00,4.985000000000000142e+01,5.061099999999999710e+01,5.000000000000000000e+01,0.000000000000000000e+00
1.671000000000000000e+03,3.552232450647052531e+01,-2.179944545652023447e+00,3.745946868517872730e+01,2.428003669438154044e-01,0.000000000000000000e+00,4.985000000000000142e+01,5.057900000000000063e+01,5.000000000000000000e+01,0.000000000000000000e+00
1.672000000000000000e+03,3.492948545383129755e+01,-2.470005754058401060e+00,3.744468867492215480e+01,-4.519746703246146913e-02,0.000000000000000000e+00,4.985000000000000142e+01,5.067600000000000193e+01,5.000000000000000000e+01,0.000000000000000000e+00
1.673000000000000000e+03,3.548587295218508331e+01,-2.179944545652023447e+00,3.743164433172960770e+01,2.341731661074983317e-01,0.000000000000000000e+00,4.985000000000000142e+01,5.057900000000000063e+01,5.000000000000000000e+01,0.000000000000000000e+00
1.674000000000000000e+03,3.527482936391150758e+01,-2.275634841208754811e+00,3.741802739734067984e+01,1.324368077795873844e-01,0.000000000000000000e+00,4.985000000000000142e+01,5.061099999999999710e+01,5.000000000000000000e+01,0.000000000000000000e+00
1.675000000000000000e+03,3.563098115883535399e+01,-2.084254250095270766e+00,3.740555564534451349e+01,3.096797635861119335e-01,0.000000000000000000e+00,4.985000000000000142e+01,5.054699999999999704e+01,5.000000000000000000e+01,0.000000000000000000e+00
1.676000000000000000e+03,3.598640781751328177e+01,-1.889883337245645611e+00,3.739424696921599889e+01,4.820441855429244971e-01,0.000000000000000000e+00,4.985000000000000142e+01,5.048199999999999932e+01,5.000000000000000000e+01,0.000000000000000000e+00
1.677000000000000000e+03,3.595405343809537158e+01,-1.889883337245645611e+00,3.738293829308748428e+01,4.609984822535329041e-01,0.000000000000000000e+00,4.985000000000000142e+01,5.048199999999999932e+01,5.000000000000000000e+01,0.000000000000000000e+00
1.678000000000000000e+03,3.572897450467718983e+01,-1.988563954538539402e+00,3.737103913228769869e+01,3.464993269280328692e-01,0.000000000000000000e+00,4.985000000000000142e+01,5.051500000000000057e+01,5.000000000000000000e+01,0.000000000000000000e+00
1.679000000000000000e+03,3.627114165149348679e+01,-1.698502746132161789e+00,3.736087563855194560e+01,6.087687590737024257e-01,0.000000000000000000e+00,4.985000000000000142e+01,5.041799999999999926e+01,5.000000000000000000e+01,0.000000000000000000e+00
1.680000000000000000e+03,3.566520553088136580e+01,-1.988563954538539402e+00,3.734897647775216001e+01,3.047930076677473621e-01,0.000000000000000000e+00,4.985000000000000142e+01,5.051500000000000057e+01,5.000000000000000000e+01,0.000000000000000000e+00
1.681000000000000000e+03,3.658474437099481946e+01,-1.507122155018677967e+00,3.733995816640916132e+01,7.519083596043324436e-01,0.000000000000000000e+00,4.985000000000000142e+01,5.035399999999999920e+01,5.000000000000000000e+01,0.000000000000000000e+00
1.682000000000000000e+03,3.597957204216005067e+01,-1.794193041688914469e+00,3.732922208147702747e+01,4.445430023719352808e-01,0.000000000000000000e+00,4.985000000000000142e+01,5.045000000000000284e+01,5.000000000000000000e+01,0.000000000000000000e+00
1.683000000000000000e+03,3.689417257363855640e+01,-1.312751242169052812e+00,3.732136684600168053e+01,8.855569698059237993e-01,0.000000000000000000e+00,4.985000000000000142e+01,5.028900000000000148e+01,5.000000000000000000e+01,0.000000000000000000e+00
1.684000000000000000e+03,3.627846033659303515e+01,-1.602812450575430425e+00,3.731177594346230109e+01,5.694968437061613820e-01,0.000000000000000000e+00,4.985000000000000142e+01,5.038600000000000279e+01,5.000000000000000000e+01,0.000000000000000000e+00
1.685000000000000000e+03,3.643178102311399158e+01,-1.507122155018677967e+00,3.730275763211930240e+01,6.361455460133675910e-01,0.000000000000000000e+00,4.985000000000000142e+01,5.035399999999999920e+01,5.000000000000000000e+01,0.000000000000000000e+00
1.686000000000000000e+03,3.696418327327378250e+01,-1.217060946612300132e+00,3.729547498784033621e+01,8.857692320457459800e-01,0.000000000000000000e+00,4.985000000000000142e+01,5.025699999999999790e+01,5.000000000000000000e+01,0.000000000000000000e+00
1.687000000000000000e+03,3.654267775451380373e+01,-1.408441537725784176e+00,3.728704716116860851e+01,6.640721310709831737e-01,0.000000000000000000e+00,4.985000000000000142e+01,5.032099999999999795e+01,5.000000000000000000e+01,0.000000000000000000e+00
1.688000000000000000e+03,3.669303242771080420e+01,-1.312751242169052812e+00,3.727919192569326157e+01,7.265917441865896720e-01,0.000000000000000000e+00,4.985000000000000142e+01,5.028900000000000148e+01,5.000000000000000000e+01,0.000000000000000000e+00
1.689000000000000000e+03,3.684123013065142516e+01,-1.217060946612300132e+00,3.727190928141429538e+01,7.863817958494283555e-01,0.000000000000000000e+00,4.985000000000000142e+01,5.025699999999999790e+01,5.000000000000000000e+01,0.000000000000000000e+00
1.690000000000000000e+03,3.642406379604844346e+01,-1.408441537725784176e+00,3.726348145474256768e+01,5.690238790316638484e-01,0.000000000000000000e+00,4.985000000000000142e+01,5.032099999999999795e+01,5.000000000000000000e+01,0.000000000000000000e+00
1.691000000000000000e+03,3.657856820773537265e+01,-1.312751242169052812e+00,3.725562621926722073e+01,6.356932306372011787e-01,0.000000000000000000e+00,4.985000000000000142e+01,5.028900000000000148e+01,5.000000000000000000e+01,0.000000000000000000e+00
1.692000000000000000e+03,3.635518364923954238e+01,-1.408441537725784176e+00,3.724719839259549303e+01,5.164267943698334085e-01,0.000000000000000000e+00,4.985000000000000142e+01,5.032099999999999795e+01,5.000000000000000000e+01,0.000000000000000000e+00
1.693000000000000000e+03,3.651198441190606303e+01,-1.312751242169052812e+00,3.723934315712014609e+01,5.853924969549664237e-01,0.000000000000000000e+00,4.985000000000000142e+01,5.028900000000000148e+01,5.000000000000000000e+01,0.000000000000000000e+00
1.694000000000000000e+03,3.572160172772613862e+01,-1.698502746132161789e+00,3.722917966338439300e+01,1.909248104739126872e-01,0.000000000000000000e+00,4.985000000000000142e+01,5.041799999999999926e+01,5.000000000000000000e+01,0.000000000000000000e+00
1.695000000000000000e+03,3.664784763869629103e+01,-1.217060946612300132e+00,3.722189701910542681e+01,6.430115662031610224e-01,0.000000000000000000e+00,4.985000000000000142e+01,5.025699999999999790e+01,5.000000000000000000e+01,0.000000000000000000e+00
1.696000000000000000e+03,3.585552193848918279e+01,-1.602812450575430425e+00,3.721230611656604736e+01,2.460282724985652369e-01,0.000000000000000000e+00,4.985000000000000142e+01,5.038600000000000279e+01,5.000000000000000000e+01,0.000000000000000000e+00
1.697000000000000000e+03,3.677993466303869496e+01,-1.121370651055568768e+00,3.720559606348346193e+01,6.957092506108033536e-01,0.000000000000000000e+00,4.985000000000000142e+01,5.022500000000000142e+01,5.000000000000000000e+01,0.000000000000000000e+00
1.698000000000000000e+03,3.598588081093569002e+01,-1.507122155018677967e+00,3.719657775214046325e+01,2.964252138139072401e-01,0.000000000000000000e+00,4.985000000000000142e+01,5.035399999999999920e+01,5.000000000000000000e+01,0.000000000000000000e+00
1.699000000000000000e+03,3.653311500706075066e+01,-1.217060946612300132e+00,3.718929510786149706e+01,5.608808458115517315e-01,0.000000000000000000e+00,4.985000000000000142e+01,5.025699999999999790e+01,5.000000000000000000e+01,0.000000000000000000e+00
1.700000000000000000e+03,3.574437507517975376e+01,-1.602812450575430425e+00,3.717970420532211762e+01,1.674833204330669623e-01,0.000000000000000000e+00,4.985000000000000142e+01,5.038600000000000279e+01,5.000000000000000000e+01,0.000000000000000000e+00
1.701000000000000000e+03,3.667221701598293748e+01,-1.121370651055568768e+00,3.717299415223953218e+01,6.205935147989731782e-01,0.000000000000000000e+00,4.985000000000000142e+01,5.022500000000000142e+01,5.000000000000000000e+01,0.000000000000000000e+00
1.702000000000000000e+03,3.588144266301232221e+01,-1.507122155018677967e+00,3.716397584089653350e+01,2.245889771344638519e-01,0.000000000000000000e+00,4.985000000000000142e+01,5.035399999999999920e+01,5.000000000000000000e+01,0.000000000000000000e+00
1.703000000000000000e+03,3.661958859035116376e+01,-1.121370651055568768e+00,3.715726578781394807e+01,5.836934535927877921e-01,0.000000000000000000e+00,4.985000000000000142e+01,5.022500000000000142e+01,5.000000000000000000e+01,0.000000000000000000e+00
1.704000000000000000e+03,3.583042526757818536e+01,-1.507122155018677967e+00,3.714824747647094938e+01,1.892999461259169958e-01,0.000000000000000000e+00,4.985000000000000142e+01,5.035399999999999920e+01,5.000000000000000000e+01,0.000000000000000000e+00
1.705000000000000000e+03,3.657011188869210372e+01,-1.121370651055568768e+00,3.714153742338836395e+01,5.499451163593137570e-01,0.000000000000000000e+00,4.985000000000000142e+01,5.022500000000000142e+01,5.000000000000000000e+01,0.000000000000000000e+00
1.706000000000000000e+03,3.653939162639745319e+01,-1.121370651055568768e+00,3.713482737030577852e+01,5.259349071472426695e-01,0.000000000000000000e+00,4.985000000000000142e+01,5.022500000000000142e+01,5.000000000000000000e+01,0.000000000000000000e+00
1.707000000000000000e+03,3.632194421994984168e+01,-1.217060946612300132e+00,3.712754472602681233e+01,4.114604405353309291e-01,0.000000000000000000e+00,4.985000000000000142e+01,5.025699999999999790e+01,5.000000000000000000e+01,0.000000000000000000e+00
1.708000000000000000e+03,3.535195246309822181e+01,-1.698502746132161789e+00,3.711738123229105923e+01,-6.692602306067130247e-02,0.000000000000000000e+00,4.985000000000000142e+01,5.041799999999999926e+01,5.000000000000000000e+01,0.000000000000000000e+00
1.709000000000000000e+03,3.572026173683321559e+01,-1.507122155018677967e+00,3.710836292094806055e+01,1.190209709038316382e-01,0.000000000000000000e+00,4.985000000000000142e+01,5.035399999999999920e+01,5.000000000000000000e+01,0.000000000000000000e+00
1.710000000000000000e+03,3.627524127492181094e+01,-1.217060946612300132e+00,3.710108027666909436e+01,3.912219448650130493e-01,0.000000000000000000e+00,4.985000000000000142e+01,5.025699999999999790e+01,5.000000000000000000e+01,0.000000000000000000e+00
1.711000000000000000e+03,3.606310274855874098e+01,-1.312751242169052812e+00,3.709322504119374742e+01,2.826289495340458258e-01,0.000000000000000000e+00,4.985000000000000142e+01,5.028900000000000148e+01,5.000000000000000000e+01,0.000000000000000000e+00
1.712000000000000000e+03,3.641845896124525694e+01,-1.121370651055568768e+00,3.708651498811116198e+01,4.533146241896682804e-01,0.000000000000000000e+00,4.985000000000000142e+01,5.022500000000000142e+01,5.000000000000000000e+01,0.000000000000000000e+00
1.713000000000000000e+03,3.639195751690941449e+01,-1.121370651055568768e+00,3.707980493502857655e+01,4.335232329364109294e-01,0.000000000000000000e+00,4.985000000000000142e+01,5.022500000000000142e+01,5.000000000000000000e+01,0.000000000000000000e+00
1.714000000000000000e+03,3.599076932519478333e+01,-1.312751242169052812e+00,3.707194969955322961e+01,2.315708678106026819e-01,0.000000000000000000e+00,4.985000000000000142e+01,5.028900000000000148e+01,5.000000000000000000e+01,0.000000000000000000e+00
1.715000000000000000e+03,3.634835469709678790e+01,-1.121370651055568768e+00,3.706523964647064417e+01,4.044857016817166029e-01,0.000000000000000000e+00,4.985000000000000142e+01,5.022500000000000142e+01,5.000000000000000000e+01,0.000000000000000000e+00
1.716000000000000000e+03,3.632398508848444152e+01,-1.121370651055568768e+00,3.705852959338805874e+01,3.868261461519533762e-01,0.000000000000000000e+00,4.985000000000000142e+01,5.022500000000000142e+01,5.000000000000000000e+01,0.000000000000000000e+00
1.717000000000000000e+03,3.630038648339635188e+01,-1.121370651055568768e+00,3.705181954030547331e+01,3.699375941464486672e-01,0.000000000000000000e+00,4.985000000000000142e+01,5.022500000000000142e+01,5.000000000000000000e+01,0.000000000000000000e+00
1.718000000000000000e+03,3.627752522037182104e+01,-1.121370651055568768e+00,3.704510948722288788e+01,3.537863842045039786e-01,0.000000000000000000e+00,4.985000000000000142e+01,5.022500000000000142e+01,5.000000000000000000e+01,0.000000000000000000e+00
1.719000000000000000e+03,3.625536910758537346e+01,-1.121370651055568768e+00,3.703839943414030245e+01,3.383403245006437743e-01,0.000000000000000000e+00,4.985000000000000142e+01,5.022500000000000142e+01,5.000000000000000000e+01,0.000000000000000000e+00
1.720000000000000000e+03,3.604611194602295399e+01,-1.217060946612300132e+00,3.703111678986133626e+01,2.320561027739200810e-01,0.000000000000000000e+00,4.985000000000000142e+01,5.025699999999999790e+01,5.000000000000000000e+01,0.000000000000000000e+00
1.721000000000000000e+03,3.621647331145035764e+01,-1.121370651055568768e+00,3.702440673677875083e+01,3.134372257271797468e-01,0.000000000000000000e+00,4.985000000000000142e+01,5.022500000000000142e+01,5.000000000000000000e+01,0.000000000000000000e+00
1.722000000000000000e+03,3.600830340131320639e+01,-1.217060946612300132e+00,3.701712409249978464e+01,2.082402554257220539e-01,0.000000000000000000e+00,4.985000000000000142e+01,5.025699999999999790e+01,5.000000000000000000e+01,0.000000000000000000e+00
1.723000000000000000e+03,3.637334794385498071e+01,-1.022690033762674977e+00,3.701100452408846309e+01,3.850334535291878302e-01,0.000000000000000000e+00,4.985000000000000142e+01,5.019200000000000017e+01,5.000000000000000000e+01,0.000000000000000000e+00
1.724000000000000000e+03,3.596899928414501346e+01,-1.217060946612300132e+00,3.700372187980949690e+01,1.823383509478180564e-01,0.000000000000000000e+00,4.985000000000000142e+01,5.025699999999999790e+01,5.000000000000000000e+01,0.000000000000000000e+00
1.725000000000000000e+03,3.633517468525249683e+01,-1.022690033762674977e+00,3.699760231139817535e+01,3.602624076169942402e-01,0.000000000000000000e+00,4.985000000000000142e+01,5.019200000000000017e+01,5.000000000000000000e+01,0.000000000000000000e+00
1.726000000000000000e+03,3.611968292429520488e+01,-1.121370651055568768e+00,3.699089225831558991e+01,2.501613170351873472e-01,0.000000000000000000e+00,4.985000000000000142e+01,5.022500000000000142e+01,5.000000000000000000e+01,0.000000000000000000e+00
1.727000000000000000e+03,3.610205100759367269e+01,-1.121370651055568768e+00,3.698418220523300448e+01,2.392394534162408382e-01,0.000000000000000000e+00,4.985000000000000142e+01,5.022500000000000142e+01,5.000000000000000000e+01,0.000000000000000000e+00
1.728000000000000000e+03,3.627853932592791608e+01,-1.022690033762674977e+00,3.697806263682168293e+01,3.231667228689056315e-01,0.000000000000000000e+00,4.985000000000000142e+01,5.019200000000000017e+01,5.000000000000000000e+01,0.000000000000000000e+00
1.729000000000000000e+03,3.682163676823985554e+01,-7.356191470924384745e-01,3.697366084199950365e+01,5.835950733327910367e-01,0.000000000000000000e+00,4.985000000000000142e+01,5.009599999999999653e+01,5.000000000000000000e+01,0.000000000000000000e+00
1.730000000000000000e+03,3.679175563122691983e+01,-7.356191470924384745e-01,3.696925904717732436e+01,5.581157311420346101e-01,0.000000000000000000e+00,4.985000000000000142e+01,5.009599999999999653e+01,5.000000000000000000e+01,0.000000000000000000e+00
1.731000000000000000e+03,3.695663029831963797e+01,-6.369385297995660000e-01,3.696544773702641606e+01,6.281210910927852442e-01,0.000000000000000000e+00,4.985000000000000142e+01,5.006300000000000239e+01,5.000000000000000000e+01,0.000000000000000000e+00
1.732000000000000000e+03,3.654397686502171894e+01,-8.313094426491911548e-01,3.696047335100785602e+01,4.148129566630579523e-01,0.000000000000000000e+00,4.985000000000000142e+01,5.012800000000000011e+01,5.000000000000000000e+01,0.000000000000000000e+00
1.733000000000000000e+03,3.784705589484593702e+01,-1.554967302797043427e-01,3.695954289031373463e+01,1.043009734811906286e+00,0.000000000000000000e+00,4.985000000000000142e+01,4.990200000000000102e+01,5.000000000000000000e+01,0.000000000000000000e+00
1.734000000000000000e+03,3.741916957048947978e+01,-3.498676431293294975e-01,3.695744935375196860e+01,8.115878598668436750e-01,0.000000000000000000e+00,4.985000000000000142e+01,4.996699999999999875e+01,5.000000000000000000e+01,0.000000000000000000e+00
1.735000000000000000e+03,3.719386727759384570e+01,-4.455579386860820668e-01,3.695478322599382182e+01,6.846419902861063944e-01,0.000000000000000000e+00,4.985000000000000142e+01,4.999900000000000233e+01,5.000000000000000000e+01,0.000000000000000000e+00
1.736000000000000000e+03,3.697353475908813181e+01,-5.412482342428134308e-01,3.695154450703929427e+01,5.632384862916497426e-01,0.000000000000000000e+00,4.985000000000000142e+01,5.003099999999999881e+01,5.000000000000000000e+01,0.000000000000000000e+00
1.737000000000000000e+03,3.694570545192785715e+01,-5.412482342428134308e-01,3.694830578808476673e+01,5.386478980859040755e-01,0.000000000000000000e+00,4.985000000000000142e+01,5.003099999999999881e+01,5.000000000000000000e+01,0.000000000000000000e+00
1.738000000000000000e+03,3.748227599018748180e+01,-2.541773475725981335e-01,3.694678484271938146e+01,7.896684950407031334e-01,0.000000000000000000e+00,4.985000000000000142e+01,4.993500000000000227e+01,5.000000000000000000e+01,0.000000000000000000e+00
1.739000000000000000e+03,3.688295244690890939e+01,-5.412482342428134308e-01,3.694354612376485392e+01,4.806545573868738486e-01,0.000000000000000000e+00,4.985000000000000142e+01,5.003099999999999881e+01,5.000000000000000000e+01,0.000000000000000000e+00
1.740000000000000000e+03,3.704650410749386680e+01,-4.455579386860820668e-01,3.694087999600670713e+01,5.511820501732375144e-01,0.000000000000000000e+00,4.985000000000000142e+01,4.999900000000000233e+01,5.000000000000000000e+01,0.000000000000000000e+00
1.741000000000000000e+03,3.701977376688079602e+01,-4.455579386860820668e-01,3.693821386824856035e+01,5.271178373183112997e-01,0.000000000000000000e+00,4.985000000000000142e+01,4.999900000000000233e+01,5.000000000000000000e+01,0.000000000000000000e+00
1.742000000000000000e+03,3.718186946519628577e+01,-3.498676431293294975e-01,3.693612033168679432e+01,5.956167766388181795e-01,0.000000000000000000e+00,4.985000000000000142e+01,4.996699999999999875e+01,5.000000000000000000e+01,0.000000000000000000e+00
1.743000000000000000e+03,3.696599631484198056e+01,-4.455579386860820668e-01,3.693345420392864753e+01,4.781000495994149890e-01,0.000000000000000000e+00,4.985000000000000142e+01,4.999900000000000233e+01,5.000000000000000000e+01,0.000000000000000000e+00
1.744000000000000000e+03,3.637326246231250337e+01,-7.356191470924384745e-01,3.692905240910646825e+01,1.798292002984734905e-01,0.000000000000000000e+00,4.985000000000000142e+01,5.009599999999999653e+01,5.000000000000000000e+01,0.000000000000000000e+00
1.745000000000000000e+03,3.693020367325448206e+01,-4.455579386860820668e-01,3.692638628134832146e+01,4.493753305922402186e-01,0.000000000000000000e+00,4.985000000000000142e+01,4.999900000000000233e+01,5.000000000000000000e+01,0.000000000000000000e+00
1.746000000000000000e+03,3.690791814097522661e+01,-4.455579386860820668e-01,3.692372015359017468e+01,4.297559260711283913e-01,0.000000000000000000e+00,4.985000000000000142e+01,4.999900000000000233e+01,5.000000000000000000e+01,0.000000000000000000e+00
1.747000000000000000e+03,3.707426459048168255e+01,-3.498676431293294975e-01,3.692162661702840865e+01,5.025056165826043975e-01,0.000000000000000000e+00,4.985000000000000142e+01,4.996699999999999875e+01,5.000000000000000000e+01,0.000000000000000000e+00
1.748000000000000000e+03,3.705023201923176401e+01,-3.498676431293294975e-01,3.691953308046664262e+01,4.805665818944481193e-01,0.000000000000000000e+00,4.985000000000000142e+01,4.996699999999999875e+01,5.000000000000000000e+01,0.000000000000000000e+00
1.749000000000000000e+03,3.740857609746261403e+01,-1.554967302797043427e-01,3.691860261977252122e+01,6.454702079697902661e-01,0.000000000000000000e+00,4.985000000000000142e+01,4.990200000000000102e+01,5.000000000000000000e+01,0.000000000000000000e+00
1.750000000000000000e+03,3.699804606362607728e+01,-3.498676431293294975e-01,3.691650908321075519e+01,4.314046235446539201e-01,0.000000000000000000e+00,4.985000000000000142e+01,4.996699999999999875e+01,5.000000000000000000e+01,0.000000000000000000e+00
1.751000000000000000e+03,3.716489312338007522e+01,-2.541773475725981335e-01,3.691498813784536992e+01,5.040823331073035485e-01,0.000000000000000000e+00,4.985000000000000142e+01,4.993500000000000227e+01,5.000000000000000000e+01,0.000000000000000000e+00
1.752000000000000000e+03,3.733500769932057040e+01,-1.554967302797043427e-01,3.691405767715124853e+01,5.764467524490217709e-01,0.000000000000000000e+00,4.985000000000000142e+01,4.990200000000000102e+01,5.000000000000000000e+01,0.000000000000000000e+00
1.753000000000000000e+03,3.730890998699678107e+01,-1.554967302797043427e-01,3.691312721645712713e+01,5.512795008193572821e-01,0.000000000000000000e+00,4.985000000000000142e+01,4.990200000000000102e+01,5.000000000000000000e+01,0.000000000000000000e+00
1.754000000000000000e+03,3.728391105882244716e+01,-1.554967302797043427e-01,3.691219675576300574e+01,5.272110333391392123e-01,0.000000000000000000e+00,4.985000000000000142e+01,4.990200000000000102e+01,5.000000000000000000e+01,0.000000000000000000e+00
1.755000000000000000e+03,3.706631954836366560e+01,-2.541773475725981335e-01,3.691067581039762047e+01,4.098210855386467122e-01,0.000000000000000000e+00,4.985000000000000142e+01,4.993500000000000227e+01,5.000000000000000000e+01,0.000000000000000000e+00
1.756000000000000000e+03,3.685913069577670598e+01,-3.498676431293294975e-01,3.690858227383585444e+01,3.004160650701824253e-01,0.000000000000000000e+00,4.985000000000000142e+01,4.996699999999999875e+01,5.000000000000000000e+01,0.000000000000000000e+00
1.757000000000000000e+03,3.665614579669234985e+01,-4.455579386860820668e-01,3.690591614607770765e+01,1.957875893007191559e-01,0.000000000000000000e+00,4.985000000000000142e+01,4.999900000000000233e+01,5.000000000000000000e+01,0.000000000000000000e+00
1.758000000000000000e+03,3.721412594288419484e+01,-1.554967302797043427e-01,3.690498568538358626e+01,4.646369877803060988e-01,0.000000000000000000e+00,4.985000000000000142e+01,4.990200000000000102e+01,5.000000000000000000e+01,0.000000000000000000e+00
1.759000000000000000e+03,3.699926637035962074e+01,-2.541773475725981335e-01,3.690346474001820098e+01,3.499789779140194401e-01,0.000000000000000000e+00,4.985000000000000142e+01,4.993500000000000227e+01,5.000000000000000000e+01,0.000000000000000000e+00
1.760000000000000000e+03,3.717610898822358934e+01,-1.554967302797043427e-01,3.690253427932407959e+01,4.290714391792073146e-01,0.000000000000000000e+00,4.985000000000000142e+01,4.990200000000000102e+01,5.000000000000000000e+01,0.000000000000000000e+00
1.761000000000000000e+03,3.715644557634004741e+01,-1.554967302797043427e-01,3.690160381862995820e+01,4.103384879897904458e-01,0.000000000000000000e+00,4.985000000000000142e+01,4.990200000000000102e+01,5.000000000000000000e+01,0.000000000000000000e+00
1.762000000000000000e+03,3.713760003166514423e+01,-1.554967302797043427e-01,3.690067335793583680e+01,3.924234040090052722e-01,0.000000000000000000e+00,4.985000000000000142e+01,4.990200000000000102e+01,5.000000000000000000e+01,0.000000000000000000e+00
1.763000000000000000e+03,3.711953664670333097e+01,-1.554967302797043427e-01,3.689974289724171541e+01,3.752904797413166849e-01,0.000000000000000000e+00,4.985000000000000142e+01,4.990200000000000102e+01,5.000000000000000000e+01,0.000000000000000000e+00
1.764000000000000000e+03,3.690857787861645534e+01,-2.541773475725981335e-01,3.689822195187633014e+01,2.645332743127268849e-01,0.000000000000000000e+00,4.985000000000000142e+01,4.993500000000000227e+01,5.000000000000000000e+01,0.000000000000000000e+00
1.765000000000000000e+03,3.708915099459507303e+01,-1.554967302797043427e-01,3.689729149118220874e+01,3.473562336925652416e-01,0.000000000000000000e+00,4.985000000000000142e+01,4.990200000000000102e+01,5.000000000000000000e+01,0.000000000000000000e+00
1.766000000000000000e+03,3.744860603527622800e+01,3.588386083377956282e-02,3.689750621288084886e+01,5.152159615615998778e-01,0.000000000000000000e+00,4.985000000000000142e+01,4.983800000000000097e+01,5.000000000000000000e+01,0.000000000000000000e+00
1.767000000000000000e+03,3.705077597242298282e+01,-1.554967302797043427e-01,3.689657575218672747e+01,3.096969505159573588e-01,0.000000000000000000e+00,4.985000000000000142e+01,4.990200000000000102e+01,5.000000000000000000e+01,0.000000000000000000e+00
1.768000000000000000e+03,3.684268097076081006e+01,-2.541773475725981335e-01,3.689505480682134220e+01,2.018035115120702105e-01,0.000000000000000000e+00,4.985000000000000142e+01,4.993500000000000227e+01,5.000000000000000000e+01,0.000000000000000000e+00
1.769000000000000000e+03,3.702599282317669349e+01,-1.554967302797043427e-01,3.689412434612722080e+01,2.873652073291702580e-01,0.000000000000000000e+00,4.985000000000000142e+01,4.990200000000000102e+01,5.000000000000000000e+01,0.000000000000000000e+00
1.770000000000000000e+03,3.701251620370599937e+01,-1.554967302797043427e-01,3.689319388543309941e+01,2.748190485525996429e-01,0.000000000000000000e+00,4.985000000000000142e+01,4.990200000000000102e+01,5.000000000000000000e+01,0.000000000000000000e+00
1.771000000000000000e+03,3.699958734052601983e+01,-1.554967302797043427e-01,3.689226342473897802e+01,2.628206460667431021e-01,0.000000000000000000e+00,4.985000000000000142e+01,4.990200000000000102e+01,5.000000000000000000e+01,0.000000000000000000e+00
1.772000000000000000e+03,3.698718231899010078e+01,-1.554967302797043427e-01,3.689133296404485662e+01,2.513460852249458921e-01,0.000000000000000000e+00,4.985000000000000142e+01,4.990200000000000102e+01,5.000000000000000000e+01,0.000000000000000000e+00
1.773000000000000000e+03,3.659385946158105440e+01,-3.498676431293294975e-01,3.688923942748309059e+01,5.448767722729316865e-02,0.000000000000000000e+00,4.985000000000000142e+01,4.996699999999999875e+01,5.000000000000000000e+01,0.000000000000000000e+00
1.774000000000000000e+03,3.697080583909157525e+01,-1.554967302797043427e-01,3.688830896678896920e+01,2.379936025823045365e-01,0.000000000000000000e+00,4.985000000000000142e+01,4.990200000000000102e+01,5.000000000000000000e+01,0.000000000000000000e+00
1.775000000000000000e+03,3.657806594149472090e+01,-3.498676431293294975e-01,3.688621543022720317e+01,4.171815439684678495e-02,0.000000000000000000e+00,4.985000000000000142e+01,4.996699999999999875e+01,5.000000000000000000e+01,0.000000000000000000e+00
1.776000000000000000e+03,3.638637560758281353e+01,-4.455579386860820668e-01,3.688354930246905639e+01,-5.161575620016357197e-02,0.000000000000000000e+00,4.985000000000000142e+01,4.999900000000000233e+01,5.000000000000000000e+01,0.000000000000000000e+00
1.777000000000000000e+03,3.695515720633517276e+01,-1.554967302797043427e-01,3.688261884177493499e+01,2.280350948399392230e-01,0.000000000000000000e+00,4.985000000000000142e+01,4.990200000000000102e+01,5.000000000000000000e+01,0.000000000000000000e+00
1.778000000000000000e+03,3.675062750270202372e+01,-2.541773475725981335e-01,3.688109789640954972e+01,1.237069538650758943e-01,0.000000000000000000e+00,4.985000000000000142e+01,4.993500000000000227e+01,5.000000000000000000e+01,0.000000000000000000e+00
1.779000000000000000e+03,3.693734899479296985e+01,-1.554967302797043427e-01,3.688016743571542833e+01,2.126782893572408129e-01,0.000000000000000000e+00,4.985000000000000142e+01,4.990200000000000102e+01,5.000000000000000000e+01,0.000000000000000000e+00
1.780000000000000000e+03,3.692713315257543627e+01,-1.554967302797043427e-01,3.687923697502130693e+01,2.033929078338300722e-01,0.000000000000000000e+00,4.985000000000000142e+01,4.990200000000000102e+01,5.000000000000000000e+01,0.000000000000000000e+00
1.781000000000000000e+03,3.672367930914698775e+01,-2.541773475725981335e-01,3.687771602965592166e+01,1.001406270636659573e-01,0.000000000000000000e+00,4.985000000000000142e+01,4.993500000000000227e+01,5.000000000000000000e+01,0.000000000000000000e+00
1.782000000000000000e+03,3.709920510281861539e+01,-5.980643472295177343e-02,3.687735816015818102e+01,2.816533773833849730e-01,0.000000000000000000e+00,4.985000000000000142e+01,4.986999999999999744e+01,5.000000000000000000e+01,0.000000000000000000e+00
1.783000000000000000e+03,3.784352008122974809e+01,3.259450692401572591e-01,3.687930854892085364e+01,6.382664630687381324e-01,0.000000000000000000e+00,4.985000000000000142e+01,4.974099999999999966e+01,5.000000000000000000e+01,0.000000000000000000e+00
1.784000000000000000e+03,3.706063458186271475e+01,-5.980643472295177343e-02,3.687895067942311300e+01,2.414903371625505835e-01,0.000000000000000000e+00,4.985000000000000142e+01,4.986999999999999744e+01,5.000000000000000000e+01,0.000000000000000000e+00
1.785000000000000000e+03,3.742528424282733113e+01,1.315741563905321321e-01,3.687973799231813388e+01,4.139720941186630365e-01,0.000000000000000000e+00,4.985000000000000142e+01,4.980599999999999739e+01,5.000000000000000000e+01,0.000000000000000000e+00
1.786000000000000000e+03,3.778941663807182749e+01,3.259450692401572591e-01,3.688168838108080649e+01,5.817831877508633509e-01,0.000000000000000000e+00,4.985000000000000142e+01,4.974099999999999966e+01,5.000000000000000000e+01,0.000000000000000000e+00
1.787000000000000000e+03,3.814151761558949971e+01,5.173256603536411369e-01,3.688478395223624062e+01,7.394080029996161763e-01,0.000000000000000000e+00,4.985000000000000142e+01,4.967699999999999960e+01,5.000000000000000000e+01,0.000000000000000000e+00
1.788000000000000000e+03,3.754900492585390737e+01,2.302547736834046899e-01,3.688616174980253248e+01,4.325884023679716361e-01,0.000000000000000000e+00,4.985000000000000142e+01,4.977300000000000324e+01,5.000000000000000000e+01,0.000000000000000000e+00
1.789000000000000000e+03,3.733785282983505027e+01,1.315741563905321321e-01,3.688694906269755336e+01,3.193296107469643652e-01,0.000000000000000000e+00,4.985000000000000142e+01,4.980599999999999739e+01,5.000000000000000000e+01,0.000000000000000000e+00
1.790000000000000000e+03,3.732469844103372481e+01,1.315741563905321321e-01,3.688773637559257423e+01,3.053879090506183558e-01,0.000000000000000000e+00,4.985000000000000142e+01,4.980599999999999739e+01,5.000000000000000000e+01,0.000000000000000000e+00
1.791000000000000000e+03,3.693660191160451944e+01,-5.980643472295177343e-02,3.688737850609483360e+01,1.090298402326334293e-01,0.000000000000000000e+00,4.985000000000000142e+01,4.986999999999999744e+01,5.000000000000000000e+01,0.000000000000000000e+00
1.792000000000000000e+03,3.730703470282889356e+01,1.315741563905321321e-01,3.688816581898985447e+01,2.872947274485012081e-01,0.000000000000000000e+00,4.985000000000000142e+01,4.980599999999999739e+01,5.000000000000000000e+01,0.000000000000000000e+00
1.793000000000000000e+03,3.729527893404836192e+01,1.315741563905321321e-01,3.688895313188487535e+01,2.747516457729535233e-01,0.000000000000000000e+00,4.985000000000000142e+01,4.980599999999999739e+01,5.000000000000000000e+01,0.000000000000000000e+00
1.794000000000000000e+03,3.690851996189330464e+01,-5.980643472295177343e-02,3.688859526238713471e+01,7.973113422912433967e-02,0.000000000000000000e+00,4.985000000000000142e+01,4.986999999999999744e+01,5.000000000000000000e+01,0.000000000000000000e+00
1.795000000000000000e+03,3.652326228131279606e+01,-2.541773475725981335e-01,3.688707431702174944e+01,-1.096346881363547826e-01,0.000000000000000000e+00,4.985000000000000142e+01,4.993500000000000227e+01,5.000000000000000000e+01,0.000000000000000000e+00
1.796000000000000000e+03,3.672017130207829183e+01,-1.554967302797043427e-01,3.688614385632762804e+01,-1.047582396963384066e-02,0.000000000000000000e+00,4.985000000000000142e+01,4.990200000000000102e+01,5.000000000000000000e+01,0.000000000000000000e+00
1.797000000000000000e+03,3.671969820834261355e+01,-1.554967302797043427e-01,3.688521339563350665e+01,-1.001845701119102872e-02,0.000000000000000000e+00,4.985000000000000142e+01,4.990200000000000102e+01,5.000000000000000000e+01,0.000000000000000000e+00
1.798000000000000000e+03,3.652556175198741784e+01,-2.541773475725981335e-01,3.688369245026812138e+01,-1.039533507081063235e-01,0.000000000000000000e+00,4.985000000000000142e+01,4.993500000000000227e+01,5.000000000000000000e+01,0.000000000000000000e+00
1.799000000000000000e+03,3.652857933533071133e+01,-2.541773475725981335e-01,3.688217150490273610e+01,-9.941482199942210107e-02,0.000000000000000000e+00,4.985000000000000142e+01,4.993500000000000227e+01,5.000000000000000000e+01,0.000000000000000000e+00
1.800000000000000000e+03,3.691281757673372965e+01,-5.980643472295177343e-02,3.688181363540499547e+01,9.081037605168662541e-02,0.000000000000000000e+00,4.985000000000000142e+01,4.986999999999999744e+01,6.000000000000000000e+01,0.000000000000000000e+00
1.801000000000000000e+03,3.747768921099857664e+01,2.302547736834046899e-01,3.688319143297128733e+01,3.642430043438854015e-01,0.000000000000000000e+00,4.985000000000000142e+01,4.977300000000000324e+01,6.000000000000000000e+01,0.000000000000000000e+00
1.802000000000000000e+03,3.708174561336116426e+01,3.588386083377956282e-02,3.688340615466992745e+01,1.624555978574581394e-01,0.000000000000000000e+00,4.985000000000000142e+01,4.983800000000000097e+01,6.000000000000000000e+01,0.000000000000000000e+00
1.803000000000000000e+03,3.688709222755350225e+01,-5.980643472295177343e-02,3.688304828517218681e+01,6.385037710426365309e-02,0.000000000000000000e+00,4.985000000000000142e+01,4.986999999999999744e+01,6.000000000000000000e+01,0.000000000000000000e+00
1.804000000000000000e+03,3.745314091602944728e+01,2.302547736834046899e-01,3.688442608273847867e+01,3.384600596075628687e-01,0.000000000000000000e+00,4.985000000000000142e+01,4.977300000000000324e+01,6.000000000000000000e+01,0.000000000000000000e+00
1.805000000000000000e+03,3.781529261554884869e+01,4.216353647968886231e-01,3.688694906269753204e+01,5.067081880544260786e-01,0.000000000000000000e+00,4.985000000000000142e+01,4.970900000000000318e+01,6.000000000000000000e+01,0.000000000000000000e+00
1.806000000000000000e+03,3.742014225424328089e+01,2.302547736834046899e-01,3.688832686026382390e+01,3.015606202960491311e-01,0.000000000000000000e+00,4.985000000000000142e+01,4.977300000000000324e+01,6.000000000000000000e+01,0.000000000000000000e+00
1.807000000000000000e+03,3.702693532452077108e+01,3.588386083377956282e-02,3.688854158196246402e+01,1.025098817245281013e-01,0.000000000000000000e+00,4.985000000000000142e+01,4.983800000000000097e+01,6.000000000000000000e+01,0.000000000000000000e+00
1.808000000000000000e+03,3.759186875795838745e+01,3.259450692401572591e-01,3.689049197072513664e+01,3.754317179930951598e-01,0.000000000000000000e+00,4.985000000000000142e+01,4.974099999999999966e+01,6.000000000000000000e+01,0.000000000000000000e+00
1.809000000000000000e+03,3.682045843498575977e+01,-5.980643472295177343e-02,3.689013410122739600e+01,-9.869231518682186621e-03,0.000000000000000000e+00,4.985000000000000142e+01,4.986999999999999744e+01,6.000000000000000000e+01,0.000000000000000000e+00
1.810000000000000000e+03,3.663275603639463895e+01,-1.554967302797043427e-01,3.688920364053327461e+01,-1.009508738589335736e-01,0.000000000000000000e+00,4.985000000000000142e+01,4.990200000000000102e+01,6.000000000000000000e+01,0.000000000000000000e+00
1.811000000000000000e+03,3.663623301842415003e+01,-1.554967302797043427e-01,3.688827317983915322e+01,-9.654343113530232390e-02,0.000000000000000000e+00,4.985000000000000142e+01,4.990200000000000102e+01,6.000000000000000000e+01,0.000000000000000000e+00
1.812000000000000000e+03,3.644587418036028481e+01,-2.541773475725981335e-01,3.688675223447376794e+01,-1.867007065408832489e-01,0.000000000000000000e+00,4.985000000000000142e+01,4.993500000000000227e+01,6.000000000000000000e+01,0.000000000000000000e+00
1.813000000000000000e+03,3.626472904123005492e+01,-3.498676431293294975e-01,3.688465869791200191e+01,-2.700620135526192178e-01,0.000000000000000000e+00,4.985000000000000142e+01,4.996699999999999875e+01,6.000000000000000000e+01,0.000000000000000000e+00
1.814000000000000000e+03,3.627442621841906600e+01,-3.498676431293294975e-01,3.688256516135023588e+01,-2.582712998018401040e-01,0.000000000000000000e+00,4.985000000000000142e+01,4.996699999999999875e+01,6.000000000000000000e+01,0.000000000000000000e+00
1.815000000000000000e+03,3.609583320884455304e+01,-4.455579386860820668e-01,3.687989903359208910e+01,-3.385078860614534335e-01,0.000000000000000000e+00,4.985000000000000142e+01,4.999900000000000233e+01,6.000000000000000000e+01,0.000000000000000000e+00
1.816000000000000000e+03,3.553875187289574455e+01,-7.356191470924384745e-01,3.687549723876990981e+01,-6.011262187817321134e-01,0.000000000000000000e+00,4.985000000000000142e+01,5.009599999999999653e+01,6.000000000000000000e+01,0.000000000000000000e+00
1.817000000000000000e+03,3.518504399217535905e+01,-9.269997382059224078e-01,3.686995026155496902e+01,-7.579065311736883359e-01,0.000000000000000000e+00,4.985000000000000142e+01,5.015999999999999659e+01,6.000000000000000000e+01,0.000000000000000000e+00
1.818000000000000000e+03,3.502481125767693726e+01,-1.022690033762674977e+00,3.686383069314364747e+01,-8.163294017040366723e-01,0.000000000000000000e+00,4.985000000000000142e+01,5.019200000000000017e+01,6.000000000000000000e+01,0.000000000000000000e+00
1.819000000000000000e+03,3.505433204525356672e+01,-1.022690033762674977e+00,3.685771112473232591e+01,-7.806890457160898800e-01,0.000000000000000000e+00,4.985000000000000142e+01,5.019200000000000017e+01,6.000000000000000000e+01,0.000000000000000000e+00
1.820000000000000000e+03,3.527007221311920659e+01,-9.269997382059224078e-01,3.685216414751738512e+01,-6.550921961922554493e-01,0.000000000000000000e+00,4.985000000000000142e+01,5.015999999999999659e+01,6.000000000000000000e+01,0.000000000000000000e+00
1.821000000000000000e+03,3.566867691650337235e+01,-7.356191470924384745e-01,3.684776235269520583e+01,-4.434662890994000017e-01,0.000000000000000000e+00,4.985000000000000142e+01,5.009599999999999653e+01,6.000000000000000000e+01,0.000000000000000000e+00
1.822000000000000000e+03,3.512031030370842899e+01,-1.022690033762674977e+00,3.684164278428388428e+01,-6.986424468127848675e-01,0.000000000000000000e+00,4.985000000000000142e+01,5.019200000000000017e+01,6.000000000000000000e+01,0.000000000000000000e+00
1.823000000000000000e+03,3.495104956896489767e+01,-1.121370651055568768e+00,3.683493273120129885e+01,-7.625125111808318534e-01,0.000000000000000000e+00,4.985000000000000142e+01,5.022500000000000142e+01,6.000000000000000000e+01,0.000000000000000000e+00
1.824000000000000000e+03,3.535904907200881553e+01,-9.269997382059224078e-01,3.682938575398635805e+01,-5.433369437716211170e-01,0.000000000000000000e+00,4.985000000000000142e+01,5.015999999999999659e+01,6.000000000000000000e+01,0.000000000000000000e+00
1.825000000000000000e+03,3.556499920859250352e+01,-8.313094426491911548e-01,3.682441136796779801e+01,-4.281027167260983424e-01,0.000000000000000000e+00,4.985000000000000142e+01,5.012800000000000011e+01,6.000000000000000000e+01,0.000000000000000000e+00
1.826000000000000000e+03,3.500952126040861145e+01,-1.121370651055568768e+00,3.681770131488521258e+01,-6.868094034210280308e-01,0.000000000000000000e+00,4.985000000000000142e+01,5.022500000000000142e+01,6.000000000000000000e+01,0.000000000000000000e+00
1.827000000000000000e+03,3.503279681311543214e+01,-1.121370651055568768e+00,3.681099126180262715e+01,-6.568237976316270155e-01,0.000000000000000000e+00,4.985000000000000142e+01,5.022500000000000142e+01,6.000000000000000000e+01,0.000000000000000000e+00
1.828000000000000000e+03,3.486698780312661228e+01,-1.217060946612300132e+00,3.680370861752366096e+01,-7.196598677847464431e-01,0.000000000000000000e+00,4.985000000000000142e+01,5.025699999999999790e+01,6.000000000000000000e+01,0.000000000000000000e+00
1.829000000000000000e+03,3.507890040500259232e+01,-1.121370651055568768e+00,3.679699856444107553e+01,-5.967275083829155502e-01,0.000000000000000000e+00,4.985000000000000142e+01,5.022500000000000142e+01,6.000000000000000000e+01,0.000000000000000000e+00
1.830000000000000000e+03,3.491046763414235699e+01,-1.217060946612300132e+00,3.678971592016210934e+01,-6.621873394074524466e-01,0.000000000000000000e+00,4.985000000000000142e+01,5.025699999999999790e+01,6.000000000000000000e+01,0.000000000000000000e+00
1.831000000000000000e+03,3.511987102666409299e+01,-1.121370651055568768e+00,3.678300586707952391e+01,-5.417641893598581504e-01,0.000000000000000000e+00,4.985000000000000142e+01,5.022500000000000142e+01,6.000000000000000000e+01,0.000000000000000000e+00
1.832000000000000000e+03,3.457348777140853713e+01,-1.408441537725784176e+00,3.677457804040779621e+01,-7.926487312734764590e-01,0.000000000000000000e+00,4.985000000000000142e+01,5.032099999999999795e+01,6.000000000000000000e+01,0.000000000000000000e+00
1.833000000000000000e+03,3.497521724496510842e+01,-1.217060946612300132e+00,3.676729539612883002e+01,-5.750172045514254648e-01,0.000000000000000000e+00,4.985000000000000142e+01,5.025699999999999790e+01,6.000000000000000000e+01,0.000000000000000000e+00
1.834000000000000000e+03,3.442384521965276889e+01,-1.507122155018677967e+00,3.675827708478583133e+01,-8.273097101143862542e-01,0.000000000000000000e+00,4.985000000000000142e+01,5.035399999999999920e+01,6.000000000000000000e+01,0.000000000000000000e+00
1.835000000000000000e+03,3.502014087631236805e+01,-1.217060946612300132e+00,3.675099444050686515e+01,-5.137926175821951880e-01,0.000000000000000000e+00,4.985000000000000142e+01,5.025699999999999790e+01,6.000000000000000000e+01,0.000000000000000000e+00
1.836000000000000000e+03,3.390276959147781355e+01,-1.794193041688914469e+00,3.674025835557473130e+01,-1.043295722408002613e+00,0.000000000000000000e+00,4.985000000000000142e+01,5.045000000000000284e+01,6.000000000000000000e+01,0.000000000000000000e+00
1.837000000000000000e+03,3.450090928723626860e+01,-1.507122155018677967e+00,3.673124004423173261e+01,-7.232086019767871576e-01,0.000000000000000000e+00,4.985000000000000142e+01,5.035399999999999920e+01,6.000000000000000000e+01,0.000000000000000000e+00
1.838000000000000000e+03,3.377236409393391625e+01,-1.889883337245645611e+00,3.671993136810321801e+01,-1.057683936923657475e+00,0.000000000000000000e+00,4.985000000000000142e+01,5.048199999999999932e+01,6.000000000000000000e+01,0.000000000000000000e+00
1.839000000000000000e+03,3.418278396495802696e+01,-1.698502746132161789e+00,3.670976787436746491e+01,-8.284811632772725032e-01,0.000000000000000000e+00,4.985000000000000142e+01,5.041799999999999926e+01,6.000000000000000000e+01,0.000000000000000000e+00
1.840000000000000000e+03,3.402101595174137572e+01,-1.794193041688914469e+00,3.669903178943533106e+01,-8.838227960050382137e-01,0.000000000000000000e+00,4.985000000000000142e+01,5.045000000000000284e+01,6.000000000000000000e+01,0.000000000000000000e+00
1.841000000000000000e+03,3.386109152330742234e+01,-1.889883337245645611e+00,3.668772311330681646e+01,-9.367482527537553949e-01,0.000000000000000000e+00,4.985000000000000142e+01,5.048199999999999932e+01,6.000000000000000000e+01,0.000000000000000000e+00
1.842000000000000000e+03,3.389068060380697744e+01,-1.889883337245645611e+00,3.667641443717830185e+01,-8.958504961256837928e-01,0.000000000000000000e+00,4.985000000000000142e+01,5.048199999999999932e+01,6.000000000000000000e+01,0.000000000000000000e+00
1.843000000000000000e+03,3.372484072328872173e+01,-1.988563954538539402e+00,3.666451527637851626e+01,-9.511105985512494643e-01,0.000000000000000000e+00,4.985000000000000142e+01,5.051500000000000057e+01,6.000000000000000000e+01,0.000000000000000000e+00
1.844000000000000000e+03,3.356669095616941689e+01,-2.084254250095270766e+00,3.665204352438234991e+01,-1.001098318117662922e+00,0.000000000000000000e+00,4.985000000000000142e+01,5.054699999999999704e+01,6.000000000000000000e+01,0.000000000000000000e+00
1.845000000000000000e+03,3.378570185114656255e+01,-1.988563954538539402e+00,3.664014436358256432e+01,-8.658785578974576014e-01,0.000000000000000000e+00,4.985000000000000142e+01,5.051500000000000057e+01,6.000000000000000000e+01,0.000000000000000000e+00
1.846000000000000000e+03,3.305463669465612497e+01,-2.374315458501648379e+00,3.662593694452237258e+01,-1.196984791364601453e+00,0.000000000000000000e+00,4.985000000000000142e+01,5.064399999999999835e+01,6.000000000000000000e+01,0.000000000000000000e+00
1.847000000000000000e+03,3.366188299241576232e+01,-2.084254250095270766e+00,3.661346519252620624e+01,-8.673279500151704902e-01,0.000000000000000000e+00,4.985000000000000142e+01,5.054699999999999704e+01,6.000000000000000000e+01,0.000000000000000000e+00
1.848000000000000000e+03,3.331172733111574757e+01,-2.275634841208754811e+00,3.659984825813727838e+01,-1.012486085812773107e+00,0.000000000000000000e+00,4.985000000000000142e+01,5.061099999999999710e+01,6.000000000000000000e+01,0.000000000000000000e+00
1.849000000000000000e+03,3.371786563812797510e+01,-2.084254250095270766e+00,3.658737650614111203e+01,-7.852566179178649408e-01,0.000000000000000000e+00,4.985000000000000142e+01,5.054699999999999704e+01,6.000000000000000000e+01,0.000000000000000000e+00
1.850000000000000000e+03,3.373967762667339088e+01,-2.084254250095270766e+00,3.657490475414494568e+01,-7.509728773762857079e-01,0.000000000000000000e+00,4.985000000000000142e+01,5.054699999999999704e+01,6.000000000000000000e+01,0.000000000000000000e+00
1.851000000000000000e+03,3.338444198638303106e+01,-2.275634841208754811e+00,3.656128781975601783e+01,-9.012109921642280641e-01,0.000000000000000000e+00,4.985000000000000142e+01,5.061099999999999710e+01,6.000000000000000000e+01,0.000000000000000000e+00
1.852000000000000000e+03,3.378572210264291442e+01,-2.084254250095270766e+00,3.654881606775985148e+01,-6.788397150216654019e-01,0.000000000000000000e+00,4.985000000000000142e+01,5.054699999999999704e+01,6.000000000000000000e+01,0.000000000000000000e+00
1.853000000000000000e+03,3.285814296060993911e+01,-2.565696049615132424e+00,3.653346346630689823e+01,-1.109624456081826027e+00,0.000000000000000000e+00,4.985000000000000142e+01,5.070799999999999841e+01,6.000000000000000000e+01,0.000000000000000000e+00
1.854000000000000000e+03,3.289123576678916550e+01,-2.565696049615132424e+00,3.651811086485394497e+01,-1.061179048449643059e+00,0.000000000000000000e+00,4.985000000000000142e+01,5.070799999999999841e+01,6.000000000000000000e+01,0.000000000000000000e+00
1.855000000000000000e+03,3.254666265590800833e+01,-2.757076640728616468e+00,3.650161308100823021e+01,-1.197873784371610739e+00,0.000000000000000000e+00,4.985000000000000142e+01,5.077199999999999847e+01,6.000000000000000000e+01,0.000000000000000000e+00
1.856000000000000000e+03,3.258246318205150516e+01,-2.757076640728616468e+00,3.648511529716251545e+01,-1.145575474382389602e+00,0.000000000000000000e+00,4.985000000000000142e+01,5.077199999999999847e+01,6.000000000000000000e+01,0.000000000000000000e+00
1.857000000000000000e+03,3.299153122682448469e+01,-2.565696049615132424e+00,3.646976269570956219e+01,-9.125354192699467459e-01,0.000000000000000000e+00,4.985000000000000142e+01,5.070799999999999841e+01,6.000000000000000000e+01,0.000000000000000000e+00
1.858000000000000000e+03,3.244682504743415308e+01,-2.855757258021510037e+00,3.645267442719257645e+01,-1.150092121736909778e+00,0.000000000000000000e+00,4.985000000000000142e+01,5.080499999999999972e+01,6.000000000000000000e+01,0.000000000000000000e+00
1.859000000000000000e+03,3.267359237010384732e+01,-2.757076640728616468e+00,3.643617664334686168e+01,-1.005507632514393457e+00,0.000000000000000000e+00,4.985000000000000142e+01,5.077199999999999847e+01,6.000000000000000000e+01,0.000000000000000000e+00
1.860000000000000000e+03,3.231957552110699083e+01,-2.951447553578262717e+00,3.641851578363349518e+01,-1.147492708948241624e+00,0.000000000000000000e+00,4.985000000000000142e+01,5.083700000000000330e+01,6.000000000000000000e+01,0.000000000000000000e+00
1.861000000000000000e+03,3.216423795711610012e+01,-3.047137849134994081e+00,3.640028233272374791e+01,-1.188906526472657488e+00,0.000000000000000000e+00,4.985000000000000142e+01,5.086899999999999977e+01,6.000000000000000000e+01,0.000000000000000000e+00
1.862000000000000000e+03,3.219791131214942936e+01,-3.047137849134994081e+00,3.638204888181400065e+01,-1.136999720529581426e+00,0.000000000000000000e+00,4.985000000000000142e+01,5.086899999999999977e+01,6.000000000000000000e+01,0.000000000000000000e+00
1.863000000000000000e+03,3.222931845327676825e+01,-3.047137849134994081e+00,3.636381543090425339e+01,-1.087359128492493276e+00,0.000000000000000000e+00,4.985000000000000142e+01,5.086899999999999977e+01,6.000000000000000000e+01,0.000000000000000000e+00
1.864000000000000000e+03,3.207078290911068308e+01,-3.142828144691746761e+00,3.634500938879812537e+01,-1.131398334995690869e+00,0.000000000000000000e+00,4.985000000000000142e+01,5.090100000000000335e+01,6.000000000000000000e+01,0.000000000000000000e+00
1.865000000000000000e+03,3.228914831922868700e+01,-3.047137849134994081e+00,3.632677593788837811e+01,-9.904897695246994704e-01,0.000000000000000000e+00,4.985000000000000142e+01,5.086899999999999977e+01,6.000000000000000000e+01,0.000000000000000000e+00
1.866000000000000000e+03,3.212638352835076461e+01,-3.142828144691746761e+00,3.630796989578225009e+01,-1.038758222739738502e+00,0.000000000000000000e+00,4.985000000000000142e+01,5.090100000000000335e+01,6.000000000000000000e+01,0.000000000000000000e+00
1.867000000000000000e+03,3.215292892497338073e+01,-3.142828144691746761e+00,3.628916385367612207e+01,-9.934067840109965797e-01,0.000000000000000000e+00,4.985000000000000142e+01,5.090100000000000335e+01,6.000000000000000000e+01,0.000000000000000000e+00
1.868000000000000000e+03,3.236526972297994575e+01,-3.047137849134994081e+00,3.627093040276637481e+01,-8.585228306514363084e-01,0.000000000000000000e+00,4.985000000000000142e+01,5.086899999999999977e+01,6.000000000000000000e+01,0.000000000000000000e+00
1.869000000000000000e+03,3.200309995592669310e+01,-3.241508761984619014e+00,3.625153387598898291e+01,-1.006925158077667914e+00,0.000000000000000000e+00,4.985000000000000142e+01,5.093399999999999750e+01,6.000000000000000000e+01,0.000000000000000000e+00
1.870000000000000000e+03,3.222130845342032757e+01,-3.142828144691746761e+00,3.623272783388285490e+01,-8.685912357707793463e-01,0.000000000000000000e+00,4.985000000000000142e+01,5.090100000000000335e+01,6.000000000000000000e+01,0.000000000000000000e+00
1.871000000000000000e+03,3.204678108717507712e+01,-3.241508761984619014e+00,3.621333130710546300e+01,-9.250414579457651998e-01,0.000000000000000000e+00,4.985000000000000142e+01,5.093399999999999750e+01,6.000000000000000000e+01,0.000000000000000000e+00
1.872000000000000000e+03,3.226141460106990877e+01,-3.142828144691746761e+00,3.619452526499933498e+01,-7.902825192376781160e-01,0.000000000000000000e+00,4.985000000000000142e+01,5.090100000000000335e+01,6.000000000000000000e+01,0.000000000000000000e+00
1.873000000000000000e+03,3.208346833244484486e+01,-3.241508761984619014e+00,3.617512873822194308e+01,-8.501516437924790948e-01,0.000000000000000000e+00,4.985000000000000142e+01,5.093399999999999750e+01,6.000000000000000000e+01,0.000000000000000000e+00
1.874000000000000000e+03,3.210118881647859723e+01,-3.241508761984619014e+00,3.615573221144455118e+01,-8.130346329813367134e-01,0.000000000000000000e+00,4.985000000000000142e+01,5.093399999999999750e+01,6.000000000000000000e+01,0.000000000000000000e+00
1.875000000000000000e+03,3.192951338578998133e+01,-3.337199057541371694e+00,3.613576309347077853e+01,-8.690506501394273942e-01,0.000000000000000000e+00,4.985000000000000142e+01,5.096600000000000108e+01,6.000000000000000000e+01,0.000000000000000000e+00
1.876000000000000000e+03,3.175971098302442996e+01,-3.432889353098103058e+00,3.611522138430062512e+01,-9.226210481780909856e-01,0.000000000000000000e+00,4.985000000000000142e+01,5.099799999999999756e+01,6.000000000000000000e+01,0.000000000000000000e+00
1.877000000000000000e+03,3.159167483420576872e+01,-3.528579648654855738e+00,3.609410708393409095e+01,-9.738526010734681604e-01,0.000000000000000000e+00,4.985000000000000142e+01,5.103000000000000114e+01,6.000000000000000000e+01,0.000000000000000000e+00
1.878000000000000000e+03,3.217640447767559664e+01,-3.241508761984619014e+00,3.607471055715669905e+01,-6.567973174964816252e-01,0.000000000000000000e+00,4.985000000000000142e+01,5.093399999999999750e+01,6.000000000000000000e+01,0.000000000000000000e+00
1.879000000000000000e+03,3.237932664485507672e+01,-3.142828144691746761e+00,3.605590451505057104e+01,-5.337497255037482180e-01,0.000000000000000000e+00,4.985000000000000142e+01,5.090100000000000335e+01,6.000000000000000000e+01,0.000000000000000000e+00
1.880000000000000000e+03,3.219018033850972671e+01,-3.241508761984619014e+00,3.603650798827317914e+01,-6.048188877788303053e-01,0.000000000000000000e+00,4.985000000000000142e+01,5.093399999999999750e+01,6.000000000000000000e+01,0.000000000000000000e+00
1.881000000000000000e+03,3.239083316474060581e+01,-3.142828144691746761e+00,3.601770194616705112e+01,-4.840406367346949956e-01,0.000000000000000000e+00,4.985000000000000142e+01,5.090100000000000335e+01,6.000000000000000000e+01,0.000000000000000000e+00
1.882000000000000000e+03,3.201174118258367685e+01,-3.337199057541371694e+00,3.599773282819327846e+01,-6.487925880682360313e-01,0.000000000000000000e+00,4.985000000000000142e+01,5.096600000000000108e+01,6.000000000000000000e+01,0.000000000000000000e+00
1.883000000000000000e+03,3.258929210314433078e+01,-3.047137849134994081e+00,3.597949937728353120e+01,-3.430694250042073956e-01,0.000000000000000000e+00,4.985000000000000142e+01,5.086899999999999977e+01,6.000000000000000000e+01,0.000000000000000000e+00
1.884000000000000000e+03,3.239826140452820624e+01,-3.142828144691746761e+00,3.596069333517740318e+01,-4.196037859574503481e-01,0.000000000000000000e+00,4.985000000000000142e+01,5.090100000000000335e+01,6.000000000000000000e+01,0.000000000000000000e+00
1.885000000000000000e+03,3.239777496266457035e+01,-3.142828144691746761e+00,3.594188729307127517e+01,-4.012841857149545000e-01,0.000000000000000000e+00,4.985000000000000142e+01,5.090100000000000335e+01,6.000000000000000000e+01,0.000000000000000000e+00
1.886000000000000000e+03,3.144587567360376212e+01,-3.627260265947749307e+00,3.592018250803347001e+01,-8.470465684819603602e-01,0.000000000000000000e+00,4.985000000000000142e+01,5.106300000000000239e+01,6.000000000000000000e+01,0.000000000000000000e+00
1.887000000000000000e+03,3.203034655364431416e+01,-3.337199057541371694e+00,3.590021339005969736e+01,-5.326677788740108443e-01,0.000000000000000000e+00,4.985000000000000142e+01,5.096600000000000108e+01,6.000000000000000000e+01,0.000000000000000000e+00
1.888000000000000000e+03,3.165808250340272778e+01,-3.528579648654855738e+00,3.587909908969316319e+01,-6.924369376355791195e-01,0.000000000000000000e+00,4.985000000000000142e+01,5.103000000000000114e+01,6.000000000000000000e+01,0.000000000000000000e+00
1.889000000000000000e+03,3.185497491559245375e+01,-3.432889353098103058e+00,3.585855738052300978e+01,-5.706931118324516383e-01,0.000000000000000000e+00,4.985000000000000142e+01,5.099799999999999756e+01,6.000000000000000000e+01,0.000000000000000000e+00
1.890000000000000000e+03,3.110237962594258931e+01,-3.818640857061233351e+00,3.583570741309244312e+01,-9.146869300886197873e-01,0.000000000000000000e+00,4.985000000000000142e+01,5.112700000000000244e+01,6.000000000000000000e+01,0.000000000000000000e+00
1.891000000000000000e+03,3.168865845324831554e+01,-3.528579648654855738e+00,3.581459311272590895e+01,-5.973550108227372313e-01,0.000000000000000000e+00,4.985000000000000142e+01,5.103000000000000114e+01,6.000000000000000000e+01,0.000000000000000000e+00
1.892000000000000000e+03,3.149998084976476775e+01,-3.627260265947749307e+00,3.579288832768810380e+01,-6.656472119755871830e-01,0.000000000000000000e+00,4.985000000000000142e+01,5.106300000000000239e+01,6.000000000000000000e+01,0.000000000000000000e+00
1.893000000000000000e+03,3.131956233176046567e+01,-3.722950561504480671e+00,3.577061095145391789e+01,-7.280980581889692216e-01,0.000000000000000000e+00,4.985000000000000142e+01,5.109499999999999886e+01,6.000000000000000000e+01,0.000000000000000000e+00
1.894000000000000000e+03,3.151684860702014035e+01,-3.627260265947749307e+00,3.574890616641611274e+01,-6.047972934482238605e-01,0.000000000000000000e+00,4.985000000000000142e+01,5.106300000000000239e+01,6.000000000000000000e+01,0.000000000000000000e+00
1.895000000000000000e+03,3.171519223219767269e+01,-3.528579648654855738e+00,3.572779186604957857e+01,-4.840199851970493627e-01,0.000000000000000000e+00,4.985000000000000142e+01,5.103000000000000114e+01,6.000000000000000000e+01,0.000000000000000000e+00
1.896000000000000000e+03,3.152156650280959482e+01,-3.627260265947749307e+00,3.570608708101177342e+01,-5.572603122544310672e-01,0.000000000000000000e+00,4.985000000000000142e+01,5.106300000000000239e+01,6.000000000000000000e+01,0.000000000000000000e+00
1.897000000000000000e+03,3.133641589052763265e+01,-3.722950561504480671e+00,3.568380970477758751e+01,-6.244432527454762960e-01,0.000000000000000000e+00,4.985000000000000142e+01,5.109499999999999886e+01,6.000000000000000000e+01,0.000000000000000000e+00
1.898000000000000000e+03,3.191059547831756404e+01,-3.432889353098103058e+00,3.566326799560743410e+01,-3.197831641917636136e-01,0.000000000000000000e+00,4.985000000000000142e+01,5.099799999999999756e+01,6.000000000000000000e+01,0.000000000000000000e+00
1.899000000000000000e+03,3.152259646569486051e+01,-3.627260265947749307e+00,3.564156321056962895e+01,-4.917064789270231273e-01,0.000000000000000000e+00,4.985000000000000142e+01,5.106300000000000239e+01,6.000000000000000000e+01,0.000000000000000000e+00
1.900000000000000000e+03,3.133458382008261722e+01,-3.722950561504480671e+00,3.561928583433544304e+01,-5.617514527483470355e-01,0.000000000000000000e+00,4.985000000000000142e+01,5.109499999999999886e+01,6.000000000000000000e+01,0.000000000000000000e+00
1.901000000000000000e+03,3.114905669657594345e+01,-3.818640857061233351e+00,3.559643586690487638e+01,-6.287383132676990227e-01,0.000000000000000000e+00,4.985000000000000142e+01,5.112700000000000244e+01,6.000000000000000000e+01,0.000000000000000000e+00
1.902000000000000000e+03,3.115365699280285128e+01,-3.818640857061233351e+00,3.557358589947430971e+01,-6.012880496102273042e-01,0.000000000000000000e+00,4.985000000000000142e+01,5.112700000000000244e+01,6.000000000000000000e+01,0.000000000000000000e+00
1.903000000000000000e+03,3.078150800489194339e+01,-4.010021448174716951e+00,3.554959074965098154e+01,-7.580612965843199769e-01,0.000000000000000000e+00,4.985000000000000142e+01,5.119100000000000250e+01,6.000000000000000000e+01,0.000000000000000000e+00
1.904000000000000000e+03,3.059696587308634008e+01,-4.108702065467589648e+00,3.552500511515638948e+01,-8.193371766024613034e-01,0.000000000000000000e+00,4.985000000000000142e+01,5.122399999999999665e+01,6.000000000000000000e+01,0.000000000000000000e+00
1.905000000000000000e+03,3.080179530617999006e+01,-4.010021448174716951e+00,3.550100996533306130e+01,-6.891932109783539540e-01,0.000000000000000000e+00,4.985000000000000142e+01,5.119100000000000250e+01,6.000000000000000000e+01,0.000000000000000000e+00
1.906000000000000000e+03,3.061424644316749522e+01,-4.108702065467589648e+00,3.547642433083846925e+01,-7.534758222033849373e-01,0.000000000000000000e+00,4.985000000000000142e+01,5.122399999999999665e+01,6.000000000000000000e+01,0.000000000000000000e+00
1.907000000000000000e+03,3.100397582944214392e+01,-3.914331152617964715e+00,3.545300177221152182e+01,-5.346947901514121915e-01,0.000000000000000000e+00,4.985000000000000142e+01,5.115899999999999892e+01,6.000000000000000000e+01,0.000000000000000000e+00
1.908000000000000000e+03,3.100389766172665773e+01,-3.914331152617964715e+00,3.542957921358457440e+01,-5.113503992399527354e-01,0.000000000000000000e+00,4.985000000000000142e+01,5.115899999999999892e+01,6.000000000000000000e+01,0.000000000000000000e+00
1.909000000000000000e+03,3.081502488199220480e+01,-4.010021448174716951e+00,3.540558406376124623e+01,-5.805377335943241457e-01,0.000000000000000000e+00,4.985000000000000142e+01,5.119100000000000250e+01,6.000000000000000000e+01,0.000000000000000000e+00
1.910000000000000000e+03,3.137970183108204481e+01,-3.722950561504480671e+00,3.538330668752706032e+01,-2.806542949405357867e-01,0.000000000000000000e+00,4.985000000000000142e+01,5.109499999999999886e+01,6.000000000000000000e+01,0.000000000000000000e+00
1.911000000000000000e+03,3.136967762000440985e+01,-3.722950561504480671e+00,3.536102931129287441e+01,-2.684011297839861698e-01,0.000000000000000000e+00,4.985000000000000142e+01,5.109499999999999886e+01,6.000000000000000000e+01,0.000000000000000000e+00
1.912000000000000000e+03,3.154689385718788230e+01,-3.627260265947749307e+00,3.533932452625506926e+01,-1.651704031194380362e-01,0.000000000000000000e+00,4.985000000000000142e+01,5.106300000000000239e+01,6.000000000000000000e+01,0.000000000000000000e+00
1.913000000000000000e+03,3.153240029344574680e+01,-3.627260265947749307e+00,3.531761974121726411e+01,-1.579591818237683354e-01,0.000000000000000000e+00,4.985000000000000142e+01,5.106300000000000239e+01,6.000000000000000000e+01,0.000000000000000000e+00
1.914000000000000000e+03,3.208678611258314817e+01,-3.337199057541371694e+00,3.529765062324349145e+01,1.263345468810264105e-01,0.000000000000000000e+00,4.985000000000000142e+01,5.096600000000000108e+01,6.000000000000000000e+01,0.000000000000000000e+00
1.915000000000000000e+03,3.168575049361236040e+01,-3.528579648654855738e+00,3.527653632287695729e+01,-6.220618060974185404e-02,0.000000000000000000e+00,4.985000000000000142e+01,5.103000000000000114e+01,6.000000000000000000e+01,0.000000000000000000e+00
1.916000000000000000e+03,3.185512748312091347e+01,-3.432889353098103058e+00,3.525599461370680388e+01,3.202222251221457927e-02,0.000000000000000000e+00,4.985000000000000142e+01,5.099799999999999756e+01,6.000000000000000000e+01,0.000000000000000000e+00
1.917000000000000000e+03,3.220873853201202763e+01,-3.241508761984619014e+00,3.523659808692941198e+01,2.136492070672328658e-01,0.000000000000000000e+00,4.985000000000000142e+01,5.093399999999999750e+01,6.000000000000000000e+01,0.000000000000000000e+00
1.918000000000000000e+03,3.123526918919191075e+01,-3.722950561504480671e+00,3.521432071069522607e+01,-2.561009599988375851e-01,0.000000000000000000e+00,4.985000000000000142e+01,5.109499999999999886e+01,6.000000000000000000e+01,0.000000000000000000e+00
1.919000000000000000e+03,3.216891804207565286e+01,-3.241508761984619014e+00,3.519492418391783417e+01,2.155026201424405652e-01,0.000000000000000000e+00,4.985000000000000142e+01,5.093399999999999750e+01,6.000000000000000000e+01,0.000000000000000000e+00
1.920000000000000000e+03,3.100759236790980822e+01,-3.818640857061233351e+00,3.517207421648726751e+01,-3.458409915162248827e-01,0.000000000000000000e+00,4.985000000000000142e+01,5.112700000000000244e+01,6.000000000000000000e+01,0.000000000000000000e+00
1.921000000000000000e+03,3.156903578966638335e+01,-3.528579648654855738e+00,3.515095991612073334e+01,-5.334447779949624824e-02,0.000000000000000000e+00,4.985000000000000142e+01,5.103000000000000114e+01,6.000000000000000000e+01,0.000000000000000000e+00
1.922000000000000000e+03,3.116883166396075211e+01,-3.722950561504480671e+00,3.512868253988654743e+01,-2.369003144213158996e-01,0.000000000000000000e+00,4.985000000000000142e+01,5.109499999999999886e+01,6.000000000000000000e+01,0.000000000000000000e+00
1.923000000000000000e+03,3.115689718548573950e+01,-3.722950561504480671e+00,3.510640516365236152e+01,-2.265574166621422691e-01,0.000000000000000000e+00,4.985000000000000142e+01,5.109499999999999886e+01,6.000000000000000000e+01,0.000000000000000000e+00
1.924000000000000000e+03,3.058118490553341218e+01,-4.010021448174716951e+00,3.508241001382903335e+01,-4.912036601209022746e-01,0.000000000000000000e+00,4.985000000000000142e+01,5.119100000000000250e+01,6.000000000000000000e+01,0.000000000000000000e+00
1.925000000000000000e+03,3.076641076774854966e+01,-3.914331152617964715e+00,3.505898745520208593e+01,-3.782455348355721614e-01,0.000000000000000000e+00,4.985000000000000142e+01,5.115899999999999892e+01,6.000000000000000000e+01,0.000000000000000000e+00
1.926000000000000000e+03,3.057172672513272005e+01,-4.010021448174716951e+00,3.503499230537875775e+01,-4.532441320713206934e-01,0.000000000000000000e+00,4.985000000000000142e+01,5.119100000000000250e+01,6.000000000000000000e+01,0.000000000000000000e+00
1.927000000000000000e+03,3.037387649462112194e+01,-4.108702065467589648e+00,3.501040667088416569e+01,-5.278281107954529983e-01,0.000000000000000000e+00,4.985000000000000142e+01,5.122399999999999665e+01,6.000000000000000000e+01,0.000000000000000000e+00
1.928000000000000000e+03,3.037233545674393298e+01,-4.108702065467589648e+00,3.498582103638957364e+01,-5.047835141780501189e-01,0.000000000000000000e+00,4.985000000000000142e+01,5.122399999999999665e+01,6.000000000000000000e+01,0.000000000000000000e+00
1.929000000000000000e+03,2.961281867602408369e+01,-4.494453569430720385e+00,3.495892714363456832e+01,-8.516548981797639195e-01,0.000000000000000000e+00,4.985000000000000142e+01,5.135300000000000153e+01,6.000000000000000000e+01,0.000000000000000000e+00
1.930000000000000000e+03,2.962310742508823225e+01,-4.494453569430720385e+00,3.493203325087956301e+01,-8.144722563606100474e-01,0.000000000000000000e+00,4.985000000000000142e+01,5.135300000000000153e+01,6.000000000000000000e+01,0.000000000000000000e+00
1.931000000000000000e+03,2.925622198136670704e+01,-4.685834160544204430e+00,3.490399417573179619e+01,-9.619380338208870507e-01,0.000000000000000000e+00,4.985000000000000142e+01,5.141700000000000159e+01,6.000000000000000000e+01,0.000000000000000000e+00
1.932000000000000000e+03,2.983937465024301616e+01,-4.395772952137826373e+00,3.487769076764806186e+01,-6.425431652672219940e-01,0.000000000000000000e+00,4.985000000000000142e+01,5.132000000000000028e+01,6.000000000000000000e+01,0.000000000000000000e+00
1.933000000000000000e+03,3.040445045373235544e+01,-4.108702065467589648e+00,3.485310513315346981e+01,-3.399526139535253288e-01,0.000000000000000000e+00,4.985000000000000142e+01,5.122399999999999665e+01,6.000000000000000000e+01,0.000000000000000000e+00
1.934000000000000000e+03,2.926218644884842845e+01,-4.685834160544204430e+00,3.482506605800570298e+01,-8.770454486130720984e-01,0.000000000000000000e+00,4.985000000000000142e+01,5.141700000000000159e+01,6.000000000000000000e+01,0.000000000000000000e+00
1.935000000000000000e+03,2.946021396139544635e+01,-4.590143864987451749e+00,3.479759957405431692e+01,-7.472417476714180440e-01,0.000000000000000000e+00,4.985000000000000142e+01,5.138499999999999801e+01,6.000000000000000000e+01,0.000000000000000000e+00
1.936000000000000000e+03,2.965314692868573232e+01,-4.494453569430720385e+00,3.477070568129931161e+01,-6.231051831828589016e-01,0.000000000000000000e+00,4.985000000000000142e+01,5.135300000000000153e+01,6.000000000000000000e+01,0.000000000000000000e+00
1.937000000000000000e+03,2.965345736117028608e+01,-4.494453569430720385e+00,3.474381178854430630e+01,-5.959008579432990560e-01,0.000000000000000000e+00,4.985000000000000142e+01,5.135300000000000153e+01,6.000000000000000000e+01,0.000000000000000000e+00
1.938000000000000000e+03,2.927702924701190668e+01,-4.685834160544204430e+00,3.471577271339653947e+01,-7.529093058404306982e-01,0.000000000000000000e+00,4.985000000000000142e+01,5.141700000000000159e+01,6.000000000000000000e+01,0.000000000000000000e+00
1.939000000000000000e+03,2.965741247728980312e+01,-4.494453569430720385e+00,3.468887882064153416e+01,-5.370127739210092122e-01,0.000000000000000000e+00,4.985000000000000142e+01,5.135300000000000153e+01,6.000000000000000000e+01,0.000000000000000000e+00
1.940000000000000000e+03,2.965396417695455966e+01,-4.494453569430720385e+00,3.466198492788652885e+01,-5.135671815012490260e-01,0.000000000000000000e+00,4.985000000000000142e+01,5.135300000000000153e+01,6.000000000000000000e+01,0.000000000000000000e+00
1.941000000000000000e+03,2.946171684621514686e+01,-4.590143864987451749e+00,3.463451844393514278e+01,-5.826577327325428435e-01,0.000000000000000000e+00,4.985000000000000142e+01,5.138499999999999801e+01,6.000000000000000000e+01,0.000000000000000000e+00
1.942000000000000000e+03,2.889636254285457539e+01,-4.877214751657687586e+00,3.460533418639461445e+01,-8.317568918823503576e-01,0.000000000000000000e+00,4.985000000000000142e+01,5.148100000000000165e+01,6.000000000000000000e+01,0.000000000000000000e+00
1.943000000000000000e+03,2.890349219445444362e+01,-4.877214751657687586e+00,3.457614992885408611e+01,-7.954429827419532417e-01,0.000000000000000000e+00,4.985000000000000142e+01,5.148100000000000165e+01,6.000000000000000000e+01,0.000000000000000000e+00
1.944000000000000000e+03,2.890903640683531961e+01,-4.877214751657687586e+00,3.454696567131355778e+01,-7.607145128205479168e-01,0.000000000000000000e+00,4.985000000000000142e+01,5.148100000000000165e+01,6.000000000000000000e+01,0.000000000000000000e+00
1.945000000000000000e+03,2.891306439913600457e+01,-4.877214751657687586e+00,3.451778141377302944e+01,-7.275022629793356232e-01,0.000000000000000000e+00,4.985000000000000142e+01,5.148100000000000165e+01,6.000000000000000000e+01,0.000000000000000000e+00
1.946000000000000000e+03,2.910341778109798838e+01,-4.781524456100935794e+00,3.448916974742888186e+01,-6.042275102299583533e-01,0.000000000000000000e+00,4.985000000000000142e+01,5.144899999999999807e+01,6.000000000000000000e+01,0.000000000000000000e+00
1.947000000000000000e+03,2.910118625433640815e+01,-4.781524456100935794e+00,3.446055808108473428e+01,-5.778473706473906679e-01,0.000000000000000000e+00,4.985000000000000142e+01,5.144899999999999807e+01,6.000000000000000000e+01,0.000000000000000000e+00
1.948000000000000000e+03,2.909780298960756539e+01,-4.781524456100935794e+00,3.443194641474058670e+01,-5.526189690320845171e-01,0.000000000000000000e+00,4.985000000000000142e+01,5.144899999999999807e+01,6.000000000000000000e+01,0.000000000000000000e+00
1.949000000000000000e+03,2.928109368362536813e+01,-4.685834160544204430e+00,3.440390733959281988e+01,-4.369794954232485429e-01,0.000000000000000000e+00,4.985000000000000142e+01,5.141700000000000159e+01,6.000000000000000000e+01,0.000000000000000000e+00
1.950000000000000000e+03,2.908435740706826422e+01,-4.781524456100935794e+00,3.437529567324867230e+01,-5.094138100794725066e-01,0.000000000000000000e+00,4.985000000000000142e+01,5.144899999999999807e+01,6.000000000000000000e+01,0.000000000000000000e+00
1.951000000000000000e+03,2.869656757521704904e+01,-4.975895368950581599e+00,3.434552093103688009e+01,-6.730579868692480039e-01,0.000000000000000000e+00,4.985000000000000142e+01,5.151400000000000290e+01,6.000000000000000000e+01,0.000000000000000000e+00
1.952000000000000000e+03,2.926537228144168878e+01,-4.685834160544204430e+00,3.431748185588911326e+01,-3.662754139032211032e-01,0.000000000000000000e+00,4.985000000000000142e+01,5.141700000000000159e+01,6.000000000000000000e+01,0.000000000000000000e+00
1.953000000000000000e+03,2.906554911541335784e+01,-4.781524456100935794e+00,3.428887018954496568e+01,-4.417966180306737156e-01,0.000000000000000000e+00,4.985000000000000142e+01,5.144899999999999807e+01,6.000000000000000000e+01,0.000000000000000000e+00
1.954000000000000000e+03,2.905622597243736749e+01,-4.781524456100935794e+00,3.426025852320081810e+01,-4.225080946625139888e-01,0.000000000000000000e+00,4.985000000000000142e+01,5.144899999999999807e+01,6.000000000000000000e+01,0.000000000000000000e+00
1.955000000000000000e+03,2.866464189940314355e+01,-4.975895368950581599e+00,3.423048378098902589e+01,-5.899465126352997357e-01,0.000000000000000000e+00,4.985000000000000142e+01,5.151400000000000290e+01,6.000000000000000000e+01,0.000000000000000000e+00
1.956000000000000000e+03,2.866062379866509957e+01,-4.975895368950581599e+00,3.420070903877723367e+01,-5.641898711615520590e-01,0.000000000000000000e+00,4.985000000000000142e+01,5.151400000000000290e+01,6.000000000000000000e+01,0.000000000000000000e+00
1.957000000000000000e+03,2.865548118143988532e+01,-4.975895368950581599e+00,3.417093429656544146e+01,-5.395577461749749837e-01,0.000000000000000000e+00,4.985000000000000142e+01,5.151400000000000290e+01,6.000000000000000000e+01,0.000000000000000000e+00
1.958000000000000000e+03,2.864926314331052382e+01,-4.975895368950581599e+00,3.414115955435364924e+01,-5.160010420925434937e-01,0.000000000000000000e+00,4.985000000000000142e+01,5.151400000000000290e+01,6.000000000000000000e+01,0.000000000000000000e+00
1.959000000000000000e+03,2.883566003068836636e+01,-4.877214751657687586e+00,3.411197529681312091e+01,-3.991005144670642379e-01,0.000000000000000000e+00,4.985000000000000142e+01,5.148100000000000165e+01,6.000000000000000000e+01,0.000000000000000000e+00
1.960000000000000000e+03,2.863025682096125735e+01,-4.975895368950581599e+00,3.408220055460132869e+01,-4.760483646894905219e-01,0.000000000000000000e+00,4.985000000000000142e+01,5.151400000000000290e+01,6.000000000000000000e+01,0.000000000000000000e+00
1.961000000000000000e+03,2.862126600880220550e+01,-4.975895368950581599e+00,3.405242581238953647e+01,-4.552644346367485939e-01,0.000000000000000000e+00,4.985000000000000142e+01,5.151400000000000290e+01,6.000000000000000000e+01,0.000000000000000000e+00
1.962000000000000000e+03,2.861136778516886281e+01,-4.975895368950581599e+00,3.402265107017774426e+01,-4.353879160582988517e-01,0.000000000000000000e+00,4.985000000000000142e+01,5.151400000000000290e+01,6.000000000000000000e+01,0.000000000000000000e+00
1.963000000000000000e+03,2.860060176699515821e+01,-4.975895368950581599e+00,3.399287632796595204e+01,-4.163791920202126184e-01,0.000000000000000000e+00,4.985000000000000142e+01,5.151400000000000290e+01,6.000000000000000000e+01,0.000000000000000000e+00
1.964000000000000000e+03,2.821345501624688623e+01,-5.167275960064065643e+00,3.396195640336139832e+01,-5.812254270504453313e-01,0.000000000000000000e+00,4.985000000000000142e+01,5.157800000000000296e+01,6.000000000000000000e+01,0.000000000000000000e+00
1.965000000000000000e+03,2.820791097677654591e+01,-5.167275960064065643e+00,3.393103647875684459e+01,-5.558495419162301499e-01,0.000000000000000000e+00,4.985000000000000142e+01,5.157800000000000296e+01,6.000000000000000000e+01,0.000000000000000000e+00
1.966000000000000000e+03,2.820125904436764230e+01,-5.167275960064065643e+00,3.390011655415229086e+01,-5.315815497205821361e-01,0.000000000000000000e+00,4.985000000000000142e+01,5.157800000000000296e+01,6.000000000000000000e+01,0.000000000000000000e+00
1.967000000000000000e+03,2.800577217617040304e+01,-5.262966255620797007e+00,3.386862403835135638e+01,-5.998856065601576582e-01,0.000000000000000000e+00,4.985000000000000142e+01,5.160999999999999943e+01,6.000000000000000000e+01,0.000000000000000000e+00
1.968000000000000000e+03,2.761905142858613615e+01,-5.457337168470422384e+00,3.383596844668277015e+01,-7.595798496262101684e-01,0.000000000000000000e+00,4.985000000000000142e+01,5.167499999999999716e+01,6.000000000000000000e+01,0.000000000000000000e+00
1.969000000000000000e+03,2.818875276780522299e+01,-5.167275960064065643e+00,3.380504852207821642e+01,-4.490197942089266259e-01,0.000000000000000000e+00,4.985000000000000142e+01,5.157800000000000296e+01,6.000000000000000000e+01,0.000000000000000000e+00
1.970000000000000000e+03,2.760824250563092974e+01,-5.457337168470422384e+00,3.377239293040963020e+01,-7.068132563082752950e-01,0.000000000000000000e+00,4.985000000000000142e+01,5.167499999999999716e+01,6.000000000000000000e+01,0.000000000000000000e+00
1.971000000000000000e+03,2.741867046095604721e+01,-5.553027464027175064e+00,3.373916474754466321e+01,-7.674668225614434958e-01,0.000000000000000000e+00,4.985000000000000142e+01,5.170700000000000074e+01,6.000000000000000000e+01,0.000000000000000000e+00
1.972000000000000000e+03,2.760672474159163770e+01,-5.457337168470422384e+00,3.370650915587607699e+01,-6.424472458140152442e-01,0.000000000000000000e+00,4.985000000000000142e+01,5.167499999999999716e+01,6.000000000000000000e+01,0.000000000000000000e+00
1.973000000000000000e+03,2.798353674270662594e+01,-5.262966255620797007e+00,3.367501664007514250e+01,-4.285136417477206638e-01,0.000000000000000000e+00,4.985000000000000142e+01,5.160999999999999943e+01,6.000000000000000000e+01,0.000000000000000000e+00
1.974000000000000000e+03,2.815852823772003788e+01,-5.167275960064065643e+00,3.364409671547058878e+01,-3.182925176864843664e-01,0.000000000000000000e+00,4.985000000000000142e+01,5.157800000000000296e+01,6.000000000000000000e+01,0.000000000000000000e+00
1.975000000000000000e+03,2.851705556139410902e+01,-4.975895368950581599e+00,3.361432197325879656e+01,-1.213710429141048597e-01,0.000000000000000000e+00,4.985000000000000142e+01,5.151400000000000290e+01,6.000000000000000000e+01,0.000000000000000000e+00
1.976000000000000000e+03,2.773561015954800268e+01,-5.361646872913691020e+00,3.358223897278659109e+01,-4.849819403248959993e-01,0.000000000000000000e+00,4.985000000000000142e+01,5.164300000000000068e+01,6.000000000000000000e+01,0.000000000000000000e+00
1.977000000000000000e+03,2.810611992959807637e+01,-5.167275960064065643e+00,3.355131904818203736e+01,-2.779231585198944643e-01,0.000000000000000000e+00,4.985000000000000142e+01,5.157800000000000296e+01,6.000000000000000000e+01,0.000000000000000000e+00
1.978000000000000000e+03,2.827510934335408166e+01,-5.071585664507312963e+00,3.352097171477386439e+01,-1.742767069124698254e-01,0.000000000000000000e+00,4.985000000000000142e+01,5.154599999999999937e+01,6.000000000000000000e+01,0.000000000000000000e+00
1.979000000000000000e+03,2.806459539327106611e+01,-5.167275960064065643e+00,3.349005179016931066e+01,-2.581804368341769629e-01,0.000000000000000000e+00,4.985000000000000142e+01,5.157800000000000296e+01,6.000000000000000000e+01,0.000000000000000000e+00
1.980000000000000000e+03,2.804494744130241912e+01,-5.167275960064065643e+00,3.345913186556475694e+01,-2.469084641982706441e-01,0.000000000000000000e+00,4.985000000000000142e+01,5.157800000000000296e+01,6.000000000000000000e+01,0.000000000000000000e+00
1.981000000000000000e+03,2.821258277575640250e+01,-5.071585664507312963e+00,3.342878453215658396e+01,-1.446160918928686701e-01,0.000000000000000000e+00,4.985000000000000142e+01,5.154599999999999937e+01,6.000000000000000000e+01,0.000000000000000000e+00
1.982000000000000000e+03,2.818854927716281367e+01,-5.071585664507312963e+00,3.339843719874841099e+01,-1.383022570782846961e-01,0.000000000000000000e+00,4.985000000000000142e+01,5.154599999999999937e+01,6.000000000000000000e+01,0.000000000000000000e+00
1.983000000000000000e+03,2.797646470841056399e+01,-5.167275960064065643e+00,3.336751727414385726e+01,-2.237766056692257477e-01,0.000000000000000000e+00,4.985000000000000142e+01,5.157800000000000296e+01,6.000000000000000000e+01,0.000000000000000000e+00
1.984000000000000000e+03,2.776753929719632552e+01,-5.262966255620797007e+00,3.333602475834292278e+01,-3.055192055257998085e-01,0.000000000000000000e+00,4.985000000000000142e+01,5.160999999999999943e+01,6.000000000000000000e+01,0.000000000000000000e+00
1.985000000000000000e+03,2.812493635602952580e+01,-5.071585664507312963e+00,3.330567742493474981e+01,-1.091554043979095223e-01,0.000000000000000000e+00,4.985000000000000142e+01,5.154599999999999937e+01,6.000000000000000000e+01,0.000000000000000000e+00
1.986000000000000000e+03,2.809935466926182457e+01,-5.071585664507312963e+00,3.327533009152657684e+01,-1.043897577574370017e-01,0.000000000000000000e+00,4.985000000000000142e+01,5.154599999999999937e+01,6.000000000000000000e+01,0.000000000000000000e+00
1.987000000000000000e+03,2.769801409245978618e+01,-5.262966255620797007e+00,3.324383757572564235e+01,-2.828572276450598832e-01,0.000000000000000000e+00,4.985000000000000142e+01,5.160999999999999943e+01,6.000000000000000000e+01,0.000000000000000000e+00
1.988000000000000000e+03,2.786664633293733218e+01,-5.167275960064065643e+00,3.321291765112108862e+01,-1.789953581196889187e-01,0.000000000000000000e+00,4.985000000000000142e+01,5.157800000000000296e+01,6.000000000000000000e+01,0.000000000000000000e+00
1.989000000000000000e+03,2.821909204256601100e+01,-4.975895368950581599e+00,3.318314290890929641e+01,1.184450260729771887e-02,0.000000000000000000e+00,4.985000000000000142e+01,5.151400000000000290e+01,6.000000000000000000e+01,0.000000000000000000e+00
1.990000000000000000e+03,2.743183054558036815e+01,-5.361646872913691020e+00,3.315105990843709094e+01,-3.575824899430296022e-01,0.000000000000000000e+00,4.985000000000000142e+01,5.164300000000000068e+01,6.000000000000000000e+01,0.000000000000000000e+00
1.991000000000000000e+03,2.779677814703183358e+01,-5.167275960064065643e+00,3.312013998383253721e+01,-1.560858767366358479e-01,0.000000000000000000e+00,4.985000000000000142e+01,5.157800000000000296e+01,6.000000000000000000e+01,0.000000000000000000e+00
1.992000000000000000e+03,2.701570318753086752e+01,-5.553027464027175064e+00,3.308691180096757023e+01,-5.181811494095274195e-01,0.000000000000000000e+00,4.985000000000000142e+01,5.170700000000000074e+01,6.000000000000000000e+01,0.000000000000000000e+00
1.993000000000000000e+03,2.757429264149806514e+01,-5.262966255620797007e+00,3.305541928516663575e+01,-2.181603880477738233e-01,0.000000000000000000e+00,4.985000000000000142e+01,5.160999999999999943e+01,6.000000000000000000e+01,0.000000000000000000e+00
1.994000000000000000e+03,2.735868145740987245e+01,-5.361646872913691020e+00,3.302333628469443028e+01,-3.030079543708650847e-01,0.000000000000000000e+00,4.985000000000000142e+01,5.164300000000000068e+01,6.000000000000000000e+01,0.000000000000000000e+00
1.995000000000000000e+03,2.715205215416631646e+01,-5.457337168470422384e+00,3.299068069302584405e+01,-3.812913703891050443e-01,0.000000000000000000e+00,4.985000000000000142e+01,5.167499999999999716e+01,6.000000000000000000e+01,0.000000000000000000e+00
1.996000000000000000e+03,2.676049264484323587e+01,-5.648717759583906428e+00,3.295687991896449631e+01,-5.476695145373529083e-01,0.000000000000000000e+00,4.985000000000000142e+01,5.173899999999999721e+01,6.000000000000000000e+01,0.000000000000000000e+00
1.997000000000000000e+03,2.712615355417230134e+01,-5.457337168470422384e+00,3.292422432729591009e+01,-3.407336046531838081e-01,0.000000000000000000e+00,4.985000000000000142e+01,5.167499999999999716e+01,6.000000000000000000e+01,0.000000000000000000e+00
1.998000000000000000e+03,2.654504790923547475e+01,-5.744408055140659108e+00,3.288985096203818159e+01,-6.003949976620481799e-01,0.000000000000000000e+00,4.985000000000000142e+01,5.177100000000000080e+01,6.000000000000000000e+01,0.000000000000000000e+00
1.999000000000000000e+03,2.728798900945373873e+01,-5.361646872913691020e+00,3.285776796156597612e+01,-2.081320791985438734e-01,0.000000000000000000e+00,4.985000000000000142e+01,5.164300000000000068e+01,6.000000000000000000e+01,0.000000000000000000e+00
2.000000000000000000e+03,2.688944208090996213e+01,-5.553027464027175064e+00,3.282453977870100914e+01,-3.820702337638729462e-01,0.000000000000000000e+00,4.985000000000000142e+01,5.170700000000000074e+01,6.000000000000000000e+01,0.000000000000000000e+00
2.001000000000000000e+03,2.724844563564906963e+01,-5.361646872913691020e+00,3.279245677822880367e+01,-1.823642696660428830e-01,0.000000000000000000e+00,4.985000000000000142e+01,5.164300000000000068e+01,6.000000000000000000e+01,0.000000000000000000e+00
2.002000000000000000e+03,2.760574333531675606e+01,-5.167275960064065643e+00,3.276153685362424994e+01,1.148244175657267552e-02,0.000000000000000000e+00,4.985000000000000142e+01,5.157800000000000296e+01,6.000000000000000000e+01,0.000000000000000000e+00
2.003000000000000000e+03,2.719290328857654515e+01,-5.361646872913691020e+00,3.272945385315204447e+01,-1.749036916618064985e-01,0.000000000000000000e+00,4.985000000000000142e+01,5.164300000000000068e+01,6.000000000000000000e+01,0.000000000000000000e+00
2.004000000000000000e+03,2.698068104513385634e+01,-5.457337168470422384e+00,3.269679826148345825e+01,-2.587800478791789649e-01,0.000000000000000000e+00,4.985000000000000142e+01,5.167499999999999716e+01,6.000000000000000000e+01,0.000000000000000000e+00
2.005000000000000000e+03,2.771629323697726832e+01,-5.071585664507312963e+00,3.266645092807528528e+01,1.214279734092978402e-01,0.000000000000000000e+00,4.985000000000000142e+01,5.154599999999999937e+01,6.000000000000000000e+01,0.000000000000000000e+00
2.006000000000000000e+03,2.711145022574328323e+01,-5.361646872913691020e+00,3.263436792760307981e+01,-1.612708289461043942e-01,0.000000000000000000e+00,4.985000000000000142e+01,5.164300000000000068e+01,6.000000000000000000e+01,0.000000000000000000e+00
2.007000000000000000e+03,2.765560241358364379e+01,-5.071585664507312963e+00,3.260402059419490683e+01,1.231674838960497842e-01,0.000000000000000000e+00,4.985000000000000142e+01,5.154599999999999937e+01,6.000000000000000000e+01,0.000000000000000000e+00
2.008000000000000000e+03,2.724432685087611361e+01,-5.262966255620797007e+00,3.257252807839397235e+01,-6.523497189706163601e-02,0.000000000000000000e+00,4.985000000000000142e+01,5.160999999999999943e+01,6.000000000000000000e+01,0.000000000000000000e+00
2.009000000000000000e+03,2.759123327246539858e+01,-5.071585664507312963e+00,3.254218074498579938e+01,1.206381919869136815e-01,0.000000000000000000e+00,4.985000000000000142e+01,5.154599999999999937e+01,6.000000000000000000e+01,0.000000000000000000e+00
2.010000000000000000e+03,2.774339437480974269e+01,-4.975895368950581599e+00,3.251240600277400716e+01,2.068837409863172883e-01,0.000000000000000000e+00,4.985000000000000142e+01,5.151400000000000290e+01,6.000000000000000000e+01,0.000000000000000000e+00
2.011000000000000000e+03,2.732903641157778907e+01,-5.167275960064065643e+00,3.248148607816945344e+01,1.482629347240374540e-02,0.000000000000000000e+00,4.985000000000000142e+01,5.157800000000000296e+01,6.000000000000000000e+01,0.000000000000000000e+00
2.012000000000000000e+03,2.748524459429825839e+01,-5.071585664507312963e+00,3.245113874476128046e+01,1.056915140442903633e-01,0.000000000000000000e+00,4.985000000000000142e+01,5.154599999999999937e+01,6.000000000000000000e+01,0.000000000000000000e+00
2.013000000000000000e+03,2.726250743255658904e+01,-5.167275960064065643e+00,3.242021882015672674e+01,9.564572463928902590e-03,0.000000000000000000e+00,4.985000000000000142e+01,5.157800000000000296e+01,6.000000000000000000e+01,0.000000000000000000e+00
2.014000000000000000e+03,2.760672075090175781e+01,-4.975895368950581599e+00,3.239044407794493452e+01,1.921720419074037789e-01,0.000000000000000000e+00,4.985000000000000142e+01,5.151400000000000290e+01,6.000000000000000000e+01,0.000000000000000000e+00
2.015000000000000000e+03,2.738078050255704099e+01,-5.071585664507312963e+00,3.236009674453676155e+01,9.226942252759466612e-02,0.000000000000000000e+00,4.985000000000000142e+01,5.154599999999999937e+01,6.000000000000000000e+01,0.000000000000000000e+00
2.016000000000000000e+03,2.677721053273421603e+01,-5.361646872913691020e+00,3.232801374406455608e+01,-1.891563384166477235e-01,0.000000000000000000e+00,4.985000000000000142e+01,5.164300000000000068e+01,6.000000000000000000e+01,0.000000000000000000e+00
2.017000000000000000e+03,2.732258018191109272e+01,-5.071585664507312963e+00,3.229766641065638311e+01,9.649943576202185680e-02,0.000000000000000000e+00,4.985000000000000142e+01,5.154599999999999937e+01,6.000000000000000000e+01,0.000000000000000000e+00
2.018000000000000000e+03,2.710024433971220148e+01,-5.167275960064065643e+00,3.226674648605182938e+01,7.738137244396592340e-04,0.000000000000000000e+00,4.985000000000000142e+01,5.157800000000000296e+01,6.000000000000000000e+01,0.000000000000000000e+00
2.019000000000000000e+03,2.725706604361625551e+01,-5.071585664507312963e+00,3.223639915264365641e+01,9.225255547991391414e-02,0.000000000000000000e+00,4.985000000000000142e+01,5.154599999999999937e+01,6.000000000000000000e+01,0.000000000000000000e+00
2.020000000000000000e+03,2.722269102982411226e+01,-5.071585664507312963e+00,3.220605181923548344e+01,8.822487509594315047e-02,0.000000000000000000e+00,4.985000000000000142e+01,5.154599999999999937e+01,6.000000000000000000e+01,0.000000000000000000e+00
2.021000000000000000e+03,2.737626727432838791e+01,-4.975895368950581599e+00,3.217627707702369122e+01,1.758855662552797905e-01,0.000000000000000000e+00,4.985000000000000142e+01,5.151400000000000290e+01,6.000000000000000000e+01,0.000000000000000000e+00
2.022000000000000000e+03,2.677548725650440176e+01,-5.262966255620797007e+00,3.214478456122275674e+01,-1.063310490975599432e-01,0.000000000000000000e+00,4.985000000000000142e+01,5.160999999999999943e+01,6.000000000000000000e+01,0.000000000000000000e+00
2.023000000000000000e+03,2.693641249067849586e+01,-5.167275960064065643e+00,3.211386463661820301e+01,-1.017618587563917654e-02,0.000000000000000000e+00,4.985000000000000142e+01,5.157800000000000296e+01,6.000000000000000000e+01,0.000000000000000000e+00
2.024000000000000000e+03,2.671816143838759672e+01,-5.262966255620797007e+00,3.208237212081726852e+01,-1.012444268088755206e-01,0.000000000000000000e+00,4.985000000000000142e+01,5.160999999999999943e+01,6.000000000000000000e+01,0.000000000000000000e+00
2.025000000000000000e+03,2.725441541960327996e+01,-4.975895368950581599e+00,3.205259737860547631e+01,1.777134099483841101e-01,0.000000000000000000e+00,4.985000000000000142e+01,5.151400000000000290e+01,6.000000000000000000e+01,0.000000000000000000e+00
2.026000000000000000e+03,2.665355559943506947e+01,-5.262966255620797007e+00,3.202110486280454182e+01,-1.045830077486766818e-01,0.000000000000000000e+00,4.985000000000000142e+01,5.160999999999999943e+01,6.000000000000000000e+01,0.000000000000000000e+00
2.027000000000000000e+03,2.700217992803866807e+01,-5.071585664507312963e+00,3.199075752939636885e+01,8.300806314961256538e-02,0.000000000000000000e+00,4.985000000000000142e+01,5.154599999999999937e+01,6.000000000000000000e+01,0.000000000000000000e+00
2.028000000000000000e+03,2.715598393480962258e+01,-4.975895368950581599e+00,3.196098278718457664e+01,1.708965165756289317e-01,0.000000000000000000e+00,4.985000000000000142e+01,5.151400000000000290e+01,6.000000000000000000e+01,0.000000000000000000e+00
2.029000000000000000e+03,2.636177834100890038e+01,-5.361646872913691020e+00,3.192889978671237472e+01,-2.054745727897809016e-01,0.000000000000000000e+00,4.985000000000000142e+01,5.164300000000000068e+01,6.000000000000000000e+01,0.000000000000000000e+00
2.030000000000000000e+03,2.709563584525128022e+01,-4.975895368950581599e+00,3.189912504450058250e+01,1.724061697012803096e-01,0.000000000000000000e+00,4.985000000000000142e+01,5.151400000000000290e+01,6.000000000000000000e+01,0.000000000000000000e+00
2.031000000000000000e+03,2.687055856070569959e+01,-5.071585664507312963e+00,3.186877771109240953e+01,7.336651412060420097e-02,0.000000000000000000e+00,4.985000000000000142e+01,5.154599999999999937e+01,6.000000000000000000e+01,0.000000000000000000e+00
2.032000000000000000e+03,2.702478351058975647e+01,-4.975895368950581599e+00,3.183900296888061732e+01,1.616759106597214779e-01,0.000000000000000000e+00,4.985000000000000142e+01,5.151400000000000290e+01,6.000000000000000000e+01,0.000000000000000000e+00
2.033000000000000000e+03,2.698795011411590039e+01,-4.975895368950581599e+00,3.180922822666882510e+01,1.546172563976555281e-01,0.000000000000000000e+00,4.985000000000000142e+01,5.151400000000000290e+01,6.000000000000000000e+01,0.000000000000000000e+00
2.034000000000000000e+03,2.676364948076217232e+01,-5.071585664507312963e+00,3.177888089326065213e+01,5.635425200883466268e-02,0.000000000000000000e+00,4.985000000000000142e+01,5.154599999999999937e+01,6.000000000000000000e+01,0.000000000000000000e+00
2.035000000000000000e+03,2.691861717380427166e+01,-4.975895368950581599e+00,3.174910615104885991e+01,1.454063917059933431e-01,0.000000000000000000e+00,4.985000000000000142e+01,5.151400000000000290e+01,6.000000000000000000e+01,0.000000000000000000e+00
2.036000000000000000e+03,2.612552446056700006e+01,-5.361646872913691020e+00,3.171702315057665800e+01,-2.298518170959642504e-01,0.000000000000000000e+00,4.985000000000000142e+01,5.164300000000000068e+01,6.000000000000000000e+01,0.000000000000000000e+00
2.037000000000000000e+03,2.667267084514530140e+01,-5.071585664507312963e+00,3.168667581716848503e+01,5.758069248412922558e-02,0.000000000000000000e+00,4.985000000000000142e+01,5.154599999999999937e+01,6.000000000000000000e+01,0.000000000000000000e+00
2.038000000000000000e+03,2.682758499267617935e+01,-4.975895368950581599e+00,3.165690107495669281e+01,1.465792866700686981e-01,0.000000000000000000e+00,4.985000000000000142e+01,5.151400000000000290e+01,6.000000000000000000e+01,0.000000000000000000e+00
2.039000000000000000e+03,2.679141070397436053e+01,-4.975895368950581599e+00,3.162712633274490059e+01,1.401797401800421450e-01,0.000000000000000000e+00,4.985000000000000142e+01,5.151400000000000290e+01,6.000000000000000000e+01,0.000000000000000000e+00
2.040000000000000000e+03,2.637996498955960689e+01,-5.167275960064065643e+00,3.159620640814034687e+01,-4.896545851667413740e-02,0.000000000000000000e+00,4.985000000000000142e+01,5.157800000000000296e+01,6.000000000000000000e+01,0.000000000000000000e+00
2.041000000000000000e+03,2.692037708137020857e+01,-4.877214751657687586e+00,3.156702215059982208e+01,2.305696824280720203e-01,0.000000000000000000e+00,4.985000000000000142e+01,5.148100000000000165e+01,6.000000000000000000e+01,0.000000000000000000e+00
2.042000000000000000e+03,2.688112631692130350e+01,-4.877214751657687586e+00,3.153783789305929730e+01,2.205031755196957821e-01,0.000000000000000000e+00,4.985000000000000142e+01,5.148100000000000165e+01,6.000000000000000000e+01,0.000000000000000000e+00
2.043000000000000000e+03,2.721786587426283788e+01,-4.685834160544204430e+00,3.150979881791153048e+01,3.939012168955124960e-01,0.000000000000000000e+00,4.985000000000000142e+01,5.141700000000000159e+01,6.000000000000000000e+01,0.000000000000000000e+00
2.044000000000000000e+03,2.754818017991825840e+01,-4.494453569430720385e+00,3.148290492515652517e+01,5.597288241924555097e-01,0.000000000000000000e+00,4.985000000000000142e+01,5.135300000000000153e+01,6.000000000000000000e+01,0.000000000000000000e+00
2.045000000000000000e+03,2.655210388333799543e+01,-4.975895368950581599e+00,3.145313018294473295e+01,7.486906934384535139e-02,0.000000000000000000e+00,4.985000000000000142e+01,5.151400000000000290e+01,6.000000000000000000e+01,0.000000000000000000e+00
2.046000000000000000e+03,2.727603004356293681e+01,-4.590143864987451749e+00,3.142566369899334688e+01,4.405102095570433973e-01,0.000000000000000000e+00,4.985000000000000142e+01,5.138499999999999801e+01,6.000000000000000000e+01,0.000000000000000000e+00
2.047000000000000000e+03,2.761075000688124348e+01,-4.395772952137826373e+00,3.139936029090960901e+01,6.071626681094600686e-01,0.000000000000000000e+00,4.985000000000000142e+01,5.132000000000000028e+01,6.000000000000000000e+01,0.000000000000000000e+00
2.048000000000000000e+03,2.717651950536095384e+01,-4.590143864987451749e+00,3.137189380695822294e+01,3.947695633901810996e-01,0.000000000000000000e+00,4.985000000000000142e+01,5.138499999999999801e+01,6.000000000000000000e+01,0.000000000000000000e+00
2.049000000000000000e+03,2.713181766550659191e+01,-4.590143864987451749e+00,3.134442732300683687e+01,3.775342074872052867e-01,0.000000000000000000e+00,4.985000000000000142e+01,5.138499999999999801e+01,6.000000000000000000e+01,0.000000000000000000e+00
2.050000000000000000e+03,2.803261335387382758e+01,-4.108702065467589648e+00,3.131984168851224126e+01,8.214737308291764073e-01,0.000000000000000000e+00,4.985000000000000142e+01,5.122399999999999665e+01,6.000000000000000000e+01,0.000000000000000000e+00
2.051000000000000000e+03,2.778438735301194384e+01,-4.204392361024342328e+00,3.129468346282126490e+01,6.940962512150224972e-01,0.000000000000000000e+00,4.985000000000000142e+01,5.125600000000000023e+01,6.000000000000000000e+01,0.000000000000000000e+00
2.052000000000000000e+03,2.715973116335748472e+01,-4.494453569430720385e+00,3.126778957006625959e+01,3.863951627219464613e-01,0.000000000000000000e+00,4.985000000000000142e+01,5.135300000000000153e+01,6.000000000000000000e+01,0.000000000000000000e+00
2.053000000000000000e+03,2.768516175465179074e+01,-4.204392361024342328e+00,3.124263134437528322e+01,6.469227713008504077e-01,0.000000000000000000e+00,4.985000000000000142e+01,5.125600000000000023e+01,6.000000000000000000e+01,0.000000000000000000e+00
2.054000000000000000e+03,2.744398393225180044e+01,-4.300082656581073692e+00,3.121690052748792610e+01,5.271660613449469235e-01,0.000000000000000000e+00,4.985000000000000142e+01,5.128799999999999670e+01,6.000000000000000000e+01,0.000000000000000000e+00
2.055000000000000000e+03,2.796443164297848938e+01,-4.010021448174716951e+00,3.119290537766459792e+01,7.815477134886048560e-01,0.000000000000000000e+00,4.985000000000000142e+01,5.119100000000000250e+01,6.000000000000000000e+01,0.000000000000000000e+00
2.056000000000000000e+03,2.771267128641371968e+01,-4.108702065467589648e+00,3.116831974317000231e+01,6.530536087113073540e-01,0.000000000000000000e+00,4.985000000000000142e+01,5.122399999999999665e+01,6.000000000000000000e+01,0.000000000000000000e+00
2.057000000000000000e+03,2.765957379990803844e+01,-4.108702065467589648e+00,3.114373410867540670e+01,6.245417567002208292e-01,0.000000000000000000e+00,4.985000000000000142e+01,5.122399999999999665e+01,6.000000000000000000e+01,0.000000000000000000e+00
2.058000000000000000e+03,2.741994570774417994e+01,-4.204392361024342328e+00,3.111857588298443034e+01,5.057621857840924884e-01,0.000000000000000000e+00,4.985000000000000142e+01,5.125600000000000023e+01,6.000000000000000000e+01,0.000000000000000000e+00
2.059000000000000000e+03,2.756048168055082570e+01,-4.108702065467589648e+00,3.109399024848983473e+01,5.751934975285808438e-01,0.000000000000000000e+00,4.985000000000000142e+01,5.122399999999999665e+01,6.000000000000000000e+01,0.000000000000000000e+00
2.060000000000000000e+03,2.770442690494344262e+01,-4.010021448174716951e+00,3.106999509866650655e+01,6.444532544516505812e-01,0.000000000000000000e+00,4.985000000000000142e+01,5.119100000000000250e+01,6.000000000000000000e+01,0.000000000000000000e+00
2.061000000000000000e+03,2.745865199409930213e+01,-4.108702065467589648e+00,3.104540946417191094e+01,5.219445953949808370e-01,0.000000000000000000e+00,4.985000000000000142e+01,5.122399999999999665e+01,6.000000000000000000e+01,0.000000000000000000e+00
2.062000000000000000e+03,2.741127863304845391e+01,-4.108702065467589648e+00,3.102082382967731533e+01,4.991568688387268971e-01,0.000000000000000000e+00,4.985000000000000142e+01,5.122399999999999665e+01,6.000000000000000000e+01,0.000000000000000000e+00
2.063000000000000000e+03,2.755854356209579947e+01,-4.010021448174716951e+00,3.099682867985398715e+01,5.717363304165264948e-01,0.000000000000000000e+00,4.985000000000000142e+01,5.119100000000000250e+01,6.000000000000000000e+01,0.000000000000000000e+00
2.064000000000000000e+03,2.675261718200109939e+01,-4.395772952137826373e+00,3.097052527177024928e+01,1.778648623686747698e-01,0.000000000000000000e+00,4.985000000000000142e+01,5.132000000000000028e+01,6.000000000000000000e+01,0.000000000000000000e+00
2.065000000000000000e+03,2.728187455962059005e+01,-4.108702065467589648e+00,3.094593963727565367e+01,4.446369878125244202e-01,0.000000000000000000e+00,4.985000000000000142e+01,5.122399999999999665e+01,6.000000000000000000e+01,0.000000000000000000e+00
2.066000000000000000e+03,2.667455015526918416e+01,-4.395772952137826373e+00,3.091963622919191579e+01,1.506868782150951325e-01,0.000000000000000000e+00,4.985000000000000142e+01,5.132000000000000028e+01,6.000000000000000000e+01,0.000000000000000000e+00
2.067000000000000000e+03,2.739863749848369423e+01,-4.010021448174716951e+00,3.089564107936858761e+01,5.130178672898270120e-01,0.000000000000000000e+00,4.985000000000000142e+01,5.119100000000000250e+01,6.000000000000000000e+01,0.000000000000000000e+00
2.068000000000000000e+03,2.735224435664854070e+01,-4.010021448174716951e+00,3.087164592954525943e+01,4.906198752779998284e-01,0.000000000000000000e+00,4.985000000000000142e+01,5.119100000000000250e+01,6.000000000000000000e+01,0.000000000000000000e+00
2.069000000000000000e+03,2.730682909507477163e+01,-4.010021448174716951e+00,3.084765077972193126e+01,4.691997635275602097e-01,0.000000000000000000e+00,4.985000000000000142e+01,5.119100000000000250e+01,6.000000000000000000e+01,0.000000000000000000e+00
2.070000000000000000e+03,2.726234902021177930e+01,-4.010021448174716951e+00,3.082365562989860308e+01,4.487148384878940632e-01,0.000000000000000000e+00,4.985000000000000142e+01,5.119100000000000250e+01,6.000000000000000000e+01,0.000000000000000000e+00
2.071000000000000000e+03,2.702511990817251686e+01,-4.108702065467589648e+00,3.079906999540400747e+01,3.347519782360973695e-01,0.000000000000000000e+00,4.985000000000000142e+01,5.122399999999999665e+01,6.000000000000000000e+01,0.000000000000000000e+00
2.072000000000000000e+03,2.717956263678827611e+01,-4.010021448174716951e+00,3.077507484558067929e+01,4.145092393823137100e-01,0.000000000000000000e+00,4.985000000000000142e+01,5.119100000000000250e+01,6.000000000000000000e+01,0.000000000000000000e+00
2.073000000000000000e+03,2.713747031097074824e+01,-4.010021448174716951e+00,3.075107969575735112e+01,3.964120633881127453e-01,0.000000000000000000e+00,4.985000000000000142e+01,5.119100000000000250e+01,6.000000000000000000e+01,0.000000000000000000e+00
2.074000000000000000e+03,2.709616809487297573e+01,-4.010021448174716951e+00,3.072708454593402294e+01,3.791049971136689067e-01,0.000000000000000000e+00,4.985000000000000142e+01,5.119100000000000250e+01,6.000000000000000000e+01,0.000000000000000000e+00
2.075000000000000000e+03,2.705562149287147733e+01,-4.010021448174716951e+00,3.070308939611069476e+01,3.625535449354961859e-01,0.000000000000000000e+00,4.985000000000000142e+01,5.119100000000000250e+01,6.000000000000000000e+01,0.000000000000000000e+00
2.076000000000000000e+03,2.663437870843008071e+01,-4.204392361024342328e+00,3.067793117041971840e+01,1.608398990347056079e-01,0.000000000000000000e+00,4.985000000000000142e+01,5.125600000000000023e+01,6.000000000000000000e+01,0.000000000000000000e+00
2.077000000000000000e+03,2.698361713511162208e+01,-4.010021448174716951e+00,3.065393602059639022e+01,3.397025626899509709e-01,0.000000000000000000e+00,4.985000000000000142e+01,5.119100000000000250e+01,6.000000000000000000e+01,0.000000000000000000e+00
2.078000000000000000e+03,2.694479081512706387e+01,-4.010021448174716951e+00,3.062994087077306204e+01,3.248713925287209370e-01,0.000000000000000000e+00,4.985000000000000142e+01,5.119100000000000250e+01,6.000000000000000000e+01,0.000000000000000000e+00
2.079000000000000000e+03,2.690661201339085196e+01,-4.010021448174716951e+00,3.060594572094973387e+01,3.106877406158360944e-01,0.000000000000000000e+00,4.985000000000000142e+01,5.119100000000000250e+01,6.000000000000000000e+01,0.000000000000000000e+00
2.080000000000000000e+03,2.686905245972083378e+01,-4.010021448174716951e+00,3.058195057112640569e+01,2.971233367691474836e-01,0.000000000000000000e+00,4.985000000000000142e+01,5.119100000000000250e+01,6.000000000000000000e+01,0.000000000000000000e+00
2.081000000000000000e+03,2.683208511819073294e+01,-4.010021448174716951e+00,3.055795542130307751e+01,2.841511450623757651e-01,0.000000000000000000e+00,4.985000000000000142e+01,5.119100000000000250e+01,6.000000000000000000e+01,0.000000000000000000e+00
2.082000000000000000e+03,2.565729569398850174e+01,-4.590143864987451749e+00,3.053048893735169145e+01,-2.830493783757369597e-01,0.000000000000000000e+00,4.985000000000000142e+01,5.138499999999999801e+01,6.000000000000000000e+01,0.000000000000000000e+00
2.083000000000000000e+03,2.621138116244553018e+01,-4.300082656581073692e+00,3.050475812046433433e+01,6.705698562268602725e-03,0.000000000000000000e+00,4.985000000000000142e+01,5.128799999999999670e+01,6.000000000000000000e+01,0.000000000000000000e+00
2.084000000000000000e+03,2.599758216690943868e+01,-4.395772952137826373e+00,3.047845471238059645e+01,-8.509959333333053100e-02,0.000000000000000000e+00,4.985000000000000142e+01,5.132000000000000028e+01,6.000000000000000000e+01,0.000000000000000000e+00
2.085000000000000000e+03,2.616276955867500931e+01,-4.300082656581073692e+00,3.045272389549323933e+01,1.012831976284034319e-02,0.000000000000000000e+00,4.985000000000000142e+01,5.128799999999999670e+01,6.000000000000000000e+01,0.000000000000000000e+00
2.086000000000000000e+03,2.537962691432544560e+01,-4.685834160544204430e+00,3.042468482034547250e+01,-3.592237454758250292e-01,0.000000000000000000e+00,4.985000000000000142e+01,5.141700000000000159e+01,6.000000000000000000e+01,0.000000000000000000e+00
2.087000000000000000e+03,2.499172046485229259e+01,-4.877214751657687586e+00,3.039550056280494772e+01,-5.265653462949658747e-01,0.000000000000000000e+00,4.985000000000000142e+01,5.148100000000000165e+01,6.000000000000000000e+01,0.000000000000000000e+00
2.088000000000000000e+03,2.573662732317950486e+01,-4.494453569430720385e+00,3.036860667004994241e+01,-1.375257774397154464e-01,0.000000000000000000e+00,4.985000000000000142e+01,5.135300000000000153e+01,6.000000000000000000e+01,0.000000000000000000e+00
2.089000000000000000e+03,2.552796229453654675e+01,-4.590143864987451749e+00,3.034114018609855634e+01,-2.230340265745565653e-01,0.000000000000000000e+00,4.985000000000000142e+01,5.138499999999999801e+01,6.000000000000000000e+01,0.000000000000000000e+00
2.090000000000000000e+03,2.532245790350494019e+01,-4.685834160544204430e+00,3.031310111095078952e+01,-3.048090469016472848e-01,0.000000000000000000e+00,4.985000000000000142e+01,5.141700000000000159e+01,6.000000000000000000e+01,0.000000000000000000e+00
2.091000000000000000e+03,2.530772657265407588e+01,-4.685834160544204430e+00,3.028506203580302270e+01,-2.915013026047438838e-01,0.000000000000000000e+00,4.985000000000000142e+01,5.141700000000000159e+01,6.000000000000000000e+01,0.000000000000000000e+00
2.092000000000000000e+03,2.566796506055630900e+01,-4.494453569430720385e+00,3.025816814304801738e+01,-9.574951306098619663e-02,0.000000000000000000e+00,4.985000000000000142e+01,5.135300000000000153e+01,6.000000000000000000e+01,0.000000000000000000e+00
2.093000000000000000e+03,2.545747611018371970e+01,-4.590143864987451749e+00,3.023070165909663132e+01,-1.830816839254581219e-01,0.000000000000000000e+00,4.985000000000000142e+01,5.138499999999999801e+01,6.000000000000000000e+01,0.000000000000000000e+00
2.094000000000000000e+03,2.638274788614591770e+01,-4.108702065467589648e+00,3.020611602460203571e+01,2.853339270114706450e-01,0.000000000000000000e+00,4.985000000000000142e+01,5.122399999999999665e+01,6.000000000000000000e+01,0.000000000000000000e+00
2.095000000000000000e+03,2.615792936445541272e+01,-4.204392361024342328e+00,3.018095779891105934e+01,1.813639265686950997e-01,0.000000000000000000e+00,4.985000000000000142e+01,5.125600000000000023e+01,6.000000000000000000e+01,0.000000000000000000e+00
2.096000000000000000e+03,2.631262833251394184e+01,-4.108702065467589648e+00,3.015637216441646373e+01,2.649582335650667586e-01,0.000000000000000000e+00,4.985000000000000142e+01,5.122399999999999665e+01,6.000000000000000000e+01,0.000000000000000000e+00
2.097000000000000000e+03,2.647011820594724441e+01,-4.010021448174716951e+00,3.013237701459313556e+01,3.477626395288224148e-01,0.000000000000000000e+00,4.985000000000000142e+01,5.119100000000000250e+01,6.000000000000000000e+01,0.000000000000000000e+00
2.098000000000000000e+03,2.643093998879074746e+01,-4.010021448174716951e+00,3.010838186476980738e+01,3.325795721956567585e-01,0.000000000000000000e+00,4.985000000000000142e+01,5.119100000000000250e+01,6.000000000000000000e+01,0.000000000000000000e+00
2.099000000000000000e+03,2.639242465346065103e+01,-4.010021448174716951e+00,3.008438671494647920e+01,3.180593866888878907e-01,0.000000000000000000e+00,4.985000000000000142e+01,5.119100000000000250e+01,6.000000000000000000e+01,0.000000000000000000e+00
2.100000000000000000e+03,2.635454325901200789e+01,-4.010021448174716951e+00,3.006039156512315103e+01,3.041731420635720440e-01,0.000000000000000000e+00,4.985000000000000142e+01,5.119100000000000250e+01,6.000000000000000000e+01,0.000000000000000000e+00
2.101000000000000000e+03,2.593584932107391339e+01,-4.204392361024342328e+00,3.003523333943217466e+01,1.050083426660824715e-01,0.000000000000000000e+00,4.985000000000000142e+01,5.125600000000000023e+01,6.000000000000000000e+01,0.000000000000000000e+00
2.102000000000000000e+03,2.571833109382170690e+01,-4.300082656581073692e+00,3.000950252254481754e+01,8.911227857960099530e-03,0.000000000000000000e+00,4.985000000000000142e+01,5.128799999999999670e+01,6.000000000000000000e+01,0.000000000000000000e+00
2.103000000000000000e+03,2.626140543874702971e+01,-4.010021448174716951e+00,2.998550737272148936e+01,2.859195142002560197e-01,0.000000000000000000e+00,4.985000000000000142e+01,5.119100000000000250e+01,6.000000000000000000e+01,0.000000000000000000e+00
2.104000000000000000e+03,2.584350844110505108e+01,-4.204392361024342328e+00,2.996034914703051300e+01,8.755165509887988251e-02,0.000000000000000000e+00,4.985000000000000142e+01,5.125600000000000023e+01,6.000000000000000000e+01,0.000000000000000000e+00
2.105000000000000000e+03,2.619594657993484077e+01,-4.010021448174716951e+00,2.993635399720718482e+01,2.696140309023731252e-01,0.000000000000000000e+00,4.985000000000000142e+01,5.119100000000000250e+01,6.000000000000000000e+01,0.000000000000000000e+00
2.106000000000000000e+03,2.596653688065561028e+01,-4.108702065467589648e+00,2.991176836271258921e+01,1.634705834106119915e-01,0.000000000000000000e+00,4.985000000000000142e+01,5.122399999999999665e+01,6.000000000000000000e+01,0.000000000000000000e+00
2.107000000000000000e+03,2.537148799979241787e+01,-4.395772952137826373e+00,2.988546495462885133e+01,-1.182040026986062586e-01,0.000000000000000000e+00,4.985000000000000142e+01,5.132000000000000028e+01,6.000000000000000000e+01,0.000000000000000000e+00
2.108000000000000000e+03,2.553812070631951059e+01,-4.300082656581073692e+00,2.985973413774149421e+01,-2.153077484091107940e-02,0.000000000000000000e+00,4.985000000000000142e+01,5.128799999999999670e+01,6.000000000000000000e+01,0.000000000000000000e+00
2.109000000000000000e+03,2.494413568798658076e+01,-4.590143864987451749e+00,2.983226765379010814e+01,-2.979881008160763511e-01,0.000000000000000000e+00,4.985000000000000142e+01,5.138499999999999801e+01,6.000000000000000000e+01,0.000000000000000000e+00
2.110000000000000000e+03,2.436635291273796966e+01,-4.877214751657687586e+00,2.980308339624958336e+01,-5.595157318539256686e-01,0.000000000000000000e+00,4.985000000000000142e+01,5.148100000000000165e+01,6.000000000000000000e+01,0.000000000000000000e+00
2.111000000000000000e+03,2.473714753593661442e+01,-4.685834160544204430e+00,2.977504432110181654e+01,-3.520626246210002419e-01,0.000000000000000000e+00,4.985000000000000142e+01,5.141700000000000159e+01,6.000000000000000000e+01,0.000000000000000000e+00
2.112000000000000000e+03,2.415528504275855681e+01,-4.975895368950581599e+00,2.974526957889002432e+01,-6.140891671808844654e-01,0.000000000000000000e+00,4.985000000000000142e+01,5.151400000000000290e+01,6.000000000000000000e+01,0.000000000000000000e+00
2.113000000000000000e+03,2.472151521262385998e+01,-4.685834160544204430e+00,2.971723050374225750e+01,-3.098811305741939193e-01,0.000000000000000000e+00,4.985000000000000142e+01,5.141700000000000159e+01,6.000000000000000000e+01,0.000000000000000000e+00
2.114000000000000000e+03,2.433145449998586685e+01,-4.877214751657687586e+00,2.968804624620173271e+01,-4.793769945581789482e-01,0.000000000000000000e+00,4.985000000000000142e+01,5.148100000000000165e+01,6.000000000000000000e+01,0.000000000000000000e+00
2.115000000000000000e+03,2.412955610378370253e+01,-4.975895368950581599e+00,2.965827150398994050e+01,-5.528200312556552642e-01,0.000000000000000000e+00,4.985000000000000142e+01,5.151400000000000290e+01,6.000000000000000000e+01,0.000000000000000000e+00
2.116000000000000000e+03,2.412391708750569563e+01,-4.975895368950581599e+00,2.962849676177814828e+01,-5.286843053218701627e-01,0.000000000000000000e+00,4.985000000000000142e+01,5.151400000000000290e+01,6.000000000000000000e+01,0.000000000000000000e+00
2.117000000000000000e+03,2.506196936769872963e+01,-4.494453569430720385e+00,2.960160286902314297e+01,-4.517993189369223783e-02,0.000000000000000000e+00,4.985000000000000142e+01,5.135300000000000153e+01,6.000000000000000000e+01,0.000000000000000000e+00
2.118000000000000000e+03,2.484927258569445030e+01,-4.590143864987451749e+00,2.957413638507175691e+01,-1.347199343898578261e-01,0.000000000000000000e+00,4.985000000000000142e+01,5.138499999999999801e+01,6.000000000000000000e+01,0.000000000000000000e+00
2.119000000000000000e+03,2.501546329008182923e+01,-4.494453569430720385e+00,2.954724249231675159e+01,-3.732563280420002350e-02,0.000000000000000000e+00,4.985000000000000142e+01,5.135300000000000153e+01,6.000000000000000000e+01,0.000000000000000000e+00
2.120000000000000000e+03,2.499019900767509839e+01,-4.494453569430720385e+00,2.952034859956174628e+01,-3.569602245592620737e-02,0.000000000000000000e+00,4.985000000000000142e+01,5.135300000000000153e+01,6.000000000000000000e+01,0.000000000000000000e+00
2.121000000000000000e+03,2.515850697195601882e+01,-4.395772952137826373e+00,2.949404519147800841e+01,6.023473261583448674e-02,0.000000000000000000e+00,4.985000000000000142e+01,5.132000000000000028e+01,6.000000000000000000e+01,0.000000000000000000e+00
2.122000000000000000e+03,2.456037953903530280e+01,-4.685834160544204430e+00,2.946600611633024158e+01,-2.197924167507343263e-01,0.000000000000000000e+00,4.985000000000000142e+01,5.141700000000000159e+01,6.000000000000000000e+01,0.000000000000000000e+00
2.123000000000000000e+03,2.511113066273626515e+01,-4.395772952137826373e+00,2.943970270824650370e+01,6.720090662758707034e-02,0.000000000000000000e+00,4.985000000000000142e+01,5.132000000000000028e+01,6.000000000000000000e+01,0.000000000000000000e+00
2.124000000000000000e+03,2.545744413660490224e+01,-4.204392361024342328e+00,2.941454448255552734e+01,2.472920150737181744e-01,0.000000000000000000e+00,4.985000000000000142e+01,5.125600000000000023e+01,6.000000000000000000e+01,0.000000000000000000e+00
2.125000000000000000e+03,2.466451968667191608e+01,-4.590143864987451749e+00,2.938707799860414127e+01,-1.324144469447713635e-01,0.000000000000000000e+00,4.985000000000000142e+01,5.138499999999999801e+01,6.000000000000000000e+01,0.000000000000000000e+00
2.126000000000000000e+03,2.464283432247097494e+01,-4.590143864987451749e+00,2.935961151465275520e+01,-1.266333271943280991e-01,0.000000000000000000e+00,4.985000000000000142e+01,5.138499999999999801e+01,6.000000000000000000e+01,0.000000000000000000e+00
2.127000000000000000e+03,2.500231536569634727e+01,-4.395772952137826373e+00,2.933330810656901733e+01,6.478021126515580430e-02,0.000000000000000000e+00,4.985000000000000142e+01,5.132000000000000028e+01,6.000000000000000000e+01,0.000000000000000000e+00
2.128000000000000000e+03,2.477954030576025701e+01,-4.494453569430720385e+00,2.930641421381401202e+01,-3.242033862303294461e-02,0.000000000000000000e+00,4.985000000000000142e+01,5.135300000000000153e+01,6.000000000000000000e+01,0.000000000000000000e+00
2.129000000000000000e+03,2.419073562374716602e+01,-4.781524456100935794e+00,2.927780254746986799e+01,-3.055424676217647351e-01,0.000000000000000000e+00,4.985000000000000142e+01,5.144899999999999807e+01,6.000000000000000000e+01,0.000000000000000000e+00
2.130000000000000000e+03,2.493243335461042420e+01,-4.395772952137826373e+00,2.925149913938613011e+01,7.670716736212052078e-02,0.000000000000000000e+00,4.985000000000000142e+01,5.132000000000000028e+01,6.000000000000000000e+01,0.000000000000000000e+00
2.131000000000000000e+03,2.527833179195583213e+01,-4.204392361024342328e+00,2.922634091369515374e+01,2.563832392850223796e-01,0.000000000000000000e+00,4.985000000000000142e+01,5.125600000000000023e+01,6.000000000000000000e+01,0.000000000000000000e+00
2.132000000000000000e+03,2.486642923266329674e+01,-4.395772952137826373e+00,2.920003750561141587e+01,6.216467918970725037e-02,0.000000000000000000e+00,4.985000000000000142e+01,5.132000000000000028e+01,6.000000000000000000e+01,0.000000000000000000e+00
2.133000000000000000e+03,2.464376836498106016e+01,-4.494453569430720385e+00,2.917314361285641056e+01,-3.492167844462871346e-02,0.000000000000000000e+00,4.985000000000000142e+01,5.135300000000000153e+01,6.000000000000000000e+01,0.000000000000000000e+00
2.134000000000000000e+03,2.481204252195801274e+01,-4.395772952137826373e+00,2.914684020477267268e+01,6.097526932316599951e-02,0.000000000000000000e+00,4.985000000000000142e+01,5.132000000000000028e+01,6.000000000000000000e+01,0.000000000000000000e+00
2.135000000000000000e+03,2.421388275773596988e+01,-4.685834160544204430e+00,2.911880112962490585e+01,-2.190842113447332984e-01,0.000000000000000000e+00,4.985000000000000142e+01,5.141700000000000159e+01,6.000000000000000000e+01,0.000000000000000000e+00
2.136000000000000000e+03,2.457095956739075859e+01,-4.494453569430720385e+00,2.909190723686990054e+01,-2.649410004842178701e-02,0.000000000000000000e+00,4.985000000000000142e+01,5.135300000000000153e+01,6.000000000000000000e+01,0.000000000000000000e+00
2.137000000000000000e+03,2.473886578234145261e+01,-4.395772952137826373e+00,2.906560382878616267e+01,6.903490569311469816e-02,0.000000000000000000e+00,4.985000000000000142e+01,5.132000000000000028e+01,6.000000000000000000e+01,0.000000000000000000e+00
2.138000000000000000e+03,2.432812955283866074e+01,-4.590143864987451749e+00,2.903813734483477660e+01,-1.198639270086666181e-01,0.000000000000000000e+00,4.985000000000000142e+01,5.138499999999999801e+01,6.000000000000000000e+01,0.000000000000000000e+00
2.139000000000000000e+03,2.354892660965380102e+01,-4.975895368950581599e+00,2.900836260262298438e+01,-4.835406240186016502e-01,0.000000000000000000e+00,4.985000000000000142e+01,5.151400000000000290e+01,6.000000000000000000e+01,0.000000000000000000e+00
2.140000000000000000e+03,2.354026290416160094e+01,-4.975895368950581599e+00,2.897858786041119217e+01,-4.624295872990091816e-01,0.000000000000000000e+00,4.985000000000000142e+01,5.151400000000000290e+01,6.000000000000000000e+01,0.000000000000000000e+00
2.141000000000000000e+03,2.353067750595272400e+01,-4.975895368950581599e+00,2.894881311819939995e+01,-4.422402432960949037e-01,0.000000000000000000e+00,4.985000000000000142e+01,5.151400000000000290e+01,6.000000000000000000e+01,0.000000000000000000e+00
2.142000000000000000e+03,2.352021065546989220e+01,-4.975895368950581599e+00,2.891903837598760774e+01,-4.229323515671339351e-01,0.000000000000000000e+00,4.985000000000000142e+01,5.151400000000000290e+01,6.000000000000000000e+01,0.000000000000000000e+00
2.143000000000000000e+03,2.332112542362638408e+01,-5.071585664507312963e+00,2.888869104257943476e+01,-4.959799544457357268e-01,0.000000000000000000e+00,4.985000000000000142e+01,5.154599999999999937e+01,6.000000000000000000e+01,0.000000000000000000e+00
2.144000000000000000e+03,2.312465680651880007e+01,-5.167275960064065643e+00,2.885777111797488104e+01,-5.658383513920161034e-01,0.000000000000000000e+00,4.985000000000000142e+01,5.157800000000000296e+01,6.000000000000000000e+01,0.000000000000000000e+00
2.145000000000000000e+03,2.349399180368617124e+01,-4.975895368950581599e+00,2.882799637576308882e+01,-3.581092031263365394e-01,0.000000000000000000e+00,4.985000000000000142e+01,5.151400000000000290e+01,6.000000000000000000e+01,0.000000000000000000e+00
2.146000000000000000e+03,2.347985185235087968e+01,-4.975895368950581599e+00,2.879822163355129661e+01,-3.424744122498346033e-01,0.000000000000000000e+00,4.985000000000000142e+01,5.151400000000000290e+01,6.000000000000000000e+01,0.000000000000000000e+00
2.147000000000000000e+03,2.346502929726338849e+01,-4.975895368950581599e+00,2.876844689133950439e+01,-3.275222251255341943e-01,0.000000000000000000e+00,4.985000000000000142e+01,5.151400000000000290e+01,6.000000000000000000e+01,0.000000000000000000e+00
2.148000000000000000e+03,2.326177852775317945e+01,-5.071585664507312963e+00,2.873809955793133142e+01,-4.047353656708369551e-01,0.000000000000000000e+00,4.985000000000000142e+01,5.154599999999999937e+01,6.000000000000000000e+01,0.000000000000000000e+00
2.149000000000000000e+03,2.343687706268599769e+01,-4.975895368950581599e+00,2.870832481571953920e+01,-2.955523840829585858e-01,0.000000000000000000e+00,4.985000000000000142e+01,5.151400000000000290e+01,6.000000000000000000e+01,0.000000000000000000e+00
2.150000000000000000e+03,2.380142473248069734e+01,-4.781524456100935794e+00,2.867971314937539518e+01,-9.676396079376189951e-02,0.000000000000000000e+00,4.985000000000000142e+01,5.144899999999999807e+01,6.000000000000000000e+01,0.000000000000000000e+00
2.151000000000000000e+03,2.339561890427284752e+01,-4.975895368950581599e+00,2.864993840716360296e+01,-2.784241339401740123e-01,0.000000000000000000e+00,4.985000000000000142e+01,5.151400000000000290e+01,6.000000000000000000e+01,0.000000000000000000e+00
2.152000000000000000e+03,2.394719417961587382e+01,-4.685834160544204430e+00,2.862189933201583614e+01,1.112900814424105933e-02,0.000000000000000000e+00,4.985000000000000142e+01,5.141700000000000159e+01,6.000000000000000000e+01,0.000000000000000000e+00
2.153000000000000000e+03,2.391866921995724127e+01,-4.685834160544204430e+00,2.859386025686806931e+01,1.064312363337382127e-02,0.000000000000000000e+00,4.985000000000000142e+01,5.141700000000000159e+01,6.000000000000000000e+01,0.000000000000000000e+00
2.154000000000000000e+03,2.407794088632837060e+01,-4.590143864987451749e+00,2.856639377291668325e+01,1.016909783991408189e-01,0.000000000000000000e+00,4.985000000000000142e+01,5.138499999999999801e+01,6.000000000000000000e+01,0.000000000000000000e+00
2.155000000000000000e+03,2.480300427950819753e+01,-4.204392361024342328e+00,2.854123554722570688e+01,4.661610933068333074e-01,0.000000000000000000e+00,4.985000000000000142e+01,5.125600000000000023e+01,6.000000000000000000e+01,0.000000000000000000e+00
2.156000000000000000e+03,2.456971838227865135e+01,-4.300082656581073692e+00,2.851550473033834976e+01,3.542963085213784447e-01,0.000000000000000000e+00,4.985000000000000142e+01,5.128799999999999670e+01,6.000000000000000000e+01,0.000000000000000000e+00
2.157000000000000000e+03,2.490407006807883405e+01,-4.108702065467589648e+00,2.849091909584375415e+01,5.218530377026706635e-01,0.000000000000000000e+00,4.985000000000000142e+01,5.122399999999999665e+01,6.000000000000000000e+01,0.000000000000000000e+00
2.158000000000000000e+03,2.505034409867736400e+01,-4.010021448174716951e+00,2.846692394602042597e+01,5.934416008316516500e-01,0.000000000000000000e+00,4.985000000000000142e+01,5.119100000000000250e+01,6.000000000000000000e+01,0.000000000000000000e+00
2.159000000000000000e+03,2.424347008204918197e+01,-4.395772952137826373e+00,2.844062053793668809e+01,1.986224962503185254e-01,0.000000000000000000e+00,4.985000000000000142e+01,5.132000000000000028e+01,6.000000000000000000e+01,0.000000000000000000e+00
2.160000000000000000e+03,2.439627037094512474e+01,-4.300082656581073692e+00,2.841488972104933097e+01,2.814633064768667925e-01,0.000000000000000000e+00,4.985000000000000142e+01,5.128799999999999670e+01,6.000000000000000000e+01,0.000000000000000000e+00
2.161000000000000000e+03,2.492744528766542089e+01,-4.010021448174716951e+00,2.839089457122600280e+01,5.465721646141321610e-01,0.000000000000000000e+00,4.985000000000000142e+01,5.119100000000000250e+01,6.000000000000000000e+01,0.000000000000000000e+00
2.162000000000000000e+03,2.392897416268889899e+01,-4.494453569430720385e+00,2.836400067847099749e+01,5.942705364862338469e-02,0.000000000000000000e+00,4.985000000000000142e+01,5.135300000000000153e+01,6.000000000000000000e+01,0.000000000000000000e+00
2.163000000000000000e+03,2.446867994703610094e+01,-4.204392361024342328e+00,2.833884245278002112e+01,3.342298552804218725e-01,0.000000000000000000e+00,4.985000000000000142e+01,5.125600000000000023e+01,6.000000000000000000e+01,0.000000000000000000e+00
2.164000000000000000e+03,2.461670489832352970e+01,-4.108702065467589648e+00,2.831425681828542551e+01,4.111501455056943977e-01,0.000000000000000000e+00,4.985000000000000142e+01,5.122399999999999665e+01,6.000000000000000000e+01,0.000000000000000000e+00
2.165000000000000000e+03,2.476781213776956392e+01,-4.010021448174716951e+00,2.829026166846209733e+01,4.875719174821818158e-01,0.000000000000000000e+00,4.985000000000000142e+01,5.119100000000000250e+01,6.000000000000000000e+01,0.000000000000000000e+00
2.166000000000000000e+03,2.472252994784634694e+01,-4.010021448174716951e+00,2.826626651863876916e+01,4.662848773822945714e-01,0.000000000000000000e+00,4.985000000000000142e+01,5.119100000000000250e+01,6.000000000000000000e+01,0.000000000000000000e+00
2.167000000000000000e+03,2.542927878546355203e+01,-3.627260265947749307e+00,2.824456173360096400e+01,8.119773178103377731e-01,0.000000000000000000e+00,4.985000000000000142e+01,5.106300000000000239e+01,6.000000000000000000e+01,0.000000000000000000e+00
2.168000000000000000e+03,2.575354246026500604e+01,-3.432889353098103058e+00,2.822402002443080704e+01,9.624117889323029473e-01,0.000000000000000000e+00,4.985000000000000142e+01,5.099799999999999756e+01,6.000000000000000000e+01,0.000000000000000000e+00
2.169000000000000000e+03,2.626017676251743183e+01,-3.142828144691746761e+00,2.820521398232467902e+01,1.197790924884500230e+00,0.000000000000000000e+00,4.985000000000000142e+01,5.090100000000000335e+01,6.000000000000000000e+01,0.000000000000000000e+00
2.170000000000000000e+03,2.637685144066847087e+01,-3.047137849134994081e+00,2.818698053141493176e+01,1.237008758388533636e+00,0.000000000000000000e+00,4.985000000000000142e+01,5.086899999999999977e+01,6.000000000000000000e+01,0.000000000000000000e+00
2.171000000000000000e+03,2.630461107488202543e+01,-3.047137849134994081e+00,2.816874708050518450e+01,1.183001843511836126e+00,0.000000000000000000e+00,4.985000000000000142e+01,5.086899999999999977e+01,6.000000000000000000e+01,0.000000000000000000e+00
2.172000000000000000e+03,2.623472861225084785e+01,-3.047137849134994081e+00,2.815051362959543724e+01,1.131352831790406910e+00,0.000000000000000000e+00,4.985000000000000142e+01,5.086899999999999977e+01,6.000000000000000000e+01,0.000000000000000000e+00
2.173000000000000000e+03,2.692407074070296957e+01,-2.661386345171885104e+00,2.813458843694609968e+01,1.450868648928755222e+00,0.000000000000000000e+00,4.985000000000000142e+01,5.074000000000000199e+01,6.000000000000000000e+01,0.000000000000000000e+00
2.174000000000000000e+03,2.703257707645426322e+01,-2.565696049615132424e+00,2.811923583549314287e+01,1.479037290576255881e+00,0.000000000000000000e+00,4.985000000000000142e+01,5.070799999999999841e+01,6.000000000000000000e+01,0.000000000000000000e+00
2.175000000000000000e+03,2.752184498768456677e+01,-2.275634841208754811e+00,2.810561890110421501e+01,1.691860927789108349e+00,0.000000000000000000e+00,4.985000000000000142e+01,5.061099999999999710e+01,6.000000000000000000e+01,0.000000000000000000e+00
2.176000000000000000e+03,2.762213803170550364e+01,-2.179944545652023447e+00,2.809257455791166791e+01,1.709508019445861393e+00,0.000000000000000000e+00,4.985000000000000142e+01,5.057900000000000063e+01,6.000000000000000000e+01,0.000000000000000000e+00
2.177000000000000000e+03,2.772223320756236120e+01,-2.084254250095270766e+00,2.808010280591550156e+01,1.726384651742129295e+00,0.000000000000000000e+00,4.985000000000000142e+01,5.054699999999999704e+01,6.000000000000000000e+01,0.000000000000000000e+00
2.178000000000000000e+03,2.763438874029736070e+01,-2.084254250095270766e+00,2.806763105391933522e+01,1.651011936473294028e+00,0.000000000000000000e+00,4.985000000000000142e+01,5.054699999999999704e+01,6.000000000000000000e+01,0.000000000000000000e+00
2.179000000000000000e+03,2.754983499170346306e+01,-2.084254250095270766e+00,2.805515930192316887e+01,1.578929939875563848e+00,0.000000000000000000e+00,4.985000000000000142e+01,5.054699999999999704e+01,6.000000000000000000e+01,0.000000000000000000e+00
2.180000000000000000e+03,2.746842829136447506e+01,-2.084254250095270766e+00,2.804268754992700252e+01,1.509994991532744413e+00,0.000000000000000000e+00,4.985000000000000142e+01,5.054699999999999704e+01,6.000000000000000000e+01,0.000000000000000000e+00
2.181000000000000000e+03,2.739003124141149925e+01,-2.084254250095270766e+00,2.803021579793083617e+01,1.444069693575933622e+00,0.000000000000000000e+00,4.985000000000000142e+01,5.054699999999999704e+01,6.000000000000000000e+01,0.000000000000000000e+00
2.182000000000000000e+03,2.750228785532859632e+01,-1.988563954538539402e+00,2.801831663713105058e+01,1.472535172736083364e+00,0.000000000000000000e+00,4.985000000000000142e+01,5.051500000000000057e+01,6.000000000000000000e+01,0.000000000000000000e+00
2.183000000000000000e+03,2.837084391033312514e+01,-1.507122155018677967e+00,2.800929832578805545e+01,1.868667739563747210e+00,0.000000000000000000e+00,4.985000000000000142e+01,5.035399999999999920e+01,6.000000000000000000e+01,0.000000000000000000e+00
2.184000000000000000e+03,2.790469008086938629e+01,-1.698502746132161789e+00,2.799913483205229880e+01,1.604057994949249499e+00,0.000000000000000000e+00,4.985000000000000142e+01,5.041799999999999926e+01,6.000000000000000000e+01,0.000000000000000000e+00
2.185000000000000000e+03,2.801226997859546231e+01,-1.602812450575430425e+00,2.798954392951292292e+01,1.625538499657971592e+00,0.000000000000000000e+00,4.985000000000000142e+01,5.038600000000000279e+01,6.000000000000000000e+01,0.000000000000000000e+00
2.186000000000000000e+03,2.811948464409396209e+01,-1.507122155018677967e+00,2.798052561816992778e+01,1.646081180942711830e+00,0.000000000000000000e+00,4.985000000000000142e+01,5.035399999999999920e+01,6.000000000000000000e+01,0.000000000000000000e+00
2.187000000000000000e+03,2.842001841636889026e+01,-1.312751242169052812e+00,2.797267038269458084e+01,1.760099275843360900e+00,0.000000000000000000e+00,4.985000000000000142e+01,5.028900000000000148e+01,6.000000000000000000e+01,0.000000000000000000e+00
2.188000000000000000e+03,2.776612428969814061e+01,-1.602812450575430425e+00,2.796307948015520495e+01,1.405857260118367869e+00,0.000000000000000000e+00,4.985000000000000142e+01,5.038600000000000279e+01,6.000000000000000000e+01,0.000000000000000000e+00
2.189000000000000000e+03,2.863989971278868651e+01,-1.121370651055568768e+00,2.795636942707261952e+01,1.804900936771633990e+00,0.000000000000000000e+00,4.985000000000000142e+01,5.022500000000000142e+01,6.000000000000000000e+01,0.000000000000000000e+00
2.190000000000000000e+03,2.799106274178401321e+01,-1.408441537725784176e+00,2.794794160040089182e+01,1.451562679108905574e+00,0.000000000000000000e+00,4.985000000000000142e+01,5.032099999999999795e+01,6.000000000000000000e+01,0.000000000000000000e+00
2.191000000000000000e+03,2.810703614265315764e+01,-1.312751242169052812e+00,2.794008636492554487e+01,1.479701019896665137e+00,0.000000000000000000e+00,4.985000000000000142e+01,5.028900000000000148e+01,6.000000000000000000e+01,0.000000000000000000e+00
2.192000000000000000e+03,2.803457822228766716e+01,-1.312751242169052812e+00,2.793223112945019793e+01,1.415098335006521824e+00,0.000000000000000000e+00,4.985000000000000142e+01,5.028900000000000148e+01,6.000000000000000000e+01,0.000000000000000000e+00
2.193000000000000000e+03,2.720797117650603525e+01,-1.698502746132161789e+00,2.792206763571444128e+01,9.844062869237573121e-01,0.000000000000000000e+00,4.985000000000000142e+01,5.041799999999999926e+01,6.000000000000000000e+01,0.000000000000000000e+00
2.194000000000000000e+03,2.753038003588469351e+01,-1.507122155018677967e+00,2.791304932437144615e+01,1.124452866531924000e+00,0.000000000000000000e+00,4.985000000000000142e+01,5.035399999999999920e+01,6.000000000000000000e+01,0.000000000000000000e+00
2.195000000000000000e+03,2.766591231345443447e+01,-1.408441537725784176e+00,2.790462149769971845e+01,1.169732353480502862e+00,0.000000000000000000e+00,4.985000000000000142e+01,5.032099999999999795e+01,6.000000000000000000e+01,0.000000000000000000e+00
2.196000000000000000e+03,2.816974104945741786e+01,-1.121370651055568768e+00,2.789791144461713301e+01,1.393200255895852280e+00,0.000000000000000000e+00,4.985000000000000142e+01,5.022500000000000142e+01,6.000000000000000000e+01,0.000000000000000000e+00
2.197000000000000000e+03,2.791442946011882142e+01,-1.217060946612300132e+00,2.789062880033816683e+01,1.240861606392953842e+00,0.000000000000000000e+00,4.985000000000000142e+01,5.025699999999999790e+01,6.000000000000000000e+01,0.000000000000000000e+00
2.198000000000000000e+03,2.804074710104416823e+01,-1.121370651055568768e+00,2.788391874725558139e+01,1.278199004844155828e+00,0.000000000000000000e+00,4.985000000000000142e+01,5.022500000000000142e+01,6.000000000000000000e+01,0.000000000000000000e+00
2.199000000000000000e+03,2.835965060344421929e+01,-9.269997382059224078e-01,2.787837177004064415e+01,1.408278571609496321e+00,0.000000000000000000e+00,4.985000000000000142e+01,5.015999999999999659e+01,6.000000000000000000e+01,0.000000000000000000e+00
2.200000000000000000e+03,2.791120038722112540e+01,-1.121370651055568768e+00,2.787166171695805872e+01,1.160909321318634335e+00,0.000000000000000000e+00,4.985000000000000142e+01,5.022500000000000142e+01,6.000000000000000000e+01,0.000000000000000000e+00
2.201000000000000000e+03,2.861077549837348855e+01,-7.356191470924384745e-01,2.786725992213588299e+01,1.479134723330044254e+00,0.000000000000000000e+00,4.985000000000000142e+01,5.009599999999999653e+01,6.000000000000000000e+01,0.000000000000000000e+00
2.202000000000000000e+03,2.873543913706918929e+01,-6.369385297995660000e-01,2.786344861198497469e+01,1.508929054883778376e+00,0.000000000000000000e+00,4.985000000000000142e+01,5.006300000000000239e+01,6.000000000000000000e+01,0.000000000000000000e+00
2.203000000000000000e+03,2.847210567268456671e+01,-7.356191470924384745e-01,2.785904681716279896e+01,1.348678002614207339e+00,0.000000000000000000e+00,4.985000000000000142e+01,5.009599999999999653e+01,6.000000000000000000e+01,0.000000000000000000e+00
2.204000000000000000e+03,2.860246495820816293e+01,-6.369385297995660000e-01,2.785523550701189066e+01,1.384167980995835823e+00,0.000000000000000000e+00,4.985000000000000142e+01,5.006300000000000239e+01,6.000000000000000000e+01,0.000000000000000000e+00
2.205000000000000000e+03,2.872599727976422201e+01,-5.412482342428134308e-01,2.785199678805736312e+01,1.415248725949674213e+00,0.000000000000000000e+00,4.985000000000000142e+01,5.003099999999999881e+01,6.000000000000000000e+01,0.000000000000000000e+00
2.206000000000000000e+03,2.922429605481260850e+01,-2.541773475725981335e-01,2.785047584269197785e+01,1.627997559693229013e+00,0.000000000000000000e+00,4.985000000000000142e+01,4.993500000000000227e+01,6.000000000000000000e+01,0.000000000000000000e+00
2.207000000000000000e+03,2.858837166604581626e+01,-5.412482342428134308e-01,2.784723712373745030e+01,1.282382776551182157e+00,0.000000000000000000e+00,4.985000000000000142e+01,5.003099999999999881e+01,6.000000000000000000e+01,0.000000000000000000e+00
2.208000000000000000e+03,2.928611466742409775e+01,-1.554967302797043427e-01,2.784630666304333246e+01,1.595304734660469848e+00,0.000000000000000000e+00,4.985000000000000142e+01,4.990200000000000102e+01,6.000000000000000000e+01,0.000000000000000000e+00
2.209000000000000000e+03,2.883411553962839946e+01,-3.498676431293294975e-01,2.784421312648156643e+01,1.339770056276162302e+00,0.000000000000000000e+00,4.985000000000000142e+01,4.996699999999999875e+01,6.000000000000000000e+01,0.000000000000000000e+00
2.210000000000000000e+03,2.877352860365213516e+01,-3.498676431293294975e-01,2.784211958991980040e+01,1.281276656861662477e+00,0.000000000000000000e+00,4.985000000000000142e+01,4.996699999999999875e+01,6.000000000000000000e+01,0.000000000000000000e+00
2.211000000000000000e+03,2.815216920954529911e+01,-6.369385297995660000e-01,2.783830827976889211e+01,9.507994595759718948e-01,0.000000000000000000e+00,4.985000000000000142e+01,5.006300000000000239e+01,6.000000000000000000e+01,0.000000000000000000e+00
2.212000000000000000e+03,2.885794832780019448e+01,-2.541773475725981335e-01,2.783678733440350683e+01,1.275338340969282891e+00,0.000000000000000000e+00,4.985000000000000142e+01,4.993500000000000227e+01,6.000000000000000000e+01,0.000000000000000000e+00
2.213000000000000000e+03,2.842519620016167536e+01,-4.455579386860820668e-01,2.783412120664536005e+01,1.036632932202396606e+00,0.000000000000000000e+00,4.985000000000000142e+01,4.999900000000000233e+01,6.000000000000000000e+01,0.000000000000000000e+00
2.214000000000000000e+03,2.837727142233481814e+01,-4.455579386860820668e-01,2.783145507888721326e+01,9.913742821336865019e-01,0.000000000000000000e+00,4.985000000000000142e+01,4.999900000000000233e+01,6.000000000000000000e+01,0.000000000000000000e+00
2.215000000000000000e+03,2.890051682432579128e+01,-1.554967302797043427e-01,2.783052461819309542e+01,1.225488936412401975e+00,0.000000000000000000e+00,4.985000000000000142e+01,4.990200000000000102e+01,6.000000000000000000e+01,0.000000000000000000e+00
2.216000000000000000e+03,2.884608239591734957e+01,-1.554967302797043427e-01,2.782959415749897758e+01,1.171984968698075447e+00,0.000000000000000000e+00,4.985000000000000142e+01,4.990200000000000102e+01,6.000000000000000000e+01,0.000000000000000000e+00
2.217000000000000000e+03,2.860034051804565181e+01,-2.541773475725981335e-01,2.782807321213359231e+01,1.026444653484657854e+00,0.000000000000000000e+00,4.985000000000000142e+01,4.993500000000000227e+01,6.000000000000000000e+01,0.000000000000000000e+00
2.218000000000000000e+03,2.836623032289001856e+01,-3.498676431293294975e-01,2.782597967557182628e+01,8.901182904475212210e-01,0.000000000000000000e+00,4.985000000000000142e+01,4.996699999999999875e+01,6.000000000000000000e+01,0.000000000000000000e+00
2.219000000000000000e+03,2.794972403507773251e+01,-5.412482342428134308e-01,2.782274095661729874e+01,6.682313127032483147e-01,0.000000000000000000e+00,4.985000000000000142e+01,5.003099999999999881e+01,6.000000000000000000e+01,0.000000000000000000e+00
2.220000000000000000e+03,2.772953540378472326e+01,-6.369385297995660000e-01,2.781892964646639044e+01,5.475442871178983761e-01,0.000000000000000000e+00,4.985000000000000142e+01,5.006300000000000239e+01,6.000000000000000000e+01,0.000000000000000000e+00
2.221000000000000000e+03,2.788959411556453460e+01,-5.412482342428134308e-01,2.781569092751186290e+01,6.151514222954851396e-01,0.000000000000000000e+00,4.985000000000000142e+01,5.003099999999999881e+01,6.000000000000000000e+01,0.000000000000000000e+00
2.222000000000000000e+03,2.710252869457615432e+01,-9.269997382059224078e-01,2.781014395029692565e+01,2.193844824851493569e-01,0.000000000000000000e+00,4.985000000000000142e+01,5.015999999999999659e+01,6.000000000000000000e+01,0.000000000000000000e+00
2.223000000000000000e+03,2.784437318054538579e+01,-5.412482342428134308e-01,2.780690523134239811e+01,5.787161834458025567e-01,0.000000000000000000e+00,4.985000000000000142e+01,5.003099999999999881e+01,6.000000000000000000e+01,0.000000000000000000e+00
2.224000000000000000e+03,2.800364354089270691e+01,-4.455579386860820668e-01,2.780423910358425132e+01,6.449623759945395385e-01,0.000000000000000000e+00,4.985000000000000142e+01,4.999900000000000233e+01,6.000000000000000000e+01,0.000000000000000000e+00
2.225000000000000000e+03,2.778504340587809551e+01,-5.412482342428134308e-01,2.780100038462972378e+01,5.252912554911881582e-01,0.000000000000000000e+00,4.985000000000000142e+01,5.003099999999999881e+01,6.000000000000000000e+01,0.000000000000000000e+00
2.226000000000000000e+03,2.832219708557044768e+01,-2.541773475725981335e-01,2.779947943926433851e+01,7.768949938787050868e-01,0.000000000000000000e+00,4.985000000000000142e+01,4.993500000000000227e+01,6.000000000000000000e+01,0.000000000000000000e+00
2.227000000000000000e+03,2.809898204950924239e+01,-3.498676431293294975e-01,2.779738590270257248e+01,6.514637899359994044e-01,0.000000000000000000e+00,4.985000000000000142e+01,4.996699999999999875e+01,6.000000000000000000e+01,0.000000000000000000e+00
2.228000000000000000e+03,2.844986487825032384e+01,-1.554967302797043427e-01,2.779645544200845464e+01,8.089061665215732111e-01,0.000000000000000000e+00,4.985000000000000142e+01,4.990200000000000102e+01,6.000000000000000000e+01,0.000000000000000000e+00
2.229000000000000000e+03,2.841361815469038987e+01,-1.554967302797043427e-01,2.779552498131433680e+01,7.735899036557569719e-01,0.000000000000000000e+00,4.985000000000000142e+01,4.990200000000000102e+01,6.000000000000000000e+01,0.000000000000000000e+00
2.230000000000000000e+03,2.837891331382887827e+01,-1.554967302797043427e-01,2.779459452062021896e+01,7.398155234883639908e-01,0.000000000000000000e+00,4.985000000000000142e+01,4.990200000000000102e+01,6.000000000000000000e+01,0.000000000000000000e+00
2.231000000000000000e+03,2.815203964386716962e+01,-2.541773475725981335e-01,2.779307357525483368e+01,6.131434161849341757e-01,0.000000000000000000e+00,4.985000000000000142e+01,4.993500000000000227e+01,6.000000000000000000e+01,0.000000000000000000e+00
2.232000000000000000e+03,2.831739269116836155e+01,-1.554967302797043427e-01,2.779214311456071584e+01,6.807463068873507162e-01,0.000000000000000000e+00,4.985000000000000142e+01,4.990200000000000102e+01,6.000000000000000000e+01,0.000000000000000000e+00
2.233000000000000000e+03,2.809309794082316714e+01,-2.541773475725981335e-01,2.779062216919533057e+01,5.566531192004319228e-01,0.000000000000000000e+00,4.985000000000000142e+01,4.993500000000000227e+01,6.000000000000000000e+01,0.000000000000000000e+00
2.234000000000000000e+03,2.844869272662133497e+01,-5.980643472295177343e-02,2.779026429969759349e+01,7.182348616466921465e-01,0.000000000000000000e+00,4.985000000000000142e+01,4.986999999999999744e+01,6.000000000000000000e+01,0.000000000000000000e+00
2.235000000000000000e+03,2.822920182571420256e+01,-1.554967302797043427e-01,2.778933383900347565e+01,5.953647169904316971e-01,0.000000000000000000e+00,4.985000000000000142e+01,4.990200000000000102e+01,6.000000000000000000e+01,0.000000000000000000e+00
2.236000000000000000e+03,2.800863477432532278e+01,-2.541773475725981335e-01,2.778781289363809037e+01,4.749992282598299864e-01,0.000000000000000000e+00,4.985000000000000142e+01,4.993500000000000227e+01,6.000000000000000000e+01,0.000000000000000000e+00
2.237000000000000000e+03,2.761082487812977249e+01,-4.455579386860820668e-01,2.778514676587994359e+01,2.712360509359122984e-01,0.000000000000000000e+00,4.985000000000000142e+01,4.999900000000000233e+01,6.000000000000000000e+01,0.000000000000000000e+00
2.238000000000000000e+03,2.759631677899102797e+01,-4.455579386860820668e-01,2.778248063812179680e+01,2.593940795553131839e-01,0.000000000000000000e+00,4.985000000000000142e+01,4.999900000000000233e+01,6.000000000000000000e+01,0.000000000000000000e+00
2.239000000000000000e+03,2.777010110448714997e+01,-3.498676431293294975e-01,2.778038710156003077e+01,3.395816460564486938e-01,0.000000000000000000e+00,4.985000000000000142e+01,4.996699999999999875e+01,6.000000000000000000e+01,0.000000000000000000e+00
2.240000000000000000e+03,2.813460048386446744e+01,-1.554967302797043427e-01,2.777945664086591293e+01,5.106405732782585138e-01,0.000000000000000000e+00,4.985000000000000142e+01,4.990200000000000102e+01,6.000000000000000000e+01,0.000000000000000000e+00
2.241000000000000000e+03,2.811137582210943364e+01,-1.554967302797043427e-01,2.777852618017179509e+01,4.883463722173433941e-01,0.000000000000000000e+00,4.985000000000000142e+01,4.990200000000000102e+01,6.000000000000000000e+01,0.000000000000000000e+00
2.242000000000000000e+03,2.751993028954985832e+01,-4.455579386860820668e-01,2.777586005241364830e+01,1.896281758222942426e-01,0.000000000000000000e+00,4.985000000000000142e+01,4.999900000000000233e+01,6.000000000000000000e+01,0.000000000000000000e+00
2.243000000000000000e+03,2.788453595700873322e+01,-2.541773475725981335e-01,2.777433910704826303e+01,3.643741975330666572e-01,0.000000000000000000e+00,4.985000000000000142e+01,4.993500000000000227e+01,6.000000000000000000e+01,0.000000000000000000e+00
2.244000000000000000e+03,2.749155587028476333e+01,-4.455579386860820668e-01,2.777167297929011625e+01,1.654408296807289569e-01,0.000000000000000000e+00,4.985000000000000142e+01,4.999900000000000233e+01,6.000000000000000000e+01,0.000000000000000000e+00
2.245000000000000000e+03,2.785721753992252303e+01,-2.541773475725981335e-01,2.777015203392473097e+01,3.412428535703884158e-01,0.000000000000000000e+00,4.985000000000000142e+01,4.993500000000000227e+01,6.000000000000000000e+01,0.000000000000000000e+00
2.246000000000000000e+03,2.708969652575873965e+01,-6.369385297995660000e-01,2.776634072377382267e+01,-3.970566821551696490e-02,0.000000000000000000e+00,4.985000000000000142e+01,5.006300000000000239e+01,6.000000000000000000e+01,0.000000000000000000e+00
2.247000000000000000e+03,2.765094497457641154e+01,-3.498676431293294975e-01,2.776424718721205664e+01,2.365654304936842256e-01,0.000000000000000000e+00,4.985000000000000142e+01,4.996699999999999875e+01,6.000000000000000000e+01,0.000000000000000000e+00
2.248000000000000000e+03,2.782629857370807258e+01,-2.541773475725981335e-01,2.776272624184667137e+01,3.177496794339985664e-01,0.000000000000000000e+00,4.985000000000000142e+01,4.993500000000000227e+01,6.000000000000000000e+01,0.000000000000000000e+00
2.249000000000000000e+03,2.743535407999269538e+01,-4.455579386860820668e-01,2.776006011408852459e+01,1.208519045902533839e-01,0.000000000000000000e+00,4.985000000000000142e+01,4.999900000000000233e+01,6.000000000000000000e+01,0.000000000000000000e+00
2.250000000000000000e+03,2.761518705744817836e+01,-3.498676431293294975e-01,2.775796657752675856e+01,2.070881230507474746e-01,0.000000000000000000e+00,4.985000000000000142e+01,4.996699999999999875e+01,6.000000000000000000e+01,0.000000000000000000e+00
2.251000000000000000e+03,2.760405220201317533e+01,-3.498676431293294975e-01,2.775587304096499253e+01,1.980468041775112209e-01,0.000000000000000000e+00,4.985000000000000142e+01,4.996699999999999875e+01,6.000000000000000000e+01,0.000000000000000000e+00
2.252000000000000000e+03,2.778108749673390676e+01,-2.541773475725981335e-01,2.775435209559960725e+01,2.809127487068971418e-01,0.000000000000000000e+00,4.985000000000000142e+01,4.993500000000000227e+01,6.000000000000000000e+01,0.000000000000000000e+00
2.253000000000000000e+03,2.682255705735730800e+01,-7.356191470924384745e-01,2.774995030077743152e+01,-1.917740963276832189e-01,0.000000000000000000e+00,4.985000000000000142e+01,5.009599999999999653e+01,6.000000000000000000e+01,0.000000000000000000e+00
2.254000000000000000e+03,2.739572220161640459e+01,-4.455579386860820668e-01,2.774728417301928474e+01,9.399596728320358530e-02,0.000000000000000000e+00,4.985000000000000142e+01,4.999900000000000233e+01,6.000000000000000000e+01,0.000000000000000000e+00
2.255000000000000000e+03,2.681975805773836186e+01,-7.356191470924384745e-01,2.774288237819710901e+01,-1.875051733663072873e-01,0.000000000000000000e+00,4.985000000000000142e+01,5.009599999999999653e+01,6.000000000000000000e+01,0.000000000000000000e+00
2.256000000000000000e+03,2.701718599856256731e+01,-6.369385297995660000e-01,2.773907106804620071e+01,-8.494653968407003819e-02,0.000000000000000000e+00,4.985000000000000142e+01,5.006300000000000239e+01,6.000000000000000000e+01,0.000000000000000000e+00
2.257000000000000000e+03,2.626011376109974904e+01,-1.022690033762674977e+00,2.773295149963488271e+01,-4.501477047724588565e-01,0.000000000000000000e+00,4.985000000000000142e+01,5.019200000000000017e+01,6.000000000000000000e+01,0.000000000000000000e+00
2.258000000000000000e+03,2.683697355649394467e+01,-7.356191470924384745e-01,2.772854970481270698e+01,-1.559570012263234440e-01,0.000000000000000000e+00,4.985000000000000142e+01,5.009599999999999653e+01,6.000000000000000000e+01,0.000000000000000000e+00
2.259000000000000000e+03,2.665160531979048031e+01,-8.313094426491911548e-01,2.772357531879415049e+01,-2.406605563544800264e-01,0.000000000000000000e+00,4.985000000000000142e+01,5.012800000000000011e+01,6.000000000000000000e+01,0.000000000000000000e+00
2.260000000000000000e+03,2.646936258833545708e+01,-9.269997382059224078e-01,2.771802834157921325e+01,-3.216660150378349292e-01,0.000000000000000000e+00,4.985000000000000142e+01,5.015999999999999659e+01,6.000000000000000000e+01,0.000000000000000000e+00
2.261000000000000000e+03,2.629008390589127941e+01,-1.022690033762674977e+00,2.771190877316789525e+01,-3.991348335139419667e-01,0.000000000000000000e+00,4.985000000000000142e+01,5.019200000000000017e+01,6.000000000000000000e+01,0.000000000000000000e+00
2.262000000000000000e+03,2.667694110326581125e+01,-8.313094426491911548e-01,2.770693438714933876e+01,-1.986838412343329419e-01,0.000000000000000000e+00,4.985000000000000142e+01,5.012800000000000011e+01,6.000000000000000000e+01,0.000000000000000000e+00
2.263000000000000000e+03,2.611144689157871923e+01,-1.121370651055568768e+00,2.770022433406675333e+01,-4.674067914324672168e-01,0.000000000000000000e+00,4.985000000000000142e+01,5.022500000000000142e+01,6.000000000000000000e+01,0.000000000000000000e+00
2.264000000000000000e+03,2.612514348366052985e+01,-1.121370651055568768e+00,2.769351428098416790e+01,-4.470001462680722182e-01,0.000000000000000000e+00,4.985000000000000142e+01,5.022500000000000142e+01,6.000000000000000000e+01,0.000000000000000000e+00
2.265000000000000000e+03,2.595017372359499319e+01,-1.217060946612300132e+00,2.768623163670520171e+01,-5.189969664979102726e-01,0.000000000000000000e+00,4.985000000000000142e+01,5.025699999999999790e+01,6.000000000000000000e+01,0.000000000000000000e+00
2.266000000000000000e+03,2.558999928918824196e+01,-1.408441537725784176e+00,2.767780381003347401e+01,-6.793629831194448743e-01,0.000000000000000000e+00,4.985000000000000142e+01,5.032099999999999795e+01,6.000000000000000000e+01,0.000000000000000000e+00
2.267000000000000000e+03,2.617455820091992891e+01,-1.121370651055568768e+00,2.767109375695088858e+01,-3.751649049753918441e-01,0.000000000000000000e+00,4.985000000000000142e+01,5.022500000000000142e+01,6.000000000000000000e+01,0.000000000000000000e+00
2.268000000000000000e+03,2.599645216575906304e+01,-1.217060946612300132e+00,2.766381111267192239e+01,-4.502980003005613296e-01,0.000000000000000000e+00,4.985000000000000142e+01,5.025699999999999790e+01,6.000000000000000000e+01,0.000000000000000000e+00
2.269000000000000000e+03,2.619660462175927407e+01,-1.121370651055568768e+00,2.765710105958933696e+01,-3.391257867744942867e-01,0.000000000000000000e+00,4.985000000000000142e+01,5.022500000000000142e+01,6.000000000000000000e+01,0.000000000000000000e+00
2.270000000000000000e+03,2.601692514455467986e+01,-1.217060946612300132e+00,2.764981841531037077e+01,-4.158323241433908302e-01,0.000000000000000000e+00,4.985000000000000142e+01,5.025699999999999790e+01,6.000000000000000000e+01,0.000000000000000000e+00
2.271000000000000000e+03,2.602779744120131156e+01,-1.217060946612300132e+00,2.764253577103140458e+01,-3.976773832177926127e-01,0.000000000000000000e+00,4.985000000000000142e+01,5.025699999999999790e+01,6.000000000000000000e+01,0.000000000000000000e+00
2.272000000000000000e+03,2.603787710615272744e+01,-1.217060946612300132e+00,2.763525312675243839e+01,-3.803150739874117670e-01,0.000000000000000000e+00,4.985000000000000142e+01,5.025699999999999790e+01,6.000000000000000000e+01,0.000000000000000000e+00
2.273000000000000000e+03,2.585942333247941960e+01,-1.312751242169052812e+00,2.762739789127709145e+01,-4.552233166286197008e-01,0.000000000000000000e+00,4.985000000000000142e+01,5.028900000000000148e+01,6.000000000000000000e+01,0.000000000000000000e+00
2.274000000000000000e+03,2.568366740773919688e+01,-1.408441537725784176e+00,2.761897006460536375e+01,-5.268611191403801408e-01,0.000000000000000000e+00,4.985000000000000142e+01,5.032099999999999795e+01,6.000000000000000000e+01,0.000000000000000000e+00
2.275000000000000000e+03,2.626156819750480764e+01,-1.121370651055568768e+00,2.761226001152277831e+01,-2.293211629624030690e-01,0.000000000000000000e+00,4.985000000000000142e+01,5.022500000000000142e+01,6.000000000000000000e+01,0.000000000000000000e+00
2.276000000000000000e+03,2.626487014186649915e+01,-1.121370651055568768e+00,2.760554995844019288e+01,-2.193091655181248212e-01,0.000000000000000000e+00,4.985000000000000142e+01,5.022500000000000142e+01,6.000000000000000000e+01,0.000000000000000000e+00
2.277000000000000000e+03,2.607995955694247669e+01,-1.217060946612300132e+00,2.759826731416122669e+01,-3.012468106064493667e-01,0.000000000000000000e+00,4.985000000000000142e+01,5.025699999999999790e+01,6.000000000000000000e+01,0.000000000000000000e+00
2.278000000000000000e+03,2.627360454494014874e+01,-1.121370651055568768e+00,2.759155726107864126e+01,-1.965820650829265825e-01,0.000000000000000000e+00,4.985000000000000142e+01,5.022500000000000142e+01,6.000000000000000000e+01,0.000000000000000000e+00
2.279000000000000000e+03,2.589992629845646732e+01,-1.312751242169052812e+00,2.758370202560329432e+01,-3.710244849777747378e-01,0.000000000000000000e+00,4.985000000000000142e+01,5.028900000000000148e+01,6.000000000000000000e+01,0.000000000000000000e+00
2.280000000000000000e+03,2.572049431313635992e+01,-1.408441537725784176e+00,2.757527419893156662e+01,-4.463383480694201877e-01,0.000000000000000000e+00,4.985000000000000142e+01,5.032099999999999795e+01,6.000000000000000000e+01,0.000000000000000000e+00
2.281000000000000000e+03,2.610710412382895740e+01,-1.217060946612300132e+00,2.756799155465260043e+01,-2.438264842113433695e-01,0.000000000000000000e+00,4.985000000000000142e+01,5.025699999999999790e+01,6.000000000000000000e+01,0.000000000000000000e+00
2.282000000000000000e+03,2.573491594359166967e+01,-1.408441537725784176e+00,2.755956372798087273e+01,-4.162062466634169344e-01,0.000000000000000000e+00,4.985000000000000142e+01,5.032099999999999795e+01,6.000000000000000000e+01,0.000000000000000000e+00
2.283000000000000000e+03,2.593243479569507670e+01,-1.312751242169052812e+00,2.755170849250552578e+01,-3.065224546413957696e-01,0.000000000000000000e+00,4.985000000000000142e+01,5.028900000000000148e+01,6.000000000000000000e+01,0.000000000000000000e+00
2.284000000000000000e+03,2.612573752332986743e+01,-1.217060946612300132e+00,2.754442584822655959e+01,-2.016273782843941431e-01,0.000000000000000000e+00,4.985000000000000142e+01,5.025699999999999790e+01,6.000000000000000000e+01,0.000000000000000000e+00
2.285000000000000000e+03,2.593948237306491578e+01,-1.312751242169052812e+00,2.753657061275121265e+01,-2.843369975172422293e-01,0.000000000000000000e+00,4.985000000000000142e+01,5.028900000000000148e+01,6.000000000000000000e+01,0.000000000000000000e+00
2.286000000000000000e+03,2.575626567423780600e+01,-1.408441537725784176e+00,2.752814278607948495e+01,-3.634355741158920572e-01,0.000000000000000000e+00,4.985000000000000142e+01,5.032099999999999795e+01,6.000000000000000000e+01,0.000000000000000000e+00
2.287000000000000000e+03,2.595148059663907247e+01,-1.312751242169052812e+00,2.752028755060413800e+01,-2.560557117960121642e-01,0.000000000000000000e+00,4.985000000000000142e+01,5.028900000000000148e+01,6.000000000000000000e+01,0.000000000000000000e+00
2.288000000000000000e+03,2.538561035020141077e+01,-1.602812450575430425e+00,2.751069664806476212e+01,-5.222738472879207006e-01,0.000000000000000000e+00,4.985000000000000142e+01,5.038600000000000279e+01,6.000000000000000000e+01,0.000000000000000000e+00
2.289000000000000000e+03,2.558659696178033727e+01,-1.507122155018677967e+00,2.750167833672176698e+01,-4.079592199227523031e-01,0.000000000000000000e+00,4.985000000000000142e+01,5.035399999999999920e+01,6.000000000000000000e+01,0.000000000000000000e+00
2.290000000000000000e+03,2.559538985728136851e+01,-1.507122155018677967e+00,2.749266002537877185e+01,-3.901480130787245981e-01,0.000000000000000000e+00,4.985000000000000142e+01,5.035399999999999920e+01,6.000000000000000000e+01,0.000000000000000000e+00
2.291000000000000000e+03,2.541562971560993844e+01,-1.602812450575430425e+00,2.748306912283939596e+01,-4.646269566540277007e-01,0.000000000000000000e+00,4.985000000000000142e+01,5.038600000000000279e+01,6.000000000000000000e+01,0.000000000000000000e+00
2.292000000000000000e+03,2.618329372493108309e+01,-1.217060946612300132e+00,2.747578647856042977e+01,-7.543180701704815805e-02,0.000000000000000000e+00,4.985000000000000142e+01,5.025699999999999790e+01,6.000000000000000000e+01,0.000000000000000000e+00
2.293000000000000000e+03,2.580375355390533088e+01,-1.408441537725784176e+00,2.746735865188870207e+01,-2.551635602575852979e-01,0.000000000000000000e+00,4.985000000000000142e+01,5.032099999999999795e+01,6.000000000000000000e+01,0.000000000000000000e+00
2.294000000000000000e+03,2.580646598520268853e+01,-1.408441537725784176e+00,2.745893082521697437e+01,-2.440233022884997216e-01,0.000000000000000000e+00,4.985000000000000142e+01,5.032099999999999795e+01,6.000000000000000000e+01,0.000000000000000000e+00
2.295000000000000000e+03,2.618424286615111996e+01,-1.217060946612300132e+00,2.745164818093800818e+01,-5.034436817459003732e-02,0.000000000000000000e+00,4.985000000000000142e+01,5.025699999999999790e+01,6.000000000000000000e+01,0.000000000000000000e+00
2.296000000000000000e+03,2.560996400123869066e+01,-1.507122155018677967e+00,2.744262986959501305e+01,-3.255437133376460901e-01,0.000000000000000000e+00,4.985000000000000142e+01,5.035399999999999920e+01,6.000000000000000000e+01,0.000000000000000000e+00
2.297000000000000000e+03,2.618435291448020763e+01,-1.217060946612300132e+00,2.743534722531604686e+01,-3.393336422354098492e-02,0.000000000000000000e+00,4.985000000000000142e+01,5.025699999999999790e+01,6.000000000000000000e+01,0.000000000000000000e+00
2.298000000000000000e+03,2.580300095121590687e+01,-1.408441537725784176e+00,2.742691939864431916e+01,-2.154769097026263125e-01,0.000000000000000000e+00,4.985000000000000142e+01,5.032099999999999795e+01,6.000000000000000000e+01,0.000000000000000000e+00
2.299000000000000000e+03,2.636730692980575697e+01,-1.121370651055568768e+00,2.742020934556173373e+01,6.846823529959150667e-02,0.000000000000000000e+00,4.985000000000000142e+01,5.022500000000000142e+01,6.000000000000000000e+01,0.000000000000000000e+00
2.300000000000000000e+03,2.635760760269377911e+01,-1.121370651055568768e+00,2.741349929247914829e+01,6.547896127019833812e-02,0.000000000000000000e+00,4.985000000000000142e+01,5.022500000000000142e+01,6.000000000000000000e+01,0.000000000000000000e+00
2.301000000000000000e+03,2.634803878514121322e+01,-1.121370651055568768e+00,2.740678923939656286e+01,6.262019680021917167e-02,0.000000000000000000e+00,4.985000000000000142e+01,5.022500000000000142e+01,6.000000000000000000e+01,0.000000000000000000e+00
2.302000000000000000e+03,2.615081936653374584e+01,-1.217060946612300132e+00,2.739950659511759667e+01,-3.162628197154970094e-02,0.000000000000000000e+00,4.985000000000000142e+01,5.025699999999999790e+01,6.000000000000000000e+01,0.000000000000000000e+00
2.303000000000000000e+03,2.652633631000165337e+01,-1.022690033762674977e+00,2.739338702670627868e+01,1.556393170580489815e-01,0.000000000000000000e+00,4.985000000000000142e+01,5.019200000000000017e+01,6.000000000000000000e+01,0.000000000000000000e+00
2.304000000000000000e+03,2.651342164067385454e+01,-1.022690033762674977e+00,2.738726745829496068e+01,1.488442161415676201e-01,0.000000000000000000e+00,4.985000000000000142e+01,5.019200000000000017e+01,6.000000000000000000e+01,0.000000000000000000e+00
2.305000000000000000e+03,2.630716024627053784e+01,-1.121370651055568768e+00,2.738055740521237524e+01,4.797349211373168332e-02,0.000000000000000000e+00,4.985000000000000142e+01,5.022500000000000142e+01,6.000000000000000000e+01,0.000000000000000000e+00
2.306000000000000000e+03,2.705532533722983146e+01,-7.356191470924384745e-01,2.737615561039019951e+01,4.147888739320729767e-01,0.000000000000000000e+00,4.985000000000000142e+01,5.009599999999999653e+01,6.000000000000000000e+01,0.000000000000000000e+00
2.307000000000000000e+03,2.684503874510901511e+01,-8.313094426491911548e-01,2.737118122437164303e+01,3.051669633865619624e-01,0.000000000000000000e+00,4.985000000000000142e+01,5.012800000000000011e+01,6.000000000000000000e+01,0.000000000000000000e+00
2.308000000000000000e+03,2.701451640107724472e+01,-7.356191470924384745e-01,2.736677942954946730e+01,3.833561186202173454e-01,0.000000000000000000e+00,4.985000000000000142e+01,5.009599999999999653e+01,6.000000000000000000e+01,0.000000000000000000e+00
2.309000000000000000e+03,2.699337755316196663e+01,-7.356191470924384745e-01,2.736237763472729156e+01,3.666190655271135967e-01,0.000000000000000000e+00,4.985000000000000142e+01,5.009599999999999653e+01,6.000000000000000000e+01,0.000000000000000000e+00
2.310000000000000000e+03,2.640964319499457957e+01,-1.022690033762674977e+00,2.735625806631597356e+01,7.607516244128087468e-02,0.000000000000000000e+00,4.985000000000000142e+01,5.019200000000000017e+01,6.000000000000000000e+01,0.000000000000000000e+00
2.311000000000000000e+03,2.677575306489380935e+01,-8.313094426491911548e-01,2.735128368029741708e+01,2.557788272455831513e-01,0.000000000000000000e+00,4.985000000000000142e+01,5.012800000000000011e+01,6.000000000000000000e+01,0.000000000000000000e+00
2.312000000000000000e+03,2.694738697145153594e+01,-7.356191470924384745e-01,2.734688188547524135e+01,3.361242330687326252e-01,0.000000000000000000e+00,4.985000000000000142e+01,5.009599999999999653e+01,6.000000000000000000e+01,0.000000000000000000e+00
2.313000000000000000e+03,2.692831023377205213e+01,-7.356191470924384745e-01,2.734248009065306562e+01,3.214492902114269857e-01,0.000000000000000000e+00,4.985000000000000142e+01,5.009599999999999653e+01,6.000000000000000000e+01,0.000000000000000000e+00
2.314000000000000000e+03,2.690987419356891763e+01,-7.356191470924384745e-01,2.733807829583088989e+01,3.074150448304653338e-01,0.000000000000000000e+00,4.985000000000000142e+01,5.009599999999999653e+01,6.000000000000000000e+01,0.000000000000000000e+00
2.315000000000000000e+03,2.803043931770490005e+01,-1.554967302797043427e-01,2.733714783513677204e+01,8.487882128478332344e-01,0.000000000000000000e+00,4.985000000000000142e+01,4.990200000000000102e+01,6.000000000000000000e+01,0.000000000000000000e+00
2.316000000000000000e+03,2.704770632766777183e+01,-6.369385297995660000e-01,2.733333652498586375e+01,3.513083324814715858e-01,0.000000000000000000e+00,4.985000000000000142e+01,5.006300000000000239e+01,6.000000000000000000e+01,0.000000000000000000e+00
2.317000000000000000e+03,2.664713834080645327e+01,-8.313094426491911548e-01,2.732836213896730726e+01,1.500856444883405250e-01,0.000000000000000000e+00,4.985000000000000142e+01,5.012800000000000011e+01,6.000000000000000000e+01,0.000000000000000000e+00
2.318000000000000000e+03,2.796177517514677291e+01,-1.554967302797043427e-01,2.732743167827318942e+01,7.898402271532878327e-01,0.000000000000000000e+00,4.985000000000000142e+01,4.990200000000000102e+01,6.000000000000000000e+01,0.000000000000000000e+00
2.319000000000000000e+03,2.773271746251419145e+01,-2.541773475725981335e-01,2.732591073290780415e+01,6.609840771789854408e-01,0.000000000000000000e+00,4.985000000000000142e+01,4.993500000000000227e+01,6.000000000000000000e+01,0.000000000000000000e+00
2.320000000000000000e+03,2.695123677593184652e+01,-6.369385297995660000e-01,2.732209942275689585e+01,2.660758829745142884e-01,0.000000000000000000e+00,4.985000000000000142e+01,5.006300000000000239e+01,6.000000000000000000e+01,0.000000000000000000e+00
2.321000000000000000e+03,2.749913502161312451e+01,-3.498676431293294975e-01,2.732000588619512982e+01,5.289967785473221884e-01,0.000000000000000000e+00,4.985000000000000142e+01,4.996699999999999875e+01,6.000000000000000000e+01,0.000000000000000000e+00
2.322000000000000000e+03,2.709839503991716825e+01,-5.412482342428134308e-01,2.731676716724060228e+01,3.228761069193820665e-01,0.000000000000000000e+00,4.985000000000000142e+01,5.003099999999999881e+01,6.000000000000000000e+01,0.000000000000000000e+00
2.323000000000000000e+03,2.764438601976971555e+01,-2.541773475725981335e-01,2.731524622187521700e+01,5.833171454670956768e-01,0.000000000000000000e+00,4.985000000000000142e+01,4.993500000000000227e+01,6.000000000000000000e+01,0.000000000000000000e+00
2.324000000000000000e+03,2.781104126065104509e+01,-1.554967302797043427e-01,2.731431576118109916e+01,6.522222297496499399e-01,0.000000000000000000e+00,4.985000000000000142e+01,4.990200000000000102e+01,6.000000000000000000e+01,0.000000000000000000e+00
2.325000000000000000e+03,2.721244102572734036e+01,-4.455579386860820668e-01,2.731164963342295238e+01,3.463493309904698836e-01,0.000000000000000000e+00,4.985000000000000142e+01,4.999900000000000233e+01,6.000000000000000000e+01,0.000000000000000000e+00
2.326000000000000000e+03,2.776384775430028640e+01,-1.554967302797043427e-01,2.731071917272883454e+01,6.086253118511560922e-01,0.000000000000000000e+00,4.985000000000000142e+01,4.990200000000000102e+01,6.000000000000000000e+01,0.000000000000000000e+00
2.327000000000000000e+03,2.716715092953262456e+01,-4.455579386860820668e-01,2.730805304497068775e+01,3.046558232480185979e-01,0.000000000000000000e+00,4.985000000000000142e+01,4.999900000000000233e+01,6.000000000000000000e+01,0.000000000000000000e+00
2.328000000000000000e+03,2.715118374711235916e+01,-4.455579386860820668e-01,2.730538691721254096e+01,2.913547685858994818e-01,0.000000000000000000e+00,4.985000000000000142e+01,4.999900000000000233e+01,6.000000000000000000e+01,0.000000000000000000e+00
2.329000000000000000e+03,2.770499149882303414e+01,-1.554967302797043427e-01,2.730445645651842312e+01,5.560317725843151315e-01,0.000000000000000000e+00,4.985000000000000142e+01,4.990200000000000102e+01,6.000000000000000000e+01,0.000000000000000000e+00
2.330000000000000000e+03,2.748614169556678632e+01,-2.541773475725981335e-01,2.730293551115303785e+01,4.373835319863444981e-01,0.000000000000000000e+00,4.985000000000000142e+01,4.993500000000000227e+01,6.000000000000000000e+01,0.000000000000000000e+00
2.331000000000000000e+03,2.765916829330994631e+01,-1.554967302797043427e-01,2.730200505045892001e+01,5.126599731307297514e-01,0.000000000000000000e+00,4.985000000000000142e+01,4.990200000000000102e+01,6.000000000000000000e+01,0.000000000000000000e+00
2.332000000000000000e+03,2.706666124637872883e+01,-4.455579386860820668e-01,2.729933892270077322e+01,2.128802623640396186e-01,0.000000000000000000e+00,4.985000000000000142e+01,4.999900000000000233e+01,6.000000000000000000e+01,0.000000000000000000e+00
2.333000000000000000e+03,2.762389513872808422e+01,-1.554967302797043427e-01,2.729840846200665538e+01,4.809834070011327345e-01,0.000000000000000000e+00,4.985000000000000142e+01,4.990200000000000102e+01,6.000000000000000000e+01,0.000000000000000000e+00
2.334000000000000000e+03,2.722054648060778703e+01,-3.498676431293294975e-01,2.729631492544488935e+01,2.740991982922258430e-01,0.000000000000000000e+00,4.985000000000000142e+01,4.996699999999999875e+01,6.000000000000000000e+01,0.000000000000000000e+00
2.335000000000000000e+03,2.701871055704543068e+01,-4.455579386860820668e-01,2.729364879768674257e+01,1.706196980447710621e-01,0.000000000000000000e+00,4.985000000000000142e+01,4.999900000000000233e+01,6.000000000000000000e+01,0.000000000000000000e+00
2.336000000000000000e+03,2.719637070834550130e+01,-3.498676431293294975e-01,2.729155526112497654e+01,2.546830903498540910e-01,0.000000000000000000e+00,4.985000000000000142e+01,4.996699999999999875e+01,6.000000000000000000e+01,0.000000000000000000e+00
2.337000000000000000e+03,2.718315789078609868e+01,-3.498676431293294975e-01,2.728946172456321051e+01,2.435638093522181358e-01,0.000000000000000000e+00,4.985000000000000142e+01,4.996699999999999875e+01,6.000000000000000000e+01,0.000000000000000000e+00
2.338000000000000000e+03,2.660710429507547659e+01,-6.369385297995660000e-01,2.728565041441230221e+01,-4.160758953726159670e-02,0.000000000000000000e+00,4.985000000000000142e+01,5.006300000000000239e+01,6.000000000000000000e+01,0.000000000000000000e+00
2.339000000000000000e+03,2.660510954243163795e+01,-6.369385297995660000e-01,2.728183910426139391e+01,-3.979103203019043744e-02,0.000000000000000000e+00,4.985000000000000142e+01,5.006300000000000239e+01,6.000000000000000000e+01,0.000000000000000000e+00
2.340000000000000000e+03,2.640939208588414644e+01,-7.356191470924384745e-01,2.727743730943921818e+01,-1.324260764626340736e-01,0.000000000000000000e+00,4.985000000000000142e+01,5.009599999999999653e+01,6.000000000000000000e+01,0.000000000000000000e+00
2.341000000000000000e+03,2.660441531285503913e+01,-6.369385297995660000e-01,2.727362599928830988e+01,-3.227215663370627818e-02,0.000000000000000000e+00,4.985000000000000142e+01,5.006300000000000239e+01,6.000000000000000000e+01,0.000000000000000000e+00
2.342000000000000000e+03,2.660201298190850849e+01,-6.369385297995660000e-01,2.726981468913740159e+01,-3.086317742932736391e-02,0.000000000000000000e+00,4.985000000000000142e+01,5.006300000000000239e+01,6.000000000000000000e+01,0.000000000000000000e+00
2.343000000000000000e+03,2.621813032897396312e+01,-8.313094426491911548e-01,2.726484030311884510e+01,-2.154005314956886907e-01,0.000000000000000000e+00,4.985000000000000142e+01,5.012800000000000011e+01,6.000000000000000000e+01,0.000000000000000000e+00
2.344000000000000000e+03,2.546559054332939454e+01,-1.217060946612300132e+00,2.725755765883987891e+01,-5.749061688981833562e-01,0.000000000000000000e+00,4.985000000000000142e+01,5.025699999999999790e+01,6.000000000000000000e+01,0.000000000000000000e+00
2.345000000000000000e+03,2.567118330256817416e+01,-1.121370651055568768e+00,2.725084760575729348e+01,-4.582936521335524427e-01,0.000000000000000000e+00,4.985000000000000142e+01,5.022500000000000142e+01,6.000000000000000000e+01,0.000000000000000000e+00
2.346000000000000000e+03,2.568448202152658055e+01,-1.121370651055568768e+00,2.724413755267470805e+01,-4.382848800925597255e-01,0.000000000000000000e+00,4.985000000000000142e+01,5.022500000000000142e+01,6.000000000000000000e+01,0.000000000000000000e+00
2.347000000000000000e+03,2.569690717185333639e+01,-1.121370651055568768e+00,2.723742749959212262e+01,-4.191496766832175092e-01,0.000000000000000000e+00,4.985000000000000142e+01,5.022500000000000142e+01,6.000000000000000000e+01,0.000000000000000000e+00
2.348000000000000000e+03,2.590214028723440265e+01,-1.022690033762674977e+00,2.723130793118080462e+01,-3.064776101837269340e-01,0.000000000000000000e+00,4.985000000000000142e+01,5.019200000000000017e+01,6.000000000000000000e+01,0.000000000000000000e+00
2.349000000000000000e+03,2.552798250442889483e+01,-1.217060946612300132e+00,2.722402528690183843e+01,-4.789818358606441340e-01,0.000000000000000000e+00,4.985000000000000142e+01,5.025699999999999790e+01,6.000000000000000000e+01,0.000000000000000000e+00
2.350000000000000000e+03,2.516606103812810957e+01,-1.408441537725784176e+00,2.721559746023011073e+01,-6.410948843762148686e-01,0.000000000000000000e+00,4.985000000000000142e+01,5.032099999999999795e+01,6.000000000000000000e+01,0.000000000000000000e+00
2.351000000000000000e+03,2.556117377946422309e+01,-1.217060946612300132e+00,2.720831481595114454e+01,-4.300800898746204304e-01,0.000000000000000000e+00,4.985000000000000142e+01,5.025699999999999790e+01,6.000000000000000000e+01,0.000000000000000000e+00
2.352000000000000000e+03,2.557266812334036032e+01,-1.217060946612300132e+00,2.720103217167217835e+01,-4.113031017195166728e-01,0.000000000000000000e+00,4.985000000000000142e+01,5.025699999999999790e+01,6.000000000000000000e+01,0.000000000000000000e+00
2.353000000000000000e+03,2.558334267738554146e+01,-1.217060946612300132e+00,2.719374952739321216e+01,-3.933459033953713990e-01,0.000000000000000000e+00,4.985000000000000142e+01,5.025699999999999790e+01,6.000000000000000000e+01,0.000000000000000000e+00
2.354000000000000000e+03,2.540545782037497702e+01,-1.312751242169052812e+00,2.718589429191786522e+01,-4.676852293738345545e-01,0.000000000000000000e+00,4.985000000000000142e+01,5.028900000000000148e+01,6.000000000000000000e+01,0.000000000000000000e+00
2.355000000000000000e+03,2.541802138646477616e+01,-1.312751242169052812e+00,2.717803905644251827e+01,-4.472664278086898593e-01,0.000000000000000000e+00,4.985000000000000142e+01,5.028900000000000148e+01,6.000000000000000000e+01,0.000000000000000000e+00
2.356000000000000000e+03,2.542969348232808002e+01,-1.312751242169052812e+00,2.717018382096717133e+01,-4.277390964700369391e-01,0.000000000000000000e+00,4.985000000000000142e+01,5.028900000000000148e+01,6.000000000000000000e+01,0.000000000000000000e+00
2.357000000000000000e+03,2.581606385423660299e+01,-1.121370651055568768e+00,2.716347376788458590e+01,-2.260392625924161625e-01,0.000000000000000000e+00,4.985000000000000142e+01,5.022500000000000142e+01,6.000000000000000000e+01,0.000000000000000000e+00
2.358000000000000000e+03,2.581922251318280104e+01,-1.121370651055568768e+00,2.715676371480200046e+01,-2.161705505636321301e-01,0.000000000000000000e+00,4.985000000000000142e+01,5.022500000000000142e+01,6.000000000000000000e+01,0.000000000000000000e+00
2.359000000000000000e+03,2.601559370554856798e+01,-1.022690033762674977e+00,2.715064414639068247e+01,-1.123604070794381876e-01,0.000000000000000000e+00,4.985000000000000142e+01,5.019200000000000017e+01,6.000000000000000000e+01,0.000000000000000000e+00
2.360000000000000000e+03,2.582073631758905208e+01,-1.121370651055568768e+00,2.714393409330809703e+01,-2.018271246634766591e-01,0.000000000000000000e+00,4.985000000000000142e+01,5.022500000000000142e+01,6.000000000000000000e+01,0.000000000000000000e+00
2.361000000000000000e+03,2.620425669893160503e+01,-9.269997382059224078e-01,2.713838711609315979e+01,-7.130678955633906746e-03,0.000000000000000000e+00,4.985000000000000142e+01,5.015999999999999659e+01,6.000000000000000000e+01,0.000000000000000000e+00
2.362000000000000000e+03,2.676821526167126919e+01,-6.369385297995660000e-01,2.713457580594225149e+01,2.705779855285842528e-01,0.000000000000000000e+00,4.985000000000000142e+01,5.006300000000000239e+01,6.000000000000000000e+01,0.000000000000000000e+00
2.363000000000000000e+03,2.637117190383645493e+01,-8.313094426491911548e-01,2.712960141992369500e+01,7.287992656195310670e-02,0.000000000000000000e+00,4.985000000000000142e+01,5.012800000000000011e+01,6.000000000000000000e+01,0.000000000000000000e+00
2.364000000000000000e+03,2.579382141288576591e+01,-1.121370651055568768e+00,2.712289136684110957e+01,-2.076993028997776713e-01,0.000000000000000000e+00,4.985000000000000142e+01,5.022500000000000142e+01,6.000000000000000000e+01,0.000000000000000000e+00
2.365000000000000000e+03,2.598982275665638042e+01,-1.022690033762674977e+00,2.711677179842979157e+01,-1.042590080107361344e-01,0.000000000000000000e+00,4.985000000000000142e+01,5.019200000000000017e+01,6.000000000000000000e+01,0.000000000000000000e+00
2.366000000000000000e+03,2.560683625476543313e+01,-1.217060946612300132e+00,2.710948915415082539e+01,-2.855919527730934604e-01,0.000000000000000000e+00,4.985000000000000142e+01,5.025699999999999790e+01,6.000000000000000000e+01,0.000000000000000000e+00
2.367000000000000000e+03,2.561202235024137153e+01,-1.217060946612300132e+00,2.710220650987185920e+01,-2.731232130181872608e-01,0.000000000000000000e+00,4.985000000000000142e+01,5.025699999999999790e+01,6.000000000000000000e+01,0.000000000000000000e+00
2.368000000000000000e+03,2.580443948214612604e+01,-1.121370651055568768e+00,2.709549645678927376e+01,-1.696863235875788467e-01,0.000000000000000000e+00,4.985000000000000142e+01,5.022500000000000142e+01,6.000000000000000000e+01,0.000000000000000000e+00
2.369000000000000000e+03,2.580513781220681935e+01,-1.121370651055568768e+00,2.708878640370668833e+01,-1.622779404442998286e-01,0.000000000000000000e+00,4.985000000000000142e+01,5.022500000000000142e+01,6.000000000000000000e+01,0.000000000000000000e+00
2.370000000000000000e+03,2.599915609188101584e+01,-1.022690033762674977e+00,2.708266683529537033e+01,-6.082070965167767074e-02,0.000000000000000000e+00,4.985000000000000142e+01,5.019200000000000017e+01,6.000000000000000000e+01,0.000000000000000000e+00
2.371000000000000000e+03,2.580204851770990260e+01,-1.121370651055568768e+00,2.707595678221278490e+01,-1.525376134473141188e-01,0.000000000000000000e+00,4.985000000000000142e+01,5.022500000000000142e+01,6.000000000000000000e+01,0.000000000000000000e+00
2.372000000000000000e+03,2.580199814738952924e+01,-1.121370651055568768e+00,2.706924672913019947e+01,-1.458779306851034907e-01,0.000000000000000000e+00,4.985000000000000142e+01,5.022500000000000142e+01,6.000000000000000000e+01,0.000000000000000000e+00
2.373000000000000000e+03,2.561388160743727838e+01,-1.217060946612300132e+00,2.706196408485123328e+01,-2.310215308016559943e-01,0.000000000000000000e+00,4.985000000000000142e+01,5.025699999999999790e+01,6.000000000000000000e+01,0.000000000000000000e+00
2.374000000000000000e+03,2.561668519744249295e+01,-1.217060946612300132e+00,2.705468144057226709e+01,-2.209352965174759542e-01,0.000000000000000000e+00,4.985000000000000142e+01,5.025699999999999790e+01,6.000000000000000000e+01,0.000000000000000000e+00
2.375000000000000000e+03,2.561904842969541107e+01,-1.217060946612300132e+00,2.704739879629330090e+01,-2.112894199855900601e-01,0.000000000000000000e+00,4.985000000000000142e+01,5.025699999999999790e+01,6.000000000000000000e+01,0.000000000000000000e+00
2.376000000000000000e+03,2.562099052989955794e+01,-1.217060946612300132e+00,2.704011615201433472e+01,-2.020646755024758656e-01,0.000000000000000000e+00,4.985000000000000142e+01,5.025699999999999790e+01,6.000000000000000000e+01,0.000000000000000000e+00
2.377000000000000000e+03,2.562252988437803580e+01,-1.217060946612300132e+00,2.703283350773536853e+01,-1.932426767450328708e-01,0.000000000000000000e+00,4.985000000000000142e+01,5.025699999999999790e+01,6.000000000000000000e+01,0.000000000000000000e+00
2.378000000000000000e+03,2.543590866405963524e+01,-1.312751242169052812e+00,2.702497827226002158e+01,-2.763183660313320855e-01,0.000000000000000000e+00,4.985000000000000142e+01,5.028900000000000148e+01,6.000000000000000000e+01,0.000000000000000000e+00
2.379000000000000000e+03,2.544011729019555546e+01,-1.312751242169052812e+00,2.701712303678467464e+01,-2.642545044200668158e-01,0.000000000000000000e+00,4.985000000000000142e+01,5.028900000000000148e+01,6.000000000000000000e+01,0.000000000000000000e+00
2.380000000000000000e+03,2.581935004211018381e+01,-1.121370651055568768e+00,2.701041298370208921e+01,-6.969229053633871351e-02,0.000000000000000000e+00,4.985000000000000142e+01,5.022500000000000142e+01,6.000000000000000000e+01,0.000000000000000000e+00
2.381000000000000000e+03,2.581568270443040802e+01,-1.121370651055568768e+00,2.700370293061950377e+01,-6.664957513352996743e-02,0.000000000000000000e+00,4.985000000000000142e+01,5.022500000000000142e+01,6.000000000000000000e+01,0.000000000000000000e+00
2.382000000000000000e+03,2.581188252397919314e+01,-1.121370651055568768e+00,2.699699287753691834e+01,-6.373970250215606204e-02,0.000000000000000000e+00,4.985000000000000142e+01,5.022500000000000142e+01,6.000000000000000000e+01,0.000000000000000000e+00
2.383000000000000000e+03,2.580795530057663711e+01,-1.121370651055568768e+00,2.699028282445433291e+01,-6.095687282212662594e-02,0.000000000000000000e+00,4.985000000000000142e+01,5.022500000000000142e+01,6.000000000000000000e+01,0.000000000000000000e+00
2.384000000000000000e+03,2.618532538779373553e+01,-9.269997382059224078e-01,2.698473584723939567e+01,1.275892787602600220e-01,0.000000000000000000e+00,4.985000000000000142e+01,5.015999999999999659e+01,6.000000000000000000e+01,0.000000000000000000e+00
2.385000000000000000e+03,2.598643254154875493e+01,-1.022690033762674977e+00,2.697861627882807767e+01,3.050629648335091704e-02,0.000000000000000000e+00,4.985000000000000142e+01,5.019200000000000017e+01,6.000000000000000000e+01,0.000000000000000000e+00
2.386000000000000000e+03,2.597898109012027135e+01,-1.022690033762674977e+00,2.697249671041675967e+01,2.917441346618787276e-02,0.000000000000000000e+00,4.985000000000000142e+01,5.019200000000000017e+01,6.000000000000000000e+01,0.000000000000000000e+00
2.387000000000000000e+03,2.653491402573058267e+01,-7.356191470924384745e-01,2.696809491559458394e+01,3.024382572284395332e-01,0.000000000000000000e+00,4.985000000000000142e+01,5.009599999999999653e+01,6.000000000000000000e+01,0.000000000000000000e+00
2.388000000000000000e+03,2.576033836129956356e+01,-1.121370651055568768e+00,2.696138486251199851e+01,-7.967585015686595717e-02,0.000000000000000000e+00,4.985000000000000142e+01,5.022500000000000142e+01,6.000000000000000000e+01,0.000000000000000000e+00
2.389000000000000000e+03,2.595075029297619196e+01,-1.022690033762674977e+00,2.695526529410068051e+01,1.817503263818644188e-02,0.000000000000000000e+00,4.985000000000000142e+01,5.019200000000000017e+01,6.000000000000000000e+01,0.000000000000000000e+00
2.390000000000000000e+03,2.650716345366174664e+01,-7.356191470924384745e-01,2.695086349927850478e+01,2.919191014756817859e-01,0.000000000000000000e+00,4.985000000000000142e+01,5.009599999999999653e+01,6.000000000000000000e+01,0.000000000000000000e+00
2.391000000000000000e+03,2.630224126765121184e+01,-8.313094426491911548e-01,2.694588911325994829e+01,1.876615970404525990e-01,0.000000000000000000e+00,4.985000000000000142e+01,5.012800000000000011e+01,6.000000000000000000e+01,0.000000000000000000e+00
2.392000000000000000e+03,2.628907371094710754e+01,-8.313094426491911548e-01,2.694091472724139180e+01,1.794684263549096159e-01,0.000000000000000000e+00,4.985000000000000142e+01,5.012800000000000011e+01,6.000000000000000000e+01,0.000000000000000000e+00
2.393000000000000000e+03,2.646403927485743068e+01,-7.356191470924384745e-01,2.693651293241921607e+01,2.631454895306538644e-01,0.000000000000000000e+00,4.985000000000000142e+01,5.009599999999999653e+01,6.000000000000000000e+01,0.000000000000000000e+00
2.394000000000000000e+03,2.588482249877904096e+01,-1.022690033762674977e+00,2.693039336400789807e+01,-2.288083146618197228e-02,0.000000000000000000e+00,4.985000000000000142e+01,5.019200000000000017e+01,6.000000000000000000e+01,0.000000000000000000e+00
2.395000000000000000e+03,2.587970189105326568e+01,-1.022690033762674977e+00,2.692427379559658007e+01,-2.188187078063925581e-02,0.000000000000000000e+00,4.985000000000000142e+01,5.019200000000000017e+01,6.000000000000000000e+01,0.000000000000000000e+00
2.396000000000000000e+03,2.643786390740253012e+01,-7.356191470924384745e-01,2.691987200077440434e+01,2.536110537205644166e-01,0.000000000000000000e+00,4.985000000000000142e+01,5.009599999999999653e+01,6.000000000000000000e+01,0.000000000000000000e+00
2.397000000000000000e+03,2.680380844289964770e+01,-5.412482342428134308e-01,2.691663328181987680e+01,4.284233953225859426e-01,0.000000000000000000e+00,4.985000000000000142e+01,5.003099999999999881e+01,6.000000000000000000e+01,0.000000000000000000e+00
2.398000000000000000e+03,2.678186506588553328e+01,-5.412482342428134308e-01,2.691339456286534926e+01,4.097187372629982338e-01,0.000000000000000000e+00,4.985000000000000142e+01,5.003099999999999881e+01,6.000000000000000000e+01,0.000000000000000000e+00
2.399000000000000000e+03,2.619154410119482534e+01,-8.313094426491911548e-01,2.690842017684679277e+01,1.144333669972218415e-01,0.000000000000000000e+00,4.985000000000000142e+01,5.012800000000000011e+01,6.000000000000000000e+01,0.000000000000000000e+00
2.400000000000000000e+03,2.580602281115426067e+01,-1.022690033762674977e+00,2.690230060843547477e+01,-7.358776351853857367e-02,0.000000000000000000e+00,4.985000000000000142e+01,5.019200000000000017e+01,6.000000000000000000e+01,0.000000000000000000e+00
2.401000000000000000e+03,2.656008566398934434e+01,-6.369385297995660000e-01,2.689848929828456647e+01,2.985348955043423125e-01,0.000000000000000000e+00,4.985000000000000142e+01,5.006300000000000239e+01,6.000000000000000000e+01,0.000000000000000000e+00
2.402000000000000000e+03,2.673101594715065943e+01,-5.412482342428134308e-01,2.689525057933003893e+01,3.770136020634370921e-01,0.000000000000000000e+00,4.985000000000000142e+01,5.003099999999999881e+01,6.000000000000000000e+01,0.000000000000000000e+00
2.403000000000000000e+03,2.689909249748593467e+01,-4.455579386860820668e-01,2.689258445157189215e+01,4.520659846001240378e-01,0.000000000000000000e+00,4.985000000000000142e+01,4.999900000000000233e+01,6.000000000000000000e+01,0.000000000000000000e+00
2.404000000000000000e+03,2.650113866786193384e+01,-6.369385297995660000e-01,2.688877314142098385e+01,2.493040562405141880e-01,0.000000000000000000e+00,4.985000000000000142e+01,5.006300000000000239e+01,6.000000000000000000e+01,0.000000000000000000e+00
2.405000000000000000e+03,2.667421833414394428e+01,-5.412482342428134308e-01,2.688553442246645631e+01,3.299321459203021778e-01,0.000000000000000000e+00,4.985000000000000142e+01,5.003099999999999881e+01,6.000000000000000000e+01,0.000000000000000000e+00
2.406000000000000000e+03,2.741354464670245150e+01,-1.554967302797043427e-01,2.688460396177233847e+01,6.844374152098184894e-01,0.000000000000000000e+00,4.985000000000000142e+01,4.990200000000000102e+01,6.000000000000000000e+01,0.000000000000000000e+00
2.407000000000000000e+03,2.738273213952241036e+01,-1.554967302797043427e-01,2.688367350107822062e+01,6.545553687238926388e-01,0.000000000000000000e+00,4.985000000000000142e+01,4.990200000000000102e+01,6.000000000000000000e+01,0.000000000000000000e+00
2.408000000000000000e+03,2.735322426105252092e+01,-1.554967302797043427e-01,2.688274304038410278e+01,6.259779509481218085e-01,0.000000000000000000e+00,4.985000000000000142e+01,4.990200000000000102e+01,6.000000000000000000e+01,0.000000000000000000e+00
2.409000000000000000e+03,2.675576983251185226e+01,-4.455579386860820668e-01,2.688007691262595600e+01,3.212508585719789367e-01,0.000000000000000000e+00,4.985000000000000142e+01,4.999900000000000233e+01,6.000000000000000000e+01,0.000000000000000000e+00
2.410000000000000000e+03,2.616988390312831569e+01,-7.356191470924384745e-01,2.687567511780378027e+01,2.982793241697601072e-02,0.000000000000000000e+00,4.985000000000000142e+01,5.009599999999999653e+01,6.000000000000000000e+01,0.000000000000000000e+00
2.411000000000000000e+03,2.616417984217741122e+01,-7.356191470924384745e-01,2.687127332298160454e+01,2.852566628824619588e-02,0.000000000000000000e+00,4.985000000000000142e+01,5.009599999999999653e+01,6.000000000000000000e+01,0.000000000000000000e+00
2.412000000000000000e+03,2.635217603153757082e+01,-6.369385297995660000e-01,2.686746201283069624e+01,1.216525485064405276e-01,0.000000000000000000e+00,4.985000000000000142e+01,5.006300000000000239e+01,6.000000000000000000e+01,0.000000000000000000e+00
2.413000000000000000e+03,2.596163465143386517e+01,-8.313094426491911548e-01,2.686248762681213975e+01,-6.954353272908092576e-02,0.000000000000000000e+00,4.985000000000000142e+01,5.012800000000000011e+01,6.000000000000000000e+01,0.000000000000000000e+00
2.414000000000000000e+03,2.614747189881961376e+01,-7.356191470924384745e-01,2.685808583198996402e+01,2.500521392208844562e-02,0.000000000000000000e+00,4.985000000000000142e+01,5.009599999999999653e+01,6.000000000000000000e+01,0.000000000000000000e+00
2.415000000000000000e+03,2.614197839429804660e+01,-7.356191470924384745e-01,2.685368403716778829e+01,2.391350422269787959e-02,0.000000000000000000e+00,4.985000000000000142e+01,5.009599999999999653e+01,6.000000000000000000e+01,0.000000000000000000e+00
2.416000000000000000e+03,2.594875714037805992e+01,-8.313094426491911548e-01,2.684870965114923180e+01,-6.864306812198087138e-02,0.000000000000000000e+00,4.985000000000000142e+01,5.012800000000000011e+01,6.000000000000000000e+01,0.000000000000000000e+00
2.417000000000000000e+03,2.594677966146448256e+01,-8.313094426491911548e-01,2.684373526513067532e+01,-6.564616101699918826e-02,0.000000000000000000e+00,4.985000000000000142e+01,5.012800000000000011e+01,6.000000000000000000e+01,0.000000000000000000e+00
2.418000000000000000e+03,2.575689592707630382e+01,-9.269997382059224078e-01,2.683818828791573807e+01,-1.542926226335114004e-01,0.000000000000000000e+00,4.985000000000000142e+01,5.015999999999999659e+01,6.000000000000000000e+01,0.000000000000000000e+00
2.419000000000000000e+03,2.594586066772606969e+01,-8.313094426491911548e-01,2.683321390189718159e+01,-5.604379152191864277e-02,0.000000000000000000e+00,4.985000000000000142e+01,5.012800000000000011e+01,6.000000000000000000e+01,0.000000000000000000e+00
2.420000000000000000e+03,2.575555770077513174e+01,-9.269997382059224078e-01,2.682766692468224434e+01,-1.451094857011905326e-01,0.000000000000000000e+00,4.985000000000000142e+01,5.015999999999999659e+01,6.000000000000000000e+01,0.000000000000000000e+00
2.421000000000000000e+03,2.594412151225504104e+01,-8.313094426491911548e-01,2.682269253866368786e+01,-4.726158375945345436e-02,0.000000000000000000e+00,4.985000000000000142e+01,5.012800000000000011e+01,6.000000000000000000e+01,0.000000000000000000e+00
2.422000000000000000e+03,2.594121053307473801e+01,-8.313094426491911548e-01,2.681771815264513137e+01,-4.519817692120291219e-02,0.000000000000000000e+00,4.985000000000000142e+01,5.012800000000000011e+01,6.000000000000000000e+01,0.000000000000000000e+00
2.423000000000000000e+03,2.536901524740482472e+01,-1.121370651055568768e+00,2.681100809956254594e+01,-3.206222011021528928e-01,0.000000000000000000e+00,4.985000000000000142e+01,5.022500000000000142e+01,6.000000000000000000e+01,0.000000000000000000e+00
2.424000000000000000e+03,2.556994672389236101e+01,-1.022690033762674977e+00,2.680488853115122794e+01,-2.122517734961931746e-01,0.000000000000000000e+00,4.985000000000000142e+01,5.019200000000000017e+01,6.000000000000000000e+01,0.000000000000000000e+00
2.425000000000000000e+03,2.537945052132171142e+01,-1.121370651055568768e+00,2.679817847806864251e+01,-2.973573056913629276e-01,0.000000000000000000e+00,4.985000000000000142e+01,5.022500000000000142e+01,6.000000000000000000e+01,0.000000000000000000e+00
2.426000000000000000e+03,2.501017204953995687e+01,-1.312751242169052812e+00,2.679032324259329556e+01,-4.673999508842852091e-01,0.000000000000000000e+00,4.985000000000000142e+01,5.028900000000000148e+01,6.000000000000000000e+01,0.000000000000000000e+00
2.427000000000000000e+03,2.539827398589680030e+01,-1.121370651055568768e+00,2.678361318951071013e+01,-2.639685525583432835e-01,0.000000000000000000e+00,4.985000000000000142e+01,5.022500000000000142e+01,6.000000000000000000e+01,0.000000000000000000e+00
2.428000000000000000e+03,2.502753778510862759e+01,-1.312751242169052812e+00,2.677575795403536318e+01,-4.354689267576820066e-01,0.000000000000000000e+00,4.985000000000000142e+01,5.028900000000000148e+01,6.000000000000000000e+01,0.000000000000000000e+00
2.429000000000000000e+03,2.541424563586160090e+01,-1.121370651055568768e+00,2.676904790095277775e+01,-2.334316140356106628e-01,0.000000000000000000e+00,4.985000000000000142e+01,5.022500000000000142e+01,6.000000000000000000e+01,0.000000000000000000e+00
2.430000000000000000e+03,2.541772703956803170e+01,-1.121370651055568768e+00,2.676233784787019232e+01,-2.232401572465944339e-01,0.000000000000000000e+00,4.985000000000000142e+01,5.022500000000000142e+01,6.000000000000000000e+01,0.000000000000000000e+00
2.431000000000000000e+03,2.542076349158309867e+01,-1.121370651055568768e+00,2.675562779478760689e+01,-2.134936521489396999e-01,0.000000000000000000e+00,4.985000000000000142e+01,5.022500000000000142e+01,6.000000000000000000e+01,0.000000000000000000e+00
2.432000000000000000e+03,2.542337441817841537e+01,-1.121370651055568768e+00,2.674891774170502146e+01,-2.041726724710403174e-01,0.000000000000000000e+00,4.985000000000000142e+01,5.022500000000000142e+01,6.000000000000000000e+01,0.000000000000000000e+00
2.433000000000000000e+03,2.542557839748849702e+01,-1.121370651055568768e+00,2.674220768862243602e+01,-1.952586400783707654e-01,0.000000000000000000e+00,4.985000000000000142e+01,5.022500000000000142e+01,6.000000000000000000e+01,0.000000000000000000e+00
2.434000000000000000e+03,2.542739319653985319e+01,-1.121370651055568768e+00,2.673549763553985059e+01,-1.867337879444296855e-01,0.000000000000000000e+00,4.985000000000000142e+01,5.022500000000000142e+01,6.000000000000000000e+01,0.000000000000000000e+00
2.435000000000000000e+03,2.562247920096961096e+01,-1.022690033762674977e+00,2.672937806712853259e+01,-8.420883239624669947e-02,0.000000000000000000e+00,4.985000000000000142e+01,5.019200000000000017e+01,6.000000000000000000e+01,0.000000000000000000e+00
2.436000000000000000e+03,2.618336236774539572e+01,-7.356191470924384745e-01,2.672497627230635686e+01,1.940052425314764961e-01,0.000000000000000000e+00,4.985000000000000142e+01,5.009599999999999653e+01,6.000000000000000000e+01,0.000000000000000000e+00
2.437000000000000000e+03,2.617049044322690321e+01,-7.356191470924384745e-01,2.672057447748418113e+01,1.855351128351598322e-01,0.000000000000000000e+00,4.985000000000000142e+01,5.009599999999999653e+01,6.000000000000000000e+01,0.000000000000000000e+00
2.438000000000000000e+03,2.615798831849389927e+01,-7.356191470924384745e-01,2.671617268266200540e+01,1.774347829243349828e-01,0.000000000000000000e+00,4.985000000000000142e+01,5.009599999999999653e+01,6.000000000000000000e+01,0.000000000000000000e+00
2.439000000000000000e+03,2.595806443569244948e+01,-8.313094426491911548e-01,2.671119829664344891e+01,7.817558169819048552e-02,0.000000000000000000e+00,4.985000000000000142e+01,5.012800000000000011e+01,6.000000000000000000e+01,0.000000000000000000e+00
2.440000000000000000e+03,2.613745237252607723e+01,-7.356191470924384745e-01,2.670679650182127318e+01,1.662750177972440735e-01,0.000000000000000000e+00,4.985000000000000142e+01,5.009599999999999653e+01,6.000000000000000000e+01,0.000000000000000000e+00
2.441000000000000000e+03,2.575024030440270906e+01,-9.269997382059224078e-01,2.670124952460633594e+01,-2.400948199770530644e-02,0.000000000000000000e+00,4.985000000000000142e+01,5.015999999999999659e+01,6.000000000000000000e+01,0.000000000000000000e+00
2.442000000000000000e+03,2.536432275697886141e+01,-1.121370651055568768e+00,2.669453947152375051e+01,-2.088460634893224976e-01,0.000000000000000000e+00,4.985000000000000142e+01,5.022500000000000142e+01,6.000000000000000000e+01,0.000000000000000000e+00
2.443000000000000000e+03,2.536673077318779335e+01,-1.121370651055568768e+00,2.668782941844116507e+01,-1.997279941978045703e-01,0.000000000000000000e+00,4.985000000000000142e+01,5.022500000000000142e+01,6.000000000000000000e+01,0.000000000000000000e+00
2.444000000000000000e+03,2.518096528837279280e+01,-1.217060946612300132e+00,2.668054677416219889e+01,-2.825205391771050123e-01,0.000000000000000000e+00,4.985000000000000142e+01,5.025699999999999790e+01,6.000000000000000000e+01,0.000000000000000000e+00
2.445000000000000000e+03,2.537379270079536298e+01,-1.121370651055568768e+00,2.667383672107961345e+01,-1.786733692286816555e-01,0.000000000000000000e+00,4.985000000000000142e+01,5.022500000000000142e+01,6.000000000000000000e+01,0.000000000000000000e+00
2.446000000000000000e+03,2.537488339882082755e+01,-1.121370651055568768e+00,2.666712666799702802e+01,-1.708726181206322581e-01,0.000000000000000000e+00,4.985000000000000142e+01,5.022500000000000142e+01,6.000000000000000000e+01,0.000000000000000000e+00
2.447000000000000000e+03,2.556927691595596386e+01,-1.022690033762674977e+00,2.666100709958571002e+01,-6.904014986707003587e-02,0.000000000000000000e+00,4.985000000000000142e+01,5.019200000000000017e+01,6.000000000000000000e+01,0.000000000000000000e+00
2.448000000000000000e+03,2.537252819664746539e+01,-1.121370651055568768e+00,2.665429704650312459e+01,-1.603981988000900971e-01,0.000000000000000000e+00,4.985000000000000142e+01,5.022500000000000142e+01,6.000000000000000000e+01,0.000000000000000000e+00
2.449000000000000000e+03,2.537282101384387545e+01,-1.121370651055568768e+00,2.664758699342053916e+01,-1.533953285210979123e-01,0.000000000000000000e+00,4.985000000000000142e+01,5.022500000000000142e+01,6.000000000000000000e+01,0.000000000000000000e+00
2.450000000000000000e+03,2.594200231037571669e+01,-8.313094426491911548e-01,2.664261260740198267e+01,1.306991456229222304e-01,0.000000000000000000e+00,4.985000000000000142e+01,5.012800000000000011e+01,6.000000000000000000e+01,0.000000000000000000e+00
2.451000000000000000e+03,2.574354628077116303e+01,-9.269997382059224078e-01,2.663706563018704543e+01,3.348038879004043566e-02,0.000000000000000000e+00,4.985000000000000142e+01,5.015999999999999659e+01,6.000000000000000000e+01,0.000000000000000000e+00
2.452000000000000000e+03,2.535511876683588284e+01,-1.121370651055568768e+00,2.663035557710446000e+01,-1.538661592130110556e-01,0.000000000000000000e+00,4.985000000000000142e+01,5.022500000000000142e+01,6.000000000000000000e+01,0.000000000000000000e+00
2.453000000000000000e+03,2.554876979417670668e+01,-1.022690033762674977e+00,2.662423600869314200e+01,-5.277618075376076801e-02,0.000000000000000000e+00,4.985000000000000142e+01,5.019200000000000017e+01,6.000000000000000000e+01,0.000000000000000000e+00
2.454000000000000000e+03,2.554495439595186213e+01,-1.022690033762674977e+00,2.661811644028182400e+01,-5.047201056728718715e-02,0.000000000000000000e+00,4.985000000000000142e+01,5.019200000000000017e+01,6.000000000000000000e+01,0.000000000000000000e+00
2.455000000000000000e+03,2.534739500500358744e+01,-1.121370651055568768e+00,2.661140638719923857e+01,-1.426407311400847977e-01,0.000000000000000000e+00,4.985000000000000142e+01,5.022500000000000142e+01,6.000000000000000000e+01,0.000000000000000000e+00
2.456000000000000000e+03,2.572833135086926504e+01,-9.269997382059224078e-01,2.660585940998430132e+01,4.947167909088659443e-02,0.000000000000000000e+00,4.985000000000000142e+01,5.015999999999999659e+01,6.000000000000000000e+01,0.000000000000000000e+00
2.457000000000000000e+03,2.553284906297895063e+01,-1.022690033762674977e+00,2.659973984157298332e+01,-4.420074483135751769e-02,0.000000000000000000e+00,4.985000000000000142e+01,5.019200000000000017e+01,6.000000000000000000e+01,0.000000000000000000e+00
2.458000000000000000e+03,2.533501587306808034e+01,-1.121370651055568768e+00,2.659302978849039789e+01,-1.366432643667515878e-01,0.000000000000000000e+00,4.985000000000000142e+01,5.022500000000000142e+01,6.000000000000000000e+01,0.000000000000000000e+00
2.459000000000000000e+03,2.533427156687053738e+01,-1.121370651055568768e+00,2.658631973540781246e+01,-1.306775174817070284e-01,0.000000000000000000e+00,4.985000000000000142e+01,5.022500000000000142e+01,6.000000000000000000e+01,0.000000000000000000e+00
2.460000000000000000e+03,2.609023643273233617e+01,-7.356191470924384745e-01,2.658191794058563673e+01,2.439376392391385817e-01,0.000000000000000000e+00,4.985000000000000142e+01,5.009599999999999653e+01,6.000000000000000000e+01,0.000000000000000000e+00
2.461000000000000000e+03,2.551185825761665171e+01,-1.022690033762674977e+00,2.657579837217431873e+01,-4.125008079499301039e-02,0.000000000000000000e+00,4.985000000000000142e+01,5.019200000000000017e+01,6.000000000000000000e+01,0.000000000000000000e+00
2.462000000000000000e+03,2.645228468308591374e+01,-5.412482342428134308e-01,2.657255965321979119e+01,4.209732641089359850e-01,0.000000000000000000e+00,4.985000000000000142e+01,5.003099999999999881e+01,6.000000000000000000e+01,0.000000000000000000e+00
2.463000000000000000e+03,2.586147235382787812e+01,-8.313094426491911548e-01,2.656758526720123470e+01,1.251965292758319692e-01,0.000000000000000000e+00,4.985000000000000142e+01,5.012800000000000011e+01,6.000000000000000000e+01,0.000000000000000000e+00
2.464000000000000000e+03,2.623245078413252429e+01,-6.369385297995660000e-01,2.656377395705032640e+01,3.056153568817625565e-01,0.000000000000000000e+00,4.985000000000000142e+01,5.006300000000000239e+01,6.000000000000000000e+01,0.000000000000000000e+00
2.465000000000000000e+03,2.640307193943010944e+01,-5.412482342428134308e-01,2.656053523809579886e+01,3.837849355771256188e-01,0.000000000000000000e+00,4.985000000000000142e+01,5.003099999999999881e+01,6.000000000000000000e+01,0.000000000000000000e+00
2.466000000000000000e+03,2.638307744554180090e+01,-5.412482342428134308e-01,2.655729651914127132e+01,3.670291606433457865e-01,0.000000000000000000e+00,4.985000000000000142e+01,5.003099999999999881e+01,6.000000000000000000e+01,0.000000000000000000e+00
2.467000000000000000e+03,2.636381449676536803e+01,-5.412482342428134308e-01,2.655405780018674378e+01,3.510049308214377994e-01,0.000000000000000000e+00,4.985000000000000142e+01,5.003099999999999881e+01,6.000000000000000000e+01,0.000000000000000000e+00
2.468000000000000000e+03,2.653302656702666695e+01,-4.455579386860820668e-01,2.655139167242859699e+01,4.271928332841538611e-01,0.000000000000000000e+00,4.985000000000000142e+01,4.999900000000000233e+01,6.000000000000000000e+01,0.000000000000000000e+00
2.469000000000000000e+03,2.669948491932527190e+01,-3.498676431293294975e-01,2.654929813586683096e+01,5.000544265877713279e-01,0.000000000000000000e+00,4.985000000000000142e+01,4.996699999999999875e+01,6.000000000000000000e+01,0.000000000000000000e+00
2.470000000000000000e+03,2.705697817223872192e+01,-1.554967302797043427e-01,2.654836767517271312e+01,6.641072273457133690e-01,0.000000000000000000e+00,4.985000000000000142e+01,4.990200000000000102e+01,6.000000000000000000e+01,0.000000000000000000e+00
2.471000000000000000e+03,2.683340987216830342e+01,-2.541773475725981335e-01,2.654684672980732785e+01,5.407404899335707116e-01,0.000000000000000000e+00,4.985000000000000142e+01,4.993500000000000227e+01,6.000000000000000000e+01,0.000000000000000000e+00
2.472000000000000000e+03,2.680828058497656485e+01,-2.541773475725981335e-01,2.654532578444194257e+01,5.171321481072200799e-01,0.000000000000000000e+00,4.985000000000000142e+01,4.993500000000000227e+01,6.000000000000000000e+01,0.000000000000000000e+00
2.473000000000000000e+03,2.622085578306892373e+01,-5.412482342428134308e-01,2.654208706548741503e+01,2.200169518243226263e-01,0.000000000000000000e+00,4.985000000000000142e+01,5.003099999999999881e+01,6.000000000000000000e+01,0.000000000000000000e+00
2.474000000000000000e+03,2.620801128185292939e+01,-5.412482342428134308e-01,2.653884834653288749e+01,2.104111695628566314e-01,0.000000000000000000e+00,4.985000000000000142e+01,5.003099999999999881e+01,6.000000000000000000e+01,0.000000000000000000e+00
2.475000000000000000e+03,2.657113698751984643e+01,-3.498676431293294975e-01,2.653675480997112146e+01,3.842498206780547987e-01,0.000000000000000000e+00,4.985000000000000142e+01,4.996699999999999875e+01,6.000000000000000000e+01,0.000000000000000000e+00
2.476000000000000000e+03,2.655226737947433335e+01,-3.498676431293294975e-01,2.653466127340935543e+01,3.674737491943086964e-01,0.000000000000000000e+00,4.985000000000000142e+01,4.996699999999999875e+01,6.000000000000000000e+01,0.000000000000000000e+00
2.477000000000000000e+03,2.672190561533409436e+01,-2.541773475725981335e-01,2.653314032804397016e+01,4.429426348627200083e-01,0.000000000000000000e+00,4.985000000000000142e+01,4.993500000000000227e+01,6.000000000000000000e+01,0.000000000000000000e+00
2.478000000000000000e+03,2.575630106737923342e+01,-7.356191470924384745e-01,2.652873853322179443e+01,-3.681831875011992716e-02,0.000000000000000000e+00,4.985000000000000142e+01,5.009599999999999653e+01,6.000000000000000000e+01,0.000000000000000000e+00
2.479000000000000000e+03,2.689189517319262990e+01,-1.554967302797043427e-01,2.652780807252767659e+01,5.195838309446570991e-01,0.000000000000000000e+00,4.985000000000000142e+01,4.990200000000000102e+01,6.000000000000000000e+01,0.000000000000000000e+00
2.480000000000000000e+03,2.667463666091812513e+01,-2.541773475725981335e-01,2.652628712716229131e+01,4.025268813284319513e-01,0.000000000000000000e+00,4.985000000000000142e+01,4.993500000000000227e+01,6.000000000000000000e+01,0.000000000000000000e+00
2.481000000000000000e+03,2.665554168071421159e+01,-2.541773475725981335e-01,2.652476618179690604e+01,3.849528464899016900e-01,0.000000000000000000e+00,4.985000000000000142e+01,4.993500000000000227e+01,6.000000000000000000e+01,0.000000000000000000e+00
2.482000000000000000e+03,2.644943855760194396e+01,-3.498676431293294975e-01,2.652267264523514001e+01,2.766335554961329435e-01,0.000000000000000000e+00,4.985000000000000142e+01,4.996699999999999875e+01,6.000000000000000000e+01,0.000000000000000000e+00
2.483000000000000000e+03,2.587194116050116932e+01,-6.369385297995660000e-01,2.651886133508423171e+01,-9.981644783496224083e-03,0.000000000000000000e+00,4.985000000000000142e+01,5.006300000000000239e+01,6.000000000000000000e+01,0.000000000000000000e+00
2.484000000000000000e+03,2.681331068674868945e+01,-1.554967302797043427e-01,2.651793087439011387e+01,4.508765426382818076e-01,0.000000000000000000e+00,4.985000000000000142e+01,4.990200000000000102e+01,6.000000000000000000e+01,0.000000000000000000e+00
2.485000000000000000e+03,2.622350106006512505e+01,-4.455579386860820668e-01,2.651526474663196709e+01,1.537942521192403600e-01,0.000000000000000000e+00,4.985000000000000142e+01,4.999900000000000233e+01,6.000000000000000000e+01,0.000000000000000000e+00
2.486000000000000000e+03,2.602634497294135940e+01,-5.412482342428134308e-01,2.651202602767743954e+01,5.556717950673563389e-02,0.000000000000000000e+00,4.985000000000000142e+01,5.003099999999999881e+01,6.000000000000000000e+01,0.000000000000000000e+00
2.487000000000000000e+03,2.563926142383040840e+01,-7.356191470924384745e-01,2.650762423285526381e+01,-1.327436619324147138e-01,0.000000000000000000e+00,4.985000000000000142e+01,5.009599999999999653e+01,6.000000000000000000e+01,0.000000000000000000e+00
2.488000000000000000e+03,2.583429851635505514e+01,-6.369385297995660000e-01,2.650381292270435551e+01,-3.257587654973378988e-02,0.000000000000000000e+00,4.985000000000000142e+01,5.006300000000000239e+01,6.000000000000000000e+01,0.000000000000000000e+00
2.489000000000000000e+03,2.677665449055084679e+01,-1.554967302797043427e-01,2.650288246201023767e+01,4.292687588203135673e-01,0.000000000000000000e+00,4.985000000000000142e+01,4.990200000000000102e+01,6.000000000000000000e+01,0.000000000000000000e+00
2.490000000000000000e+03,2.675698246383335288e+01,-1.554967302797043427e-01,2.650195200131611983e+01,4.105271927969365575e-01,0.000000000000000000e+00,4.985000000000000142e+01,4.990200000000000102e+01,6.000000000000000000e+01,0.000000000000000000e+00
2.491000000000000000e+03,2.635670987347511129e+01,-3.498676431293294975e-01,2.649985846475435380e+01,2.067190518500861274e-01,0.000000000000000000e+00,4.985000000000000142e+01,4.996699999999999875e+01,6.000000000000000000e+01,0.000000000000000000e+00
2.492000000000000000e+03,2.672700993839077910e+01,-1.554967302797043427e-01,2.649892800406023596e+01,3.835786646102488096e-01,0.000000000000000000e+00,4.985000000000000142e+01,4.990200000000000102e+01,6.000000000000000000e+01,0.000000000000000000e+00
2.493000000000000000e+03,2.651568931409904550e+01,-2.541773475725981335e-01,2.649740705869485069e+01,2.724596029767911709e-01,0.000000000000000000e+00,4.985000000000000142e+01,4.993500000000000227e+01,6.000000000000000000e+01,0.000000000000000000e+00
2.494000000000000000e+03,2.669591637225507341e+01,-1.554967302797043427e-01,2.649647659800073285e+01,3.549365045340458491e-01,0.000000000000000000e+00,4.985000000000000142e+01,4.990200000000000102e+01,6.000000000000000000e+01,0.000000000000000000e+00
2.495000000000000000e+03,2.648584624412242405e+01,-2.541773475725981335e-01,2.649495565263534758e+01,2.450679390596739449e-01,0.000000000000000000e+00,4.985000000000000142e+01,4.993500000000000227e+01,6.000000000000000000e+01,0.000000000000000000e+00
2.496000000000000000e+03,2.647362580836616530e+01,-2.541773475725981335e-01,2.649343470726996230e+01,2.343684486688012159e-01,0.000000000000000000e+00,4.985000000000000142e+01,4.993500000000000227e+01,6.000000000000000000e+01,0.000000000000000000e+00
2.497000000000000000e+03,2.684329131165072013e+01,-5.980643472295177343e-02,2.649307683777222522e+01,4.100209086014443005e-01,0.000000000000000000e+00,4.985000000000000142e+01,4.986999999999999744e+01,6.000000000000000000e+01,0.000000000000000000e+00
2.498000000000000000e+03,2.644361341649354813e+01,-2.541773475725981335e-01,2.649155589240683994e+01,2.062348716593059017e-01,0.000000000000000000e+00,4.985000000000000142e+01,4.993500000000000227e+01,6.000000000000000000e+01,0.000000000000000000e+00
2.499000000000000000e+03,2.700228262422597680e+01,3.588386083377956282e-02,2.649177061410548362e+01,4.746281492867105989e-01,0.000000000000000000e+00,4.985000000000000142e+01,4.983800000000000097e+01,6.000000000000000000e+01,0.000000000000000000e+00
2.500000000000000000e+03,2.679400000879681443e+01,-5.980643472295177343e-02,2.649141274460774653e+01,3.623936989120183916e-01,0.000000000000000000e+00,4.985000000000000142e+01,4.986999999999999744e+01,6.000000000000000000e+01,0.000000000000000000e+00
2.501000000000000000e+03,2.677782029041056333e+01,-5.980643472295177343e-02,2.649105487511000945e+01,3.465718500235033805e-01,0.000000000000000000e+00,4.985000000000000142e+01,4.986999999999999744e+01,6.000000000000000000e+01,0.000000000000000000e+00
2.502000000000000000e+03,2.695010675525569610e+01,3.588386083377956282e-02,2.649126959680865312e+01,4.229532976132623912e-01,0.000000000000000000e+00,4.985000000000000142e+01,4.983800000000000097e+01,6.000000000000000000e+01,0.000000000000000000e+00
2.503000000000000000e+03,2.617488600714805358e+01,-3.498676431293294975e-01,2.648917606024688709e+01,3.557759003049454360e-02,0.000000000000000000e+00,4.985000000000000142e+01,4.996699999999999875e+01,6.000000000000000000e+01,0.000000000000000000e+00
2.504000000000000000e+03,2.617123917853134785e+01,-3.498676431293294975e-01,2.648708252368512106e+01,3.402429797555546476e-02,0.000000000000000000e+00,4.985000000000000142e+01,4.996699999999999875e+01,6.000000000000000000e+01,0.000000000000000000e+00
2.505000000000000000e+03,2.654907897249817239e+01,-1.554967302797043427e-01,2.648615206299100322e+01,2.184236397868722090e-01,0.000000000000000000e+00,4.985000000000000142e+01,4.990200000000000102e+01,6.000000000000000000e+01,0.000000000000000000e+00
2.506000000000000000e+03,2.634496889809673448e+01,-2.541773475725981335e-01,2.648463111762561795e+01,1.145151280437116531e-01,0.000000000000000000e+00,4.985000000000000142e+01,4.993500000000000227e+01,6.000000000000000000e+01,0.000000000000000000e+00
2.507000000000000000e+03,2.633844830440193263e+01,-2.541773475725981335e-01,2.648311017226023267e+01,1.095154797142951081e-01,0.000000000000000000e+00,4.985000000000000142e+01,4.993500000000000227e+01,6.000000000000000000e+01,0.000000000000000000e+00
2.508000000000000000e+03,2.652578938607236125e+01,-1.554967302797043427e-01,2.648217971156611483e+01,1.991064047859505970e-01,0.000000000000000000e+00,4.985000000000000142e+01,4.990200000000000102e+01,6.000000000000000000e+01,0.000000000000000000e+00
2.509000000000000000e+03,2.632252268829155994e+01,-2.541773475725981335e-01,2.648065876620072956e+01,9.604126966342692306e-02,0.000000000000000000e+00,4.985000000000000142e+01,4.993500000000000227e+01,6.000000000000000000e+01,0.000000000000000000e+00
2.510000000000000000e+03,2.594125782467801500e+01,-4.455579386860820668e-01,2.647799263844258277e+01,-9.117687507848644402e-02,0.000000000000000000e+00,4.985000000000000142e+01,4.999900000000000233e+01,6.000000000000000000e+01,0.000000000000000000e+00
2.511000000000000000e+03,2.575479700120868998e+01,-5.412482342428134308e-01,2.647475391948805523e+01,-1.787086840365516016e-01,0.000000000000000000e+00,4.985000000000000142e+01,5.003099999999999881e+01,6.000000000000000000e+01,0.000000000000000000e+00
2.512000000000000000e+03,2.594713598784197472e+01,-4.455579386860820668e-01,2.647208779172990845e+01,-7.939386520185166829e-02,0.000000000000000000e+00,4.985000000000000142e+01,4.999900000000000233e+01,6.000000000000000000e+01,0.000000000000000000e+00
2.513000000000000000e+03,2.594793613927595999e+01,-4.455579386860820668e-01,2.646942166397176166e+01,-7.592758600971870331e-02,0.000000000000000000e+00,4.985000000000000142e+01,4.999900000000000233e+01,6.000000000000000000e+01,0.000000000000000000e+00
2.514000000000000000e+03,2.632413578076858229e+01,-2.541773475725981335e-01,2.646790071860637639e+01,1.104124097348037764e-01,0.000000000000000000e+00,4.985000000000000142e+01,4.993500000000000227e+01,6.000000000000000000e+01,0.000000000000000000e+00
2.515000000000000000e+03,2.556669265816914205e+01,-6.369385297995660000e-01,2.646408940845546809e+01,-2.604582204867614270e-01,0.000000000000000000e+00,4.985000000000000142e+01,5.006300000000000239e+01,6.000000000000000000e+01,0.000000000000000000e+00
2.516000000000000000e+03,2.576202817971480030e+01,-5.412482342428134308e-01,2.646085068950094055e+01,-1.575742755433243159e-01,0.000000000000000000e+00,4.985000000000000142e+01,5.003099999999999881e+01,6.000000000000000000e+01,0.000000000000000000e+00
2.517000000000000000e+03,2.538425023360910160e+01,-7.356191470924384745e-01,2.645644889467876482e+01,-3.365795139772220779e-01,0.000000000000000000e+00,4.985000000000000142e+01,5.009599999999999653e+01,6.000000000000000000e+01,0.000000000000000000e+00
2.518000000000000000e+03,2.520676784622142108e+01,-8.313094426491911548e-01,2.645147450866020833e+01,-4.133972197895978695e-01,0.000000000000000000e+00,4.985000000000000142e+01,5.012800000000000011e+01,6.000000000000000000e+01,0.000000000000000000e+00
2.519000000000000000e+03,2.560126089318633547e+01,-6.369385297995660000e-01,2.644766319850930003e+01,-2.094637755234011467e-01,0.000000000000000000e+00,4.985000000000000142e+01,5.006300000000000239e+01,6.000000000000000000e+01,0.000000000000000000e+00
2.520000000000000000e+03,2.522517581422431121e+01,-8.313094426491911548e-01,2.644268881249074354e+01,-3.862035556172390693e-01,0.000000000000000000e+00,4.985000000000000142e+01,5.012800000000000011e+01,6.000000000000000000e+01,0.000000000000000000e+00
2.521000000000000000e+03,2.504928738569461899e+01,-9.269997382059224078e-01,2.643714183527580630e+01,-4.608547113752672342e-01,0.000000000000000000e+00,4.985000000000000142e+01,5.015999999999999659e+01,6.000000000000000000e+01,0.000000000000000000e+00
2.522000000000000000e+03,2.543941181985090338e+01,-7.356191470924384745e-01,2.643274004045363057e+01,-2.577090735102873786e-01,0.000000000000000000e+00,4.985000000000000142e+01,5.009599999999999653e+01,6.000000000000000000e+01,0.000000000000000000e+00
2.523000000000000000e+03,2.639100646322875932e+01,-2.541773475725981335e-01,2.643121909508824530e+01,2.139647157131099320e-01,0.000000000000000000e+00,4.985000000000000142e+01,4.993500000000000227e+01,6.000000000000000000e+01,0.000000000000000000e+00
2.524000000000000000e+03,2.581681773390642576e+01,-5.412482342428134308e-01,2.642798037613371775e+01,-6.991440798447681737e-02,0.000000000000000000e+00,4.985000000000000142e+01,5.003099999999999881e+01,6.000000000000000000e+01,0.000000000000000000e+00
2.525000000000000000e+03,2.637995766582493928e+01,-2.541773475725981335e-01,2.642645943076833248e+01,2.076755826292042695e-01,0.000000000000000000e+00,4.985000000000000142e+01,4.993500000000000227e+01,6.000000000000000000e+01,0.000000000000000000e+00
2.526000000000000000e+03,2.618159434086201642e+01,-3.498676431293294975e-01,2.642436589420656645e+01,1.070960897847800380e-01,0.000000000000000000e+00,4.985000000000000142e+01,4.996699999999999875e+01,6.000000000000000000e+01,0.000000000000000000e+00
2.527000000000000000e+03,2.655624387282514220e+01,-1.554967302797043427e-01,2.642343543351244861e+01,2.883051695923987690e-01,0.000000000000000000e+00,4.985000000000000142e+01,4.990200000000000102e+01,6.000000000000000000e+01,0.000000000000000000e+00
2.528000000000000000e+03,2.597353199564895476e+01,-4.455579386860820668e-01,2.642076930575430183e+01,-1.679371419262776222e-03,0.000000000000000000e+00,4.985000000000000142e+01,4.999900000000000233e+01,6.000000000000000000e+01,0.000000000000000000e+00
2.529000000000000000e+03,2.634649001336329732e+01,-2.541773475725981335e-01,2.641924836038891655e+01,1.814190005469791811e-01,0.000000000000000000e+00,4.985000000000000142e+01,4.993500000000000227e+01,6.000000000000000000e+01,0.000000000000000000e+00
2.530000000000000000e+03,2.596149761927519251e+01,-4.455579386860820668e-01,2.641658223263076977e+01,-9.526674669496387748e-03,0.000000000000000000e+00,4.985000000000000142e+01,4.999900000000000233e+01,6.000000000000000000e+01,0.000000000000000000e+00
2.531000000000000000e+03,2.652844163892550711e+01,-1.554967302797043427e-01,2.641565177193665193e+01,2.682865972685584133e-01,0.000000000000000000e+00,4.985000000000000142e+01,4.990200000000000102e+01,6.000000000000000000e+01,0.000000000000000000e+00
2.532000000000000000e+03,2.613437917091491869e+01,-3.498676431293294975e-01,2.641355823537488590e+01,7.068857866936159584e-02,0.000000000000000000e+00,4.985000000000000142e+01,4.996699999999999875e+01,6.000000000000000000e+01,0.000000000000000000e+00
2.533000000000000000e+03,2.651061822869210971e+01,-1.554967302797043427e-01,2.641262777468076806e+01,2.534871842910451645e-01,0.000000000000000000e+00,4.985000000000000142e+01,4.990200000000000102e+01,6.000000000000000000e+01,0.000000000000000000e+00
2.534000000000000000e+03,2.574165106711279094e+01,-5.412482342428134308e-01,2.640938905572624051e+01,-1.264897543706354488e-01,0.000000000000000000e+00,4.985000000000000142e+01,5.003099999999999881e+01,6.000000000000000000e+01,0.000000000000000000e+00
2.535000000000000000e+03,2.593171021274228849e+01,-4.455579386860820668e-01,2.640672292796809373e+01,-2.945477653972379539e-02,0.000000000000000000e+00,4.985000000000000142e+01,4.999900000000000233e+01,6.000000000000000000e+01,0.000000000000000000e+00
2.536000000000000000e+03,2.574255464673440841e+01,-5.412482342428134308e-01,2.640348420901356619e+01,-1.196813280363434873e-01,0.000000000000000000e+00,4.985000000000000142e+01,5.003099999999999881e+01,6.000000000000000000e+01,0.000000000000000000e+00
2.537000000000000000e+03,2.650151076098245895e+01,-1.554967302797043427e-01,2.640255374831944835e+01,2.544537429427143893e-01,0.000000000000000000e+00,4.985000000000000142e+01,4.990200000000000102e+01,6.000000000000000000e+01,0.000000000000000000e+00
2.538000000000000000e+03,2.629582763812769386e+01,-2.541773475725981335e-01,2.640103280295406307e+01,1.489721827462259229e-01,0.000000000000000000e+00,4.985000000000000142e+01,4.993500000000000227e+01,6.000000000000000000e+01,0.000000000000000000e+00
2.539000000000000000e+03,2.572447643616461477e+01,-5.412482342428134308e-01,2.639779408399953553e+01,-1.320694135921074985e-01,0.000000000000000000e+00,4.985000000000000142e+01,5.003099999999999881e+01,6.000000000000000000e+01,0.000000000000000000e+00
2.540000000000000000e+03,2.591477918571249006e+01,-4.455579386860820668e-01,2.639512795624138874e+01,-3.479083184281488161e-02,0.000000000000000000e+00,4.985000000000000142e+01,4.999900000000000233e+01,6.000000000000000000e+01,0.000000000000000000e+00
2.541000000000000000e+03,2.610140741337191272e+01,-3.498676431293294975e-01,2.639303441967962272e+01,5.824063682162063799e-02,0.000000000000000000e+00,4.985000000000000142e+01,4.996699999999999875e+01,6.000000000000000000e+01,0.000000000000000000e+00
2.542000000000000000e+03,2.572122030707110696e+01,-5.412482342428134308e-01,2.638979570072509517e+01,-1.273271594111744787e-01,0.000000000000000000e+00,4.985000000000000142e+01,5.003099999999999881e+01,6.000000000000000000e+01,0.000000000000000000e+00
2.543000000000000000e+03,2.572354060054327363e+01,-5.412482342428134308e-01,2.638655698177056763e+01,-1.217681469844806158e-01,0.000000000000000000e+00,4.985000000000000142e+01,5.003099999999999881e+01,6.000000000000000000e+01,0.000000000000000000e+00
2.544000000000000000e+03,2.553784277886067855e+01,-6.369385297995660000e-01,2.638274567161965933e+01,-2.079643629594176146e-01,0.000000000000000000e+00,4.985000000000000142e+01,5.006300000000000239e+01,6.000000000000000000e+01,0.000000000000000000e+00
2.545000000000000000e+03,2.534946764928252350e+01,-7.356191470924384745e-01,2.637834387679748360e+01,-2.932570804225216321e-01,0.000000000000000000e+00,4.985000000000000142e+01,5.009599999999999653e+01,6.000000000000000000e+01,0.000000000000000000e+00
2.546000000000000000e+03,2.573928805515578944e+01,-5.412482342428134308e-01,2.637510515784295606e+01,-9.456886844435238859e-02,0.000000000000000000e+00,4.985000000000000142e+01,5.003099999999999881e+01,6.000000000000000000e+01,0.000000000000000000e+00
2.547000000000000000e+03,2.535875933818052985e+01,-7.356191470924384745e-01,2.637070336302078033e+01,-2.763248777478102824e-01,0.000000000000000000e+00,4.985000000000000142e+01,5.009599999999999653e+01,6.000000000000000000e+01,0.000000000000000000e+00
2.548000000000000000e+03,2.480309545128464066e+01,-1.022690033762674977e+00,2.636458379460946233e+01,-5.387983095621446950e-01,0.000000000000000000e+00,4.985000000000000142e+01,5.019200000000000017e+01,6.000000000000000000e+01,0.000000000000000000e+00
2.549000000000000000e+03,2.557746906278617871e+01,-6.369385297995660000e-01,2.636077248445855403e+01,-1.463648918728100434e-01,0.000000000000000000e+00,4.985000000000000142e+01,5.006300000000000239e+01,6.000000000000000000e+01,0.000000000000000000e+00
2.550000000000000000e+03,2.538640454449604889e+01,-7.356191470924384745e-01,2.635637068963637830e+01,-2.343469980478887771e-01,0.000000000000000000e+00,4.985000000000000142e+01,5.009599999999999653e+01,6.000000000000000000e+01,0.000000000000000000e+00
2.551000000000000000e+03,2.539223417147210782e+01,-7.356191470924384745e-01,2.635196889481420257e+01,-2.241155762496554738e-01,0.000000000000000000e+00,4.985000000000000142e+01,5.009599999999999653e+01,6.000000000000000000e+01,0.000000000000000000e+00
2.552000000000000000e+03,2.483429086393132934e+01,-1.022690033762674977e+00,2.634584932640288457e+01,-4.888684287088815861e-01,0.000000000000000000e+00,4.985000000000000142e+01,5.019200000000000017e+01,6.000000000000000000e+01,0.000000000000000000e+00
2.553000000000000000e+03,2.465587154606359022e+01,-1.121370651055568768e+00,2.633913927332029914e+01,-5.618970762011411546e-01,0.000000000000000000e+00,4.985000000000000142e+01,5.022500000000000142e+01,6.000000000000000000e+01,0.000000000000000000e+00
2.554000000000000000e+03,2.486733691049087724e+01,-1.022690033762674977e+00,2.633301970490898114e+01,-4.429927606554291408e-01,0.000000000000000000e+00,4.985000000000000142e+01,5.019200000000000017e+01,6.000000000000000000e+01,0.000000000000000000e+00
2.555000000000000000e+03,2.544388432615836848e+01,-7.356191470924384745e-01,2.632861791008680541e+01,-1.491144368359977879e-01,0.000000000000000000e+00,4.985000000000000142e+01,5.009599999999999653e+01,6.000000000000000000e+01,0.000000000000000000e+00
2.556000000000000000e+03,2.488266652268172763e+01,-1.022690033762674977e+00,2.632249834167548741e+01,-4.171417852310858043e-01,0.000000000000000000e+00,4.985000000000000142e+01,5.019200000000000017e+01,6.000000000000000000e+01,0.000000000000000000e+00
2.557000000000000000e+03,2.489475906532759808e+01,-1.022690033762674977e+00,2.631637877326416941e+01,-3.989296741738956320e-01,0.000000000000000000e+00,4.985000000000000142e+01,5.019200000000000017e+01,6.000000000000000000e+01,0.000000000000000000e+00
2.558000000000000000e+03,2.490605648027132446e+01,-1.022690033762674977e+00,2.631025920485285141e+01,-3.815126908188503640e-01,0.000000000000000000e+00,4.985000000000000142e+01,5.019200000000000017e+01,6.000000000000000000e+01,0.000000000000000000e+00
2.559000000000000000e+03,2.472295008791164506e+01,-1.121370651055568768e+00,2.630354915177026598e+01,-4.592284128030520440e-01,0.000000000000000000e+00,4.985000000000000142e+01,5.022500000000000142e+01,6.000000000000000000e+01,0.000000000000000000e+00
2.560000000000000000e+03,2.473628961785022184e+01,-1.121370651055568768e+00,2.629683909868768055e+01,-4.391788297818901010e-01,0.000000000000000000e+00,4.985000000000000142e+01,5.022500000000000142e+01,6.000000000000000000e+01,0.000000000000000000e+00
2.561000000000000000e+03,2.474875379737903458e+01,-1.121370651055568768e+00,2.629012904560509511e+01,-4.200045971704922665e-01,0.000000000000000000e+00,4.985000000000000142e+01,5.022500000000000142e+01,6.000000000000000000e+01,0.000000000000000000e+00
2.562000000000000000e+03,2.476038084366893699e+01,-1.121370651055568768e+00,2.628341899252250968e+01,-4.016674977980043693e-01,0.000000000000000000e+00,4.985000000000000142e+01,5.022500000000000142e+01,6.000000000000000000e+01,0.000000000000000000e+00
2.563000000000000000e+03,2.458343189269593410e+01,-1.217060946612300132e+00,2.627613634824354349e+01,-4.756435089353082679e-01,0.000000000000000000e+00,4.985000000000000142e+01,5.025699999999999790e+01,6.000000000000000000e+01,0.000000000000000000e+00
2.564000000000000000e+03,2.459691550275795535e+01,-1.217060946612300132e+00,2.626885370396457731e+01,-4.548772545943227663e-01,0.000000000000000000e+00,4.985000000000000142e+01,5.025699999999999790e+01,6.000000000000000000e+01,0.000000000000000000e+00
2.565000000000000000e+03,2.517868669268205295e+01,-9.269997382059224078e-01,2.626330672674964006e+01,-1.576202958616644834e-01,0.000000000000000000e+00,4.985000000000000142e+01,5.015999999999999659e+01,6.000000000000000000e+01,0.000000000000000000e+00
2.566000000000000000e+03,2.555557212981809201e+01,-7.356191470924384745e-01,2.625890493192746433e+01,3.228634498306595657e-02,0.000000000000000000e+00,4.985000000000000142e+01,5.009599999999999653e+01,6.000000000000000000e+01,0.000000000000000000e+00
2.567000000000000000e+03,2.517420991101716510e+01,-9.269997382059224078e-01,2.625335795471252709e+01,-1.521483054894389730e-01,0.000000000000000000e+00,4.985000000000000142e+01,5.015999999999999659e+01,6.000000000000000000e+01,0.000000000000000000e+00
2.568000000000000000e+03,2.555085644497953012e+01,-7.356191470924384745e-01,2.624895615989035136e+01,3.751943218161959970e-02,0.000000000000000000e+00,4.985000000000000142e+01,5.009599999999999653e+01,6.000000000000000000e+01,0.000000000000000000e+00
2.569000000000000000e+03,2.478784694637920438e+01,-1.121370651055568768e+00,2.624224610680776593e+01,-3.330285093729953849e-01,0.000000000000000000e+00,4.985000000000000142e+01,5.022500000000000142e+01,6.000000000000000000e+01,0.000000000000000000e+00
2.570000000000000000e+03,2.460790126641786202e+01,-1.217060946612300132e+00,2.623496346252879974e+01,-4.100012494986382539e-01,0.000000000000000000e+00,4.985000000000000142e+01,5.025699999999999790e+01,6.000000000000000000e+01,0.000000000000000000e+00
2.571000000000000000e+03,2.404932476290163734e+01,-1.507122155018677967e+00,2.622594515118580460e+01,-6.694982332654902946e-01,0.000000000000000000e+00,4.985000000000000142e+01,5.035399999999999920e+01,6.000000000000000000e+01,0.000000000000000000e+00
2.572000000000000000e+03,2.350621002609742050e+01,-1.794193041688914469e+00,2.621520906625366720e+01,-9.148059984673337919e-01,0.000000000000000000e+00,4.985000000000000142e+01,5.045000000000000284e+01,6.000000000000000000e+01,0.000000000000000000e+00
2.573000000000000000e+03,2.334763830205348967e+01,-1.889883337245645611e+00,2.620390039012514904e+01,-9.663787508260121006e-01,0.000000000000000000e+00,4.985000000000000142e+01,5.048199999999999932e+01,6.000000000000000000e+01,0.000000000000000000e+00
2.574000000000000000e+03,2.337852102883993766e+01,-1.889883337245645611e+00,2.619259171399663089e+01,-9.241873479110482847e-01,0.000000000000000000e+00,4.985000000000000142e+01,5.048199999999999932e+01,6.000000000000000000e+01,0.000000000000000000e+00
2.575000000000000000e+03,2.321391831493984981e+01,-1.988563954538539402e+00,2.618069255319684530e+01,-9.782102837184573074e-01,0.000000000000000000e+00,4.985000000000000142e+01,5.051500000000000057e+01,6.000000000000000000e+01,0.000000000000000000e+00
2.576000000000000000e+03,2.305695170063177457e+01,-2.084254250095270766e+00,2.616822080120067895e+01,-1.027014850473635166e+00,0.000000000000000000e+00,4.985000000000000142e+01,5.054699999999999704e+01,6.000000000000000000e+01,0.000000000000000000e+00
2.577000000000000000e+03,2.308931868015670830e+01,-2.084254250095270766e+00,2.615574904920451260e+01,-9.821761189525342051e-01,0.000000000000000000e+00,4.985000000000000142e+01,5.054699999999999704e+01,6.000000000000000000e+01,0.000000000000000000e+00
2.578000000000000000e+03,2.311972803283379818e+01,-2.084254250095270766e+00,2.614327729720834625e+01,-9.392950142792769741e-01,0.000000000000000000e+00,4.985000000000000142e+01,5.054699999999999704e+01,6.000000000000000000e+01,0.000000000000000000e+00
2.579000000000000000e+03,2.277271440192546947e+01,-2.275634841208754811e+00,2.612966036281941840e+01,-1.081311119685194333e+00,0.000000000000000000e+00,4.985000000000000142e+01,5.061099999999999710e+01,6.000000000000000000e+01,0.000000000000000000e+00
2.580000000000000000e+03,2.280630673521556773e+01,-2.275634841208754811e+00,2.611604342843049054e+01,-1.034101852006167555e+00,0.000000000000000000e+00,4.985000000000000142e+01,5.061099999999999710e+01,6.000000000000000000e+01,0.000000000000000000e+00
2.581000000000000000e+03,2.226864372612247323e+01,-2.565696049615132424e+00,2.610069082697753373e+01,-1.266351051239926528e+00,0.000000000000000000e+00,4.985000000000000142e+01,5.070799999999999841e+01,6.000000000000000000e+01,0.000000000000000000e+00
2.582000000000000000e+03,2.193302827767872287e+01,-2.757076640728616468e+00,2.608419304313181541e+01,-1.394088124724474298e+00,0.000000000000000000e+00,4.985000000000000142e+01,5.077199999999999847e+01,6.000000000000000000e+01,0.000000000000000000e+00
2.583000000000000000e+03,2.216517079380505706e+01,-2.661386345171885104e+00,2.606826785048247785e+01,-1.241710711505535913e+00,0.000000000000000000e+00,4.985000000000000142e+01,5.074000000000000199e+01,6.000000000000000000e+01,0.000000000000000000e+00
2.584000000000000000e+03,2.239123321259263477e+01,-2.565696049615132424e+00,2.605291524902952105e+01,-1.095985986821755631e+00,0.000000000000000000e+00,4.985000000000000142e+01,5.070799999999999841e+01,6.000000000000000000e+01,0.000000000000000000e+00
2.585000000000000000e+03,2.166676094070102465e+01,-2.951447553578262717e+00,2.603525438931615454e+01,-1.417045895036866066e+00,0.000000000000000000e+00,4.985000000000000142e+01,5.083700000000000330e+01,6.000000000000000000e+01,0.000000000000000000e+00
2.586000000000000000e+03,2.189874270074011875e+01,-2.855757258021510037e+00,2.601816612079916879e+01,-1.263666162037540452e+00,0.000000000000000000e+00,4.985000000000000142e+01,5.080499999999999972e+01,6.000000000000000000e+01,0.000000000000000000e+00
2.587000000000000000e+03,2.156127436489608584e+01,-3.047137849134994081e+00,2.599993266988942153e+01,-1.391520455858341609e+00,0.000000000000000000e+00,4.985000000000000142e+01,5.086899999999999977e+01,6.000000000000000000e+01,0.000000000000000000e+00
2.588000000000000000e+03,2.141601828605669411e+01,-3.142828144691746761e+00,2.598112662778329351e+01,-1.422280197034850424e+00,0.000000000000000000e+00,4.985000000000000142e+01,5.090100000000000335e+01,6.000000000000000000e+01,0.000000000000000000e+00
2.589000000000000000e+03,2.183485880223340203e+01,-2.951447553578262717e+00,2.596346576806992701e+01,-1.177159412258262261e+00,0.000000000000000000e+00,4.985000000000000142e+01,5.083700000000000330e+01,6.000000000000000000e+01,0.000000000000000000e+00
2.590000000000000000e+03,2.205636729054532452e+01,-2.855757258021510037e+00,2.594637749955294126e+01,-1.034252950986108477e+00,0.000000000000000000e+00,4.985000000000000142e+01,5.080499999999999972e+01,6.000000000000000000e+01,0.000000000000000000e+00
2.591000000000000000e+03,2.284140339611277071e+01,-2.470005754058401060e+00,2.593159748929636521e+01,-6.201883391251927780e-01,0.000000000000000000e+00,4.985000000000000142e+01,5.067600000000000193e+01,6.000000000000000000e+01,0.000000000000000000e+00
2.592000000000000000e+03,2.323511917074382893e+01,-2.275634841208754811e+00,2.591798055490743735e+01,-4.072265429548523885e-01,0.000000000000000000e+00,4.985000000000000142e+01,5.061099999999999710e+01,6.000000000000000000e+01,0.000000000000000000e+00
2.593000000000000000e+03,2.342705686770877094e+01,-2.179944545652023447e+00,2.590493621171489025e+01,-2.979347983540945877e-01,0.000000000000000000e+00,4.985000000000000142e+01,5.057900000000000063e+01,6.000000000000000000e+01,0.000000000000000000e+00
2.594000000000000000e+03,2.323924473139300773e+01,-2.275634841208754811e+00,2.589131927732596239e+01,-3.764397047241981875e-01,0.000000000000000000e+00,4.985000000000000142e+01,5.061099999999999710e+01,6.000000000000000000e+01,0.000000000000000000e+00
2.595000000000000000e+03,2.361761370975001029e+01,-2.084254250095270766e+00,2.587884752532979604e+01,-1.769795654845143507e-01,0.000000000000000000e+00,4.985000000000000142e+01,5.054699999999999704e+01,6.000000000000000000e+01,0.000000000000000000e+00
2.596000000000000000e+03,2.361286875860567491e+01,-2.084254250095270766e+00,2.586637577333362970e+01,-1.692527646326848212e-01,0.000000000000000000e+00,4.985000000000000142e+01,5.054699999999999704e+01,6.000000000000000000e+01,0.000000000000000000e+00
2.597000000000000000e+03,2.360778646087988264e+01,-2.084254250095270766e+00,2.585390402133746335e+01,-1.618633103623116631e-01,0.000000000000000000e+00,4.985000000000000142e+01,5.054699999999999704e+01,6.000000000000000000e+01,0.000000000000000000e+00
2.598000000000000000e+03,2.435935117717041010e+01,-1.698502746132161789e+00,2.584374052760170670e+01,2.141133957008636568e-01,0.000000000000000000e+00,4.985000000000000142e+01,5.041799999999999926e+01,6.000000000000000000e+01,0.000000000000000000e+00
2.599000000000000000e+03,2.415206423353729193e+01,-1.794193041688914469e+00,2.583300444266956930e+01,1.132528325566371091e-01,0.000000000000000000e+00,4.985000000000000142e+01,5.045000000000000284e+01,6.000000000000000000e+01,0.000000000000000000e+00
2.600000000000000000e+03,2.394860819853045797e+01,-1.889883337245645611e+00,2.582169576654105114e+01,1.679576923505310404e-02,0.000000000000000000e+00,4.985000000000000142e+01,5.048199999999999932e+01,6.000000000000000000e+01,0.000000000000000000e+00
2.601000000000000000e+03,2.412434164382815993e+01,-1.794193041688914469e+00,2.581095968160891374e+01,1.075750039081585230e-01,0.000000000000000000e+00,4.985000000000000142e+01,5.045000000000000284e+01,6.000000000000000000e+01,0.000000000000000000e+00
2.602000000000000000e+03,2.372749010444019646e+01,-1.988563954538539402e+00,2.579906052080912815e+01,-8.300646183039364634e-02,0.000000000000000000e+00,4.985000000000000142e+01,5.051500000000000057e+01,6.000000000000000000e+01,0.000000000000000000e+00
2.603000000000000000e+03,2.447618457849748808e+01,-1.602812450575430425e+00,2.578946961826975226e+01,2.895274108031655746e-01,0.000000000000000000e+00,4.985000000000000142e+01,5.038600000000000279e+01,6.000000000000000000e+01,0.000000000000000000e+00
2.604000000000000000e+03,2.539869816187787777e+01,-1.121370651055568768e+00,2.578275956518716683e+01,7.373092477462768191e-01,0.000000000000000000e+00,4.985000000000000142e+01,5.022500000000000142e+01,6.000000000000000000e+01,0.000000000000000000e+00
2.605000000000000000e+03,2.498424689071346450e+01,-1.312751242169052812e+00,2.577490432971181988e+01,5.220938031706993110e-01,0.000000000000000000e+00,4.985000000000000142e+01,5.028900000000000148e+01,6.000000000000000000e+01,0.000000000000000000e+00
2.606000000000000000e+03,2.476582200171683823e+01,-1.408441537725784176e+00,2.576647650304009218e+01,4.077870364025331651e-01,0.000000000000000000e+00,4.985000000000000142e+01,5.032099999999999795e+01,6.000000000000000000e+01,0.000000000000000000e+00
2.607000000000000000e+03,2.511514131093126068e+01,-1.217060946612300132e+00,2.575919385876112599e+01,5.730083987824347025e-01,0.000000000000000000e+00,4.985000000000000142e+01,5.025699999999999790e+01,6.000000000000000000e+01,0.000000000000000000e+00
2.608000000000000000e+03,2.470729070575558239e+01,-1.408441537725784176e+00,2.575076603208939829e+01,3.649662113919710515e-01,0.000000000000000000e+00,4.985000000000000142e+01,5.032099999999999795e+01,6.000000000000000000e+01,0.000000000000000000e+00
2.609000000000000000e+03,2.505847954146738132e+01,-1.217060946612300132e+00,2.574348338781043211e+01,5.320571002692501272e-01,0.000000000000000000e+00,4.985000000000000142e+01,5.025699999999999790e+01,6.000000000000000000e+01,0.000000000000000000e+00
2.610000000000000000e+03,2.484019225326412084e+01,-1.312751242169052812e+00,2.573562815233508516e+01,4.173153430980905965e-01,0.000000000000000000e+00,4.985000000000000142e+01,5.028900000000000148e+01,6.000000000000000000e+01,0.000000000000000000e+00
2.611000000000000000e+03,2.518966815464085585e+01,-1.121370651055568768e+00,2.572891809925249973e+01,5.821207064439218870e-01,0.000000000000000000e+00,4.985000000000000142e+01,5.022500000000000142e+01,6.000000000000000000e+01,0.000000000000000000e+00
2.612000000000000000e+03,2.629593156842302193e+01,-5.412482342428134308e-01,2.572567938029797219e+01,1.111500422367865060e+00,0.000000000000000000e+00,4.985000000000000142e+01,5.003099999999999881e+01,6.000000000000000000e+01,0.000000000000000000e+00
2.613000000000000000e+03,2.680749177647602011e+01,-2.541773475725981335e-01,2.572415843493258691e+01,1.337510689116028662e+00,0.000000000000000000e+00,4.985000000000000142e+01,4.993500000000000227e+01,6.000000000000000000e+01,0.000000000000000000e+00
2.614000000000000000e+03,2.618424983606351120e+01,-5.412482342428134308e-01,2.572091971597805937e+01,1.004578354328267142e+00,0.000000000000000000e+00,4.985000000000000142e+01,5.003099999999999881e+01,6.000000000000000000e+01,0.000000000000000000e+00
2.615000000000000000e+03,2.651270277223333593e+01,-3.498676431293294975e-01,2.571882617941629334e+01,1.143744235946371424e+00,0.000000000000000000e+00,4.985000000000000142e+01,4.996699999999999875e+01,6.000000000000000000e+01,0.000000000000000000e+00
2.616000000000000000e+03,2.702986840255783818e+01,-5.980643472295177343e-02,2.571846830991855626e+01,1.371206527362233585e+00,0.000000000000000000e+00,4.985000000000000142e+01,4.986999999999999744e+01,6.000000000000000000e+01,0.000000000000000000e+00
2.617000000000000000e+03,2.734519546519387134e+01,1.315741563905321321e-01,2.571925562281358069e+01,1.494365685989759385e+00,0.000000000000000000e+00,4.985000000000000142e+01,4.980599999999999739e+01,6.000000000000000000e+01,0.000000000000000000e+00
2.618000000000000000e+03,2.784993406402599803e+01,4.216353647968886231e-01,2.572177860277263406e+01,1.706520096456475510e+00,0.000000000000000000e+00,4.985000000000000142e+01,4.970900000000000318e+01,6.000000000000000000e+01,0.000000000000000000e+00
2.619000000000000000e+03,2.834714582057527821e+01,7.116965732032662917e-01,2.572603724979571638e+01,1.909411997576294873e+00,0.000000000000000000e+00,4.985000000000000142e+01,4.961200000000000188e+01,6.000000000000000000e+01,0.000000000000000000e+00
2.620000000000000000e+03,2.845581632238734926e+01,8.073868687600188609e-01,2.573086848801517945e+01,1.917560965612151280e+00,0.000000000000000000e+00,4.985000000000000142e+01,4.957999999999999829e+01,6.000000000000000000e+01,0.000000000000000000e+00
2.621000000000000000e+03,2.932167326958605003e+01,1.288828668279880629e+00,2.573858057569143298e+01,2.294264025614735747e+00,0.000000000000000000e+00,4.985000000000000142e+01,4.941899999999999693e+01,6.000000000000000000e+01,0.000000000000000000e+00
2.622000000000000000e+03,2.961063824293247393e+01,1.483199581129505562e+00,2.574745573923533470e+01,2.379982922567634773e+00,0.000000000000000000e+00,4.985000000000000142e+01,4.935399999999999920e+01,6.000000000000000000e+01,0.000000000000000000e+00
2.623000000000000000e+03,3.007893129762113205e+01,1.770270467799720970e+00,2.575804867636837514e+01,2.550612153453033937e+00,0.000000000000000000e+00,4.985000000000000142e+01,4.925800000000000267e+01,6.000000000000000000e+01,0.000000000000000000e+00
2.624000000000000000e+03,2.941484010013591899e+01,1.483199581129505562e+00,2.576692383991227686e+01,2.164716679094139451e+00,0.000000000000000000e+00,4.985000000000000142e+01,4.935399999999999920e+01,6.000000000000000000e+01,0.000000000000000000e+00
2.625000000000000000e+03,2.932920528658612369e+01,1.483199581129505562e+00,2.577579900345617858e+01,2.070206702000441101e+00,0.000000000000000000e+00,4.985000000000000142e+01,4.935399999999999920e+01,6.000000000000000000e+01,0.000000000000000000e+00
2.626000000000000000e+03,2.962324753614954886e+01,1.674580172242989606e+00,2.578581934939284181e+01,2.162848014513715444e+00,0.000000000000000000e+00,4.985000000000000142e+01,4.928999999999999915e+01,6.000000000000000000e+01,0.000000000000000000e+00
2.627000000000000000e+03,2.953883948954738514e+01,1.674580172242989606e+00,2.579583969532950505e+01,2.068419621974890710e+00,0.000000000000000000e+00,4.985000000000000142e+01,4.928999999999999915e+01,6.000000000000000000e+01,0.000000000000000000e+00
2.628000000000000000e+03,2.870158448652602701e+01,1.288828668279880629e+00,2.580355178300575858e+01,1.609204035240387132e+00,0.000000000000000000e+00,4.985000000000000142e+01,4.941899999999999693e+01,6.000000000000000000e+01,0.000000000000000000e+00
2.629000000000000000e+03,2.882681529323712510e+01,1.384518963836611771e+00,2.581183646187839287e+01,1.630459867522118911e+00,0.000000000000000000e+00,4.985000000000000142e+01,4.938700000000000045e+01,6.000000000000000000e+01,0.000000000000000000e+00
2.630000000000000000e+03,2.781917021914828325e+01,9.030771643167502249e-01,2.581724029129423670e+01,1.098852763537295329e+00,0.000000000000000000e+00,4.985000000000000142e+01,4.954800000000000182e+01,6.000000000000000000e+01,0.000000000000000000e+00
2.631000000000000000e+03,2.758882351263950383e+01,8.073868687600188609e-01,2.582207152951369977e+01,9.593651143657827562e-01,0.000000000000000000e+00,4.985000000000000142e+01,4.957999999999999829e+01,6.000000000000000000e+01,0.000000000000000000e+00
2.632000000000000000e+03,2.717035075131290256e+01,6.130159559103725009e-01,2.582573969186551466e+01,7.315951035370156230e-01,0.000000000000000000e+00,4.985000000000000142e+01,4.964500000000000313e+01,6.000000000000000000e+01,0.000000000000000000e+00
2.633000000000000000e+03,2.733572139064683171e+01,7.116965732032662917e-01,2.582999833888859698e+01,7.940264785549686621e-01,0.000000000000000000e+00,4.985000000000000142e+01,4.961200000000000188e+01,6.000000000000000000e+01,0.000000000000000000e+00
2.634000000000000000e+03,2.673611919167753825e+01,4.216353647968886231e-01,2.583252131884765035e+01,4.819625080329988376e-01,0.000000000000000000e+00,4.985000000000000142e+01,4.970900000000000318e+01,6.000000000000000000e+01,0.000000000000000000e+00
2.635000000000000000e+03,2.709315085964990288e+01,6.130159559103725009e-01,2.583618948119946523e+01,6.439454225400622622e-01,0.000000000000000000e+00,4.985000000000000142e+01,4.964500000000000313e+01,6.000000000000000000e+01,0.000000000000000000e+00
2.636000000000000000e+03,2.669315400154281193e+01,4.216353647968886231e-01,2.583871246115851861e+01,4.328061755874049732e-01,0.000000000000000000e+00,4.985000000000000142e+01,4.970900000000000318e+01,6.000000000000000000e+01,0.000000000000000000e+00
2.637000000000000000e+03,2.743375060668853038e+01,8.073868687600188609e-01,2.584354369937798168e+01,7.828200385505290626e-01,0.000000000000000000e+00,4.985000000000000142e+01,4.957999999999999829e+01,6.000000000000000000e+01,0.000000000000000000e+00
2.638000000000000000e+03,2.740440448367342441e+01,8.073868687600188609e-01,2.584837493759744476e+01,7.486426773159593484e-01,0.000000000000000000e+00,4.985000000000000142e+01,4.957999999999999829e+01,6.000000000000000000e+01,0.000000000000000000e+00
2.639000000000000000e+03,2.794574473935612247e+01,1.097448077166396585e+00,2.585494184288093678e+01,9.933548193087897715e-01,0.000000000000000000e+00,4.985000000000000142e+01,4.948299999999999699e+01,6.000000000000000000e+01,0.000000000000000000e+00
2.640000000000000000e+03,2.790894248592916682e+01,1.097448077166396585e+00,2.586150874816442879e+01,9.499856605983413305e-01,0.000000000000000000e+00,4.985000000000000142e+01,4.948299999999999699e+01,6.000000000000000000e+01,0.000000000000000000e+00
2.641000000000000000e+03,2.824958452417672916e+01,1.288828668279880629e+00,2.586922083584068233e+01,1.091535020056167982e+00,0.000000000000000000e+00,4.985000000000000142e+01,4.941899999999999693e+01,6.000000000000000000e+01,0.000000000000000000e+00
2.642000000000000000e+03,2.745267134373098017e+01,9.030771643167502249e-01,2.587462466525652616e+01,6.749695141577007895e-01,0.000000000000000000e+00,4.985000000000000142e+01,4.954800000000000182e+01,6.000000000000000000e+01,0.000000000000000000e+00
2.643000000000000000e+03,2.761638190108854118e+01,9.987674598735027942e-01,2.588060108586875074e+01,7.370133553462882015e-01,0.000000000000000000e+00,4.985000000000000142e+01,4.951599999999999824e+01,6.000000000000000000e+01,0.000000000000000000e+00
2.644000000000000000e+03,2.740240543472942392e+01,9.030771643167502249e-01,2.588600491528459457e+01,6.133233551280768969e-01,0.000000000000000000e+00,4.985000000000000142e+01,4.954800000000000182e+01,6.000000000000000000e+01,0.000000000000000000e+00
2.645000000000000000e+03,2.776245081346731780e+01,1.097448077166396585e+00,2.589257182056808659e+01,7.724309157328327347e-01,0.000000000000000000e+00,4.985000000000000142e+01,4.948299999999999699e+01,6.000000000000000000e+01,0.000000000000000000e+00
2.646000000000000000e+03,2.735387513219770383e+01,9.030771643167502249e-01,2.589797564998393042e+01,5.528223178970222973e-01,0.000000000000000000e+00,4.985000000000000142e+01,4.954800000000000182e+01,6.000000000000000000e+01,0.000000000000000000e+00
2.647000000000000000e+03,2.752291854850727049e+01,9.987674598735027942e-01,2.590395207059615501e+01,6.201990180376121264e-01,0.000000000000000000e+00,4.985000000000000142e+01,4.951599999999999824e+01,6.000000000000000000e+01,0.000000000000000000e+00
2.648000000000000000e+03,2.750181752496509446e+01,9.987674598735027942e-01,2.590992849120837960e+01,5.931215738832125162e-01,0.000000000000000000e+00,4.985000000000000142e+01,4.951599999999999824e+01,6.000000000000000000e+01,0.000000000000000000e+00
2.649000000000000000e+03,2.748189868320749341e+01,9.987674598735027942e-01,2.591590491182060418e+01,5.672263115133866496e-01,0.000000000000000000e+00,4.985000000000000142e+01,4.951599999999999824e+01,6.000000000000000000e+01,0.000000000000000000e+00
2.650000000000000000e+03,2.803230462965340664e+01,1.288828668279880629e+00,2.592361699949685772e+01,8.198589618766696230e-01,0.000000000000000000e+00,4.985000000000000142e+01,4.941899999999999693e+01,6.000000000000000000e+01,0.000000000000000000e+00
2.651000000000000000e+03,2.800422226327692599e+01,1.288828668279880629e+00,2.593132908717311125e+01,7.840645078239331101e-01,0.000000000000000000e+00,4.985000000000000142e+01,4.941899999999999693e+01,6.000000000000000000e+01,0.000000000000000000e+00
2.652000000000000000e+03,2.740850843745552012e+01,9.987674598735027942e-01,2.593730550778533583e+01,4.724354697966823280e-01,0.000000000000000000e+00,4.985000000000000142e+01,4.951599999999999824e+01,6.000000000000000000e+01,0.000000000000000000e+00
2.653000000000000000e+03,2.739385866441388373e+01,9.987674598735027942e-01,2.594328192839756042e+01,4.518092761428229576e-01,0.000000000000000000e+00,4.985000000000000142e+01,4.951599999999999824e+01,6.000000000000000000e+01,0.000000000000000000e+00
2.654000000000000000e+03,2.738010941618853877e+01,9.987674598735027942e-01,2.594925834900978501e+01,4.320836073052514159e-01,0.000000000000000000e+00,4.985000000000000142e+01,4.951599999999999824e+01,6.000000000000000000e+01,0.000000000000000000e+00
2.655000000000000000e+03,2.736722137651209863e+01,9.987674598735027942e-01,2.595523476962200959e+01,4.132191470165865188e-01,0.000000000000000000e+00,4.985000000000000142e+01,4.951599999999999824e+01,6.000000000000000000e+01,0.000000000000000000e+00
2.656000000000000000e+03,2.697960612031599226e+01,8.073868687600188609e-01,2.596006600784147267e+01,2.121532437145002004e-01,0.000000000000000000e+00,4.985000000000000142e+01,4.957999999999999829e+01,6.000000000000000000e+01,0.000000000000000000e+00
2.657000000000000000e+03,2.659375609316121469e+01,6.130159559103725009e-01,2.596373417019328755e+01,1.700596705755264004e-02,0.000000000000000000e+00,4.985000000000000142e+01,4.964500000000000313e+01,6.000000000000000000e+01,0.000000000000000000e+00
2.658000000000000000e+03,2.640890637453194856e+01,5.173256603536411369e-01,2.596682974134872168e+01,-7.524902717041435929e-02,0.000000000000000000e+00,4.985000000000000142e+01,4.967699999999999960e+01,6.000000000000000000e+01,0.000000000000000000e+00
2.659000000000000000e+03,2.603973643890363476e+01,3.259450692401572591e-01,2.596878013011139430e+01,-2.549887604479167957e-01,0.000000000000000000e+00,4.985000000000000142e+01,4.974099999999999966e+01,6.000000000000000000e+01,0.000000000000000000e+00
2.660000000000000000e+03,2.548362523437364047e+01,3.588386083377956282e-02,2.596899485181003797e+01,-5.212534782701794267e-01,0.000000000000000000e+00,4.985000000000000142e+01,4.983800000000000097e+01,6.000000000000000000e+01,0.000000000000000000e+00
2.661000000000000000e+03,2.569437292161135034e+01,1.315741563905321321e-01,2.596978216470506240e+01,-4.069833994842432245e-01,0.000000000000000000e+00,4.985000000000000142e+01,4.980599999999999739e+01,6.000000000000000000e+01,0.000000000000000000e+00
2.662000000000000000e+03,2.514960259974833079e+01,-1.554967302797043427e-01,2.596885170401094456e+01,-6.637523739829098712e-01,0.000000000000000000e+00,4.985000000000000142e+01,4.990200000000000102e+01,6.000000000000000000e+01,0.000000000000000000e+00
2.663000000000000000e+03,2.517765109148103164e+01,-1.554967302797043427e-01,2.596792124331682672e+01,-6.347734215560898452e-01,0.000000000000000000e+00,4.985000000000000142e+01,4.990200000000000102e+01,6.000000000000000000e+01,0.000000000000000000e+00
2.664000000000000000e+03,2.501079098863599981e+01,-2.541773475725981335e-01,2.596640029795144144e+01,-7.014319617428445008e-01,0.000000000000000000e+00,4.985000000000000142e+01,4.993500000000000227e+01,6.000000000000000000e+01,0.000000000000000000e+00
2.665000000000000000e+03,2.485211864680453431e+01,-3.498676431293294975e-01,2.596430676138967542e+01,-7.623204714558109441e-01,0.000000000000000000e+00,4.985000000000000142e+01,4.996699999999999875e+01,6.000000000000000000e+01,0.000000000000000000e+00
2.666000000000000000e+03,2.526472628205262083e+01,-1.554967302797043427e-01,2.596337630069555757e+01,-5.431532883632325115e-01,0.000000000000000000e+00,4.985000000000000142e+01,4.990200000000000102e+01,6.000000000000000000e+01,0.000000000000000000e+00
2.667000000000000000e+03,2.509386610992692823e+01,-2.541773475725981335e-01,2.596185535533017230e+01,-6.138118978306479345e-01,0.000000000000000000e+00,4.985000000000000142e+01,4.993500000000000227e+01,6.000000000000000000e+01,0.000000000000000000e+00
2.668000000000000000e+03,2.531278714593652168e+01,-1.554967302797043427e-01,2.596092489463605446e+01,-4.926410184198294351e-01,0.000000000000000000e+00,4.985000000000000142e+01,4.990200000000000102e+01,6.000000000000000000e+01,0.000000000000000000e+00
2.669000000000000000e+03,2.533336503865230682e+01,-1.554967302797043427e-01,2.595999443394193662e+01,-4.711326650099236235e-01,0.000000000000000000e+00,4.985000000000000142e+01,4.990200000000000102e+01,6.000000000000000000e+01,0.000000000000000000e+00
2.670000000000000000e+03,2.497158508512293196e+01,-3.498676431293294975e-01,2.595790089738017059e+01,-6.364481691279079145e-01,0.000000000000000000e+00,4.985000000000000142e+01,4.996699999999999875e+01,6.000000000000000000e+01,0.000000000000000000e+00
2.671000000000000000e+03,2.537869722596076727e+01,-1.554967302797043427e-01,2.595697043668605275e+01,-4.227764804455814707e-01,0.000000000000000000e+00,4.985000000000000142e+01,4.990200000000000102e+01,6.000000000000000000e+01,0.000000000000000000e+00
2.672000000000000000e+03,2.520258148876792959e+01,-2.541773475725981335e-01,2.595544949132066748e+01,-4.986906549801402577e-01,0.000000000000000000e+00,4.985000000000000142e+01,4.993500000000000227e+01,6.000000000000000000e+01,0.000000000000000000e+00
2.673000000000000000e+03,2.541647641391050882e+01,-1.554967302797043427e-01,2.595451903062654964e+01,-3.825458864363348588e-01,0.000000000000000000e+00,4.985000000000000142e+01,4.990200000000000102e+01,6.000000000000000000e+01,0.000000000000000000e+00
2.674000000000000000e+03,2.543224763215366480e+01,-1.554967302797043427e-01,2.595358856993243180e+01,-3.658442074990634896e-01,0.000000000000000000e+00,4.985000000000000142e+01,4.990200000000000102e+01,6.000000000000000000e+01,0.000000000000000000e+00
2.675000000000000000e+03,2.563506507973797000e+01,-5.980643472295177343e-02,2.595323070043469471e+01,-2.583591859737720542e-01,0.000000000000000000e+00,4.985000000000000142e+01,4.986999999999999744e+01,6.000000000000000000e+01,0.000000000000000000e+00
2.676000000000000000e+03,2.526456817996843895e+01,-2.541773475725981335e-01,2.595170975506930944e+01,-4.329642275282731267e-01,0.000000000000000000e+00,4.985000000000000142e+01,4.993500000000000227e+01,6.000000000000000000e+01,0.000000000000000000e+00
2.677000000000000000e+03,2.603891977442694383e+01,1.315741563905321321e-01,2.595249706796433387e+01,-4.515144992792025080e-02,0.000000000000000000e+00,4.985000000000000142e+01,4.980599999999999739e+01,6.000000000000000000e+01,0.000000000000000000e+00
2.678000000000000000e+03,2.528470873494298488e+01,-2.541773475725981335e-01,2.595097612259894859e+01,-4.120900400833683030e-01,0.000000000000000000e+00,4.985000000000000142e+01,4.993500000000000227e+01,6.000000000000000000e+01,0.000000000000000000e+00
2.679000000000000000e+03,2.549482273937236343e+01,-1.554967302797043427e-01,2.595004566190483075e+01,-2.997261922527618139e-01,0.000000000000000000e+00,4.985000000000000142e+01,4.990200000000000102e+01,6.000000000000000000e+01,0.000000000000000000e+00
2.680000000000000000e+03,2.512555930222112011e+01,-3.498676431293294975e-01,2.594795212534306472e+01,-4.725251799926166729e-01,0.000000000000000000e+00,4.985000000000000142e+01,4.996699999999999875e+01,6.000000000000000000e+01,0.000000000000000000e+00
2.681000000000000000e+03,2.476854505067478129e+01,-5.412482342428134308e-01,2.594471340638853718e+01,-6.349201214709396801e-01,0.000000000000000000e+00,4.985000000000000142e+01,5.003099999999999881e+01,6.000000000000000000e+01,0.000000000000000000e+00
2.682000000000000000e+03,2.479302648868862846e+01,-5.412482342428134308e-01,2.594147468743400964e+01,-6.071999645025657477e-01,0.000000000000000000e+00,4.985000000000000142e+01,5.003099999999999881e+01,6.000000000000000000e+01,0.000000000000000000e+00
2.683000000000000000e+03,2.537962392251937871e+01,-2.541773475725981335e-01,2.593995374206862436e+01,-3.061524719766487990e-01,0.000000000000000000e+00,4.985000000000000142e+01,4.993500000000000227e+01,6.000000000000000000e+01,0.000000000000000000e+00
2.684000000000000000e+03,2.558511276873206342e+01,-1.554967302797043427e-01,2.593902328137450652e+01,-1.984137823627369346e-01,0.000000000000000000e+00,4.985000000000000142e+01,4.990200000000000102e+01,6.000000000000000000e+01,0.000000000000000000e+00
2.685000000000000000e+03,2.521142610445346222e+01,-3.498676431293294975e-01,2.593692974481274049e+01,-3.756359972299498917e-01,0.000000000000000000e+00,4.985000000000000142e+01,4.996699999999999875e+01,6.000000000000000000e+01,0.000000000000000000e+00
2.686000000000000000e+03,2.503795715336321237e+01,-4.455579386860820668e-01,2.593426361705459371e+01,-4.507485250052994386e-01,0.000000000000000000e+00,4.985000000000000142e+01,4.999900000000000233e+01,6.000000000000000000e+01,0.000000000000000000e+00
2.687000000000000000e+03,2.505497038280902800e+01,-4.455579386860820668e-01,2.593159748929644692e+01,-4.310691678013368611e-01,0.000000000000000000e+00,4.985000000000000142e+01,4.999900000000000233e+01,6.000000000000000000e+01,0.000000000000000000e+00
2.688000000000000000e+03,2.525889983829926422e+01,-3.498676431293294975e-01,2.592950395273468089e+01,-3.207364713060882333e-01,0.000000000000000000e+00,4.985000000000000142e+01,4.996699999999999875e+01,6.000000000000000000e+01,0.000000000000000000e+00
2.689000000000000000e+03,2.565222823292332421e+01,-1.554967302797043427e-01,2.592857349204056305e+01,-1.208485288375337474e-01,0.000000000000000000e+00,4.985000000000000142e+01,4.990200000000000102e+01,6.000000000000000000e+01,0.000000000000000000e+00
2.690000000000000000e+03,2.584434934495389768e+01,-5.980643472295177343e-02,2.592821562254282597e+01,-2.405984286597660782e-02,0.000000000000000000e+00,4.985000000000000142e+01,4.986999999999999744e+01,6.000000000000000000e+01,0.000000000000000000e+00
2.691000000000000000e+03,2.584504191093351722e+01,-5.980643472295177343e-02,2.592785775304508888e+01,-2.300940738862213703e-02,0.000000000000000000e+00,4.985000000000000142e+01,4.986999999999999744e+01,6.000000000000000000e+01,0.000000000000000000e+00
2.692000000000000000e+03,2.716598448592371895e+01,6.130159559103725009e-01,2.593152591539690377e+01,6.214426146164416798e-01,0.000000000000000000e+00,4.985000000000000142e+01,4.964500000000000313e+01,6.000000000000000000e+01,0.000000000000000000e+00
2.693000000000000000e+03,2.676697008426552316e+01,4.216353647968886231e-01,2.593404889535595714e+01,4.112858241126787773e-01,0.000000000000000000e+00,4.985000000000000142e+01,4.970900000000000318e+01,6.000000000000000000e+01,0.000000000000000000e+00
2.694000000000000000e+03,2.656376120756776160e+01,3.259450692401572591e-01,2.593599928411862976e+01,3.018168542089757489e-01,0.000000000000000000e+00,4.985000000000000142e+01,4.974099999999999966e+01,6.000000000000000000e+01,0.000000000000000000e+00
2.695000000000000000e+03,2.617111568205284300e+01,1.315741563905321321e-01,2.593678659701365419e+01,1.027549286486560687e-01,0.000000000000000000e+00,4.985000000000000142e+01,4.980599999999999739e+01,6.000000000000000000e+01,0.000000000000000000e+00
2.696000000000000000e+03,2.616741678848646657e+01,1.315741563905321321e-01,2.593757390990867862e+01,9.826872218725762886e-02,0.000000000000000000e+00,4.985000000000000142e+01,4.980599999999999739e+01,6.000000000000000000e+01,0.000000000000000000e+00
2.697000000000000000e+03,2.616391375947548781e+01,1.315741563905321321e-01,2.593836122280370304e+01,9.397838028125300724e-02,0.000000000000000000e+00,4.985000000000000142e+01,4.980599999999999739e+01,6.000000000000000000e+01,0.000000000000000000e+00
2.698000000000000000e+03,2.578504721839272307e+01,-5.980643472295177343e-02,2.593800335330596596e+01,-9.314970019029233939e-02,0.000000000000000000e+00,4.985000000000000142e+01,4.986999999999999744e+01,6.000000000000000000e+01,0.000000000000000000e+00
2.699000000000000000e+03,2.616430702329455471e+01,1.315741563905321321e-01,2.593879066620099039e+01,9.394220070303334336e-02,0.000000000000000000e+00,4.985000000000000142e+01,4.980599999999999739e+01,6.000000000000000000e+01,0.000000000000000000e+00
2.700000000000000000e+03,2.616099288710743309e+01,1.315741563905321321e-01,2.593957797909601481e+01,8.984075162088803190e-02,0.000000000000000000e+00,4.985000000000000142e+01,4.980599999999999739e+01,6.000000000000000000e+01,0.000000000000000000e+00
2.701000000000000000e+03,2.615785781724457948e+01,1.315741563905321321e-01,2.594036529199103924e+01,8.591836886300956155e-02,0.000000000000000000e+00,4.985000000000000142e+01,4.980599999999999739e+01,6.000000000000000000e+01,0.000000000000000000e+00
2.702000000000000000e+03,2.596711858313812371e+01,3.588386083377956282e-02,2.594058001368968291e+01,-9.345291385341625290e-03,0.000000000000000000e+00,4.985000000000000142e+01,4.983800000000000097e+01,6.000000000000000000e+01,0.000000000000000000e+00
2.703000000000000000e+03,2.559219048823247888e+01,-1.554967302797043427e-01,2.593964955299556507e+01,-1.919623344833804035e-01,0.000000000000000000e+00,4.985000000000000142e+01,4.990200000000000102e+01,6.000000000000000000e+01,0.000000000000000000e+00
2.704000000000000000e+03,2.540599757102876310e+01,-2.541773475725981335e-01,2.593812860763017980e+01,-2.779536890288206719e-01,0.000000000000000000e+00,4.985000000000000142e+01,4.993500000000000227e+01,6.000000000000000000e+01,0.000000000000000000e+00
2.705000000000000000e+03,2.541661188430342122e+01,-2.541773475725981335e-01,2.593660766226479453e+01,-2.658184303887774491e-01,0.000000000000000000e+00,4.985000000000000142e+01,4.993500000000000227e+01,6.000000000000000000e+01,0.000000000000000000e+00
2.706000000000000000e+03,2.562033977519877581e+01,-1.554967302797043427e-01,2.593567720157067669e+01,-1.598406960921965880e-01,0.000000000000000000e+00,4.985000000000000142e+01,4.990200000000000102e+01,6.000000000000000000e+01,0.000000000000000000e+00
2.707000000000000000e+03,2.562638784461541519e+01,-1.554967302797043427e-01,2.593474674087655885e+01,-1.528621659814405342e-01,0.000000000000000000e+00,4.985000000000000142e+01,4.990200000000000102e+01,6.000000000000000000e+01,0.000000000000000000e+00
2.708000000000000000e+03,2.563213123641429192e+01,-1.554967302797043427e-01,2.593381628018244101e+01,-1.461883134884461033e-01,0.000000000000000000e+00,4.985000000000000142e+01,4.990200000000000102e+01,6.000000000000000000e+01,0.000000000000000000e+00
2.709000000000000000e+03,2.563758325260160120e+01,-1.554967302797043427e-01,2.593288581948832316e+01,-1.398058366070183411e-01,0.000000000000000000e+00,4.985000000000000142e+01,4.990200000000000102e+01,6.000000000000000000e+01,0.000000000000000000e+00
2.710000000000000000e+03,2.639972624671555934e+01,2.302547736834046899e-01,2.593426361705461503e+01,2.352078559775386268e-01,0.000000000000000000e+00,4.985000000000000142e+01,4.977300000000000324e+01,6.000000000000000000e+01,0.000000000000000000e+00
2.711000000000000000e+03,2.657861045070467654e+01,3.259450692401572591e-01,2.593621400581728764e+01,3.164513756472315809e-01,0.000000000000000000e+00,4.985000000000000142e+01,4.974099999999999966e+01,6.000000000000000000e+01,0.000000000000000000e+00
2.712000000000000000e+03,2.713007103743222359e+01,6.130159559103725009e-01,2.593988216816910253e+01,5.771729133527463418e-01,0.000000000000000000e+00,4.985000000000000142e+01,4.964500000000000313e+01,6.000000000000000000e+01,0.000000000000000000e+00
2.713000000000000000e+03,2.862247950906648697e+01,1.384518963836611771e+00,2.594816684704173682e+01,1.289793698188138160e+00,0.000000000000000000e+00,4.985000000000000142e+01,4.938700000000000045e+01,6.000000000000000000e+01,0.000000000000000000e+00
2.714000000000000000e+03,2.801112648248048842e+01,1.097448077166396585e+00,2.595473375232522883e+01,9.589446529888610016e-01,0.000000000000000000e+00,4.985000000000000142e+01,4.948299999999999699e+01,6.000000000000000000e+01,0.000000000000000000e+00
2.715000000000000000e+03,2.853915279020866080e+01,1.384518963836611771e+00,2.596301843119786312e+01,1.191615395174186576e+00,0.000000000000000000e+00,4.985000000000000142e+01,4.938700000000000045e+01,6.000000000000000000e+01,0.000000000000000000e+00
2.716000000000000000e+03,2.925238202816230171e+01,1.770270467799720970e+00,2.597361136833090356e+01,1.508500192031676734e+00,0.000000000000000000e+00,4.985000000000000142e+01,4.925800000000000267e+01,6.000000000000000000e+01,0.000000000000000000e+00
2.717000000000000000e+03,2.882156410389105972e+01,1.578889876686236926e+00,2.598305912307118604e+01,1.259615104133638530e+00,0.000000000000000000e+00,4.985000000000000142e+01,4.932200000000000273e+01,6.000000000000000000e+01,0.000000000000000000e+00
2.718000000000000000e+03,2.933934420490059480e+01,1.865960763356473429e+00,2.599422465140060723e+01,1.479158790143514812e+00,0.000000000000000000e+00,4.985000000000000142e+01,4.922599999999999909e+01,6.000000000000000000e+01,0.000000000000000000e+00
2.719000000000000000e+03,2.985512494132933980e+01,2.156021971762851042e+00,2.600712584679405737e+01,1.691977122772432951e+00,0.000000000000000000e+00,4.985000000000000142e+01,4.912899999999999778e+01,6.000000000000000000e+01,0.000000000000000000e+00
2.720000000000000000e+03,2.979415562948246077e+01,2.156021971762851042e+00,2.602002704218750750e+01,1.618106615532103998e+00,0.000000000000000000e+00,4.985000000000000142e+01,4.912899999999999778e+01,6.000000000000000000e+01,0.000000000000000000e+00
2.721000000000000000e+03,2.992418686364253944e+01,2.251712267319582406e+00,2.603350082877733840e+01,1.638973767545618410e+00,0.000000000000000000e+00,4.985000000000000142e+01,4.909700000000000131e+01,6.000000000000000000e+01,0.000000000000000000e+00
2.722000000000000000e+03,3.081084927640171145e+01,2.733154066839444063e+00,2.604985546482395975e+01,2.027839744738310301e+00,0.000000000000000000e+00,4.985000000000000142e+01,4.893599999999999994e+01,6.000000000000000000e+01,0.000000000000000000e+00
2.723000000000000000e+03,3.036311905878253725e+01,2.541773475725960463e+00,2.606506491847781959e+01,1.756280664578755868e+00,0.000000000000000000e+00,4.985000000000000142e+01,4.900000000000000000e+01,6.000000000000000000e+01,0.000000000000000000e+00
2.724000000000000000e+03,3.067720138401777064e+01,2.733154066839444063e+00,2.608141955452444094e+01,1.862627762653887187e+00,0.000000000000000000e+00,4.985000000000000142e+01,4.893599999999999994e+01,6.000000000000000000e+01,0.000000000000000000e+00
2.725000000000000000e+03,3.061223502832326204e+01,2.733154066839444063e+00,2.609777419057106229e+01,1.781306770912755022e+00,0.000000000000000000e+00,4.985000000000000142e+01,4.893599999999999994e+01,6.000000000000000000e+01,0.000000000000000000e+00
2.726000000000000000e+03,3.112001330841041380e+01,3.023215275245821676e+00,2.611586449368171259e+01,1.980933539482879979e+00,0.000000000000000000e+00,4.985000000000000142e+01,4.883899999999999864e+01,6.000000000000000000e+01,0.000000000000000000e+00
2.727000000000000000e+03,3.048242325481674087e+01,2.733154066839444063e+00,2.613221912972833394e+01,1.617050058248964639e+00,0.000000000000000000e+00,4.985000000000000142e+01,4.893599999999999994e+01,6.000000000000000000e+01,0.000000000000000000e+00
2.728000000000000000e+03,3.118514827779040388e+01,3.118905570802553040e+00,2.615088202403536499e+01,1.915360682952485849e+00,0.000000000000000000e+00,4.985000000000000142e+01,4.880700000000000216e+01,6.000000000000000000e+01,0.000000000000000000e+00
2.729000000000000000e+03,3.187715753117837281e+01,3.504657074765683333e+00,2.617185317660280575e+01,2.200647279809882395e+00,0.000000000000000000e+00,4.985000000000000142e+01,4.867799999999999727e+01,6.000000000000000000e+01,0.000000000000000000e+00
2.730000000000000000e+03,3.142649917708271090e+01,3.313276483652199733e+00,2.619167914677748499e+01,1.921543546653028178e+00,0.000000000000000000e+00,4.985000000000000142e+01,4.874199999999999733e+01,6.000000000000000000e+01,0.000000000000000000e+00
2.731000000000000000e+03,3.211940156694512893e+01,3.699027987615308710e+00,2.621381337521257393e+01,2.206560204117247181e+00,0.000000000000000000e+00,4.985000000000000142e+01,4.861299999999999955e+01,6.000000000000000000e+01,0.000000000000000000e+00
2.732000000000000000e+03,3.166378015303856230e+01,3.504657074765683333e+00,2.623478452778001468e+01,1.924338550492866950e+00,0.000000000000000000e+00,4.985000000000000142e+01,4.867799999999999727e+01,6.000000000000000000e+01,0.000000000000000000e+00
2.733000000000000000e+03,3.198215487211020758e+01,3.699027987615308710e+00,2.625691875621510363e+01,2.026208128279792575e+00,0.000000000000000000e+00,4.985000000000000142e+01,4.861299999999999955e+01,6.000000000000000000e+01,0.000000000000000000e+00
2.734000000000000000e+03,3.210360172006524238e+01,3.794718283172040074e+00,2.627962557584657333e+01,2.029257861046632971e+00,0.000000000000000000e+00,4.985000000000000142e+01,4.858100000000000307e+01,6.000000000000000000e+01,0.000000000000000000e+00
2.735000000000000000e+03,3.222548801007219765e+01,3.890408578728792754e+00,2.630290498667442378e+01,2.032174444668980229e+00,0.000000000000000000e+00,4.985000000000000142e+01,4.854899999999999949e+01,6.000000000000000000e+01,0.000000000000000000e+00
2.736000000000000000e+03,3.216004414266650002e+01,3.890408578728792754e+00,2.632618439750227424e+01,1.943451166435435251e+00,0.000000000000000000e+00,4.985000000000000142e+01,4.854899999999999949e+01,6.000000000000000000e+01,0.000000000000000000e+00
2.737000000000000000e+03,3.266766808955982526e+01,4.180469787135169923e+00,2.635119947539415364e+01,2.135998827030500813e+00,0.000000000000000000e+00,4.985000000000000142e+01,4.845199999999999818e+01,6.000000000000000000e+01,0.000000000000000000e+00
2.738000000000000000e+03,3.184245735888685047e+01,3.794718283172040074e+00,2.637390629502562334e+01,1.673832780689184840e+00,0.000000000000000000e+00,4.985000000000000142e+01,4.858100000000000307e+01,6.000000000000000000e+01,0.000000000000000000e+00
2.739000000000000000e+03,3.179208584023535167e+01,3.794718283172040074e+00,2.639661311465709304e+01,1.600754442406220557e+00,0.000000000000000000e+00,4.985000000000000142e+01,4.858100000000000307e+01,6.000000000000000000e+01,0.000000000000000000e+00
2.740000000000000000e+03,3.193268028206253106e+01,3.890408578728792754e+00,2.641989252548494349e+01,1.622379177848797260e+00,0.000000000000000000e+00,4.985000000000000142e+01,4.854899999999999949e+01,6.000000000000000000e+01,0.000000000000000000e+00
2.741000000000000000e+03,3.207290319465169404e+01,3.986098874285523674e+00,2.644374452750917470e+01,1.643059792856992773e+00,0.000000000000000000e+00,4.985000000000000142e+01,4.851700000000000301e+01,6.000000000000000000e+01,0.000000000000000000e+00
2.742000000000000000e+03,3.221866377926932756e+01,4.084779491578417243e+00,2.646818701420467335e+01,1.665697273486238306e+00,0.000000000000000000e+00,4.985000000000000142e+01,4.848400000000000176e+01,6.000000000000000000e+01,0.000000000000000000e+00
2.743000000000000000e+03,3.254593394341059565e+01,4.276160082691901287e+00,2.649377468329293350e+01,1.775999177425759079e+00,0.000000000000000000e+00,4.985000000000000142e+01,4.842000000000000171e+01,6.000000000000000000e+01,0.000000000000000000e+00
2.744000000000000000e+03,3.136146230502623666e+01,3.699027987615308710e+00,2.651590891172802245e+01,1.146525405682904619e+00,0.000000000000000000e+00,4.985000000000000142e+01,4.861299999999999955e+01,6.000000000000000000e+01,0.000000000000000000e+00
2.745000000000000000e+03,3.133354005684482146e+01,3.699027987615308710e+00,2.653804314016311139e+01,1.096468929066399367e+00,0.000000000000000000e+00,4.985000000000000142e+01,4.861299999999999955e+01,6.000000000000000000e+01,0.000000000000000000e+00
2.746000000000000000e+03,3.168335406383976149e+01,3.890408578728792754e+00,2.656132255099096184e+01,1.231622934120009338e+00,0.000000000000000000e+00,4.985000000000000142e+01,4.854899999999999949e+01,6.000000000000000000e+01,0.000000000000000000e+00
2.747000000000000000e+03,3.127731087569310375e+01,3.699027987615308710e+00,2.658345677942605079e+01,9.948261086517448115e-01,0.000000000000000000e+00,4.985000000000000142e+01,4.861299999999999955e+01,6.000000000000000000e+01,0.000000000000000000e+00
2.748000000000000000e+03,3.144378712264122555e+01,3.794718283172040074e+00,2.660616359905752049e+01,1.042905240411662549e+00,0.000000000000000000e+00,4.985000000000000142e+01,4.858100000000000307e+01,6.000000000000000000e+01,0.000000000000000000e+00
2.749000000000000000e+03,3.179651227304896821e+01,3.986098874285523674e+00,2.663001560108175170e+01,1.180397797681690619e+00,0.000000000000000000e+00,4.985000000000000142e+01,4.851700000000000301e+01,6.000000000000000000e+01,0.000000000000000000e+00
2.750000000000000000e+03,3.139327812880317481e+01,3.794718283172040074e+00,2.665272242071322140e+01,9.458374249179125615e-01,0.000000000000000000e+00,4.985000000000000142e+01,4.858100000000000307e+01,6.000000000000000000e+01,0.000000000000000000e+00
2.751000000000000000e+03,3.137469036507107489e+01,3.794718283172040074e+00,2.667542924034469110e+01,9.045428415543466105e-01,0.000000000000000000e+00,4.985000000000000142e+01,4.858100000000000307e+01,6.000000000000000000e+01,0.000000000000000000e+00
2.752000000000000000e+03,3.173345631854229865e+01,3.986098874285523674e+00,2.669928124236892231e+01,1.048076201887852887e+00,0.000000000000000000e+00,4.985000000000000142e+01,4.851700000000000301e+01,6.000000000000000000e+01,0.000000000000000000e+00
2.753000000000000000e+03,3.190519345985979527e+01,4.084779491578417243e+00,2.672372372906442095e+01,1.096690239216957519e+00,0.000000000000000000e+00,4.985000000000000142e+01,4.848400000000000176e+01,6.000000000000000000e+01,0.000000000000000000e+00
2.754000000000000000e+03,3.206953065021217242e+01,4.180469787135169923e+00,2.674873880695630035e+01,1.140322056120700811e+00,0.000000000000000000e+00,4.985000000000000142e+01,4.845199999999999818e+01,6.000000000000000000e+01,0.000000000000000000e+00
2.755000000000000000e+03,3.242031091059994452e+01,4.371850378248653968e+00,2.677489906724094126e+01,1.273561465110347513e+00,0.000000000000000000e+00,4.985000000000000142e+01,4.838799999999999812e+01,6.000000000000000000e+01,0.000000000000000000e+00
2.756000000000000000e+03,3.220309297839718710e+01,4.276160082691901287e+00,2.680048673632920142e+01,1.126446159376086609e+00,0.000000000000000000e+00,4.985000000000000142e+01,4.842000000000000171e+01,6.000000000000000000e+01,0.000000000000000000e+00
2.757000000000000000e+03,3.180394999103525677e+01,4.084779491578417243e+00,2.682492922302470006e+01,8.942412764321420182e-01,0.000000000000000000e+00,4.985000000000000142e+01,4.848400000000000176e+01,6.000000000000000000e+01,0.000000000000000000e+00
2.758000000000000000e+03,3.273409559014017844e+01,4.566221291098279345e+00,2.685225255917698917e+01,1.315621739864909046e+00,0.000000000000000000e+00,4.985000000000000142e+01,4.832300000000000040e+01,6.000000000000000000e+01,0.000000000000000000e+00
2.759000000000000000e+03,3.232256101807998050e+01,4.371850378248653968e+00,2.687841281946163008e+01,1.072297820369698451e+00,0.000000000000000000e+00,4.985000000000000142e+01,4.838799999999999812e+01,6.000000000000000000e+01,0.000000000000000000e+00
2.760000000000000000e+03,3.192635469954573679e+01,4.180469787135169923e+00,2.690342789735350948e+01,8.424570150570572791e-01,0.000000000000000000e+00,4.985000000000000142e+01,4.845199999999999818e+01,6.000000000000000000e+01,0.000000000000000000e+00
2.761000000000000000e+03,3.229013953391762470e+01,4.371850378248653968e+00,2.692958815763815039e+01,9.887009980308241186e-01,0.000000000000000000e+00,4.985000000000000142e+01,4.838799999999999812e+01,6.000000000000000000e+01,0.000000000000000000e+00
2.762000000000000000e+03,3.132838877304115144e+01,3.890408578728792754e+00,2.695286756846600085e+01,4.851126258463583363e-01,0.000000000000000000e+00,4.985000000000000142e+01,4.854899999999999949e+01,6.000000000000000000e+01,0.000000000000000000e+00
2.763000000000000000e+03,3.189968273430494961e+01,4.180469787135169923e+00,2.697788264635788025e+01,7.413303008118988791e-01,0.000000000000000000e+00,4.985000000000000142e+01,4.845199999999999818e+01,6.000000000000000000e+01,0.000000000000000000e+00
2.764000000000000000e+03,3.170455645048372517e+01,4.084779491578417243e+00,2.700232513305337889e+01,6.174518258519304803e-01,0.000000000000000000e+00,4.985000000000000142e+01,4.848400000000000176e+01,6.000000000000000000e+01,0.000000000000000000e+00
2.765000000000000000e+03,3.170204143346462899e+01,4.084779491578417243e+00,2.702676761974887754e+01,5.904943221373344375e-01,0.000000000000000000e+00,4.985000000000000142e+01,4.848400000000000176e+01,6.000000000000000000e+01,0.000000000000000000e+00
2.766000000000000000e+03,3.150705996741029935e+01,3.986098874285523674e+00,2.705061962177310875e+01,4.703414713516651524e-01,0.000000000000000000e+00,4.985000000000000142e+01,4.851700000000000301e+01,6.000000000000000000e+01,0.000000000000000000e+00
2.767000000000000000e+03,3.132260178558981423e+01,3.890408578728792754e+00,2.707389903260095920e+01,3.582941742600616042e-01,0.000000000000000000e+00,4.985000000000000142e+01,4.854899999999999949e+01,6.000000000000000000e+01,0.000000000000000000e+00
2.768000000000000000e+03,3.114246291717354254e+01,3.794718283172040074e+00,2.709660585223242890e+01,2.511387817690756696e-01,0.000000000000000000e+00,4.985000000000000142e+01,4.858100000000000307e+01,6.000000000000000000e+01,0.000000000000000000e+00
2.769000000000000000e+03,3.077278639081023570e+01,3.600347370322414697e+00,2.711814959599625041e+01,5.428942449157259098e-02,0.000000000000000000e+00,4.985000000000000142e+01,4.864600000000000080e+01,6.000000000000000000e+01,0.000000000000000000e+00
2.770000000000000000e+03,3.079195989725169724e+01,3.600347370322414697e+00,2.713969333976007192e+01,5.191918716921052612e-02,0.000000000000000000e+00,4.985000000000000142e+01,4.864600000000000080e+01,6.000000000000000000e+01,0.000000000000000000e+00
2.771000000000000000e+03,3.062346147389349227e+01,3.504657074765683333e+00,2.716066449232751268e+01,-4.186009319970348391e-02,0.000000000000000000e+00,4.985000000000000142e+01,4.867799999999999727e+01,6.000000000000000000e+01,0.000000000000000000e+00
2.772000000000000000e+03,3.102767901506359394e+01,3.699027987615308710e+00,2.718279872076260162e+01,1.458523066856814709e-01,0.000000000000000000e+00,4.985000000000000142e+01,4.861299999999999955e+01,6.000000000000000000e+01,0.000000000000000000e+00
2.773000000000000000e+03,3.084980204212692811e+01,3.600347370322414697e+00,2.720434246452642313e+01,4.511220727808941400e-02,0.000000000000000000e+00,4.985000000000000142e+01,4.864600000000000080e+01,6.000000000000000000e+01,0.000000000000000000e+00
2.774000000000000000e+03,3.106301961359382702e+01,3.699027987615308710e+00,2.722647669296151207e+01,1.375149330170045703e-01,0.000000000000000000e+00,4.985000000000000142e+01,4.861299999999999955e+01,6.000000000000000000e+01,0.000000000000000000e+00
2.775000000000000000e+03,3.088550664440973392e+01,3.600347370322414697e+00,2.724802043672533358e+01,3.713883736198579644e-02,0.000000000000000000e+00,4.985000000000000142e+01,4.864600000000000080e+01,6.000000000000000000e+01,0.000000000000000000e+00
2.776000000000000000e+03,3.090542893318026785e+01,3.600347370322414697e+00,2.726956418048915509e+01,3.551738236869924487e-02,0.000000000000000000e+00,4.985000000000000142e+01,4.864600000000000080e+01,6.000000000000000000e+01,0.000000000000000000e+00
2.777000000000000000e+03,3.111906540781873076e+01,3.699027987615308710e+00,2.729169840892424403e+01,1.283390112791758519e-01,0.000000000000000000e+00,4.985000000000000142e+01,4.861299999999999955e+01,6.000000000000000000e+01,0.000000000000000000e+00
2.778000000000000000e+03,3.113559644710053931e+01,3.699027987615308710e+00,2.731383263735933298e+01,1.227358221258966625e-01,0.000000000000000000e+00,4.985000000000000142e+01,4.861299999999999955e+01,6.000000000000000000e+01,0.000000000000000000e+00
2.779000000000000000e+03,3.115237211760067026e+01,3.699027987615308710e+00,2.733596686579442192e+01,1.173772641909391623e-01,0.000000000000000000e+00,4.985000000000000142e+01,4.861299999999999955e+01,6.000000000000000000e+01,0.000000000000000000e+00
2.780000000000000000e+03,3.078796293192879929e+01,3.504657074765683333e+00,2.735693801836186267e+01,-7.363216119874838039e-02,0.000000000000000000e+00,4.985000000000000142e+01,4.867799999999999727e+01,6.000000000000000000e+01,0.000000000000000000e+00
2.781000000000000000e+03,3.043659798650421777e+01,3.313276483652199733e+00,2.737676398853654192e+01,-2.534424856845237106e-01,0.000000000000000000e+00,4.985000000000000142e+01,4.874199999999999733e+01,6.000000000000000000e+01,0.000000000000000000e+00
2.782000000000000000e+03,3.065526448642752655e+01,3.408966779208931097e+00,2.739716254990760191e+01,-1.508648426890054073e-01,0.000000000000000000e+00,4.985000000000000142e+01,4.871000000000000085e+01,6.000000000000000000e+01,0.000000000000000000e+00
2.783000000000000000e+03,3.068224969858965068e+01,3.408966779208931097e+00,2.741756111127866191e+01,-1.442781918979425815e-01,0.000000000000000000e+00,4.985000000000000142e+01,4.871000000000000085e+01,6.000000000000000000e+01,0.000000000000000000e+00
2.784000000000000000e+03,3.033339651698272732e+01,3.217586188095447053e+00,2.743681449025696040e+01,-3.210041613696772433e-01,0.000000000000000000e+00,4.985000000000000142e+01,4.877400000000000091e+01,6.000000000000000000e+01,0.000000000000000000e+00
2.785000000000000000e+03,3.074221553265734386e+01,3.408966779208931097e+00,2.745721305162802039e+01,-1.239642981796078847e-01,0.000000000000000000e+00,4.985000000000000142e+01,4.871000000000000085e+01,6.000000000000000000e+01,0.000000000000000000e+00
2.786000000000000000e+03,3.019883206671899600e+01,3.118905570802553040e+00,2.747587594593505145e+01,-3.959494500186094279e-01,0.000000000000000000e+00,4.985000000000000142e+01,4.880700000000000216e+01,6.000000000000000000e+01,0.000000000000000000e+00
2.787000000000000000e+03,3.080397604956014845e+01,3.408966779208931097e+00,2.749627450730611145e+01,-1.012652369548961984e-01,0.000000000000000000e+00,4.985000000000000142e+01,4.871000000000000085e+01,6.000000000000000000e+01,0.000000000000000000e+00
2.788000000000000000e+03,3.082879577852206054e+01,3.408966779208931097e+00,2.751667306867717144e+01,-9.684406936404077459e-02,0.000000000000000000e+00,4.985000000000000142e+01,4.871000000000000085e+01,6.000000000000000000e+01,0.000000000000000000e+00
2.789000000000000000e+03,3.047787165715778812e+01,3.217586188095447053e+00,2.753592644765546993e+01,-2.756409785931272505e-01,0.000000000000000000e+00,4.985000000000000142e+01,4.877400000000000091e+01,6.000000000000000000e+01,0.000000000000000000e+00
2.790000000000000000e+03,3.069693473615843615e+01,3.313276483652199733e+00,2.755575241783014917e+01,-1.720941653239135283e-01,0.000000000000000000e+00,4.985000000000000142e+01,4.874199999999999733e+01,6.000000000000000000e+01,0.000000000000000000e+00
2.791000000000000000e+03,2.977952916917035608e+01,2.831834684132338076e+00,2.757269753854803795e+01,-6.250030535100202789e-01,0.000000000000000000e+00,4.985000000000000142e+01,4.890299999999999869e+01,6.000000000000000000e+01,0.000000000000000000e+00
2.792000000000000000e+03,3.038708771276643361e+01,3.118905570802553040e+00,2.759136043285506901e+01,-3.231782908911894903e-01,0.000000000000000000e+00,4.985000000000000142e+01,4.880700000000000216e+01,6.000000000000000000e+01,0.000000000000000000e+00
2.793000000000000000e+03,3.004430951406238393e+01,2.927524979689069440e+00,2.760887814476933855e+01,-4.920936103960251717e-01,0.000000000000000000e+00,4.985000000000000142e+01,4.887100000000000222e+01,6.000000000000000000e+01,0.000000000000000000e+00
2.794000000000000000e+03,3.084028131223309543e+01,3.313276483652199733e+00,2.762870411494401779e+01,-1.016992863631228650e-01,0.000000000000000000e+00,4.985000000000000142e+01,4.874199999999999733e+01,6.000000000000000000e+01,0.000000000000000000e+00
2.795000000000000000e+03,3.010757776799626484e+01,2.927524979689069440e+00,2.764622182685828733e+01,-4.661690385510888768e-01,0.000000000000000000e+00,4.985000000000000142e+01,4.887100000000000222e+01,6.000000000000000000e+01,0.000000000000000000e+00
2.796000000000000000e+03,2.976402927870532977e+01,2.733154066839444063e+00,2.766257646290490868e+01,-6.317012510390214164e-01,0.000000000000000000e+00,4.985000000000000142e+01,4.893599999999999994e+01,6.000000000000000000e+01,0.000000000000000000e+00
2.797000000000000000e+03,3.037715775777418514e+01,3.023215275245821676e+00,2.768066676601555898e+01,-3.267242834871961210e-01,0.000000000000000000e+00,4.985000000000000142e+01,4.883899999999999864e+01,6.000000000000000000e+01,0.000000000000000000e+00
2.798000000000000000e+03,3.040951260868757444e+01,3.023215275245821676e+00,2.769875706912620927e+01,-3.124597356844547313e-01,0.000000000000000000e+00,4.985000000000000142e+01,4.883899999999999864e+01,6.000000000000000000e+01,0.000000000000000000e+00
2.799000000000000000e+03,3.044124467967825964e+01,3.023215275245821676e+00,2.771684737223685957e+01,-2.988179678044204368e-01,0.000000000000000000e+00,4.985000000000000142e+01,4.883899999999999864e+01,6.000000000000000000e+01,0.000000000000000000e+00
2.800000000000000000e+03,3.028460574821020757e+01,2.927524979689069440e+00,2.773436508415112911e+01,-3.772843156299892087e-01,0.000000000000000000e+00,4.985000000000000142e+01,4.887100000000000222e+01,6.000000000000000000e+01,0.000000000000000000e+00
2.801000000000000000e+03,3.031859542265535623e+01,2.927524979689069440e+00,2.775188279606539865e+01,-3.608123530991127481e-01,0.000000000000000000e+00,4.985000000000000142e+01,4.887100000000000222e+01,6.000000000000000000e+01,0.000000000000000000e+00
2.802000000000000000e+03,3.035186594303451102e+01,2.927524979689069440e+00,2.776940050797966819e+01,-3.450595446342237249e-01,0.000000000000000000e+00,4.985000000000000142e+01,4.887100000000000222e+01,6.000000000000000000e+01,0.000000000000000000e+00
2.803000000000000000e+03,3.038444870709823675e+01,2.927524979689069440e+00,2.778691821989393773e+01,-3.299944924847713623e-01,0.000000000000000000e+00,4.985000000000000142e+01,4.887100000000000222e+01,6.000000000000000000e+01,0.000000000000000000e+00
2.804000000000000000e+03,3.003495493482695977e+01,2.733154066839444063e+00,2.780327285594055908e+01,-5.014719879530420421e-01,0.000000000000000000e+00,4.985000000000000142e+01,4.893599999999999994e+01,6.000000000000000000e+01,0.000000000000000000e+00
2.805000000000000000e+03,3.007320347807736738e+01,2.733154066839444063e+00,2.781962749198718043e+01,-4.795780807492567299e-01,0.000000000000000000e+00,4.985000000000000142e+01,4.893599999999999994e+01,6.000000000000000000e+01,0.000000000000000000e+00
2.806000000000000000e+03,3.011049614904743876e+01,2.733154066839444063e+00,2.783598212803380179e+01,-4.586400458258047541e-01,0.000000000000000000e+00,4.985000000000000142e+01,4.893599999999999994e+01,6.000000000000000000e+01,0.000000000000000000e+00
2.807000000000000000e+03,2.958354844245332771e+01,2.446083180169229099e+00,2.785061899049128087e+01,-7.131537282071835904e-01,0.000000000000000000e+00,4.985000000000000142e+01,4.903199999999999648e+01,6.000000000000000000e+01,0.000000000000000000e+00
2.808000000000000000e+03,2.981709649767974213e+01,2.541773475725960463e+00,2.786582844414514071e+01,-5.905054221913602630e-01,0.000000000000000000e+00,4.985000000000000142e+01,4.900000000000000000e+01,6.000000000000000000e+01,0.000000000000000000e+00
2.809000000000000000e+03,3.023363781971878339e+01,2.733154066839444063e+00,2.788218308019176206e+01,-3.816993273124221764e-01,0.000000000000000000e+00,4.985000000000000142e+01,4.893599999999999994e+01,6.000000000000000000e+01,0.000000000000000000e+00
2.810000000000000000e+03,3.026665717453870386e+01,2.733154066839444063e+00,2.789853771623838341e+01,-3.650346085391215079e-01,0.000000000000000000e+00,4.985000000000000142e+01,4.893599999999999994e+01,6.000000000000000000e+01,0.000000000000000000e+00
2.811000000000000000e+03,3.029894895969339075e+01,2.733154066839444063e+00,2.791489235228500476e+01,-3.490974594310560786e-01,0.000000000000000000e+00,4.985000000000000142e+01,4.893599999999999994e+01,6.000000000000000000e+01,0.000000000000000000e+00
2.812000000000000000e+03,2.938579989540372495e+01,2.251712267319582406e+00,2.792836613887483566e+01,-7.942785107906938924e-01,0.000000000000000000e+00,4.985000000000000142e+01,4.909700000000000131e+01,6.000000000000000000e+01,0.000000000000000000e+00
2.813000000000000000e+03,2.943395131190504088e+01,2.251712267319582406e+00,2.794183992546466655e+01,-7.596008808792088507e-01,0.000000000000000000e+00,4.985000000000000142e+01,4.909700000000000131e+01,6.000000000000000000e+01,0.000000000000000000e+00
2.814000000000000000e+03,2.948058872796451979e+01,2.251712267319582406e+00,2.795531371205449744e+01,-7.264372514095598365e-01,0.000000000000000000e+00,4.985000000000000142e+01,4.909700000000000131e+01,6.000000000000000000e+01,0.000000000000000000e+00
2.815000000000000000e+03,2.971942163806146553e+01,2.350392884612476418e+00,2.796937798331559577e+01,-6.003492298666047722e-01,0.000000000000000000e+00,4.985000000000000142e+01,4.906400000000000006e+01,6.000000000000000000e+01,0.000000000000000000e+00
2.816000000000000000e+03,2.919050250633953780e+01,2.060331676206098805e+00,2.798170658751266515e+01,-8.515357573792294854e-01,0.000000000000000000e+00,4.985000000000000142e+01,4.916100000000000136e+01,6.000000000000000000e+01,0.000000000000000000e+00
2.817000000000000000e+03,2.924000855075388472e+01,2.060331676206098805e+00,2.799403519170973453e+01,-8.143583171619471761e-01,0.000000000000000000e+00,4.985000000000000142e+01,4.916100000000000136e+01,6.000000000000000000e+01,0.000000000000000000e+00
2.818000000000000000e+03,2.910011604214139780e+01,1.964641380649367219e+00,2.800579120471042316e+01,-8.703165432183935790e-01,0.000000000000000000e+00,4.985000000000000142e+01,4.919299999999999784e+01,6.000000000000000000e+01,0.000000000000000000e+00
2.819000000000000000e+03,2.914986945099448690e+01,1.964641380649367219e+00,2.801754721771111178e+01,-8.323191473659915518e-01,0.000000000000000000e+00,4.985000000000000142e+01,4.919299999999999784e+01,6.000000000000000000e+01,0.000000000000000000e+00
2.820000000000000000e+03,2.881654511383970174e+01,1.770270467799720970e+00,2.802814015484415222e+01,-9.818655088041743362e-01,0.000000000000000000e+00,4.985000000000000142e+01,4.925800000000000267e+01,6.000000000000000000e+01,0.000000000000000000e+00
2.821000000000000000e+03,2.868223018196918872e+01,1.674580172242989606e+00,2.803816050078081545e+01,-1.030510491054617672e+00,0.000000000000000000e+00,4.985000000000000142e+01,4.928999999999999915e+01,6.000000000000000000e+01,0.000000000000000000e+00
2.822000000000000000e+03,2.798027224429863935e+01,1.288828668279880629e+00,2.804587258845706899e+01,-1.354429012438309821e+00,0.000000000000000000e+00,4.985000000000000142e+01,4.941899999999999693e+01,6.000000000000000000e+01,0.000000000000000000e+00
2.823000000000000000e+03,2.842853653786494306e+01,1.483199581129505562e+00,2.805474775200097071e+01,-1.109410795265531657e+00,0.000000000000000000e+00,4.985000000000000142e+01,4.935399999999999920e+01,6.000000000000000000e+01,0.000000000000000000e+00
2.824000000000000000e+03,2.810442897379623517e+01,1.288828668279880629e+00,2.806245983967722424e+01,-1.246859534160868144e+00,0.000000000000000000e+00,4.985000000000000142e+01,4.941899999999999693e+01,6.000000000000000000e+01,0.000000000000000000e+00
2.825000000000000000e+03,2.816657805415178828e+01,1.288828668279880629e+00,2.807017192735347777e+01,-1.192422541481569676e+00,0.000000000000000000e+00,4.985000000000000142e+01,4.941899999999999693e+01,6.000000000000000000e+01,0.000000000000000000e+00
2.826000000000000000e+03,2.765715623483630026e+01,9.987674598735027942e-01,2.807614834796570236e+01,-1.417759573002905116e+00,0.000000000000000000e+00,4.985000000000000142e+01,4.951599999999999824e+01,6.000000000000000000e+01,0.000000000000000000e+00
2.827000000000000000e+03,2.734948019588709300e+01,8.073868687600188609e-01,2.808097958618516543e+01,-1.538886259058092731e+00,0.000000000000000000e+00,4.985000000000000142e+01,4.957999999999999829e+01,6.000000000000000000e+01,0.000000000000000000e+00
2.828000000000000000e+03,2.799069232370243299e+01,1.097448077166396585e+00,2.808754649146865745e+01,-1.194302244932621937e+00,0.000000000000000000e+00,4.985000000000000142e+01,4.948299999999999699e+01,6.000000000000000000e+01,0.000000000000000000e+00
2.829000000000000000e+03,2.766798280115881781e+01,9.030771643167502249e-01,2.809295032088450128e+01,-1.328044684042436030e+00,0.000000000000000000e+00,4.985000000000000142e+01,4.954800000000000182e+01,6.000000000000000000e+01,0.000000000000000000e+00
2.830000000000000000e+03,2.773136810865002033e+01,9.030771643167502249e-01,2.809835415030034511e+01,-1.270063205967078002e+00,0.000000000000000000e+00,4.985000000000000142e+01,4.954800000000000182e+01,6.000000000000000000e+01,0.000000000000000000e+00
2.831000000000000000e+03,2.797999739906894945e+01,9.987674598735027942e-01,2.810433057091256970e+01,-1.123100631717122377e+00,0.000000000000000000e+00,4.985000000000000142e+01,4.951599999999999824e+01,6.000000000000000000e+01,0.000000000000000000e+00
2.832000000000000000e+03,2.784723217481223756e+01,9.030771643167502249e-01,2.810973440032841353e+01,-1.165579389832927415e+00,0.000000000000000000e+00,4.985000000000000142e+01,4.954800000000000182e+01,6.000000000000000000e+01,0.000000000000000000e+00
2.833000000000000000e+03,2.771574895146135731e+01,8.073868687600188609e-01,2.811456563854787660e+01,-1.206203555846537601e+00,0.000000000000000000e+00,4.985000000000000142e+01,4.957999999999999829e+01,6.000000000000000000e+01,0.000000000000000000e+00
2.834000000000000000e+03,2.777324217151629071e+01,8.073868687600188609e-01,2.811939687676733968e+01,-1.153541574011067938e+00,0.000000000000000000e+00,4.985000000000000142e+01,4.957999999999999829e+01,6.000000000000000000e+01,0.000000000000000000e+00
2.835000000000000000e+03,2.782843620722758970e+01,8.073868687600188609e-01,2.812422811498680275e+01,-1.103178776519233351e+00,0.000000000000000000e+00,4.985000000000000142e+01,4.957999999999999829e+01,6.000000000000000000e+01,0.000000000000000000e+00
2.836000000000000000e+03,2.788143143933410428e+01,8.073868687600188609e-01,2.812905935320626583e+01,-1.055014782632182513e+00,0.000000000000000000e+00,4.985000000000000142e+01,4.957999999999999829e+01,6.000000000000000000e+01,0.000000000000000000e+00
2.837000000000000000e+03,2.812009927868423631e+01,9.030771643167502249e-01,2.813446318262210966e+01,-9.174410682546264573e-01,0.000000000000000000e+00,4.985000000000000142e+01,4.954800000000000182e+01,6.000000000000000000e+01,0.000000000000000000e+00
2.838000000000000000e+03,2.797778251424462326e+01,8.073868687600188609e-01,2.813929442084157273e+01,-9.688987753569705541e-01,0.000000000000000000e+00,4.985000000000000142e+01,4.957999999999999829e+01,6.000000000000000000e+01,0.000000000000000000e+00
2.839000000000000000e+03,2.802491517784203268e+01,8.073868687600188609e-01,2.814412565906103580e+01,-9.265973499790227663e-01,0.000000000000000000e+00,4.985000000000000142e+01,4.957999999999999829e+01,6.000000000000000000e+01,0.000000000000000000e+00
2.840000000000000000e+03,2.712545594660867465e+01,3.259450692401572591e-01,2.814607604782370842e+01,-1.346565170455189309e+00,0.000000000000000000e+00,4.985000000000000142e+01,4.974099999999999966e+01,6.000000000000000000e+01,0.000000000000000000e+00
2.841000000000000000e+03,2.680477759762877810e+01,1.315741563905321321e-01,2.814686336071873285e+01,-1.473659919480486913e+00,0.000000000000000000e+00,4.985000000000000142e+01,4.980599999999999739e+01,6.000000000000000000e+01,0.000000000000000000e+00
2.842000000000000000e+03,2.592515880035537634e+01,-3.498676431293294975e-01,2.814476982415696682e+01,-1.869743380672260313e+00,0.000000000000000000e+00,4.985000000000000142e+01,4.996699999999999875e+01,6.000000000000000000e+01,0.000000000000000000e+00
2.843000000000000000e+03,2.581692150565156396e+01,-4.455579386860820668e-01,2.814210369639882003e+01,-1.879624252061172562e+00,0.000000000000000000e+00,4.985000000000000142e+01,4.999900000000000233e+01,6.000000000000000000e+01,0.000000000000000000e+00
2.844000000000000000e+03,2.570854301150703947e+01,-5.412482342428134308e-01,2.813886497744429249e+01,-1.889073731694436598e+00,0.000000000000000000e+00,4.985000000000000142e+01,5.003099999999999881e+01,6.000000000000000000e+01,0.000000000000000000e+00
2.845000000000000000e+03,2.521858567670033580e+01,-8.313094426491911548e-01,2.813389059142573601e+01,-2.083995472076209499e+00,0.000000000000000000e+00,4.985000000000000142e+01,5.012800000000000011e+01,6.000000000000000000e+01,0.000000000000000000e+00
2.846000000000000000e+03,2.587379125741945529e+01,-5.412482342428134308e-01,2.813065187247120846e+01,-1.715612380808936965e+00,0.000000000000000000e+00,4.985000000000000142e+01,5.003099999999999881e+01,6.000000000000000000e+01,0.000000000000000000e+00
2.847000000000000000e+03,2.500070989916488884e+01,-1.022690033762674977e+00,2.812453230405989046e+01,-2.101132371132326426e+00,0.000000000000000000e+00,4.985000000000000142e+01,5.019200000000000017e+01,6.000000000000000000e+01,0.000000000000000000e+00
2.848000000000000000e+03,2.489268086827512150e+01,-1.121370651055568768e+00,2.811782225097730503e+01,-2.103770731646615655e+00,0.000000000000000000e+00,4.985000000000000142e+01,5.022500000000000142e+01,6.000000000000000000e+01,0.000000000000000000e+00
2.849000000000000000e+03,2.554701415557493860e+01,-8.313094426491911548e-01,2.811284786495874854e+01,-1.734524266734620568e+00,0.000000000000000000e+00,4.985000000000000142e+01,5.012800000000000011e+01,6.000000000000000000e+01,0.000000000000000000e+00
2.850000000000000000e+03,2.504857363494839717e+01,-1.121370651055568768e+00,2.810613781187616311e+01,-1.936193525872200061e+00,0.000000000000000000e+00,4.985000000000000142e+01,5.022500000000000142e+01,6.000000000000000000e+01,0.000000000000000000e+00
2.851000000000000000e+03,2.512639640204795199e+01,-1.121370651055568768e+00,2.809942775879357768e+01,-1.851660705690057807e+00,0.000000000000000000e+00,4.985000000000000142e+01,5.022500000000000142e+01,6.000000000000000000e+01,0.000000000000000000e+00
2.852000000000000000e+03,2.520052852686797351e+01,-1.121370651055568768e+00,2.809271770571099225e+01,-1.770818527787450858e+00,0.000000000000000000e+00,4.985000000000000142e+01,5.022500000000000142e+01,6.000000000000000000e+01,0.000000000000000000e+00
2.853000000000000000e+03,2.527113114020246698e+01,-1.121370651055568768e+00,2.808600765262840682e+01,-1.693505861370373511e+00,0.000000000000000000e+00,4.985000000000000142e+01,5.022500000000000142e+01,6.000000000000000000e+01,0.000000000000000000e+00
2.854000000000000000e+03,2.477503210000876521e+01,-1.408441537725784176e+00,2.807757982595667912e+01,-1.894106188222128617e+00,0.000000000000000000e+00,4.985000000000000142e+01,5.032099999999999795e+01,6.000000000000000000e+01,0.000000000000000000e+00
2.855000000000000000e+03,2.541262582853551777e+01,-1.121370651055568768e+00,2.807086977287409368e+01,-1.536873293283010034e+00,0.000000000000000000e+00,4.985000000000000142e+01,5.022500000000000142e+01,6.000000000000000000e+01,0.000000000000000000e+00
2.856000000000000000e+03,2.528523914811923845e+01,-1.217060946612300132e+00,2.806358712859512750e+01,-1.561287033863587803e+00,0.000000000000000000e+00,4.985000000000000142e+01,5.025699999999999790e+01,6.000000000000000000e+01,0.000000000000000000e+00
2.857000000000000000e+03,2.553389658822542430e+01,-1.121370651055568768e+00,2.805687707551254206e+01,-1.401609836231549444e+00,0.000000000000000000e+00,4.985000000000000142e+01,5.022500000000000142e+01,6.000000000000000000e+01,0.000000000000000000e+00
2.858000000000000000e+03,2.558837981498211178e+01,-1.121370651055568768e+00,2.805016702242995663e+01,-1.340416556392277858e+00,0.000000000000000000e+00,4.985000000000000142e+01,5.022500000000000142e+01,6.000000000000000000e+01,0.000000000000000000e+00
2.859000000000000000e+03,2.564019138704525247e+01,-1.121370651055568768e+00,2.804345696934737120e+01,-1.281894931246551739e+00,0.000000000000000000e+00,4.985000000000000142e+01,5.022500000000000142e+01,6.000000000000000000e+01,0.000000000000000000e+00
2.860000000000000000e+03,2.607086675390883101e+01,-9.269997382059224078e-01,2.803790999213243396e+01,-1.040043500017682865e+00,0.000000000000000000e+00,4.985000000000000142e+01,5.015999999999999659e+01,6.000000000000000000e+01,0.000000000000000000e+00
2.861000000000000000e+03,2.592295191704581114e+01,-1.022690033762674977e+00,2.803179042372111596e+01,-1.086148472912628060e+00,0.000000000000000000e+00,4.985000000000000142e+01,5.019200000000000017e+01,6.000000000000000000e+01,0.000000000000000000e+00
2.862000000000000000e+03,2.615202822434541474e+01,-9.269997382059224078e-01,2.802624344650617871e+01,-9.472154839548425631e-01,0.000000000000000000e+00,4.985000000000000142e+01,5.015999999999999659e+01,6.000000000000000000e+01,0.000000000000000000e+00
2.863000000000000000e+03,2.580641718859599365e+01,-1.121370651055568768e+00,2.801953339342359328e+01,-1.091745553772033084e+00,0.000000000000000000e+00,4.985000000000000142e+01,5.022500000000000142e+01,6.000000000000000000e+01,0.000000000000000000e+00
2.864000000000000000e+03,2.660434159538639420e+01,-7.356191470924384745e-01,2.801513159860141755e+01,-6.751708561225824301e-01,0.000000000000000000e+00,4.985000000000000142e+01,5.009599999999999653e+01,6.000000000000000000e+01,0.000000000000000000e+00
2.865000000000000000e+03,2.701083608269570746e+01,-5.412482342428134308e-01,2.801189287964689001e+01,-4.598085627083681182e-01,0.000000000000000000e+00,4.985000000000000142e+01,5.003099999999999881e+01,6.000000000000000000e+01,0.000000000000000000e+00
2.866000000000000000e+03,2.664625346872412237e+01,-7.356191470924384745e-01,2.800749108482471428e+01,-6.256184690081542099e-01,0.000000000000000000e+00,4.985000000000000142e+01,5.009599999999999653e+01,6.000000000000000000e+01,0.000000000000000000e+00
2.867000000000000000e+03,2.629361490207621799e+01,-9.269997382059224078e-01,2.800194410760977703e+01,-7.813294673276375280e-01,0.000000000000000000e+00,4.985000000000000142e+01,5.015999999999999659e+01,6.000000000000000000e+01,0.000000000000000000e+00
2.868000000000000000e+03,2.594076140185880774e+01,-1.121370651055568768e+00,2.799523405452719160e+01,-9.331020016128168670e-01,0.000000000000000000e+00,4.985000000000000142e+01,5.022500000000000142e+01,6.000000000000000000e+01,0.000000000000000000e+00
2.869000000000000000e+03,2.616843330700180914e+01,-1.022690033762674977e+00,2.798911448611587360e+01,-7.979911453513903741e-01,0.000000000000000000e+00,4.985000000000000142e+01,5.019200000000000017e+01,6.000000000000000000e+01,0.000000000000000000e+00
2.870000000000000000e+03,2.581573465249634936e+01,-1.217060946612300132e+00,2.798183184183690742e+01,-9.490362427282578173e-01,0.000000000000000000e+00,4.985000000000000142e+01,5.025699999999999790e+01,6.000000000000000000e+01,0.000000000000000000e+00
2.871000000000000000e+03,2.603766166233208779e+01,-1.121370651055568768e+00,2.797512178875432198e+01,-8.160894753666663171e-01,0.000000000000000000e+00,4.985000000000000142e+01,5.022500000000000142e+01,6.000000000000000000e+01,0.000000000000000000e+00
2.872000000000000000e+03,2.569103066490448128e+01,-1.312751242169052812e+00,2.796726655327897504e+01,-9.634846462054422744e-01,0.000000000000000000e+00,4.985000000000000142e+01,5.028900000000000148e+01,6.000000000000000000e+01,0.000000000000000000e+00
2.873000000000000000e+03,2.591301589047342091e+01,-1.217060946612300132e+00,2.795998390900000885e+01,-8.299070719142878083e-01,0.000000000000000000e+00,4.985000000000000142e+01,5.025699999999999790e+01,6.000000000000000000e+01,0.000000000000000000e+00
2.874000000000000000e+03,2.612974180618282460e+01,-1.121370651055568768e+00,2.795327385591742342e+01,-7.021613986790330442e-01,0.000000000000000000e+00,4.985000000000000142e+01,5.022500000000000142e+01,6.000000000000000000e+01,0.000000000000000000e+00
2.875000000000000000e+03,2.615368761598803360e+01,-1.121370651055568768e+00,2.794656380283483799e+01,-6.715055357912371736e-01,0.000000000000000000e+00,4.985000000000000142e+01,5.022500000000000142e+01,6.000000000000000000e+01,0.000000000000000000e+00
2.876000000000000000e+03,2.617629501281417248e+01,-1.121370651055568768e+00,2.793985374975225255e+01,-6.421880858825133043e-01,0.000000000000000000e+00,4.985000000000000142e+01,5.022500000000000142e+01,6.000000000000000000e+01,0.000000000000000000e+00
2.877000000000000000e+03,2.600984701815104572e+01,-1.217060946612300132e+00,2.793257110547328637e+01,-7.056631407099400732e-01,0.000000000000000000e+00,4.985000000000000142e+01,5.025699999999999790e+01,6.000000000000000000e+01,0.000000000000000000e+00
2.878000000000000000e+03,2.622114853296514525e+01,-1.121370651055568768e+00,2.792586105239070093e+01,-5.833418683699874707e-01,0.000000000000000000e+00,4.985000000000000142e+01,5.022500000000000142e+01,6.000000000000000000e+01,0.000000000000000000e+00
2.879000000000000000e+03,2.605213135466571828e+01,-1.217060946612300132e+00,2.791857840811173475e+01,-6.493861068337166698e-01,0.000000000000000000e+00,4.985000000000000142e+01,5.025699999999999790e+01,6.000000000000000000e+01,0.000000000000000000e+00
2.880000000000000000e+03,2.531623080960907046e+01,-1.602812450575430425e+00,2.790898750557235886e+01,-9.899442453878575243e-01,0.000000000000000000e+00,4.985000000000000142e+01,5.038600000000000279e+01,6.000000000000000000e+01,0.000000000000000000e+00
2.881000000000000000e+03,2.610682979485784116e+01,-1.217060946612300132e+00,2.790170486129339267e+01,-5.778141198232504827e-01,0.000000000000000000e+00,4.985000000000000142e+01,5.025699999999999790e+01,6.000000000000000000e+01,0.000000000000000000e+00
2.882000000000000000e+03,2.536780446819894763e+01,-1.602812450575430425e+00,2.789211395875401678e+01,-9.214970399796378331e-01,0.000000000000000000e+00,4.985000000000000142e+01,5.038600000000000279e+01,6.000000000000000000e+01,0.000000000000000000e+00
2.883000000000000000e+03,2.558622087794081779e+01,-1.507122155018677967e+00,2.788309564741102164e+01,-7.897526144515263358e-01,0.000000000000000000e+00,4.985000000000000142e+01,5.035399999999999920e+01,6.000000000000000000e+01,0.000000000000000000e+00
2.884000000000000000e+03,2.618087681874980532e+01,-1.217060946612300132e+00,2.787581300313205546e+01,-4.778752377699508336e-01,0.000000000000000000e+00,4.985000000000000142e+01,5.025699999999999790e+01,6.000000000000000000e+01,0.000000000000000000e+00
2.885000000000000000e+03,2.638223327715213884e+01,-1.121370651055568768e+00,2.786910295004947002e+01,-3.654990218417633607e-01,0.000000000000000000e+00,4.985000000000000142e+01,5.022500000000000142e+01,6.000000000000000000e+01,0.000000000000000000e+00
2.886000000000000000e+03,2.639148064912921043e+01,-1.121370651055568768e+00,2.786239289696688459e+01,-3.495415967821063896e-01,0.000000000000000000e+00,4.985000000000000142e+01,5.022500000000000142e+01,6.000000000000000000e+01,0.000000000000000000e+00
2.887000000000000000e+03,2.659367472568338187e+01,-1.022690033762674977e+00,2.785627332855556659e+01,-2.399085691095089734e-01,0.000000000000000000e+00,4.985000000000000142e+01,5.019200000000000017e+01,6.000000000000000000e+01,0.000000000000000000e+00
2.888000000000000000e+03,2.678580480593322832e+01,-9.269997382059224078e-01,2.785072635134062935e+01,-1.379218072014796737e-01,0.000000000000000000e+00,4.985000000000000142e+01,5.015999999999999659e+01,6.000000000000000000e+01,0.000000000000000000e+00
2.889000000000000000e+03,2.735547361549362222e+01,-6.369385297995660000e-01,2.784691504118972105e+01,1.454971041034663348e-01,0.000000000000000000e+00,4.985000000000000142e+01,5.006300000000000239e+01,6.000000000000000000e+01,0.000000000000000000e+00
2.890000000000000000e+03,2.809641165680955055e+01,-2.541773475725981335e-01,2.784539409582433578e+01,5.051949085578113507e-01,0.000000000000000000e+00,4.985000000000000142e+01,4.993500000000000227e+01,6.000000000000000000e+01,0.000000000000000000e+00
2.891000000000000000e+03,2.826647765850411176e+01,-1.554967302797043427e-01,2.784446363513021794e+01,5.775107536535980524e-01,0.000000000000000000e+00,4.985000000000000142e+01,4.990200000000000102e+01,6.000000000000000000e+01,0.000000000000000000e+00
2.892000000000000000e+03,2.824033349265112491e+01,-1.554967302797043427e-01,2.784353317443610010e+01,5.522970484947288261e-01,0.000000000000000000e+00,4.985000000000000142e+01,4.990200000000000102e+01,6.000000000000000000e+01,0.000000000000000000e+00
2.893000000000000000e+03,2.764609591944786260e+01,-4.455579386860820668e-01,2.784086704667795331e+01,2.507868114559907435e-01,0.000000000000000000e+00,4.985000000000000142e+01,4.999900000000000233e+01,6.000000000000000000e+01,0.000000000000000000e+00
2.894000000000000000e+03,2.800803144475434792e+01,-2.541773475725981335e-01,2.783934610131256804e+01,4.228626910143770123e-01,0.000000000000000000e+00,4.985000000000000142e+01,4.993500000000000227e+01,6.000000000000000000e+01,0.000000000000000000e+00
2.895000000000000000e+03,2.818169201199610185e+01,-1.554967302797043427e-01,2.783841564061845020e+01,4.987731016573554998e-01,0.000000000000000000e+00,4.985000000000000142e+01,4.990200000000000102e+01,6.000000000000000000e+01,0.000000000000000000e+00
2.896000000000000000e+03,2.815898547553750220e+01,-1.554967302797043427e-01,2.783748517992433236e+01,4.769970258928745155e-01,0.000000000000000000e+00,4.985000000000000142e+01,4.990200000000000102e+01,6.000000000000000000e+01,0.000000000000000000e+00
2.897000000000000000e+03,2.813722966692313676e+01,-1.554967302797043427e-01,2.783655471923021452e+01,4.561716779726271986e-01,0.000000000000000000e+00,4.985000000000000142e+01,4.990200000000000102e+01,6.000000000000000000e+01,0.000000000000000000e+00
2.898000000000000000e+03,2.830415849071807344e+01,-5.980643472295177343e-02,2.783619684973247743e+01,5.277680757085477792e-01,0.000000000000000000e+00,4.985000000000000142e+01,4.986999999999999744e+01,6.000000000000000000e+01,0.000000000000000000e+00
2.899000000000000000e+03,2.809298323303112355e+01,-1.554967302797043427e-01,2.783526638903835959e+01,4.132135742724694083e-01,0.000000000000000000e+00,4.985000000000000142e+01,4.990200000000000102e+01,6.000000000000000000e+01,0.000000000000000000e+00
2.900000000000000000e+03,2.883098179643997128e+01,2.302547736834046899e-01,2.783664418660465145e+01,7.640828361519131917e-01,0.000000000000000000e+00,4.985000000000000142e+01,4.977300000000000324e+01,6.000000000000000000e+01,0.000000000000000000e+00
2.901000000000000000e+03,2.879900028558506619e+01,2.302547736834046899e-01,2.783802198417094331e+01,7.307235277307185806e-01,0.000000000000000000e+00,4.985000000000000142e+01,4.977300000000000324e+01,6.000000000000000000e+01,0.000000000000000000e+00
2.902000000000000000e+03,2.895625063086221473e+01,3.259450692401572591e-01,2.783997237293361593e+01,7.903331886884442659e-01,0.000000000000000000e+00,4.985000000000000142e+01,4.974099999999999966e+01,6.000000000000000000e+01,0.000000000000000000e+00
2.903000000000000000e+03,2.892369563964574297e+01,3.259450692401572591e-01,2.784192276169628855e+01,7.558278087092999975e-01,0.000000000000000000e+00,4.985000000000000142e+01,4.974099999999999966e+01,6.000000000000000000e+01,0.000000000000000000e+00
2.904000000000000000e+03,2.908042254122323556e+01,4.216353647968886231e-01,2.784444574165534192e+01,8.143414347710057344e-01,0.000000000000000000e+00,4.985000000000000142e+01,4.970900000000000318e+01,6.000000000000000000e+01,0.000000000000000000e+00
2.905000000000000000e+03,2.885961654574374435e+01,3.259450692401572591e-01,2.784639613041801454e+01,6.872753460855757224e-01,0.000000000000000000e+00,4.985000000000000142e+01,4.974099999999999966e+01,6.000000000000000000e+01,0.000000000000000000e+00
2.906000000000000000e+03,2.901933639865517023e+01,4.216353647968886231e-01,2.784891911037706791e+01,7.487819234812158609e-01,0.000000000000000000e+00,4.985000000000000142e+01,4.970900000000000318e+01,6.000000000000000000e+01,0.000000000000000000e+00
2.907000000000000000e+03,2.917694350972294615e+01,5.173256603536411369e-01,2.785201468153250204e+01,8.076031678368009725e-01,0.000000000000000000e+00,4.985000000000000142e+01,4.967699999999999960e+01,6.000000000000000000e+01,0.000000000000000000e+00
2.908000000000000000e+03,2.933255511866086707e+01,6.130159559103725009e-01,2.785568284388431692e+01,8.638563188661778636e-01,0.000000000000000000e+00,4.985000000000000142e+01,4.964500000000000313e+01,6.000000000000000000e+01,0.000000000000000000e+00
2.909000000000000000e+03,2.949215132822675045e+01,7.116965732032662917e-01,2.785994149090739924e+01,9.205132641160862494e-01,0.000000000000000000e+00,4.985000000000000142e+01,4.961200000000000188e+01,6.000000000000000000e+01,0.000000000000000000e+00
2.910000000000000000e+03,2.964399643923822580e+01,8.073868687600188609e-01,2.786477272912686232e+01,9.718368413513424064e-01,0.000000000000000000e+00,4.985000000000000142e+01,4.957999999999999829e+01,6.000000000000000000e+01,0.000000000000000000e+00
2.911000000000000000e+03,2.960639797822639352e+01,8.073868687600188609e-01,2.786960396734632539e+01,9.294071421200494898e-01,0.000000000000000000e+00,4.985000000000000142e+01,4.957999999999999829e+01,6.000000000000000000e+01,0.000000000000000000e+00
2.912000000000000000e+03,2.918923316047414929e+01,6.130159559103725009e-01,2.787327212969814028e+01,7.029450748656362880e-01,0.000000000000000000e+00,4.985000000000000142e+01,4.964500000000000313e+01,6.000000000000000000e+01,0.000000000000000000e+00
2.913000000000000000e+03,2.973140546482560254e+01,9.030771643167502249e-01,2.787867595911398411e+01,9.496523413948676495e-01,0.000000000000000000e+00,4.985000000000000142e+01,4.954800000000000182e+01,6.000000000000000000e+01,0.000000000000000000e+00
2.914000000000000000e+03,2.988312356702220640e+01,9.987674598735027942e-01,2.788465237972620869e+01,9.997037274224958026e-01,0.000000000000000000e+00,4.985000000000000142e+01,4.951599999999999824e+01,6.000000000000000000e+01,0.000000000000000000e+00
2.915000000000000000e+03,2.965767822749025129e+01,9.030771643167502249e-01,2.789005620914205252e+01,8.645448540314466523e-01,0.000000000000000000e+00,4.985000000000000142e+01,4.954800000000000182e+01,6.000000000000000000e+01,0.000000000000000000e+00
2.916000000000000000e+03,3.019453086849006596e+01,1.193138372723127949e+00,2.789719570562192530e+01,1.104196790145014262e+00,0.000000000000000000e+00,4.985000000000000142e+01,4.945100000000000051e+01,6.000000000000000000e+01,0.000000000000000000e+00
2.917000000000000000e+03,3.015346192533838021e+01,1.193138372723127949e+00,2.790433520210179807e+01,1.055988350513454410e+00,0.000000000000000000e+00,4.985000000000000142e+01,4.945100000000000051e+01,6.000000000000000000e+01,0.000000000000000000e+00
2.918000000000000000e+03,3.011449772807297975e+01,1.193138372723127949e+00,2.791147469858167085e+01,1.009884656768182065e+00,0.000000000000000000e+00,4.985000000000000142e+01,4.945100000000000051e+01,6.000000000000000000e+01,0.000000000000000000e+00
2.919000000000000000e+03,3.083451601728662794e+01,1.578889876686236926e+00,2.792092245332195333e+01,1.334703687278438133e+00,0.000000000000000000e+00,4.985000000000000142e+01,4.932200000000000273e+01,6.000000000000000000e+01,0.000000000000000000e+00
2.920000000000000000e+03,3.097346697930852244e+01,1.674580172242989606e+00,2.793094279925861656e+01,1.367944007806916273e+00,0.000000000000000000e+00,4.985000000000000142e+01,4.928999999999999915e+01,6.000000000000000000e+01,0.000000000000000000e+00
2.921000000000000000e+03,3.092376387132076943e+01,1.674580172242989606e+00,2.794096314519527979e+01,1.308220553882500248e+00,0.000000000000000000e+00,4.985000000000000142e+01,4.928999999999999915e+01,6.000000000000000000e+01,0.000000000000000000e+00
2.922000000000000000e+03,3.106444365914225969e+01,1.770270467799720970e+00,2.795155608232832023e+01,1.342617109014216714e+00,0.000000000000000000e+00,4.985000000000000142e+01,4.925800000000000267e+01,6.000000000000000000e+01,0.000000000000000000e+00
2.923000000000000000e+03,3.064086807125971035e+01,1.578889876686236926e+00,2.796100383706860271e+01,1.100974357504870715e+00,0.000000000000000000e+00,4.985000000000000142e+01,4.932200000000000273e+01,6.000000000000000000e+01,0.000000000000000000e+00
2.924000000000000000e+03,3.041447266280491846e+01,1.483199581129505562e+00,2.796987900061250443e+01,9.613940810629101330e-01,0.000000000000000000e+00,4.985000000000000142e+01,4.935399999999999920e+01,6.000000000000000000e+01,0.000000000000000000e+00
2.925000000000000000e+03,3.075692487586059087e+01,1.674580172242989606e+00,2.797989934654916766e+01,1.102445357068433607e+00,0.000000000000000000e+00,4.985000000000000142e+01,4.928999999999999915e+01,6.000000000000000000e+01,0.000000000000000000e+00
2.926000000000000000e+03,3.090658866113780689e+01,1.770270467799720970e+00,2.799049228368220810e+01,1.145825909655875829e+00,0.000000000000000000e+00,4.985000000000000142e+01,4.925800000000000267e+01,6.000000000000000000e+01,0.000000000000000000e+00
2.927000000000000000e+03,3.105493107380964091e+01,1.865960763356473429e+00,2.800165781201162929e+01,1.187312498441540853e+00,0.000000000000000000e+00,4.985000000000000142e+01,4.922599999999999909e+01,6.000000000000000000e+01,0.000000000000000000e+00
2.928000000000000000e+03,3.101425939031616252e+01,1.865960763356473429e+00,2.801282334034105048e+01,1.135475286618638835e+00,0.000000000000000000e+00,4.985000000000000142e+01,4.922599999999999909e+01,6.000000000000000000e+01,0.000000000000000000e+00
2.929000000000000000e+03,3.097585088229931216e+01,1.865960763356473429e+00,2.802398886867047167e+01,1.085901250272369500e+00,0.000000000000000000e+00,4.985000000000000142e+01,4.922599999999999909e+01,6.000000000000000000e+01,0.000000000000000000e+00
2.930000000000000000e+03,3.132102554810839479e+01,2.060331676206098805e+00,2.803631747286754106e+01,1.224376399034754703e+00,0.000000000000000000e+00,4.985000000000000142e+01,4.916100000000000136e+01,6.000000000000000000e+01,0.000000000000000000e+00
2.931000000000000000e+03,3.146767416983546539e+01,2.156021971762851042e+00,2.804921866826099119e+01,1.262433529811622490e+00,0.000000000000000000e+00,4.985000000000000142e+01,4.912899999999999778e+01,6.000000000000000000e+01,0.000000000000000000e+00
2.932000000000000000e+03,3.180687723004020029e+01,2.350392884612476418e+00,2.806328293952208952e+01,1.393201405905634793e+00,0.000000000000000000e+00,4.985000000000000142e+01,4.906400000000000006e+01,6.000000000000000000e+01,0.000000000000000000e+00
2.933000000000000000e+03,3.100314569520920926e+01,1.964641380649367219e+00,2.807503895252277815e+01,9.634653620370630112e-01,0.000000000000000000e+00,4.985000000000000142e+01,4.919299999999999784e+01,6.000000000000000000e+01,0.000000000000000000e+00
2.934000000000000000e+03,3.172980713404725961e+01,2.350392884612476418e+00,2.808910322378387647e+01,1.290311025650908272e+00,0.000000000000000000e+00,4.985000000000000142e+01,4.906400000000000006e+01,6.000000000000000000e+01,0.000000000000000000e+00
2.935000000000000000e+03,3.149389395737941300e+01,2.251712267319582406e+00,2.810257701037370737e+01,1.139604679686122557e+00,0.000000000000000000e+00,4.985000000000000142e+01,4.909700000000000131e+01,6.000000000000000000e+01,0.000000000000000000e+00
2.936000000000000000e+03,3.202680764091183363e+01,2.541773475725960463e+00,2.811778646402756721e+01,1.367247701158306850e+00,0.000000000000000000e+00,4.985000000000000142e+01,4.900000000000000000e+01,6.000000000000000000e+01,0.000000000000000000e+00
2.937000000000000000e+03,3.198232404088997782e+01,2.541773475725960463e+00,2.813299591768142704e+01,1.307554647482591204e+00,0.000000000000000000e+00,4.985000000000000142e+01,4.900000000000000000e+01,6.000000000000000000e+01,0.000000000000000000e+00
2.938000000000000000e+03,3.175267118410314282e+01,2.446083180169229099e+00,2.814763278013890613e+01,1.158955223795008482e+00,0.000000000000000000e+00,4.985000000000000142e+01,4.903199999999999648e+01,6.000000000000000000e+01,0.000000000000000000e+00
2.939000000000000000e+03,3.152893348034271170e+01,2.350392884612476418e+00,2.816169705140000445e+01,1.016843544330232607e+00,0.000000000000000000e+00,4.985000000000000142e+01,4.906400000000000006e+01,6.000000000000000000e+01,0.000000000000000000e+00
2.940000000000000000e+03,3.206192932999314849e+01,2.637463771282691383e+00,2.817747909625024505e+01,1.246986462460211831e+00,0.000000000000000000e+00,4.985000000000000142e+01,4.896800000000000352e+01,6.000000000000000000e+01,0.000000000000000000e+00
2.941000000000000000e+03,3.126629920827754106e+01,2.251712267319582406e+00,2.819095288284007594e+01,8.236340581178833720e-01,0.000000000000000000e+00,4.985000000000000142e+01,4.909700000000000131e+01,6.000000000000000000e+01,0.000000000000000000e+00
2.942000000000000000e+03,3.105603831016066607e+01,2.156021971762851042e+00,2.820385407823352608e+01,6.961622601642911690e-01,0.000000000000000000e+00,4.985000000000000142e+01,4.912899999999999778e+01,6.000000000000000000e+01,0.000000000000000000e+00
2.943000000000000000e+03,3.066299473542846954e+01,1.964641380649367219e+00,2.821561009123421471e+01,4.827432635448847265e-01,0.000000000000000000e+00,4.985000000000000142e+01,4.919299999999999784e+01,6.000000000000000000e+01,0.000000000000000000e+00
2.944000000000000000e+03,3.084144993655635147e+01,2.060331676206098805e+00,2.822793869543128409e+01,5.531795649189700237e-01,0.000000000000000000e+00,4.985000000000000142e+01,4.916100000000000136e+01,6.000000000000000000e+01,0.000000000000000000e+00
2.945000000000000000e+03,3.044820831087100288e+01,1.865960763356473429e+00,2.823910422376070528e+01,3.431433237538236147e-01,0.000000000000000000e+00,4.985000000000000142e+01,4.922599999999999909e+01,6.000000000000000000e+01,0.000000000000000000e+00
2.946000000000000000e+03,3.025661703521915413e+01,1.770270467799720970e+00,2.824969716089374572e+01,2.366494065256853352e-01,0.000000000000000000e+00,4.985000000000000142e+01,4.925800000000000267e+01,6.000000000000000000e+01,0.000000000000000000e+00
2.947000000000000000e+03,3.063829683601861475e+01,1.964641380649367219e+00,2.826145317389443434e+01,4.122022814748117492e-01,0.000000000000000000e+00,4.985000000000000142e+01,4.919299999999999784e+01,6.000000000000000000e+01,0.000000000000000000e+00
2.948000000000000000e+03,3.138902602544023779e+01,2.350392884612476418e+00,2.827551744515553267e+01,7.631156956722309204e-01,0.000000000000000000e+00,4.985000000000000142e+01,4.906400000000000006e+01,6.000000000000000000e+01,0.000000000000000000e+00
2.949000000000000000e+03,3.098835440597274626e+01,2.156021971762851042e+00,2.828841864054898281e+01,5.439137936609117485e-01,0.000000000000000000e+00,4.985000000000000142e+01,4.912899999999999778e+01,6.000000000000000000e+01,0.000000000000000000e+00
2.950000000000000000e+03,3.097750871537585482e+01,2.156021971762851042e+00,2.830131983594243295e+01,5.201669076705701666e-01,0.000000000000000000e+00,4.985000000000000142e+01,4.912899999999999778e+01,6.000000000000000000e+01,0.000000000000000000e+00
2.951000000000000000e+03,3.153689401641114287e+01,2.446083180169229099e+00,2.831595669839991203e+01,7.748541378420008563e-01,0.000000000000000000e+00,4.985000000000000142e+01,4.903199999999999648e+01,6.000000000000000000e+01,0.000000000000000000e+00
2.952000000000000000e+03,3.113628249617681476e+01,2.251712267319582406e+00,2.832943048498974292e+01,5.551397438674890994e-01,0.000000000000000000e+00,4.985000000000000142e+01,4.909700000000000131e+01,6.000000000000000000e+01,0.000000000000000000e+00
2.953000000000000000e+03,3.112551927984454636e+01,2.251712267319582406e+00,2.834290427157957382e+01,5.309027409453914714e-01,0.000000000000000000e+00,4.985000000000000142e+01,4.909700000000000131e+01,6.000000000000000000e+01,0.000000000000000000e+00
2.954000000000000000e+03,3.130945762797683685e+01,2.350392884612476418e+00,2.835696854284067214e+01,6.020962005236906167e-01,0.000000000000000000e+00,4.985000000000000142e+01,4.906400000000000006e+01,6.000000000000000000e+01,0.000000000000000000e+00
2.955000000000000000e+03,3.148501022376862934e+01,2.446083180169229099e+00,2.837160540529815123e+01,6.673216383012479103e-01,0.000000000000000000e+00,4.985000000000000142e+01,4.903199999999999648e+01,6.000000000000000000e+01,0.000000000000000000e+00
2.956000000000000000e+03,3.203383854026179023e+01,2.733154066839444063e+00,2.838796004134477258e+01,9.127244320775720343e-01,0.000000000000000000e+00,4.985000000000000142e+01,4.893599999999999994e+01,6.000000000000000000e+01,0.000000000000000000e+00
2.957000000000000000e+03,3.182256886979410382e+01,2.637463771282691383e+00,2.840374208619501317e+01,7.813630123163968211e-01,0.000000000000000000e+00,4.985000000000000142e+01,4.896800000000000352e+01,6.000000000000000000e+01,0.000000000000000000e+00
2.958000000000000000e+03,3.180423716612978779e+01,2.637463771282691383e+00,2.841952413104525377e+01,7.472492638018392030e-01,0.000000000000000000e+00,4.985000000000000142e+01,4.896800000000000352e+01,6.000000000000000000e+01,0.000000000000000000e+00
2.959000000000000000e+03,3.159961943158949182e+01,2.541773475725960463e+00,2.843473358469911361e+01,6.231123711644185326e-01,0.000000000000000000e+00,4.985000000000000142e+01,4.900000000000000000e+01,6.000000000000000000e+01,0.000000000000000000e+00
2.960000000000000000e+03,3.139984883352108724e+01,2.446083180169229099e+00,2.844937044715659269e+01,5.043952061952647892e-01,0.000000000000000000e+00,4.985000000000000142e+01,4.903199999999999648e+01,6.000000000000000000e+01,0.000000000000000000e+00
2.961000000000000000e+03,3.139246416316364119e+01,2.446083180169229099e+00,2.846400730961407177e+01,4.823736733803403731e-01,0.000000000000000000e+00,4.985000000000000142e+01,4.903199999999999648e+01,6.000000000000000000e+01,0.000000000000000000e+00
2.962000000000000000e+03,3.233078598207779919e+01,2.927524979689069440e+00,2.848152502152834131e+01,9.217359808603881044e-01,0.000000000000000000e+00,4.985000000000000142e+01,4.887100000000000222e+01,6.000000000000000000e+01,0.000000000000000000e+00
2.963000000000000000e+03,3.212028594972344564e+01,2.831834684132338076e+00,2.849847014224623010e+01,7.899811233448759129e-01,0.000000000000000000e+00,4.985000000000000142e+01,4.890299999999999869e+01,6.000000000000000000e+01,0.000000000000000000e+00
2.964000000000000000e+03,3.210274106138249550e+01,2.831834684132338076e+00,2.851541526296411888e+01,7.554911142860361029e-01,0.000000000000000000e+00,4.985000000000000142e+01,4.890299999999999869e+01,6.000000000000000000e+01,0.000000000000000000e+00
2.965000000000000000e+03,3.208670198209156155e+01,2.831834684132338076e+00,2.853236038368200767e+01,7.225069142772178044e-01,0.000000000000000000e+00,4.985000000000000142e+01,4.890299999999999869e+01,6.000000000000000000e+01,0.000000000000000000e+00
2.966000000000000000e+03,3.187845957500164218e+01,2.733154066839444063e+00,2.854871501972862902e+01,5.965904884335685443e-01,0.000000000000000000e+00,4.985000000000000142e+01,4.893599999999999994e+01,6.000000000000000000e+01,0.000000000000000000e+00
2.967000000000000000e+03,3.168099208569737613e+01,2.637463771282691383e+00,2.856449706457886961e+01,4.790312498358137994e-01,0.000000000000000000e+00,4.985000000000000142e+01,4.896800000000000352e+01,6.000000000000000000e+01,0.000000000000000000e+00
2.968000000000000000e+03,3.148808455720892141e+01,2.541773475725960463e+00,2.857970651823272945e+01,3.666045632502327178e-01,0.000000000000000000e+00,4.985000000000000142e+01,4.900000000000000000e+01,6.000000000000000000e+01,0.000000000000000000e+00
2.969000000000000000e+03,3.186283914397963812e+01,2.733154066839444063e+00,2.859606115427935080e+01,5.336239228608454788e-01,0.000000000000000000e+00,4.985000000000000142e+01,4.893599999999999994e+01,6.000000000000000000e+01,0.000000000000000000e+00
2.970000000000000000e+03,3.110479449176995814e+01,2.350392884612476418e+00,2.861012542554044913e+01,1.442761816170335387e-01,0.000000000000000000e+00,4.985000000000000142e+01,4.906400000000000006e+01,6.000000000000000000e+01,0.000000000000000000e+00
2.971000000000000000e+03,3.186366141909767791e+01,2.733154066839444063e+00,2.862648006158707048e+01,5.040272906711630307e-01,0.000000000000000000e+00,4.985000000000000142e+01,4.893599999999999994e+01,6.000000000000000000e+01,0.000000000000000000e+00
2.972000000000000000e+03,3.148245975993597057e+01,2.541773475725960463e+00,2.864168951524093032e+01,2.989967689690805619e-01,0.000000000000000000e+00,4.985000000000000142e+01,4.900000000000000000e+01,6.000000000000000000e+01,0.000000000000000000e+00
2.973000000000000000e+03,3.148461522917734001e+01,2.541773475725960463e+00,2.865689896889479016e+01,2.859427845565879478e-01,0.000000000000000000e+00,4.985000000000000142e+01,4.900000000000000000e+01,6.000000000000000000e+01,0.000000000000000000e+00
2.974000000000000000e+03,3.148734062601233674e+01,2.541773475725960463e+00,2.867210842254865000e+01,2.734587277377250047e-01,0.000000000000000000e+00,4.985000000000000142e+01,4.900000000000000000e+01,6.000000000000000000e+01,0.000000000000000000e+00
2.975000000000000000e+03,3.167838648047171901e+01,2.637463771282691383e+00,2.868789046739889059e+01,3.530322417901350374e-01,0.000000000000000000e+00,4.985000000000000142e+01,4.896800000000000352e+01,6.000000000000000000e+01,0.000000000000000000e+00
2.976000000000000000e+03,3.186653080359546308e+01,2.733154066839444063e+00,2.870424510344551194e+01,4.291316333105094083e-01,0.000000000000000000e+00,4.985000000000000142e+01,4.893599999999999994e+01,6.000000000000000000e+01,0.000000000000000000e+00
2.977000000000000000e+03,3.205779325472634866e+01,2.831834684132338076e+00,2.872119022416340073e+01,5.047683464306060852e-01,0.000000000000000000e+00,4.985000000000000142e+01,4.890299999999999869e+01,6.000000000000000000e+01,0.000000000000000000e+00
2.978000000000000000e+03,3.224047596425494078e+01,2.927524979689069440e+00,2.873870793607767027e+01,5.742430484881991815e-01,0.000000000000000000e+00,4.985000000000000142e+01,4.887100000000000222e+01,6.000000000000000000e+01,0.000000000000000000e+00
2.979000000000000000e+03,3.223292263667338631e+01,2.927524979689069440e+00,2.875622564799193981e+01,5.491720089923765036e-01,0.000000000000000000e+00,4.985000000000000142e+01,4.887100000000000222e+01,6.000000000000000000e+01,0.000000000000000000e+00
2.980000000000000000e+03,3.260201471800976236e+01,3.118905570802553040e+00,2.877488854229897086e+01,7.082206049082384602e-01,0.000000000000000000e+00,4.985000000000000142e+01,4.880700000000000216e+01,6.000000000000000000e+01,0.000000000000000000e+00
2.981000000000000000e+03,3.183278757654425206e+01,2.733154066839444063e+00,2.879124317834559221e+01,3.083903313592161743e-01,0.000000000000000000e+00,4.985000000000000142e+01,4.893599999999999994e+01,6.000000000000000000e+01,0.000000000000000000e+00
2.982000000000000000e+03,3.297406655123896968e+01,3.313276483652199733e+00,2.881106914852027145e+01,8.497209190664962719e-01,0.000000000000000000e+00,4.985000000000000142e+01,4.874199999999999733e+01,6.000000000000000000e+01,0.000000000000000000e+00
2.983000000000000000e+03,3.238760009610753343e+01,3.023215275245821676e+00,2.882915945163092175e+01,5.352253692307875621e-01,0.000000000000000000e+00,4.985000000000000142e+01,4.883899999999999864e+01,6.000000000000000000e+01,0.000000000000000000e+00
2.984000000000000000e+03,3.238232284360478985e+01,3.023215275245821676e+00,2.884724975474157205e+01,5.118578136173962401e-01,0.000000000000000000e+00,4.985000000000000142e+01,4.883899999999999864e+01,6.000000000000000000e+01,0.000000000000000000e+00
2.985000000000000000e+03,3.256584121447524183e+01,3.118905570802553040e+00,2.886591264904860310e+01,5.810229946240819121e-01,0.000000000000000000e+00,4.985000000000000142e+01,4.880700000000000216e+01,6.000000000000000000e+01,0.000000000000000000e+00
2.986000000000000000e+03,3.255913706170255040e+01,3.118905570802553040e+00,2.888457554335563415e+01,5.556559475443628715e-01,0.000000000000000000e+00,4.985000000000000142e+01,4.880700000000000216e+01,6.000000000000000000e+01,0.000000000000000000e+00
2.987000000000000000e+03,3.236576500334471973e+01,3.023215275245821676e+00,2.890266584646628445e+01,4.398838816326166024e-01,0.000000000000000000e+00,4.985000000000000142e+01,4.883899999999999864e+01,6.000000000000000000e+01,0.000000000000000000e+00
2.988000000000000000e+03,3.198909946646480762e+01,2.831834684132338076e+00,2.891961096718417323e+01,2.376538151482956718e-01,0.000000000000000000e+00,4.985000000000000142e+01,4.890299999999999869e+01,6.000000000000000000e+01,0.000000000000000000e+00
2.989000000000000000e+03,3.180202539781613424e+01,2.733154066839444063e+00,2.893596560323079458e+01,1.329057277458962072e-01,0.000000000000000000e+00,4.985000000000000142e+01,4.893599999999999994e+01,6.000000000000000000e+01,0.000000000000000000e+00
2.990000000000000000e+03,3.219399627211186043e+01,2.927524979689069440e+00,2.895348331514506413e+01,3.129879772777292013e-01,0.000000000000000000e+00,4.985000000000000142e+01,4.887100000000000222e+01,6.000000000000000000e+01,0.000000000000000000e+00
2.991000000000000000e+03,3.238562456615775886e+01,3.023215275245821676e+00,2.897157361825571442e+01,3.908356726562256522e-01,0.000000000000000000e+00,4.985000000000000142e+01,4.883899999999999864e+01,6.000000000000000000e+01,0.000000000000000000e+00
2.992000000000000000e+03,3.219887585155180432e+01,2.927524979689069440e+00,2.898909133016998396e+01,2.822595416927560219e-01,0.000000000000000000e+00,4.985000000000000142e+01,4.887100000000000222e+01,6.000000000000000000e+01,0.000000000000000000e+00
2.993000000000000000e+03,3.220407031438804069e+01,2.927524979689069440e+00,2.900660904208425350e+01,2.699362926147180763e-01,0.000000000000000000e+00,4.985000000000000142e+01,4.887100000000000222e+01,6.000000000000000000e+01,0.000000000000000000e+00
2.994000000000000000e+03,3.258535362675869607e+01,3.118905570802553040e+00,2.902527193639128456e+01,4.411761195648595812e-01,0.000000000000000000e+00,4.985000000000000142e+01,4.880700000000000216e+01,6.000000000000000000e+01,0.000000000000000000e+00
2.995000000000000000e+03,3.258475508821539535e+01,3.118905570802553040e+00,2.904393483069831561e+01,4.219146867145293633e-01,0.000000000000000000e+00,4.985000000000000142e+01,4.880700000000000216e+01,6.000000000000000000e+01,0.000000000000000000e+00
2.996000000000000000e+03,3.277864088431714151e+01,3.217586188095447053e+00,2.906318820967661409e+01,4.978664865450762034e-01,0.000000000000000000e+00,4.985000000000000142e+01,4.877400000000000091e+01,6.000000000000000000e+01,0.000000000000000000e+00
2.997000000000000000e+03,3.239473896272944131e+01,3.023215275245821676e+00,2.908127851278726439e+01,2.902451746963548018e-01,0.000000000000000000e+00,4.985000000000000142e+01,4.883899999999999864e+01,6.000000000000000000e+01,0.000000000000000000e+00
2.998000000000000000e+03,3.240015736975455241e+01,3.023215275245821676e+00,2.909936881589791469e+01,2.775732786108180972e-01,0.000000000000000000e+00,4.985000000000000142e+01,4.883899999999999864e+01,6.000000000000000000e+01,0.000000000000000000e+00
2.999000000000000000e+03,3.221835361001044618e+01,2.927524979689069440e+00,2.911688652781218423e+01,1.739421025091960060e-01,0.000000000000000000e+00,4.985000000000000142e+01,4.887100000000000222e+01,6.000000000000000000e+01,0.000000000000000000e+00
3.000000000000000000e+03,3.204050172186651935e+01,2.831834684132338076e+00,2.913383164853007301e+01,7.483538920410938433e-02,0.000000000000000000e+00,4.985000000000000142e+01,4.890299999999999869e+01,6.000000000000000000e+01,0.000000000000000000e+00
