t,MV,MVP,MVI,MVD,MVFF,SP,PV,DV,Man
0.000000000000000000e+00,6.000000000000000000e+01,8.563982420154783881e+01,-1.075406751223134307e+02,8.190085092076559192e+01,0.000000000000000000e+00,5.985000000000000142e+01,3.121099999999999852e+01,5.000000000000000000e+01,1.000000000000000000e+00
1.000000000000000000e+00,6.000000000000000000e+01,8.563982420154783881e+01,-1.039649427323754196e+02,7.832511853082758080e+01,0.000000000000000000e+00,5.985000000000000142e+01,3.121099999999999852e+01,5.000000000000000000e+01,1.000000000000000000e+00
2.000000000000000000e+00,6.000000000000000000e+01,8.563982420154783881e+01,-1.005453242531075375e+02,7.490550005155969870e+01,0.000000000000000000e+00,5.985000000000000142e+01,3.121099999999999852e+01,5.000000000000000000e+01,1.000000000000000000e+00
3.000000000000000000e+00,6.000000000000000000e+01,8.563982420154783881e+01,-9.727500386317669268e+01,7.163517966162885386e+01,0.000000000000000000e+00,5.985000000000000142e+01,3.121099999999999852e+01,5.000000000000000000e+01,1.000000000000000000e+00
4.000000000000000000e+00,6.000000000000000000e+01,8.563982420154783881e+01,-9.414746331511909716e+01,6.850763911357125835e+01,0.000000000000000000e+00,5.985000000000000142e+01,3.121099999999999852e+01,5.000000000000000000e+01,1.000000000000000000e+00
5.000000000000000000e+00,6.000000000000000000e+01,8.563982420154783881e+01,-9.115646894347855778e+01,6.551664474193071896e+01,0.000000000000000000e+00,5.985000000000000142e+01,3.121099999999999852e+01,5.000000000000000000e+01,1.000000000000000000e+00
6.000000000000000000e+00,6.000000000000000711e+01,8.563982420154783881e+01,-8.829605924016024687e+01,6.265623503861241517e+01,0.000000000000000000e+00,5.985000000000000142e+01,3.121099999999999852e+01,5.000000000000000000e+01,1.000000000000000000e+00
7.000000000000000000e+00,6.000000000000000711e+01,8.554413390599108880e+01,-8.537333015077135201e+01,5.982919624478027032e+01,0.000000000000000000e+00,5.985000000000000142e+01,3.124299999999999855e+01,5.000000000000000000e+01,1.000000000000000000e+00
8.000000000000000000e+00,6.000000000000000000e+01,8.563982420154783881e+01,-8.294843318973899216e+01,5.730860898819115334e+01,0.000000000000000000e+00,5.985000000000000142e+01,3.121099999999999852e+01,5.000000000000000000e+01,1.000000000000000000e+00
9.000000000000000000e+00,6.000000000000000711e+01,8.554413390599108880e+01,-8.025917761695941977e+01,5.471504371096833808e+01,0.000000000000000000e+00,5.985000000000000142e+01,3.124299999999999855e+01,5.000000000000000000e+01,1.000000000000000000e+00
1.000000000000000000e+01,5.999999999999999289e+01,8.563982420154783881e+01,-7.805756088631108014e+01,5.241773668476323422e+01,0.000000000000000000e+00,5.985000000000000142e+01,3.121099999999999852e+01,5.000000000000000000e+01,1.000000000000000000e+00
1.100000000000000000e+01,6.000000000000000711e+01,8.525407269758471784e+01,-7.501437873668999146e+01,4.976030603910528072e+01,0.000000000000000000e+00,5.985000000000000142e+01,3.133999999999999986e+01,5.000000000000000000e+01,1.000000000000000000e+00
1.200000000000000000e+01,6.000000000000000711e+01,8.544844361043435299e+01,-7.322213520756304206e+01,4.777369159712869617e+01,0.000000000000000000e+00,5.985000000000000142e+01,3.127499999999999858e+01,5.000000000000000000e+01,1.000000000000000000e+00
1.300000000000000000e+01,5.999999999999999289e+01,8.525407269758471784e+01,-7.075611437744151999e+01,4.550204167985679504e+01,0.000000000000000000e+00,5.985000000000000142e+01,3.133999999999999986e+01,5.000000000000000000e+01,1.000000000000000000e+00
1.400000000000000000e+01,5.999999999999999289e+01,8.486832119362159688e+01,-6.801486650994286265e+01,4.314654531632125867e+01,0.000000000000000000e+00,5.985000000000000142e+01,3.146900000000000119e+01,5.000000000000000000e+01,1.000000000000000000e+00
1.500000000000000000e+01,6.000000000000000000e+01,8.458125030695137525e+01,-6.556951083331722430e+01,4.098826052636584905e+01,0.000000000000000000e+00,5.985000000000000142e+01,3.156500000000000128e+01,5.000000000000000000e+01,1.000000000000000000e+00
1.600000000000000000e+01,6.000000000000000000e+01,8.467694060250811106e+01,-6.396719560797708226e+01,3.929025500546897121e+01,0.000000000000000000e+00,5.985000000000000142e+01,3.153300000000000125e+01,5.000000000000000000e+01,1.000000000000000000e+00
1.700000000000000000e+01,6.000000000000000000e+01,8.458125030695137525e+01,-6.206460844248574915e+01,3.748335813553437390e+01,0.000000000000000000e+00,5.985000000000000142e+01,3.156500000000000128e+01,5.000000000000000000e+01,1.000000000000000000e+00
1.800000000000000000e+01,6.000000000000000000e+01,8.419549880298826849e+01,-5.967345054538113658e+01,3.547795174239286808e+01,0.000000000000000000e+00,5.985000000000000142e+01,3.169399999999999906e+01,5.000000000000000000e+01,1.000000000000000000e+00
1.900000000000000000e+01,6.000000000000000000e+01,8.380974729902514753e+01,-5.736984725258558626e+01,3.356009995356043873e+01,0.000000000000000000e+00,5.985000000000000142e+01,3.182300000000000040e+01,5.000000000000000000e+01,1.000000000000000000e+00
2.000000000000000000e+01,6.000000000000000000e+01,8.371405700346839751e+01,-5.571743454545607932e+01,3.200337754198768181e+01,0.000000000000000000e+00,5.985000000000000142e+01,3.185500000000000043e+01,5.000000000000000000e+01,1.000000000000000000e+00
2.100000000000000000e+01,6.000000000000000000e+01,8.342399579506202656e+01,-5.375273149081768054e+01,3.032873569575565398e+01,0.000000000000000000e+00,5.985000000000000142e+01,3.195200000000000173e+01,5.000000000000000000e+01,1.000000000000000000e+00
2.200000000000000000e+01,6.000000000000000000e+01,8.342399579506202656e+01,-5.242860065024680694e+01,2.900460485518478393e+01,0.000000000000000000e+00,5.985000000000000142e+01,3.195200000000000173e+01,5.000000000000000000e+01,1.000000000000000000e+00
2.300000000000000000e+01,6.000000000000000000e+01,8.284387337824928466e+01,-5.002736330702651912e+01,2.718348992877723092e+01,0.000000000000000000e+00,5.985000000000000142e+01,3.214600000000000080e+01,5.000000000000000000e+01,1.000000000000000000e+00
2.400000000000000000e+01,6.000000000000000000e+01,8.274818308269254885e+01,-4.865334881856364291e+01,2.590516573587109406e+01,0.000000000000000000e+00,5.985000000000000142e+01,3.217799999999999727e+01,5.000000000000000000e+01,1.000000000000000000e+00
2.500000000000000000e+01,6.000000000000000000e+01,8.236243157872941367e+01,-4.676768649464250416e+01,2.440525491591309049e+01,0.000000000000000000e+00,5.985000000000000142e+01,3.230700000000000216e+01,5.000000000000000000e+01,1.000000000000000000e+00
2.600000000000000000e+01,6.000000000000000000e+01,8.207536069205920626e+01,-4.514056211061733848e+01,2.306520141855813577e+01,0.000000000000000000e+00,5.985000000000000142e+01,3.240299999999999869e+01,5.000000000000000000e+01,1.000000000000000000e+00
2.700000000000000000e+01,6.000000000000000000e+01,8.178529948365282110e+01,-4.356609341267001412e+01,2.178079392901719658e+01,0.000000000000000000e+00,5.985000000000000142e+01,3.250000000000000000e+01,5.000000000000000000e+01,1.000000000000000000e+00
2.800000000000000000e+01,6.000000000000000000e+01,8.178529948365282110e+01,-4.261515957675787547e+01,2.082986009310505437e+01,0.000000000000000000e+00,5.985000000000000142e+01,3.250000000000000000e+01,5.000000000000000000e+01,1.000000000000000000e+00
2.900000000000000000e+01,6.000000000000000000e+01,8.168960918809609950e+01,-4.151854000839259839e+01,1.982893082029649889e+01,0.000000000000000000e+00,5.985000000000000142e+01,3.253199999999999648e+01,5.000000000000000000e+01,1.000000000000000000e+00
3.000000000000000000e+01,6.000000000000000000e+01,8.130385768413296432e+01,-3.989816174137963856e+01,1.859430405724667068e+01,0.000000000000000000e+00,5.985000000000000142e+01,3.266100000000000136e+01,5.000000000000000000e+01,1.000000000000000000e+00
3.100000000000000000e+01,6.000000000000000000e+01,8.082241588461310755e+01,-3.814448357157168346e+01,1.732206768695857946e+01,0.000000000000000000e+00,5.985000000000000142e+01,3.282200000000000273e+01,5.000000000000000000e+01,1.000000000000000000e+00
3.200000000000000000e+01,6.000000000000000000e+01,8.082241588461310755e+01,-3.738821452439317738e+01,1.656579863978006983e+01,0.000000000000000000e+00,5.985000000000000142e+01,3.282200000000000273e+01,5.000000000000000000e+01,1.000000000000000000e+00
3.300000000000000000e+01,6.000000000000000000e+01,8.005091287668687983e+01,-3.515564089316011120e+01,1.510472801647322783e+01,0.000000000000000000e+00,5.985000000000000142e+01,3.307999999999999829e+01,5.000000000000000000e+01,1.000000000000000000e+00
3.400000000000000000e+01,6.000000000000000000e+01,7.985654196383723047e+01,-3.411592357402486186e+01,1.425938161018763495e+01,0.000000000000000000e+00,5.985000000000000142e+01,3.314500000000000313e+01,5.000000000000000000e+01,1.000000000000000000e+00
3.500000000000000000e+01,6.000000000000000000e+01,7.966516137272375886e+01,-3.311896356064961822e+01,1.345380218792586291e+01,0.000000000000000000e+00,5.985000000000000142e+01,3.320900000000000318e+01,5.000000000000000000e+01,1.000000000000000000e+00
3.600000000000000000e+01,6.000000000000000000e+01,7.947378078161027304e+01,-3.215717456687262654e+01,1.268339378526235706e+01,0.000000000000000000e+00,5.985000000000000142e+01,3.327300000000000324e+01,5.000000000000000000e+01,1.000000000000000000e+00
3.700000000000000000e+01,6.000000000000000000e+01,7.889365836479753114e+01,-3.046850958901393014e+01,1.157485122421639900e+01,0.000000000000000000e+00,5.985000000000000142e+01,3.346699999999999875e+01,5.000000000000000000e+01,1.000000000000000000e+00
3.800000000000000000e+01,6.000000000000000000e+01,7.870227777368404531e+01,-2.958875424622478079e+01,1.088647647254073370e+01,0.000000000000000000e+00,5.985000000000000142e+01,3.353099999999999881e+01,5.000000000000000000e+01,1.000000000000000000e+00
3.900000000000000000e+01,6.000000000000000000e+01,7.793077476575781759e+01,-2.760413574607985510e+01,9.673360980322035729e+00,0.000000000000000000e+00,5.985000000000000142e+01,3.378900000000000148e+01,5.000000000000000000e+01,1.000000000000000000e+00
4.000000000000000000e+01,6.000000000000000000e+01,7.793077476575781759e+01,-2.718180374600865434e+01,9.251028980250836753e+00,0.000000000000000000e+00,5.985000000000000142e+01,3.378900000000000148e+01,5.000000000000000000e+01,1.000000000000000000e+00
4.100000000000000000e+01,6.000000000000000000e+01,7.735364267068121080e+01,-2.564884344109462333e+01,8.295200770413412528e+00,0.000000000000000000e+00,5.985000000000000142e+01,3.398199999999999932e+01,5.000000000000000000e+01,1.000000000000000000e+00
4.200000000000000000e+01,6.000000000000000000e+01,7.696789116671810405e+01,-2.453201955297414472e+01,7.564128386256040670e+00,0.000000000000000000e+00,5.985000000000000142e+01,3.411099999999999710e+01,5.000000000000000000e+01,1.000000000000000000e+00
4.300000000000000000e+01,6.000000000000000000e+01,7.667782995831173309e+01,-2.363431658208894248e+01,6.956486623777211165e+00,0.000000000000000000e+00,5.985000000000000142e+01,3.420799999999999841e+01,5.000000000000000000e+01,1.000000000000000000e+00
4.400000000000000000e+01,6.000000000000000000e+01,7.600201724594224117e+01,-2.200848144056221045e+01,6.006464194619969277e+00,0.000000000000000000e+00,5.985000000000000142e+01,3.443399999999999750e+01,5.000000000000000000e+01,1.000000000000000000e+00
4.500000000000000000e+01,6.000000000000000000e+01,7.590632695038549116e+01,-2.155904070180838872e+01,5.652713751422896671e+00,0.000000000000000000e+00,5.985000000000000142e+01,3.446600000000000108e+01,5.000000000000000000e+01,1.000000000000000000e+00
4.600000000000000000e+01,6.000000000000000000e+01,7.532919485530889858e+01,-2.018318025810796001e+01,4.853985402799063209e+00,0.000000000000000000e+00,5.985000000000000142e+01,3.465899999999999892e+01,5.000000000000000000e+01,1.000000000000000000e+00
4.700000000000000000e+01,6.000000000000000000e+01,7.503913364690252763e+01,-1.940380018543886820e+01,4.364666538536341456e+00,0.000000000000000000e+00,5.985000000000000142e+01,3.475600000000000023e+01,5.000000000000000000e+01,1.000000000000000000e+00
4.800000000000000000e+01,6.000000000000000000e+01,7.426763063897628570e+01,-1.770391922782080840e+01,3.436288588844521819e+00,0.000000000000000000e+00,5.985000000000000142e+01,3.501400000000000290e+01,5.000000000000000000e+01,1.000000000000000000e+00
4.900000000000000000e+01,6.000000000000000000e+01,7.407625004786279987e+01,-1.717948769053145952e+01,3.103237642668659646e+00,0.000000000000000000e+00,5.985000000000000142e+01,3.507800000000000296e+01,5.000000000000000000e+01,1.000000000000000000e+00
5.000000000000000000e+01,6.000000000000000000e+01,7.349911795278620730e+01,-1.591493554457100501e+01,2.415817591784798157e+00,0.000000000000000000e+00,5.985000000000000142e+01,3.527100000000000080e+01,5.000000000000000000e+01,1.000000000000000000e+00
5.100000000000000000e+01,6.000000000000000000e+01,7.311336644882310054e+01,-1.505480130775851855e+01,1.941434858935417784e+00,0.000000000000000000e+00,5.985000000000000142e+01,3.539999999999999858e+01,5.000000000000000000e+01,1.000000000000000000e+00
5.200000000000000000e+01,6.000000000000000000e+01,7.272761494485996536e+01,-1.421537828070762366e+01,1.487763335847657853e+00,0.000000000000000000e+00,5.985000000000000142e+01,3.552900000000000347e+01,5.000000000000000000e+01,1.000000000000000000e+00
5.300000000000000000e+01,6.000000000000000711e+01,7.214749252804723767e+01,-1.301550649576066476e+01,8.680139677134275367e-01,0.000000000000000000e+00,5.985000000000000142e+01,3.572299999999999898e+01,5.000000000000000000e+01,1.000000000000000000e+00
5.400000000000000000e+01,6.000000000000000000e+01,7.176174102408411670e+01,-1.222294825467511714e+01,4.612072305909998282e-01,0.000000000000000000e+00,5.985000000000000142e+01,3.585199999999999676e+01,5.000000000000000000e+01,1.000000000000000000e+00
5.500000000000000000e+01,6.000000000000000000e+01,7.118460892900750991e+01,-1.107374526093292388e+01,-1.108636680745855863e-01,0.000000000000000000e+00,5.985000000000000142e+01,3.604500000000000171e+01,5.000000000000000000e+01,1.000000000000000000e+00
5.600000000000000000e+01,6.000000000000000000e+01,7.079885742504440316e+01,-1.032392411511224140e+01,-4.749333099321619844e-01,0.000000000000000000e+00,5.985000000000000142e+01,3.617399999999999949e+01,5.000000000000000000e+01,1.000000000000000000e+00
5.700000000000000000e+01,6.000000000000000000e+01,7.022172532996781058e+01,-9.215592345718182088e+00,-1.006132984249628937e+00,0.000000000000000000e+00,5.985000000000000142e+01,3.636699999999999733e+01,5.000000000000000000e+01,1.000000000000000000e+00
5.800000000000000000e+01,6.000000000000000000e+01,6.983597382600467540e+01,-8.504858015914315672e+00,-1.331115810090359286e+00,0.000000000000000000e+00,5.985000000000000142e+01,3.649600000000000222e+01,5.000000000000000000e+01,1.000000000000000000e+00
5.900000000000000000e+01,6.000000000000000000e+01,6.925884173092808282e+01,-7.433906560193378255e+00,-1.824935170734704570e+00,0.000000000000000000e+00,5.985000000000000142e+01,3.668900000000000006e+01,5.000000000000000000e+01,1.000000000000000000e+00
6.000000000000000000e+01,6.000000000000000000e+01,6.867871931411532671e+01,-6.378664815287658385e+00,-2.300054498827667881e+00,0.000000000000000000e+00,5.985000000000000142e+01,3.688300000000000267e+01,5.000000000000000000e+01,1.000000000000000000e+00
6.100000000000000000e+01,6.000000000000000000e+01,6.829296781015221995e+01,-5.724422170462675652e+00,-2.568545639689543858e+00,0.000000000000000000e+00,5.985000000000000142e+01,3.701200000000000045e+01,5.000000000000000000e+01,1.000000000000000000e+00
6.200000000000000000e+01,6.000000000000000000e+01,6.800589692348199833e+01,-5.274954565848830157e+00,-2.730942357633168616e+00,0.000000000000000000e+00,5.985000000000000142e+01,3.710799999999999699e+01,5.000000000000000000e+01,1.000000000000000000e+00
6.300000000000000000e+01,6.000000000000000000e+01,6.733008421111249220e+01,-4.072065623227433484e+00,-3.258018587885058714e+00,0.000000000000000000e+00,5.985000000000000142e+01,3.733400000000000318e+01,5.000000000000000000e+01,1.000000000000000000e+00
6.400000000000000000e+01,6.000000000000000000e+01,6.655858120318627869e+01,-2.704985629194195162e+00,-3.853595573992083523e+00,0.000000000000000000e+00,5.985000000000000142e+01,3.759199999999999875e+01,5.000000000000000000e+01,1.000000000000000000e+00
6.500000000000000000e+01,6.000000000000000000e+01,6.636720061207279286e+01,-2.498825204193644289e+00,-3.868375407879148575e+00,0.000000000000000000e+00,5.985000000000000142e+01,3.765599999999999881e+01,5.000000000000000000e+01,1.000000000000000000e+00
6.600000000000000000e+01,6.000000000000000000e+01,6.607713940366642191e+01,-2.100257146501556704e+00,-3.976882257164865209e+00,0.000000000000000000e+00,5.985000000000000142e+01,3.775300000000000011e+01,5.000000000000000000e+01,1.000000000000000000e+00
6.700000000000000000e+01,5.999999999999999289e+01,6.540132669129692999e+01,-9.517650459713919986e-01,-4.449561645325537995e+00,0.000000000000000000e+00,5.985000000000000142e+01,3.797899999999999920e+01,5.000000000000000000e+01,1.000000000000000000e+00
6.800000000000000000e+01,6.000000000000000000e+01,6.491988489177707322e+01,-2.041655194950653396e-01,-4.715719372282007882e+00,0.000000000000000000e+00,5.985000000000000142e+01,3.814000000000000057e+01,5.000000000000000000e+01,1.000000000000000000e+00
6.900000000000000000e+01,5.999999999999999289e+01,6.443844309225720224e+01,5.318137515820824390e-01,-4.970256843839284677e+00,0.000000000000000000e+00,5.985000000000000142e+01,3.830100000000000193e+01,5.000000000000000000e+01,1.000000000000000000e+00
7.000000000000000000e+01,6.000000000000000000e+01,6.376562070162385965e+01,1.631085742202045274e+00,-5.396706443825904920e+00,0.000000000000000000e+00,5.985000000000000142e+01,3.852600000000000335e+01,5.000000000000000000e+01,1.000000000000000000e+00
7.100000000000000000e+01,5.999999999999999289e+01,6.347555949321750290e+01,1.962927963393702235e+00,-5.438487456611205140e+00,0.000000000000000000e+00,5.985000000000000142e+01,3.862299999999999756e+01,5.000000000000000000e+01,1.000000000000000000e+00
7.200000000000000000e+01,6.000000000000000000e+01,6.289842739814088901e+01,2.854554519936451484e+00,-5.752981918077340495e+00,0.000000000000000000e+00,5.985000000000000142e+01,3.881600000000000250e+01,5.000000000000000000e+01,1.000000000000000000e+00
7.300000000000000000e+01,6.000000000000000711e+01,6.241399527688488291e+01,3.551097740637887412e+00,-5.965093017522770324e+00,0.000000000000000000e+00,5.985000000000000142e+01,3.897800000000000153e+01,5.000000000000000000e+01,1.000000000000000000e+00
7.400000000000000000e+01,6.000000000000000711e+01,6.174117288625154032e+01,4.606935897678227754e+00,-6.348108783929768073e+00,0.000000000000000000e+00,5.985000000000000142e+01,3.920300000000000296e+01,5.000000000000000000e+01,1.000000000000000000e+00
7.500000000000000000e+01,5.999999999999999289e+01,6.154680197340191228e+01,4.710037753837745811e+00,-6.256839727239658089e+00,0.000000000000000000e+00,5.985000000000000142e+01,3.926800000000000068e+01,5.000000000000000000e+01,1.000000000000000000e+00
7.600000000000000000e+01,6.000000000000000711e+01,6.106536017388205551e+01,5.378732815922398380e+00,-6.444092989804453886e+00,0.000000000000000000e+00,5.985000000000000142e+01,3.942900000000000205e+01,5.000000000000000000e+01,1.000000000000000000e+00
7.700000000000000000e+01,6.000000000000000711e+01,6.058391837436219163e+01,6.039252534911755177e+00,-6.623170909273946805e+00,0.000000000000000000e+00,5.985000000000000142e+01,3.959000000000000341e+01,5.000000000000000000e+01,1.000000000000000000e+00
7.800000000000000000e+01,6.000000000000000000e+01,5.981241536643597101e+01,7.259412392983207951e+00,-7.071827759419178960e+00,0.000000000000000000e+00,5.985000000000000142e+01,3.984799999999999898e+01,5.000000000000000000e+01,1.000000000000000000e+00
7.900000000000000000e+01,6.000000000000000000e+01,5.962103477532249229e+01,7.325067109747513960e+00,-6.946101885070006254e+00,0.000000000000000000e+00,5.985000000000000142e+01,3.991199999999999903e+01,5.000000000000000000e+01,1.000000000000000000e+00
8.000000000000000000e+01,5.999999999999999289e+01,5.875384147183952166e+01,8.718330854572689859e+00,-7.472172326412211518e+00,0.000000000000000000e+00,5.985000000000000142e+01,4.020199999999999818e+01,5.000000000000000000e+01,1.000000000000000000e+00
8.100000000000000000e+01,6.000000000000000711e+01,5.855947055898987230e+01,8.772356902947400670e+00,-7.331827461937273860e+00,0.000000000000000000e+00,5.985000000000000142e+01,4.026700000000000301e+01,5.000000000000000000e+01,1.000000000000000000e+00
8.200000000000000000e+01,6.000000000000000711e+01,5.779095787279979390e+01,9.955727236197427388e+00,-7.746685108997221292e+00,0.000000000000000000e+00,5.985000000000000142e+01,4.052400000000000091e+01,5.000000000000000000e+01,1.000000000000000000e+00
8.300000000000000000e+01,5.999999999999999289e+01,5.759658695995017297e+01,9.997768253438643171e+00,-7.594355213388816139e+00,0.000000000000000000e+00,5.985000000000000142e+01,4.058899999999999864e+01,5.000000000000000000e+01,1.000000000000000000e+00
8.400000000000000000e+01,5.999999999999999289e+01,5.682508395202393103e+01,1.117552690158641582e+01,-8.000610853610346851e+00,0.000000000000000000e+00,5.985000000000000142e+01,4.084700000000000131e+01,5.000000000000000000e+01,1.000000000000000000e+00
8.500000000000000000e+01,6.000000000000000000e+01,5.643933244806082428e+01,1.158088734592994840e+01,-8.020219793990772672e+00,0.000000000000000000e+00,5.985000000000000142e+01,4.097599999999999909e+01,5.000000000000000000e+01,1.000000000000000000e+00
8.600000000000000000e+01,6.000000000000000711e+01,5.576651005742747458e+01,1.254700014239797667e+01,-8.313510199825451252e+00,0.000000000000000000e+00,5.985000000000000142e+01,4.120100000000000051e+01,5.000000000000000000e+01,1.000000000000000000e+00
8.700000000000000000e+01,6.000000000000000000e+01,5.557213914457785364e+01,1.256429398285265364e+01,-8.136433127430507284e+00,0.000000000000000000e+00,5.985000000000000142e+01,4.126599999999999824e+01,5.000000000000000000e+01,1.000000000000000000e+00
8.800000000000000000e+01,5.999999999999999289e+01,5.480362645838775393e+01,1.371253581002632949e+01,-8.516162268414083414e+00,0.000000000000000000e+00,5.985000000000000142e+01,4.152300000000000324e+01,5.000000000000000000e+01,1.000000000000000000e+00
8.900000000000000000e+01,6.000000000000000000e+01,5.422350404157501913e+01,1.447564338059052069e+01,-8.699147422165539822e+00,0.000000000000000000e+00,5.985000000000000142e+01,4.171699999999999875e+01,5.000000000000000000e+01,1.000000000000000000e+00
9.000000000000000000e+01,6.000000000000000000e+01,5.383775253761191237e+01,1.485050621952876249e+01,-8.688258757140674859e+00,0.000000000000000000e+00,5.985000000000000142e+01,4.184599999999999653e+01,5.000000000000000000e+01,1.000000000000000000e+00
9.100000000000000000e+01,6.000000000000000711e+01,5.335631073809204850e+01,1.541304727123397278e+01,-8.769358009326021275e+00,0.000000000000000000e+00,5.985000000000000142e+01,4.200699999999999790e+01,5.000000000000000000e+01,1.000000000000000000e+00
9.200000000000000000e+01,6.000000000000000711e+01,5.287486893857218462e+01,1.597204758777491129e+01,-8.846916526347095910e+00,0.000000000000000000e+00,5.985000000000000142e+01,4.216799999999999926e+01,5.000000000000000000e+01,1.000000000000000000e+00
9.300000000000000000e+01,6.000000000000000000e+01,5.277917864301543460e+01,1.577300038108082347e+01,-8.552179024096258075e+00,0.000000000000000000e+00,5.985000000000000142e+01,4.220000000000000284e+01,5.000000000000000000e+01,1.000000000000000000e+00
9.400000000000000000e+01,6.000000000000000000e+01,5.191198533953246397e+01,1.709614395032551215e+01,-9.008129289857977895e+00,0.000000000000000000e+00,5.985000000000000142e+01,4.249000000000000199e+01,5.000000000000000000e+01,1.000000000000000000e+00
9.500000000000000000e+01,6.000000000000000000e+01,5.191198533953246397e+01,1.670285548857733815e+01,-8.614840828109802118e+00,0.000000000000000000e+00,5.985000000000000142e+01,4.249000000000000199e+01,5.000000000000000000e+01,1.000000000000000000e+00
9.600000000000000000e+01,6.000000000000000000e+01,5.104479203604949333e+01,1.802326328841665415e+01,-9.068055324466147482e+00,0.000000000000000000e+00,5.985000000000000142e+01,4.278000000000000114e+01,5.000000000000000000e+01,1.000000000000000000e+00
9.700000000000000000e+01,6.000000000000000000e+01,5.094611141875660110e+01,1.782041140862750694e+01,-8.766522827384108041e+00,0.000000000000000000e+00,5.985000000000000142e+01,4.281300000000000239e+01,5.000000000000000000e+01,1.000000000000000000e+00
9.800000000000000000e+01,6.000000000000000000e+01,5.075473082764311528e+01,1.781207695461442597e+01,-8.566807782257541248e+00,0.000000000000000000e+00,5.985000000000000142e+01,4.287700000000000244e+01,5.000000000000000000e+01,1.000000000000000000e+00
9.900000000000000000e+01,6.000000000000000711e+01,5.007891811527363046e+01,1.876017619984500584e+01,-8.839094315118636302e+00,0.000000000000000000e+00,5.985000000000000142e+01,4.310300000000000153e+01,5.000000000000000000e+01,1.000000000000000000e+00
1.000000000000000000e+02,5.999999999999999289e+01,4.988753752416014464e+01,1.874867332674517684e+01,-8.636210850905321479e+00,0.000000000000000000e+00,5.985000000000000142e+01,4.316700000000000159e+01,5.000000000000000000e+01,1.000000000000000000e+00
1.010000000000000000e+02,6.000000000000000711e+01,4.911603451623392402e+01,1.988094530525730619e+01,-8.996979821491231988e+00,0.000000000000000000e+00,5.985000000000000142e+01,4.342499999999999716e+01,5.000000000000000000e+01,1.000000000000000000e+00
1.020000000000000000e+02,5.999999999999999289e+01,4.902034422067717401e+01,1.967534644276287992e+01,-8.695690663440055701e+00,0.000000000000000000e+00,5.985000000000000142e+01,4.345700000000000074e+01,5.000000000000000000e+01,1.000000000000000000e+00
1.030000000000000000e+02,5.999999999999999289e+01,4.863459271671406725e+01,2.005036020130696528e+01,-8.684952918021030754e+00,0.000000000000000000e+00,5.985000000000000142e+01,4.358599999999999852e+01,5.000000000000000000e+01,1.000000000000000000e+00
1.040000000000000000e+02,6.000000000000000711e+01,4.805746062163745336e+01,2.080024840504054850e+01,-8.857709026678001862e+00,0.000000000000000000e+00,5.985000000000000142e+01,4.377900000000000347e+01,5.000000000000000000e+01,1.000000000000000000e+00
1.050000000000000000e+02,6.000000000000000000e+01,4.767170911767433950e+01,2.116818855808870481e+01,-8.839897675763044305e+00,0.000000000000000000e+00,5.985000000000000142e+01,4.390800000000000125e+01,5.000000000000000000e+01,1.000000000000000000e+00
1.060000000000000000e+02,6.000000000000000000e+01,4.709158670086160470e+01,2.191716207303792530e+01,-9.008748773899529994e+00,0.000000000000000000e+00,5.985000000000000142e+01,4.410199999999999676e+01,5.000000000000000000e+01,1.000000000000000000e+00
1.070000000000000000e+02,6.000000000000000000e+01,4.632307401467151209e+01,2.302731922494556471e+01,-9.350393239617075025e+00,0.000000000000000000e+00,5.985000000000000142e+01,4.435900000000000176e+01,5.000000000000000000e+01,1.000000000000000000e+00
1.080000000000000000e+02,6.000000000000000000e+01,4.612870310182188405e+01,2.299934349581363335e+01,-9.128046597635519177e+00,0.000000000000000000e+00,5.985000000000000142e+01,4.442399999999999949e+01,5.000000000000000000e+01,1.000000000000000000e+00
1.090000000000000000e+02,6.000000000000000000e+01,4.574295159785877729e+01,2.335548090447241165e+01,-9.098432502331188942e+00,0.000000000000000000e+00,5.985000000000000142e+01,4.455299999999999727e+01,5.000000000000000000e+01,1.000000000000000000e+00
1.100000000000000000e+02,6.000000000000000000e+01,4.526150979833891341e+01,2.390011406474925337e+01,-9.161623863088168562e+00,0.000000000000000000e+00,5.985000000000000142e+01,4.471399999999999864e+01,5.000000000000000000e+01,1.000000000000000000e+00
1.110000000000000000e+02,5.999999999999999289e+01,4.516581950278216340e+01,2.368732696152558503e+01,-8.853146464307748431e+00,0.000000000000000000e+00,5.985000000000000142e+01,4.474600000000000222e+01,5.000000000000000000e+01,1.000000000000000000e+00
1.120000000000000000e+02,6.000000000000000000e+01,4.429862619929919276e+01,2.499733050826523595e+01,-9.295956707564426935e+00,0.000000000000000000e+00,5.985000000000000142e+01,4.503600000000000136e+01,5.000000000000000000e+01,1.000000000000000000e+00
1.130000000000000000e+02,6.000000000000000000e+01,4.410425528644956472e+01,2.497173143906623949e+01,-9.075986725515805986e+00,0.000000000000000000e+00,5.985000000000000142e+01,4.510099999999999909e+01,5.000000000000000000e+01,1.000000000000000000e+00
1.140000000000000000e+02,6.000000000000000000e+01,4.333574260025948632e+01,2.607895303024737288e+01,-9.414695630506859203e+00,0.000000000000000000e+00,5.985000000000000142e+01,4.535799999999999699e+01,5.000000000000000000e+01,1.000000000000000000e+00
1.150000000000000000e+02,6.000000000000000000e+01,4.323706198296659409e+01,2.586096708339991324e+01,-9.098029066366505546e+00,0.000000000000000000e+00,5.985000000000000142e+01,4.539099999999999824e+01,5.000000000000000000e+01,1.000000000000000000e+00
1.160000000000000000e+02,6.000000000000000000e+01,4.314137168740984407e+01,2.565095648337386081e+01,-8.792328170783703101e+00,0.000000000000000000e+00,5.985000000000000142e+01,4.542300000000000182e+01,5.000000000000000000e+01,1.000000000000000000e+00
1.170000000000000000e+02,6.000000000000000000e+01,4.236986867948362345e+01,2.677641249170932625e+01,-9.146281171192949699e+00,0.000000000000000000e+00,5.985000000000000142e+01,4.568099999999999739e+01,5.000000000000000000e+01,1.000000000000000000e+00
1.180000000000000000e+02,5.999999999999999289e+01,4.217848808837013763e+01,2.675149806087011939e+01,-8.929986149240255244e+00,0.000000000000000000e+00,5.985000000000000142e+01,4.574499999999999744e+01,5.000000000000000000e+01,1.000000000000000000e+00
1.190000000000000000e+02,6.000000000000000000e+01,4.131129478488716700e+01,2.805814684209564902e+01,-9.369441626982816018e+00,0.000000000000000000e+00,5.985000000000000142e+01,4.603499999999999659e+01,5.000000000000000000e+01,1.000000000000000000e+00
1.200000000000000000e+02,6.000000000000000000e+01,4.131129478488716700e+01,2.764908374293874260e+01,-8.960378527825911377e+00,0.000000000000000000e+00,5.985000000000000142e+01,4.603499999999999659e+01,5.000000000000000000e+01,1.000000000000000000e+00
1.210000000000000000e+02,6.000000000000000000e+01,4.044410148140417505e+01,2.895440561472083729e+01,-9.398507096125012339e+00,0.000000000000000000e+00,5.985000000000000142e+01,4.632500000000000284e+01,5.000000000000000000e+01,1.000000000000000000e+00
1.220000000000000000e+02,6.000000000000000000e+01,4.024973056855455411e+01,2.892432926913393132e+01,-9.174059837688485430e+00,0.000000000000000000e+00,5.985000000000000142e+01,4.639000000000000057e+01,5.000000000000000000e+01,1.000000000000000000e+00
1.230000000000000000e+02,6.000000000000000000e+01,3.976828876903469023e+01,2.946566059420928951e+01,-9.233949363243979747e+00,0.000000000000000000e+00,5.985000000000000142e+01,4.655100000000000193e+01,5.000000000000000000e+01,1.000000000000000000e+00
1.240000000000000000e+02,6.000000000000000000e+01,3.938253726507158348e+01,2.981717436410347588e+01,-9.199711629175059358e+00,0.000000000000000000e+00,5.985000000000000142e+01,4.667999999999999972e+01,5.000000000000000000e+01,1.000000000000000000e+00
1.250000000000000000e+02,6.000000000000000000e+01,3.919115667395809766e+01,2.978992719780342924e+01,-8.981083871761525117e+00,0.000000000000000000e+00,5.985000000000000142e+01,4.674399999999999977e+01,5.000000000000000000e+01,1.000000000000000000e+00
1.260000000000000000e+02,6.000000000000000000e+01,3.841965366603185572e+01,3.090714226766047190e+01,-9.326795933692327623e+00,0.000000000000000000e+00,5.985000000000000142e+01,4.700200000000000244e+01,5.000000000000000000e+01,1.000000000000000000e+00
1.270000000000000000e+02,5.999999999999999289e+01,3.832396337047512702e+01,3.068714387033990221e+01,-9.011107240815029229e+00,0.000000000000000000e+00,5.985000000000000142e+01,4.703399999999999892e+01,5.000000000000000000e+01,1.000000000000000000e+00
1.280000000000000000e+02,6.000000000000000000e+01,3.793821186651202026e+01,3.104838676741718118e+01,-8.986598633929201441e+00,0.000000000000000000e+00,5.985000000000000142e+01,4.716299999999999670e+01,5.000000000000000000e+01,1.000000000000000000e+00
1.290000000000000000e+02,6.000000000000000711e+01,3.745677006699215639e+01,3.159790251415120110e+01,-9.054672581143357490e+00,0.000000000000000000e+00,5.985000000000000142e+01,4.732399999999999807e+01,5.000000000000000000e+01,1.000000000000000000e+00
1.300000000000000000e+02,6.000000000000000000e+01,3.707101856302902831e+01,3.195724337972653828e+01,-9.028261942755566594e+00,0.000000000000000000e+00,5.985000000000000142e+01,4.745300000000000296e+01,5.000000000000000000e+01,1.000000000000000000e+00
1.310000000000000000e+02,6.000000000000000000e+01,3.649388646795243574e+01,3.269214295775350365e+01,-9.186029425705942941e+00,0.000000000000000000e+00,5.985000000000000142e+01,4.764600000000000080e+01,5.000000000000000000e+01,1.000000000000000000e+00
1.320000000000000000e+02,6.000000000000000000e+01,3.610813496398932188e+01,3.304574887773957670e+01,-9.153883841728896797e+00,0.000000000000000000e+00,5.985000000000000142e+01,4.777499999999999858e+01,5.000000000000000000e+01,1.000000000000000000e+00
1.330000000000000000e+02,6.000000000000000000e+01,3.562370284273332288e+01,3.359381116049362959e+01,-9.217514003226950692e+00,0.000000000000000000e+00,5.985000000000000142e+01,4.793699999999999761e+01,5.000000000000000000e+01,1.000000000000000000e+00
1.340000000000000000e+02,5.999999999999998579e+01,3.552801254717656576e+01,3.337858393385090494e+01,-8.906596481027474255e+00,0.000000000000000000e+00,5.985000000000000142e+01,4.796900000000000119e+01,5.000000000000000000e+01,1.000000000000000000e+00
1.350000000000000000e+02,6.000000000000000000e+01,3.552801254717656576e+01,3.298972832168970371e+01,-8.517740868866269466e+00,0.000000000000000000e+00,5.985000000000000142e+01,4.796900000000000119e+01,5.000000000000000000e+01,1.000000000000000000e+00
1.360000000000000000e+02,6.000000000000000000e+01,3.456512894813686643e+01,3.450157825754765639e+01,-9.066707205684524595e+00,0.000000000000000000e+00,5.985000000000000142e+01,4.829099999999999682e+01,5.000000000000000000e+01,1.000000000000000000e+00
1.370000000000000000e+02,6.000000000000000711e+01,3.456512894813686643e+01,3.410573232602229155e+01,-8.670861274159159748e+00,0.000000000000000000e+00,5.985000000000000142e+01,4.829099999999999682e+01,5.000000000000000000e+01,1.000000000000000000e+00
1.380000000000000000e+02,6.000000000000000711e+01,3.427506773973048837e+01,3.429462729642387586e+01,-8.569695036154364232e+00,0.000000000000000000e+00,5.985000000000000142e+01,4.838799999999999812e+01,5.000000000000000000e+01,1.000000000000000000e+00
1.390000000000000000e+02,5.999999999999999289e+01,3.379362594021062449e+01,3.486234475512164011e+01,-8.655970695332262821e+00,0.000000000000000000e+00,5.985000000000000142e+01,4.854899999999999949e+01,5.000000000000000000e+01,1.000000000000000000e+00
1.400000000000000000e+02,6.000000000000000000e+01,3.360224534909714578e+01,3.485883692787628263e+01,-8.461082276973431959e+00,0.000000000000000000e+00,5.985000000000000142e+01,4.861299999999999955e+01,5.000000000000000000e+01,1.000000000000000000e+00
1.410000000000000000e+02,6.000000000000000000e+01,3.283074234117090384e+01,3.599875489427712694e+01,-8.829497235448032555e+00,0.000000000000000000e+00,5.985000000000000142e+01,4.887100000000000222e+01,5.000000000000000000e+01,1.000000000000000000e+00
1.420000000000000000e+02,6.000000000000000000e+01,3.263637142832128291e+01,3.599352111096085594e+01,-8.629892539282137065e+00,0.000000000000000000e+00,5.985000000000000142e+01,4.893599999999999994e+01,5.000000000000000000e+01,1.000000000000000000e+00
1.430000000000000000e+02,5.999999999999999289e+01,3.254068113276452578e+01,3.580394901583420619e+01,-8.344630148598730202e+00,0.000000000000000000e+00,5.985000000000000142e+01,4.896800000000000352e+01,5.000000000000000000e+01,1.000000000000000000e+00
1.440000000000000000e+02,6.000000000000000000e+01,3.196354903768793321e+01,3.656869546750993294e+01,-8.532244505197866147e+00,0.000000000000000000e+00,5.985000000000000142e+01,4.916100000000000136e+01,5.000000000000000000e+01,1.000000000000000000e+00
1.450000000000000000e+02,6.000000000000000000e+01,3.167348782928155515e+01,3.676364234659122587e+01,-8.437130175872784577e+00,0.000000000000000000e+00,5.985000000000000142e+01,4.925800000000000267e+01,5.000000000000000000e+01,1.000000000000000000e+00
1.460000000000000000e+02,6.000000000000000000e+01,3.148210723816807288e+01,3.676968893941435113e+01,-8.251796177582424008e+00,0.000000000000000000e+00,5.985000000000000142e+01,4.932200000000000273e+01,5.000000000000000000e+01,1.000000000000000000e+00
1.470000000000000000e+02,5.999999999999999289e+01,3.071060423024185582e+01,3.791874418675842406e+01,-8.629348417000278104e+00,0.000000000000000000e+00,5.985000000000000142e+01,4.957999999999999829e+01,5.000000000000000000e+01,1.000000000000000000e+00
1.480000000000000000e+02,6.000000000000000000e+01,3.061491393468510225e+01,3.772919584762020406e+01,-8.344109782305306311e+00,0.000000000000000000e+00,5.985000000000000142e+01,4.961200000000000188e+01,5.000000000000000000e+01,1.000000000000000000e+00
1.490000000000000000e+02,6.000000000000000000e+01,3.022916243072199194e+01,3.811955937518650472e+01,-8.348721805908494886e+00,0.000000000000000000e+00,5.985000000000000142e+01,4.974099999999999966e+01,5.000000000000000000e+01,1.000000000000000000e+00
1.500000000000000000e+02,6.000000000000000000e+01,2.974772063120213161e+01,3.869692436657551582e+01,-8.444644997777645656e+00,0.000000000000000000e+00,5.985000000000000142e+01,4.990200000000000102e+01,5.000000000000000000e+01,1.000000000000000000e+00
1.510000000000000000e+02,6.000000000000000000e+01,2.964904001390923582e+01,3.852129013437245675e+01,-8.170330148281690796e+00,0.000000000000000000e+00,5.985000000000000142e+01,4.993500000000000227e+01,5.000000000000000000e+01,1.000000000000000000e+00
1.520000000000000000e+02,5.999999999999999289e+01,2.916759821438939682e+01,3.910644357754305389e+01,-8.274041791932452483e+00,0.000000000000000000e+00,5.985000000000000142e+01,5.009599999999999653e+01,5.000000000000000000e+01,1.000000000000000000e+00
1.530000000000000000e+02,6.000000000000000000e+01,2.878184671042626519e+01,3.949986622329751640e+01,-8.281712933723779813e+00,0.000000000000000000e+00,5.985000000000000142e+01,5.022500000000000142e+01,5.000000000000000000e+01,1.000000000000000000e+00
1.540000000000000000e+02,6.000000000000000000e+01,2.849477582375605067e+01,3.969990104287013111e+01,-8.194676866626180001e+00,0.000000000000000000e+00,5.985000000000000142e+01,5.032099999999999795e+01,5.000000000000000000e+01,1.000000000000000000e+00
1.550000000000000000e+02,6.000000000000000000e+01,2.791465340694329456e+01,4.047704443542084363e+01,-8.391697842364138182e+00,0.000000000000000000e+00,5.985000000000000142e+01,5.051500000000000057e+01,5.000000000000000000e+01,1.000000000000000000e+00
1.560000000000000000e+02,6.000000000000000000e+01,2.781896311138656586e+01,4.029787174986444143e+01,-8.116834861251009059e+00,0.000000000000000000e+00,5.985000000000000142e+01,5.054699999999999704e+01,5.000000000000000000e+01,1.000000000000000000e+00
1.570000000000000000e+02,5.999999999999999289e+01,2.752890190298018780e+01,4.051095511595721632e+01,-8.039857018937405897e+00,0.000000000000000000e+00,5.985000000000000142e+01,5.064399999999999835e+01,5.000000000000000000e+01,1.000000000000000000e+00
1.580000000000000000e+02,6.000000000000000000e+01,2.695176980790357391e+01,4.128900774380895200e+01,-8.240777551712522353e+00,0.000000000000000000e+00,5.985000000000000142e+01,5.083700000000000330e+01,5.000000000000000000e+01,1.000000000000000000e+00
1.590000000000000000e+02,6.000000000000000000e+01,2.695176980790357391e+01,4.092922130839767192e+01,-7.880991116301246713e+00,0.000000000000000000e+00,5.985000000000000142e+01,5.083700000000000330e+01,5.000000000000000000e+01,1.000000000000000000e+00
1.600000000000000000e+02,6.000000000000000000e+01,2.685607951234684165e+01,4.077234571208531122e+01,-7.628425224432149321e+00,0.000000000000000000e+00,5.985000000000000142e+01,5.086899999999999977e+01,5.000000000000000000e+01,1.000000000000000000e+00
1.610000000000000000e+02,6.000000000000000000e+01,2.598888620886387102e+01,4.213581970945928390e+01,-8.124705918323154918e+00,0.000000000000000000e+00,5.985000000000000142e+01,5.115899999999999892e+01,5.000000000000000000e+01,1.000000000000000000e+00
1.620000000000000000e+02,6.000000000000000000e+01,2.589319591330711745e+01,4.196830369974832564e+01,-7.861499613055440427e+00,0.000000000000000000e+00,5.985000000000000142e+01,5.119100000000000250e+01,5.000000000000000000e+01,1.000000000000000000e+00
1.630000000000000000e+02,6.000000000000000711e+01,2.589319591330711745e+01,4.162507626701892605e+01,-7.518272180326042609e+00,0.000000000000000000e+00,5.985000000000000142e+01,5.119100000000000250e+01,5.000000000000000000e+01,1.000000000000000000e+00
1.640000000000000000e+02,6.000000000000000000e+01,2.521738320093763264e+01,4.261895382433880286e+01,-7.836337025276433721e+00,0.000000000000000000e+00,5.985000000000000142e+01,5.141700000000000159e+01,5.000000000000000000e+01,1.000000000000000000e+00
1.650000000000000000e+02,6.000000000000000000e+01,2.492732199253125458e+01,4.284428352470192181e+01,-7.771605517233179938e+00,0.000000000000000000e+00,5.985000000000000142e+01,5.151400000000000290e+01,5.000000000000000000e+01,1.000000000000000000e+00
1.660000000000000000e+02,5.999999999999999289e+01,2.483163169697452233e+01,4.269218362516416931e+01,-7.523815322138696082e+00,0.000000000000000000e+00,5.985000000000000142e+01,5.154599999999999937e+01,5.000000000000000000e+01,1.000000000000000000e+00
1.670000000000000000e+02,6.000000000000000000e+01,2.415880930634117618e+01,4.367996908471879891e+01,-7.838778391059972428e+00,0.000000000000000000e+00,5.985000000000000142e+01,5.177100000000000080e+01,5.000000000000000000e+01,1.000000000000000000e+00
1.680000000000000000e+02,6.000000000000000711e+01,2.396443839349155169e+01,4.371798937533916529e+01,-7.682427768830716097e+00,0.000000000000000000e+00,5.985000000000000142e+01,5.183599999999999852e+01,5.000000000000000000e+01,1.000000000000000000e+00
1.690000000000000000e+02,6.000000000000000000e+01,2.348299659397169137e+01,4.432444428634215683e+01,-7.807440880313845533e+00,0.000000000000000000e+00,5.985000000000000142e+01,5.199699999999999989e+01,5.000000000000000000e+01,1.000000000000000000e+00
1.700000000000000000e+02,6.000000000000000711e+01,2.300155479445182749e+01,4.492544121459073381e+01,-7.926996009042563962e+00,0.000000000000000000e+00,5.985000000000000142e+01,5.215800000000000125e+01,5.000000000000000000e+01,1.000000000000000000e+00
1.710000000000000000e+02,5.999999999999999289e+01,2.300155479445182749e+01,4.457935425620412673e+01,-7.580909050655955106e+00,0.000000000000000000e+00,5.985000000000000142e+01,5.215800000000000125e+01,5.000000000000000000e+01,1.000000000000000000e+00
1.720000000000000000e+02,6.000000000000000711e+01,2.271149358604544943e+01,4.481583575867771430e+01,-7.527329344723161952e+00,0.000000000000000000e+00,5.985000000000000142e+01,5.225500000000000256e+01,5.000000000000000000e+01,1.000000000000000000e+00
1.730000000000000000e+02,5.999999999999998579e+01,2.261580329048872073e+01,4.467440078157133598e+01,-7.290204072060060270e+00,0.000000000000000000e+00,5.985000000000000142e+01,5.228699999999999903e+01,5.000000000000000000e+01,1.000000000000000000e+00
1.740000000000000000e+02,6.000000000000000000e+01,2.203867119541212460e+01,4.548518271923148859e+01,-7.523853914643612306e+00,0.000000000000000000e+00,5.985000000000000142e+01,5.247999999999999687e+01,5.000000000000000000e+01,1.000000000000000000e+00
1.750000000000000000e+02,6.000000000000000000e+01,2.213436149096885686e+01,4.496949383398046507e+01,-7.103855324949320149e+00,0.000000000000000000e+00,5.985000000000000142e+01,5.244800000000000040e+01,5.000000000000000000e+01,1.000000000000000000e+00
1.760000000000000000e+02,6.000000000000000711e+01,2.203867119541212460e+01,4.484654742874824507e+01,-6.885218624160367895e+00,0.000000000000000000e+00,5.985000000000000142e+01,5.247999999999999687e+01,5.000000000000000000e+01,1.000000000000000000e+00
1.770000000000000000e+02,6.000000000000000711e+01,2.203867119541212460e+01,4.454594372354336684e+01,-6.584614918955487894e+00,0.000000000000000000e+00,5.985000000000000142e+01,5.247999999999999687e+01,5.000000000000000000e+01,1.000000000000000000e+00
1.780000000000000000e+02,6.000000000000000711e+01,2.107279727463626173e+01,4.614804263958865960e+01,-7.220839914224920442e+00,0.000000000000000000e+00,5.985000000000000142e+01,5.280299999999999727e+01,5.000000000000000000e+01,1.000000000000000000e+00
1.790000000000000000e+02,5.999999999999999289e+01,2.097710697907950816e+01,4.601998877112144015e+01,-6.997095750200948316e+00,0.000000000000000000e+00,5.985000000000000142e+01,5.283500000000000085e+01,5.000000000000000000e+01,1.000000000000000000e+00
1.800000000000000000e+02,6.000000000000000000e+01,2.039997488400291559e+01,4.684356760781803075e+01,-7.243542491820945450e+00,0.000000000000000000e+00,5.985000000000000142e+01,5.302799999999999869e+01,5.000000000000000000e+01,1.000000000000000000e+00
1.810000000000000000e+02,6.000000000000000711e+01,2.010991367559653753e+01,4.709477829220054446e+01,-7.204691967797084651e+00,0.000000000000000000e+00,5.985000000000000142e+01,5.312500000000000000e+01,5.000000000000000000e+01,1.000000000000000000e+00
1.820000000000000000e+02,6.000000000000000000e+01,2.010991367559653753e+01,4.678022661002447791e+01,-6.890140285621015437e+00,0.000000000000000000e+00,5.985000000000000142e+01,5.312500000000000000e+01,5.000000000000000000e+01,1.000000000000000000e+00
1.830000000000000000e+02,6.000000000000000711e+01,1.953278158051994495e+01,4.760847504556747367e+01,-7.141256626087419512e+00,0.000000000000000000e+00,5.985000000000000142e+01,5.331799999999999784e+01,5.000000000000000000e+01,1.000000000000000000e+00
1.840000000000000000e+02,6.000000000000000711e+01,1.924272037211356690e+01,4.786415145746105537e+01,-7.106871829574620492e+00,0.000000000000000000e+00,5.985000000000000142e+01,5.341499999999999915e+01,5.000000000000000000e+01,1.000000000000000000e+00
1.850000000000000000e+02,6.000000000000000711e+01,1.895265916370718884e+01,4.812132908490038119e+01,-7.073988248607569140e+00,0.000000000000000000e+00,5.985000000000000142e+01,5.351200000000000045e+01,5.000000000000000000e+01,1.000000000000000000e+00
1.860000000000000000e+02,5.999999999999999289e+01,1.876127857259370657e+01,4.818688947625680186e+01,-6.948168048850513756e+00,0.000000000000000000e+00,5.985000000000000142e+01,5.357600000000000051e+01,5.000000000000000000e+01,1.000000000000000000e+00
1.870000000000000000e+02,6.000000000000000000e+01,1.818115615578095046e+01,4.901845454946106884e+01,-7.199610705242020181e+00,0.000000000000000000e+00,5.985000000000000142e+01,5.377000000000000313e+01,5.000000000000000000e+01,1.000000000000000000e+00
1.880000000000000000e+02,5.999999999999999289e+01,1.818115615578095046e+01,4.870412471156250689e+01,-6.885280867343460010e+00,0.000000000000000000e+00,5.985000000000000142e+01,5.377000000000000313e+01,5.000000000000000000e+01,1.000000000000000000e+00
1.890000000000000000e+02,6.000000000000000000e+01,1.741264346959087561e+01,4.990699094874948116e+01,-7.319634418340355886e+00,0.000000000000000000e+00,5.985000000000000142e+01,5.402700000000000102e+01,5.000000000000000000e+01,1.000000000000000000e+00
1.900000000000000000e+02,6.000000000000000000e+01,1.769971435626111145e+01,4.902581249725754731e+01,-6.725526853518660531e+00,0.000000000000000000e+00,5.985000000000000142e+01,5.393099999999999739e+01,5.000000000000000000e+01,1.000000000000000000e+00
1.910000000000000000e+02,6.000000000000001421e+01,1.712258226118449755e+01,4.986124783714126352e+01,-6.983830098325757518e+00,0.000000000000000000e+00,5.985000000000000142e+01,5.412400000000000233e+01,5.000000000000000000e+01,1.000000000000000000e+00
1.920000000000000000e+02,5.999999999999999289e+01,1.702689196562776530e+01,4.974354164718912585e+01,-6.770433612816897373e+00,0.000000000000000000e+00,5.985000000000000142e+01,5.415599999999999881e+01,5.000000000000000000e+01,1.000000000000000000e+00
1.930000000000000000e+02,6.000000000000000711e+01,1.693120167007101173e+01,4.963515219468915518e+01,-6.566353864760165138e+00,0.000000000000000000e+00,5.985000000000000142e+01,5.418800000000000239e+01,5.000000000000000000e+01,1.000000000000000000e+00
1.940000000000000000e+02,6.000000000000000000e+01,1.635107925325827694e+01,5.048338700123119338e+01,-6.834466254489469428e+00,0.000000000000000000e+00,5.985000000000000142e+01,5.438199999999999790e+01,5.000000000000000000e+01,1.000000000000000000e+00
1.950000000000000000e+02,6.000000000000000711e+01,1.625538895770152692e+01,5.037220192953717657e+01,-6.627590887238701711e+00,0.000000000000000000e+00,5.985000000000000142e+01,5.441400000000000148e+01,5.000000000000000000e+01,1.000000000000000000e+00
1.960000000000000000e+02,6.000000000000000000e+01,1.625538895770152692e+01,5.008284606648656734e+01,-6.338235024188092481e+00,0.000000000000000000e+00,5.985000000000000142e+01,5.441400000000000148e+01,5.000000000000000000e+01,1.000000000000000000e+00
1.970000000000000000e+02,6.000000000000000711e+01,1.548388594977530808e+01,5.131544602086840712e+01,-6.799331970643714307e+00,0.000000000000000000e+00,5.985000000000000142e+01,5.467199999999999704e+01,5.000000000000000000e+01,1.000000000000000000e+00
1.980000000000000000e+02,6.000000000000000000e+01,1.538819565421855451e+01,5.120579488679936020e+01,-6.593990541017918261e+00,0.000000000000000000e+00,5.985000000000000142e+01,5.470400000000000063e+01,5.000000000000000000e+01,1.000000000000000000e+00
1.990000000000000000e+02,6.000000000000000000e+01,1.529250535866182403e+01,5.110510881222177204e+01,-6.397614170883602291e+00,0.000000000000000000e+00,5.985000000000000142e+01,5.473599999999999710e+01,5.000000000000000000e+01,1.000000000000000000e+00
2.000000000000000000e+02,6.000000000000000000e+01,1.519382474136893002e+01,5.101884647724122601e+01,-6.212671218610156032e+00,0.000000000000000000e+00,5.985000000000000142e+01,5.476899999999999835e+01,5.000000000000000000e+01,1.000000000000000000e+00
2.010000000000000000e+02,6.000000000000000000e+01,1.490675385469869241e+01,5.130921417362394266e+01,-6.215968028322636840e+00,0.000000000000000000e+00,5.985000000000000142e+01,5.486500000000000199e+01,5.000000000000000000e+01,1.000000000000000000e+00
2.020000000000000000e+02,6.000000000000000711e+01,1.432663143788595939e+01,5.217274657439412522e+01,-6.499378012280080164e+00,0.000000000000000000e+00,5.985000000000000142e+01,5.505899999999999750e+01,5.000000000000000000e+01,1.000000000000000000e+00
2.030000000000000000e+02,6.000000000000000000e+01,1.432663143788595939e+01,5.188898839347553604e+01,-6.215619831361492764e+00,0.000000000000000000e+00,5.985000000000000142e+01,5.505899999999999750e+01,5.000000000000000000e+01,1.000000000000000000e+00
2.040000000000000000e+02,6.000000000000000000e+01,1.403956055121572177e+01,5.217922735554106595e+01,-6.218787906756786832e+00,0.000000000000000000e+00,5.985000000000000142e+01,5.515500000000000114e+01,5.000000000000000000e+01,1.000000000000000000e+00
2.050000000000000000e+02,6.000000000000000000e+01,1.336374783884623518e+01,5.322983946390623089e+01,-6.593587302752466073e+00,0.000000000000000000e+00,5.985000000000000142e+01,5.538100000000000023e+01,5.000000000000000000e+01,1.000000000000000000e+00
2.060000000000000000e+02,6.000000000000000711e+01,1.326805754328950471e+01,5.312917099442200453e+01,-6.397228537711508345e+00,0.000000000000000000e+00,5.985000000000000142e+01,5.541299999999999670e+01,5.000000000000000000e+01,1.000000000000000000e+00
2.070000000000000000e+02,5.999999999999999289e+01,1.269092544821289081e+01,5.397893960323022355e+01,-6.669865051443117920e+00,0.000000000000000000e+00,5.985000000000000142e+01,5.560600000000000165e+01,5.000000000000000000e+01,1.000000000000000000e+00
2.080000000000000000e+02,6.000000000000000711e+01,1.240086423980651276e+01,5.425519663306427987e+01,-6.656060872870786405e+00,0.000000000000000000e+00,5.985000000000000142e+01,5.570300000000000296e+01,5.000000000000000000e+01,1.000000000000000000e+00
2.090000000000000000e+02,6.000000000000000711e+01,1.240086423980651276e+01,5.396459779086728048e+01,-6.365462030673791460e+00,0.000000000000000000e+00,5.985000000000000142e+01,5.570300000000000296e+01,5.000000000000000000e+01,1.000000000000000000e+00
2.100000000000000000e+02,6.000000000000000000e+01,1.240086423980651276e+01,5.368668628562515721e+01,-6.087550525431666415e+00,0.000000000000000000e+00,5.985000000000000142e+01,5.570300000000000296e+01,5.000000000000000000e+01,1.000000000000000000e+00
2.110000000000000000e+02,5.999999999999999289e+01,1.220649332695688649e+01,5.380116392840840689e+01,-6.007657255365297821e+00,0.000000000000000000e+00,5.985000000000000142e+01,5.576800000000000068e+01,5.000000000000000000e+01,1.000000000000000000e+00
2.120000000000000000e+02,5.999999999999999289e+01,1.162936123188029391e+01,5.466794093989879144e+01,-6.297302171779085356e+00,0.000000000000000000e+00,5.985000000000000142e+01,5.596099999999999852e+01,5.000000000000000000e+01,1.000000000000000000e+00
2.130000000000000000e+02,6.000000000000000000e+01,1.143798064076680987e+01,5.476741088812192970e+01,-6.205391528888738684e+00,0.000000000000000000e+00,5.985000000000000142e+01,5.602499999999999858e+01,5.000000000000000000e+01,1.000000000000000000e+00
2.140000000000000000e+02,6.000000000000000711e+01,1.143798064076680987e+01,5.449648794614223135e+01,-5.934468586909041221e+00,0.000000000000000000e+00,5.985000000000000142e+01,5.602499999999999858e+01,5.000000000000000000e+01,1.000000000000000000e+00
2.150000000000000000e+02,6.000000000000000000e+01,1.124360972791716407e+01,5.461764903652999692e+01,-5.861258764447154768e+00,0.000000000000000000e+00,5.985000000000000142e+01,5.609000000000000341e+01,5.000000000000000000e+01,1.000000000000000000e+00
2.160000000000000000e+02,6.000000000000000711e+01,1.124360972791716407e+01,5.436175068414147660e+01,-5.605360412058634445e+00,0.000000000000000000e+00,5.985000000000000142e+01,5.609000000000000341e+01,5.000000000000000000e+01,1.000000000000000000e+00
2.170000000000000000e+02,6.000000000000000711e+01,1.057078733728383924e+01,5.543329450863960517e+01,-6.004081845923442629e+00,0.000000000000000000e+00,5.985000000000000142e+01,5.631499999999999773e+01,5.000000000000000000e+01,1.000000000000000000e+00
2.180000000000000000e+02,6.000000000000000000e+01,1.037641642443419343e+01,5.555141633408409518e+01,-5.927832758518293055e+00,0.000000000000000000e+00,5.985000000000000142e+01,5.638000000000000256e+01,5.000000000000000000e+01,1.000000000000000000e+00
2.190000000000000000e+02,6.000000000000000000e+01,9.894974624914352646e+00,5.623447560437102766e+01,-6.129450229285379415e+00,0.000000000000000000e+00,5.985000000000000142e+01,5.654099999999999682e+01,5.000000000000000000e+01,1.000000000000000000e+00
2.200000000000000000e+02,5.999999999999999289e+01,9.604913416507974588e+00,5.653432675760998904e+01,-6.139240174117962745e+00,0.000000000000000000e+00,5.985000000000000142e+01,5.663799999999999812e+01,5.000000000000000000e+01,1.000000000000000000e+00
2.210000000000000000e+02,6.000000000000000711e+01,9.703594033800868601e+00,5.607323902668309046e+01,-5.776833060483959947e+00,0.000000000000000000e+00,5.985000000000000142e+01,5.660499999999999687e+01,5.000000000000000000e+01,1.000000000000000000e+00
2.220000000000000000e+02,6.000000000000000000e+01,9.509223120951222796e+00,5.620128237105608093e+01,-5.710505492007302841e+00,0.000000000000000000e+00,5.985000000000000142e+01,5.667000000000000171e+01,5.000000000000000000e+01,1.000000000000000000e+00
2.230000000000000000e+02,6.000000000000000711e+01,9.123471616988114263e+00,5.670662717240924877e+01,-5.830098789397363035e+00,0.000000000000000000e+00,5.985000000000000142e+01,5.679899999999999949e+01,5.000000000000000000e+01,1.000000000000000000e+00
2.240000000000000000e+02,6.000000000000000000e+01,8.932091025874630219e+00,5.682649488510357116e+01,-5.758585910978195166e+00,0.000000000000000000e+00,5.985000000000000142e+01,5.686299999999999955e+01,5.000000000000000000e+01,1.000000000000000000e+00
2.250000000000000000e+02,6.000000000000000000e+01,8.546339521911519910e+00,5.732974052986064351e+01,-5.876080051772161639e+00,0.000000000000000000e+00,5.985000000000000142e+01,5.699199999999999733e+01,5.000000000000000000e+01,1.000000000000000000e+00
2.260000000000000000e+02,6.000000000000000000e+01,8.546339521911519910e+00,5.707319509070131858e+01,-5.619534612612834934e+00,0.000000000000000000e+00,5.985000000000000142e+01,5.699199999999999733e+01,5.000000000000000000e+01,1.000000000000000000e+00
2.270000000000000000e+02,5.999999999999999289e+01,8.546339521911519910e+00,5.682785024135247198e+01,-5.374189763263989228e+00,0.000000000000000000e+00,5.985000000000000142e+01,5.699199999999999733e+01,5.000000000000000000e+01,1.000000000000000000e+00
2.280000000000000000e+02,6.000000000000000711e+01,8.546339521911519910e+00,5.659321697209905011e+01,-5.139556494010567356e+00,0.000000000000000000e+00,5.985000000000000142e+01,5.699199999999999733e+01,5.000000000000000000e+01,1.000000000000000000e+00
2.290000000000000000e+02,6.000000000000000711e+01,8.546339521911519910e+00,5.636882762303930150e+01,-4.915167144950822298e+00,0.000000000000000000e+00,5.985000000000000142e+01,5.699199999999999733e+01,5.000000000000000000e+01,1.000000000000000000e+00
2.300000000000000000e+02,6.000000000000000000e+01,8.546339521911519910e+00,5.615423495196726833e+01,-4.700574473878784687e+00,0.000000000000000000e+00,5.985000000000000142e+01,5.699199999999999733e+01,5.000000000000000000e+01,1.000000000000000000e+00
2.310000000000000000e+02,5.999999999999999289e+01,8.546339521911519910e+00,5.594901124295079597e+01,-4.495350764862317661e+00,0.000000000000000000e+00,5.985000000000000142e+01,5.699199999999999733e+01,5.000000000000000000e+01,1.000000000000000000e+00
2.320000000000000000e+02,6.000000000000000000e+01,8.546339521911519910e+00,5.575274745382849062e+01,-4.299086975740008754e+00,0.000000000000000000e+00,5.985000000000000142e+01,5.699199999999999733e+01,5.000000000000000000e+01,1.000000000000000000e+00
2.330000000000000000e+02,6.000000000000000000e+01,8.450649226354768118e+00,5.575225522239045972e+01,-4.202904448745233168e+00,0.000000000000000000e+00,5.985000000000000142e+01,5.702400000000000091e+01,5.000000000000000000e+01,1.000000000000000000e+00
2.340000000000000000e+02,6.000000000000000000e+01,8.450649226354768118e+00,5.556875942960887471e+01,-4.019408655963641053e+00,0.000000000000000000e+00,5.985000000000000142e+01,5.702400000000000091e+01,5.000000000000000000e+01,1.000000000000000000e+00
2.350000000000000000e+02,6.000000000000000000e+01,8.546339521911519910e+00,5.520607211002346304e+01,-3.752411631934985614e+00,0.000000000000000000e+00,5.985000000000000142e+01,5.699199999999999733e+01,5.000000000000000000e+01,1.000000000000000000e+00
2.360000000000000000e+02,6.000000000000000000e+01,8.546339521911519910e+00,5.504224451040950328e+01,-3.588584032321022299e+00,0.000000000000000000e+00,5.985000000000000142e+01,5.699199999999999733e+01,5.000000000000000000e+01,1.000000000000000000e+00
2.370000000000000000e+02,6.000000000000000000e+01,8.546339521911519910e+00,5.488556950625358155e+01,-3.431909028165098352e+00,0.000000000000000000e+00,5.985000000000000142e+01,5.699199999999999733e+01,5.000000000000000000e+01,1.000000000000000000e+00
2.380000000000000000e+02,6.000000000000000000e+01,8.546339521911519910e+00,5.473573482036975690e+01,-3.282074342281276369e+00,0.000000000000000000e+00,5.985000000000000142e+01,5.699199999999999733e+01,5.000000000000000000e+01,1.000000000000000000e+00
2.390000000000000000e+02,6.000000000000000000e+01,8.546339521911519910e+00,5.459244180936998703e+01,-3.138781331281507825e+00,0.000000000000000000e+00,5.985000000000000142e+01,5.699199999999999733e+01,5.000000000000000000e+01,1.000000000000000000e+00
2.400000000000000000e+02,6.000000000000000711e+01,8.351968609061874105e+00,5.483566059952152472e+01,-3.187629208583394380e+00,0.000000000000000000e+00,5.985000000000000142e+01,5.705700000000000216e+01,5.000000000000000000e+01,1.000000000000000000e+00
2.410000000000000000e+02,6.000000000000000000e+01,8.546339521911519910e+00,5.431623526419836878e+01,-2.862574786109892244e+00,0.000000000000000000e+00,5.985000000000000142e+01,5.699199999999999733e+01,5.000000000000000000e+01,1.000000000000000000e+00
2.420000000000000000e+02,6.000000000000000000e+01,8.546339521911519910e+00,5.419125730284342524e+01,-2.737596824754941593e+00,0.000000000000000000e+00,5.985000000000000142e+01,5.699199999999999733e+01,5.000000000000000000e+01,1.000000000000000000e+00
2.430000000000000000e+02,6.000000000000000000e+01,8.351968609061874105e+00,5.445199152071275250e+01,-2.803960129774620391e+00,0.000000000000000000e+00,5.985000000000000142e+01,5.705700000000000216e+01,5.000000000000000000e+01,1.000000000000000000e+00
2.440000000000000000e+02,6.000000000000000000e+01,8.256278313505143629e+00,5.451677545466344554e+01,-2.773053768168586952e+00,0.000000000000000000e+00,5.985000000000000142e+01,5.708899999999999864e+01,5.000000000000000000e+01,1.000000000000000000e+00
2.450000000000000000e+02,6.000000000000000000e+01,8.450649226354768118e+00,5.401545018562411826e+01,-2.466099411978887712e+00,0.000000000000000000e+00,5.985000000000000142e+01,5.702400000000000091e+01,5.000000000000000000e+01,1.000000000000000000e+00
2.460000000000000000e+02,6.000000000000000000e+01,8.546339521911519910e+00,5.372057923318097750e+01,-2.266918755092495630e+00,0.000000000000000000e+00,5.985000000000000142e+01,5.699199999999999733e+01,5.000000000000000000e+01,1.000000000000000000e+00
2.470000000000000000e+02,6.000000000000000000e+01,8.546339521911519910e+00,5.362160718677593962e+01,-2.167946708687456425e+00,0.000000000000000000e+00,5.985000000000000142e+01,5.699199999999999733e+01,5.000000000000000000e+01,1.000000000000000000e+00
2.480000000000000000e+02,6.000000000000000000e+01,8.546339521911519910e+00,5.352695618890763996e+01,-2.073295710819157645e+00,0.000000000000000000e+00,5.985000000000000142e+01,5.699199999999999733e+01,5.000000000000000000e+01,1.000000000000000000e+00
2.490000000000000000e+02,6.000000000000000711e+01,7.774836513985281528e+00,5.494576033375253843e+01,-2.720596847737815516e+00,0.000000000000000000e+00,5.985000000000000142e+01,5.725000000000000000e+01,5.000000000000000000e+01,1.000000000000000000e+00
2.500000000000000000e+02,6.000000000000000000e+01,7.583455922871797483e+00,5.520138667025069878e+01,-2.784842593122494936e+00,0.000000000000000000e+00,5.985000000000000142e+01,5.731400000000000006e+01,5.000000000000000000e+01,1.000000000000000000e+00
2.510000000000000000e+02,5.999999999999999289e+01,7.484775305578903470e+00,5.527285535030618036e+01,-2.757630655885090043e+00,0.000000000000000000e+00,5.985000000000000142e+01,5.734700000000000131e+01,5.000000000000000000e+01,1.000000000000000000e+00
2.520000000000000000e+02,5.999999999999999289e+01,7.484775305578903470e+00,5.515245917438276280e+01,-2.637234479961669376e+00,0.000000000000000000e+00,5.985000000000000142e+01,5.734700000000000131e+01,5.000000000000000000e+01,1.000000000000000000e+00
2.530000000000000000e+02,6.000000000000000000e+01,7.484775305578903470e+00,5.503731940911971776e+01,-2.522094714698628337e+00,0.000000000000000000e+00,5.985000000000000142e+01,5.734700000000000131e+01,5.000000000000000000e+01,1.000000000000000000e+00
2.540000000000000000e+02,6.000000000000000000e+01,7.099023801615794937e+00,5.568186793742659546e+01,-2.780891739042389510e+00,0.000000000000000000e+00,5.985000000000000142e+01,5.747599999999999909e+01,5.000000000000000000e+01,1.000000000000000000e+00
2.550000000000000000e+02,6.000000000000000000e+01,7.197704418908688062e+00,5.536740328966662616e+01,-2.565107708575312007e+00,0.000000000000000000e+00,5.985000000000000142e+01,5.744299999999999784e+01,5.000000000000000000e+01,1.000000000000000000e+00
2.560000000000000000e+02,6.000000000000000000e+01,7.293394714465419426e+00,5.506820970602942822e+01,-2.361604420494852530e+00,0.000000000000000000e+00,5.985000000000000142e+01,5.741100000000000136e+01,5.000000000000000000e+01,1.000000000000000000e+00
2.570000000000000000e+02,6.000000000000000000e+01,7.197704418908688062e+00,5.515230657287109750e+01,-2.350010991779784231e+00,0.000000000000000000e+00,5.985000000000000142e+01,5.744299999999999784e+01,5.000000000000000000e+01,1.000000000000000000e+00
2.580000000000000000e+02,6.000000000000000000e+01,7.197704418908688062e+00,5.504970677902833387e+01,-2.247411197937022376e+00,0.000000000000000000e+00,5.985000000000000142e+01,5.744299999999999784e+01,5.000000000000000000e+01,1.000000000000000000e+00
2.590000000000000000e+02,6.000000000000000000e+01,7.293394714465419426e+00,5.476438359710844139e+01,-2.057778311573861707e+00,0.000000000000000000e+00,5.985000000000000142e+01,5.741100000000000136e+01,5.000000000000000000e+01,1.000000000000000000e+00
2.600000000000000000e+02,6.000000000000000000e+01,6.811952914945558213e+00,5.561640666790769671e+01,-2.428359582853256260e+00,0.000000000000000000e+00,5.985000000000000142e+01,5.757200000000000273e+01,5.000000000000000000e+01,1.000000000000000000e+00
2.610000000000000000e+02,6.000000000000000711e+01,6.617582002095932836e+00,5.589064196189050193e+01,-2.508223963986430327e+00,0.000000000000000000e+00,5.985000000000000142e+01,5.763700000000000045e+01,5.000000000000000000e+01,1.000000000000000000e+00
2.620000000000000000e+02,6.000000000000000000e+01,6.426201410982448792e+00,5.615554034612243584e+01,-2.581741757104887736e+00,0.000000000000000000e+00,5.985000000000000142e+01,5.770100000000000051e+01,5.000000000000000000e+01,1.000000000000000000e+00
2.630000000000000000e+02,6.000000000000000000e+01,5.944759611462587579e+00,5.698468754881696441e+01,-2.929447160279549323e+00,0.000000000000000000e+00,5.985000000000000142e+01,5.786200000000000188e+01,5.000000000000000000e+01,1.000000000000000000e+00
2.640000000000000000e+02,6.000000000000000000e+01,5.654698403056209521e+00,5.742424854014802094e+01,-3.078946943204230013e+00,0.000000000000000000e+00,5.985000000000000142e+01,5.795900000000000318e+01,5.000000000000000000e+01,1.000000000000000000e+00
2.650000000000000000e+02,6.000000000000000000e+01,5.654698403056209521e+00,5.728982392565448833e+01,-2.944522328710699632e+00,0.000000000000000000e+00,5.985000000000000142e+01,5.795900000000000318e+01,5.000000000000000000e+01,1.000000000000000000e+00
2.660000000000000000e+02,6.000000000000000000e+01,5.654698403056209521e+00,5.716126819338435183e+01,-2.815966596440560021e+00,0.000000000000000000e+00,5.985000000000000142e+01,5.795900000000000318e+01,5.000000000000000000e+01,1.000000000000000000e+00
2.670000000000000000e+02,6.000000000000000000e+01,4.883195395129991567e+00,5.854764786020578526e+01,-3.430843255335770170e+00,0.000000000000000000e+00,5.985000000000000142e+01,5.821699999999999875e+01,5.000000000000000000e+01,1.000000000000000000e+00
2.680000000000000000e+02,6.000000000000000000e+01,4.787505099573238887e+00,5.858506252666327896e+01,-3.372567626236515181e+00,0.000000000000000000e+00,5.985000000000000142e+01,5.824900000000000233e+01,5.000000000000000000e+01,1.000000000000000000e+00
2.690000000000000000e+02,6.000000000000000000e+01,4.691814804016507523e+00,5.862502146527629066e+01,-3.316836269292797734e+00,0.000000000000000000e+00,5.985000000000000142e+01,5.828099999999999881e+01,5.000000000000000000e+01,1.000000000000000000e+00
2.700000000000000000e+02,6.000000000000000000e+01,4.111692387203752297e+00,5.961512787861067864e+01,-3.726820265814429156e+00,0.000000000000000000e+00,5.985000000000000142e+01,5.847500000000000142e+01,5.000000000000000000e+01,1.000000000000000000e+00
2.710000000000000000e+02,6.000000000000000000e+01,3.725940883240643320e+00,6.020707895370819784e+01,-3.933019836948843384e+00,0.000000000000000000e+00,5.985000000000000142e+01,5.860399999999999920e+01,5.000000000000000000e+01,1.000000000000000000e+00
2.720000000000000000e+02,6.000000000000000000e+01,3.725940883240643320e+00,6.003536612944398598e+01,-3.761307012684633300e+00,0.000000000000000000e+00,5.985000000000000142e+01,5.860399999999999920e+01,5.000000000000000000e+01,1.000000000000000000e+00
2.730000000000000000e+02,6.000000000000000000e+01,3.725940883240643320e+00,5.987115016388865030e+01,-3.597091047129293617e+00,0.000000000000000000e+00,5.985000000000000142e+01,5.860399999999999920e+01,5.000000000000000000e+01,1.000000000000000000e+00
2.740000000000000000e+02,6.000000000000000000e+01,3.725940883240643320e+00,5.971410374956970912e+01,-3.440044632810353775e+00,0.000000000000000000e+00,5.985000000000000142e+01,5.860399999999999920e+01,5.000000000000000000e+01,1.000000000000000000e+00
2.750000000000000000e+02,6.000000000000000000e+01,3.725940883240643320e+00,5.956391386902411256e+01,-3.289854752264758542e+00,0.000000000000000000e+00,5.985000000000000142e+01,5.860399999999999920e+01,5.000000000000000000e+01,1.000000000000000000e+00
2.760000000000000000e+02,6.000000000000000000e+01,3.725940883240643320e+00,5.942028117090666228e+01,-3.146222054147308711e+00,0.000000000000000000e+00,5.985000000000000142e+01,5.860399999999999920e+01,5.000000000000000000e+01,1.000000000000000000e+00
2.770000000000000000e+02,6.000000000000000000e+01,3.824621500533536889e+00,5.908986646370212270e+01,-2.914487964235662698e+00,0.000000000000000000e+00,5.985000000000000142e+01,5.857099999999999795e+01,5.000000000000000000e+01,1.000000000000000000e+00
2.780000000000000000e+02,5.999999999999999289e+01,4.016002091647020933e+00,5.858821636730780114e+01,-2.604218458954826954e+00,0.000000000000000000e+00,5.985000000000000142e+01,5.850699999999999790e+01,5.000000000000000000e+01,1.000000000000000000e+00
2.790000000000000000e+02,6.000000000000000000e+01,4.111692387203752297e+00,5.828731523636976419e+01,-2.399007623573520931e+00,0.000000000000000000e+00,5.985000000000000142e+01,5.847500000000000142e+01,5.000000000000000000e+01,1.000000000000000000e+00
2.800000000000000000e+02,6.000000000000000000e+01,4.497443891166883034e+00,5.742791491070872212e+01,-1.925358801875605597e+00,0.000000000000000000e+00,5.985000000000000142e+01,5.834599999999999653e+01,5.000000000000000000e+01,1.000000000000000000e+00
2.810000000000000000e+02,6.000000000000000000e+01,4.497443891166883034e+00,5.734385512680270125e+01,-1.841299017969583840e+00,0.000000000000000000e+00,5.985000000000000142e+01,5.834599999999999653e+01,5.000000000000000000e+01,1.000000000000000000e+00
2.820000000000000000e+02,6.000000000000000000e+01,4.210373004496646310e+00,5.782507379714449769e+01,-2.035446801641139558e+00,0.000000000000000000e+00,5.985000000000000142e+01,5.844200000000000017e+01,5.000000000000000000e+01,1.000000000000000000e+00
2.830000000000000000e+02,5.999999999999999289e+01,4.016002091647020933e+00,5.811646338125255085e+01,-2.132465472899577552e+00,0.000000000000000000e+00,5.985000000000000142e+01,5.850699999999999790e+01,5.000000000000000000e+01,1.000000000000000000e+00
2.840000000000000000e+02,6.000000000000000000e+01,4.401753595610130354e+00,5.726870009465443445e+01,-1.670453690264568580e+00,0.000000000000000000e+00,5.985000000000000142e+01,5.837800000000000011e+01,5.000000000000000000e+01,1.000000000000000000e+00
2.850000000000000000e+02,6.000000000000000000e+01,4.596124508459754843e+00,5.681551355393582270e+01,-1.411638062395577986e+00,0.000000000000000000e+00,5.985000000000000142e+01,5.831300000000000239e+01,5.000000000000000000e+01,1.000000000000000000e+00
2.860000000000000000e+02,6.000000000000000000e+01,4.497443891166883034e+00,5.694693535857211941e+01,-1.444379249738997562e+00,0.000000000000000000e+00,5.985000000000000142e+01,5.834599999999999653e+01,5.000000000000000000e+01,1.000000000000000000e+00
2.870000000000000000e+02,6.000000000000000000e+01,4.210373004496646310e+00,5.744548326121751103e+01,-1.655856265714157560e+00,0.000000000000000000e+00,5.985000000000000142e+01,5.844200000000000017e+01,5.000000000000000000e+01,1.000000000000000000e+00
2.880000000000000000e+02,6.000000000000000000e+01,3.725940883240643320e+00,5.832090404834342223e+01,-2.046844931584069993e+00,0.000000000000000000e+00,5.985000000000000142e+01,5.860399999999999920e+01,5.000000000000000000e+01,1.000000000000000000e+00
2.890000000000000000e+02,6.000000000000000000e+01,3.725940883240643320e+00,5.823154026717677567e+01,-1.957481150417421212e+00,0.000000000000000000e+00,5.985000000000000142e+01,5.860399999999999920e+01,5.000000000000000000e+01,1.000000000000000000e+00
2.900000000000000000e+02,6.000000000000000000e+01,2.957428197050566254e+00,5.964955070446475816e+01,-2.606978901515323077e+00,0.000000000000000000e+00,5.985000000000000142e+01,5.886099999999999710e+01,5.000000000000000000e+01,1.000000000000000000e+00
2.910000000000000000e+02,6.000000000000000000e+01,2.763057284200920005e+00,5.991598760714850869e+01,-2.679044891349426916e+00,0.000000000000000000e+00,5.985000000000000142e+01,5.892600000000000193e+01,5.000000000000000000e+01,1.000000000000000000e+00
2.920000000000000000e+02,6.000000000000000000e+01,2.763057284200920005e+00,5.979902242932192280e+01,-2.562079713522840141e+00,0.000000000000000000e+00,5.985000000000000142e+01,5.892600000000000193e+01,5.000000000000000000e+01,1.000000000000000000e+00
2.930000000000000000e+02,6.000000000000000000e+01,2.571676693087435961e+00,6.006156951016889423e+01,-2.633246203256329743e+00,0.000000000000000000e+00,5.985000000000000142e+01,5.899000000000000199e+01,5.000000000000000000e+01,1.000000000000000000e+00
2.940000000000000000e+02,6.000000000000000000e+01,2.090234893567574304e+00,6.088846806569724635e+01,-2.978702959264825534e+00,0.000000000000000000e+00,5.985000000000000142e+01,5.915100000000000335e+01,5.000000000000000000e+01,1.000000000000000000e+00
2.950000000000000000e+02,6.000000000000000000e+01,2.185925189124326984e+00,6.057121721015639082e+01,-2.757142399280714695e+00,0.000000000000000000e+00,5.985000000000000142e+01,5.911899999999999977e+01,5.000000000000000000e+01,1.000000000000000000e+00
2.960000000000000000e+02,6.000000000000000000e+01,2.090234893567574304e+00,6.063804517263025673e+01,-2.728280066197829257e+00,0.000000000000000000e+00,5.985000000000000142e+01,5.915100000000000335e+01,5.000000000000000000e+01,1.000000000000000000e+00
2.970000000000000000e+02,6.000000000000000000e+01,1.800173685161218007e+00,6.108638897495787035e+01,-2.886562660119088353e+00,0.000000000000000000e+00,5.985000000000000142e+01,5.924799999999999756e+01,5.000000000000000000e+01,1.000000000000000000e+00
2.980000000000000000e+02,6.000000000000000000e+01,1.800173685161218007e+00,6.096036372023421279e+01,-2.760537405395434796e+00,0.000000000000000000e+00,5.985000000000000142e+01,5.924799999999999756e+01,5.000000000000000000e+01,1.000000000000000000e+00
2.990000000000000000e+02,6.000000000000000000e+01,1.800173685161218007e+00,6.083984063771267614e+01,-2.640014322873893260e+00,0.000000000000000000e+00,5.985000000000000142e+01,5.924799999999999756e+01,5.000000000000000000e+01,1.000000000000000000e+00
3.000000000000000000e+02,6.000000000000000000e+01,1.800173685161218007e+00,6.072457950650253622e+01,-2.524753191663753338e+00,0.000000000000000000e+00,5.985000000000000142e+01,5.924799999999999756e+01,5.000000000000000000e+01,1.000000000000000000e+00
3.010000000000000000e+02,6.000000000000000000e+01,1.800173685161218007e+00,6.061435059358482391e+01,-2.414524278746042807e+00,0.000000000000000000e+00,5.985000000000000142e+01,5.924799999999999756e+01,5.000000000000000000e+01,1.000000000000000000e+00
3.020000000000000000e+02,6.000000000000000000e+01,1.800173685161218007e+00,6.050893419591935185e+01,-2.309107881080571190e+00,0.000000000000000000e+00,5.985000000000000142e+01,5.924799999999999756e+01,5.000000000000000000e+01,1.000000000000000000e+00
3.030000000000000000e+02,6.000000000000000000e+01,1.510112476754840394e+00,6.097557875510648273e+01,-2.485691231861324013e+00,0.000000000000000000e+00,5.985000000000000142e+01,5.934499999999999886e+01,5.000000000000000000e+01,1.000000000000000000e+00
3.040000000000000000e+02,6.000000000000000000e+01,8.372900861214948032e-01,6.218332509774839423e+01,-3.020615183869887144e+00,0.000000000000000000e+00,5.985000000000000142e+01,5.957000000000000028e+01,5.000000000000000000e+01,1.000000000000000000e+00
3.050000000000000000e+02,6.000000000000000000e+01,8.372900861214948032e-01,6.205144720601621344e+01,-2.888737292137707247e+00,0.000000000000000000e+00,5.985000000000000142e+01,5.957000000000000028e+01,5.000000000000000000e+01,1.000000000000000000e+00
3.060000000000000000e+02,6.000000000000000000e+01,6.429191732718696484e-01,6.230558273951805148e+01,-2.948501912789925239e+00,0.000000000000000000e+00,5.985000000000000142e+01,5.963499999999999801e+01,5.000000000000000000e+01,1.000000000000000000e+00
3.070000000000000000e+02,6.000000000000000000e+01,-2.990321736147588672e-02,6.349312309988260949e+01,-3.463219882521129112e+00,0.000000000000000000e+00,5.985000000000000142e+01,5.985999999999999943e+01,5.000000000000000000e+01,1.000000000000000000e+00
3.080000000000000000e+02,6.000000000000000000e+01,-1.285838346543696775e-01,6.353497431419713593e+01,-3.406390479542766414e+00,0.000000000000000000e+00,5.985000000000000142e+01,5.989300000000000068e+01,5.000000000000000000e+01,1.000000000000000000e+00
3.090000000000000000e+02,6.000000000000000000e+01,-1.285838346543696775e-01,6.338625374983741523e+01,-3.257669915183046605e+00,0.000000000000000000e+00,5.985000000000000142e+01,5.989300000000000068e+01,5.000000000000000000e+01,1.000000000000000000e+00
3.100000000000000000e+02,6.000000000000000000e+01,-1.285838346543696775e-01,6.324402621861535323e+01,-3.115442383960984607e+00,0.000000000000000000e+00,5.985000000000000142e+01,5.989300000000000068e+01,5.000000000000000000e+01,1.000000000000000000e+00
3.110000000000000000e+02,6.000000000000000000e+01,-5.113450168813374885e-01,6.385681952521962046e+01,-3.345474508338281083e+00,0.000000000000000000e+00,5.985000000000000142e+01,6.002100000000000080e+01,5.000000000000000000e+01,1.000000000000000000e+00
3.120000000000000000e+02,6.000000000000000711e+01,-9.957771381373403674e-01,6.465847279212006526e+01,-3.662695653982718014e+00,0.000000000000000000e+00,5.985000000000000142e+01,6.018299999999999983e+01,5.000000000000000000e+01,1.000000000000000000e+00
3.130000000000000000e+02,6.000000000000000000e+01,-1.091467433694093048e+00,6.468576494919936692e+01,-3.594297515505278540e+00,0.000000000000000000e+00,5.985000000000000142e+01,6.021500000000000341e+01,5.000000000000000000e+01,1.000000000000000000e+00
3.140000000000000000e+02,6.000000000000000000e+01,-1.091467433694093048e+00,6.452884049846686310e+01,-3.437373064772772935e+00,0.000000000000000000e+00,5.985000000000000142e+01,6.021500000000000341e+01,5.000000000000000000e+01,1.000000000000000000e+00
3.150000000000000000e+02,5.999999999999999289e+01,-9.957771381373403674e-01,6.419156443520077460e+01,-3.195787297063436672e+00,0.000000000000000000e+00,5.985000000000000142e+01,6.018299999999999983e+01,5.000000000000000000e+01,1.000000000000000000e+00
3.160000000000000000e+02,6.000000000000000000e+01,-1.091467433694093048e+00,6.423924147615124980e+01,-3.147774042457157417e+00,0.000000000000000000e+00,5.985000000000000142e+01,6.021500000000000341e+01,5.000000000000000000e+01,1.000000000000000000e+00
3.170000000000000000e+02,5.999999999999999289e+01,-1.091467433694093048e+00,6.410181191988559135e+01,-3.010344486191504743e+00,0.000000000000000000e+00,5.985000000000000142e+01,6.021500000000000341e+01,5.000000000000000000e+01,1.000000000000000000e+00
3.180000000000000000e+02,6.000000000000000000e+01,-1.091467433694093048e+00,6.397038243944515301e+01,-2.878915005751063294e+00,0.000000000000000000e+00,5.985000000000000142e+01,6.021500000000000341e+01,5.000000000000000000e+01,1.000000000000000000e+00
3.190000000000000000e+02,6.000000000000000000e+01,-1.091467433694093048e+00,6.384469107582425806e+01,-2.753223642130168347e+00,0.000000000000000000e+00,5.985000000000000142e+01,6.021500000000000341e+01,5.000000000000000000e+01,1.000000000000000000e+00
3.200000000000000000e+02,6.000000000000000000e+01,-1.091467433694093048e+00,6.372448730695948882e+01,-2.633019873265395105e+00,0.000000000000000000e+00,5.985000000000000142e+01,6.021500000000000341e+01,5.000000000000000000e+01,1.000000000000000000e+00
3.210000000000000000e+02,6.000000000000000000e+01,-1.091467433694093048e+00,6.360953154840095891e+01,-2.518064114706866530e+00,0.000000000000000000e+00,5.985000000000000142e+01,6.021500000000000341e+01,5.000000000000000000e+01,1.000000000000000000e+00
3.220000000000000000e+02,6.000000000000000000e+01,-9.957771381373403674e-01,6.331239185431974192e+01,-2.316614716182396450e+00,0.000000000000000000e+00,5.985000000000000142e+01,6.018299999999999983e+01,5.000000000000000000e+01,1.000000000000000000e+00
3.230000000000000000e+02,6.000000000000000000e+01,-6.100256341742312793e-01,6.245658874388112736e+01,-1.846563109706900407e+00,0.000000000000000000e+00,5.985000000000000142e+01,6.005400000000000205e+01,5.000000000000000000e+01,1.000000000000000000e+00
3.240000000000000000e+02,6.000000000000000000e+01,-1.091467433694093048e+00,6.331783331885369392e+01,-2.226365885159598879e+00,0.000000000000000000e+00,5.985000000000000142e+01,6.021500000000000341e+01,5.000000000000000000e+01,1.000000000000000000e+00
3.250000000000000000e+02,6.000000000000000711e+01,-1.187157729250824190e+00,6.340783460311873654e+01,-2.220676873867908352e+00,0.000000000000000000e+00,5.985000000000000142e+01,6.024699999999999989e+01,5.000000000000000000e+01,1.000000000000000000e+00
3.260000000000000000e+02,6.000000000000000000e+01,-1.862970441620311002e+00,6.463300137066198658e+01,-2.770030929041670475e+00,0.000000000000000000e+00,5.985000000000000142e+01,6.047299999999999898e+01,5.000000000000000000e+01,1.000000000000000000e+00
3.270000000000000000e+02,6.000000000000000711e+01,-2.054351032733794824e+00,6.488646945063780436e+01,-2.832118417904009089e+00,0.000000000000000000e+00,5.985000000000000142e+01,6.053699999999999903e+01,5.000000000000000000e+01,1.000000000000000000e+00
3.280000000000000000e+02,6.000000000000000000e+01,-2.054351032733794824e+00,6.476282119246724278e+01,-2.708470159733449290e+00,0.000000000000000000e+00,5.985000000000000142e+01,6.053699999999999903e+01,5.000000000000000000e+01,1.000000000000000000e+00
3.290000000000000000e+02,6.000000000000000711e+01,-2.054351032733794824e+00,6.464457132853470966e+01,-2.590220295800913064e+00,0.000000000000000000e+00,5.985000000000000142e+01,6.053699999999999903e+01,5.000000000000000000e+01,1.000000000000000000e+00
3.300000000000000000e+02,6.000000000000000000e+01,-2.054351032733794824e+00,6.453148416882093841e+01,-2.477133136087144916e+00,0.000000000000000000e+00,5.985000000000000142e+01,6.053699999999999903e+01,5.000000000000000000e+01,1.000000000000000000e+00
3.310000000000000000e+02,6.000000000000000711e+01,-2.344412241140172437e+00,6.499079286592727556e+01,-2.646380624787101343e+00,0.000000000000000000e+00,5.985000000000000142e+01,6.063400000000000034e+01,5.000000000000000000e+01,1.000000000000000000e+00
3.320000000000000000e+02,6.000000000000000000e+01,-2.535792832253656481e+00,6.524965942947167719e+01,-2.713866597218023369e+00,0.000000000000000000e+00,5.985000000000000142e+01,6.069800000000000040e+01,5.000000000000000000e+01,1.000000000000000000e+00
3.330000000000000000e+02,6.000000000000000000e+01,-2.921544336216765458e+00,6.588583533497799749e+01,-2.964290998761230700e+00,0.000000000000000000e+00,5.985000000000000142e+01,6.082699999999999818e+01,5.000000000000000000e+01,1.000000000000000000e+00
3.340000000000000000e+02,6.000000000000000000e+01,-3.017234631773518139e+00,6.594361933822109734e+01,-2.926384706447575201e+00,0.000000000000000000e+00,5.985000000000000142e+01,6.085900000000000176e+01,5.000000000000000000e+01,1.000000000000000000e+00
3.350000000000000000e+02,5.999999999999999289e+01,-3.017234631773518139e+00,6.581585548152578724e+01,-2.798620849752274875e+00,0.000000000000000000e+00,5.985000000000000142e+01,6.085900000000000176e+01,5.000000000000000000e+01,1.000000000000000000e+00
3.360000000000000000e+02,6.000000000000000000e+01,-3.017234631773518139e+00,6.569366970314729315e+01,-2.676435071373776786e+00,0.000000000000000000e+00,5.985000000000000142e+01,6.085900000000000176e+01,5.000000000000000000e+01,1.000000000000000000e+00
3.370000000000000000e+02,5.999999999999999289e+01,-3.017234631773518139e+00,6.557681846818837812e+01,-2.559583836414863978e+00,0.000000000000000000e+00,5.985000000000000142e+01,6.085900000000000176e+01,5.000000000000000000e+01,1.000000000000000000e+00
3.380000000000000000e+02,6.000000000000000000e+01,-3.211605544623143516e+00,6.584532460540991394e+01,-2.633719060786777533e+00,0.000000000000000000e+00,5.985000000000000142e+01,6.092399999999999949e+01,5.000000000000000000e+01,1.000000000000000000e+00
3.390000000000000000e+02,6.000000000000000000e+01,-3.597357048586252493e+00,6.648499969485351357e+01,-2.887642646267257973e+00,0.000000000000000000e+00,5.985000000000000142e+01,6.105299999999999727e+01,5.000000000000000000e+01,1.000000000000000000e+00
3.400000000000000000e+02,5.999999999999999289e+01,-3.211605544623143516e+00,6.560426591468181812e+01,-2.392660370058683483e+00,0.000000000000000000e+00,5.985000000000000142e+01,6.092399999999999949e+01,5.000000000000000000e+01,1.000000000000000000e+00
3.410000000000000000e+02,6.000000000000000711e+01,-3.211605544623143516e+00,6.549980407958298656e+01,-2.288198534959840824e+00,0.000000000000000000e+00,5.985000000000000142e+01,6.092399999999999949e+01,5.000000000000000000e+01,1.000000000000000000e+00
3.420000000000000000e+02,5.999999999999999289e+01,-3.402986135736627116e+00,6.577430861618495328e+01,-2.371322480448333270e+00,0.000000000000000000e+00,5.985000000000000142e+01,6.098799999999999955e+01,5.000000000000000000e+01,1.000000000000000000e+00
3.430000000000000000e+02,5.999999999999999289e+01,-3.402986135736627116e+00,6.567077837803724094e+01,-2.267792242300619598e+00,0.000000000000000000e+00,5.985000000000000142e+01,6.098799999999999955e+01,5.000000000000000000e+01,1.000000000000000000e+00
3.440000000000000000e+02,6.000000000000000000e+01,-3.788737639699736093e+00,6.632642956983505655e+01,-2.537691930135320462e+00,0.000000000000000000e+00,5.985000000000000142e+01,6.111699999999999733e+01,5.000000000000000000e+01,1.000000000000000000e+00
3.450000000000000000e+02,6.000000000000000000e+01,-3.983108552549382786e+00,6.659589149197805114e+01,-2.612782939428671014e+00,0.000000000000000000e+00,5.985000000000000142e+01,6.118200000000000216e+01,5.000000000000000000e+01,1.000000000000000000e+00
3.460000000000000000e+02,6.000000000000000000e+01,-3.983108552549382786e+00,6.648181926343147552e+01,-2.498710710882095842e+00,0.000000000000000000e+00,5.985000000000000142e+01,6.118200000000000216e+01,5.000000000000000000e+01,1.000000000000000000e+00
3.470000000000000000e+02,6.000000000000000711e+01,-4.078798848106114150e+00,6.655993016800425721e+01,-2.481131319898134624e+00,0.000000000000000000e+00,5.985000000000000142e+01,6.121399999999999864e+01,5.000000000000000000e+01,1.000000000000000000e+00
3.480000000000000000e+02,5.999999999999999289e+01,-3.983108552549382786e+00,6.626440293324630204e+01,-2.281294380696925472e+00,0.000000000000000000e+00,5.985000000000000142e+01,6.118200000000000216e+01,5.000000000000000000e+01,1.000000000000000000e+00
3.490000000000000000e+02,6.000000000000000000e+01,-3.983108552549382786e+00,6.616480325734143264e+01,-2.181694704792052519e+00,0.000000000000000000e+00,5.985000000000000142e+01,6.118200000000000216e+01,5.000000000000000000e+01,1.000000000000000000e+00
3.500000000000000000e+02,6.000000000000000000e+01,-3.983108552549382786e+00,6.606955203182695868e+01,-2.086443479277578117e+00,0.000000000000000000e+00,5.985000000000000142e+01,6.118200000000000216e+01,5.000000000000000000e+01,1.000000000000000000e+00
3.510000000000000000e+02,6.000000000000000711e+01,-3.983108552549382786e+00,6.597845940647871998e+01,-1.995350853929332757e+00,0.000000000000000000e+00,5.985000000000000142e+01,6.118200000000000216e+01,5.000000000000000000e+01,1.000000000000000000e+00
3.520000000000000000e+02,6.000000000000000711e+01,-4.270179439219598194e+00,6.645295228418977729e+01,-2.182772844970171544e+00,0.000000000000000000e+00,5.985000000000000142e+01,6.127799999999999869e+01,5.000000000000000000e+01,1.000000000000000000e+00
3.530000000000000000e+02,6.000000000000000000e+01,-4.078798848106114150e+00,6.598324834492019875e+01,-1.904449496814079046e+00,0.000000000000000000e+00,5.985000000000000142e+01,6.121399999999999864e+01,5.000000000000000000e+01,1.000000000000000000e+00
3.540000000000000000e+02,5.999999999999998579e+01,-4.464550352069243999e+00,6.665476282029908361e+01,-2.190212468229848497e+00,0.000000000000000000e+00,5.985000000000000142e+01,6.134300000000000352e+01,5.000000000000000000e+01,1.000000000000000000e+00
3.550000000000000000e+02,5.999999999999999289e+01,-4.368860056512491319e+00,6.637193689387989082e+01,-2.003076837367408380e+00,0.000000000000000000e+00,5.985000000000000142e+01,6.131099999999999994e+01,5.000000000000000000e+01,1.000000000000000000e+00
3.560000000000000000e+02,5.999999999999999289e+01,-4.560240647625975363e+00,6.665888963923298149e+01,-2.098648991607012348e+00,0.000000000000000000e+00,5.985000000000000142e+01,6.137500000000000000e+01,5.000000000000000000e+01,1.000000000000000000e+00
3.570000000000000000e+02,5.999999999999999289e+01,-4.751621238739459407e+00,6.694166977290196030e+01,-2.190048534162504446e+00,0.000000000000000000e+00,5.985000000000000142e+01,6.143900000000000006e+01,5.000000000000000000e+01,1.000000000000000000e+00
3.580000000000000000e+02,5.999999999999999289e+01,-4.751621238739459407e+00,6.684605382519077921e+01,-2.094432586451323797e+00,0.000000000000000000e+00,5.985000000000000142e+01,6.143900000000000006e+01,5.000000000000000000e+01,1.000000000000000000e+00
3.590000000000000000e+02,5.999999999999999289e+01,-4.945992151589084784e+00,6.713486813225445360e+01,-2.188875980665378584e+00,0.000000000000000000e+00,5.985000000000000142e+01,6.150399999999999778e+01,5.000000000000000000e+01,1.000000000000000000e+00
3.600000000000000000e+02,6.000000000000000000e+01,-4.945992151589084784e+00,6.703930337738769651e+01,-2.093311225798612174e+00,0.000000000000000000e+00,5.985000000000000142e+01,6.150399999999999778e+01,5.000000000000000000e+01,1.000000000000000000e+00
3.610000000000000000e+02,6.000000000000001421e+01,-5.236053359995461953e+00,6.751536946371719239e+01,-2.279316103721720221e+00,0.000000000000000000e+00,5.985000000000000142e+01,6.160099999999999909e+01,5.000000000000000000e+01,1.000000000000000000e+00
3.620000000000000000e+02,6.000000000000000000e+01,-4.945992151589084784e+00,6.684839760540224063e+01,-1.902405453813162062e+00,0.000000000000000000e+00,5.985000000000000142e+01,6.150399999999999778e+01,5.000000000000000000e+01,1.000000000000000000e+00
3.630000000000000000e+02,5.999999999999999289e+01,-5.523124246665698678e+00,6.789440696516048490e+01,-2.371282718494788000e+00,0.000000000000000000e+00,5.985000000000000142e+01,6.169700000000000273e+01,5.000000000000000000e+01,1.000000000000000000e+00
3.640000000000000000e+02,6.000000000000000711e+01,-5.813185455072055419e+00,6.835833701555455377e+01,-2.545151560482489028e+00,0.000000000000000000e+00,5.985000000000000142e+01,6.179399999999999693e+01,5.000000000000000000e+01,1.000000000000000000e+00
3.650000000000000000e+02,6.000000000000000000e+01,-5.908875750628808099e+00,6.843442034595364021e+01,-2.525544595324831665e+00,0.000000000000000000e+00,5.985000000000000142e+01,6.182600000000000051e+01,5.000000000000000000e+01,1.000000000000000000e+00
3.660000000000000000e+02,6.000000000000000711e+01,-5.908875750628808099e+00,6.832415688091990091e+01,-2.415281130291085265e+00,0.000000000000000000e+00,5.985000000000000142e+01,6.182600000000000051e+01,5.000000000000000000e+01,1.000000000000000000e+00
3.670000000000000000e+02,6.000000000000000000e+01,-5.908875750628808099e+00,6.821870743965898498e+01,-2.309831689030173774e+00,0.000000000000000000e+00,5.985000000000000142e+01,6.182600000000000051e+01,5.000000000000000000e+01,1.000000000000000000e+00
3.680000000000000000e+02,6.000000000000000000e+01,-5.908875750628808099e+00,6.811786184534689426e+01,-2.208986094718084381e+00,0.000000000000000000e+00,5.985000000000000142e+01,6.182600000000000051e+01,5.000000000000000000e+01,1.000000000000000000e+00
3.690000000000000000e+02,6.000000000000000711e+01,-5.908875750628808099e+00,6.802141909732895897e+01,-2.112543346700145985e+00,0.000000000000000000e+00,5.985000000000000142e+01,6.182600000000000051e+01,5.000000000000000000e+01,1.000000000000000000e+00
3.700000000000000000e+02,6.000000000000000000e+01,-5.908875750628808099e+00,6.792918697049486809e+01,-2.020311219866058217e+00,0.000000000000000000e+00,5.985000000000000142e+01,6.182600000000000051e+01,5.000000000000000000e+01,1.000000000000000000e+00
3.710000000000000000e+02,5.999999999999998579e+01,-6.198936959035185268e+00,6.840844018470816934e+01,-2.209503225672992954e+00,0.000000000000000000e+00,5.985000000000000142e+01,6.192300000000000182e+01,5.000000000000000000e+01,1.000000000000000000e+00
3.720000000000000000e+02,6.000000000000000711e+01,-6.390317550148669312e+00,6.868638050205223067e+01,-2.296062951903560911e+00,0.000000000000000000e+00,5.985000000000000142e+01,6.198700000000000188e+01,5.000000000000000000e+01,1.000000000000000000e+00
3.730000000000000000e+02,6.000000000000000711e+01,-6.103246663478433476e+00,6.802452757653175297e+01,-1.921280913053318384e+00,0.000000000000000000e+00,5.985000000000000142e+01,6.189099999999999824e+01,5.000000000000000000e+01,1.000000000000000000e+00
3.740000000000000000e+02,6.000000000000000711e+01,-6.680378758555047369e+00,6.906971284728211913e+01,-2.389334088727062433e+00,0.000000000000000000e+00,5.985000000000000142e+01,6.208400000000000318e+01,5.000000000000000000e+01,1.000000000000000000e+00
3.750000000000000000e+02,6.000000000000000000e+01,-6.584688462998294689e+00,6.877819341377545470e+01,-2.193504950777160456e+00,0.000000000000000000e+00,5.985000000000000142e+01,6.205199999999999960e+01,5.000000000000000000e+01,1.000000000000000000e+00
3.760000000000000000e+02,6.000000000000000711e+01,-5.908875750628808099e+00,6.736030663480364922e+01,-1.451430884174833791e+00,0.000000000000000000e+00,5.985000000000000142e+01,6.182600000000000051e+01,5.000000000000000000e+01,1.000000000000000000e+00
3.770000000000000000e+02,6.000000000000000000e+01,-6.103246663478433476e+00,6.767719393485538149e+01,-1.573947271376954893e+00,0.000000000000000000e+00,5.985000000000000142e+01,6.189099999999999824e+01,5.000000000000000000e+01,1.000000000000000000e+00
3.780000000000000000e+02,5.999999999999999289e+01,-5.908875750628808099e+00,6.722822079514510563e+01,-1.319345044516303078e+00,0.000000000000000000e+00,5.985000000000000142e+01,6.182600000000000051e+01,5.000000000000000000e+01,1.000000000000000000e+00
3.790000000000000000e+02,5.999999999999999289e+01,-5.908875750628808099e+00,6.717061913708974430e+01,-1.261743386460940641e+00,0.000000000000000000e+00,5.985000000000000142e+01,6.182600000000000051e+01,5.000000000000000000e+01,1.000000000000000000e+00
3.800000000000000000e+02,6.000000000000000000e+01,-5.908875750628808099e+00,6.711553232609772124e+01,-1.206656575468912918e+00,0.000000000000000000e+00,5.985000000000000142e+01,6.182600000000000051e+01,5.000000000000000000e+01,1.000000000000000000e+00
3.810000000000000000e+02,6.000000000000000000e+01,-5.908875750628808099e+00,6.706285056575056558e+01,-1.153974815121757480e+00,0.000000000000000000e+00,5.985000000000000142e+01,6.182600000000000051e+01,5.000000000000000000e+01,1.000000000000000000e+00
3.820000000000000000e+02,6.000000000000000000e+01,-5.908875750628808099e+00,6.701246885326267488e+01,-1.103593102633867007e+00,0.000000000000000000e+00,5.985000000000000142e+01,6.182600000000000051e+01,5.000000000000000000e+01,1.000000000000000000e+00
3.830000000000000000e+02,6.000000000000000711e+01,-5.908875750628808099e+00,6.696428677019473241e+01,-1.055411019565917208e+00,0.000000000000000000e+00,5.985000000000000142e+01,6.182600000000000051e+01,5.000000000000000000e+01,1.000000000000000000e+00
3.840000000000000000e+02,6.000000000000000711e+01,-5.717495159515324055e+00,6.654380263937595430e+01,-8.263074798606252491e-01,0.000000000000000000e+00,5.985000000000000142e+01,6.176200000000000045e+01,5.000000000000000000e+01,1.000000000000000000e+00
3.850000000000000000e+02,5.999999999999999289e+01,-5.813185455072055419e+00,6.669492946911884701e+01,-8.817440140467925902e-01,0.000000000000000000e+00,5.985000000000000142e+01,6.179399999999999693e+01,5.000000000000000000e+01,1.000000000000000000e+00
3.860000000000000000e+02,6.000000000000000000e+01,-5.523124246665698678e+00,6.608897460552552161e+01,-5.658503588598193801e-01,0.000000000000000000e+00,5.985000000000000142e+01,6.169700000000000273e+01,5.000000000000000000e+01,1.000000000000000000e+00
3.870000000000000000e+02,5.999999999999999289e+01,-5.523124246665698678e+00,6.606426998483738089e+01,-5.411457381716832105e-01,0.000000000000000000e+00,5.985000000000000142e+01,6.169700000000000273e+01,5.000000000000000000e+01,1.000000000000000000e+00
3.880000000000000000e+02,6.000000000000000000e+01,-5.813185455072055419e+00,6.660810250272712096e+01,-7.949170476550604381e-01,0.000000000000000000e+00,5.985000000000000142e+01,6.179399999999999693e+01,5.000000000000000000e+01,1.000000000000000000e+00
3.890000000000000000e+02,5.999999999999999289e+01,-5.717495159515324055e+00,6.638619417329005046e+01,-6.686990137747309548e-01,0.000000000000000000e+00,5.985000000000000142e+01,6.176200000000000045e+01,5.000000000000000000e+01,1.000000000000000000e+00
3.900000000000000000e+02,6.000000000000000000e+01,-5.041682447145837465e+00,6.503487932752787515e+01,6.803119617961872478e-03,0.000000000000000000e+00,5.985000000000000142e+01,6.153600000000000136e+01,5.000000000000000000e+01,1.000000000000000000e+00
3.910000000000000000e+02,5.999999999999999289e+01,-4.945992151589084784e+00,6.484797352538511461e+01,9.801862620396067927e-02,0.000000000000000000e+00,5.985000000000000142e+01,6.150399999999999778e+01,5.000000000000000000e+01,1.000000000000000000e+00
3.920000000000000000e+02,5.999999999999999289e+01,-4.945992151589084784e+00,6.485225294827992570e+01,9.373920330915086474e-02,0.000000000000000000e+00,5.985000000000000142e+01,6.150399999999999778e+01,5.000000000000000000e+01,1.000000000000000000e+00
3.930000000000000000e+02,6.000000000000000000e+01,-4.945992151589084784e+00,6.485634553464150542e+01,8.964661694757827815e-02,0.000000000000000000e+00,5.985000000000000142e+01,6.150399999999999778e+01,5.000000000000000000e+01,1.000000000000000000e+00
3.940000000000000000e+02,6.000000000000000711e+01,-4.945992151589084784e+00,6.486025944161883672e+01,8.573270997025105034e-02,0.000000000000000000e+00,5.985000000000000142e+01,6.150399999999999778e+01,5.000000000000000000e+01,1.000000000000000000e+00
3.950000000000000000e+02,6.000000000000000711e+01,-4.850301856032353420e+00,6.467679964876143117e+01,1.735022072709259955e-01,0.000000000000000000e+00,5.985000000000000142e+01,6.147200000000000131e+01,5.000000000000000000e+01,1.000000000000000000e+00
3.960000000000000000e+02,5.999999999999999289e+01,-4.945992151589084784e+00,6.487157745211274573e+01,7.441469947633135018e-02,0.000000000000000000e+00,5.985000000000000142e+01,6.150399999999999778e+01,5.000000000000000000e+01,1.000000000000000000e+00
3.970000000000000000e+02,6.000000000000000000e+01,-4.945992151589084784e+00,6.487482634450169883e+01,7.116580708738114158e-02,0.000000000000000000e+00,5.985000000000000142e+01,6.150399999999999778e+01,5.000000000000000000e+01,1.000000000000000000e+00
3.980000000000000000e+02,6.000000000000000711e+01,-4.751621238739459407e+00,6.449767766148073633e+01,2.539435772587301798e-01,0.000000000000000000e+00,5.985000000000000142e+01,6.143900000000000006e+01,5.000000000000000000e+01,1.000000000000000000e+00
3.990000000000000000e+02,5.999999999999999289e+01,-4.751621238739459407e+00,6.450876465586738107e+01,2.428565828720755104e-01,0.000000000000000000e+00,5.985000000000000142e+01,6.143900000000000006e+01,5.000000000000000000e+01,1.000000000000000000e+00
4.000000000000000000e+02,6.000000000000000000e+01,-4.655930943182706727e+00,6.433216477856943527e+01,3.237661646132719007e-01,0.000000000000000000e+00,5.985000000000000142e+01,6.140699999999999648e+01,5.000000000000000000e+01,1.000000000000000000e+00
4.010000000000000000e+02,6.000000000000000711e+01,-4.850301856032353420e+00,6.472655590812374271e+01,1.237459479086142899e-01,0.000000000000000000e+00,5.985000000000000142e+01,6.147200000000000131e+01,5.000000000000000000e+01,1.000000000000000000e+00
4.020000000000000000e+02,6.000000000000000000e+01,-4.560240647625975363e+00,6.416450001486218468e+01,3.957406327637880139e-01,0.000000000000000000e+00,5.985000000000000142e+01,6.137500000000000000e+01,5.000000000000000000e+01,1.000000000000000000e+00
4.030000000000000000e+02,5.999999999999999289e+01,-4.464550352069243999e+00,6.399457494549309189e+01,4.699754065761481692e-01,0.000000000000000000e+00,5.985000000000000142e+01,6.134300000000000352e+01,5.000000000000000000e+01,1.000000000000000000e+00
4.040000000000000000e+02,6.000000000000000711e+01,-4.270179439219598194e+00,6.363483800345252916e+01,6.353414357670752466e-01,0.000000000000000000e+00,5.985000000000000142e+01,6.127799999999999869e+01,5.000000000000000000e+01,1.000000000000000000e+00
4.050000000000000000e+02,6.000000000000000000e+01,-3.983108552549382786e+00,6.310096809030812182e+01,8.821404622412605256e-01,0.000000000000000000e+00,5.985000000000000142e+01,6.118200000000000216e+01,5.000000000000000000e+01,1.000000000000000000e+00
4.060000000000000000e+02,6.000000000000000711e+01,-4.078798848106114150e+00,6.332668453144598431e+01,7.521143166601307328e-01,0.000000000000000000e+00,5.985000000000000142e+01,6.121399999999999864e+01,5.000000000000000000e+01,1.000000000000000000e+00
4.070000000000000000e+02,6.000000000000000000e+01,-3.983108552549382786e+00,6.317231848142898798e+01,8.107900711203904764e-01,0.000000000000000000e+00,5.985000000000000142e+01,6.118200000000000216e+01,5.000000000000000000e+01,1.000000000000000000e+00
4.080000000000000000e+02,6.000000000000000000e+01,-3.983108552549382786e+00,6.320771699421794665e+01,7.753915583314316962e-01,0.000000000000000000e+00,5.985000000000000142e+01,6.118200000000000216e+01,5.000000000000000000e+01,1.000000000000000000e+00
4.090000000000000000e+02,6.000000000000000000e+01,-3.501666753029521129e+00,6.229970583784394478e+01,1.201960915185572798e+00,0.000000000000000000e+00,5.985000000000000142e+01,6.102100000000000080e+01,5.000000000000000000e+01,1.000000000000000000e+00
4.100000000000000000e+02,6.000000000000000000e+01,-3.597357048586252493e+00,6.253938541049632960e+01,1.057971638089924449e+00,0.000000000000000000e+00,5.985000000000000142e+01,6.105299999999999727e+01,5.000000000000000000e+01,1.000000000000000000e+00
4.110000000000000000e+02,6.000000000000000000e+01,-3.884427935256488773e+00,6.314718415754695258e+01,7.372437777095401934e-01,0.000000000000000000e+00,5.985000000000000142e+01,6.114900000000000091e+01,5.000000000000000000e+01,1.000000000000000000e+00
4.120000000000000000e+02,5.999999999999999289e+01,-3.788737639699736093e+00,6.299216887046846836e+01,7.965687692312629631e-01,0.000000000000000000e+00,5.985000000000000142e+01,6.111699999999999733e+01,5.000000000000000000e+01,1.000000000000000000e+00
4.130000000000000000e+02,5.999999999999999289e+01,-3.788737639699736093e+00,6.302694649142028283e+01,7.617911482794504918e-01,0.000000000000000000e+00,5.985000000000000142e+01,6.111699999999999733e+01,5.000000000000000000e+01,1.000000000000000000e+00
4.140000000000000000e+02,6.000000000000000000e+01,-3.983108552549382786e+00,6.344046147749241982e+01,5.426470750569590829e-01,0.000000000000000000e+00,5.985000000000000142e+01,6.118200000000000216e+01,5.000000000000000000e+01,1.000000000000000000e+00
4.150000000000000000e+02,6.000000000000000000e+01,-3.983108552549382786e+00,6.346415305945734531e+01,5.189554930920355913e-01,0.000000000000000000e+00,5.985000000000000142e+01,6.118200000000000216e+01,5.000000000000000000e+01,1.000000000000000000e+00
4.160000000000000000e+02,6.000000000000000000e+01,-3.983108552549382786e+00,6.348681028395164105e+01,4.962982685977421760e-01,0.000000000000000000e+00,5.985000000000000142e+01,6.118200000000000216e+01,5.000000000000000000e+01,1.000000000000000000e+00
4.170000000000000000e+02,5.999999999999999289e+01,-4.368860056512491319e+00,6.426313968430800116e+01,1.057203722044821048e-01,0.000000000000000000e+00,5.985000000000000142e+01,6.131099999999999994e+01,5.000000000000000000e+01,1.000000000000000000e+00
4.180000000000000000e+02,6.000000000000000000e+01,-4.751621238739459407e+00,6.501656664576435674e+01,-2.649454070248973281e-01,0.000000000000000000e+00,5.985000000000000142e+01,6.143900000000000006e+01,5.000000000000000000e+01,1.000000000000000000e+00
4.190000000000000000e+02,6.000000000000000000e+01,-4.464550352069243999e+00,6.444339085499090913e+01,2.115949707833314486e-02,0.000000000000000000e+00,5.985000000000000142e+01,6.134300000000000352e+01,5.000000000000000000e+01,1.000000000000000000e+00
4.200000000000000000e+02,6.000000000000000000e+01,-4.560240647625975363e+00,6.463151748491628723e+01,-7.127683729031508708e-02,0.000000000000000000e+00,5.985000000000000142e+01,6.137500000000000000e+01,5.000000000000000000e+01,1.000000000000000000e+00
4.210000000000000000e+02,5.999999999999999289e+01,-4.464550352069243999e+00,6.444120276787485579e+01,2.334758419438641430e-02,0.000000000000000000e+00,5.985000000000000142e+01,6.134300000000000352e+01,5.000000000000000000e+01,1.000000000000000000e+00
4.220000000000000000e+02,6.000000000000000000e+01,-4.751621238739459407e+00,6.500383057104230033e+01,-2.522093323028382628e-01,0.000000000000000000e+00,5.985000000000000142e+01,6.143900000000000006e+01,5.000000000000000000e+01,1.000000000000000000e+00
4.230000000000000000e+02,6.000000000000000000e+01,-5.137372742702568829e+00,6.574748066657380718e+01,-6.101079238712396879e-01,0.000000000000000000e+00,5.985000000000000142e+01,6.156799999999999784e+01,5.000000000000000000e+01,1.000000000000000000e+00
4.240000000000000000e+02,6.000000000000000000e+01,-5.331743655552214634e+00,6.610109952344991768e+01,-7.693558678976991638e-01,0.000000000000000000e+00,5.985000000000000142e+01,6.163300000000000267e+01,5.000000000000000000e+01,1.000000000000000000e+00
4.250000000000000000e+02,6.000000000000000711e+01,-5.908875750628808099e+00,6.719657701520205251e+01,-1.287701264573236859e+00,0.000000000000000000e+00,5.985000000000000142e+01,6.182600000000000051e+01,5.000000000000000000e+01,1.000000000000000000e+00
4.260000000000000000e+02,6.000000000000000000e+01,-5.908875750628808099e+00,6.714035690187559169e+01,-1.231481151246780259e+00,0.000000000000000000e+00,5.985000000000000142e+01,6.182600000000000051e+01,5.000000000000000000e+01,1.000000000000000000e+00
4.270000000000000000e+02,6.000000000000000000e+01,-5.908875750628808099e+00,6.708659131836081713e+01,-1.177715567732008806e+00,0.000000000000000000e+00,5.985000000000000142e+01,6.182600000000000051e+01,5.000000000000000000e+01,1.000000000000000000e+00
4.280000000000000000e+02,6.000000000000000000e+01,-5.908875750628808099e+00,6.703517310164720300e+01,-1.126297351018391568e+00,0.000000000000000000e+00,5.985000000000000142e+01,6.182600000000000051e+01,5.000000000000000000e+01,1.000000000000000000e+00
4.290000000000000000e+02,5.999999999999999289e+01,-5.908875750628808099e+00,6.698599976738435657e+01,-1.077124016755551361e+00,0.000000000000000000e+00,5.985000000000000142e+01,6.182600000000000051e+01,5.000000000000000000e+01,1.000000000000000000e+00
4.300000000000000000e+02,5.999999999999999289e+01,-5.908875750628808099e+00,6.693897330561512149e+01,-1.030097554986319164e+00,0.000000000000000000e+00,5.985000000000000142e+01,6.182600000000000051e+01,5.000000000000000000e+01,1.000000000000000000e+00
4.310000000000000000e+02,6.000000000000000000e+01,-5.908875750628808099e+00,6.689399998542674552e+01,-9.851242347979370928e-01,0.000000000000000000e+00,5.985000000000000142e+01,6.182600000000000051e+01,5.000000000000000000e+01,1.000000000000000000e+00
4.320000000000000000e+02,6.000000000000000711e+01,-5.908875750628808099e+00,6.685099016813086337e+01,-9.421144175020491618e-01,0.000000000000000000e+00,5.985000000000000142e+01,6.182600000000000051e+01,5.000000000000000000e+01,1.000000000000000000e+00
4.330000000000000000e+02,6.000000000000000711e+01,-6.584688462998294689e+00,6.813197805519104122e+01,-1.547289592192738983e+00,0.000000000000000000e+00,5.985000000000000142e+01,6.205199999999999960e+01,5.000000000000000000e+01,1.000000000000000000e+00
4.340000000000000000e+02,6.000000000000000711e+01,-6.871759349668531414e+00,6.862603296611980852e+01,-1.754273616451275108e+00,0.000000000000000000e+00,5.985000000000000142e+01,6.214800000000000324e+01,5.000000000000000000e+01,1.000000000000000000e+00
4.350000000000000000e+02,6.000000000000000000e+01,-6.871759349668531414e+00,6.854944263866121901e+01,-1.677683288992686039e+00,0.000000000000000000e+00,5.985000000000000142e+01,6.214800000000000324e+01,5.000000000000000000e+01,1.000000000000000000e+00
4.360000000000000000e+02,5.999999999999999289e+01,-6.776069054111778733e+00,6.828899336848408552e+01,-1.512924314372312118e+00,0.000000000000000000e+00,5.985000000000000142e+01,6.211599999999999966e+01,5.000000000000000000e+01,1.000000000000000000e+00
4.370000000000000000e+02,6.000000000000000711e+01,-6.871759349668531414e+00,6.841014299985805280e+01,-1.538383650189518503e+00,0.000000000000000000e+00,5.985000000000000142e+01,6.214800000000000324e+01,5.000000000000000000e+01,1.000000000000000000e+00
4.380000000000000000e+02,6.000000000000000711e+01,-6.871759349668531414e+00,6.834297827343225151e+01,-1.471218923763714992e+00,0.000000000000000000e+00,5.985000000000000142e+01,6.214800000000000324e+01,5.000000000000000000e+01,1.000000000000000000e+00
4.390000000000000000e+02,6.000000000000000711e+01,-6.871759349668531414e+00,6.827874591077363675e+01,-1.406986561105101341e+00,0.000000000000000000e+00,5.985000000000000142e+01,6.214800000000000324e+01,5.000000000000000000e+01,1.000000000000000000e+00
4.400000000000000000e+02,6.000000000000000000e+01,-7.257510853631639947e+00,6.897197926101166843e+01,-1.714468407380027815e+00,0.000000000000000000e+00,5.985000000000000142e+01,6.227700000000000102e+01,5.000000000000000000e+01,1.000000000000000000e+00
4.410000000000000000e+02,6.000000000000001421e+01,-7.161820558074887266e+00,6.870992397895791726e+01,-1.548103420883018000e+00,0.000000000000000000e+00,5.985000000000000142e+01,6.224499999999999744e+01,5.000000000000000000e+01,1.000000000000000000e+00
4.420000000000000000e+02,6.000000000000000000e+01,-7.643262357594749368e+00,6.958419908980916091e+01,-1.940936732214407767e+00,0.000000000000000000e+00,5.985000000000000142e+01,6.240599999999999881e+01,5.000000000000000000e+01,1.000000000000000000e+00
4.430000000000000000e+02,6.000000000000000000e+01,-7.837633270444374745e+00,6.987971491574040783e+01,-2.042081645296039749e+00,0.000000000000000000e+00,5.985000000000000142e+01,6.247099999999999653e+01,5.000000000000000000e+01,1.000000000000000000e+00
4.440000000000000000e+02,6.000000000000000711e+01,-7.837633270444374745e+00,6.979055909623559728e+01,-1.952925825791219649e+00,0.000000000000000000e+00,5.985000000000000142e+01,6.247099999999999653e+01,5.000000000000000000e+01,1.000000000000000000e+00
4.450000000000000000e+02,6.000000000000000711e+01,-8.319075069964236846e+00,7.064715995133579440e+01,-2.328084881371551340e+00,0.000000000000000000e+00,5.985000000000000142e+01,6.263199999999999790e+01,5.000000000000000000e+01,1.000000000000000000e+00
4.460000000000000000e+02,6.000000000000000000e+01,-8.414765365520988638e+00,7.073272025720640954e+01,-2.317954891685420460e+00,0.000000000000000000e+00,5.985000000000000142e+01,6.266400000000000148e+01,5.000000000000000000e+01,1.000000000000000000e+00
4.470000000000000000e+02,6.000000000000000711e+01,-8.414765365520988638e+00,7.063152000969454036e+01,-2.216754644173543287e+00,0.000000000000000000e+00,5.985000000000000142e+01,6.266400000000000148e+01,5.000000000000000000e+01,1.000000000000000000e+00
4.480000000000000000e+02,5.999999999999999289e+01,-8.223384774407504594e+00,7.016033244945259639e+01,-1.936947675045094686e+00,0.000000000000000000e+00,5.985000000000000142e+01,6.260000000000000142e+01,5.000000000000000000e+01,1.000000000000000000e+00
4.490000000000000000e+02,5.999999999999999289e+01,-7.933323566001127425e+00,6.950830815109519278e+01,-1.574984585094070688e+00,0.000000000000000000e+00,5.985000000000000142e+01,6.250300000000000011e+01,5.000000000000000000e+01,1.000000000000000000e+00
4.500000000000000000e+02,5.999999999999999289e+01,-7.837633270444374745e+00,6.925234263264721335e+01,-1.414709362202847709e+00,0.000000000000000000e+00,5.985000000000000142e+01,6.247099999999999653e+01,5.000000000000000000e+01,1.000000000000000000e+00
4.510000000000000000e+02,5.999999999999999289e+01,-7.643262357594749368e+00,6.881032170580333229e+01,-1.167059348208588698e+00,0.000000000000000000e+00,5.985000000000000142e+01,6.240599999999999881e+01,5.000000000000000000e+01,1.000000000000000000e+00
4.520000000000000000e+02,6.000000000000000000e+01,-7.643262357594749368e+00,6.875936873198861576e+01,-1.116106374393864620e+00,0.000000000000000000e+00,5.985000000000000142e+01,6.240599999999999881e+01,5.000000000000000000e+01,1.000000000000000000e+00
4.530000000000000000e+02,5.999999999999999289e+01,-7.837633270444374745e+00,6.909089605955269064e+01,-1.253262789108323672e+00,0.000000000000000000e+00,5.985000000000000142e+01,6.247099999999999653e+01,5.000000000000000000e+01,1.000000000000000000e+00
4.540000000000000000e+02,6.000000000000000711e+01,-7.837633270444374745e+00,6.903617950535652881e+01,-1.198546234912151398e+00,0.000000000000000000e+00,5.985000000000000142e+01,6.247099999999999653e+01,5.000000000000000000e+01,1.000000000000000000e+00
4.550000000000000000e+02,6.000000000000000711e+01,-7.643262357594749368e+00,6.860359610555997278e+01,-9.603337479652171993e-01,0.000000000000000000e+00,5.985000000000000142e+01,6.240599999999999881e+01,5.000000000000000000e+01,1.000000000000000000e+00
4.560000000000000000e+02,6.000000000000000000e+01,-7.451881766481265323e+00,6.818726298020435195e+01,-7.353812137230851809e-01,0.000000000000000000e+00,5.985000000000000142e+01,6.234199999999999875e+01,5.000000000000000000e+01,1.000000000000000000e+00
4.570000000000000000e+02,5.999999999999999289e+01,-7.257510853631639947e+00,6.777490103292669232e+01,-5.173901792950545975e-01,0.000000000000000000e+00,5.985000000000000142e+01,6.227700000000000102e+01,5.000000000000000000e+01,1.000000000000000000e+00
4.580000000000000000e+02,6.000000000000000711e+01,-6.970439966961404110e+00,6.719070368451701825e+01,-2.202637175556051985e-01,0.000000000000000000e+00,5.985000000000000142e+01,6.218099999999999739e+01,5.000000000000000000e+01,1.000000000000000000e+00
4.590000000000000000e+02,6.000000000000000000e+01,-6.871759349668531414e+00,6.698803421900581156e+01,-1.162748693372795405e-01,0.000000000000000000e+00,5.985000000000000142e+01,6.214800000000000324e+01,5.000000000000000000e+01,1.000000000000000000e+00
4.600000000000000000e+02,6.000000000000000711e+01,-6.871759349668531414e+00,6.698295774163408112e+01,-1.111983919655443881e-01,0.000000000000000000e+00,5.985000000000000142e+01,6.214800000000000324e+01,5.000000000000000000e+01,1.000000000000000000e+00
4.610000000000000000e+02,6.000000000000000711e+01,-6.871759349668531414e+00,6.697810289962218633e+01,-1.063435499536476980e-01,0.000000000000000000e+00,5.985000000000000142e+01,6.214800000000000324e+01,5.000000000000000000e+01,1.000000000000000000e+00
4.620000000000000000e+02,6.000000000000000000e+01,-6.776069054111778733e+00,6.678625719506507608e+01,-1.018814095329878544e-02,0.000000000000000000e+00,5.985000000000000142e+01,6.211599999999999966e+01,5.000000000000000000e+01,1.000000000000000000e+00
4.630000000000000000e+02,5.999999999999998579e+01,-6.198936959035185268e+00,6.565674537118459853e+01,5.421915878505746411e-01,0.000000000000000000e+00,5.985000000000000142e+01,6.192300000000000182e+01,5.000000000000000000e+01,1.000000000000000000e+00
4.640000000000000000e+02,6.000000000000000711e+01,-5.908875750628808099e+00,6.511295851434145732e+01,7.959172362873558892e-01,0.000000000000000000e+00,5.985000000000000142e+01,6.182600000000000051e+01,5.000000000000000000e+01,1.000000000000000000e+00
4.650000000000000000e+02,6.000000000000000000e+01,-5.908875750628808099e+00,6.514770768983238725e+01,7.611680607964201872e-01,0.000000000000000000e+00,5.985000000000000142e+01,6.182600000000000051e+01,5.000000000000000000e+01,1.000000000000000000e+00
4.660000000000000000e+02,6.000000000000000711e+01,-5.908875750628808099e+00,6.518093974125282841e+01,7.279360093759875694e-01,0.000000000000000000e+00,5.985000000000000142e+01,6.182600000000000051e+01,5.000000000000000000e+01,1.000000000000000000e+00
4.670000000000000000e+02,6.000000000000001421e+01,-6.004566046185539463e+00,6.539992372661539832e+01,6.046423195701521314e-01,0.000000000000000000e+00,5.985000000000000142e+01,6.185799999999999699e+01,5.000000000000000000e+01,1.000000000000000000e+00
4.680000000000000000e+02,6.000000000000000000e+01,-6.680378758555047369e+00,6.674844190306728819e+01,-6.806314451223527406e-02,0.000000000000000000e+00,5.985000000000000142e+01,6.208400000000000318e+01,5.000000000000000000e+01,1.000000000000000000e+00
4.690000000000000000e+02,6.000000000000000711e+01,-6.584688462998294689e+00,6.655826749354677929e+01,2.642096945151821419e-02,0.000000000000000000e+00,5.985000000000000142e+01,6.205199999999999960e+01,5.000000000000000000e+01,1.000000000000000000e+00
4.700000000000000000e+02,6.000000000000000711e+01,-6.103246663478433476e+00,6.561755681862491940e+01,4.856898448535165169e-01,0.000000000000000000e+00,5.985000000000000142e+01,6.189099999999999824e+01,5.000000000000000000e+01,1.000000000000000000e+00
4.710000000000000000e+02,6.000000000000000000e+01,-6.488998167441563325e+00,6.639342306281186268e+01,9.557510462970147946e-02,0.000000000000000000e+00,5.985000000000000142e+01,6.202000000000000313e+01,5.000000000000000000e+01,1.000000000000000000e+00
4.720000000000000000e+02,5.999999999999999289e+01,-6.294627254591916632e+00,6.601734007220863987e+01,2.772871823832698812e-01,0.000000000000000000e+00,5.985000000000000142e+01,6.195499999999999829e+01,5.000000000000000000e+01,1.000000000000000000e+00
4.730000000000000000e+02,6.000000000000000000e+01,-6.004566046185539463e+00,6.546198767908329330e+01,5.425783671022454957e-01,0.000000000000000000e+00,5.985000000000000142e+01,6.185799999999999699e+01,5.000000000000000000e+01,1.000000000000000000e+00
4.740000000000000000e+02,6.000000000000000000e+01,-5.908875750628808099e+00,6.529847343984400254e+01,6.104023107848052243e-01,0.000000000000000000e+00,5.985000000000000142e+01,6.182600000000000051e+01,5.000000000000000000e+01,1.000000000000000000e+00
4.750000000000000000e+02,6.000000000000000000e+01,-5.908875750628808099e+00,6.532512316678857189e+01,5.837525838402364275e-01,0.000000000000000000e+00,5.985000000000000142e+01,6.182600000000000051e+01,5.000000000000000000e+01,1.000000000000000000e+00
4.760000000000000000e+02,6.000000000000000711e+01,-5.717495159515324055e+00,6.497620374284662148e+01,7.412914166687064599e-01,0.000000000000000000e+00,5.985000000000000142e+01,6.176200000000000045e+01,5.000000000000000000e+01,1.000000000000000000e+00
4.770000000000000000e+02,6.000000000000000711e+01,-5.236053359995461953e+00,6.406670379875339449e+01,1.169349561242072344e+00,0.000000000000000000e+00,5.985000000000000142e+01,6.160099999999999909e+01,5.000000000000000000e+01,1.000000000000000000e+00
4.780000000000000000e+02,5.999999999999999289e+01,-5.041682447145837465e+00,6.373750103052679350e+01,1.304181416619036415e+00,0.000000000000000000e+00,5.985000000000000142e+01,6.153600000000000136e+01,5.000000000000000000e+01,1.000000000000000000e+00
4.790000000000000000e+02,5.999999999999999289e+01,-4.945992151589084784e+00,6.360723783400333531e+01,1.338754317585743037e+00,0.000000000000000000e+00,5.985000000000000142e+01,6.150399999999999778e+01,5.000000000000000000e+01,1.000000000000000000e+00
4.800000000000000000e+02,6.000000000000000000e+01,-4.945992151589084784e+00,6.366568688699537404e+01,1.280305264593706527e+00,0.000000000000000000e+00,5.985000000000000142e+01,6.150399999999999778e+01,5.000000000000000000e+01,1.000000000000000000e+00
4.810000000000000000e+02,5.999999999999999289e+01,-4.945992151589084784e+00,6.372158409626911890e+01,1.224408055319960997e+00,0.000000000000000000e+00,5.985000000000000142e+01,6.150399999999999778e+01,5.000000000000000000e+01,1.000000000000000000e+00
4.820000000000000000e+02,5.999999999999999289e+01,-4.945992151589084784e+00,6.377504087349044681e+01,1.170951278098632642e+00,0.000000000000000000e+00,5.985000000000000142e+01,6.150399999999999778e+01,5.000000000000000000e+01,1.000000000000000000e+00
4.830000000000000000e+02,6.000000000000000711e+01,-5.813185455072055419e+00,6.552268933569141041e+01,2.904961193806535613e-01,0.000000000000000000e+00,5.985000000000000142e+01,6.179399999999999693e+01,5.000000000000000000e+01,1.000000000000000000e+00
4.840000000000000000e+02,5.999999999999999289e+01,-5.908875750628808099e+00,6.572257500930605545e+01,1.863007413227487641e-01,0.000000000000000000e+00,5.985000000000000142e+01,6.182600000000000051e+01,5.000000000000000000e+01,1.000000000000000000e+00
4.850000000000000000e+02,6.000000000000000000e+01,-5.908875750628808099e+00,6.573070876600733925e+01,1.781669846214699315e-01,0.000000000000000000e+00,5.985000000000000142e+01,6.182600000000000051e+01,5.000000000000000000e+01,1.000000000000000000e+00
4.860000000000000000e+02,6.000000000000000000e+01,-5.908875750628808099e+00,6.573848740872675478e+01,1.703883419020565115e-01,0.000000000000000000e+00,5.985000000000000142e+01,6.182600000000000051e+01,5.000000000000000000e+01,1.000000000000000000e+00
4.870000000000000000e+02,6.000000000000000000e+01,-5.331743655552214634e+00,6.461685942452984932e+01,7.148842310223635366e-01,0.000000000000000000e+00,5.985000000000000142e+01,6.163300000000000267e+01,5.000000000000000000e+01,1.000000000000000000e+00
4.880000000000000000e+02,5.999999999999999289e+01,-4.945992151589084784e+00,6.389340938312182772e+01,1.052582768467254404e+00,0.000000000000000000e+00,5.985000000000000142e+01,6.150399999999999778e+01,5.000000000000000000e+01,1.000000000000000000e+00
4.890000000000000000e+02,6.000000000000000000e+01,-4.945992151589084784e+00,6.393936439159836027e+01,1.006627759990722071e+00,0.000000000000000000e+00,5.985000000000000142e+01,6.150399999999999778e+01,5.000000000000000000e+01,1.000000000000000000e+00
4.900000000000000000e+02,6.000000000000000000e+01,-4.751621238739459407e+00,6.360305730627687382e+01,1.148563932462589365e+00,0.000000000000000000e+00,5.985000000000000142e+01,6.143900000000000006e+01,5.000000000000000000e+01,1.000000000000000000e+00
4.910000000000000000e+02,6.000000000000000711e+01,-4.270179439219598194e+00,6.271133858801810135e+01,1.558840851201505506e+00,0.000000000000000000e+00,5.985000000000000142e+01,6.127799999999999869e+01,5.000000000000000000e+01,1.000000000000000000e+00
4.920000000000000000e+02,6.000000000000000711e+01,-4.270179439219598194e+00,6.277939646116269046e+01,1.490782978056911512e+00,0.000000000000000000e+00,5.985000000000000142e+01,6.127799999999999869e+01,5.000000000000000000e+01,1.000000000000000000e+00
4.930000000000000000e+02,5.999999999999999289e+01,-4.464550352069243999e+00,6.322473870749438873e+01,1.239811644574849936e+00,0.000000000000000000e+00,5.985000000000000142e+01,6.134300000000000352e+01,5.000000000000000000e+01,1.000000000000000000e+00
4.940000000000000000e+02,6.000000000000000711e+01,-4.945992151589084784e+00,6.422073218986287202e+01,7.252599617262158738e-01,0.000000000000000000e+00,5.985000000000000142e+01,6.150399999999999778e+01,5.000000000000000000e+01,1.000000000000000000e+00
4.950000000000000000e+02,6.000000000000000711e+01,-4.945992151589084784e+00,6.425239651944082198e+01,6.935956321482663611e-01,0.000000000000000000e+00,5.985000000000000142e+01,6.150399999999999778e+01,5.000000000000000000e+01,1.000000000000000000e+00
4.960000000000000000e+02,5.999999999999999289e+01,-4.945992151589084784e+00,6.428267840710753944e+01,6.633137444815380146e-01,0.000000000000000000e+00,5.985000000000000142e+01,6.150399999999999778e+01,5.000000000000000000e+01,1.000000000000000000e+00
4.970000000000000000e+02,6.000000000000000000e+01,-5.236053359995461953e+00,6.487909676184848706e+01,3.569565981469737248e-01,0.000000000000000000e+00,5.985000000000000142e+01,6.160099999999999909e+01,5.000000000000000000e+01,1.000000000000000000e+00
4.980000000000000000e+02,5.999999999999998579e+01,-5.618814542222430042e+00,6.564349251667545104e+01,-2.467797445303210324e-02,0.000000000000000000e+00,5.985000000000000142e+01,6.172899999999999920e+01,5.000000000000000000e+01,1.000000000000000000e+00
4.990000000000000000e+02,5.999999999999999289e+01,-5.908875750628808099e+00,6.620987364657995045e+01,-3.009978959511480645e-01,0.000000000000000000e+00,5.985000000000000142e+01,6.182600000000000051e+01,5.000000000000000000e+01,1.000000000000000000e+00
5.000000000000000000e+02,5.979000843314368296e+01,-6.004566046185539463e+00,6.617394354900706333e+01,-3.793690696778396765e-01,0.000000000000000000e+00,5.985000000000000142e+01,6.185799999999999699e+01,5.000000000000000000e+01,0.000000000000000000e+00
5.010000000000000000e+02,5.995841672962825442e+01,-5.908875750628808099e+00,6.613858604263056407e+01,-2.712935623735028279e-01,0.000000000000000000e+00,5.985000000000000142e+01,6.182600000000000051e+01,5.000000000000000000e+01,0.000000000000000000e+00
5.020000000000000000e+02,5.955348489857360761e+01,-6.103246663478433476e+00,6.610206546038641306e+01,-4.453338983343760882e-01,0.000000000000000000e+00,5.985000000000000142e+01,6.189099999999999824e+01,5.000000000000000000e+01,0.000000000000000000e+00
5.030000000000000000e+02,5.877943764252967185e+01,-6.488998167441563325e+00,6.606323661988184881e+01,-7.948008099106110835e-01,0.000000000000000000e+00,5.985000000000000142e+01,6.202000000000000313e+01,5.000000000000000000e+01,0.000000000000000000e+00
5.040000000000000000e+02,5.821198299715963742e+01,-6.776069054111778733e+00,6.602269000578814939e+01,-1.034637954516732350e+00,0.000000000000000000e+00,5.985000000000000142e+01,6.211599999999999966e+01,5.000000000000000000e+01,0.000000000000000000e+00
5.050000000000000000e+02,5.802883252117958790e+01,-6.871759349668531414e+00,6.598157080049806211e+01,-1.080978929649941689e+00,0.000000000000000000e+00,5.985000000000000142e+01,6.214800000000000324e+01,5.000000000000000000e+01,0.000000000000000000e+00
5.060000000000000000e+02,5.878600973103235816e+01,-6.488998167441563325e+00,6.594274195999349786e+01,-6.677340615195730411e-01,0.000000000000000000e+00,5.985000000000000142e+01,6.202000000000000313e+01,5.000000000000000000e+01,0.000000000000000000e+00
5.070000000000000000e+02,5.802523202993329932e+01,-6.871759349668531414e+00,6.590162275470341058e+01,-1.004631375101582291e+00,0.000000000000000000e+00,5.985000000000000142e+01,6.214800000000000324e+01,5.000000000000000000e+01,0.000000000000000000e+00
5.080000000000000000e+02,5.802797430968900017e+01,-6.871759349668531414e+00,6.586050354941332330e+01,-9.607698900557916089e-01,0.000000000000000000e+00,5.985000000000000142e+01,6.214800000000000324e+01,5.000000000000000000e+01,0.000000000000000000e+00
5.090000000000000000e+02,5.802880162847682755e+01,-6.871759349668531414e+00,6.581938434412323602e+01,-9.188233659778759499e-01,0.000000000000000000e+00,5.985000000000000142e+01,6.214800000000000324e+01,5.000000000000000000e+01,0.000000000000000000e+00
5.100000000000000000e+02,5.821557300477935115e+01,-6.776069054111778733e+00,6.577883773002953660e+01,-7.871956711384050509e-01,0.000000000000000000e+00,5.985000000000000142e+01,6.211599999999999966e+01,5.000000000000000000e+01,0.000000000000000000e+00
5.110000000000000000e+02,5.896636442118769139e+01,-6.390317550148669312e+00,6.574059937419623623e+01,-3.839174028598785759e-01,0.000000000000000000e+00,5.985000000000000142e+01,6.198700000000000188e+01,5.000000000000000000e+01,0.000000000000000000e+00
5.120000000000000000e+02,5.875124422940843516e+01,-6.488998167441563325e+00,6.570177053369167197e+01,-4.615281368416735974e-01,0.000000000000000000e+00,5.985000000000000142e+01,6.202000000000000313e+01,5.000000000000000000e+01,0.000000000000000000e+00
5.130000000000000000e+02,5.816923913824477665e+01,-6.776069054111778733e+00,6.566122391959797255e+01,-7.159157272414133910e-01,0.000000000000000000e+00,5.985000000000000142e+01,6.211599999999999966e+01,5.000000000000000000e+01,0.000000000000000000e+00
5.140000000000000000e+02,5.797217347849498026e+01,-6.871759349668531414e+00,6.562010471430788527e+01,-7.761718861443749340e-01,0.000000000000000000e+00,5.985000000000000142e+01,6.214800000000000324e+01,5.000000000000000000e+01,0.000000000000000000e+00
5.150000000000000000e+02,5.796494138087524561e+01,-6.871759349668531414e+00,6.557898550901779799e+01,-7.422847784740194133e-01,0.000000000000000000e+00,5.985000000000000142e+01,6.214800000000000324e+01,5.000000000000000000e+01,0.000000000000000000e+00
5.160000000000000000e+02,5.738703557682011791e+01,-7.161820558074887266e+00,6.553613063666368532e+01,-9.872745017686779256e-01,0.000000000000000000e+00,5.985000000000000142e+01,6.224499999999999744e+01,5.000000000000000000e+01,0.000000000000000000e+00
5.170000000000000000e+02,5.795647862050252286e+01,-6.871759349668531414e+00,6.549501143137359804e+01,-6.667734612025446594e-01,0.000000000000000000e+00,5.985000000000000142e+01,6.214800000000000324e+01,5.000000000000000000e+01,0.000000000000000000e+00
5.180000000000000000e+02,5.661830641422418608e+01,-7.547572062038018004e+00,6.544984830075907212e+01,-1.283969824496868917e+00,0.000000000000000000e+00,5.985000000000000142e+01,6.237400000000000233e+01,5.000000000000000000e+01,0.000000000000000000e+00
5.190000000000000000e+02,5.681697589760020861e+01,-7.451881766481265323e+00,6.540525776134093405e+01,-1.136400097259460340e+00,0.000000000000000000e+00,5.985000000000000142e+01,6.234199999999999875e+01,5.000000000000000000e+01,0.000000000000000000e+00
5.200000000000000000e+02,5.625867353311554098e+01,-7.738952653151502048e+00,6.535894944833364661e+01,-1.361323262066604256e+00,0.000000000000000000e+00,5.985000000000000142e+01,6.243800000000000239e+01,5.000000000000000000e+01,0.000000000000000000e+00
5.210000000000000000e+02,5.607815622271760958e+01,-7.837633270444374745e+00,6.531205065065509530e+01,-1.396261157493113636e+00,0.000000000000000000e+00,5.985000000000000142e+01,6.247099999999999653e+01,5.000000000000000000e+01,0.000000000000000000e+00
5.220000000000000000e+02,5.609221718540212009e+01,-7.837633270444374745e+00,6.526515185297654398e+01,-1.335301397130054912e+00,0.000000000000000000e+00,5.985000000000000142e+01,6.247099999999999653e+01,5.000000000000000000e+01,0.000000000000000000e+00
5.230000000000000000e+02,5.554029045070401338e+01,-8.124704157114610581e+00,6.521653528170884329e+01,-1.551540673890222211e+00,0.000000000000000000e+00,5.985000000000000142e+01,6.256700000000000017e+01,5.000000000000000000e+01,0.000000000000000000e+00
5.240000000000000000e+02,5.574718844473777324e+01,-8.029013861557858789e+00,6.516849130163753046e+01,-1.392288995341896651e+00,0.000000000000000000e+00,5.985000000000000142e+01,6.253499999999999659e+01,5.000000000000000000e+01,0.000000000000000000e+00
5.250000000000000000e+02,5.594770621594047810e+01,-7.933323566001127425e+00,6.512101991276259128e+01,-1.239990130820983527e+00,0.000000000000000000e+00,5.985000000000000142e+01,6.250300000000000011e+01,5.000000000000000000e+01,0.000000000000000000e+00
5.260000000000000000e+02,5.500962686157490111e+01,-8.414765365520988638e+00,6.507066767443086519e+01,-1.646275447334969444e+00,0.000000000000000000e+00,5.985000000000000142e+01,6.266400000000000148e+01,5.000000000000000000e+01,0.000000000000000000e+00
5.270000000000000000e+02,5.484337441546283287e+01,-8.510455661077719114e+00,6.501974284490276546e+01,-1.665912768362213914e+00,0.000000000000000000e+00,5.985000000000000142e+01,6.269599999999999795e+01,5.000000000000000000e+01,0.000000000000000000e+00
5.280000000000000000e+02,5.429598792253436557e+01,-8.800516869484097171e+00,6.496708234831062612e+01,-1.870577556292158938e+00,0.000000000000000000e+00,5.985000000000000142e+01,6.279299999999999926e+01,5.000000000000000000e+01,0.000000000000000000e+00
5.290000000000000000e+02,5.432499549996988009e+01,-8.800516869484097171e+00,6.491442185171848678e+01,-1.788909482264504636e+00,0.000000000000000000e+00,5.985000000000000142e+01,6.279299999999999926e+01,5.000000000000000000e+01,0.000000000000000000e+00
5.300000000000000000e+02,5.435043750788760519e+01,-8.800516869484097171e+00,6.486176135512634744e+01,-1.710806977754645075e+00,0.000000000000000000e+00,5.985000000000000142e+01,6.279299999999999926e+01,5.000000000000000000e+01,0.000000000000000000e+00
5.310000000000000000e+02,5.437246961649449162e+01,-8.800516869484097171e+00,6.480910085853420810e+01,-1.636114372555616425e+00,0.000000000000000000e+00,5.985000000000000142e+01,6.279299999999999926e+01,5.000000000000000000e+01,0.000000000000000000e+00
5.320000000000000000e+02,5.439124069954796425e+01,-8.800516869484097171e+00,6.475644036194206876e+01,-1.564682792910002451e+00,0.000000000000000000e+00,5.985000000000000142e+01,6.279299999999999926e+01,5.000000000000000000e+01,0.000000000000000000e+00
5.330000000000000000e+02,5.440689313108400427e+01,-8.800516869484097171e+00,6.470377986534992942e+01,-1.496369864781823322e+00,0.000000000000000000e+00,5.985000000000000142e+01,6.279299999999999926e+01,5.000000000000000000e+01,0.000000000000000000e+00
5.340000000000000000e+02,5.423178765652971123e+01,-8.896207165040850740e+00,6.465054677756141643e+01,-1.522551955990858019e+00,0.000000000000000000e+00,5.985000000000000142e+01,6.282500000000000284e+01,5.000000000000000000e+01,0.000000000000000000e+00
5.350000000000000000e+02,5.348805846246895612e+01,-9.281958669003959272e+00,6.459500543151249019e+01,-1.824988300039577460e+00,0.000000000000000000e+00,5.985000000000000142e+01,6.295400000000000063e+01,5.000000000000000000e+01,0.000000000000000000e+00
5.360000000000000000e+02,5.313077598926168577e+01,-9.476329581853583761e+00,6.453830100959591221e+01,-1.931195438480640458e+00,0.000000000000000000e+00,5.985000000000000142e+01,6.301899999999999835e+01,5.000000000000000000e+01,0.000000000000000000e+00
5.370000000000000000e+02,5.278283534929648368e+01,-9.667710172967067805e+00,6.448045140528657271e+01,-2.029905883023017221e+00,0.000000000000000000e+00,5.985000000000000142e+01,6.308299999999999841e+01,5.000000000000000000e+01,0.000000000000000000e+00
5.380000000000000000e+02,5.357057961173492799e+01,-9.281958669003959272e+00,6.442491005923764646e+01,-1.572371778498766304e+00,0.000000000000000000e+00,5.985000000000000142e+01,6.295400000000000063e+01,5.000000000000000000e+01,0.000000000000000000e+00
5.390000000000000000e+02,5.263894184445968705e+01,-9.763400468523821374e+00,6.436648786373193332e+01,-1.964145550748429114e+00,0.000000000000000000e+00,5.985000000000000142e+01,6.311500000000000199e+01,5.000000000000000000e+01,0.000000000000000000e+00
5.400000000000000000e+02,5.322959907246935529e+01,-9.476329581853583761e+00,6.430978344181535533e+01,-1.603854787492412726e+00,0.000000000000000000e+00,5.985000000000000142e+01,6.301899999999999835e+01,5.000000000000000000e+01,0.000000000000000000e+00
5.410000000000000000e+02,5.286736697453854106e+01,-9.667710172967067805e+00,6.425193383750601583e+01,-1.716856690000401864e+00,0.000000000000000000e+00,5.985000000000000142e+01,6.308299999999999841e+01,5.000000000000000000e+01,0.000000000000000000e+00
5.420000000000000000e+02,5.269669868886378339e+01,-9.763400468523821374e+00,6.419351164200030269e+01,-1.733412484612696591e+00,0.000000000000000000e+00,5.985000000000000142e+01,6.311500000000000199e+01,5.000000000000000000e+01,0.000000000000000000e+00
5.430000000000000000e+02,5.271395603876779035e+01,-9.763400468523821374e+00,6.413508944649458954e+01,-1.657732939202979594e+00,0.000000000000000000e+00,5.985000000000000142e+01,6.311500000000000199e+01,5.000000000000000000e+01,0.000000000000000000e+00
5.440000000000000000e+02,5.272790927401688066e+01,-9.763400468523821374e+00,6.407666725098887639e+01,-1.585357508448177466e+00,0.000000000000000000e+00,5.985000000000000142e+01,6.311500000000000199e+01,5.000000000000000000e+01,0.000000000000000000e+00
5.450000000000000000e+02,5.273870264988629231e+01,-9.763400468523821374e+00,6.401824505548316324e+01,-1.516141937073054224e+00,0.000000000000000000e+00,5.985000000000000142e+01,6.311500000000000199e+01,5.000000000000000000e+01,0.000000000000000000e+00
5.460000000000000000e+02,5.274647412356944187e+01,-9.763400468523821374e+00,6.395982285997745009e+01,-1.449948267884191955e+00,0.000000000000000000e+00,5.985000000000000142e+01,6.311500000000000199e+01,5.000000000000000000e+01,0.000000000000000000e+00
5.470000000000000000e+02,5.275135562914766041e+01,-9.763400468523821374e+00,6.390140066447173695e+01,-1.386644566800257383e+00,0.000000000000000000e+00,5.985000000000000142e+01,6.311500000000000199e+01,5.000000000000000000e+01,0.000000000000000000e+00
5.480000000000000000e+02,5.237205453358809848e+01,-9.957771381373445863e+00,6.384181539309837206e+01,-1.511989478136824827e+00,0.000000000000000000e+00,5.985000000000000142e+01,6.317999999999999972e+01,5.000000000000000000e+01,0.000000000000000000e+00
5.490000000000000000e+02,5.275990044499255305e+01,-9.763400468523821374e+00,6.378339319759265891e+01,-1.260092284076285818e+00,0.000000000000000000e+00,5.985000000000000142e+01,6.311500000000000199e+01,5.000000000000000000e+01,0.000000000000000000e+00
5.500000000000000000e+02,5.275649297453336573e+01,-9.763400468523821374e+00,6.372497100208694576e+01,-1.205077559029758438e+00,0.000000000000000000e+00,5.985000000000000142e+01,6.311500000000000199e+01,5.000000000000000000e+01,0.000000000000000000e+00
5.510000000000000000e+02,5.236926479368311504e+01,-9.957771381373445863e+00,6.366538573071358087e+01,-1.338349555657017298e+00,0.000000000000000000e+00,5.985000000000000142e+01,6.317999999999999972e+01,5.000000000000000000e+01,0.000000000000000000e+00
5.520000000000000000e+02,5.218033549102575819e+01,-1.005346167693019943e+01,6.360522786814383522e+01,-1.371430700187881602e+00,0.000000000000000000e+00,5.985000000000000142e+01,6.321200000000000330e+01,5.000000000000000000e+01,0.000000000000000000e+00
5.530000000000000000e+02,5.218005330886818882e+01,-1.005346167693019943e+01,6.354507000557408958e+01,-1.311555019775703768e+00,0.000000000000000000e+00,5.985000000000000142e+01,6.321200000000000330e+01,5.000000000000000000e+01,0.000000000000000000e+00
5.540000000000000000e+02,5.217715699746272406e+01,-1.005346167693019943e+01,6.348491214300434393e+01,-1.254293468611420215e+00,0.000000000000000000e+00,5.985000000000000142e+01,6.321200000000000330e+01,5.000000000000000000e+01,0.000000000000000000e+00
5.550000000000000000e+02,5.274095490744426229e+01,-9.763400468523821374e+00,6.342648994749863078e+01,-9.221345715305513391e-01,0.000000000000000000e+00,5.985000000000000142e+01,6.311500000000000199e+01,5.000000000000000000e+01,0.000000000000000000e+00
5.560000000000000000e+02,5.272279244572926871e+01,-9.763400468523821374e+00,6.336806775199291764e+01,-8.818748377398321070e-01,0.000000000000000000e+00,5.985000000000000142e+01,6.311500000000000199e+01,5.000000000000000000e+01,0.000000000000000000e+00
5.570000000000000000e+02,5.270287227292205046e+01,-9.763400468523821374e+00,6.330964555648720449e+01,-8.433728150413337676e-01,0.000000000000000000e+00,5.985000000000000142e+01,6.311500000000000199e+01,5.000000000000000000e+01,0.000000000000000000e+00
5.580000000000000000e+02,5.268127112942779888e+01,-9.763400468523821374e+00,6.325122336098149134e+01,-8.065517630298718599e-01,0.000000000000000000e+00,5.985000000000000142e+01,6.311500000000000199e+01,5.000000000000000000e+01,0.000000000000000000e+00
5.590000000000000000e+02,5.265806240522066162e+01,-9.763400468523821374e+00,6.319280116547577819e+01,-7.713382917312935350e-01,0.000000000000000000e+00,5.985000000000000142e+01,6.311500000000000199e+01,5.000000000000000000e+01,0.000000000000000000e+00
5.600000000000000000e+02,5.263331628612118607e+01,-9.763400468523821374e+00,6.313437896997006504e+01,-7.376622153250624869e-01,0.000000000000000000e+00,5.985000000000000142e+01,6.311500000000000199e+01,5.000000000000000000e+01,0.000000000000000000e+00
5.610000000000000000e+02,5.260709989368731954e+01,-9.763400468523821374e+00,6.307595677446435189e+01,-7.054564122532108739e-01,0.000000000000000000e+00,5.985000000000000142e+01,6.311500000000000199e+01,5.000000000000000000e+01,0.000000000000000000e+00
5.620000000000000000e+02,5.257947741899798189e+01,-9.763400468523821374e+00,6.301753457895863875e+01,-6.746566914368341550e-01,0.000000000000000000e+00,5.985000000000000142e+01,6.311500000000000199e+01,5.000000000000000000e+01,0.000000000000000000e+00
5.630000000000000000e+02,5.255051025059562875e+01,-9.763400468523821374e+00,6.295911238345292560e+01,-6.452016643334776980e-01,0.000000000000000000e+00,5.985000000000000142e+01,6.311500000000000199e+01,5.000000000000000000e+01,0.000000000000000000e+00
5.640000000000000000e+02,5.252025709684298960e+01,-9.763400468523821374e+00,6.290069018794721245e+01,-6.170326225804061426e-01,0.000000000000000000e+00,5.985000000000000142e+01,6.311500000000000199e+01,5.000000000000000000e+01,0.000000000000000000e+00
5.650000000000000000e+02,5.286432492825902330e+01,-9.572019877410337330e+00,6.284341317483426081e+01,-4.070683691649071845e-01,0.000000000000000000e+00,5.985000000000000142e+01,6.305100000000000193e+01,5.000000000000000000e+01,0.000000000000000000e+00
5.660000000000000000e+02,5.282482022808516575e+01,-9.572019877410337330e+00,6.278613616172130918e+01,-3.892960562258098722e-01,0.000000000000000000e+00,5.985000000000000142e+01,6.305100000000000193e+01,5.000000000000000000e+01,0.000000000000000000e+00
5.670000000000000000e+02,5.259676418881886661e+01,-9.667710172967067805e+00,6.272828655741197679e+01,-4.638121956260389256e-01,0.000000000000000000e+00,5.985000000000000142e+01,6.308299999999999841e+01,5.000000000000000000e+01,0.000000000000000000e+00
5.680000000000000000e+02,5.237138887953940269e+01,-9.763400468523821374e+00,6.266986436190626364e+01,-5.350750138430406810e-01,0.000000000000000000e+00,5.985000000000000142e+01,6.311500000000000199e+01,5.000000000000000000e+01,0.000000000000000000e+00
5.690000000000000000e+02,5.233632767523872786e+01,-9.763400468523821374e+00,6.261144216640055049e+01,-5.117140226380031409e-01,0.000000000000000000e+00,5.985000000000000142e+01,6.311500000000000199e+01,5.000000000000000000e+01,0.000000000000000000e+00
5.700000000000000000e+02,5.230024654682281238e+01,-9.763400468523821374e+00,6.255301997089483734e+01,-4.893729555482074223e-01,0.000000000000000000e+00,5.985000000000000142e+01,6.311500000000000199e+01,5.000000000000000000e+01,0.000000000000000000e+00
5.710000000000000000e+02,5.226319002344676079e+01,-9.763400468523821374e+00,6.249459777538912419e+01,-4.680072834185451947e-01,0.000000000000000000e+00,5.985000000000000142e+01,6.311500000000000199e+01,5.000000000000000000e+01,0.000000000000000000e+00
5.720000000000000000e+02,5.222520069015472188e+01,-9.763400468523821374e+00,6.243617557988341105e+01,-4.475744212048720083e-01,0.000000000000000000e+00,5.985000000000000142e+01,6.311500000000000199e+01,5.000000000000000000e+01,0.000000000000000000e+00
5.730000000000000000e+02,5.218631927275836091e+01,-9.763400468523821374e+00,6.237775338437769790e+01,-4.280336430955172800e-01,0.000000000000000000e+00,5.985000000000000142e+01,6.311500000000000199e+01,5.000000000000000000e+01,0.000000000000000000e+00
5.740000000000000000e+02,5.214658471900963832e+01,-9.763400468523821374e+00,6.231933118887198475e+01,-4.093460013385285534e-01,0.000000000000000000e+00,5.985000000000000142e+01,6.311500000000000199e+01,5.000000000000000000e+01,0.000000000000000000e+00
5.750000000000000000e+02,5.210603427622959316e+01,-9.763400468523821374e+00,6.226090899336627160e+01,-3.914742486128597321e-01,0.000000000000000000e+00,5.985000000000000142e+01,6.311500000000000199e+01,5.000000000000000000e+01,0.000000000000000000e+00
5.760000000000000000e+02,5.168328475858110949e+01,-9.957771381373445863e+00,6.220132372199290671e+01,-5.602675820383529182e-01,0.000000000000000000e+00,5.985000000000000142e+01,6.317999999999999972e+01,5.000000000000000000e+01,0.000000000000000000e+00
5.770000000000000000e+02,5.202957917483217187e+01,-9.763400468523821374e+00,6.214290152648719356e+01,-3.499218831312017608e-01,0.000000000000000000e+00,5.985000000000000142e+01,6.311500000000000199e+01,5.000000000000000000e+01,0.000000000000000000e+00
5.780000000000000000e+02,5.179865890502552617e+01,-9.859090764080551850e+00,6.208390673978509966e+01,-4.261570706790211438e-01,0.000000000000000000e+00,5.985000000000000142e+01,6.314699999999999847e+01,5.000000000000000000e+01,0.000000000000000000e+00
5.790000000000000000e+02,5.194604524293568915e+01,-9.763400468523821374e+00,6.202548454427938651e+01,-3.160388328198792673e-01,0.000000000000000000e+00,5.985000000000000142e+01,6.311500000000000199e+01,5.000000000000000000e+01,0.000000000000000000e+00
5.800000000000000000e+02,5.190142107612305011e+01,-9.763400468523821374e+00,6.196706234877367336e+01,-3.022408041268010437e-01,0.000000000000000000e+00,5.985000000000000142e+01,6.311500000000000199e+01,5.000000000000000000e+01,0.000000000000000000e+00
5.810000000000000000e+02,5.185619449727732899e+01,-9.763400468523821374e+00,6.190864015326796022e+01,-2.890451874668146792e-01,0.000000000000000000e+00,5.985000000000000142e+01,6.311500000000000199e+01,5.000000000000000000e+01,0.000000000000000000e+00
5.820000000000000000e+02,5.086564676232696058e+01,-1.024484226804368170e+01,6.184733710830545306e+01,-7.368480779348109966e-01,0.000000000000000000e+00,5.985000000000000142e+01,6.327600000000000335e+01,5.000000000000000000e+01,0.000000000000000000e+00
5.830000000000000000e+02,5.102428938844258965e+01,-1.014915197248692991e+01,6.178660665453932666e+01,-6.131652936098035411e-01,0.000000000000000000e+00,5.985000000000000142e+01,6.324399999999999977e+01,5.000000000000000000e+01,0.000000000000000000e+00
5.840000000000000000e+02,5.080255387880819029e+01,-1.024484226804368170e+01,6.172530360957681950e+01,-6.779074627249442875e-01,0.000000000000000000e+00,5.985000000000000142e+01,6.327600000000000335e+01,5.000000000000000000e+01,0.000000000000000000e+00
5.850000000000000000e+02,5.038942898032430406e+01,-1.043921318089330796e+01,6.166283748874666770e+01,-8.341953275290492353e-01,0.000000000000000000e+00,5.985000000000000142e+01,6.334100000000000108e+01,5.000000000000000000e+01,0.000000000000000000e+00
5.860000000000000000e+02,4.998783240366417147e+01,-1.063059377200679201e+01,6.159922618552375440e+01,-9.808000098527901445e-01,0.000000000000000000e+00,5.985000000000000142e+01,6.340500000000000114e+01,5.000000000000000000e+01,0.000000000000000000e+00
5.870000000000000000e+02,5.053036836316038460e+01,-1.034352288533655440e+01,6.153733265588998336e+01,-6.634414073930439137e-01,0.000000000000000000e+00,5.985000000000000142e+01,6.330899999999999750e+01,5.000000000000000000e+01,0.000000000000000000e+00
5.880000000000000000e+02,5.049744020937522748e+01,-1.034352288533655440e+01,6.147543912625621232e+01,-6.344760315444287757e-01,0.000000000000000000e+00,5.985000000000000142e+01,6.330899999999999750e+01,5.000000000000000000e+01,0.000000000000000000e+00
5.890000000000000000e+02,5.027547203540162712e+01,-1.043921318089330796e+01,6.141297300542606052e+01,-6.982877891311223273e-01,0.000000000000000000e+00,5.985000000000000142e+01,6.334100000000000108e+01,5.000000000000000000e+01,0.000000000000000000e+00
5.900000000000000000e+02,5.005571724578501858e+01,-1.053490347645003844e+01,6.134993429339952797e+01,-7.593135711644724006e-01,0.000000000000000000e+00,5.985000000000000142e+01,6.337299999999999756e+01,5.000000000000000000e+01,0.000000000000000000e+00
5.910000000000000000e+02,4.964441081252522991e+01,-1.072927438929968602e+01,6.128573250550535079e+01,-9.120473036804284117e-01,0.000000000000000000e+00,5.985000000000000142e+01,6.343800000000000239e+01,5.000000000000000000e+01,0.000000000000000000e+00
5.920000000000000000e+02,5.000144716251162436e+01,-1.053490347645003844e+01,6.122269379347881824e+01,-6.863431545171555515e-01,0.000000000000000000e+00,5.985000000000000142e+01,6.337299999999999756e+01,5.000000000000000000e+01,0.000000000000000000e+00
5.930000000000000000e+02,4.958695489321498684e+01,-1.072927438929968602e+01,6.115849200558464105e+01,-8.422627230699740730e-01,0.000000000000000000e+00,5.985000000000000142e+01,6.343800000000000239e+01,5.000000000000000000e+01,0.000000000000000000e+00
5.940000000000000000e+02,4.955952569151325804e+01,-1.072927438929968602e+01,6.109429021769046386e+01,-8.054901368775259085e-01,0.000000000000000000e+00,5.985000000000000142e+01,6.343800000000000239e+01,5.000000000000000000e+01,0.000000000000000000e+00
5.950000000000000000e+02,4.953049102508153112e+01,-1.072927438929968602e+01,6.103008842979628668e+01,-7.703230154150758624e-01,0.000000000000000000e+00,5.985000000000000142e+01,6.343800000000000239e+01,5.000000000000000000e+01,0.000000000000000000e+00
5.960000000000000000e+02,4.949992098735804547e+01,-1.072927438929968602e+01,6.096588664190210949e+01,-7.366912652443823317e-01,0.000000000000000000e+00,5.985000000000000142e+01,6.343800000000000239e+01,5.000000000000000000e+01,0.000000000000000000e+00
5.970000000000000000e+02,4.946788261155182198e+01,-1.072927438929968602e+01,6.090168485400793230e+01,-7.045278531564272972e-01,0.000000000000000000e+00,5.985000000000000142e+01,6.343800000000000239e+01,5.000000000000000000e+01,0.000000000000000000e+00
5.980000000000000000e+02,4.943444000425007090e+01,-1.072927438929968602e+01,6.083748306611375511e+01,-6.737686725640044116e-01,0.000000000000000000e+00,5.985000000000000142e+01,6.343800000000000239e+01,5.000000000000000000e+01,0.000000000000000000e+00
5.990000000000000000e+02,4.939965447319238478e+01,-1.072927438929968602e+01,6.077328127821957793e+01,-6.443524157275103414e-01,0.000000000000000000e+00,5.985000000000000142e+01,6.343800000000000239e+01,5.000000000000000000e+01,0.000000000000000000e+00
6.000000000000000000e+02,5.107116730834888330e+01,-9.859090764080551850e+00,6.071428649151748402e+01,2.159715809119479024e-01,0.000000000000000000e+00,5.985000000000000142e+01,6.314699999999999847e+01,5.000000000000000000e+01,0.000000000000000000e+00
6.010000000000000000e+02,4.948880409280075554e+01,-1.063059377200679201e+01,6.065067518829457072e+01,-5.312773234870247219e-01,0.000000000000000000e+00,5.985000000000000142e+01,6.340500000000000114e+01,5.000000000000000000e+01,0.000000000000000000e+00
6.020000000000000000e+02,4.925474458204039507e+01,-1.072927438929968602e+01,6.058647340040039353e+01,-6.024544290603073282e-01,0.000000000000000000e+00,5.985000000000000142e+01,6.343800000000000239e+01,5.000000000000000000e+01,0.000000000000000000e+00
6.030000000000000000e+02,4.921684552227704756e+01,-1.072927438929968602e+01,6.052227161250621634e+01,-5.761517009294770952e-01,0.000000000000000000e+00,5.985000000000000142e+01,6.343800000000000239e+01,5.000000000000000000e+01,0.000000000000000000e+00
6.040000000000000000e+02,4.917779810427488485e+01,-1.072927438929968602e+01,6.045806982461203916e+01,-5.509973310374658428e-01,0.000000000000000000e+00,5.985000000000000142e+01,6.343800000000000239e+01,5.000000000000000000e+01,0.000000000000000000e+00
6.050000000000000000e+02,4.913765246453069580e+01,-1.072927438929968602e+01,6.039386803671786197e+01,-5.269411828874772663e-01,0.000000000000000000e+00,5.985000000000000142e+01,6.343800000000000239e+01,5.000000000000000000e+01,0.000000000000000000e+00
6.060000000000000000e+02,4.909645655061780189e+01,-1.072927438929968602e+01,6.032966624882368478e+01,-5.039353089061939794e-01,0.000000000000000000e+00,5.985000000000000142e+01,6.343800000000000239e+01,5.000000000000000000e+01,0.000000000000000000e+00
6.070000000000000000e+02,4.886648080409228356e+01,-1.082496468485641650e+01,6.026489186973312684e+01,-5.734463807844248917e-01,0.000000000000000000e+00,5.985000000000000142e+01,6.346999999999999886e+01,5.000000000000000000e+01,0.000000000000000000e+00
6.080000000000000000e+02,4.882674268255718886e+01,-1.082496468485641650e+01,6.020011749064256890e+01,-5.484101232289652073e-01,0.000000000000000000e+00,5.985000000000000142e+01,6.346999999999999886e+01,5.000000000000000000e+01,0.000000000000000000e+00
6.090000000000000000e+02,4.897368690864052354e+01,-1.072927438929968602e+01,6.013591570274839171e+01,-4.329544048081800378e-01,0.000000000000000000e+00,5.985000000000000142e+01,6.343800000000000239e+01,5.000000000000000000e+01,0.000000000000000000e+00
6.100000000000000000e+02,4.892838759942921456e+01,-1.072927438929968602e+01,6.007171391485421452e+01,-4.140519261253068906e-01,0.000000000000000000e+00,5.985000000000000142e+01,6.343800000000000239e+01,5.000000000000000000e+01,0.000000000000000000e+00
6.110000000000000000e+02,4.888226302156054714e+01,-1.072927438929968602e+01,6.000751212696003734e+01,-3.959747160997991178e-01,0.000000000000000000e+00,5.985000000000000142e+01,6.343800000000000239e+01,5.000000000000000000e+01,0.000000000000000000e+00
6.120000000000000000e+02,4.845979838035077591e+01,-1.092065498041317007e+01,5.994216515667309864e+01,-5.617117959091528778e-01,0.000000000000000000e+00,5.985000000000000142e+01,6.350200000000000244e+01,5.000000000000000000e+01,0.000000000000000000e+00
6.130000000000000000e+02,4.879452616938404930e+01,-1.072927438929968602e+01,5.987796336877892145e+01,-3.541628100951824676e-01,0.000000000000000000e+00,5.985000000000000142e+01,6.343800000000000239e+01,5.000000000000000000e+01,0.000000000000000000e+00
6.140000000000000000e+02,4.893943026998430668e+01,-1.063059377200679201e+01,5.981435206555600814e+01,-2.443280235649101240e-01,0.000000000000000000e+00,5.985000000000000142e+01,6.340500000000000114e+01,5.000000000000000000e+01,0.000000000000000000e+00
6.150000000000000000e+02,5.058820083020939506e+01,-9.763400468523821374e+00,5.975592987005029499e+01,5.956714286829187799e-01,0.000000000000000000e+00,5.985000000000000142e+01,6.311500000000000199e+01,5.000000000000000000e+01,0.000000000000000000e+00
6.160000000000000000e+02,5.050377204750274274e+01,-9.763400468523821374e+00,5.969750767454458185e+01,5.696648414819777129e-01,0.000000000000000000e+00,5.985000000000000142e+01,6.311500000000000199e+01,5.000000000000000000e+01,0.000000000000000000e+00
6.170000000000000000e+02,5.042047869373437408e+01,-9.763400468523821374e+00,5.963908547903886870e+01,5.447936832193283063e-01,0.000000000000000000e+00,5.985000000000000142e+01,6.311500000000000199e+01,5.000000000000000000e+01,0.000000000000000000e+00
6.180000000000000000e+02,5.015049578423090537e+01,-9.859090764080551850e+00,5.958009069233677479e+01,4.294958559746829829e-01,0.000000000000000000e+00,5.985000000000000142e+01,6.314699999999999847e+01,5.000000000000000000e+01,0.000000000000000000e+00
6.190000000000000000e+02,5.007274951660661344e+01,-9.859090764080551850e+00,5.952109590563468089e+01,4.107443750524812365e-01,0.000000000000000000e+00,5.985000000000000142e+01,6.314699999999999847e+01,5.000000000000000000e+01,0.000000000000000000e+00
6.200000000000000000e+02,4.999582192518577983e+01,-9.859090764080551850e+00,5.946210111893258699e+01,3.928115703337500264e-01,0.000000000000000000e+00,5.985000000000000142e+01,6.314699999999999847e+01,5.000000000000000000e+01,0.000000000000000000e+00
6.210000000000000000e+02,4.953825846018586532e+01,-1.005346167693019943e+01,5.940194325636284134e+01,1.897768807532248247e-01,0.000000000000000000e+00,5.985000000000000142e+01,6.321200000000000330e+01,5.000000000000000000e+01,0.000000000000000000e+00
6.220000000000000000e+02,4.852507003021267451e+01,-1.053490347645003844e+01,5.933890454433630879e+01,-2.789310376735926189e-01,0.000000000000000000e+00,5.985000000000000142e+01,6.337299999999999756e+01,5.000000000000000000e+01,0.000000000000000000e+00
6.230000000000000000e+02,4.884976007248801722e+01,-1.034352288533655440e+01,5.927701101470253775e+01,-8.372805687796261442e-02,0.000000000000000000e+00,5.985000000000000142e+01,6.330899999999999750e+01,5.000000000000000000e+01,0.000000000000000000e+00
6.240000000000000000e+02,4.841597122442409784e+01,-1.053490347645003844e+01,5.921397230267600520e+01,-2.630976018018683638e-01,0.000000000000000000e+00,5.985000000000000142e+01,6.337299999999999756e+01,5.000000000000000000e+01,0.000000000000000000e+00
6.250000000000000000e+02,4.912138879721612028e+01,-1.014915197248692991e+01,5.915324184890987880e+01,1.172989207931650624e-01,0.000000000000000000e+00,5.985000000000000142e+01,6.324399999999999977e+01,5.000000000000000000e+01,0.000000000000000000e+00
6.260000000000000000e+02,4.811079211177771953e+01,-1.063059377200679201e+01,5.908963054568696549e+01,-3.482446619024537338e-01,0.000000000000000000e+00,5.985000000000000142e+01,6.340500000000000114e+01,5.000000000000000000e+01,0.000000000000000000e+00
6.270000000000000000e+02,4.825016033329959697e+01,-1.053490347645003844e+01,5.902659183366043294e+01,-2.415280239107945870e-01,0.000000000000000000e+00,5.985000000000000142e+01,6.337299999999999756e+01,5.000000000000000000e+01,0.000000000000000000e+00
6.280000000000000000e+02,4.819766656150831352e+01,-1.053490347645003844e+01,5.896355312163390039e+01,-2.309830836755450978e-01,0.000000000000000000e+00,5.985000000000000142e+01,6.337299999999999756e+01,5.000000000000000000e+01,0.000000000000000000e+00
6.290000000000000000e+02,4.890168203748008580e+01,-1.014915197248692991e+01,5.890282266786777399e+01,1.480113420992411610e-01,0.000000000000000000e+00,5.985000000000000142e+01,6.324399999999999977e+01,5.000000000000000000e+01,0.000000000000000000e+00
6.300000000000000000e+02,4.845307070774450153e+01,-1.034352288533655440e+01,5.884092913823400295e+01,-4.433554515294366172e-02,0.000000000000000000e+00,5.985000000000000142e+01,6.330899999999999750e+01,5.000000000000000000e+01,0.000000000000000000e+00
6.310000000000000000e+02,4.763614320391465640e+01,-1.072927438929968602e+01,5.877672735033982576e+01,-4.113097571254814011e-01,0.000000000000000000e+00,5.985000000000000142e+01,6.343800000000000239e+01,5.000000000000000000e+01,0.000000000000000000e+00
6.320000000000000000e+02,4.854051193150919374e+01,-1.024484226804368170e+01,5.871542430537731860e+01,6.992989417555967036e-02,0.000000000000000000e+00,5.985000000000000142e+01,6.327600000000000335e+01,5.000000000000000000e+01,0.000000000000000000e+00
6.330000000000000000e+02,4.790696157791202836e+01,-1.053490347645003844e+01,5.865238559335078605e+01,-2.105205389887155332e-01,0.000000000000000000e+00,5.985000000000000142e+01,6.337299999999999756e+01,5.000000000000000000e+01,0.000000000000000000e+00
6.340000000000000000e+02,4.766533862891530759e+01,-1.063059377200679201e+01,5.858877429012787275e+01,-2.928418892057736422e-01,0.000000000000000000e+00,5.985000000000000142e+01,6.340500000000000114e+01,5.000000000000000000e+01,0.000000000000000000e+00
6.350000000000000000e+02,4.855925763741904433e+01,-1.014915197248692991e+01,5.852804383636174634e+01,1.803657735442280585e-01,0.000000000000000000e+00,5.985000000000000142e+01,6.324399999999999977e+01,5.000000000000000000e+01,0.000000000000000000e+00
6.360000000000000000e+02,4.849065254338669462e+01,-1.014915197248692991e+01,5.846731338259561994e+01,1.724911332780083018e-01,0.000000000000000000e+00,5.985000000000000142e+01,6.324399999999999977e+01,5.000000000000000000e+01,0.000000000000000000e+00
6.370000000000000000e+02,4.823461583783794282e+01,-1.024484226804368170e+01,5.840601033763311278e+01,7.344776824851061148e-02,0.000000000000000000e+00,5.985000000000000142e+01,6.327600000000000335e+01,5.000000000000000000e+01,0.000000000000000000e+00
6.380000000000000000e+02,4.778868730904329709e+01,-1.043921318089330796e+01,5.834354421680296099e+01,-1.156437268663503826e-01,0.000000000000000000e+00,5.985000000000000142e+01,6.334100000000000108e+01,5.000000000000000000e+01,0.000000000000000000e+00
6.390000000000000000e+02,4.735571928503621564e+01,-1.063059377200679201e+01,5.827993291358004768e+01,-2.936198565370439773e-01,0.000000000000000000e+00,5.985000000000000142e+01,6.340500000000000114e+01,5.000000000000000000e+01,0.000000000000000000e+00
6.400000000000000000e+02,4.786825345206862181e+01,-1.034352288533655440e+01,5.821803938394627664e+01,-6.263046541100825149e-03,0.000000000000000000e+00,5.985000000000000142e+01,6.330899999999999750e+01,5.000000000000000000e+01,0.000000000000000000e+00
6.410000000000000000e+02,4.875724638914761755e+01,-9.859090764080551850e+00,5.815904459724418274e+01,4.572925559839927656e-01,0.000000000000000000e+00,5.985000000000000142e+01,6.314699999999999847e+01,5.000000000000000000e+01,0.000000000000000000e+00
6.420000000000000000e+02,4.886606195020475951e+01,-9.763400468523821374e+00,5.810062240173846959e+01,5.288400169901112946e-01,0.000000000000000000e+00,5.985000000000000142e+01,6.311500000000000199e+01,5.000000000000000000e+01,0.000000000000000000e+00
6.430000000000000000e+02,4.878455097898319792e+01,-9.763400468523821374e+00,5.804220020623275644e+01,5.057512412742601882e-01,0.000000000000000000e+00,5.985000000000000142e+01,6.311500000000000199e+01,5.000000000000000000e+01,0.000000000000000000e+00
6.440000000000000000e+02,4.907959887246514086e+01,-9.572019877410337330e+00,5.798492319311980481e+01,6.666955567556717144e-01,0.000000000000000000e+00,5.985000000000000142e+01,6.305100000000000193e+01,5.000000000000000000e+01,0.000000000000000000e+00
6.450000000000000000e+02,5.050715367425332403e+01,-8.800516869484097171e+00,5.793226269652767257e+01,1.375407847209748846e+00,0.000000000000000000e+00,5.985000000000000142e+01,6.279299999999999926e+01,5.000000000000000000e+01,0.000000000000000000e+00
6.460000000000000000e+02,5.039444385786351432e+01,-8.800516869484097171e+00,5.787960219993554034e+01,1.315358527412073153e+00,0.000000000000000000e+00,5.985000000000000142e+01,6.279299999999999926e+01,5.000000000000000000e+01,0.000000000000000000e+00
6.470000000000000000e+02,5.065990657701381394e+01,-8.609136278370613127e+00,5.782808688573616962e+01,1.440955969648254564e+00,0.000000000000000000e+00,5.985000000000000142e+01,6.272899999999999920e+01,5.000000000000000000e+01,0.000000000000000000e+00
6.480000000000000000e+02,5.149609318561412152e+01,-8.124704157114610581e+00,5.777947031446847603e+01,1.841327028260258736e+00,0.000000000000000000e+00,5.985000000000000142e+01,6.256700000000000017e+01,5.000000000000000000e+01,0.000000000000000000e+00
6.490000000000000000e+02,5.136708559738632829e+01,-8.124704157114610581e+00,5.773085374320078245e+01,1.760936011300151094e+00,0.000000000000000000e+00,5.985000000000000142e+01,6.256700000000000017e+01,5.000000000000000000e+01,0.000000000000000000e+00
6.500000000000000000e+02,5.161713864860221435e+01,-7.933323566001127425e+00,5.768338235432585037e+01,1.867079860277489844e+00,0.000000000000000000e+00,5.985000000000000142e+01,6.250300000000000011e+01,5.000000000000000000e+01,0.000000000000000000e+00
6.510000000000000000e+02,5.130037647993755456e+01,-8.029013861557858789e+00,5.763533837425453754e+01,1.694051967240873591e+00,0.000000000000000000e+00,5.985000000000000142e+01,6.253499999999999659e+01,5.000000000000000000e+01,0.000000000000000000e+00
6.520000000000000000e+02,5.136614681906564073e+01,-7.933323566001127425e+00,5.758786698537960547e+01,1.711603399687163796e+00,0.000000000000000000e+00,5.985000000000000142e+01,6.250300000000000011e+01,5.000000000000000000e+01,0.000000000000000000e+00
6.530000000000000000e+02,5.105617264112093068e+01,-8.029013861557858789e+00,5.753982300530829264e+01,1.545363497370492611e+00,0.000000000000000000e+00,5.985000000000000142e+01,6.253499999999999659e+01,5.000000000000000000e+01,0.000000000000000000e+00
6.540000000000000000e+02,5.055924039253681457e+01,-8.223384774407504594e+00,5.749061594936932806e+01,1.292009217574991542e+00,0.000000000000000000e+00,5.985000000000000142e+01,6.260000000000000142e+01,5.000000000000000000e+01,0.000000000000000000e+00
6.550000000000000000e+02,5.121059477342227240e+01,-7.837633270444374745e+00,5.744371715169077675e+01,1.604510892175865955e+00,0.000000000000000000e+00,5.985000000000000142e+01,6.247099999999999653e+01,5.000000000000000000e+01,0.000000000000000000e+00
6.560000000000000000e+02,5.109364418137699460e+01,-7.837633270444374745e+00,5.739681835401222543e+01,1.534459097809137029e+00,0.000000000000000000e+00,5.985000000000000142e+01,6.247099999999999653e+01,5.000000000000000000e+01,0.000000000000000000e+00
6.570000000000000000e+02,5.060420117509260507e+01,-8.029013861557858789e+00,5.734877437394091260e+01,1.284440662709546377e+00,0.000000000000000000e+00,5.985000000000000142e+01,6.253499999999999659e+01,5.000000000000000000e+01,0.000000000000000000e+00
6.580000000000000000e+02,5.050007943723282011e+01,-8.029013861557858789e+00,5.730073039386959977e+01,1.228362904921080245e+00,0.000000000000000000e+00,5.985000000000000142e+01,6.253499999999999659e+01,5.000000000000000000e+01,0.000000000000000000e+00
6.590000000000000000e+02,5.077395683936529736e+01,-7.837633270444374745e+00,5.725383159619104845e+01,1.357758513618618768e+00,0.000000000000000000e+00,5.985000000000000142e+01,6.247099999999999653e+01,5.000000000000000000e+01,0.000000000000000000e+00
6.600000000000000000e+02,4.972303423418211565e+01,-8.319075069964236846e+00,5.720405194905570312e+01,8.380573550906507130e-01,0.000000000000000000e+00,5.985000000000000142e+01,6.263199999999999790e+01,5.000000000000000000e+01,0.000000000000000000e+00
6.610000000000000000e+02,4.906747138457561164e+01,-8.609136278370613127e+00,5.715253663485633240e+01,5.240710280898901452e-01,0.000000000000000000e+00,5.985000000000000142e+01,6.272899999999999920e+01,5.000000000000000000e+01,0.000000000000000000e+00
6.620000000000000000e+02,4.899307550529417199e+01,-8.609136278370613127e+00,5.710102132065696168e+01,5.011904630078244383e-01,0.000000000000000000e+00,5.985000000000000142e+01,6.272899999999999920e+01,5.000000000000000000e+01,0.000000000000000000e+00
6.630000000000000000e+02,4.854412774974692013e+01,-8.800516869484097171e+00,5.704836082406482944e+01,2.962837951661894120e-01,0.000000000000000000e+00,5.985000000000000142e+01,6.279299999999999926e+01,5.000000000000000000e+01,0.000000000000000000e+00
6.640000000000000000e+02,4.847853171523205873e+01,-8.800516869484097171e+00,5.699570032747269721e+01,2.833482572434584124e-01,0.000000000000000000e+00,5.985000000000000142e+01,6.279299999999999926e+01,5.000000000000000000e+01,0.000000000000000000e+00
6.650000000000000000e+02,4.841350043702205852e+01,-8.800516869484097171e+00,5.694303983088056498e+01,2.709774756255957096e-01,0.000000000000000000e+00,5.985000000000000142e+01,6.279299999999999926e+01,5.000000000000000000e+01,0.000000000000000000e+00
6.660000000000000000e+02,4.834900925826185869e+01,-8.800516869484097171e+00,5.689037933428843274e+01,2.591467934575254484e-01,0.000000000000000000e+00,5.985000000000000142e+01,6.279299999999999926e+01,5.000000000000000000e+01,0.000000000000000000e+00
6.670000000000000000e+02,4.809725918593634475e+01,-8.896207165040850740e+00,5.683714624649991976e+01,1.563201044772774551e-01,0.000000000000000000e+00,5.985000000000000142e+01,6.282500000000000284e+01,5.000000000000000000e+01,0.000000000000000000e+00
6.680000000000000000e+02,4.784942586188048352e+01,-8.991897460597581215e+00,5.678334056751502601e+01,5.798275496303977039e-02,0.000000000000000000e+00,5.985000000000000142e+01,6.285699999999999932e+01,5.000000000000000000e+01,0.000000000000000000e+00
6.690000000000000000e+02,4.779308869741469579e+01,-8.991897460597581215e+00,5.672953488853013226e+01,5.545126948214090801e-02,0.000000000000000000e+00,5.985000000000000142e+01,6.285699999999999932e+01,5.000000000000000000e+01,0.000000000000000000e+00
6.700000000000000000e+02,4.678624902919440842e+01,-9.476329581853583761e+00,5.667283046661356138e+01,-4.102518555655688126e-01,0.000000000000000000e+00,5.985000000000000142e+01,6.301899999999999835e+01,5.000000000000000000e+01,0.000000000000000000e+00
6.710000000000000000e+02,4.694109930325539182e+01,-9.377648964560689748e+00,5.661671652936825438e+01,-2.979682615521703215e-01,0.000000000000000000e+00,5.985000000000000142e+01,6.298599999999999710e+01,5.000000000000000000e+01,0.000000000000000000e+00
6.720000000000000000e+02,4.632880022689920452e+01,-9.667710172967067805e+00,5.655886692505892199e+01,-5.623565251926500030e-01,0.000000000000000000e+00,5.985000000000000142e+01,6.308299999999999841e+01,5.000000000000000000e+01,0.000000000000000000e+00
6.730000000000000000e+02,4.648327811766739615e+01,-9.572019877410337330e+00,5.650158991194597036e+01,-4.462919168682314419e-01,0.000000000000000000e+00,5.985000000000000142e+01,6.305100000000000193e+01,5.000000000000000000e+01,0.000000000000000000e+00
6.740000000000000000e+02,4.682690469641151054e+01,-9.377648964560689748e+00,5.644547597470066336e+01,-2.409223137284629834e-01,0.000000000000000000e+00,5.985000000000000142e+01,6.298599999999999710e+01,5.000000000000000000e+01,0.000000000000000000e+00
6.750000000000000000e+02,4.602433962224136366e+01,-9.763400468523821374e+00,5.638705377919495021e+01,-5.993136884297641798e-01,0.000000000000000000e+00,5.985000000000000142e+01,6.311500000000000199e+01,5.000000000000000000e+01,0.000000000000000000e+00
6.760000000000000000e+02,4.712460348999325532e+01,-9.186268373447207480e+00,5.633208502434240472e+01,-2.121316090194103055e-02,0.000000000000000000e+00,5.985000000000000142e+01,6.292199999999999704e+01,5.000000000000000000e+01,0.000000000000000000e+00
6.770000000000000000e+02,4.782753051881398676e+01,-8.800516869484097171e+00,5.627942452775027249e+01,3.486228605478152720e-01,0.000000000000000000e+00,5.985000000000000142e+01,6.279299999999999926e+01,5.000000000000000000e+01,0.000000000000000000e+00
6.780000000000000000e+02,4.738409857293495975e+01,-8.991897460597581215e+00,5.622561884876537874e+01,1.503771847671690198e-01,0.000000000000000000e+00,5.985000000000000142e+01,6.285699999999999932e+01,5.000000000000000000e+01,0.000000000000000000e+00
6.790000000000000000e+02,4.769927835927521187e+01,-8.800516869484097171e+00,5.617295835217324651e+01,3.268368765860671377e-01,0.000000000000000000e+00,5.985000000000000142e+01,6.279299999999999926e+01,5.000000000000000000e+01,0.000000000000000000e+00
6.800000000000000000e+02,4.763234839914642293e+01,-8.800516869484097171e+00,5.612029785558111428e+01,3.125674130494109915e-01,0.000000000000000000e+00,5.985000000000000142e+01,6.279299999999999926e+01,5.000000000000000000e+01,0.000000000000000000e+00
6.810000000000000000e+02,4.851078647850645353e+01,-8.319075069964236846e+00,5.607051820844576895e+01,7.593433400249218757e-01,0.000000000000000000e+00,5.985000000000000142e+01,6.263199999999999790e+01,5.000000000000000000e+01,0.000000000000000000e+00
6.820000000000000000e+02,4.937259949089907707e+01,-7.837633270444374745e+00,5.602361941076721763e+01,1.186613350576237735e+00,0.000000000000000000e+00,5.985000000000000142e+01,6.247099999999999653e+01,5.000000000000000000e+01,0.000000000000000000e+00
6.830000000000000000e+02,5.078783327026793870e+01,-7.066130262518155902e+00,5.598133712960948571e+01,1.872626403176613774e+00,0.000000000000000000e+00,5.985000000000000142e+01,6.221300000000000097e+01,5.000000000000000000e+01,0.000000000000000000e+00
6.840000000000000000e+02,5.104521227086441115e+01,-6.871759349668531414e+00,5.594021792431939843e+01,1.976753696213541689e+00,0.000000000000000000e+00,5.985000000000000142e+01,6.214800000000000324e+01,5.000000000000000000e+01,0.000000000000000000e+00
6.850000000000000000e+02,5.091778941745571530e+01,-6.871759349668531414e+00,5.589909871902931116e+01,1.890450048094932223e+00,0.000000000000000000e+00,5.985000000000000142e+01,6.214800000000000324e+01,5.000000000000000000e+01,0.000000000000000000e+00
6.860000000000000000e+02,5.211443038967365737e+01,-6.198936959035185268e+00,5.586200554558877940e+01,2.451361803120068128e+00,0.000000000000000000e+00,5.985000000000000142e+01,6.192300000000000182e+01,5.000000000000000000e+01,0.000000000000000000e+00
6.870000000000000000e+02,5.235173132565013532e+01,-6.004566046185539463e+00,5.582607544801589228e+01,2.530221923819777174e+00,0.000000000000000000e+00,5.985000000000000142e+01,6.185799999999999699e+01,5.000000000000000000e+01,0.000000000000000000e+00
6.880000000000000000e+02,5.239310896689782737e+01,-5.908875750628808099e+00,5.579071794163938591e+01,2.511266775887252667e+00,0.000000000000000000e+00,5.985000000000000142e+01,6.182600000000000051e+01,5.000000000000000000e+01,0.000000000000000000e+00
6.890000000000000000e+02,5.224811135484033997e+01,-5.908875750628808099e+00,5.575536043526287955e+01,2.401626670206268521e+00,0.000000000000000000e+00,5.985000000000000142e+01,6.182600000000000051e+01,5.000000000000000000e+01,0.000000000000000000e+00
6.900000000000000000e+02,5.192012513847299715e+01,-6.004566046185539463e+00,5.571943033768999243e+01,2.205260846968542410e+00,0.000000000000000000e+00,5.985000000000000142e+01,6.185799999999999699e+01,5.000000000000000000e+01,0.000000000000000000e+00
6.910000000000000000e+02,5.216346575984739076e+01,-5.813185455072055419e+00,5.568464542250986682e+01,2.292005792409574472e+00,0.000000000000000000e+00,5.985000000000000142e+01,6.179399999999999693e+01,5.000000000000000000e+01,0.000000000000000000e+00
6.920000000000000000e+02,5.202861351621211838e+01,-5.813185455072055419e+00,5.564986050732974121e+01,2.191938463954425487e+00,0.000000000000000000e+00,5.985000000000000142e+01,6.179399999999999693e+01,5.000000000000000000e+01,0.000000000000000000e+00
6.930000000000000000e+02,5.171035472768141972e+01,-5.908875750628808099e+00,5.561450300095323485e+01,2.004727477356997412e+00,0.000000000000000000e+00,5.985000000000000142e+01,6.182600000000000051e+01,5.000000000000000000e+01,0.000000000000000000e+00
6.940000000000000000e+02,5.177524767063250977e+01,-5.813185455072055419e+00,5.557971808577310924e+01,2.008715039931461721e+00,0.000000000000000000e+00,5.985000000000000142e+01,6.179399999999999693e+01,5.000000000000000000e+01,0.000000000000000000e+00
6.950000000000000000e+02,5.278528415560759868e+01,-5.236053359995461953e+00,5.554838661124615840e+01,2.472950904356898238e+00,0.000000000000000000e+00,5.985000000000000142e+01,6.160099999999999909e+01,5.000000000000000000e+01,0.000000000000000000e+00
6.960000000000000000e+02,5.227043459353903643e+01,-5.427433951108945998e+00,5.551590995432644604e+01,2.181958590321534608e+00,0.000000000000000000e+00,5.985000000000000142e+01,6.166499999999999915e+01,5.000000000000000000e+01,0.000000000000000000e+00
6.970000000000000000e+02,5.308744023500065623e+01,-4.945992151589084784e+00,5.548631414686352059e+01,2.547118239726216427e+00,0.000000000000000000e+00,5.985000000000000142e+01,6.150399999999999778e+01,5.000000000000000000e+01,0.000000000000000000e+00
6.980000000000000000e+02,5.313441448532841349e+01,-4.850301856032353420e+00,5.545729093059697590e+01,2.527425410763787461e+00,0.000000000000000000e+00,5.985000000000000142e+01,6.147200000000000131e+01,5.000000000000000000e+01,0.000000000000000000e+00
6.990000000000000000e+02,5.299504568897548040e+01,-4.850301856032353420e+00,5.542826771433043120e+01,2.417079830677401731e+00,0.000000000000000000e+00,5.985000000000000142e+01,6.147200000000000131e+01,5.000000000000000000e+01,0.000000000000000000e+00
7.000000000000000000e+02,5.324191330844656278e+01,-4.655930943182706727e+00,5.540040757393153825e+01,2.497436677697729479e+00,0.000000000000000000e+00,5.985000000000000142e+01,6.140699999999999648e+01,5.000000000000000000e+01,0.000000000000000000e+00
7.010000000000000000e+02,5.442531274480084846e+01,-3.983108552549382786e+00,5.537657346538219372e+01,3.031847831968039753e+00,0.000000000000000000e+00,5.985000000000000142e+01,6.118200000000000216e+01,5.000000000000000000e+01,0.000000000000000000e+00
7.020000000000000000e+02,5.408133492250183849e+01,-4.078798848106114150e+00,5.535216676563646843e+01,2.807967004971487324e+00,0.000000000000000000e+00,5.985000000000000142e+01,6.121399999999999864e+01,5.000000000000000000e+01,0.000000000000000000e+00
7.030000000000000000e+02,5.412210981060690784e+01,-3.983108552549382786e+00,5.532833265708712389e+01,2.776885706069164517e+00,0.000000000000000000e+00,5.985000000000000142e+01,6.118200000000000216e+01,5.000000000000000000e+01,0.000000000000000000e+00
7.040000000000000000e+02,5.397703886445799526e+01,-3.983108552549382786e+00,5.530449854853777936e+01,2.655648868469595136e+00,0.000000000000000000e+00,5.985000000000000142e+01,6.118200000000000216e+01,5.000000000000000000e+01,0.000000000000000000e+00
7.050000000000000000e+02,5.403090442596135290e+01,-3.884427935256488773e+00,5.528125492465970581e+01,2.634077436558136309e+00,0.000000000000000000e+00,5.985000000000000142e+01,6.114900000000000091e+01,5.000000000000000000e+01,0.000000000000000000e+00
7.060000000000000000e+02,5.389265887107016084e+01,-3.884427935256488773e+00,5.525801130078163226e+01,2.519075505545015137e+00,0.000000000000000000e+00,5.985000000000000142e+01,6.114900000000000091e+01,5.000000000000000000e+01,0.000000000000000000e+00
7.070000000000000000e+02,5.356579082367049693e+01,-3.983108552549382786e+00,5.523417719223228772e+01,2.314722183987590221e+00,0.000000000000000000e+00,5.985000000000000142e+01,6.118200000000000216e+01,5.000000000000000000e+01,0.000000000000000000e+00
7.080000000000000000e+02,5.344089760530799538e+01,-3.983108552549382786e+00,5.521034308368294319e+01,2.213663074174435419e+00,0.000000000000000000e+00,5.985000000000000142e+01,6.118200000000000216e+01,5.000000000000000000e+01,0.000000000000000000e+00
7.090000000000000000e+02,5.370183536214012321e+01,-3.788737639699736093e+00,5.518767205100124329e+01,2.302900950838612459e+00,0.000000000000000000e+00,5.985000000000000142e+01,6.111699999999999733e+01,5.000000000000000000e+01,0.000000000000000000e+00
7.100000000000000000e+02,5.452336637115184459e+01,-3.307295840179895752e+00,5.516788186777633740e+01,2.662780343555406048e+00,0.000000000000000000e+00,5.985000000000000142e+01,6.095600000000000307e+01,5.000000000000000000e+01,0.000000000000000000e+00
7.110000000000000000e+02,5.495651532821521812e+01,-3.017234631773518139e+00,5.514982735161545691e+01,2.823922608373280685e+00,0.000000000000000000e+00,5.985000000000000142e+01,6.085900000000000176e+01,5.000000000000000000e+01,0.000000000000000000e+00
7.120000000000000000e+02,5.481517037704765727e+01,-3.017234631773518139e+00,5.513177283545457641e+01,2.700632173366598998e+00,0.000000000000000000e+00,5.985000000000000142e+01,6.085900000000000176e+01,5.000000000000000000e+01,0.000000000000000000e+00
7.130000000000000000e+02,5.467920819781551245e+01,-3.017234631773518139e+00,5.511371831929369591e+01,2.582724510295332454e+00,0.000000000000000000e+00,5.985000000000000142e+01,6.085900000000000176e+01,5.000000000000000000e+01,0.000000000000000000e+00
7.140000000000000000e+02,5.454839378255804405e+01,-3.017234631773518139e+00,5.509566380313281542e+01,2.469964611198749438e+00,0.000000000000000000e+00,5.985000000000000142e+01,6.085900000000000176e+01,5.000000000000000000e+01,0.000000000000000000e+00
7.150000000000000000e+02,5.422885898928723236e+01,-3.115915249066412152e+00,5.507701880230067104e+01,2.267755436052973472e+00,0.000000000000000000e+00,5.985000000000000142e+01,6.089200000000000301e+01,5.000000000000000000e+01,0.000000000000000000e+00
7.160000000000000000e+02,5.430484880746585930e+01,-3.017234631773518139e+00,5.505896428613979054e+01,2.263119153099590886e+00,0.000000000000000000e+00,5.985000000000000142e+01,6.085900000000000176e+01,5.000000000000000000e+01,0.000000000000000000e+00
7.170000000000000000e+02,5.418798813279686044e+01,-3.017234631773518139e+00,5.504090976997891005e+01,2.164312994591468087e+00,0.000000000000000000e+00,5.985000000000000142e+01,6.085900000000000176e+01,5.000000000000000000e+01,0.000000000000000000e+00
7.180000000000000000e+02,5.388179786981178410e+01,-3.115915249066412152e+00,5.502226476914676567e+01,1.975448349731426578e+00,0.000000000000000000e+00,5.985000000000000142e+01,6.089200000000000301e+01,5.000000000000000000e+01,0.000000000000000000e+00
7.190000000000000000e+02,5.397054960565814952e+01,-3.017234631773518139e+00,5.500421025298588518e+01,1.983573984445780480e+00,0.000000000000000000e+00,5.985000000000000142e+01,6.085900000000000176e+01,5.000000000000000000e+01,0.000000000000000000e+00
7.200000000000000000e+02,5.367225027818152228e+01,-3.115915249066412152e+00,5.498556525215374080e+01,1.802600275094192961e+00,0.000000000000000000e+00,5.985000000000000142e+01,6.089200000000000301e+01,5.000000000000000000e+01,0.000000000000000000e+00
7.210000000000000000e+02,5.376854843695353736e+01,-3.017234631773518139e+00,5.496751073599286030e+01,1.818272332734197638e+00,0.000000000000000000e+00,5.985000000000000142e+01,6.085900000000000176e+01,5.000000000000000000e+01,0.000000000000000000e+00
7.220000000000000000e+02,5.328969064833136571e+01,-3.211605544623143516e+00,5.494829314396433517e+01,1.553003048990170054e+00,0.000000000000000000e+00,5.985000000000000142e+01,6.092399999999999949e+01,5.000000000000000000e+01,0.000000000000000000e+00
7.230000000000000000e+02,5.244570042512628305e+01,-3.597357048586252493e+00,5.492676729367539679e+01,1.116290180037137425e+00,0.000000000000000000e+00,5.985000000000000142e+01,6.105299999999999727e+01,5.000000000000000000e+01,0.000000000000000000e+00
7.240000000000000000e+02,5.313240777876779219e+01,-3.211605544623143516e+00,5.490754970164687165e+01,1.436463621744058727e+00,0.000000000000000000e+00,5.985000000000000142e+01,6.092399999999999949e+01,5.000000000000000000e+01,0.000000000000000000e+00
7.250000000000000000e+02,5.191795475802171467e+01,-3.788737639699736093e+00,5.488487866896517176e+01,8.218137287562762294e-01,0.000000000000000000e+00,5.985000000000000142e+01,6.111699999999999733e+01,5.000000000000000000e+01,0.000000000000000000e+00
7.260000000000000000e+02,5.147798512060091269e+01,-3.983108552549382786e+00,5.486104456041582722e+01,6.000491127344641518e-01,0.000000000000000000e+00,5.985000000000000142e+01,6.118200000000000216e+01,5.000000000000000000e+01,0.000000000000000000e+00
7.270000000000000000e+02,5.142795329830578055e+01,-3.983108552549382786e+00,5.483721045186648269e+01,5.738513989886820932e-01,0.000000000000000000e+00,5.985000000000000142e+01,6.118200000000000216e+01,5.000000000000000000e+01,0.000000000000000000e+00
7.280000000000000000e+02,5.137906524939676700e+01,-3.983108552549382786e+00,5.481337634331713815e+01,5.487974586290121914e-01,0.000000000000000000e+00,5.985000000000000142e+01,6.118200000000000216e+01,5.000000000000000000e+01,0.000000000000000000e+00
7.290000000000000000e+02,5.133127103754844711e+01,-3.983108552549382786e+00,5.478954223476779362e+01,5.248373553300380578e-01,0.000000000000000000e+00,5.985000000000000142e+01,6.118200000000000216e+01,5.000000000000000000e+01,0.000000000000000000e+00
7.300000000000000000e+02,5.109674749395895788e+01,-4.078798848106114150e+00,5.476513553502206832e+01,4.104108070430068089e-01,0.000000000000000000e+00,5.985000000000000142e+01,6.121399999999999864e+01,5.000000000000000000e+01,0.000000000000000000e+00
7.310000000000000000e+02,5.124219796549506611e+01,-3.983108552549382786e+00,5.474130142647272379e+01,4.840050915717209468e-01,0.000000000000000000e+00,5.985000000000000142e+01,6.118200000000000216e+01,5.000000000000000000e+01,0.000000000000000000e+00
7.320000000000000000e+02,5.119723254190599704e+01,-3.983108552549382786e+00,5.471746731792337926e+01,4.628737765320000142e-01,0.000000000000000000e+00,5.985000000000000142e+01,6.118200000000000216e+01,5.000000000000000000e+01,0.000000000000000000e+00
7.330000000000000000e+02,5.058986345838871301e+01,-4.270179439219598194e+00,5.469191543578489245e+01,1.681274618234162022e-01,0.000000000000000000e+00,5.985000000000000142e+01,6.127799999999999869e+01,5.000000000000000000e+01,0.000000000000000000e+00
7.340000000000000000e+02,5.055697125189313823e+01,-4.270179439219598194e+00,5.466636355364640565e+01,1.607871374663266406e-01,0.000000000000000000e+00,5.985000000000000142e+01,6.127799999999999869e+01,5.000000000000000000e+01,0.000000000000000000e+00
7.350000000000000000e+02,4.995520529906506368e+01,-4.560240647625975363e+00,5.463907600444389345e+01,-1.236300577528537392e-01,0.000000000000000000e+00,5.985000000000000142e+01,6.137500000000000000e+01,5.000000000000000000e+01,0.000000000000000000e+00
7.360000000000000000e+02,5.030886617480462064e+01,-4.368860056512491319e+00,5.461293363763414277e+01,6.479259368296366728e-02,0.000000000000000000e+00,5.985000000000000142e+01,6.131099999999999994e+01,5.000000000000000000e+01,0.000000000000000000e+00
7.370000000000000000e+02,4.990434418452007748e+01,-4.560240647625975363e+00,5.458564608843163057e+01,-1.210612562855764712e-01,0.000000000000000000e+00,5.985000000000000142e+01,6.137500000000000000e+01,5.000000000000000000e+01,0.000000000000000000e+00
7.380000000000000000e+02,4.912537245062132030e+01,-4.945992151589084784e+00,5.455605028096870512e+01,-4.846856787583070925e-01,0.000000000000000000e+00,5.985000000000000142e+01,6.150399999999999778e+01,5.000000000000000000e+01,0.000000000000000000e+00
7.390000000000000000e+02,4.911693767214637774e+01,-4.945992151589084784e+00,5.452645447350577967e+01,-4.635246497703194857e-01,0.000000000000000000e+00,5.985000000000000142e+01,6.150399999999999778e+01,5.000000000000000000e+01,0.000000000000000000e+00
7.400000000000000000e+02,4.910757901832819527e+01,-4.945992151589084784e+00,5.449685866604285422e+01,-4.432874961255803825e-01,0.000000000000000000e+00,5.985000000000000142e+01,6.150399999999999778e+01,5.000000000000000000e+01,0.000000000000000000e+00
7.410000000000000000e+02,4.909733682490139017e+01,-4.945992151589084784e+00,5.446726285857992877e+01,-4.239338820894547610e-01,0.000000000000000000e+00,5.985000000000000142e+01,6.150399999999999778e+01,5.000000000000000000e+01,0.000000000000000000e+00
7.420000000000000000e+02,4.908624966657137634e+01,-4.945992151589084784e+00,5.443766705111700333e+01,-4.054252329565422586e-01,0.000000000000000000e+00,5.985000000000000142e+01,6.150399999999999778e+01,5.000000000000000000e+01,0.000000000000000000e+00
7.430000000000000000e+02,4.907435443389959318e+01,-4.945992151589084784e+00,5.440807124365407788e+01,-3.877246581654040236e-01,0.000000000000000000e+00,5.985000000000000142e+01,6.150399999999999778e+01,5.000000000000000000e+01,0.000000000000000000e+00
7.440000000000000000e+02,4.906168640683202398e+01,-4.945992151589084784e+00,5.437847543619115243e+01,-3.707968777700459406e-01,0.000000000000000000e+00,5.985000000000000142e+01,6.150399999999999778e+01,5.000000000000000000e+01,0.000000000000000000e+00
7.450000000000000000e+02,4.904827932501753907e+01,-4.945992151589084784e+00,5.434887962872822698e+01,-3.546081521216037369e-01,0.000000000000000000e+00,5.985000000000000142e+01,6.150399999999999778e+01,5.000000000000000000e+01,0.000000000000000000e+00
7.460000000000000000e+02,4.903416545505614721e+01,-4.945992151589084784e+00,5.431928382126530153e+01,-3.391262146200753613e-01,0.000000000000000000e+00,5.985000000000000142e+01,6.150399999999999778e+01,5.000000000000000000e+01,0.000000000000000000e+00
7.470000000000000000e+02,4.901937565481122761e+01,-4.945992151589084784e+00,5.428968801380237608e+01,-3.243202074020646308e-01,0.000000000000000000e+00,5.985000000000000142e+01,6.150399999999999778e+01,5.000000000000000000e+01,0.000000000000000000e+00
7.480000000000000000e+02,4.900393943491401672e+01,-4.945992151589084784e+00,5.426009220633945063e+01,-3.101606198363517364e-01,0.000000000000000000e+00,5.985000000000000142e+01,6.150399999999999778e+01,5.000000000000000000e+01,0.000000000000000000e+00
7.490000000000000000e+02,4.898788501758274094e+01,-4.945992151589084784e+00,5.423049639887652518e+01,-2.966192297047029469e-01,0.000000000000000000e+00,5.985000000000000142e+01,6.150399999999999778e+01,5.000000000000000000e+01,0.000000000000000000e+00
7.500000000000000000e+02,4.840204517324635702e+01,-5.236053359995461953e+00,5.419916492434957433e+01,-5.610663911077555799e-01,0.000000000000000000e+00,5.985000000000000142e+01,6.160099999999999909e+01,5.000000000000000000e+01,0.000000000000000000e+00
7.510000000000000000e+02,4.877662826177467537e+01,-5.041682447145837465e+00,5.416899652569026813e+01,-3.506858167697544104e-01,0.000000000000000000e+00,5.985000000000000142e+01,6.153600000000000136e+01,5.000000000000000000e+01,0.000000000000000000e+00
7.520000000000000000e+02,4.876177055426958873e+01,-5.041682447145837465e+00,5.413882812703096192e+01,-3.353751256155365623e-01,0.000000000000000000e+00,5.985000000000000142e+01,6.153600000000000136e+01,5.000000000000000000e+01,0.000000000000000000e+00
7.530000000000000000e+02,4.836482558600680193e+01,-5.236053359995461953e+00,5.410749665250401108e+01,-5.066177065017516412e-01,0.000000000000000000e+00,5.985000000000000142e+01,6.160099999999999909e+01,5.000000000000000000e+01,0.000000000000000000e+00
7.540000000000000000e+02,4.798006185174236293e+01,-5.427433951108945998e+00,5.407501999558429873e+01,-6.675241927329921277e-01,0.000000000000000000e+00,5.985000000000000142e+01,6.166499999999999915e+01,5.000000000000000000e+01,0.000000000000000000e+00
7.550000000000000000e+02,4.835227964747115692e+01,-5.236053359995461953e+00,5.404368852105734788e+01,-4.553555135907312312e-01,0.000000000000000000e+00,5.985000000000000142e+01,6.160099999999999909e+01,5.000000000000000000e+01,0.000000000000000000e+00
7.560000000000000000e+02,4.834082866796443767e+01,-5.236053359995461953e+00,5.401235704653039704e+01,-4.354750185704968635e-01,0.000000000000000000e+00,5.985000000000000142e+01,6.160099999999999909e+01,5.000000000000000000e+01,0.000000000000000000e+00
7.570000000000000000e+02,4.870992852727560773e+01,-5.041682447145837465e+00,5.398218864787109084e+01,-2.305776734496464420e-01,0.000000000000000000e+00,5.985000000000000142e+01,6.153600000000000136e+01,5.000000000000000000e+01,0.000000000000000000e+00
7.580000000000000000e+02,4.793285735211888721e+01,-5.427433951108945998e+00,5.394971199095137848e+01,-5.894206877235491637e-01,0.000000000000000000e+00,5.985000000000000142e+01,6.166499999999999915e+01,5.000000000000000000e+01,0.000000000000000000e+00
7.590000000000000000e+02,4.773833896687390421e+01,-5.523124246665698678e+00,5.391666274283528537e+01,-6.551995292956822592e-01,0.000000000000000000e+00,5.985000000000000142e+01,6.169700000000000273e+01,5.000000000000000000e+01,0.000000000000000000e+00
7.600000000000000000e+02,4.716470104049453482e+01,-5.813185455072055419e+00,5.388187782765515976e+01,-9.039913320885630821e-01,0.000000000000000000e+00,5.985000000000000142e+01,6.179399999999999693e+01,5.000000000000000000e+01,0.000000000000000000e+00
7.610000000000000000e+02,4.698160832562766842e+01,-5.908875750628808099e+00,5.384652032127865340e+01,-9.560362450221787656e-01,0.000000000000000000e+00,5.985000000000000142e+01,6.182600000000000051e+01,5.000000000000000000e+01,0.000000000000000000e+00
7.620000000000000000e+02,4.680021526312255986e+01,-6.004566046185539463e+00,5.381059022370576628e+01,-1.005808914397666731e+00,0.000000000000000000e+00,5.985000000000000142e+01,6.185799999999999699e+01,5.000000000000000000e+01,0.000000000000000000e+00
7.630000000000000000e+02,4.699597347377687129e+01,-5.908875750628808099e+00,5.377523271732925991e+01,-8.703834929235798601e-01,0.000000000000000000e+00,5.985000000000000142e+01,6.182600000000000051e+01,5.000000000000000000e+01,0.000000000000000000e+00
7.640000000000000000e+02,4.586022784697390620e+01,-6.488998167441563325e+00,5.373640387682469566e+01,-1.387177862409226581e+00,0.000000000000000000e+00,5.985000000000000142e+01,6.202000000000000313e+01,5.000000000000000000e+01,0.000000000000000000e+00
7.650000000000000000e+02,4.531863595870420625e+01,-6.776069054111778733e+00,5.369585726273098913e+01,-1.601152249915003045e+00,0.000000000000000000e+00,5.985000000000000142e+01,6.211599999999999966e+01,5.000000000000000000e+01,0.000000000000000000e+00
7.660000000000000000e+02,4.516021909040521365e+01,-6.871759349668531414e+00,5.365473805744090185e+01,-1.622759617367160789e+00,0.000000000000000000e+00,5.985000000000000142e+01,6.214800000000000324e+01,5.000000000000000000e+01,0.000000000000000000e+00
7.670000000000000000e+02,4.518994840573082428e+01,-6.871759349668531414e+00,5.361361885215081458e+01,-1.551911096751461550e+00,0.000000000000000000e+00,5.985000000000000142e+01,6.214800000000000324e+01,5.000000000000000000e+01,0.000000000000000000e+00
7.680000000000000000e+02,4.502294113117170582e+01,-6.970439966961404110e+00,5.357190916218946342e+01,-1.578528064056355928e+00,0.000000000000000000e+00,5.985000000000000142e+01,6.218099999999999739e+01,5.000000000000000000e+01,0.000000000000000000e+00
7.690000000000000000e+02,4.505014884394324071e+01,-6.970439966961404110e+00,5.353019947222811226e+01,-1.509610661323469882e+00,0.000000000000000000e+00,5.985000000000000142e+01,6.218099999999999739e+01,5.000000000000000000e+01,0.000000000000000000e+00
7.700000000000000000e+02,4.394182721474817299e+01,-7.547572062038018004e+00,5.348503634161358633e+01,-1.995637064827392004e+00,0.000000000000000000e+00,5.985000000000000142e+01,6.237400000000000233e+01,5.000000000000000000e+01,0.000000000000000000e+00
7.710000000000000000e+02,4.398379216657772162e+01,-7.547572062038018004e+00,5.343987321099906040e+01,-1.908508982383319674e+00,0.000000000000000000e+00,5.985000000000000142e+01,6.237400000000000233e+01,5.000000000000000000e+01,0.000000000000000000e+00
7.720000000000000000e+02,4.345275894921196169e+01,-7.837633270444374745e+00,5.339297441332050909e+01,-2.102582193664171317e+00,0.000000000000000000e+00,5.985000000000000142e+01,6.247099999999999653e+01,5.000000000000000000e+01,0.000000000000000000e+00
7.730000000000000000e+02,4.369130077587897887e+01,-7.738952653151502048e+00,5.334666610031322165e+01,-1.916412671282744284e+00,0.000000000000000000e+00,5.985000000000000142e+01,6.243800000000000239e+01,5.000000000000000000e+01,0.000000000000000000e+00
7.740000000000000000e+02,4.353501827082837394e+01,-7.837633270444374745e+00,5.329976730263467033e+01,-1.927115761361920532e+00,0.000000000000000000e+00,5.985000000000000142e+01,6.247099999999999653e+01,5.000000000000000000e+01,0.000000000000000000e+00
7.750000000000000000e+02,4.357225596464645179e+01,-7.837633270444374745e+00,5.325286850495611901e+01,-1.842979269865289149e+00,0.000000000000000000e+00,5.985000000000000142e+01,6.247099999999999653e+01,5.000000000000000000e+01,0.000000000000000000e+00
7.760000000000000000e+02,4.360582031961105542e+01,-7.837633270444374745e+00,5.320596970727756769e+01,-1.762516117222136858e+00,0.000000000000000000e+00,5.985000000000000142e+01,6.247099999999999653e+01,5.000000000000000000e+01,0.000000000000000000e+00
7.770000000000000000e+02,4.363587171106101437e+01,-7.837633270444374745e+00,5.315907090959901637e+01,-1.685565928093624821e+00,0.000000000000000000e+00,5.985000000000000142e+01,6.247099999999999653e+01,5.000000000000000000e+01,0.000000000000000000e+00
7.780000000000000000e+02,4.366256351246294543e+01,-7.837633270444374745e+00,5.311217211192046506e+01,-1.611975329013143776e+00,0.000000000000000000e+00,5.985000000000000142e+01,6.247099999999999653e+01,5.000000000000000000e+01,0.000000000000000000e+00
7.790000000000000000e+02,4.368604240110794024e+01,-7.837633270444374745e+00,5.306527331424191374e+01,-1.541597642689596093e+00,0.000000000000000000e+00,5.985000000000000142e+01,6.247099999999999653e+01,5.000000000000000000e+01,0.000000000000000000e+00
7.800000000000000000e+02,4.370644865046180882e+01,-7.837633270444374745e+00,5.301837451656336242e+01,-1.474292595657176852e+00,0.000000000000000000e+00,5.985000000000000142e+01,6.247099999999999653e+01,5.000000000000000000e+01,0.000000000000000000e+00
7.810000000000000000e+02,4.372391640975147453e+01,-7.837633270444374745e+00,5.297147571888481110e+01,-1.409926038688956718e+00,0.000000000000000000e+00,5.985000000000000142e+01,6.247099999999999653e+01,5.000000000000000000e+01,0.000000000000000000e+00
7.820000000000000000e+02,4.393221736565109836e+01,-7.738952653151502048e+00,5.292516740587752366e+01,-1.253997387074927916e+00,0.000000000000000000e+00,5.985000000000000142e+01,6.243800000000000239e+01,5.000000000000000000e+01,0.000000000000000000e+00
7.830000000000000000e+02,4.431620850418136115e+01,-7.547572062038018004e+00,5.288000427526299774e+01,-1.016223709043611700e+00,0.000000000000000000e+00,5.985000000000000142e+01,6.237400000000000233e+01,5.000000000000000000e+01,0.000000000000000000e+00
7.840000000000000000e+02,4.469096379691662690e+01,-7.356191470924533959e+00,5.283598632704123332e+01,-7.888310592000712385e-01,0.000000000000000000e+00,5.985000000000000142e+01,6.231000000000000227e+01,5.000000000000000000e+01,0.000000000000000000e+00
7.850000000000000000e+02,4.393028399613584156e+01,-7.738952653151502048e+00,5.278967801403394589e+01,-1.120441364746604496e+00,0.000000000000000000e+00,5.985000000000000142e+01,6.243800000000000239e+01,5.000000000000000000e+01,0.000000000000000000e+00
7.860000000000000000e+02,4.468399499987468459e+01,-7.356191470924533959e+00,5.274566006581218147e+01,-7.054735950129609190e-01,0.000000000000000000e+00,5.985000000000000142e+01,6.231000000000000227e+01,5.000000000000000000e+01,0.000000000000000000e+00
7.870000000000000000e+02,4.429522669733503903e+01,-7.547572062038018004e+00,5.270049693519765555e+01,-8.576981758245941778e-01,0.000000000000000000e+00,5.985000000000000142e+01,6.237400000000000233e+01,5.000000000000000000e+01,0.000000000000000000e+00
7.880000000000000000e+02,4.371831583407834643e+01,-7.837633270444374745e+00,5.265359813751910423e+01,-1.097649032996378171e+00,0.000000000000000000e+00,5.985000000000000142e+01,6.247099999999999653e+01,5.000000000000000000e+01,0.000000000000000000e+00
7.890000000000000000e+02,4.371933960565205268e+01,-7.837633270444374745e+00,5.260669933984055291e+01,-1.049726463744119709e+00,0.000000000000000000e+00,5.985000000000000142e+01,6.247099999999999653e+01,5.000000000000000000e+01,0.000000000000000000e+00
7.900000000000000000e+02,4.371827111223512929e+01,-7.837633270444374745e+00,5.255980054216200159e+01,-1.003896159482491557e+00,0.000000000000000000e+00,5.985000000000000142e+01,6.247099999999999653e+01,5.000000000000000000e+01,0.000000000000000000e+00
7.910000000000000000e+02,4.371520170061593547e+01,-7.837633270444374745e+00,5.251290174448345027e+01,-9.600667734231365102e-01,0.000000000000000000e+00,5.985000000000000142e+01,6.247099999999999653e+01,5.000000000000000000e+01,0.000000000000000000e+00
7.920000000000000000e+02,4.371021872944758258e+01,-7.837633270444374745e+00,5.246600294680489895e+01,-9.181509469129386369e-01,0.000000000000000000e+00,5.985000000000000142e+01,6.247099999999999653e+01,5.000000000000000000e+01,0.000000000000000000e+00
7.930000000000000000e+02,4.370340574336707107e+01,-7.837633270444374745e+00,5.241910414912634764e+01,-8.780651353149000471e-01,0.000000000000000000e+00,5.985000000000000142e+01,6.247099999999999653e+01,5.000000000000000000e+01,0.000000000000000000e+00
7.940000000000000000e+02,4.369484263951248693e+01,-7.837633270444374745e+00,5.237220535144779632e+01,-8.397294414909335369e-01,0.000000000000000000e+00,5.985000000000000142e+01,6.247099999999999653e+01,5.000000000000000000e+01,0.000000000000000000e+00
7.950000000000000000e+02,4.368460582677018778e+01,-7.837633270444374745e+00,5.232530655376924500e+01,-8.030674565546771504e-01,0.000000000000000000e+00,5.985000000000000142e+01,6.247099999999999653e+01,5.000000000000000000e+01,0.000000000000000000e+00
7.960000000000000000e+02,4.310944214008755182e+01,-8.124704157114610581e+00,5.227668998250155141e+01,-1.042543685299395673e+00,0.000000000000000000e+00,5.985000000000000142e+01,6.256700000000000017e+01,5.000000000000000000e+01,0.000000000000000000e+00
7.970000000000000000e+02,4.348189310344921665e+01,-7.933323566001127425e+00,5.222921859362661934e+01,-8.140019241762758151e-01,0.000000000000000000e+00,5.985000000000000142e+01,6.250300000000000011e+01,5.000000000000000000e+01,0.000000000000000000e+00
7.980000000000000000e+02,4.309440962924204399e+01,-8.124704157114610581e+00,5.218060202235892575e+01,-9.614882360022724006e-01,0.000000000000000000e+00,5.985000000000000142e+01,6.256700000000000017e+01,5.000000000000000000e+01,0.000000000000000000e+00
7.990000000000000000e+02,4.365109718250274540e+01,-7.837633270444374745e+00,5.213370322468037443e+01,-6.449727717332545129e-01,0.000000000000000000e+00,5.985000000000000142e+01,6.247099999999999653e+01,5.000000000000000000e+01,0.000000000000000000e+00
8.000000000000000000e+02,4.363235743329056504e+01,-7.837633270444374745e+00,5.208680442700182311e+01,-6.168137232668855496e-01,0.000000000000000000e+00,5.985000000000000142e+01,6.247099999999999653e+01,5.000000000000000000e+01,0.000000000000000000e+00
8.010000000000000000e+02,4.361238828022556646e+01,-7.837633270444374745e+00,5.203990562932327180e+01,-5.898840786533342539e-01,0.000000000000000000e+00,5.985000000000000142e+01,6.247099999999999653e+01,5.000000000000000000e+01,0.000000000000000000e+00
8.020000000000000000e+02,4.359124339819790350e+01,-7.837633270444374745e+00,5.199300683164472048e+01,-5.641301630024447844e-01,0.000000000000000000e+00,5.985000000000000142e+01,6.247099999999999653e+01,5.000000000000000000e+01,0.000000000000000000e+00
8.030000000000000000e+02,4.356897411869054082e+01,-7.837633270444374745e+00,5.194610803396616916e+01,-5.395006448312555936e-01,0.000000000000000000e+00,5.985000000000000142e+01,6.247099999999999653e+01,5.000000000000000000e+01,0.000000000000000000e+00
8.040000000000000000e+02,4.354562953209072163e+01,-7.837633270444374745e+00,5.189920923628761784e+01,-5.159464337525224709e-01,0.000000000000000000e+00,5.985000000000000142e+01,6.247099999999999653e+01,5.000000000000000000e+01,0.000000000000000000e+00
8.050000000000000000e+02,4.352125658553460852e+01,-7.837633270444374745e+00,5.185231043860906652e+01,-4.934205826300875342e-01,0.000000000000000000e+00,5.985000000000000142e+01,6.247099999999999653e+01,5.000000000000000000e+01,0.000000000000000000e+00
8.060000000000000000e+02,4.349590017648007034e+01,-7.837633270444374745e+00,5.180541164093051520e+01,-4.718781940060744473e-01,0.000000000000000000e+00,5.985000000000000142e+01,6.247099999999999653e+01,5.000000000000000000e+01,0.000000000000000000e+00
8.070000000000000000e+02,4.346960324219418936e+01,-7.837633270444374745e+00,5.175851284325196389e+01,-4.512763306134052743e-01,0.000000000000000000e+00,5.985000000000000142e+01,6.247099999999999653e+01,5.000000000000000000e+01,0.000000000000000000e+00
8.080000000000000000e+02,4.325463143267312915e+01,-7.933323566001127425e+00,5.171104145437703181e+01,-5.230864557027731232e-01,0.000000000000000000e+00,5.985000000000000142e+01,6.250300000000000011e+01,5.000000000000000000e+01,0.000000000000000000e+00
8.090000000000000000e+02,4.341777303581687164e+01,-7.837633270444374745e+00,5.166414265669848049e+01,-4.087363504372329981e-01,0.000000000000000000e+00,5.985000000000000142e+01,6.247099999999999653e+01,5.000000000000000000e+01,0.000000000000000000e+00
8.100000000000000000e+02,4.338871937394304013e+01,-7.837633270444374745e+00,5.161724385901992918e+01,-3.908912146325095871e-01,0.000000000000000000e+00,5.985000000000000142e+01,6.247099999999999653e+01,5.000000000000000000e+01,0.000000000000000000e+00
8.110000000000000000e+02,4.335888660624329560e+01,-7.837633270444374745e+00,5.157034506134137786e+01,-3.738251846537015144e-01,0.000000000000000000e+00,5.985000000000000142e+01,6.247099999999999653e+01,5.000000000000000000e+01,0.000000000000000000e+00
8.120000000000000000e+02,4.332830874791901721e+01,-7.837633270444374745e+00,5.152344626366282654e+01,-3.575042452994330322e-01,0.000000000000000000e+00,5.985000000000000142e+01,6.247099999999999653e+01,5.000000000000000000e+01,0.000000000000000000e+00
8.130000000000000000e+02,4.329701832909228187e+01,-7.837633270444374745e+00,5.147654746598427522e+01,-3.418958664476156040e-01,0.000000000000000000e+00,5.985000000000000142e+01,6.247099999999999653e+01,5.000000000000000000e+01,0.000000000000000000e+00
8.140000000000000000e+02,4.345868985394961470e+01,-7.738952653151502048e+00,5.143023915297698778e+01,-2.325966458758733646e-01,0.000000000000000000e+00,5.985000000000000142e+01,6.243800000000000239e+01,5.000000000000000000e+01,0.000000000000000000e+00
8.150000000000000000e+02,4.361031195628117985e+01,-7.643262357594749368e+00,5.138450343116608110e+01,-1.309291172901516087e-01,0.000000000000000000e+00,5.985000000000000142e+01,6.240599999999999881e+01,5.000000000000000000e+01,0.000000000000000000e+00
8.160000000000000000e+02,4.318887369882683203e+01,-7.837633270444374745e+00,5.133760463348752978e+01,-3.110976642163271189e-01,0.000000000000000000e+00,5.985000000000000142e+01,6.247099999999999653e+01,5.000000000000000000e+01,0.000000000000000000e+00
8.170000000000000000e+02,4.391252683425332037e+01,-7.451881766481265323e+00,5.129301409406938461e+01,7.139450666519941979e-02,0.000000000000000000e+00,5.985000000000000142e+01,6.234199999999999875e+01,5.000000000000000000e+01,0.000000000000000000e+00
8.180000000000000000e+02,4.367704384923683136e+01,-7.547572062038018004e+00,5.124785096345485869e+01,-2.323505218000580796e-02,0.000000000000000000e+00,5.985000000000000142e+01,6.237400000000000233e+01,5.000000000000000000e+01,0.000000000000000000e+00
8.190000000000000000e+02,4.382067055699070579e+01,-7.451881766481265323e+00,5.120326042403671352e+01,6.929189943525682072e-02,0.000000000000000000e+00,5.985000000000000142e+01,6.234199999999999875e+01,5.000000000000000000e+01,0.000000000000000000e+00
8.200000000000000000e+02,4.377305478295795638e+01,-7.451881766481265323e+00,5.115866988461856835e+01,6.626666482065339536e-02,0.000000000000000000e+00,5.985000000000000142e+01,6.234199999999999875e+01,5.000000000000000000e+01,0.000000000000000000e+00
8.210000000000000000e+02,4.429476530812545576e+01,-7.161820558074887266e+00,5.111581501226445567e+01,3.407708539358851318e-01,0.000000000000000000e+00,5.985000000000000142e+01,6.224499999999999744e+01,5.000000000000000000e+01,0.000000000000000000e+00
8.220000000000000000e+02,4.366783840515329729e+01,-7.451881766481265323e+00,5.107122447284631050e+01,4.849569878825127356e-02,0.000000000000000000e+00,5.985000000000000142e+01,6.234199999999999875e+01,5.000000000000000000e+01,0.000000000000000000e+00
8.230000000000000000e+02,4.324557975299896384e+01,-7.643262357594749368e+00,5.102548875103540382e+01,-1.366466404416908642e-01,0.000000000000000000e+00,5.985000000000000142e+01,6.240599999999999881e+01,5.000000000000000000e+01,0.000000000000000000e+00
8.240000000000000000e+02,4.320580992547011334e+01,-7.643262357594749368e+00,5.097975302922449714e+01,-1.306807461596366793e-01,0.000000000000000000e+00,5.985000000000000142e+01,6.240599999999999881e+01,5.000000000000000000e+01,0.000000000000000000e+00
8.250000000000000000e+02,4.411052467622594264e+01,-7.161820558074887266e+00,5.093689815687038447e+01,3.354470774304469938e-01,0.000000000000000000e+00,5.985000000000000142e+01,6.224499999999999744e+01,5.000000000000000000e+01,0.000000000000000000e+00
8.260000000000000000e+02,4.386524901248323260e+01,-7.257510853631639947e+00,5.089347069331989104e+01,2.292891727949747382e-01,0.000000000000000000e+00,5.985000000000000142e+01,6.227700000000000102e+01,5.000000000000000000e+01,0.000000000000000000e+00
8.270000000000000000e+02,4.399958636081684205e+01,-7.161820558074887266e+00,5.085061582096577837e+01,3.107910979259509987e-01,0.000000000000000000e+00,5.985000000000000142e+01,6.224499999999999744e+01,5.000000000000000000e+01,0.000000000000000000e+00
8.280000000000000000e+02,4.431871339743126015e+01,-6.970439966961404110e+00,5.080890613100442721e+01,4.802472333882310540e-01,0.000000000000000000e+00,5.985000000000000142e+01,6.218099999999999739e+01,5.000000000000000000e+01,0.000000000000000000e+00
8.290000000000000000e+02,4.444967985212854700e+01,-6.871759349668531414e+00,5.076778692571433993e+01,5.536522760827355949e-01,0.000000000000000000e+00,5.985000000000000142e+01,6.214800000000000324e+01,5.000000000000000000e+01,0.000000000000000000e+00
8.300000000000000000e+02,4.419074519138641932e+01,-6.970439966961404110e+00,5.072607723575298877e+01,4.351079225948309981e-01,0.000000000000000000e+00,5.985000000000000142e+01,6.218099999999999739e+01,5.000000000000000000e+01,0.000000000000000000e+00
8.310000000000000000e+02,4.432368239600692306e+01,-6.871759349668531414e+00,5.068495803046290149e+01,5.104837152125518696e-01,0.000000000000000000e+00,5.985000000000000142e+01,6.214800000000000324e+01,5.000000000000000000e+01,0.000000000000000000e+00
8.320000000000000000e+02,4.426027583796653175e+01,-6.871759349668531414e+00,5.064383882517281421e+01,4.881963624622447928e-01,0.000000000000000000e+00,5.985000000000000142e+01,6.214800000000000324e+01,5.000000000000000000e+01,0.000000000000000000e+00
8.330000000000000000e+02,4.419784232975674598e+01,-6.871759349668531414e+00,5.060271961988272693e+01,4.668820595425474673e-01,0.000000000000000000e+00,5.985000000000000142e+01,6.214800000000000324e+01,5.000000000000000000e+01,0.000000000000000000e+00
8.340000000000000000e+02,4.413633938872009566e+01,-6.871759349668531414e+00,5.056160041459263965e+01,4.464983237959879170e-01,0.000000000000000000e+00,5.985000000000000142e+01,6.214800000000000324e+01,5.000000000000000000e+01,0.000000000000000000e+00
8.350000000000000000e+02,4.407572638696146328e+01,-6.871759349668531414e+00,5.052048120930255237e+01,4.270045273274393205e-01,0.000000000000000000e+00,5.985000000000000142e+01,6.214800000000000324e+01,5.000000000000000000e+01,0.000000000000000000e+00
8.360000000000000000e+02,4.401596447037046289e+01,-6.871759349668531414e+00,5.047936200401246509e+01,4.083618160265269359e-01,0.000000000000000000e+00,5.985000000000000142e+01,6.214800000000000324e+01,5.000000000000000000e+01,0.000000000000000000e+00
8.370000000000000000e+02,4.395701648117930915e+01,-6.871759349668531414e+00,5.043824279872237781e+01,3.905330321254583681e-01,0.000000000000000000e+00,5.985000000000000142e+01,6.214800000000000324e+01,5.000000000000000000e+01,0.000000000000000000e+00
8.380000000000000000e+02,4.370520348959546908e+01,-6.970439966961404110e+00,5.039653310876102665e+01,2.791103477958450929e-01,0.000000000000000000e+00,5.985000000000000142e+01,6.218099999999999739e+01,5.000000000000000000e+01,0.000000000000000000e+00
8.390000000000000000e+02,4.384495143640838677e+01,-6.871759349668531414e+00,5.035541390347093937e+01,3.612968826059780314e-01,0.000000000000000000e+00,5.985000000000000142e+01,6.214800000000000324e+01,5.000000000000000000e+01,0.000000000000000000e+00
8.400000000000000000e+02,4.378805826844277505e+01,-6.871759349668531414e+00,5.031429469818085209e+01,3.455229199304538090e-01,0.000000000000000000e+00,5.985000000000000142e+01,6.214800000000000324e+01,5.000000000000000000e+01,0.000000000000000000e+00
8.410000000000000000e+02,4.353821038606404414e+01,-6.970439966961404110e+00,5.027258500821950093e+01,2.360653448059467086e-01,0.000000000000000000e+00,5.985000000000000142e+01,6.218099999999999739e+01,5.000000000000000000e+01,0.000000000000000000e+00
8.420000000000000000e+02,4.348619425251786197e+01,-6.970439966961404110e+00,5.023087531825814978e+01,2.257589012211158874e-01,0.000000000000000000e+00,5.985000000000000142e+01,6.218099999999999739e+01,5.000000000000000000e+01,0.000000000000000000e+00
8.430000000000000000e+02,4.343462809090404875e+01,-6.970439966961404110e+00,5.018916562829679862e+01,2.159024295686524375e-01,0.000000000000000000e+00,5.985000000000000142e+01,6.218099999999999739e+01,5.000000000000000000e+01,0.000000000000000000e+00
8.440000000000000000e+02,4.319571684311024029e+01,-7.066130262518155902e+00,5.014688334713906670e+01,1.149637584893332815e-01,0.000000000000000000e+00,5.985000000000000142e+01,6.221300000000000097e+01,5.000000000000000000e+01,0.000000000000000000e+00
8.450000000000000000e+02,4.333619073940034383e+01,-6.970439966961404110e+00,5.010517365717771554e+01,2.014570491840355082e-01,0.000000000000000000e+00,5.985000000000000142e+01,6.218099999999999739e+01,5.000000000000000000e+01,0.000000000000000000e+00
8.460000000000000000e+02,4.309791016655002949e+01,-7.066130262518155902e+00,5.006289137601998362e+01,1.011490530482065248e-01,0.000000000000000000e+00,5.985000000000000142e+01,6.221300000000000097e+01,5.000000000000000000e+01,0.000000000000000000e+00
8.470000000000000000e+02,4.323898720296809017e+01,-6.970439966961404110e+00,5.002118168605863247e+01,1.882454838708553790e-01,0.000000000000000000e+00,5.985000000000000142e+01,6.218099999999999739e+01,5.000000000000000000e+01,0.000000000000000000e+00
8.480000000000000000e+02,4.224431380529239277e+01,-7.451881766481265323e+00,4.997659114664048730e+01,-2.803955748668267578e-01,0.000000000000000000e+00,5.985000000000000142e+01,6.234199999999999875e+01,5.000000000000000000e+01,0.000000000000000000e+00
8.490000000000000000e+02,4.315671018044670149e+01,-6.970439966961404110e+00,4.993488145667913614e+01,1.922686907289722913e-01,0.000000000000000000e+00,5.985000000000000142e+01,6.218099999999999739e+01,5.000000000000000000e+01,0.000000000000000000e+00
8.500000000000000000e+02,4.330024957170103050e+01,-6.871759349668531414e+00,4.989376225138904886e+01,2.782466699805105637e-01,0.000000000000000000e+00,5.985000000000000142e+01,6.214800000000000324e+01,5.000000000000000000e+01,0.000000000000000000e+00
8.510000000000000000e+02,4.324698231643275648e+01,-6.871759349668531414e+00,4.985264304609896158e+01,2.660986200023210957e-01,0.000000000000000000e+00,5.985000000000000142e+01,6.214800000000000324e+01,5.000000000000000000e+01,0.000000000000000000e+00
8.520000000000000000e+02,4.356979626163189323e+01,-6.680378758555047369e+00,4.981266902320163581e+01,4.375059969853115627e-01,0.000000000000000000e+00,5.985000000000000142e+01,6.208400000000000318e+01,5.000000000000000000e+01,0.000000000000000000e+00
8.530000000000000000e+02,4.313517021548165076e+01,-6.871759349668531414e+00,4.977154981791154853e+01,2.353797472386351675e-01,0.000000000000000000e+00,5.985000000000000142e+01,6.214800000000000324e+01,5.000000000000000000e+01,0.000000000000000000e+00
8.540000000000000000e+02,4.308377449930463143e+01,-6.871759349668531414e+00,4.973043061262146125e+01,2.251032363516986823e-01,0.000000000000000000e+00,5.985000000000000142e+01,6.214800000000000324e+01,5.000000000000000000e+01,0.000000000000000000e+00
8.550000000000000000e+02,4.322060286088048997e+01,-6.776069054111778733e+00,4.968988399852775473e+01,3.067879164645117562e-01,0.000000000000000000e+00,5.985000000000000142e+01,6.211599999999999966e+01,5.000000000000000000e+01,0.000000000000000000e+00
8.560000000000000000e+02,4.316666210646453550e+01,-6.776069054111778733e+00,4.964933738443404820e+01,2.933937761422698021e-01,0.000000000000000000e+00,5.985000000000000142e+01,6.211599999999999966e+01,5.000000000000000000e+01,0.000000000000000000e+00
8.570000000000000000e+02,4.311330613060518857e+01,-6.776069054111778733e+00,4.960879077034034168e+01,2.805844143766261234e-01,0.000000000000000000e+00,5.985000000000000142e+01,6.211599999999999966e+01,5.000000000000000000e+01,0.000000000000000000e+00
8.580000000000000000e+02,4.343606022761143493e+01,-6.584688462998294689e+00,4.956938933863939667e+01,4.513593519703323897e-01,0.000000000000000000e+00,5.985000000000000142e+01,6.205199999999999960e+01,5.000000000000000000e+01,0.000000000000000000e+00
8.590000000000000000e+02,4.432169781538818398e+01,-6.103246663478433476e+00,4.953286875639524567e+01,8.920757224713695699e-01,0.000000000000000000e+00,5.985000000000000142e+01,6.189099999999999824e+01,5.000000000000000000e+01,0.000000000000000000e+00
8.600000000000000000e+02,4.311370938952763510e+01,-6.680378758555047369e+00,4.949289473349791990e+01,3.011934145847628974e-01,0.000000000000000000e+00,5.985000000000000142e+01,6.208400000000000318e+01,5.000000000000000000e+01,0.000000000000000000e+00
8.610000000000000000e+02,4.381755511053437147e+01,-6.294627254591916632e+00,4.945522896886100739e+01,6.569533962652811532e-01,0.000000000000000000e+00,5.985000000000000142e+01,6.195499999999999829e+01,5.000000000000000000e+01,0.000000000000000000e+00
8.620000000000000000e+02,4.280646218701103578e+01,-6.776069054111778733e+00,4.941468235476730086e+01,1.678488863555179234e-01,0.000000000000000000e+00,5.985000000000000142e+01,6.211599999999999966e+01,5.000000000000000000e+01,0.000000000000000000e+00
8.630000000000000000e+02,4.275858741096530480e+01,-6.776069054111778733e+00,4.937413574067359434e+01,1.605207244034877467e-01,0.000000000000000000e+00,5.985000000000000142e+01,6.211599999999999966e+01,5.000000000000000000e+01,0.000000000000000000e+00
8.640000000000000000e+02,4.252325716455204230e+01,-6.871759349668531414e+00,4.933301653538350706e+01,6.199997883706297175e-02,0.000000000000000000e+00,5.985000000000000142e+01,6.214800000000000324e+01,5.000000000000000000e+01,0.000000000000000000e+00
8.650000000000000000e+02,4.247943108466894557e+01,-6.871759349668531414e+00,4.929189733009341978e+01,5.929310424405495605e-02,0.000000000000000000e+00,5.985000000000000142e+01,6.214800000000000324e+01,5.000000000000000000e+01,0.000000000000000000e+00
8.660000000000000000e+02,4.262349859764911031e+01,-6.776069054111778733e+00,4.925135071599971326e+01,1.482169357611775040e-01,0.000000000000000000e+00,5.985000000000000142e+01,6.211599999999999966e+01,5.000000000000000000e+01,0.000000000000000000e+00
8.670000000000000000e+02,4.257648093848101922e+01,-6.776069054111778733e+00,4.921080410190600674e+01,1.417458906867944124e-01,0.000000000000000000e+00,5.985000000000000142e+01,6.211599999999999966e+01,5.000000000000000000e+01,0.000000000000000000e+00
8.680000000000000000e+02,4.234197038783748468e+01,-6.871759349668531414e+00,4.916968489661591946e+01,4.404484089009282066e-02,0.000000000000000000e+00,5.985000000000000142e+01,6.214800000000000324e+01,5.000000000000000000e+01,0.000000000000000000e+00
8.690000000000000000e+02,4.229892821639491274e+01,-6.871759349668531414e+00,4.912856569132583218e+01,4.212187473760758971e-02,0.000000000000000000e+00,5.985000000000000142e+01,6.214800000000000324e+01,5.000000000000000000e+01,0.000000000000000000e+00
8.700000000000000000e+02,4.225597000027488548e+01,-6.871759349668531414e+00,4.908744648603574490e+01,4.028286390767264746e-02,0.000000000000000000e+00,5.985000000000000142e+01,6.214800000000000324e+01,5.000000000000000000e+01,0.000000000000000000e+00
8.710000000000000000e+02,4.221309207404826935e+01,-6.871759349668531414e+00,4.904632728074565762e+01,3.852414297114072766e-02,0.000000000000000000e+00,5.985000000000000142e+01,6.214800000000000324e+01,5.000000000000000000e+01,0.000000000000000000e+00
8.720000000000000000e+02,4.217029093231591474e+01,-6.871759349668531414e+00,4.900520807545557034e+01,3.684220652887130326e-02,0.000000000000000000e+00,5.985000000000000142e+01,6.214800000000000324e+01,5.000000000000000000e+01,0.000000000000000000e+00
8.730000000000000000e+02,4.212756322272188925e+01,-6.871759349668531414e+00,4.896408887016548306e+01,3.523370222493531906e-02,0.000000000000000000e+00,5.985000000000000142e+01,6.214800000000000324e+01,5.000000000000000000e+01,0.000000000000000000e+00
8.740000000000000000e+02,4.208490573927172562e+01,-6.871759349668531414e+00,4.892296966487539578e+01,3.369542406485836333e-02,0.000000000000000000e+00,5.985000000000000142e+01,6.214800000000000324e+01,5.000000000000000000e+01,0.000000000000000000e+00
8.750000000000000000e+02,4.260564165392420932e+01,-6.584688462998294689e+00,4.888356823317445077e+01,3.067618837480537430e-01,0.000000000000000000e+00,5.985000000000000142e+01,6.205199999999999960e+01,5.000000000000000000e+01,0.000000000000000000e+00
8.760000000000000000e+02,4.217729639314952550e+01,-6.776069054111778733e+00,4.884302161908074424e+01,1.103438281805620702e-01,0.000000000000000000e+00,5.985000000000000142e+01,6.211599999999999966e+01,5.000000000000000000e+01,0.000000000000000000e+00
8.770000000000000000e+02,4.194415683402502282e+01,-6.871759349668531414e+00,4.880190241379065696e+01,1.401376990289880664e-02,0.000000000000000000e+00,5.985000000000000142e+01,6.214800000000000324e+01,5.000000000000000000e+01,0.000000000000000000e+00
8.780000000000000000e+02,4.360414047483222078e+01,-6.004566046185539463e+00,4.876597231621776984e+01,8.427342047999856200e-01,0.000000000000000000e+00,5.985000000000000142e+01,6.185799999999999699e+01,5.000000000000000000e+01,0.000000000000000000e+00
8.790000000000000000e+02,4.296222298688535091e+01,-6.294627254591916632e+00,4.872830655158085733e+01,5.285436898964068764e-01,0.000000000000000000e+00,5.985000000000000142e+01,6.195499999999999829e+01,5.000000000000000000e+01,0.000000000000000000e+00
8.800000000000000000e+02,4.252006257699399328e+01,-6.488998167441563325e+00,4.868947771107629308e+01,3.195830333592664108e-01,0.000000000000000000e+00,5.985000000000000142e+01,6.202000000000000313e+01,5.000000000000000000e+01,0.000000000000000000e+00
8.810000000000000000e+02,4.246728097054365492e+01,-6.488998167441563325e+00,4.865064887057172882e+01,3.056302674134899755e-01,0.000000000000000000e+00,5.985000000000000142e+01,6.202000000000000313e+01,5.000000000000000000e+01,0.000000000000000000e+00
8.820000000000000000e+02,4.166400688120140217e+01,-6.871759349668531414e+00,4.860952966528164154e+01,-7.376343441170618576e-02,0.000000000000000000e+00,5.985000000000000142e+01,6.214800000000000324e+01,5.000000000000000000e+01,0.000000000000000000e+00
8.830000000000000000e+02,4.162610813453481029e+01,-6.871759349668531414e+00,4.856841045999155426e+01,-7.054297578821548675e-02,0.000000000000000000e+00,5.985000000000000142e+01,6.214800000000000324e+01,5.000000000000000000e+01,0.000000000000000000e+00
8.840000000000000000e+02,4.177584419761591761e+01,-6.776069054111778733e+00,4.852786384589784774e+01,2.404940582984702035e-02,0.000000000000000000e+00,5.985000000000000142e+01,6.211599999999999966e+01,5.000000000000000000e+01,0.000000000000000000e+00
8.850000000000000000e+02,4.154647219105773814e+01,-6.871759349668531414e+00,4.848674464060776046e+01,-6.851309988149476005e-02,0.000000000000000000e+00,5.985000000000000142e+01,6.214800000000000324e+01,5.000000000000000000e+01,0.000000000000000000e+00
8.860000000000000000e+02,4.150834421855250156e+01,-6.871759349668531414e+00,4.844562543531767318e+01,-6.552186709664460651e-02,0.000000000000000000e+00,5.985000000000000142e+01,6.214800000000000324e+01,5.000000000000000000e+01,0.000000000000000000e+00
8.870000000000000000e+02,4.147008565096999178e+01,-6.871759349668531414e+00,4.840450623002758590e+01,-6.266122938906636131e-02,0.000000000000000000e+00,5.985000000000000142e+01,6.214800000000000324e+01,5.000000000000000000e+01,0.000000000000000000e+00
8.880000000000000000e+02,4.143170218999758703e+01,-6.871759349668531414e+00,4.836338702473749862e+01,-5.992548507138417690e-02,0.000000000000000000e+00,5.985000000000000142e+01,6.214800000000000324e+01,5.000000000000000000e+01,0.000000000000000000e+00
8.890000000000000000e+02,4.252571974600041216e+01,-6.294627254591916632e+00,4.832572126010058611e+01,4.946257404917384082e-01,0.000000000000000000e+00,5.985000000000000142e+01,6.195499999999999829e+01,5.000000000000000000e+01,0.000000000000000000e+00
8.900000000000000000e+02,4.322342860869996883e+01,-5.908875750628808099e+00,4.829036375372407974e+01,8.419406056046958575e-01,0.000000000000000000e+00,5.985000000000000142e+01,6.182600000000000051e+01,5.000000000000000000e+01,0.000000000000000000e+00
8.910000000000000000e+02,4.409605762449714206e+01,-5.427433951108945998e+00,4.825788709680436739e+01,1.265604478801716892e+00,0.000000000000000000e+00,5.985000000000000142e+01,6.166499999999999915e+01,5.000000000000000000e+01,0.000000000000000000e+00
8.920000000000000000e+02,4.495307062901270712e+01,-4.945992151589084784e+00,4.822829128934144194e+01,1.670771491260346187e+00,0.000000000000000000e+00,5.985000000000000142e+01,6.150399999999999778e+01,5.000000000000000000e+01,0.000000000000000000e+00
8.930000000000000000e+02,4.485053013696690272e+01,-4.945992151589084784e+00,4.819869548187851649e+01,1.597826806677467015e+00,0.000000000000000000e+00,5.985000000000000142e+01,6.150399999999999778e+01,5.000000000000000000e+01,0.000000000000000000e+00
8.940000000000000000e+02,4.550814398980255504e+01,-4.560240647625975363e+00,4.817140793267600429e+01,1.896976704752526555e+00,0.000000000000000000e+00,5.985000000000000142e+01,6.137500000000000000e+01,5.000000000000000000e+01,0.000000000000000000e+00
8.950000000000000000e+02,4.634278084363985073e+01,-4.078798848106114150e+00,4.814700123293027900e+01,2.274578458815688098e+00,0.000000000000000000e+00,5.985000000000000142e+01,6.121399999999999864e+01,5.000000000000000000e+01,0.000000000000000000e+00
8.960000000000000000e+02,4.640684309298071497e+01,-3.983108552549382786e+00,4.812316712438093447e+01,2.266784521149165066e+00,0.000000000000000000e+00,5.985000000000000142e+01,6.118200000000000216e+01,5.000000000000000000e+01,0.000000000000000000e+00
8.970000000000000000e+02,4.742243123783894987e+01,-3.402986135736627116e+00,4.810280434995964782e+01,2.722613023615926053e+00,0.000000000000000000e+00,5.985000000000000142e+01,6.098799999999999955e+01,5.000000000000000000e+01,0.000000000000000000e+00
8.980000000000000000e+02,4.747097654485565954e+01,-3.307295840179895752e+00,4.808301416673474193e+01,2.695258218300812914e+00,0.000000000000000000e+00,5.985000000000000142e+01,6.095600000000000307e+01,5.000000000000000000e+01,0.000000000000000000e+00
8.990000000000000000e+02,4.790270754120948737e+01,-3.017234631773518139e+00,4.806495965057386144e+01,2.854982522409148071e+00,0.000000000000000000e+00,5.985000000000000142e+01,6.085900000000000176e+01,5.000000000000000000e+01,0.000000000000000000e+00
9.000000000000000000e+02,4.794778194914025704e+01,-2.921544336216765458e+00,4.804747772560936170e+01,2.821848559747659912e+00,0.000000000000000000e+00,5.985000000000000142e+01,6.082699999999999818e+01,5.000000000000000000e+01,0.000000000000000000e+00
9.010000000000000000e+02,4.932103940522013374e+01,-2.150041328290547504e+00,4.803461231716568136e+01,3.436468416345003885e+00,0.000000000000000000e+00,5.985000000000000142e+01,6.056900000000000261e+01,5.000000000000000000e+01,0.000000000000000000e+00
9.020000000000000000e+02,4.915814025127591691e+01,-2.150041328290547504e+00,4.802174690872200102e+01,3.286434670844463835e+00,0.000000000000000000e+00,5.985000000000000142e+01,6.056900000000000261e+01,5.000000000000000000e+01,0.000000000000000000e+00
9.030000000000000000e+02,4.918956687567642660e+01,-2.054351032733794824e+00,4.800945409147470144e+01,3.234463816935520430e+00,0.000000000000000000e+00,5.985000000000000142e+01,6.053699999999999903e+01,5.000000000000000000e+01,0.000000000000000000e+00
9.040000000000000000e+02,4.884828427614628055e+01,-2.150041328290547504e+00,4.799658868303102111e+01,3.001736921405809611e+00,0.000000000000000000e+00,5.985000000000000142e+01,6.056900000000000261e+01,5.000000000000000000e+01,0.000000000000000000e+00
9.050000000000000000e+02,4.889214060002568374e+01,-2.054351032733794824e+00,4.798429586578372152e+01,2.962195766975753486e+00,0.000000000000000000e+00,5.985000000000000142e+01,6.053699999999999903e+01,5.000000000000000000e+01,0.000000000000000000e+00
9.060000000000000000e+02,4.875052044087372138e+01,-2.054351032733794824e+00,4.797200304853642194e+01,2.832868425071092933e+00,0.000000000000000000e+00,5.985000000000000142e+01,6.053699999999999903e+01,5.000000000000000000e+01,0.000000000000000000e+00
9.070000000000000000e+02,4.842677120802041912e+01,-2.150041328290547504e+00,4.795913764009274161e+01,2.617674896218228131e+00,0.000000000000000000e+00,5.985000000000000142e+01,6.056900000000000261e+01,5.000000000000000000e+01,0.000000000000000000e+00
9.080000000000000000e+02,4.829961999170655673e+01,-2.150041328290547504e+00,4.794627223164906127e+01,2.503389088348044744e+00,0.000000000000000000e+00,5.985000000000000142e+01,6.056900000000000261e+01,5.000000000000000000e+01,0.000000000000000000e+00
9.090000000000000000e+02,4.817745841176786570e+01,-2.150041328290547504e+00,4.793340682320538093e+01,2.394092916853031827e+00,0.000000000000000000e+00,5.985000000000000142e+01,6.056900000000000261e+01,5.000000000000000000e+01,0.000000000000000000e+00
9.100000000000000000e+02,4.824784403692073198e+01,-2.054351032733794824e+00,4.792111400595808135e+01,2.381081063696451228e+00,0.000000000000000000e+00,5.985000000000000142e+01,6.053699999999999903e+01,5.000000000000000000e+01,0.000000000000000000e+00
9.110000000000000000e+02,4.737462529649452136e+01,-2.440102536696903801e+00,4.790651293045037562e+01,1.908214902741051100e+00,0.000000000000000000e+00,5.985000000000000142e+01,6.066599999999999682e+01,5.000000000000000000e+01,0.000000000000000000e+00
9.120000000000000000e+02,4.614419246980747857e+01,-3.017234631773518139e+00,4.788845841428949512e+01,1.272968687291499590e+00,0.000000000000000000e+00,5.985000000000000142e+01,6.085900000000000176e+01,5.000000000000000000e+01,0.000000000000000000e+00
9.130000000000000000e+02,4.607056105407410485e+01,-3.017234631773518139e+00,4.787040389812861463e+01,1.217391787719006802e+00,0.000000000000000000e+00,5.985000000000000142e+01,6.085900000000000176e+01,5.000000000000000000e+01,0.000000000000000000e+00
9.140000000000000000e+02,4.599935608590140390e+01,-3.017234631773518139e+00,4.785234938196773413e+01,1.164241335707186575e+00,0.000000000000000000e+00,5.985000000000000142e+01,6.085900000000000176e+01,5.000000000000000000e+01,0.000000000000000000e+00
9.150000000000000000e+02,4.593047162832977648e+01,-3.017234631773518139e+00,4.783429486580685364e+01,1.113411394296438983e+00,0.000000000000000000e+00,5.985000000000000142e+01,6.085900000000000176e+01,5.000000000000000000e+01,0.000000000000000000e+00
9.160000000000000000e+02,4.510683673724320641e+01,-3.402986135736627116e+00,4.781393209138556699e+01,6.958907815942663166e-01,0.000000000000000000e+00,5.985000000000000142e+01,6.098799999999999955e+01,5.000000000000000000e+01,0.000000000000000000e+00
9.170000000000000000e+02,4.524386728323766249e+01,-3.307295840179895752e+00,4.779414190816066110e+01,7.570212152568986941e-01,0.000000000000000000e+00,5.985000000000000142e+01,6.095600000000000307e+01,5.000000000000000000e+01,0.000000000000000000e+00
9.180000000000000000e+02,4.537880150955397340e+01,-3.211605544623143516e+00,4.777492431613213597e+01,8.154827380449879426e-01,0.000000000000000000e+00,5.985000000000000142e+01,6.092399999999999949e+01,5.000000000000000000e+01,0.000000000000000000e+00
9.190000000000000000e+02,4.513620511360477394e+01,-3.307295840179895752e+00,4.775513413290723008e+01,6.883668208774443853e-01,0.000000000000000000e+00,5.985000000000000142e+01,6.095600000000000307e+01,5.000000000000000000e+01,0.000000000000000000e+00
9.200000000000000000e+02,4.508636132886172021e+01,-3.307295840179895752e+00,4.773534394968232419e+01,6.583132193592938775e-01,0.000000000000000000e+00,5.985000000000000142e+01,6.095600000000000307e+01,5.000000000000000000e+01,0.000000000000000000e+00
9.210000000000000000e+02,4.560702388242591354e+01,-3.017234631773518139e+00,4.771728943352144370e+01,9.069690806779915349e-01,0.000000000000000000e+00,5.985000000000000142e+01,6.085900000000000176e+01,5.000000000000000000e+01,0.000000000000000000e+00
9.220000000000000000e+02,4.554937174692418012e+01,-3.017234631773518139e+00,4.769923491736056320e+01,8.673714613371363846e-01,0.000000000000000000e+00,5.985000000000000142e+01,6.085900000000000176e+01,5.000000000000000000e+01,0.000000000000000000e+00
9.230000000000000000e+02,4.549344841507283377e+01,-3.017234631773518139e+00,4.768118040119968271e+01,8.295026456466672027e-01,0.000000000000000000e+00,5.985000000000000142e+01,6.085900000000000176e+01,5.000000000000000000e+01,0.000000000000000000e+00
9.240000000000000000e+02,4.543917840854485490e+01,-3.017234631773518139e+00,4.766312588503880221e+01,7.932871552795698333e-01,0.000000000000000000e+00,5.985000000000000142e+01,6.085900000000000176e+01,5.000000000000000000e+01,0.000000000000000000e+00
9.250000000000000000e+02,4.538648954434283667e+01,-3.017234631773518139e+00,4.764507136887792171e+01,7.586528072384344235e-01,0.000000000000000000e+00,5.985000000000000142e+01,6.085900000000000176e+01,5.000000000000000000e+01,0.000000000000000000e+00
9.260000000000000000e+02,4.533531279092725441e+01,-3.017234631773518139e+00,4.762701685271704122e+01,7.255305699837287792e-01,0.000000000000000000e+00,5.985000000000000142e+01,6.085900000000000176e+01,5.000000000000000000e+01,0.000000000000000000e+00
9.270000000000000000e+02,4.528558213062605375e+01,-3.017234631773518139e+00,4.760896233655616072e+01,6.938544258434090617e-01,0.000000000000000000e+00,5.985000000000000142e+01,6.085900000000000176e+01,5.000000000000000000e+01,0.000000000000000000e+00
9.280000000000000000e+02,4.523723442805138717e+01,-3.017234631773518139e+00,4.759090782039528023e+01,6.635612394296270811e-01,0.000000000000000000e+00,5.985000000000000142e+01,6.085900000000000176e+01,5.000000000000000000e+01,0.000000000000000000e+00
9.290000000000000000e+02,4.519020930426115257e+01,-3.017234631773518139e+00,4.757285330423439973e+01,6.345906318002704216e-01,0.000000000000000000e+00,5.985000000000000142e+01,6.085900000000000176e+01,5.000000000000000000e+01,0.000000000000000000e+00
9.300000000000000000e+02,4.457525479678704272e+01,-3.307295840179895752e+00,4.755306312100949384e+01,3.294875159574480183e-01,0.000000000000000000e+00,5.985000000000000142e+01,6.095600000000000307e+01,5.000000000000000000e+01,0.000000000000000000e+00
9.310000000000000000e+02,4.511027364463975431e+01,-3.017234631773518139e+00,4.753500860484861334e+01,5.924996715646585477e-01,0.000000000000000000e+00,5.985000000000000142e+01,6.085900000000000176e+01,5.000000000000000000e+01,0.000000000000000000e+00
9.320000000000000000e+02,4.506635101791808040e+01,-3.017234631773518139e+00,4.751695408868773285e+01,5.666315610038655803e-01,0.000000000000000000e+00,5.985000000000000142e+01,6.085900000000000176e+01,5.000000000000000000e+01,0.000000000000000000e+00
9.330000000000000000e+02,4.502355777434394213e+01,-3.017234631773518139e+00,4.749889957252685235e+01,5.418928335906080251e-01,0.000000000000000000e+00,5.985000000000000142e+01,6.085900000000000176e+01,5.000000000000000000e+01,0.000000000000000000e+00
9.340000000000000000e+02,4.498184460585941480e+01,-3.017234631773518139e+00,4.748084505636597186e+01,5.182341812669611913e-01,0.000000000000000000e+00,5.985000000000000142e+01,6.085900000000000176e+01,5.000000000000000000e+01,0.000000000000000000e+00
9.350000000000000000e+02,4.437197013753353048e+01,-3.307295840179895752e+00,4.746105487314106597e+01,2.182111045723607035e-01,0.000000000000000000e+00,5.985000000000000142e+01,6.095600000000000307e+01,5.000000000000000000e+01,0.000000000000000000e+00
9.360000000000000000e+02,4.339790796909388604e+01,-3.788737639699736093e+00,4.743838384045936607e+01,-2.517382316657465480e-01,0.000000000000000000e+00,5.985000000000000142e+01,6.111699999999999733e+01,5.000000000000000000e+01,0.000000000000000000e+00
9.370000000000000000e+02,4.319845223433188863e+01,-3.884427935256488773e+00,4.741514021658129252e+01,-3.322600469929125611e-01,0.000000000000000000e+00,5.985000000000000142e+01,6.114900000000000091e+01,5.000000000000000000e+01,0.000000000000000000e+00
9.380000000000000000e+02,4.318971484571948594e+01,-3.884427935256488773e+00,4.739189659270321897e+01,-3.177538117272463158e-01,0.000000000000000000e+00,5.985000000000000142e+01,6.114900000000000091e+01,5.000000000000000000e+01,0.000000000000000000e+00
9.390000000000000000e+02,4.336811953794376961e+01,-3.788737639699736093e+00,4.736922556002151907e+01,-2.123683823780189162e-01,0.000000000000000000e+00,5.985000000000000142e+01,6.111699999999999733e+01,5.000000000000000000e+01,0.000000000000000000e+00
9.400000000000000000e+02,4.354249576912970099e+01,-3.693047344143005173e+00,4.734712711853619993e+01,-1.115840052634963914e-01,0.000000000000000000e+00,5.985000000000000142e+01,6.108500000000000085e+01,5.000000000000000000e+01,0.000000000000000000e+00
9.410000000000000000e+02,4.295607478562872217e+01,-3.983108552549382786e+00,4.732329300998685540e+01,-3.841096718087478878e-01,0.000000000000000000e+00,5.985000000000000142e+01,6.118200000000000216e+01,5.000000000000000000e+01,0.000000000000000000e+00
9.420000000000000000e+02,4.294901062976404660e+01,-3.983108552549382786e+00,4.729945890143751086e+01,-3.673397191240833637e-01,0.000000000000000000e+00,5.985000000000000142e+01,6.118200000000000216e+01,5.000000000000000000e+01,0.000000000000000000e+00
9.430000000000000000e+02,4.294121430979706133e+01,-3.983108552549382786e+00,4.727562479288816633e+01,-3.513019305417222071e-01,0.000000000000000000e+00,5.985000000000000142e+01,6.118200000000000216e+01,5.000000000000000000e+01,0.000000000000000000e+00
9.440000000000000000e+02,4.274494237882658609e+01,-4.078798848106114150e+00,4.725121809314244103e+01,-4.274768662097385152e-01,0.000000000000000000e+00,5.985000000000000142e+01,6.121399999999999864e+01,5.000000000000000000e+01,0.000000000000000000e+00
9.450000000000000000e+02,4.255142359969785559e+01,-4.174489143662866830e+00,4.722623880220033499e+01,-5.003260588396096775e-01,0.000000000000000000e+00,5.985000000000000142e+01,6.124600000000000222e+01,5.000000000000000000e+01,0.000000000000000000e+00
9.460000000000000000e+02,4.216686937854976946e+01,-4.368860056512491319e+00,4.720009643539058430e+01,-6.643670003283239645e-01,0.000000000000000000e+00,5.985000000000000142e+01,6.131099999999999994e+01,5.000000000000000000e+01,0.000000000000000000e+00
9.470000000000000000e+02,4.273892701793958082e+01,-4.078798848106114150e+00,4.717568973564485901e+01,-3.579638695991666508e-01,0.000000000000000000e+00,5.985000000000000142e+01,6.121399999999999864e+01,5.000000000000000000e+01,0.000000000000000000e+00
9.480000000000000000e+02,4.140985289364292044e+01,-4.751621238739459407e+00,4.714725700404958530e+01,-9.857828716672054625e-01,0.000000000000000000e+00,5.985000000000000142e+01,6.143900000000000006e+01,5.000000000000000000e+01,0.000000000000000000e+00
9.490000000000000000e+02,4.180000956027791403e+01,-4.560240647625975363e+00,4.711996945484707311e+01,-7.597192469431837125e-01,0.000000000000000000e+00,5.985000000000000142e+01,6.137500000000000000e+01,5.000000000000000000e+01,0.000000000000000000e+00
9.500000000000000000e+02,4.237508502794995735e+01,-4.270179439219598194e+00,4.709441757270858631e+01,-4.491531055390339255e-01,0.000000000000000000e+00,5.985000000000000142e+01,6.127799999999999869e+01,5.000000000000000000e+01,0.000000000000000000e+00
9.510000000000000000e+02,4.236914284814619691e+01,-4.270179439219598194e+00,4.706886569057009950e+01,-4.295434032043056183e-01,0.000000000000000000e+00,5.985000000000000142e+01,6.127799999999999869e+01,5.000000000000000000e+01,0.000000000000000000e+00
9.520000000000000000e+02,4.236234452280784524e+01,-4.270179439219598194e+00,4.704331380843161270e+01,-4.107898464041721542e-01,0.000000000000000000e+00,5.985000000000000142e+01,6.127799999999999869e+01,5.000000000000000000e+01,0.000000000000000000e+00
9.530000000000000000e+02,4.140998238568598566e+01,-4.751621238739459407e+00,4.701488107683633899e+01,-8.532774524108944769e-01,0.000000000000000000e+00,5.985000000000000142e+01,6.143900000000000006e+01,5.000000000000000000e+01,0.000000000000000000e+00
9.540000000000000000e+02,4.141880313546346315e+01,-4.751621238739459407e+00,4.698644834524106528e+01,-8.160239710381406164e-01,0.000000000000000000e+00,5.985000000000000142e+01,6.143900000000000006e+01,5.000000000000000000e+01,0.000000000000000000e+00
9.550000000000000000e+02,4.217709907561484073e+01,-4.368860056512491319e+00,4.696030597843131460e+01,-4.143468463039847172e-01,0.000000000000000000e+00,5.985000000000000142e+01,6.131099999999999994e+01,5.000000000000000000e+01,0.000000000000000000e+00
9.560000000000000000e+02,4.160572055685219084e+01,-4.655930943182706727e+00,4.693244583803242165e+01,-6.707943379975205289e-01,0.000000000000000000e+00,5.985000000000000142e+01,6.140699999999999648e+01,5.000000000000000000e+01,0.000000000000000000e+00
9.570000000000000000e+02,4.103795259634913606e+01,-4.945992151589084784e+00,4.690285003056949620e+01,-9.189052826312800182e-01,0.000000000000000000e+00,5.985000000000000142e+01,6.150399999999999778e+01,5.000000000000000000e+01,0.000000000000000000e+00
9.580000000000000000e+02,4.123625094690108739e+01,-4.850301856032353420e+00,4.687382681430295150e+01,-7.872740113695144704e-01,0.000000000000000000e+00,5.985000000000000142e+01,6.147200000000000131e+01,5.000000000000000000e+01,0.000000000000000000e+00
9.590000000000000000e+02,4.105382413646621131e+01,-4.945992151589084784e+00,4.684423100684002605e+01,-8.444147187847281799e-01,0.000000000000000000e+00,5.985000000000000142e+01,6.150399999999999778e+01,5.000000000000000000e+01,0.000000000000000000e+00
9.600000000000000000e+02,4.106109486978464673e+01,-4.945992151589084784e+00,4.681463519937710061e+01,-8.075481780033625379e-01,0.000000000000000000e+00,5.985000000000000142e+01,6.150399999999999778e+01,5.000000000000000000e+01,0.000000000000000000e+00
9.610000000000000000e+02,4.106675603638314698e+01,-4.945992151589084784e+00,4.678503939191417516e+01,-7.722912039419377317e-01,0.000000000000000000e+00,5.985000000000000142e+01,6.150399999999999778e+01,5.000000000000000000e+01,0.000000000000000000e+00
9.620000000000000000e+02,4.125865332145048114e+01,-4.850301856032353420e+00,4.675601617564763046e+01,-6.470609981647980069e-01,0.000000000000000000e+00,5.985000000000000142e+01,6.147200000000000131e+01,5.000000000000000000e+01,0.000000000000000000e+00
9.630000000000000000e+02,4.107010491145748432e+01,-4.945992151589084784e+00,4.672642036818470501e+01,-7.103233051381402374e-01,0.000000000000000000e+00,5.985000000000000142e+01,6.150399999999999778e+01,5.000000000000000000e+01,0.000000000000000000e+00
9.640000000000000000e+02,4.107152130986244742e+01,-4.945992151589084784e+00,4.669682456072177956e+01,-6.793110992702487971e-01,0.000000000000000000e+00,5.985000000000000142e+01,6.150399999999999778e+01,5.000000000000000000e+01,0.000000000000000000e+00
9.650000000000000000e+02,4.145300254457634281e+01,-4.751621238739459407e+00,4.666839182912650585e+01,-4.637680458107005244e-01,0.000000000000000000e+00,5.985000000000000142e+01,6.143900000000000006e+01,5.000000000000000000e+01,0.000000000000000000e+00
9.660000000000000000e+02,4.276511346339221120e+01,-4.078798848106114150e+00,4.664398512938078056e+01,1.999271821175494512e-01,0.000000000000000000e+00,5.985000000000000142e+01,6.121399999999999864e+01,5.000000000000000000e+01,0.000000000000000000e+00
9.670000000000000000e+02,4.291975349897723646e+01,-3.983108552549382786e+00,4.662015102083143603e+01,2.827110306951848284e-01,0.000000000000000000e+00,5.985000000000000142e+01,6.118200000000000216e+01,5.000000000000000000e+01,0.000000000000000000e+00
9.680000000000000000e+02,4.288357642966393968e+01,-3.983108552549382786e+00,4.659631691228209149e+01,2.703680699312299152e-01,0.000000000000000000e+00,5.985000000000000142e+01,6.118200000000000216e+01,5.000000000000000000e+01,0.000000000000000000e+00
9.690000000000000000e+02,4.360490787745001029e+01,-3.597357048586252493e+00,4.657479106199315311e+01,6.274738640431143377e-01,0.000000000000000000e+00,5.985000000000000142e+01,6.105299999999999727e+01,5.000000000000000000e+01,0.000000000000000000e+00
9.700000000000000000e+02,4.318043614312833256e+01,-3.788737639699736093e+00,4.655212002931145321e+01,4.170537535166131127e-01,0.000000000000000000e+00,5.985000000000000142e+01,6.111699999999999733e+01,5.000000000000000000e+01,0.000000000000000000e+00
9.710000000000000000e+02,4.427207730040022682e+01,-3.211605544623143516e+00,4.653290243728292808e+01,9.507804077404371501e-01,0.000000000000000000e+00,5.985000000000000142e+01,6.092399999999999949e+01,5.000000000000000000e+01,0.000000000000000000e+00
9.720000000000000000e+02,4.439912473058512177e+01,-3.115915249066412152e+00,4.651425743645078370e+01,1.000782543200749330e+00,0.000000000000000000e+00,5.985000000000000142e+01,6.089200000000000301e+01,5.000000000000000000e+01,0.000000000000000000e+00
9.730000000000000000e+02,4.453042967625281534e+01,-3.017234631773518139e+00,4.649620292028990320e+01,1.051461387736432940e+00,0.000000000000000000e+00,5.985000000000000142e+01,6.085900000000000176e+01,5.000000000000000000e+01,0.000000000000000000e+00
9.740000000000000000e+02,4.446646911029355920e+01,-3.017234631773518139e+00,4.647814840412902271e+01,1.005555337938053295e+00,0.000000000000000000e+00,5.985000000000000142e+01,6.085900000000000176e+01,5.000000000000000000e+01,0.000000000000000000e+00
9.750000000000000000e+02,4.553703322714169133e+01,-2.440102536696903801e+00,4.646354732862131698e+01,1.513588435217276817e+00,0.000000000000000000e+00,5.985000000000000142e+01,6.066599999999999682e+01,5.000000000000000000e+01,0.000000000000000000e+00
9.760000000000000000e+02,4.621331959879215390e+01,-2.054351032733794824e+00,4.645125451137401740e+01,1.816416120151928881e+00,0.000000000000000000e+00,5.985000000000000142e+01,6.053699999999999903e+01,5.000000000000000000e+01,0.000000000000000000e+00
9.770000000000000000e+02,4.612172335695996850e+01,-2.054351032733794824e+00,4.643896169412671782e+01,1.737112695567044618e+00,0.000000000000000000e+00,5.985000000000000142e+01,6.053699999999999903e+01,5.000000000000000000e+01,0.000000000000000000e+00
9.780000000000000000e+02,4.603358944574747369e+01,-2.054351032733794824e+00,4.642666887687941824e+01,1.661271601601844727e+00,0.000000000000000000e+00,5.985000000000000142e+01,6.053699999999999903e+01,5.000000000000000000e+01,0.000000000000000000e+00
9.790000000000000000e+02,4.708128715989320057e+01,-1.477218937657202025e+00,4.641782950028529342e+01,2.140676597265106729e+00,0.000000000000000000e+00,5.985000000000000142e+01,6.034400000000000119e+01,5.000000000000000000e+01,0.000000000000000000e+00
9.800000000000000000e+02,4.754818159855750537e+01,-1.187157729250824190e+00,4.641072579075519400e+01,2.324613537053139112e+00,0.000000000000000000e+00,5.985000000000000142e+01,6.024699999999999989e+01,5.000000000000000000e+01,0.000000000000000000e+00
9.810000000000000000e+02,4.762736234249673117e+01,-1.091467433694093048e+00,4.640419467242147533e+01,2.314635103769350444e+00,0.000000000000000000e+00,5.985000000000000142e+01,6.021500000000000341e+01,5.000000000000000000e+01,0.000000000000000000e+00
9.820000000000000000e+02,4.751977591620970998e+01,-1.091467433694093048e+00,4.639766355408775667e+01,2.213579795816046580e+00,0.000000000000000000e+00,5.985000000000000142e+01,6.021500000000000341e+01,5.000000000000000000e+01,0.000000000000000000e+00
9.830000000000000000e+02,4.741660149216394871e+01,-1.091467433694093048e+00,4.639113243575403800e+01,2.116936490104005752e+00,0.000000000000000000e+00,5.985000000000000142e+01,6.021500000000000341e+01,5.000000000000000000e+01,0.000000000000000000e+00
9.840000000000000000e+02,4.845603488476203324e+01,-5.113450168813374885e-01,4.638807265154837722e+01,2.579307250094989179e+00,0.000000000000000000e+00,5.985000000000000142e+01,6.002100000000000080e+01,5.000000000000000000e+01,0.000000000000000000e+00
9.850000000000000000e+02,4.720197595733340279e+01,-1.091467433694093048e+00,4.638154153321465856e+01,1.911901857812834393e+00,0.000000000000000000e+00,5.985000000000000142e+01,6.021500000000000341e+01,5.000000000000000000e+01,0.000000000000000000e+00
9.860000000000000000e+02,4.749339138258339688e+01,-8.970965208444465766e-01,4.637617349074859163e+01,2.014314412679258037e+00,0.000000000000000000e+00,5.985000000000000142e+01,6.014999999999999858e+01,5.000000000000000000e+01,0.000000000000000000e+00
9.870000000000000000e+02,4.720643642376018789e+01,-9.957771381373403674e-01,4.637021496361125372e+01,1.831998598286278979e+00,0.000000000000000000e+00,5.985000000000000142e+01,6.018299999999999983e+01,5.000000000000000000e+01,0.000000000000000000e+00
9.880000000000000000e+02,4.731413754652881920e+01,-8.970965208444465766e-01,4.636484692114518680e+01,1.846387146228081644e+00,0.000000000000000000e+00,5.985000000000000142e+01,6.014999999999999858e+01,5.000000000000000000e+01,0.000000000000000000e+00
9.890000000000000000e+02,4.703451417167637771e+01,-9.957771381373403674e-01,4.635888839400784889e+01,1.671402915805874079e+00,0.000000000000000000e+00,5.985000000000000142e+01,6.018299999999999983e+01,5.000000000000000000e+01,0.000000000000000000e+00
9.900000000000000000e+02,4.771255302470160586e+01,-6.100256341742312793e-01,4.635523812513092423e+01,1.967340533744911912e+00,0.000000000000000000e+00,5.985000000000000142e+01,6.005400000000000205e+01,5.000000000000000000e+01,0.000000000000000000e+00
9.910000000000000000e+02,4.724745925430458726e+01,-8.014062252877152126e-01,4.635044267386123806e+01,1.698422805731064633e+00,0.000000000000000000e+00,5.985000000000000142e+01,6.011800000000000210e+01,5.000000000000000000e+01,0.000000000000000000e+00
9.920000000000000000e+02,4.698073646924058266e+01,-8.970965208444465766e-01,4.634507463139517114e+01,1.532758358689858547e+00,0.000000000000000000e+00,5.985000000000000142e+01,6.014999999999999858e+01,5.000000000000000000e+01,0.000000000000000000e+00
9.930000000000000000e+02,4.652703048957272358e+01,-1.091467433694093048e+00,4.633854351306145247e+01,1.279954410205366599e+00,0.000000000000000000e+00,5.985000000000000142e+01,6.021500000000000341e+01,5.000000000000000000e+01,0.000000000000000000e+00
9.940000000000000000e+02,4.646461748001613046e+01,-1.091467433694093048e+00,4.633201239472773381e+01,1.224072518982489033e+00,0.000000000000000000e+00,5.985000000000000142e+01,6.021500000000000341e+01,5.000000000000000000e+01,0.000000000000000000e+00
9.950000000000000000e+02,4.640464423373683900e+01,-1.091467433694093048e+00,4.632548127639401514e+01,1.170630391036918017e+00,0.000000000000000000e+00,5.985000000000000142e+01,6.021500000000000341e+01,5.000000000000000000e+01,0.000000000000000000e+00
9.960000000000000000e+02,4.634700423242062328e+01,-1.091467433694093048e+00,4.631895015806029647e+01,1.119521508054418968e+00,0.000000000000000000e+00,5.985000000000000142e+01,6.021500000000000341e+01,5.000000000000000000e+01,0.000000000000000000e+00
9.970000000000000000e+02,4.534685056331776565e+01,-1.572909233213933389e+00,4.630953819026979090e+01,6.102216062619096881e-01,0.000000000000000000e+00,5.985000000000000142e+01,6.037599999999999767e+01,5.000000000000000000e+01,0.000000000000000000e+00
9.980000000000000000e+02,4.474160253838503110e+01,-1.862970441620311002e+00,4.629839055541525283e+01,3.061824245900893193e-01,0.000000000000000000e+00,5.985000000000000142e+01,6.047299999999999898e+01,5.000000000000000000e+01,0.000000000000000000e+00
9.990000000000000000e+02,4.452931178588843864e+01,-1.958660737177063682e+00,4.628667032936433401e+01,2.013021937011669760e-01,0.000000000000000000e+00,5.985000000000000142e+01,6.050500000000000256e+01,5.000000000000000000e+01,0.000000000000000000e+00
1.000000000000000000e+03,4.432102743782787257e+01,-2.054351032733794824e+00,4.627437751211703443e+01,1.010009584446364544e-01,0.000000000000000000e+00,5.985000000000000142e+01,6.053699999999999903e+01,5.000000000000000000e+01,0.000000000000000000e+00
1.001000000000000000e+03,4.430432499119986289e+01,-2.054351032733794824e+00,4.626208469486973485e+01,9.659132906392751960e-02,0.000000000000000000e+00,5.985000000000000142e+01,6.053699999999999903e+01,5.000000000000000000e+01,0.000000000000000000e+00
1.002000000000000000e+03,4.428781506582684813e+01,-2.054351032733794824e+00,4.624979187762243527e+01,9.237422093821114066e-02,0.000000000000000000e+00,5.985000000000000142e+01,6.053699999999999903e+01,5.000000000000000000e+01,0.000000000000000000e+00
1.003000000000000000e+03,4.427148925636895882e+01,-2.054351032733794824e+00,4.623749906037513568e+01,8.834122872762222023e-02,0.000000000000000000e+00,5.985000000000000142e+01,6.053699999999999903e+01,5.000000000000000000e+01,0.000000000000000000e+00
1.004000000000000000e+03,4.425533952445744035e+01,-2.054351032733794824e+00,4.622520624312783610e+01,8.448431406340363437e-02,0.000000000000000000e+00,5.985000000000000142e+01,6.053699999999999903e+01,5.000000000000000000e+01,0.000000000000000000e+00
1.005000000000000000e+03,4.442713359533354378e+01,-1.958660737177063682e+00,4.621348601707691728e+01,1.723083154336870759e-01,0.000000000000000000e+00,5.985000000000000142e+01,6.050500000000000256e+01,5.000000000000000000e+01,0.000000000000000000e+00
1.006000000000000000e+03,4.497708473148401964e+01,-1.668599528770685847e+00,4.620350145809003095e+01,4.421828021646744267e-01,0.000000000000000000e+00,5.985000000000000142e+01,6.040800000000000125e+01,5.000000000000000000e+01,0.000000000000000000e+00
1.007000000000000000e+03,4.608031524621603836e+01,-1.091467433694093048e+00,4.619697033975631228e+01,9.748123401538193455e-01,0.000000000000000000e+00,5.985000000000000142e+01,6.021500000000000341e+01,5.000000000000000000e+01,0.000000000000000000e+00
1.008000000000000000e+03,4.603122452050813962e+01,-1.091467433694093048e+00,4.619043922142259362e+01,9.322527327796362728e-01,0.000000000000000000e+00,5.985000000000000142e+01,6.021500000000000341e+01,5.000000000000000000e+01,0.000000000000000000e+00
1.009000000000000000e+03,4.655318613635050440e+01,-8.014062252877152126e-01,4.618564377015290745e+01,1.168948591485313271e+00,0.000000000000000000e+00,5.985000000000000142e+01,6.011800000000000210e+01,5.000000000000000000e+01,0.000000000000000000e+00
1.010000000000000000e+03,4.781765109853001405e+01,-1.285838346543696775e-01,4.618487435073276970e+01,1.761360582451616086e+00,0.000000000000000000e+00,5.985000000000000142e+01,5.989300000000000068e+01,5.000000000000000000e+01,0.000000000000000000e+00
1.011000000000000000e+03,4.773998193980038707e+01,-1.285838346543696775e-01,4.618410493131263195e+01,1.684460843142125519e+00,0.000000000000000000e+00,5.985000000000000142e+01,5.989300000000000068e+01,5.000000000000000000e+01,0.000000000000000000e+00
1.012000000000000000e+03,4.766567016851588789e+01,-1.285838346543696775e-01,4.618333551189249420e+01,1.610918491277763653e+00,0.000000000000000000e+00,5.985000000000000142e+01,5.989300000000000068e+01,5.000000000000000000e+01,0.000000000000000000e+00
1.013000000000000000e+03,4.797598801051633188e+01,6.578707819525544953e-02,4.618372916834000819e+01,1.726471763981070051e+00,0.000000000000000000e+00,5.985000000000000142e+01,5.982800000000000296e+01,5.000000000000000000e+01,0.000000000000000000e+00
1.014000000000000000e+03,4.790100514843716439e+01,6.578707819525544953e-02,4.618412282478752218e+01,1.651095245454382798e+00,0.000000000000000000e+00,5.985000000000000142e+01,5.982800000000000296e+01,5.000000000000000000e+01,0.000000000000000000e+00
1.015000000000000000e+03,4.839850739070407570e+01,3.558482866016331458e-01,4.618625214829906156e+01,1.856406955803381109e+00,0.000000000000000000e+00,5.985000000000000142e+01,5.973100000000000165e+01,5.000000000000000000e+01,0.000000000000000000e+00
1.016000000000000000e+03,4.850736273109897212e+01,4.515385821583857151e-01,4.618895406300698170e+01,1.866870085933606926e+00,0.000000000000000000e+00,5.985000000000000142e+01,5.969899999999999807e+01,5.000000000000000000e+01,0.000000000000000000e+00
1.017000000000000000e+03,4.748381339232640386e+01,-2.990321736147588672e-02,4.618877512825811493e+01,1.324941481429770418e+00,0.000000000000000000e+00,5.985000000000000142e+01,5.985999999999999943e+01,5.000000000000000000e+01,0.000000000000000000e+00
1.018000000000000000e+03,4.742578846310180296e+01,-2.990321736147588672e-02,4.618859619350924817e+01,1.267095486954031847e+00,0.000000000000000000e+00,5.985000000000000142e+01,5.985999999999999943e+01,5.000000000000000000e+01,0.000000000000000000e+00
1.019000000000000000e+03,4.717664565418707667e+01,-1.285838346543696775e-01,4.618782677408911042e+01,1.117402714752339099e+00,0.000000000000000000e+00,5.985000000000000142e+01,5.989300000000000068e+01,5.000000000000000000e+01,0.000000000000000000e+00
1.020000000000000000e+03,4.732073462824811827e+01,-2.990321736147588672e-02,4.618764783934024365e+01,1.162990006269354337e+00,0.000000000000000000e+00,5.985000000000000142e+01,5.985999999999999943e+01,5.000000000000000000e+01,0.000000000000000000e+00
1.021000000000000000e+03,4.707613698992771134e+01,-1.285838346543696775e-01,4.618687841992010590e+01,1.017842404661974509e+00,0.000000000000000000e+00,5.985000000000000142e+01,5.989300000000000068e+01,5.000000000000000000e+01,0.000000000000000000e+00
1.022000000000000000e+03,4.703092930138966921e+01,-1.285838346543696775e-01,4.618610900049996815e+01,9.734041355440716803e-01,0.000000000000000000e+00,5.985000000000000142e+01,5.989300000000000068e+01,5.000000000000000000e+01,0.000000000000000000e+00
1.023000000000000000e+03,4.698766175579826410e+01,-1.285838346543696775e-01,4.618533958107983040e+01,9.309060093728079854e-01,0.000000000000000000e+00,5.985000000000000142e+01,5.989300000000000068e+01,5.000000000000000000e+01,0.000000000000000000e+00
1.024000000000000000e+03,4.694624964790444466e+01,-1.285838346543696775e-01,4.618457016165969264e+01,8.902633208991241887e-01,0.000000000000000000e+00,5.985000000000000142e+01,5.989300000000000068e+01,5.000000000000000000e+01,0.000000000000000000e+00
1.025000000000000000e+03,4.690661197062954813e+01,-1.285838346543696775e-01,4.618380074223955489e+01,8.513950630443617440e-01,0.000000000000000000e+00,5.985000000000000142e+01,5.989300000000000068e+01,5.000000000000000000e+01,0.000000000000000000e+00
1.026000000000000000e+03,4.649312042828461955e+01,-3.199644257678536108e-01,4.618188614042665563e+01,6.311987136258234710e-01,0.000000000000000000e+00,5.985000000000000142e+01,5.995700000000000074e+01,5.000000000000000000e+01,0.000000000000000000e+00
1.027000000000000000e+03,4.627587273083928920e+01,-4.156547213245849193e-01,4.617939894741737561e+01,5.121285047464990692e-01,0.000000000000000000e+00,5.985000000000000142e+01,5.998899999999999721e+01,5.000000000000000000e+01,0.000000000000000000e+00
1.028000000000000000e+03,4.606325096208810521e+01,-5.113450168813374885e-01,4.617633916321171483e+01,3.982568157577277002e-01,0.000000000000000000e+00,5.985000000000000142e+01,6.002100000000000080e+01,5.000000000000000000e+01,0.000000000000000000e+00
1.029000000000000000e+03,4.547360935141561811e+01,-8.014062252877152126e-01,4.617154371194202866e+01,1.034718647613063203e-01,0.000000000000000000e+00,5.985000000000000142e+01,6.011800000000000210e+01,5.000000000000000000e+01,0.000000000000000000e+00
1.030000000000000000e+03,4.527652098010764092e+01,-8.970965208444465766e-01,4.616617566947596174e+01,7.441831476132310108e-03,0.000000000000000000e+00,5.985000000000000142e+01,6.014999999999999858e+01,5.000000000000000000e+01,0.000000000000000000e+00
1.031000000000000000e+03,4.640334849022789143e+01,-3.199644257678536108e-01,4.616426106766306248e+01,5.590518483326827326e-01,0.000000000000000000e+00,5.985000000000000142e+01,5.995700000000000074e+01,5.000000000000000000e+01,0.000000000000000000e+00
1.032000000000000000e+03,4.656480149847938321e+01,-2.242741302111010138e-01,4.616291905704654397e+01,6.261565716439421170e-01,0.000000000000000000e+00,5.985000000000000142e+01,5.992499999999999716e+01,5.000000000000000000e+01,0.000000000000000000e+00
1.033000000000000000e+03,4.672389735385295495e+01,-1.285838346543696775e-01,4.616214963762640622e+01,6.903315508809220180e-01,0.000000000000000000e+00,5.985000000000000142e+01,5.989300000000000068e+01,5.000000000000000000e+01,0.000000000000000000e+00
1.034000000000000000e+03,4.669298855421234862e+01,-1.285838346543696775e-01,4.616138021820626847e+01,6.601921706604511053e-01,0.000000000000000000e+00,5.985000000000000142e+01,5.989300000000000068e+01,5.000000000000000000e+01,0.000000000000000000e+00
1.035000000000000000e+03,4.704481442525496959e+01,6.578707819525544953e-02,4.616177387465378246e+01,8.172534724059316025e-01,0.000000000000000000e+00,5.985000000000000142e+01,5.982800000000000296e+01,5.000000000000000000e+01,0.000000000000000000e+00
1.036000000000000000e+03,4.662810857448383217e+01,-1.285838346543696775e-01,4.616100445523364471e+01,5.956879539045565330e-01,0.000000000000000000e+00,5.985000000000000142e+01,5.989300000000000068e+01,5.000000000000000000e+01,0.000000000000000000e+00
1.037000000000000000e+03,4.660133184638343096e+01,-1.285838346543696775e-01,4.616023503581350695e+01,5.696806452242950680e-01,0.000000000000000000e+00,5.985000000000000142e+01,5.989300000000000068e+01,5.000000000000000000e+01,0.000000000000000000e+00
1.038000000000000000e+03,4.657569057872058949e+01,-1.285838346543696775e-01,4.615946561639336920e+01,5.448087969815947895e-01,0.000000000000000000e+00,5.985000000000000142e+01,5.989300000000000068e+01,5.000000000000000000e+01,0.000000000000000000e+00
1.039000000000000000e+03,4.636335978544668279e+01,-2.242741302111010138e-01,4.615812360577685070e+01,4.295103098809325282e-01,0.000000000000000000e+00,5.985000000000000142e+01,5.992499999999999716e+01,5.000000000000000000e+01,0.000000000000000000e+00
1.040000000000000000e+03,4.577993942487893975e+01,-5.113450168813374885e-01,4.615506382157118992e+01,1.362206201890849844e-01,0.000000000000000000e+00,5.985000000000000142e+01,6.002100000000000080e+01,5.000000000000000000e+01,0.000000000000000000e+00
1.041000000000000000e+03,4.557728895182354023e+01,-6.100256341742312793e-01,4.615141355269426526e+01,3.590103330350478961e-02,0.000000000000000000e+00,5.985000000000000142e+01,6.005400000000000205e+01,5.000000000000000000e+01,0.000000000000000000e+00
1.042000000000000000e+03,4.576571466389669496e+01,-5.113450168813374885e-01,4.614835376848860449e+01,1.287059122894251562e-01,0.000000000000000000e+00,5.985000000000000142e+01,6.002100000000000080e+01,5.000000000000000000e+01,0.000000000000000000e+00
1.043000000000000000e+03,4.537561686493604185e+01,-7.057159297309626433e-01,4.614413090841529907e+01,-6.279811374829662174e-02,0.000000000000000000e+00,5.985000000000000142e+01,6.008599999999999852e+01,5.000000000000000000e+01,0.000000000000000000e+00
1.044000000000000000e+03,4.631888077040202489e+01,-2.242741302111010138e-01,4.614278889779878057e+01,4.003660028143434801e-01,0.000000000000000000e+00,5.985000000000000142e+01,5.992499999999999716e+01,5.000000000000000000e+01,0.000000000000000000e+00
1.045000000000000000e+03,4.648783448001312735e+01,-1.285838346543696775e-01,4.614201947837864282e+01,4.743988362888526544e-01,0.000000000000000000e+00,5.985000000000000142e+01,5.989300000000000068e+01,5.000000000000000000e+01,0.000000000000000000e+00
1.046000000000000000e+03,4.646635314776673198e+01,-1.285838346543696775e-01,4.614125005895850506e+01,4.536869234625982572e-01,0.000000000000000000e+00,5.985000000000000142e+01,5.989300000000000068e+01,5.000000000000000000e+01,0.000000000000000000e+00
1.047000000000000000e+03,4.701497030240167874e+01,1.614773737520080188e-01,4.614221630660239981e+01,7.112766220472691581e-01,0.000000000000000000e+00,5.985000000000000142e+01,5.979599999999999937e+01,5.000000000000000000e+01,0.000000000000000000e+00
1.048000000000000000e+03,4.698488272304540203e+01,1.614773737520080188e-01,4.614318255424629456e+01,6.802227950470997042e-01,0.000000000000000000e+00,5.985000000000000142e+01,5.979599999999999937e+01,5.000000000000000000e+01,0.000000000000000000e+00
1.049000000000000000e+03,4.752534515112328961e+01,4.515385821583857151e-01,4.614588446895421470e+01,9.279221000106934181e-01,0.000000000000000000e+00,5.985000000000000142e+01,5.969899999999999807e+01,5.000000000000000000e+01,0.000000000000000000e+00
1.050000000000000000e+03,4.673056502041131921e+01,6.578707819525544953e-02,4.614627812540172869e+01,5.184998168143313269e-01,0.000000000000000000e+00,5.985000000000000142e+01,5.982800000000000296e+01,5.000000000000000000e+01,0.000000000000000000e+00
1.051000000000000000e+03,4.670832134686389026e+01,6.578707819525544953e-02,4.614667178184924268e+01,4.958624868193892143e-01,0.000000000000000000e+00,5.985000000000000142e+01,5.982800000000000296e+01,5.000000000000000000e+01,0.000000000000000000e+00
1.052000000000000000e+03,4.687484141556310391e+01,1.614773737520080188e-01,4.614763802949313742e+01,5.657260123179564948e-01,0.000000000000000000e+00,5.985000000000000142e+01,5.979599999999999937e+01,5.000000000000000000e+01,0.000000000000000000e+00
1.053000000000000000e+03,4.628191425177217866e+01,-1.285838346543696775e-01,4.614686861007299967e+01,2.636294763535518837e-01,0.000000000000000000e+00,5.985000000000000142e+01,5.989300000000000068e+01,5.000000000000000000e+01,0.000000000000000000e+00
1.054000000000000000e+03,4.626963495856023201e+01,-1.285838346543696775e-01,4.614609919065286192e+01,2.521196025617426506e-01,0.000000000000000000e+00,5.985000000000000142e+01,5.989300000000000068e+01,5.000000000000000000e+01,0.000000000000000000e+00
1.055000000000000000e+03,4.625785817818006507e+01,-1.285838346543696775e-01,4.614532977123272417e+01,2.411122416017144887e-01,0.000000000000000000e+00,5.985000000000000142e+01,5.989300000000000068e+01,5.000000000000000000e+01,0.000000000000000000e+00
1.056000000000000000e+03,4.605878655862139937e+01,-2.242741302111010138e-01,4.614398776061620566e+01,1.390729282162926350e-01,0.000000000000000000e+00,5.985000000000000142e+01,5.992499999999999716e+01,5.000000000000000000e+01,0.000000000000000000e+00
1.057000000000000000e+03,4.605137272373936952e+01,-2.242741302111010138e-01,4.614264574999968715e+01,1.330011039507838499e-01,0.000000000000000000e+00,5.985000000000000142e+01,5.992499999999999716e+01,5.000000000000000000e+01,0.000000000000000000e+00
1.058000000000000000e+03,4.548089774236658656e+01,-5.113450168813374885e-01,4.613958596579402638e+01,-1.473432065461033058e-01,0.000000000000000000e+00,5.985000000000000142e+01,6.002100000000000080e+01,5.000000000000000000e+01,0.000000000000000000e+00
1.059000000000000000e+03,4.585982168216586530e+01,-3.199644257678536108e-01,4.613767136398112712e+01,4.211474395259531822e-02,0.000000000000000000e+00,5.985000000000000142e+01,5.995700000000000074e+01,5.000000000000000000e+01,0.000000000000000000e+00
1.060000000000000000e+03,4.509909874855992484e+01,-7.057159297309626433e-01,4.613344850390782170e+01,-3.286338256169297201e-01,0.000000000000000000e+00,5.985000000000000142e+01,6.008599999999999852e+01,5.000000000000000000e+01,0.000000000000000000e+00
1.061000000000000000e+03,4.492144839286808633e+01,-8.014062252877152126e-01,4.612865305263813553e+01,-4.057984344823365452e-01,0.000000000000000000e+00,5.985000000000000142e+01,6.011800000000000210e+01,5.000000000000000000e+01,0.000000000000000000e+00
1.062000000000000000e+03,4.512214522276102002e+01,-7.057159297309626433e-01,4.612443019256483012e+01,-2.965690400728459020e-01,0.000000000000000000e+00,5.985000000000000142e+01,6.008599999999999852e+01,5.000000000000000000e+01,0.000000000000000000e+00
1.063000000000000000e+03,4.494309494153778672e+01,-8.014062252877152126e-01,4.611963474129514395e+01,-3.751335744696409069e-01,0.000000000000000000e+00,5.985000000000000142e+01,6.011800000000000210e+01,5.000000000000000000e+01,0.000000000000000000e+00
1.064000000000000000e+03,4.438548333335552343e+01,-1.091467433694093048e+00,4.611310362296142529e+01,-6.361528559118081461e-01,0.000000000000000000e+00,5.985000000000000142e+01,6.021500000000000341e+01,5.000000000000000000e+01,0.000000000000000000e+00
1.065000000000000000e+03,4.440672619229142271e+01,-1.091467433694093048e+00,4.610657250462770662e+01,-6.083788786421937544e-01,0.000000000000000000e+00,5.985000000000000142e+01,6.021500000000000341e+01,5.000000000000000000e+01,0.000000000000000000e+00
1.066000000000000000e+03,4.385756223967923972e+01,-1.381528642100449344e+00,4.609830571922996256e+01,-8.592148374502741603e-01,0.000000000000000000e+00,5.985000000000000142e+01,6.031199999999999761e+01,5.000000000000000000e+01,0.000000000000000000e+00
1.067000000000000000e+03,4.445600237725261650e+01,-1.091467433694093048e+00,4.609177460089624390e+01,-5.443047899495352393e-01,0.000000000000000000e+00,5.985000000000000142e+01,6.021500000000000341e+01,5.000000000000000000e+01,0.000000000000000000e+00
1.068000000000000000e+03,4.371626558323860934e+01,-1.477218937657202025e+00,4.608293522430211908e+01,-8.894507034063074968e-01,0.000000000000000000e+00,5.985000000000000142e+01,6.034400000000000119e+01,5.000000000000000000e+01,0.000000000000000000e+00
1.069000000000000000e+03,4.374625898620254105e+01,-1.477218937657202025e+00,4.607409584770799427e+01,-8.506179238482540761e-01,0.000000000000000000e+00,5.985000000000000142e+01,6.034400000000000119e+01,5.000000000000000000e+01,0.000000000000000000e+00
1.070000000000000000e+03,4.301758734558417530e+01,-1.862970441620311002e+00,4.606294821285345620e+01,-1.182390425648965460e+00,0.000000000000000000e+00,5.985000000000000142e+01,6.047299999999999898e+01,5.000000000000000000e+01,0.000000000000000000e+00
1.071000000000000000e+03,4.305806202838584795e+01,-1.862970441620311002e+00,4.605180057799891813e+01,-1.130768107992756288e+00,0.000000000000000000e+00,5.985000000000000142e+01,6.047299999999999898e+01,5.000000000000000000e+01,0.000000000000000000e+00
1.072000000000000000e+03,4.347770172480288409e+01,-1.668599528770685847e+00,4.604181601901203180e+01,-8.955147654384667533e-01,0.000000000000000000e+00,5.985000000000000142e+01,6.040800000000000125e+01,5.000000000000000000e+01,0.000000000000000000e+00
1.073000000000000000e+03,4.274984506568353027e+01,-2.054351032733794824e+00,4.602952320176473222e+01,-1.225327103347409130e+00,0.000000000000000000e+00,5.985000000000000142e+01,6.053699999999999903e+01,5.000000000000000000e+01,0.000000000000000000e+00
1.074000000000000000e+03,4.279104915063505388e+01,-2.054351032733794824e+00,4.601723038451743264e+01,-1.171830201148590156e+00,0.000000000000000000e+00,5.985000000000000142e+01,6.053699999999999903e+01,5.000000000000000000e+01,0.000000000000000000e+00
1.075000000000000000e+03,4.301769301187948713e+01,-1.958660737177063682e+00,4.600551015846651381e+01,-1.029156409409965001e+00,0.000000000000000000e+00,5.985000000000000142e+01,6.050500000000000256e+01,5.000000000000000000e+01,0.000000000000000000e+00
1.076000000000000000e+03,4.305090501627632449e+01,-1.958660737177063682e+00,4.599378993241559499e+01,-9.842241789622044879e-01,0.000000000000000000e+00,5.985000000000000142e+01,6.050500000000000256e+01,5.000000000000000000e+01,0.000000000000000000e+00
1.077000000000000000e+03,4.289437989906868154e+01,-2.054351032733794824e+00,4.598149711516829541e+01,-1.032766183365819268e+00,0.000000000000000000e+00,5.985000000000000142e+01,6.053699999999999903e+01,5.000000000000000000e+01,0.000000000000000000e+00
1.078000000000000000e+03,4.292717691241016098e+01,-2.054351032733794824e+00,4.596920429792099583e+01,-9.876763527770444639e-01,0.000000000000000000e+00,5.985000000000000142e+01,6.053699999999999903e+01,5.000000000000000000e+01,0.000000000000000000e+00
1.079000000000000000e+03,4.295800533609865113e+01,-2.054351032733794824e+00,4.595691148067369625e+01,-9.445551118412524039e-01,0.000000000000000000e+00,5.985000000000000142e+01,6.053699999999999903e+01,5.000000000000000000e+01,0.000000000000000000e+00
1.080000000000000000e+03,4.298695111734600971e+01,-2.054351032733794824e+00,4.594461866342639667e+01,-9.033165133465944630e-01,0.000000000000000000e+00,5.985000000000000142e+01,6.053699999999999903e+01,5.000000000000000000e+01,0.000000000000000000e+00
1.081000000000000000e+03,4.301409645097047729e+01,-2.054351032733794824e+00,4.593232584617909708e+01,-8.638783624748269663e-01,0.000000000000000000e+00,5.985000000000000142e+01,6.053699999999999903e+01,5.000000000000000000e+01,0.000000000000000000e+00
1.082000000000000000e+03,4.303951994322351027e+01,-2.054351032733794824e+00,4.592003302893179750e+01,-8.261620529744985175e-01,0.000000000000000000e+00,5.985000000000000142e+01,6.053699999999999903e+01,5.000000000000000000e+01,0.000000000000000000e+00
1.083000000000000000e+03,4.325107218112459151e+01,-1.958660737177063682e+00,4.590831280288087868e+01,-6.985798845792225986e-01,0.000000000000000000e+00,5.985000000000000142e+01,6.050500000000000256e+01,5.000000000000000000e+01,0.000000000000000000e+00
1.084000000000000000e+03,4.421459649657419533e+01,-1.477218937657202025e+00,4.589947342628675386e+01,-2.076579920553576764e-01,0.000000000000000000e+00,5.985000000000000142e+01,6.034400000000000119e+01,5.000000000000000000e+01,0.000000000000000000e+00
1.085000000000000000e+03,4.497179295121324571e+01,-1.091467433694093048e+00,4.589294230795303520e+01,1.703180769543045370e-01,0.000000000000000000e+00,5.985000000000000142e+01,6.021500000000000341e+01,5.000000000000000000e+01,0.000000000000000000e+00
1.086000000000000000e+03,4.477005045517692849e+01,-1.187157729250824190e+00,4.588583859842293577e+01,7.136958600482108672e-02,0.000000000000000000e+00,5.985000000000000142e+01,6.024699999999999989e+01,5.000000000000000000e+01,0.000000000000000000e+00
1.087000000000000000e+03,4.570457584567597564e+01,-7.057159297309626433e-01,4.588161573834963036e+01,5.286760370573088119e-01,0.000000000000000000e+00,5.985000000000000142e+01,6.008599999999999852e+01,5.000000000000000000e+01,0.000000000000000000e+00
1.088000000000000000e+03,4.662201641408172748e+01,-2.242741302111010138e-01,4.588027372773311185e+01,9.660168165597176060e-01,0.000000000000000000e+00,5.985000000000000142e+01,5.992499999999999716e+01,5.000000000000000000e+01,0.000000000000000000e+00
1.089000000000000000e+03,4.676627421500122495e+01,-1.285838346543696775e-01,4.587950430831297410e+01,1.015353741342620131e+00,0.000000000000000000e+00,5.985000000000000142e+01,5.989300000000000068e+01,5.000000000000000000e+01,0.000000000000000000e+00
1.090000000000000000e+03,4.672117517971816625e+01,-1.285838346543696775e-01,4.587873488889283635e+01,9.710241254797034038e-01,0.000000000000000000e+00,5.985000000000000142e+01,5.989300000000000068e+01,5.000000000000000000e+01,0.000000000000000000e+00
1.091000000000000000e+03,4.667801154365859873e+01,-1.285838346543696775e-01,4.587796546947269860e+01,9.286299088402683033e-01,0.000000000000000000e+00,5.985000000000000142e+01,5.989300000000000068e+01,5.000000000000000000e+01,0.000000000000000000e+00
1.092000000000000000e+03,4.833841348591775500e+01,7.386094688286010124e-01,4.588238515776976101e+01,1.717418859319396862e+00,0.000000000000000000e+00,5.985000000000000142e+01,5.960300000000000153e+01,5.000000000000000000e+01,0.000000000000000000e+00
1.093000000000000000e+03,4.808007648634990261e+01,6.429191732718696484e-01,4.588623225487044266e+01,1.550925058207590190e+00,0.000000000000000000e+00,5.985000000000000142e+01,5.963499999999999801e+01,5.000000000000000000e+01,0.000000000000000000e+00
1.094000000000000000e+03,4.839763011511562496e+01,8.372900861214948032e-01,4.589124242783877605e+01,1.669097601155355104e+00,0.000000000000000000e+00,5.985000000000000142e+01,5.957000000000000028e+01,5.000000000000000000e+01,0.000000000000000000e+00
1.095000000000000000e+03,4.832976868434209905e+01,8.372900861214948032e-01,4.589625260080710945e+01,1.596225997413496689e+00,0.000000000000000000e+00,5.985000000000000142e+01,5.957000000000000028e+01,5.000000000000000000e+01,0.000000000000000000e+00
1.096000000000000000e+03,4.920983382045357502e+01,1.318731885641356349e+00,4.590414362323222974e+01,1.986958311579987813e+00,0.000000000000000000e+00,5.985000000000000142e+01,5.940899999999999892e+01,5.000000000000000000e+01,0.000000000000000000e+00
1.097000000000000000e+03,4.988794530086273937e+01,1.704483389604465549e+00,4.591434290391776329e+01,2.269119007340514749e+00,0.000000000000000000e+00,5.985000000000000142e+01,5.928000000000000114e+01,5.000000000000000000e+01,0.000000000000000000e+00
1.098000000000000000e+03,4.960543307940243807e+01,1.605802772311571758e+00,4.592395169993202586e+01,2.075678607158839561e+00,0.000000000000000000e+00,5.985000000000000142e+01,5.931300000000000239e+01,5.000000000000000000e+01,0.000000000000000000e+00
1.099000000000000000e+03,4.990583804362859865e+01,1.800173685161218007e+00,4.593472357181394017e+01,2.170940786653439147e+00,0.000000000000000000e+00,5.985000000000000142e+01,5.924799999999999756e+01,5.000000000000000000e+01,0.000000000000000000e+00
1.100000000000000000e+03,4.963405278568573920e+01,1.704483389604465549e+00,4.594492285249947372e+01,1.984646543581805034e+00,0.000000000000000000e+00,5.985000000000000142e+01,5.928000000000000114e+01,5.000000000000000000e+01,0.000000000000000000e+00
1.101000000000000000e+03,4.955760382219943239e+01,1.704483389604465549e+00,4.595512213318500727e+01,1.897998299409964673e+00,0.000000000000000000e+00,5.985000000000000142e+01,5.928000000000000114e+01,5.000000000000000000e+01,0.000000000000000000e+00
1.102000000000000000e+03,4.967271327154693950e+01,1.800173685161218007e+00,4.596589400506692158e+01,1.906645581318796800e+00,0.000000000000000000e+00,5.985000000000000142e+01,5.924799999999999756e+01,5.000000000000000000e+01,0.000000000000000000e+00
1.103000000000000000e+03,4.978801777796678607e+01,1.895863980717949371e+00,4.597723846814521664e+01,1.914915329103619612e+00,0.000000000000000000e+00,5.985000000000000142e+01,5.921600000000000108e+01,5.000000000000000000e+01,0.000000000000000000e+00
1.104000000000000000e+03,4.990353382432805773e+01,1.991554276274702051e+00,4.598915552241989246e+01,1.922824025633459000e+00,0.000000000000000000e+00,5.985000000000000142e+01,5.918399999999999750e+01,5.000000000000000000e+01,0.000000000000000000e+00
1.105000000000000000e+03,4.964372634854818500e+01,1.895863980717949371e+00,4.600049998549818753e+01,1.747362382332051434e+00,0.000000000000000000e+00,5.985000000000000142e+01,5.921600000000000108e+01,5.000000000000000000e+01,0.000000000000000000e+00
1.106000000000000000e+03,4.939100681103035839e+01,1.800173685161218007e+00,4.601127185738010184e+01,1.579561268489040105e+00,0.000000000000000000e+00,5.985000000000000142e+01,5.924799999999999756e+01,5.000000000000000000e+01,0.000000000000000000e+00
1.107000000000000000e+03,4.970836699653636970e+01,1.991554276274702051e+00,4.602318891165477766e+01,1.693623808606887327e+00,0.000000000000000000e+00,5.985000000000000142e+01,5.918399999999999750e+01,5.000000000000000000e+01,0.000000000000000000e+00
1.108000000000000000e+03,5.078473008970352964e+01,2.571676693087435961e+00,4.603857730005750426e+01,2.174476096558593419e+00,0.000000000000000000e+00,5.985000000000000142e+01,5.899000000000000199e+01,5.000000000000000000e+01,0.000000000000000000e+00
1.109000000000000000e+03,5.070518241184813490e+01,2.571676693087435961e+00,4.605396568846023087e+01,2.079540030300469411e+00,0.000000000000000000e+00,5.985000000000000142e+01,5.899000000000000199e+01,5.000000000000000000e+01,0.000000000000000000e+00
1.110000000000000000e+03,5.024836076756511005e+01,2.377305780237811028e+00,4.606819100099531283e+01,1.802863986331983970e+00,0.000000000000000000e+00,5.985000000000000142e+01,5.905499999999999972e+01,5.000000000000000000e+01,0.000000000000000000e+00
1.111000000000000000e+03,5.075306855158213182e+01,2.667366988644188641e+00,4.608415198059442019e+01,2.001549582343523870e+00,0.000000000000000000e+00,5.985000000000000142e+01,5.895799999999999841e+01,5.000000000000000000e+01,0.000000000000000000e+00
1.112000000000000000e+03,5.011244909283698235e+01,2.377305780237811028e+00,4.609837729312950216e+01,1.636766019469669597e+00,0.000000000000000000e+00,5.985000000000000142e+01,5.905499999999999972e+01,5.000000000000000000e+01,0.000000000000000000e+00
1.113000000000000000e+03,4.929824474300166059e+01,1.991554276274702051e+00,4.611029434740417798e+01,1.196396119322776341e+00,0.000000000000000000e+00,5.985000000000000142e+01,5.918399999999999750e+01,5.000000000000000000e+01,0.000000000000000000e+00
1.114000000000000000e+03,4.982712222071039321e+01,2.281615484681058348e+00,4.612394706874287920e+01,1.421559667286460549e+00,0.000000000000000000e+00,5.985000000000000142e+01,5.908700000000000330e+01,5.000000000000000000e+01,0.000000000000000000e+00
1.115000000000000000e+03,5.072345571184803248e+01,2.763057284200920005e+00,4.614048063953836731e+01,1.819917788108746715e+00,0.000000000000000000e+00,5.985000000000000142e+01,5.892600000000000193e+01,5.000000000000000000e+01,0.000000000000000000e+00
1.116000000000000000e+03,5.066053297774797670e+01,2.763057284200920005e+00,4.615701421033385543e+01,1.740461483213203264e+00,0.000000000000000000e+00,5.985000000000000142e+01,5.892600000000000193e+01,5.000000000000000000e+01,0.000000000000000000e+00
1.117000000000000000e+03,5.060107924891228492e+01,2.763057284200920005e+00,4.617354778112934355e+01,1.664474183582020927e+00,0.000000000000000000e+00,5.985000000000000142e+01,5.892600000000000193e+01,5.000000000000000000e+01,0.000000000000000000e+00
1.118000000000000000e+03,5.054494307106001116e+01,2.763057284200920005e+00,4.619008135192483167e+01,1.591804434934258827e+00,0.000000000000000000e+00,5.985000000000000142e+01,5.892600000000000193e+01,5.000000000000000000e+01,0.000000000000000000e+00
1.119000000000000000e+03,5.049197960229545856e+01,2.763057284200920005e+00,4.620661492272031978e+01,1.522307395374218553e+00,0.000000000000000000e+00,5.985000000000000142e+01,5.892600000000000193e+01,5.000000000000000000e+01,0.000000000000000000e+00
1.120000000000000000e+03,5.044205032441617220e+01,2.763057284200920005e+00,4.622314849351580790e+01,1.455844546699448294e+00,0.000000000000000000e+00,5.985000000000000142e+01,5.892600000000000193e+01,5.000000000000000000e+01,0.000000000000000000e+00
1.121000000000000000e+03,5.039502276682505055e+01,2.763057284200920005e+00,4.623968206431129602e+01,1.392283418312832755e+00,0.000000000000000000e+00,5.985000000000000142e+01,5.892600000000000193e+01,5.000000000000000000e+01,0.000000000000000000e+00
1.122000000000000000e+03,5.035077024249618916e+01,2.763057284200920005e+00,4.625621563510678413e+01,1.331497323188483461e+00,0.000000000000000000e+00,5.985000000000000142e+01,5.892600000000000193e+01,5.000000000000000000e+01,0.000000000000000000e+00
1.123000000000000000e+03,5.030917159546835649e+01,2.763057284200920005e+00,4.627274920590227225e+01,1.273365105365168004e+00,0.000000000000000000e+00,5.985000000000000142e+01,5.892600000000000193e+01,5.000000000000000000e+01,0.000000000000000000e+00
1.124000000000000000e+03,5.065152976632957404e+01,2.957428197050566254e+00,4.629044585256541211e+01,1.403655716713591683e+00,0.000000000000000000e+00,5.985000000000000142e+01,5.886099999999999710e+01,5.000000000000000000e+01,0.000000000000000000e+00
1.125000000000000000e+03,5.192823968174931792e+01,3.630250587683890640e+00,4.631216853107810039e+01,1.985820562987325122e+00,0.000000000000000000e+00,5.985000000000000142e+01,5.863600000000000279e+01,5.000000000000000000e+01,0.000000000000000000e+00
1.126000000000000000e+03,5.167548744658465409e+01,3.534560292127159276e+00,4.633331861839440791e+01,1.807608536063085136e+00,0.000000000000000000e+00,5.985000000000000142e+01,5.866799999999999926e+01,5.000000000000000000e+01,0.000000000000000000e+00
1.127000000000000000e+03,5.029155479020268871e+01,2.858747579757672685e+00,4.635042478038627678e+01,1.082382430058738354e+00,0.000000000000000000e+00,5.985000000000000142e+01,5.889399999999999835e+01,5.000000000000000000e+01,0.000000000000000000e+00
1.128000000000000000e+03,5.007362949921262185e+01,2.763057284200920005e+00,4.636695835118176490e+01,9.436138638299373937e-01,0.000000000000000000e+00,5.985000000000000142e+01,5.892600000000000193e+01,5.000000000000000000e+01,0.000000000000000000e+00
1.129000000000000000e+03,5.004896556572631283e+01,2.763057284200920005e+00,4.638349192197725301e+01,9.024163595481378142e-01,0.000000000000000000e+00,5.985000000000000142e+01,5.892600000000000193e+01,5.000000000000000000e+01,0.000000000000000000e+00
1.130000000000000000e+03,5.002610028571903911e+01,2.763057284200920005e+00,4.640002549277274113e+01,8.630175087453790805e-01,0.000000000000000000e+00,5.985000000000000142e+01,5.892600000000000193e+01,5.000000000000000000e+01,0.000000000000000000e+00
1.131000000000000000e+03,4.962940430594917274e+01,2.571676693087435961e+00,4.641541388117546774e+01,6.423137316862704838e-01,0.000000000000000000e+00,5.985000000000000142e+01,5.899000000000000199e+01,5.000000000000000000e+01,0.000000000000000000e+00
1.132000000000000000e+03,4.829058588575066580e+01,1.895863980717949371e+00,4.642675834425376280e+01,-3.203643922104304487e-02,0.000000000000000000e+00,5.985000000000000142e+01,5.921600000000000108e+01,5.000000000000000000e+01,0.000000000000000000e+00
1.133000000000000000e+03,4.849110444944086140e+01,1.991554276274702051e+00,4.643867539852843862e+01,6.087477463771524822e-02,0.000000000000000000e+00,5.985000000000000142e+01,5.918399999999999750e+01,5.000000000000000000e+01,0.000000000000000000e+00
1.134000000000000000e+03,4.812481292940935163e+01,1.800173685161218007e+00,4.644944727041035293e+01,-1.248080261622202258e-01,0.000000000000000000e+00,5.985000000000000142e+01,5.924799999999999756e+01,5.000000000000000000e+01,0.000000000000000000e+00
1.135000000000000000e+03,4.814103383016770721e+01,1.800173685161218007e+00,4.646021914229226724e+01,-1.193589972857775072e-01,0.000000000000000000e+00,5.985000000000000142e+01,5.924799999999999756e+01,5.000000000000000000e+01,0.000000000000000000e+00
1.136000000000000000e+03,4.815701683023482360e+01,1.800173685161218007e+00,4.647099101417418154e+01,-1.141478691005749085e-01,0.000000000000000000e+00,5.985000000000000142e+01,5.924799999999999756e+01,5.000000000000000000e+01,0.000000000000000000e+00
1.137000000000000000e+03,4.760357809655671701e+01,1.510112476754840394e+00,4.648002721899206335e+01,-3.865615991901905080e-01,0.000000000000000000e+00,5.985000000000000142e+01,5.934499999999999886e+01,5.000000000000000000e+01,0.000000000000000000e+00
1.138000000000000000e+03,4.781726671611014012e+01,1.605802772311571758e+00,4.648963601500632592e+01,-2.781720712077561664e-01,0.000000000000000000e+00,5.985000000000000142e+01,5.931300000000000239e+01,5.000000000000000000e+01,0.000000000000000000e+00
1.139000000000000000e+03,4.633094902224319611e+01,8.372900861214948032e-01,4.649464618797465931e+01,-1.000987251852955895e+00,0.000000000000000000e+00,5.985000000000000142e+01,5.957000000000000028e+01,5.000000000000000000e+01,0.000000000000000000e+00
1.140000000000000000e+03,4.637966158045082921e+01,8.372900861214948032e-01,4.649965636094299271e+01,-9.572848666136574147e-01,0.000000000000000000e+00,5.985000000000000142e+01,5.957000000000000028e+01,5.000000000000000000e+01,0.000000000000000000e+00
1.141000000000000000e+03,4.642646612387398619e+01,8.372900861214948032e-01,4.650466653391132610e+01,-9.154904961588314904e-01,0.000000000000000000e+00,5.985000000000000142e+01,5.957000000000000028e+01,5.000000000000000000e+01,0.000000000000000000e+00
1.142000000000000000e+03,4.647144595506922116e+01,8.372900861214948032e-01,4.650967670687965949e+01,-8.755208379319282530e-01,0.000000000000000000e+00,5.985000000000000142e+01,5.957000000000000028e+01,5.000000000000000000e+01,0.000000000000000000e+00
1.143000000000000000e+03,4.651468073966323402e+01,8.372900861214948032e-01,4.651468687984799288e+01,-8.372962263062496691e-01,0.000000000000000000e+00,5.985000000000000142e+01,5.957000000000000028e+01,5.000000000000000000e+01,0.000000000000000000e+00
1.144000000000000000e+03,4.598705244551113935e+01,5.472288777151170791e-01,4.651796138575229378e+01,-1.078137817956273281e+00,0.000000000000000000e+00,5.985000000000000142e+01,5.966700000000000159e+01,5.000000000000000000e+01,0.000000000000000000e+00
1.145000000000000000e+03,4.603739767501772917e+01,5.472288777151170791e-01,4.652123589165659467e+01,-1.031067094353987912e+00,0.000000000000000000e+00,5.985000000000000142e+01,5.966700000000000159e+01,5.000000000000000000e+01,0.000000000000000000e+00
1.146000000000000000e+03,4.571013700518236789e+01,3.558482866016331458e-01,4.652336521516813406e+01,-1.169076496587399872e+00,0.000000000000000000e+00,5.985000000000000142e+01,5.973100000000000165e+01,5.000000000000000000e+01,0.000000000000000000e+00
1.147000000000000000e+03,4.576330736975960889e+01,3.558482866016331458e-01,4.652549453867967344e+01,-1.118035455521696697e+00,0.000000000000000000e+00,5.985000000000000142e+01,5.973100000000000165e+01,5.000000000000000000e+01,0.000000000000000000e+00
1.148000000000000000e+03,4.486363629250992346e+01,-1.285838346543696775e-01,4.652472511925953569e+01,-1.532504992095240492e+00,0.000000000000000000e+00,5.985000000000000142e+01,5.989300000000000068e+01,5.000000000000000000e+01,0.000000000000000000e+00
1.149000000000000000e+03,4.492977494152094664e+01,-1.285838346543696775e-01,4.652395569983939794e+01,-1.465596923664082452e+00,0.000000000000000000e+00,5.985000000000000142e+01,5.989300000000000068e+01,5.000000000000000000e+01,0.000000000000000000e+00
1.150000000000000000e+03,4.499299243226867873e+01,-1.285838346543696775e-01,4.652318628041926019e+01,-1.401610013496212170e+00,0.000000000000000000e+00,5.985000000000000142e+01,5.989300000000000068e+01,5.000000000000000000e+01,0.000000000000000000e+00
1.151000000000000000e+03,4.505341630042705958e+01,-1.285838346543696775e-01,4.652241686099912243e+01,-1.340416725917692675e+00,0.000000000000000000e+00,5.985000000000000142e+01,5.989300000000000068e+01,5.000000000000000000e+01,0.000000000000000000e+00
1.152000000000000000e+03,4.511116851355400570e+01,-1.285838346543696775e-01,4.652164744157898468e+01,-1.281895093370608585e+00,0.000000000000000000e+00,5.985000000000000142e+01,5.989300000000000068e+01,5.000000000000000000e+01,0.000000000000000000e+00
1.153000000000000000e+03,4.516636571419135748e+01,-1.285838346543696775e-01,4.652087802215884693e+01,-1.225928473313115052e+00,0.000000000000000000e+00,5.985000000000000142e+01,5.989300000000000068e+01,5.000000000000000000e+01,0.000000000000000000e+00
1.154000000000000000e+03,4.503134403969069410e+01,-2.242741302111010138e-01,4.651953601154232842e+01,-1.263917841640533446e+00,0.000000000000000000e+00,5.985000000000000142e+01,5.992499999999999716e+01,5.000000000000000000e+01,0.000000000000000000e+00
1.155000000000000000e+03,4.527295918787982743e+01,-1.285838346543696775e-01,4.651876659212219067e+01,-1.117223569587990850e+00,0.000000000000000000e+00,5.985000000000000142e+01,5.989300000000000068e+01,5.000000000000000000e+01,0.000000000000000000e+00
1.156000000000000000e+03,4.513319153527484673e+01,-2.242741302111010138e-01,4.651742458150567217e+01,-1.159958916019727893e+00,0.000000000000000000e+00,5.985000000000000142e+01,5.992499999999999716e+01,5.000000000000000000e+01,0.000000000000000000e+00
1.157000000000000000e+03,4.537026791135860293e+01,-1.285838346543696775e-01,4.651665516208553441e+01,-1.017803416072558198e+00,0.000000000000000000e+00,5.985000000000000142e+01,5.989300000000000068e+01,5.000000000000000000e+01,0.000000000000000000e+00
1.158000000000000000e+03,4.541393505884252590e+01,-1.285838346543696775e-01,4.651588574266539666e+01,-9.733668491684962509e-01,0.000000000000000000e+00,5.985000000000000142e+01,5.989300000000000068e+01,5.000000000000000000e+01,0.000000000000000000e+00
1.159000000000000000e+03,4.545566213769724584e+01,-1.285838346543696775e-01,4.651511632324525891e+01,-9.308703508936384541e-01,0.000000000000000000e+00,5.985000000000000142e+01,5.989300000000000068e+01,5.000000000000000000e+01,0.000000000000000000e+00
1.160000000000000000e+03,4.568917724423344140e+01,-2.990321736147588672e-02,4.651493738849639215e+01,-7.958569269014726943e-01,0.000000000000000000e+00,5.985000000000000142e+01,5.985999999999999943e+01,5.000000000000000000e+01,0.000000000000000000e+00
1.161000000000000000e+03,4.628707108989280528e+01,2.571676693087393550e-01,4.651647622733666765e+01,-4.865728067526057798e-01,0.000000000000000000e+00,5.985000000000000142e+01,5.976400000000000290e+01,5.000000000000000000e+01,0.000000000000000000e+00
1.162000000000000000e+03,4.687904756800281092e+01,5.472288777151170791e-01,4.651975073324096854e+01,-1.879320429532701509e-01,0.000000000000000000e+00,5.985000000000000142e+01,5.966700000000000159e+01,5.000000000000000000e+01,0.000000000000000000e+00
1.163000000000000000e+03,4.726607787738839050e+01,7.386094688286010124e-01,4.652417042153803095e+01,3.297987021762732729e-03,0.000000000000000000e+00,5.985000000000000142e+01,5.960300000000000153e+01,5.000000000000000000e+01,0.000000000000000000e+00
1.164000000000000000e+03,4.746399697224455139e+01,8.372900861214948032e-01,4.652918059450636434e+01,9.752629161669242042e-02,0.000000000000000000e+00,5.985000000000000142e+01,5.957000000000000028e+01,5.000000000000000000e+01,0.000000000000000000e+00
1.165000000000000000e+03,4.746474921729291907e+01,8.372900861214948032e-01,4.653419076747469774e+01,9.326836369672829308e-02,0.000000000000000000e+00,5.985000000000000142e+01,5.957000000000000028e+01,5.000000000000000000e+01,0.000000000000000000e+00
1.166000000000000000e+03,4.859820781802863365e+01,1.414422181198087713e+00,4.654265438109619879e+01,6.411312557343419316e-01,0.000000000000000000e+00,5.985000000000000142e+01,5.937700000000000244e+01,5.000000000000000000e+01,0.000000000000000000e+00
1.167000000000000000e+03,4.857868010101611134e+01,1.414422181198087713e+00,4.655111799471769984e+01,6.131399251003196715e-01,0.000000000000000000e+00,5.985000000000000142e+01,5.937700000000000244e+01,5.000000000000000000e+01,0.000000000000000000e+00
1.168000000000000000e+03,4.893592529073739428e+01,1.605802772311571758e+00,4.656072679073196241e+01,7.693957276938595546e-01,0.000000000000000000e+00,5.985000000000000142e+01,5.931300000000000239e+01,5.000000000000000000e+01,0.000000000000000000e+00
1.169000000000000000e+03,4.910558621560382875e+01,1.704483389604465549e+00,4.657092607141749596e+01,8.301767545818735661e-01,0.000000000000000000e+00,5.985000000000000142e+01,5.928000000000000114e+01,5.000000000000000000e+01,0.000000000000000000e+00
1.170000000000000000e+03,4.888589718050354804e+01,1.605802772311571758e+00,4.658053486743175853e+01,6.995595407602180904e-01,0.000000000000000000e+00,5.985000000000000142e+01,5.931300000000000239e+01,5.000000000000000000e+01,0.000000000000000000e+00
1.171000000000000000e+03,4.924638251584689641e+01,1.800173685161218007e+00,4.659130673931367284e+01,8.549020913720024595e-01,0.000000000000000000e+00,5.985000000000000142e+01,5.924799999999999756e+01,5.000000000000000000e+01,0.000000000000000000e+00
1.172000000000000000e+03,4.903205456312400656e+01,1.704483389604465549e+00,4.660150601999920639e+01,7.260651535203370699e-01,0.000000000000000000e+00,5.985000000000000142e+01,5.928000000000000114e+01,5.000000000000000000e+01,0.000000000000000000e+00
1.173000000000000000e+03,4.919832977279619257e+01,1.800173685161218007e+00,4.661227789188112069e+01,7.858781957538522045e-01,0.000000000000000000e+00,5.985000000000000142e+01,5.924799999999999756e+01,5.000000000000000000e+01,0.000000000000000000e+00
1.174000000000000000e+03,4.917479076649416925e+01,1.800173685161218007e+00,4.662304976376303500e+01,7.515673175699161268e-01,0.000000000000000000e+00,5.985000000000000142e+01,5.924799999999999756e+01,5.000000000000000000e+01,0.000000000000000000e+00
1.175000000000000000e+03,4.915274974851669043e+01,1.800173685161218007e+00,4.663382163564494931e+01,7.187544277105240020e-01,0.000000000000000000e+00,5.985000000000000142e+01,5.924799999999999756e+01,5.000000000000000000e+01,0.000000000000000000e+00
1.176000000000000000e+03,4.913214131776826576e+01,1.800173685161218007e+00,4.664459350752686362e+01,6.873741250801852498e-01,0.000000000000000000e+00,5.985000000000000142e+01,5.924799999999999756e+01,5.000000000000000000e+01,0.000000000000000000e+00
1.177000000000000000e+03,4.930067834117890158e+01,1.895863980717949371e+00,4.665593797060515868e+01,7.488763898557915244e-01,0.000000000000000000e+00,5.985000000000000142e+01,5.921600000000000108e+01,5.000000000000000000e+01,0.000000000000000000e+00
1.178000000000000000e+03,4.984852161799862102e+01,2.185925189124326984e+00,4.666901810074747914e+01,9.935783281268142364e-01,0.000000000000000000e+00,5.985000000000000142e+01,5.911899999999999977e+01,5.000000000000000000e+01,0.000000000000000000e+00
1.179000000000000000e+03,5.076296787614455042e+01,2.667366988644188641e+00,4.668497908034658650e+01,1.410621807153775498e+00,0.000000000000000000e+00,5.985000000000000142e+01,5.895799999999999841e+01,5.000000000000000000e+01,0.000000000000000000e+00
1.180000000000000000e+03,4.996037248743162706e+01,2.281615484681058348e+00,4.669863180168528771e+01,9.801252010652750091e-01,0.000000000000000000e+00,5.985000000000000142e+01,5.908700000000000330e+01,5.000000000000000000e+01,0.000000000000000000e+00
1.181000000000000000e+03,4.955568282037933869e+01,2.090234893567574304e+00,4.671113934063122741e+01,7.543085861805343129e-01,0.000000000000000000e+00,5.985000000000000142e+01,5.915100000000000335e+01,5.000000000000000000e+01,0.000000000000000000e+00
1.182000000000000000e+03,4.991080861296634197e+01,2.281615484681058348e+00,4.672479206196992862e+01,9.044010663153484453e-01,0.000000000000000000e+00,5.985000000000000142e+01,5.908700000000000330e+01,5.000000000000000000e+01,0.000000000000000000e+00
1.183000000000000000e+03,5.007275124528941745e+01,2.377305780237811028e+00,4.673901737450501059e+01,9.564280905465939453e-01,0.000000000000000000e+00,5.985000000000000142e+01,5.905499999999999972e+01,5.000000000000000000e+01,0.000000000000000000e+00
1.184000000000000000e+03,4.910047454864935901e+01,1.895863980717949371e+00,4.675036183758330566e+01,4.542487303481022587e-01,0.000000000000000000e+00,5.985000000000000142e+01,5.921600000000000108e+01,5.000000000000000000e+01,0.000000000000000000e+00
1.185000000000000000e+03,4.909198683806970820e+01,1.895863980717949371e+00,4.676170630066160072e+01,4.344165566901592168e-01,0.000000000000000000e+00,5.985000000000000142e+01,5.921600000000000108e+01,5.000000000000000000e+01,0.000000000000000000e+00
1.186000000000000000e+03,4.889658957330242117e+01,1.800173685161218007e+00,4.677247817254351503e+01,3.239377155976903011e-01,0.000000000000000000e+00,5.985000000000000142e+01,5.924799999999999756e+01,5.000000000000000000e+01,0.000000000000000000e+00
1.187000000000000000e+03,4.926876938225760227e+01,1.991554276274702051e+00,4.678439522681819085e+01,4.928198791647033783e-01,0.000000000000000000e+00,5.985000000000000142e+01,5.918399999999999750e+01,5.000000000000000000e+01,0.000000000000000000e+00
1.188000000000000000e+03,4.925917027419057348e+01,1.991554276274702051e+00,4.679631228109286667e+01,4.713037168230033158e-01,0.000000000000000000e+00,5.985000000000000142e+01,5.918399999999999750e+01,5.000000000000000000e+01,0.000000000000000000e+00
1.189000000000000000e+03,4.887495972101300623e+01,1.800173685161218007e+00,4.680708415297478098e+01,2.677018828770052483e-01,0.000000000000000000e+00,5.985000000000000142e+01,5.924799999999999756e+01,5.000000000000000000e+01,0.000000000000000000e+00
1.190000000000000000e+03,4.887404392075612236e+01,1.800173685161218007e+00,4.681785602485669529e+01,2.560142107382045729e-01,0.000000000000000000e+00,5.985000000000000142e+01,5.924799999999999756e+01,5.000000000000000000e+01,0.000000000000000000e+00
1.191000000000000000e+03,4.887363839587927572e+01,1.800173685161218007e+00,4.682862789673860959e+01,2.448368139794498966e-01,0.000000000000000000e+00,5.985000000000000142e+01,5.924799999999999756e+01,5.000000000000000000e+01,0.000000000000000000e+00
1.192000000000000000e+03,4.868594545546486074e+01,1.704483389604465549e+00,4.683882717742414314e+01,1.426348884362583225e-01,0.000000000000000000e+00,5.985000000000000142e+01,5.928000000000000114e+01,5.000000000000000000e+01,0.000000000000000000e+00
1.193000000000000000e+03,4.887769281191791038e+01,1.800173685161218007e+00,4.684959904930605745e+01,2.279200774506358051e-01,0.000000000000000000e+00,5.985000000000000142e+01,5.924799999999999756e+01,5.000000000000000000e+01,0.000000000000000000e+00
1.194000000000000000e+03,4.849709504977685981e+01,1.605802772311571758e+00,4.685920784532032002e+01,3.208443214497164186e-02,0.000000000000000000e+00,5.985000000000000142e+01,5.931300000000000239e+01,5.000000000000000000e+01,0.000000000000000000e+00
1.195000000000000000e+03,4.888672186947013643e+01,1.800173685161218007e+00,4.686997971720223433e+01,2.165684671066797906e-01,0.000000000000000000e+00,5.985000000000000142e+01,5.924799999999999756e+01,5.000000000000000000e+01,0.000000000000000000e+00
1.196000000000000000e+03,4.831884429783169566e+01,1.510112476754840394e+00,4.687901592202011614e+01,-7.028410094326378865e-02,0.000000000000000000e+00,5.985000000000000142e+01,5.934499999999999886e+01,5.000000000000000000e+01,0.000000000000000000e+00
1.197000000000000000e+03,4.833094905607014624e+01,1.510112476754840394e+00,4.688805212683799795e+01,-6.721554752269388866e-02,0.000000000000000000e+00,5.985000000000000142e+01,5.934499999999999886e+01,5.000000000000000000e+01,0.000000000000000000e+00
1.198000000000000000e+03,4.853069525612843194e+01,1.605802772311571758e+00,4.689766092285226051e+01,2.723156096459986020e-02,0.000000000000000000e+00,5.985000000000000142e+01,5.931300000000000239e+01,5.000000000000000000e+01,0.000000000000000000e+00
1.199000000000000000e+03,4.892053394869565608e+01,1.800173685161218007e+00,4.690843279473417482e+01,2.119274688002618923e-01,0.000000000000000000e+00,5.985000000000000142e+01,5.924799999999999756e+01,5.000000000000000000e+01,0.000000000000000000e+00
1.200000000000000000e+03,0.000000000000000000e+00,-2.810304367632061684e+01,5.649803315484638944e+01,-2.839498947852577260e+01,0.000000000000000000e+00,4.985000000000000142e+01,5.924799999999999756e+01,5.000000000000000000e+01,0.000000000000000000e+00
1.201000000000000000e+03,6.901231841742507811e-01,-2.829741458917026264e+01,5.632870720199169767e+01,-2.734116942864718425e+01,0.000000000000000000e+00,4.985000000000000142e+01,5.931300000000000239e+01,5.000000000000000000e+01,0.000000000000000000e+00
1.202000000000000000e+03,1.714493072152500019e+00,-2.829741458917026264e+01,5.615938124913700591e+01,-2.614747358781424325e+01,0.000000000000000000e+00,4.985000000000000142e+01,5.931300000000000239e+01,5.000000000000000000e+01,0.000000000000000000e+00
1.203000000000000000e+03,2.498971643498297368e+00,-2.839310488472699490e+01,5.598948270508593339e+01,-2.509740617686064112e+01,0.000000000000000000e+00,4.985000000000000142e+01,5.934499999999999886e+01,5.000000000000000000e+01,0.000000000000000000e+00
1.204000000000000000e+03,3.424807846536126021e+00,-2.839310488472699490e+01,5.581958416103486087e+01,-2.400167142977173995e+01,0.000000000000000000e+00,4.985000000000000142e+01,5.934499999999999886e+01,5.000000000000000000e+01,0.000000000000000000e+00
1.205000000000000000e+03,2.982509186401067325e+00,-2.906592727536034104e+01,5.564565958513423993e+01,-2.359722312337283157e+01,0.000000000000000000e+00,4.985000000000000142e+01,5.957000000000000028e+01,5.000000000000000000e+01,0.000000000000000000e+00
1.206000000000000000e+03,3.838822441807824504e+00,-2.906592727536034104e+01,5.547173500923361900e+01,-2.256698529206545345e+01,0.000000000000000000e+00,4.985000000000000142e+01,5.957000000000000028e+01,5.000000000000000000e+01,0.000000000000000000e+00
1.207000000000000000e+03,4.650156252662668521e+00,-2.906592727536034104e+01,5.529781043333299806e+01,-2.158172690530998850e+01,0.000000000000000000e+00,4.985000000000000142e+01,5.957000000000000028e+01,5.000000000000000000e+01,0.000000000000000000e+00
1.208000000000000000e+03,5.418474389243407074e+00,-2.906592727536034104e+01,5.512388585743237712e+01,-2.063948419282862901e+01,0.000000000000000000e+00,4.985000000000000142e+01,5.957000000000000028e+01,5.000000000000000000e+01,0.000000000000000000e+00
1.209000000000000000e+03,6.333430297687097976e+00,-2.897023697980358747e+01,5.495053387272813694e+01,-1.964686659523745149e+01,0.000000000000000000e+00,4.985000000000000142e+01,5.953799999999999670e+01,5.000000000000000000e+01,0.000000000000000000e+00
1.210000000000000000e+03,7.017846412527347866e+00,-2.897023697980358747e+01,5.477718188802389676e+01,-1.878909849569296142e+01,0.000000000000000000e+00,4.985000000000000142e+01,5.953799999999999670e+01,5.000000000000000000e+01,0.000000000000000000e+00
1.211000000000000000e+03,7.664812987562889646e+00,-2.897023697980358747e+01,5.460382990331965658e+01,-1.796877993595317946e+01,0.000000000000000000e+00,4.985000000000000142e+01,5.953799999999999670e+01,5.000000000000000000e+01,0.000000000000000000e+00
1.212000000000000000e+03,8.845159262460171590e+00,-2.868017577139723073e+01,5.443221358567944179e+01,-1.690687855182203947e+01,0.000000000000000000e+00,4.985000000000000142e+01,5.944100000000000250e+01,5.000000000000000000e+01,0.000000000000000000e+00
1.213000000000000000e+03,9.411685132243437835e+00,-2.868017577139723073e+01,5.426059726803922700e+01,-1.616873636439855844e+01,0.000000000000000000e+00,4.985000000000000142e+01,5.944100000000000250e+01,5.000000000000000000e+01,0.000000000000000000e+00
1.214000000000000000e+03,9.189014611429337620e+00,-2.906592727536034104e+01,5.408667269213860607e+01,-1.583173080534892740e+01,0.000000000000000000e+00,4.985000000000000142e+01,5.957000000000000028e+01,5.000000000000000000e+01,0.000000000000000000e+00
1.215000000000000000e+03,9.706292043725586183e+00,-2.906592727536034104e+01,5.391274811623798513e+01,-1.514052879715205790e+01,0.000000000000000000e+00,4.985000000000000142e+01,5.957000000000000028e+01,5.000000000000000000e+01,0.000000000000000000e+00
1.216000000000000000e+03,1.019339209225947585e+01,-2.906592727536034104e+01,5.373882354033736419e+01,-1.447950417271754731e+01,0.000000000000000000e+00,4.985000000000000142e+01,5.957000000000000028e+01,5.000000000000000000e+01,0.000000000000000000e+00
1.217000000000000000e+03,1.065163227995475381e+01,-2.906592727536034104e+01,5.356489896443674326e+01,-1.384733940912164840e+01,0.000000000000000000e+00,4.985000000000000142e+01,5.957000000000000028e+01,5.000000000000000000e+01,0.000000000000000000e+00
1.218000000000000000e+03,1.108227260762959965e+01,-2.906592727536034104e+01,5.339097438853612232e+01,-1.324277450554618163e+01,0.000000000000000000e+00,4.985000000000000142e+01,5.957000000000000028e+01,5.000000000000000000e+01,0.000000000000000000e+00
1.219000000000000000e+03,1.148651806537048259e+01,-2.906592727536034104e+01,5.321704981263550138e+01,-1.266460447190467775e+01,0.000000000000000000e+00,4.985000000000000142e+01,5.957000000000000028e+01,5.000000000000000000e+01,0.000000000000000000e+00
1.220000000000000000e+03,1.186552103426123672e+01,-2.906592727536034104e+01,5.304312523673488045e+01,-1.211167692711330268e+01,0.000000000000000000e+00,4.985000000000000142e+01,5.957000000000000028e+01,5.000000000000000000e+01,0.000000000000000000e+00
1.221000000000000000e+03,1.222038358325437457e+01,-2.906592727536034104e+01,5.286920066083425951e+01,-1.158288980221954390e+01,0.000000000000000000e+00,4.985000000000000142e+01,5.957000000000000028e+01,5.000000000000000000e+01,0.000000000000000000e+00
1.222000000000000000e+03,1.255215966576263931e+01,-2.906592727536034104e+01,5.269527608493363857e+01,-1.107718914381065822e+01,0.000000000000000000e+00,4.985000000000000142e+01,5.957000000000000028e+01,5.000000000000000000e+01,0.000000000000000000e+00
1.223000000000000000e+03,1.342518345833080140e+01,-2.877885638869010521e+01,5.252306928262215990e+01,-1.031902943560125330e+01,0.000000000000000000e+00,4.985000000000000142e+01,5.947399999999999665e+01,5.000000000000000000e+01,0.000000000000000000e+00
1.224000000000000000e+03,1.446046770988944097e+01,-2.839310488472699490e+01,5.235317073857108738e+01,-9.499598143954651519e+00,0.000000000000000000e+00,4.985000000000000142e+01,5.934499999999999886e+01,5.000000000000000000e+01,0.000000000000000000e+00
1.225000000000000000e+03,1.527450902477057326e+01,-2.810304367632061684e+01,5.218500786158404736e+01,-8.807455160492857260e+00,0.000000000000000000e+00,4.985000000000000142e+01,5.924799999999999756e+01,5.000000000000000000e+01,0.000000000000000000e+00
1.226000000000000000e+03,1.606006754064838304e+01,-2.781298246791426010e+01,5.201858065166103273e+01,-8.145530643098389589e+00,0.000000000000000000e+00,4.985000000000000142e+01,5.915100000000000335e+01,5.000000000000000000e+01,0.000000000000000000e+00
1.227000000000000000e+03,1.756956422471310475e+01,-2.714016007728091395e+01,5.185617947358757363e+01,-7.146455171593554923e+00,0.000000000000000000e+00,4.985000000000000142e+01,5.892600000000000193e+01,5.000000000000000000e+01,0.000000000000000000e+00
1.228000000000000000e+03,1.715584591409471216e+01,-2.742723096395113203e+01,5.169206052192497225e+01,-7.108983643879127179e+00,0.000000000000000000e+00,4.985000000000000142e+01,5.902199999999999847e+01,5.000000000000000000e+01,0.000000000000000000e+00
1.229000000000000000e+03,1.748987550051419859e+01,-2.733154066839439977e+01,5.152851416145875163e+01,-6.707097992550153265e+00,0.000000000000000000e+00,4.985000000000000142e+01,5.899000000000000199e+01,5.000000000000000000e+01,0.000000000000000000e+00
1.230000000000000000e+03,1.780693163893329256e+01,-2.723585037283764620e+01,5.136554039218891177e+01,-6.322758380417974777e+00,0.000000000000000000e+00,4.985000000000000142e+01,5.895799999999999841e+01,5.000000000000000000e+01,0.000000000000000000e+00
1.231000000000000000e+03,1.716303533188580843e+01,-2.762160187680077783e+01,5.120025836465865865e+01,-6.415621155972072387e+00,0.000000000000000000e+00,4.985000000000000142e+01,5.908700000000000330e+01,5.000000000000000000e+01,0.000000000000000000e+00
1.232000000000000000e+03,1.670866050139319015e+01,-2.791166308520713457e+01,5.103324067006438014e+01,-6.412917083464056311e+00,0.000000000000000000e+00,4.985000000000000142e+01,5.918399999999999750e+01,5.000000000000000000e+01,0.000000000000000000e+00
1.233000000000000000e+03,1.739082038522579765e+01,-2.762160187680077783e+01,5.086795864253412702e+01,-5.855536380507552430e+00,0.000000000000000000e+00,4.985000000000000142e+01,5.908700000000000330e+01,5.000000000000000000e+01,0.000000000000000000e+00
1.234000000000000000e+03,1.729341146224630421e+01,-2.771729217235750653e+01,5.070210402380749315e+01,-5.691400389203682408e+00,0.000000000000000000e+00,4.985000000000000142e+01,5.911899999999999977e+01,5.000000000000000000e+01,0.000000000000000000e+00
1.235000000000000000e+03,1.813300893340112552e+01,-2.733154066839439977e+01,5.053855766334127253e+01,-5.074008061545748127e+00,0.000000000000000000e+00,4.985000000000000142e+01,5.899000000000000199e+01,5.000000000000000000e+01,0.000000000000000000e+00
1.236000000000000000e+03,1.837876553712278849e+01,-2.723585037283764620e+01,5.037558389407143267e+01,-4.760967984110998863e+00,0.000000000000000000e+00,4.985000000000000142e+01,5.895799999999999841e+01,5.000000000000000000e+01,0.000000000000000000e+00
1.237000000000000000e+03,1.861142762685631524e+01,-2.714016007728091395e+01,5.021318271599797356e+01,-4.461595011860745252e+00,0.000000000000000000e+00,4.985000000000000142e+01,5.892600000000000193e+01,5.000000000000000000e+01,0.000000000000000000e+00
1.238000000000000000e+03,1.826826566062657875e+01,-2.733154066839439977e+01,5.004963635553175294e+01,-4.449830026510775305e+00,0.000000000000000000e+00,4.985000000000000142e+01,5.899000000000000199e+01,5.000000000000000000e+01,0.000000000000000000e+00
1.239000000000000000e+03,1.867454651182714542e+01,-2.714016007728091395e+01,4.988723517745829383e+01,-4.072528588350236234e+00,0.000000000000000000e+00,4.985000000000000142e+01,5.892600000000000193e+01,5.000000000000000000e+01,0.000000000000000000e+00
1.240000000000000000e+03,1.868994901001097730e+01,-2.714016007728091395e+01,4.972483399938483473e+01,-3.894724912092944802e+00,0.000000000000000000e+00,4.985000000000000142e+01,5.892600000000000193e+01,5.000000000000000000e+01,0.000000000000000000e+00
1.241000000000000000e+03,1.869758872725791221e+01,-2.714016007728091395e+01,4.956243282131137562e+01,-3.724684016772549011e+00,0.000000000000000000e+00,4.985000000000000142e+01,5.892600000000000193e+01,5.000000000000000000e+01,0.000000000000000000e+00
1.242000000000000000e+03,1.907922338798099560e+01,-2.694578916443126815e+01,4.940119471910556115e+01,-3.376182166693297848e+00,0.000000000000000000e+00,4.985000000000000142e+01,5.886099999999999710e+01,5.000000000000000000e+01,0.000000000000000000e+00
1.243000000000000000e+03,1.962871321485120646e+01,-2.665871827776105363e+01,4.924167439048888895e+01,-2.954242897876630192e+00,0.000000000000000000e+00,4.985000000000000142e+01,5.876500000000000057e+01,5.000000000000000000e+01,0.000000000000000000e+00
1.244000000000000000e+03,1.979181640588651092e+01,-2.656003766046816139e+01,4.908274454654348062e+01,-2.730890480188807423e+00,0.000000000000000000e+00,4.985000000000000142e+01,5.873199999999999932e+01,5.000000000000000000e+01,0.000000000000000000e+00
1.245000000000000000e+03,1.975211528097885250e+01,-2.656003766046816139e+01,4.892381470259807230e+01,-2.611661761151058858e+00,0.000000000000000000e+00,4.985000000000000142e+01,5.873199999999999932e+01,5.000000000000000000e+01,0.000000000000000000e+00
1.246000000000000000e+03,1.970720871574082622e+01,-2.656003766046816139e+01,4.876488485865266398e+01,-2.497638482443674590e+00,0.000000000000000000e+00,4.985000000000000142e+01,5.873199999999999932e+01,5.000000000000000000e+01,0.000000000000000000e+00
1.247000000000000000e+03,2.040842562660496284e+01,-2.617727647824119330e+01,4.860824537949277868e+01,-2.022543274646623424e+00,0.000000000000000000e+00,4.985000000000000142e+01,5.860399999999999920e+01,5.000000000000000000e+01,0.000000000000000000e+00
1.248000000000000000e+03,1.996453811038428938e+01,-2.636865706935467557e+01,4.845046071794013187e+01,-2.117265538201168251e+00,0.000000000000000000e+00,4.985000000000000142e+01,5.866799999999999926e+01,5.000000000000000000e+01,0.000000000000000000e+00
1.249000000000000000e+03,1.876667128554936070e+01,-2.694578916443126815e+01,4.828922261573431740e+01,-2.576762165753688993e+00,0.000000000000000000e+00,4.985000000000000142e+01,5.886099999999999710e+01,5.000000000000000000e+01,0.000000000000000000e+00
1.250000000000000000e+03,1.966267781570388351e+01,-2.646434736491142914e+01,4.813086536298528983e+01,-2.003840182369977185e+00,0.000000000000000000e+00,4.985000000000000142e+01,5.870000000000000284e+01,5.000000000000000000e+01,0.000000000000000000e+00
1.251000000000000000e+03,1.940403137496477015e+01,-2.656003766046816139e+01,4.797193551903988151e+01,-2.007866483606948638e+00,0.000000000000000000e+00,4.985000000000000142e+01,5.873199999999999932e+01,5.000000000000000000e+01,0.000000000000000000e+00
1.252000000000000000e+03,1.970831436643435097e+01,-2.636865706935467557e+01,4.781415085748723470e+01,-1.737179421698208159e+00,0.000000000000000000e+00,4.985000000000000142e+01,5.866799999999999926e+01,5.000000000000000000e+01,0.000000000000000000e+00
1.253000000000000000e+03,1.981414912472250478e+01,-2.627296677379794332e+01,4.765693878713096865e+01,-1.569822888610519218e+00,0.000000000000000000e+00,4.985000000000000142e+01,5.863600000000000279e+01,5.000000000000000000e+01,0.000000000000000000e+00
1.254000000000000000e+03,1.991324980804547451e+01,-2.617727647824119330e+01,4.750029930797108335e+01,-1.409773021684414651e+00,0.000000000000000000e+00,4.985000000000000142e+01,5.860399999999999920e+01,5.000000000000000000e+01,0.000000000000000000e+00
1.255000000000000000e+03,2.019957881451176007e+01,-2.598290556539156526e+01,4.734482290467884980e+01,-1.162338524775522686e+00,0.000000000000000000e+00,4.985000000000000142e+01,5.853900000000000148e+01,5.000000000000000000e+01,0.000000000000000000e+00
1.256000000000000000e+03,2.122736973487952739e+01,-2.540577347031495137e+01,4.719279994203978390e+01,-5.596567368453044811e-01,0.000000000000000000e+00,4.985000000000000142e+01,5.834599999999999653e+01,5.000000000000000000e+01,0.000000000000000000e+00
1.257000000000000000e+03,2.148119979080202313e+01,-2.521140255746532688e+01,4.704194005526836975e+01,-3.493377070010197372e-01,0.000000000000000000e+00,4.985000000000000142e+01,5.828099999999999881e+01,5.000000000000000000e+01,0.000000000000000000e+00
1.258000000000000000e+03,2.229033678262824125e+01,-2.472996075794546655e+01,4.689396101795374250e+01,1.263365226199651969e-01,0.000000000000000000e+00,4.985000000000000142e+01,5.811999999999999744e+01,5.000000000000000000e+01,0.000000000000000000e+00
1.259000000000000000e+03,2.289381161566654654e+01,-2.434420925398235624e+01,4.674829023889952850e+01,4.897306307493726751e-01,0.000000000000000000e+00,4.985000000000000142e+01,5.799099999999999966e+01,5.000000000000000000e+01,0.000000000000000000e+00
1.260000000000000000e+03,2.272675954864000758e+01,-2.434420925398235624e+01,4.660261945984531451e+01,4.683493427770482054e-01,0.000000000000000000e+00,4.985000000000000142e+01,5.799099999999999966e+01,5.000000000000000000e+01,0.000000000000000000e+00
1.261000000000000000e+03,2.312396721128774857e+01,-2.405713836731214172e+01,4.645866645438024278e+01,7.224391242196483987e-01,0.000000000000000000e+00,4.985000000000000142e+01,5.789500000000000313e+01,5.000000000000000000e+01,0.000000000000000000e+00
1.262000000000000000e+03,2.446241229656257588e+01,-2.328563535938590334e+01,4.631932996543599046e+01,1.428717690512489646e+00,0.000000000000000000e+00,4.985000000000000142e+01,5.763700000000000045e+01,5.000000000000000000e+01,0.000000000000000000e+00
1.263000000000000000e+03,2.426069901831017361e+01,-2.328563535938590334e+01,4.617999347649173814e+01,1.366340901204337932e+00,0.000000000000000000e+00,4.985000000000000142e+01,5.763700000000000045e+01,5.000000000000000000e+01,0.000000000000000000e+00
1.264000000000000000e+03,2.406170906592559433e+01,-2.328563535938590334e+01,4.604065698754748581e+01,1.306687437764012305e+00,0.000000000000000000e+00,4.985000000000000142e+01,5.763700000000000045e+01,5.000000000000000000e+01,0.000000000000000000e+00
1.265000000000000000e+03,2.424674234792219707e+01,-2.309126444653627885e+01,4.590248357447087812e+01,1.435523219987598464e+00,0.000000000000000000e+00,4.985000000000000142e+01,5.757200000000000273e+01,5.000000000000000000e+01,0.000000000000000000e+00
1.266000000000000000e+03,2.442144584632452720e+01,-2.289988385542279303e+01,4.576545534378703195e+01,1.555874357960287613e+00,0.000000000000000000e+00,4.985000000000000142e+01,5.750800000000000267e+01,5.000000000000000000e+01,0.000000000000000000e+00
1.267000000000000000e+03,2.535487769671759040e+01,-2.231976143861003692e+01,4.563189844723124367e+01,2.042740688096383206e+00,0.000000000000000000e+00,4.985000000000000142e+01,5.731400000000000006e+01,5.000000000000000000e+01,0.000000000000000000e+00
1.268000000000000000e+03,2.513213620732116027e+01,-2.231976143861003692e+01,4.549834155067545538e+01,1.953556095255742253e+00,0.000000000000000000e+00,4.985000000000000142e+01,5.731400000000000006e+01,5.000000000000000000e+01,0.000000000000000000e+00
1.269000000000000000e+03,2.510106386592166317e+01,-2.222407114305328690e+01,4.536535724531604785e+01,1.959777763658903771e+00,0.000000000000000000e+00,4.985000000000000142e+01,5.728199999999999648e+01,5.000000000000000000e+01,0.000000000000000000e+00
1.270000000000000000e+03,2.469474165681866396e+01,-2.231976143861003692e+01,4.523180034876025957e+01,1.782702746668440197e+00,0.000000000000000000e+00,4.985000000000000142e+01,5.731400000000000006e+01,5.000000000000000000e+01,0.000000000000000000e+00
1.271000000000000000e+03,2.485890406269722064e+01,-2.212838084749655465e+01,4.509938863459723279e+01,1.887896275596541606e+00,0.000000000000000000e+00,4.985000000000000142e+01,5.725000000000000000e+01,5.000000000000000000e+01,0.000000000000000000e+00
1.272000000000000000e+03,2.483184356430793116e+01,-2.203269055193982240e+01,4.496754951163058678e+01,1.896984604617165893e+00,0.000000000000000000e+00,4.985000000000000142e+01,5.721800000000000352e+01,5.000000000000000000e+01,0.000000000000000000e+00
1.273000000000000000e+03,2.537415308681809378e+01,-2.164693904797669077e+01,4.483801864692435402e+01,2.183073487870429208e+00,0.000000000000000000e+00,4.985000000000000142e+01,5.708899999999999864e+01,5.000000000000000000e+01,0.000000000000000000e+00
1.274000000000000000e+03,2.571850501954488877e+01,-2.135687783957031627e+01,4.471022344928214665e+01,2.365159409833057502e+00,0.000000000000000000e+00,4.985000000000000142e+01,5.699199999999999733e+01,5.000000000000000000e+01,0.000000000000000000e+00
1.275000000000000000e+03,2.605077489697803017e+01,-2.106980695290009820e+01,4.458414602522908154e+01,2.536435824649048154e+00,0.000000000000000000e+00,4.985000000000000142e+01,5.689600000000000080e+01,5.000000000000000000e+01,0.000000000000000000e+00
1.276000000000000000e+03,2.676457153122736088e+01,-2.058537483164409565e+01,4.446096734410769358e+01,2.888979018763764728e+00,0.000000000000000000e+00,4.985000000000000142e+01,5.673400000000000176e+01,5.000000000000000000e+01,0.000000000000000000e+00
1.277000000000000000e+03,2.651526209889755492e+01,-2.058537483164409565e+01,4.433778866298630561e+01,2.762848267555345405e+00,0.000000000000000000e+00,4.985000000000000142e+01,5.673400000000000176e+01,5.000000000000000000e+01,0.000000000000000000e+00
1.278000000000000000e+03,2.664701026999190958e+01,-2.039399424053061338e+01,4.421575516425767916e+01,2.825249346264845141e+00,0.000000000000000000e+00,4.985000000000000142e+01,5.667000000000000171e+01,5.000000000000000000e+01,0.000000000000000000e+00
1.279000000000000000e+03,2.640162841183214937e+01,-2.039399424053061338e+01,4.409372166552905270e+01,2.701900986833710050e+00,0.000000000000000000e+00,4.985000000000000142e+01,5.667000000000000171e+01,5.000000000000000000e+01,0.000000000000000000e+00
1.280000000000000000e+03,2.634940726720724768e+01,-2.029830394497385981e+01,4.397226075799680700e+01,2.675450454184299609e+00,0.000000000000000000e+00,4.985000000000000142e+01,5.663799999999999812e+01,5.000000000000000000e+01,0.000000000000000000e+00
1.281000000000000000e+03,2.630478150670240467e+01,-2.019962332768096758e+01,4.385139033513582518e+01,2.653014499247546620e+00,0.000000000000000000e+00,4.985000000000000142e+01,5.660499999999999687e+01,5.000000000000000000e+01,0.000000000000000000e+00
1.282000000000000000e+03,2.606808237425802233e+01,-2.019962332768096758e+01,4.373051991227484336e+01,2.537185789664147428e+00,0.000000000000000000e+00,4.985000000000000142e+01,5.660499999999999687e+01,5.000000000000000000e+01,0.000000000000000000e+00
1.283000000000000000e+03,2.678118528511928886e+01,-1.971818152816112502e+01,4.361253033887065556e+01,2.886836474409758324e+00,0.000000000000000000e+00,4.985000000000000142e+01,5.644400000000000261e+01,5.000000000000000000e+01,0.000000000000000000e+00
1.284000000000000000e+03,2.653715850245596997e+01,-1.971818152816112502e+01,4.349454076546646775e+01,2.760799265150627235e+00,0.000000000000000000e+00,4.985000000000000142e+01,5.644400000000000261e+01,5.000000000000000000e+01,0.000000000000000000e+00
1.285000000000000000e+03,2.686196065190305404e+01,-1.943111064149088918e+01,4.337826896565142221e+01,2.914802327742519239e+00,0.000000000000000000e+00,4.985000000000000142e+01,5.634799999999999898e+01,5.000000000000000000e+01,0.000000000000000000e+00
1.286000000000000000e+03,2.661843067373698091e+01,-1.943111064149088918e+01,4.326199716583637667e+01,2.787544149391492532e+00,0.000000000000000000e+00,4.985000000000000142e+01,5.634799999999999898e+01,5.000000000000000000e+01,0.000000000000000000e+00
1.287000000000000000e+03,2.694965091596148099e+01,-1.914104943308451112e+01,4.314746103308535652e+01,2.943239315960636482e+00,0.000000000000000000e+00,4.985000000000000142e+01,5.625099999999999767e+01,5.000000000000000000e+01,0.000000000000000000e+00
1.288000000000000000e+03,2.727580928598391097e+01,-1.885098822467815438e+01,4.303466056739836887e+01,3.092136943263694704e+00,0.000000000000000000e+00,4.985000000000000142e+01,5.615400000000000347e+01,5.000000000000000000e+01,0.000000000000000000e+00
1.289000000000000000e+03,2.778497797215230491e+01,-1.846523672071502631e+01,4.292416835997178737e+01,3.326046332895542967e+00,0.000000000000000000e+00,4.985000000000000142e+01,5.602499999999999858e+01,5.000000000000000000e+01,0.000000000000000000e+00
1.290000000000000000e+03,2.639088452890928949e+01,-1.904535913752777887e+01,4.281020481841714798e+01,2.626038848019921268e+00,0.000000000000000000e+00,4.985000000000000142e+01,5.621900000000000119e+01,5.000000000000000000e+01,0.000000000000000000e+00
1.291000000000000000e+03,2.710701506029837304e+01,-1.856391733800791854e+01,4.269912212631930259e+01,2.971810271986989882e+00,0.000000000000000000e+00,4.985000000000000142e+01,5.605799999999999983e+01,5.000000000000000000e+01,0.000000000000000000e+00
1.292000000000000000e+03,2.705982865821143335e+01,-1.846523672071502631e+01,4.258862991889272109e+01,2.936435460033739897e+00,0.000000000000000000e+00,4.985000000000000142e+01,5.602499999999999858e+01,5.000000000000000000e+01,0.000000000000000000e+00
1.293000000000000000e+03,2.662749039109282378e+01,-1.856391733800791854e+01,4.247754722679487571e+01,2.713860502305865730e+00,0.000000000000000000e+00,4.985000000000000142e+01,5.605799999999999983e+01,5.000000000000000000e+01,0.000000000000000000e+00
1.294000000000000000e+03,2.583459625859128295e+01,-1.885098822467815438e+01,4.236474676110788806e+01,2.320837722161548378e+00,0.000000000000000000e+00,4.985000000000000142e+01,5.615400000000000347e+01,5.000000000000000000e+01,0.000000000000000000e+00
1.295000000000000000e+03,2.637743931537027109e+01,-1.846523672071502631e+01,4.225425455368130656e+01,2.588421482403990836e+00,0.000000000000000000e+00,4.985000000000000142e+01,5.602499999999999858e+01,5.000000000000000000e+01,0.000000000000000000e+00
1.296000000000000000e+03,2.596029508882598336e+01,-1.856391733800791854e+01,4.214317186158346118e+01,2.381040565250441610e+00,0.000000000000000000e+00,4.985000000000000142e+01,5.605799999999999983e+01,5.000000000000000000e+01,0.000000000000000000e+00
1.297000000000000000e+03,2.593890126827663778e+01,-1.846523672071502631e+01,4.203267965415687968e+01,2.371458334834784409e+00,0.000000000000000000e+00,4.985000000000000142e+01,5.602499999999999858e+01,5.000000000000000000e+01,0.000000000000000000e+00
1.298000000000000000e+03,2.666961793634600397e+01,-1.798379492119516243e+01,4.192506829618709219e+01,2.728344561354073328e+00,0.000000000000000000e+00,4.985000000000000142e+01,5.586399999999999721e+01,5.000000000000000000e+01,0.000000000000000000e+00
1.299000000000000000e+03,2.738763405727682709e+01,-1.750235312167532342e+01,4.182033778767409160e+01,3.069649391278057138e+00,0.000000000000000000e+00,4.985000000000000142e+01,5.570300000000000296e+01,5.000000000000000000e+01,0.000000000000000000e+00
1.300000000000000000e+03,2.714888485871669133e+01,-1.750235312167532342e+01,4.171560727916109101e+01,2.935630701230925066e+00,0.000000000000000000e+00,4.985000000000000142e+01,5.570300000000000296e+01,5.000000000000000000e+01,0.000000000000000000e+00
1.301000000000000000e+03,2.691598682000985931e+01,-1.750235312167532342e+01,4.161087677064809043e+01,2.807463171037091865e+00,0.000000000000000000e+00,4.985000000000000142e+01,5.570300000000000296e+01,5.000000000000000000e+01,0.000000000000000000e+00
1.302000000000000000e+03,2.668868448371515001e+01,-1.750235312167532342e+01,4.150614626213508984e+01,2.684891343255384033e+00,0.000000000000000000e+00,4.985000000000000142e+01,5.570300000000000296e+01,5.000000000000000000e+01,0.000000000000000000e+00
1.303000000000000000e+03,2.646673354547999324e+01,-1.750235312167532342e+01,4.140141575362208926e+01,2.567670913533226962e+00,0.000000000000000000e+00,4.985000000000000142e+01,5.570300000000000296e+01,5.000000000000000000e+01,0.000000000000000000e+00
1.304000000000000000e+03,2.719464541205326569e+01,-1.702091132215545954e+01,4.129956609456588268e+01,2.915990639642843441e+00,0.000000000000000000e+00,4.985000000000000142e+01,5.554200000000000159e+01,5.000000000000000000e+01,0.000000000000000000e+00
1.305000000000000000e+03,2.602074064885233895e+01,-1.750235312167532342e+01,4.119483558605288209e+01,2.328258184474780723e+00,0.000000000000000000e+00,4.985000000000000142e+01,5.570300000000000296e+01,5.000000000000000000e+01,0.000000000000000000e+00
1.306000000000000000e+03,2.581436005845656467e+01,-1.750235312167532342e+01,4.109010507753988151e+01,2.226608102592006144e+00,0.000000000000000000e+00,4.985000000000000142e+01,5.570300000000000296e+01,5.000000000000000000e+01,0.000000000000000000e+00
1.307000000000000000e+03,2.561241743770507995e+01,-1.750235312167532342e+01,4.098537456902688092e+01,2.129395990353523782e+00,0.000000000000000000e+00,4.985000000000000142e+01,5.570300000000000296e+01,5.000000000000000000e+01,0.000000000000000000e+00
1.308000000000000000e+03,2.541471902802732430e+01,-1.750235312167532342e+01,4.088064406051388033e+01,2.036428089188766943e+00,0.000000000000000000e+00,4.985000000000000142e+01,5.570300000000000296e+01,5.000000000000000000e+01,0.000000000000000000e+00
1.309000000000000000e+03,2.522107953021290072e+01,-1.750235312167532342e+01,4.077591355200087975e+01,1.947519099887343064e+00,0.000000000000000000e+00,4.985000000000000142e+01,5.570300000000000296e+01,5.000000000000000000e+01,0.000000000000000000e+00
1.310000000000000000e+03,2.503132173508199543e+01,-1.750235312167532342e+01,4.067118304348787916e+01,1.862491813269439911e+00,0.000000000000000000e+00,4.985000000000000142e+01,5.570300000000000296e+01,5.000000000000000000e+01,0.000000000000000000e+00
1.311000000000000000e+03,2.446385736331360405e+01,-1.769672403452494791e+01,4.056528945910723394e+01,1.595291938731318249e+00,0.000000000000000000e+00,4.985000000000000142e+01,5.576800000000000068e+01,5.000000000000000000e+01,0.000000000000000000e+00
1.312000000000000000e+03,2.410053906479872410e+01,-1.779241433008168016e+01,4.045882328353020796e+01,1.434130111350195413e+00,0.000000000000000000e+00,4.985000000000000142e+01,5.579999999999999716e+01,5.000000000000000000e+01,0.000000000000000000e+00
1.313000000000000000e+03,2.374368438484238553e+01,-1.788810462563843018e+01,4.035178451675680122e+01,1.280004493724013148e+00,0.000000000000000000e+00,4.985000000000000142e+01,5.583200000000000074e+01,5.000000000000000000e+01,0.000000000000000000e+00
1.314000000000000000e+03,2.263601649528690629e+01,-1.836954642515829406e+01,4.024186490052660048e+01,7.636980199186005347e-01,0.000000000000000000e+00,4.985000000000000142e+01,5.599300000000000210e+01,5.000000000000000000e+01,0.000000000000000000e+00
1.315000000000000000e+03,2.306194859106364703e+01,-1.807948521675191600e+01,4.013368095136043223e+01,1.007752856455130352e+00,0.000000000000000000e+00,4.985000000000000142e+01,5.589600000000000080e+01,5.000000000000000000e+01,0.000000000000000000e+00
1.316000000000000000e+03,2.271612348090909350e+01,-1.817816583404480824e+01,4.002490651752299300e+01,8.693827974309088491e-01,0.000000000000000000e+00,4.985000000000000142e+01,5.592900000000000205e+01,5.000000000000000000e+01,0.000000000000000000e+00
1.317000000000000000e+03,2.295081122485729352e+01,-1.798379492119516243e+01,3.991729515955320551e+01,1.017310986499250669e+00,0.000000000000000000e+00,4.985000000000000142e+01,5.586399999999999721e+01,5.000000000000000000e+01,0.000000000000000000e+00
1.318000000000000000e+03,2.279878479910531297e+01,-1.798379492119516243e+01,3.980968380158341802e+01,9.728959187170567180e-01,0.000000000000000000e+00,4.985000000000000142e+01,5.586399999999999721e+01,5.000000000000000000e+01,0.000000000000000000e+00
1.319000000000000000e+03,2.207950328371881810e+01,-1.827385612960154049e+01,3.970033677654959803e+01,6.530226367707596680e-01,0.000000000000000000e+00,4.985000000000000142e+01,5.596099999999999852e+01,5.000000000000000000e+01,0.000000000000000000e+00
1.320000000000000000e+03,2.175387034622598392e+01,-1.836954642515829406e+01,3.959041716031939728e+01,5.329996110648795860e-01,0.000000000000000000e+00,4.985000000000000142e+01,5.599300000000000210e+01,5.000000000000000000e+01,0.000000000000000000e+00
1.321000000000000000e+03,2.218987456901448496e+01,-1.807948521675191600e+01,3.948223321115322904e+01,7.871265746131723695e-01,0.000000000000000000e+00,4.985000000000000142e+01,5.589600000000000080e+01,5.000000000000000000e+01,0.000000000000000000e+00
1.322000000000000000e+03,2.204732523833905589e+01,-1.807948521675191600e+01,3.937404926198706079e+01,7.527611931039106530e-01,0.000000000000000000e+00,4.985000000000000142e+01,5.589600000000000080e+01,5.000000000000000000e+01,0.000000000000000000e+00
1.323000000000000000e+03,2.303879673317353038e+01,-1.750235312167532342e+01,3.926931875347406020e+01,1.271831101374792272e+00,0.000000000000000000e+00,4.985000000000000142e+01,5.570300000000000296e+01,5.000000000000000000e+01,0.000000000000000000e+00
1.324000000000000000e+03,2.212156935898491739e+01,-1.788810462563843018e+01,3.916227998670065347e+01,8.473939979226934316e-01,0.000000000000000000e+00,4.985000000000000142e+01,5.583200000000000074e+01,5.000000000000000000e+01,0.000000000000000000e+00
1.325000000000000000e+03,2.273450361052858071e+01,-1.750235312167532342e+01,3.905754947818765288e+01,1.179307254016250139e+00,0.000000000000000000e+00,4.985000000000000142e+01,5.570300000000000296e+01,5.000000000000000000e+01,0.000000000000000000e+00
1.326000000000000000e+03,2.239050998076018573e+01,-1.759804341723205567e+01,3.895224637847827154e+01,1.036307019513971195e+00,0.000000000000000000e+00,4.985000000000000142e+01,5.573499999999999943e+01,5.000000000000000000e+01,0.000000000000000000e+00
1.327000000000000000e+03,2.242773787275682906e+01,-1.750235312167532342e+01,3.884751586996527095e+01,1.082575124466881977e+00,0.000000000000000000e+00,4.985000000000000142e+01,5.570300000000000296e+01,5.000000000000000000e+01,0.000000000000000000e+00
1.328000000000000000e+03,2.227574291102291681e+01,-1.750235312167532342e+01,3.874278536145227037e+01,1.035310671245970093e+00,0.000000000000000000e+00,4.985000000000000142e+01,5.570300000000000296e+01,5.000000000000000000e+01,0.000000000000000000e+00
1.329000000000000000e+03,2.212581148140588283e+01,-1.750235312167532342e+01,3.863805485293926978e+01,9.901097501419372504e-01,0.000000000000000000e+00,4.985000000000000142e+01,5.570300000000000296e+01,5.000000000000000000e+01,0.000000000000000000e+00
1.330000000000000000e+03,2.197785349157402379e+01,-1.750235312167532342e+01,3.853332434442626919e+01,9.468822688230793538e-01,0.000000000000000000e+00,4.985000000000000142e+01,5.570300000000000296e+01,5.000000000000000000e+01,0.000000000000000000e+00
1.331000000000000000e+03,2.164400736990161178e+01,-1.759804341723205567e+01,3.842802124471688785e+01,8.140295424167799387e-01,0.000000000000000000e+00,4.985000000000000142e+01,5.573499999999999943e+01,5.000000000000000000e+01,0.000000000000000000e+00
1.332000000000000000e+03,2.169093973707127887e+01,-1.750235312167532342e+01,3.832329073620388726e+01,8.700021225427149174e-01,0.000000000000000000e+00,4.985000000000000142e+01,5.570300000000000296e+01,5.000000000000000000e+01,0.000000000000000000e+00
1.333000000000000000e+03,2.154822556008699053e+01,-1.750235312167532342e+01,3.821856022769088668e+01,8.320184540714261612e-01,0.000000000000000000e+00,4.985000000000000142e+01,5.570300000000000296e+01,5.000000000000000000e+01,0.000000000000000000e+00
1.334000000000000000e+03,2.216413935510419364e+01,-1.711660161771219180e+01,3.811613797743829934e+01,1.164602995378084538e+00,0.000000000000000000e+00,4.985000000000000142e+01,5.557399999999999807e+01,5.000000000000000000e+01,0.000000000000000000e+00
1.335000000000000000e+03,2.238642219896032159e+01,-1.692522102659870953e+01,3.801486090957847352e+01,1.296782315980557598e+00,0.000000000000000000e+00,4.985000000000000142e+01,5.550999999999999801e+01,5.000000000000000000e+01,0.000000000000000000e+00
1.336000000000000000e+03,2.298549817787302629e+01,-1.653946952263559922e+01,3.791589209997905385e+01,1.609075600529571437e+00,0.000000000000000000e+00,4.985000000000000142e+01,5.538100000000000023e+01,5.000000000000000000e+01,0.000000000000000000e+00
1.337000000000000000e+03,2.281627828201518682e+01,-1.653946952263559922e+01,3.781692329037963418e+01,1.538824514271153188e+00,0.000000000000000000e+00,4.985000000000000142e+01,5.538100000000000023e+01,5.000000000000000000e+01,0.000000000000000000e+00
1.338000000000000000e+03,2.265012549818046850e+01,-1.653946952263559922e+01,3.771795448078021451e+01,1.471640540035851652e+00,0.000000000000000000e+00,4.985000000000000142e+01,5.538100000000000023e+01,5.000000000000000000e+01,0.000000000000000000e+00
1.339000000000000000e+03,2.305610013808597003e+01,-1.624940831422922116e+01,3.762072133824482734e+01,1.684787114070364300e+00,0.000000000000000000e+00,4.985000000000000142e+01,5.528399999999999892e+01,5.000000000000000000e+01,0.000000000000000000e+00
1.340000000000000000e+03,2.269753498627095212e+01,-1.634509860978597473e+01,3.752291560451305941e+01,1.519717991543868107e+00,0.000000000000000000e+00,4.985000000000000142e+01,5.531600000000000250e+01,5.000000000000000000e+01,0.000000000000000000e+00
1.341000000000000000e+03,2.309670569335968082e+01,-1.605802772311573889e+01,3.742682764437043375e+01,1.727905772104985083e+00,0.000000000000000000e+00,4.985000000000000142e+01,5.521999999999999886e+01,5.000000000000000000e+01,0.000000000000000000e+00
1.342000000000000000e+03,2.198043356197583265e+01,-1.653946952263559922e+01,3.732785883477101407e+01,1.192044249840418901e+00,0.000000000000000000e+00,4.985000000000000142e+01,5.538100000000000023e+01,5.000000000000000000e+01,0.000000000000000000e+00
1.343000000000000000e+03,2.221083976264916870e+01,-1.634509860978597473e+01,3.723005310103924614e+01,1.325885271395898402e+00,0.000000000000000000e+00,4.985000000000000142e+01,5.531600000000000250e+01,5.000000000000000000e+01,0.000000000000000000e+00
1.344000000000000000e+03,2.167372802228203099e+01,-1.653946952263559922e+01,3.713108429143982647e+01,1.082113253477803294e+00,0.000000000000000000e+00,4.985000000000000142e+01,5.538100000000000023e+01,5.000000000000000000e+01,0.000000000000000000e+00
1.345000000000000000e+03,2.152751492441770509e+01,-1.653946952263559922e+01,3.703211548184040680e+01,1.034868965212896841e+00,0.000000000000000000e+00,4.985000000000000142e+01,5.538100000000000023e+01,5.000000000000000000e+01,0.000000000000000000e+00
1.346000000000000000e+03,2.138336447828274700e+01,-1.653946952263559922e+01,3.693314667224098713e+01,9.896873286773578693e-01,0.000000000000000000e+00,4.985000000000000142e+01,5.538100000000000023e+01,5.000000000000000000e+01,0.000000000000000000e+00
1.347000000000000000e+03,2.124118662998253626e+01,-1.653946952263559922e+01,3.683417786264156746e+01,9.464782899765694646e-01,0.000000000000000000e+00,4.985000000000000142e+01,5.538100000000000023e+01,5.000000000000000000e+01,0.000000000000000000e+00
1.348000000000000000e+03,2.110089525731089211e+01,-1.653946952263559922e+01,3.673520905304214779e+01,9.051557269043428722e-01,0.000000000000000000e+00,4.985000000000000142e+01,5.538100000000000023e+01,5.000000000000000000e+01,0.000000000000000000e+00
1.349000000000000000e+03,2.096240799809535105e+01,-1.653946952263559922e+01,3.663624024344272812e+01,8.656372772882214850e-01,0.000000000000000000e+00,4.985000000000000142e+01,5.538100000000000023e+01,5.000000000000000000e+01,0.000000000000000000e+00
1.350000000000000000e+03,2.082564608603681577e+01,-1.653946952263559922e+01,3.653727143384330844e+01,8.278441748291058833e-01,0.000000000000000000e+00,4.985000000000000142e+01,5.538100000000000023e+01,5.000000000000000000e+01,0.000000000000000000e+00
1.351000000000000000e+03,2.069053419371629232e+01,-1.653946952263559922e+01,3.643830262424388877e+01,7.917010921080031016e-01,0.000000000000000000e+00,4.985000000000000142e+01,5.538100000000000023e+01,5.000000000000000000e+01,0.000000000000000000e+00
1.352000000000000000e+03,2.093841908942270891e+01,-1.634509860978597473e+01,3.634049689051212084e+01,9.430208086965631287e-01,0.000000000000000000e+00,4.985000000000000142e+01,5.531600000000000250e+01,5.000000000000000000e+01,0.000000000000000000e+00
1.353000000000000000e+03,2.174418678871945687e+01,-1.586365681026611263e+01,3.624557200623713982e+01,1.362271592748432569e+00,0.000000000000000000e+00,4.985000000000000142e+01,5.515500000000000114e+01,5.000000000000000000e+01,0.000000000000000000e+00
1.354000000000000000e+03,2.196533692941295612e+01,-1.567227621915262858e+01,3.615179230435492030e+01,1.485820844210664848e+00,0.000000000000000000e+00,4.985000000000000142e+01,5.509100000000000108e+01,5.000000000000000000e+01,0.000000000000000000e+00
1.355000000000000000e+03,2.199446276816245316e+01,-1.557658592359587679e+01,3.605858519366908155e+01,1.512463498089248626e+00,0.000000000000000000e+00,4.985000000000000142e+01,5.505899999999999750e+01,5.000000000000000000e+01,0.000000000000000000e+00
1.356000000000000000e+03,2.183522258629461987e+01,-1.557658592359587679e+01,3.596537808298324279e+01,1.446430426907256095e+00,0.000000000000000000e+00,4.985000000000000142e+01,5.505899999999999750e+01,5.000000000000000000e+01,0.000000000000000000e+00
1.357000000000000000e+03,2.300502921285350766e+01,-1.490077321122639020e+01,3.587621489762184268e+01,2.029587526458054292e+00,0.000000000000000000e+00,4.985000000000000142e+01,5.483299999999999841e+01,5.000000000000000000e+01,0.000000000000000000e+00
1.358000000000000000e+03,2.301503110491220738e+01,-1.480508291566965795e+01,3.578762430345682333e+01,2.032489717125042894e+00,0.000000000000000000e+00,4.985000000000000142e+01,5.480100000000000193e+01,5.000000000000000000e+01,0.000000000000000000e+00
1.359000000000000000e+03,2.321912227491130309e+01,-1.461071200282001215e+01,3.570019678515945571e+01,2.129637492571859525e+00,0.000000000000000000e+00,4.985000000000000142e+01,5.473599999999999710e+01,5.000000000000000000e+01,0.000000000000000000e+00
1.360000000000000000e+03,2.303871631163559641e+01,-1.461071200282001215e+01,3.561276926686208810e+01,2.036659047593520011e+00,0.000000000000000000e+00,4.985000000000000142e+01,5.473599999999999710e+01,5.000000000000000000e+01,0.000000000000000000e+00
1.361000000000000000e+03,2.342569595854036635e+01,-1.432364111614979585e+01,3.552705952215386276e+01,2.222277552536298995e+00,0.000000000000000000e+00,4.985000000000000142e+01,5.464000000000000057e+01,5.000000000000000000e+01,0.000000000000000000e+00
1.362000000000000000e+03,2.343660656460831504e+01,-1.422496049885690361e+01,3.544194026211690129e+01,2.219626801348315581e+00,0.000000000000000000e+00,4.985000000000000142e+01,5.460699999999999932e+01,5.000000000000000000e+01,0.000000000000000000e+00
1.363000000000000000e+03,2.287316118396946152e+01,-1.441933141170652810e+01,3.535565792621229519e+01,1.936834669463695757e+00,0.000000000000000000e+00,4.985000000000000142e+01,5.467199999999999704e+01,5.000000000000000000e+01,0.000000000000000000e+00
1.364000000000000000e+03,2.251454262335288092e+01,-1.451502170726327989e+01,3.526880299911130834e+01,1.760761331504852478e+00,0.000000000000000000e+00,4.985000000000000142e+01,5.470400000000000063e+01,5.000000000000000000e+01,0.000000000000000000e+00
1.365000000000000000e+03,2.310778375209685720e+01,-1.412927020330017136e+01,3.518425633027072763e+01,2.052797625126301373e+00,0.000000000000000000e+00,4.985000000000000142e+01,5.457500000000000284e+01,5.000000000000000000e+01,0.000000000000000000e+00
1.366000000000000000e+03,2.312138882442107146e+01,-1.403357990774341957e+01,3.510028225262652768e+01,2.054686479537964239e+00,0.000000000000000000e+00,4.985000000000000142e+01,5.454299999999999926e+01,5.000000000000000000e+01,0.000000000000000000e+00
1.367000000000000000e+03,2.370467824154068381e+01,-1.364782840378030926e+01,3.501861643324273388e+01,2.333890212078257864e+00,0.000000000000000000e+00,4.985000000000000142e+01,5.441400000000000148e+01,5.000000000000000000e+01,0.000000000000000000e+00
1.368000000000000000e+03,2.333334103732915921e+01,-1.374351869933704151e+01,3.493637802266255932e+01,2.140481714003640512e+00,0.000000000000000000e+00,4.985000000000000142e+01,5.444599999999999795e+01,5.000000000000000000e+01,0.000000000000000000e+00
1.369000000000000000e+03,2.296400733653705828e+01,-1.384219931662993552e+01,3.485354912741112088e+01,1.952657525755875589e+00,0.000000000000000000e+00,4.985000000000000142e+01,5.447899999999999920e+01,5.000000000000000000e+01,0.000000000000000000e+00
1.370000000000000000e+03,2.223260057669910594e+01,-1.412927020330017136e+01,3.476900245857054017e+01,1.592868321428740463e+00,0.000000000000000000e+00,4.985000000000000142e+01,5.457500000000000284e+01,5.000000000000000000e+01,0.000000000000000000e+00
1.371000000000000000e+03,2.245406124509866075e+01,-1.393788961218668732e+01,3.468560097212272098e+01,1.706349885162628643e+00,0.000000000000000000e+00,4.985000000000000142e+01,5.451100000000000279e+01,5.000000000000000000e+01,0.000000000000000000e+00
1.372000000000000000e+03,2.097586587664669011e+01,-1.461071200282001215e+01,3.459817345382535336e+01,9.884044256413484497e-01,0.000000000000000000e+00,4.985000000000000142e+01,5.473599999999999710e+01,5.000000000000000000e+01,0.000000000000000000e+00
1.373000000000000000e+03,2.160225496256270716e+01,-1.422496049885690361e+01,3.451305419378839190e+01,1.314161267631217545e+00,0.000000000000000000e+00,4.985000000000000142e+01,5.460699999999999932e+01,5.000000000000000000e+01,0.000000000000000000e+00
1.374000000000000000e+03,2.070279073216192600e+01,-1.461071200282001215e+01,3.442562667549102429e+01,8.878760594909147486e-01,0.000000000000000000e+00,4.985000000000000142e+01,5.473599999999999710e+01,5.000000000000000000e+01,0.000000000000000000e+00
1.375000000000000000e+03,2.076437459479068437e+01,-1.451502170726327989e+01,3.433877174839003743e+01,9.406245536639264992e-01,0.000000000000000000e+00,4.985000000000000142e+01,5.470400000000000063e+01,5.000000000000000000e+01,0.000000000000000000e+00
1.376000000000000000e+03,2.044867726188441992e+01,-1.461071200282001215e+01,3.425134423009266982e+01,8.080450346117635796e-01,0.000000000000000000e+00,4.985000000000000142e+01,5.473599999999999710e+01,5.000000000000000000e+01,0.000000000000000000e+00
1.377000000000000000e+03,2.032597107712258477e+01,-1.461071200282001215e+01,3.416391671179530221e+01,7.727663681472948243e-01,0.000000000000000000e+00,4.985000000000000142e+01,5.473599999999999710e+01,5.000000000000000000e+01,0.000000000000000000e+00
1.378000000000000000e+03,2.020480513362726427e+01,-1.461071200282001215e+01,3.407648919349793459e+01,7.390279429493405994e-01,0.000000000000000000e+00,4.985000000000000142e+01,5.473599999999999710e+01,5.000000000000000000e+01,0.000000000000000000e+00
1.379000000000000000e+03,2.008511218556983380e+01,-1.461071200282001215e+01,3.398906167520056698e+01,7.067625131892791845e-01,0.000000000000000000e+00,4.985000000000000142e+01,5.473599999999999710e+01,5.000000000000000000e+01,0.000000000000000000e+00
1.380000000000000000e+03,1.996682792302630816e+01,-1.461071200282001215e+01,3.390163415690319937e+01,6.759057689431197113e-01,0.000000000000000000e+00,4.985000000000000142e+01,5.473599999999999710e+01,5.000000000000000000e+01,0.000000000000000000e+00
1.381000000000000000e+03,1.984989084379783364e+01,-1.461071200282001215e+01,3.381420663860583176e+01,6.463962080120123632e-01,0.000000000000000000e+00,4.985000000000000142e+01,5.473599999999999710e+01,5.000000000000000000e+01,0.000000000000000000e+00
1.382000000000000000e+03,1.973424213082743606e+01,-1.461071200282001215e+01,3.372677912030846414e+01,6.181750133389832813e-01,0.000000000000000000e+00,4.985000000000000142e+01,5.473599999999999710e+01,5.000000000000000000e+01,0.000000000000000000e+00
1.383000000000000000e+03,1.961982553496865123e+01,-1.461071200282001215e+01,3.363935160201109653e+01,5.911859357775666179e-01,0.000000000000000000e+00,4.985000000000000142e+01,5.473599999999999710e+01,5.000000000000000000e+01,0.000000000000000000e+00
1.384000000000000000e+03,1.950658726287239020e+01,-1.461071200282001215e+01,3.355192408371372892e+01,5.653751819786743127e-01,0.000000000000000000e+00,4.985000000000000142e+01,5.473599999999999710e+01,5.000000000000000000e+01,0.000000000000000000e+00
1.385000000000000000e+03,1.939447586976859483e+01,-1.461071200282001215e+01,3.346449656541636131e+01,5.406913071722445618e-01,0.000000000000000000e+00,4.985000000000000142e+01,5.473599999999999710e+01,5.000000000000000000e+01,0.000000000000000000e+00
1.386000000000000000e+03,1.928344215692894892e+01,-1.461071200282001215e+01,3.337706904711899369e+01,5.170851126299663703e-01,0.000000000000000000e+00,4.985000000000000142e+01,5.473599999999999710e+01,5.000000000000000000e+01,0.000000000000000000e+00
1.387000000000000000e+03,1.936121448626690977e+01,-1.451502170726327989e+01,3.329021412001800684e+01,5.860220735121843827e-01,0.000000000000000000e+00,4.985000000000000142e+01,5.470400000000000063e+01,5.000000000000000000e+01,0.000000000000000000e+00
1.388000000000000000e+03,1.924877425588863034e+01,-1.451502170726327989e+01,3.320335919291701998e+01,5.604367702348913571e-01,0.000000000000000000e+00,4.985000000000000142e+01,5.470400000000000063e+01,5.000000000000000000e+01,0.000000000000000000e+00
1.389000000000000000e+03,1.913745106149479369e+01,-1.451502170726327989e+01,3.311650426581603313e+01,5.359685029420413471e-01,0.000000000000000000e+00,4.985000000000000142e+01,5.470400000000000063e+01,5.000000000000000000e+01,0.000000000000000000e+00
1.390000000000000000e+03,1.959639035372323335e+01,-1.422496049885690361e+01,3.303138500577907166e+01,7.899658468010630763e-01,0.000000000000000000e+00,4.985000000000000142e+01,5.460699999999999932e+01,5.000000000000000000e+01,0.000000000000000000e+00
1.391000000000000000e+03,2.004010798957217787e+01,-1.393788961218668732e+01,3.294798351933125247e+01,1.030014082427614497e+00,0.000000000000000000e+00,4.985000000000000142e+01,5.451100000000000279e+01,5.000000000000000000e+01,0.000000000000000000e+00
1.392000000000000000e+03,1.915476719499993408e+01,-1.432364111614979585e+01,3.286227377462302002e+01,6.161345365267090202e-01,0.000000000000000000e+00,4.985000000000000142e+01,5.464000000000000057e+01,5.000000000000000000e+01,0.000000000000000000e+00
1.393000000000000000e+03,2.018054589773888452e+01,-1.374351869933704151e+01,3.278003536404284546e+01,1.144029233033081905e+00,0.000000000000000000e+00,4.985000000000000142e+01,5.444599999999999795e+01,5.000000000000000000e+01,0.000000000000000000e+00
1.394000000000000000e+03,2.004835999164917126e+01,-1.374351869933704151e+01,3.269779695346267090e+01,1.094081737523543207e+00,0.000000000000000000e+00,4.985000000000000142e+01,5.444599999999999795e+01,5.000000000000000000e+01,0.000000000000000000e+00
1.395000000000000000e+03,1.934916053775018696e+01,-1.403357990774341957e+01,3.261382287581847095e+01,7.689175696751360256e-01,0.000000000000000000e+00,4.985000000000000142e+01,5.454299999999999926e+01,5.000000000000000000e+01,0.000000000000000000e+00
1.396000000000000000e+03,1.960716689600915430e+01,-1.384219931662993552e+01,3.253099398056703251e+01,9.183722320720580923e-01,0.000000000000000000e+00,4.985000000000000142e+01,5.447899999999999920e+01,5.000000000000000000e+01,0.000000000000000000e+00
1.397000000000000000e+03,1.892091629002654685e+01,-1.412927020330017136e+01,3.244644731172645180e+01,6.037391816002681821e-01,0.000000000000000000e+00,4.985000000000000142e+01,5.457500000000000284e+01,5.000000000000000000e+01,0.000000000000000000e+00
1.398000000000000000e+03,1.862223538902042463e+01,-1.422496049885690361e+01,3.236132805168949034e+01,4.858678361878362439e-01,0.000000000000000000e+00,4.985000000000000142e+01,5.460699999999999932e+01,5.000000000000000000e+01,0.000000000000000000e+00
1.399000000000000000e+03,1.775893385556219783e+01,-1.461071200282001215e+01,3.227390053339212272e+01,9.574532499008825415e-02,0.000000000000000000e+00,4.985000000000000142e+01,5.473599999999999710e+01,5.000000000000000000e+01,0.000000000000000000e+00
1.400000000000000000e+03,1.766732616506999776e+01,-1.461071200282001215e+01,3.218647301509475511e+01,9.156515279525460904e-02,0.000000000000000000e+00,4.985000000000000142e+01,5.473599999999999710e+01,5.000000000000000000e+01,0.000000000000000000e+00
1.401000000000000000e+03,1.795145180321789979e+01,-1.441933141170652810e+01,3.210019067919014901e+01,2.705925357342791049e-01,0.000000000000000000e+00,4.985000000000000142e+01,5.467199999999999704e+01,5.000000000000000000e+01,0.000000000000000000e+00
1.402000000000000000e+03,1.879810063629334849e+01,-1.393788961218668732e+01,3.201678919274232982e+01,7.192010557377053193e-01,0.000000000000000000e+00,4.985000000000000142e+01,5.451100000000000279e+01,5.000000000000000000e+01,0.000000000000000000e+00
1.403000000000000000e+03,1.906471815472285414e+01,-1.374351869933704151e+01,3.193455078216215881e+01,8.736860718977365048e-01,0.000000000000000000e+00,4.985000000000000142e+01,5.444599999999999795e+01,5.000000000000000000e+01,0.000000000000000000e+00
1.404000000000000000e+03,1.913211064974625941e+01,-1.364782840378030926e+01,3.185288496277836856e+01,9.270540907482004434e-01,0.000000000000000000e+00,4.985000000000000142e+01,5.441400000000000148e+01,5.000000000000000000e+01,0.000000000000000000e+00
1.405000000000000000e+03,1.900997031389230685e+01,-1.364782840378030926e+01,3.177121914339457831e+01,8.865795742780376854e-01,0.000000000000000000e+00,4.985000000000000142e+01,5.441400000000000148e+01,5.000000000000000000e+01,0.000000000000000000e+00
1.406000000000000000e+03,1.945879128601573882e+01,-1.335776719537393120e+01,3.169128899107481701e+01,1.125269490314851906e+00,0.000000000000000000e+00,4.985000000000000142e+01,5.431700000000000017e+01,5.000000000000000000e+01,0.000000000000000000e+00
1.407000000000000000e+03,1.951750808775462787e+01,-1.326207689981717941e+01,3.161193142995143646e+01,1.167653557620367266e+00,0.000000000000000000e+00,4.985000000000000142e+01,5.428499999999999659e+01,5.000000000000000000e+01,0.000000000000000000e+00
1.408000000000000000e+03,1.938717161005993006e+01,-1.326207689981717941e+01,3.153257386882805591e+01,1.116674641049051342e+00,0.000000000000000000e+00,4.985000000000000142e+01,5.428499999999999659e+01,5.000000000000000000e+01,0.000000000000000000e+00
1.409000000000000000e+03,1.963461166060819707e+01,-1.307069630870369537e+01,3.145436149009743687e+01,1.250946479214456231e+00,0.000000000000000000e+00,4.985000000000000142e+01,5.422099999999999653e+01,5.000000000000000000e+01,0.000000000000000000e+00
1.410000000000000000e+03,2.007097807573693160e+01,-1.278063510029733862e+01,3.137788477843084678e+01,1.473728397603422557e+00,0.000000000000000000e+00,4.985000000000000142e+01,5.412400000000000233e+01,5.000000000000000000e+01,0.000000000000000000e+00
1.411000000000000000e+03,2.011793485224498568e+01,-1.268494480474058683e+01,3.130198065796063744e+01,1.500898999024931735e+00,0.000000000000000000e+00,4.985000000000000142e+01,5.409199999999999875e+01,5.000000000000000000e+01,0.000000000000000000e+00
1.412000000000000000e+03,1.997650255832476418e+01,-1.268494480474058683e+01,3.122607653749042811e+01,1.435370825574926013e+00,0.000000000000000000e+00,4.985000000000000142e+01,5.409199999999999875e+01,5.000000000000000000e+01,0.000000000000000000e+00
1.413000000000000000e+03,2.002570659010358156e+01,-1.258925450918385458e+01,3.115074500821659953e+01,1.464216091070837944e+00,0.000000000000000000e+00,4.985000000000000142e+01,5.406000000000000227e+01,5.000000000000000000e+01,0.000000000000000000e+00
1.414000000000000000e+03,2.008009183112846330e+01,-1.249057389189096057e+01,3.107600396361403838e+01,1.494661759405383927e+00,0.000000000000000000e+00,4.985000000000000142e+01,5.402700000000000102e+01,5.000000000000000000e+01,0.000000000000000000e+00
1.415000000000000000e+03,2.107261538409194657e+01,-1.191344179681436799e+01,3.100471635966464845e+01,1.981340821241666550e+00,0.000000000000000000e+00,4.985000000000000142e+01,5.383400000000000318e+01,5.000000000000000000e+01,0.000000000000000000e+00
1.416000000000000000e+03,2.053927303611511945e+01,-1.210482238792785203e+01,3.093228357332249701e+01,1.711811850720473149e+00,0.000000000000000000e+00,4.985000000000000142e+01,5.389800000000000324e+01,5.000000000000000000e+01,0.000000000000000000e+00
1.417000000000000000e+03,2.114320542318365170e+01,-1.172206120570088395e+01,3.086214115176586859e+01,2.003125477118666176e+00,0.000000000000000000e+00,4.985000000000000142e+01,5.377000000000000313e+01,5.000000000000000000e+01,0.000000000000000000e+00
1.418000000000000000e+03,2.098560798047500953e+01,-1.172206120570088395e+01,3.079199873020924016e+01,1.915670455966655084e+00,0.000000000000000000e+00,4.985000000000000142e+01,5.377000000000000313e+01,5.000000000000000000e+01,0.000000000000000000e+00
1.419000000000000000e+03,2.140102298087114008e+01,-1.143199999729450766e+01,3.072359197571664069e+01,2.109431002449008830e+00,0.000000000000000000e+00,4.985000000000000142e+01,5.367300000000000182e+01,5.000000000000000000e+01,0.000000000000000000e+00
1.420000000000000000e+03,2.180971420188893006e+01,-1.114193878888812961e+01,3.065692088828807016e+01,2.294732102488989067e+00,0.000000000000000000e+00,4.985000000000000142e+01,5.357600000000000051e+01,5.000000000000000000e+01,0.000000000000000000e+00
1.421000000000000000e+03,2.239982638955124727e+01,-1.075618728492501930e+01,3.059255805911990578e+01,2.563455615356361239e+00,0.000000000000000000e+00,4.985000000000000142e+01,5.344700000000000273e+01,5.000000000000000000e+01,0.000000000000000000e+00
1.422000000000000000e+03,2.222354492741471432e+01,-1.075618728492501930e+01,3.052819522995174140e+01,2.451536982387992669e+00,0.000000000000000000e+00,4.985000000000000142e+01,5.344700000000000273e+01,5.000000000000000000e+01,0.000000000000000000e+00
1.423000000000000000e+03,2.205214975249551301e+01,-1.075618728492501930e+01,3.046383240078357701e+01,2.344504636636953965e+00,0.000000000000000000e+00,4.985000000000000142e+01,5.344700000000000273e+01,5.000000000000000000e+01,0.000000000000000000e+00
1.424000000000000000e+03,2.207320294566011398e+01,-1.066049698936826751e+01,3.040004216281179339e+01,2.333657772216589432e+00,0.000000000000000000e+00,4.985000000000000142e+01,5.341499999999999915e+01,5.000000000000000000e+01,0.000000000000000000e+00
1.425000000000000000e+03,2.171975147101815296e+01,-1.075618728492501930e+01,3.033567933364362901e+01,2.140259422299543690e+00,0.000000000000000000e+00,4.985000000000000142e+01,5.344700000000000273e+01,5.000000000000000000e+01,0.000000000000000000e+00
1.426000000000000000e+03,2.174972186370126437e+01,-1.066049698936826751e+01,3.027188909567184538e+01,2.138329757397687825e+00,0.000000000000000000e+00,4.985000000000000142e+01,5.341499999999999915e+01,5.000000000000000000e+01,0.000000000000000000e+00
1.427000000000000000e+03,2.272509414031455321e+01,-1.008336489429167493e+01,3.021155229835323297e+01,2.596906736252997394e+00,0.000000000000000000e+00,4.985000000000000142e+01,5.322200000000000131e+01,5.000000000000000000e+01,0.000000000000000000e+00
1.428000000000000000e+03,2.198805202010753845e+01,-1.037043578096188945e+01,3.014949772744547829e+01,2.208990073623950945e+00,0.000000000000000000e+00,4.985000000000000142e+01,5.331799999999999784e+01,5.000000000000000000e+01,0.000000000000000000e+00
1.429000000000000000e+03,2.258652415975373628e+01,-9.984684276998780916e+00,3.008975141479813331e+01,2.481457021954384778e+00,0.000000000000000000e+00,4.985000000000000142e+01,5.318900000000000006e+01,5.000000000000000000e+01,0.000000000000000000e+00
1.430000000000000000e+03,2.241843921389456540e+01,-9.984684276998780916e+00,3.003000510215078833e+01,2.373118388742557094e+00,0.000000000000000000e+00,4.985000000000000142e+01,5.318900000000000006e+01,5.000000000000000000e+01,0.000000000000000000e+00
1.431000000000000000e+03,2.263063508035310889e+01,-9.793303685885296872e+00,2.997140397189620487e+01,2.452534794342197344e+00,0.000000000000000000e+00,4.985000000000000142e+01,5.312500000000000000e+01,5.000000000000000000e+01,0.000000000000000000e+00
1.432000000000000000e+03,2.246495804059345858e+01,-9.793303685885296872e+00,2.991280284164162140e+01,2.345458884837136715e+00,0.000000000000000000e+00,4.985000000000000142e+01,5.312500000000000000e+01,5.000000000000000000e+01,0.000000000000000000e+00
1.433000000000000000e+03,2.230395585821923987e+01,-9.793303685885296872e+00,2.985420171138703793e+01,2.243057832717498368e+00,0.000000000000000000e+00,4.985000000000000142e+01,5.312500000000000000e+01,5.000000000000000000e+01,0.000000000000000000e+00
1.434000000000000000e+03,2.214742443231105185e+01,-9.793303685885296872e+00,2.979560058113245447e+01,2.145127537063896916e+00,0.000000000000000000e+00,4.985000000000000142e+01,5.312500000000000000e+01,5.000000000000000000e+01,0.000000000000000000e+00
1.435000000000000000e+03,2.199516857284922722e+01,-9.793303685885296872e+00,2.973699945087787100e+01,2.051472807856650871e+00,0.000000000000000000e+00,4.985000000000000142e+01,5.312500000000000000e+01,5.000000000000000000e+01,0.000000000000000000e+00
1.436000000000000000e+03,2.184700161167028298e+01,-9.793303685885296872e+00,2.967839832062328753e+01,1.961906976932295654e+00,0.000000000000000000e+00,4.985000000000000142e+01,5.312500000000000000e+01,5.000000000000000000e+01,0.000000000000000000e+00
1.437000000000000000e+03,2.170274503040886316e+01,-9.793303685885296872e+00,2.961979719036870407e+01,1.876251525925455077e+00,0.000000000000000000e+00,4.985000000000000142e+01,5.312500000000000000e+01,5.000000000000000000e+01,0.000000000000000000e+00
1.438000000000000000e+03,2.156222810468332796e+01,-9.793303685885296872e+00,2.956119606011412060e+01,1.794335730454504230e+00,0.000000000000000000e+00,4.985000000000000142e+01,5.312500000000000000e+01,5.000000000000000000e+01,0.000000000000000000e+00
1.439000000000000000e+03,2.104973673849485039e+01,-9.984684276998780916e+00,2.950144974746677562e+01,1.532971268026857459e+00,0.000000000000000000e+00,4.985000000000000142e+01,5.318900000000000006e+01,5.000000000000000000e+01,0.000000000000000000e+00
1.440000000000000000e+03,2.072941860583745566e+01,-1.008336489429167493e+01,2.944111295014816321e+01,1.371670549980964493e+00,0.000000000000000000e+00,4.985000000000000142e+01,5.322200000000000131e+01,5.000000000000000000e+01,0.000000000000000000e+00
1.441000000000000000e+03,2.023364483111556211e+01,-1.027474548540515897e+01,2.937963097043678928e+01,1.128759346083932469e+00,0.000000000000000000e+00,4.985000000000000142e+01,5.328600000000000136e+01,5.000000000000000000e+01,0.000000000000000000e+00
1.442000000000000000e+03,2.031065744086382097e+01,-1.017905518984840540e+01,2.931872158192179612e+01,1.170991048790430700e+00,0.000000000000000000e+00,4.985000000000000142e+01,5.325399999999999778e+01,5.000000000000000000e+01,0.000000000000000000e+00
1.443000000000000000e+03,1.962942920368009325e+01,-1.046911639825478346e+01,2.925607652634277400e+01,8.424690755921022678e-01,0.000000000000000000e+00,4.985000000000000142e+01,5.335099999999999909e+01,5.000000000000000000e+01,0.000000000000000000e+00
1.444000000000000000e+03,1.896667631472370985e+01,-1.075618728492501930e+01,2.919171369717460962e+01,5.311499024741201946e-01,0.000000000000000000e+00,4.985000000000000142e+01,5.344700000000000273e+01,5.000000000000000000e+01,0.000000000000000000e+00
1.445000000000000000e+03,1.906689927455736111e+01,-1.066049698936826751e+01,2.912792345920282600e+01,5.994728047228033985e-01,0.000000000000000000e+00,4.985000000000000142e+01,5.341499999999999915e+01,5.000000000000000000e+01,0.000000000000000000e+00
1.446000000000000000e+03,1.897693648403410549e+01,-1.066049698936826751e+01,2.906413322123104237e+01,5.733002521713277400e-01,0.000000000000000000e+00,4.985000000000000142e+01,5.341499999999999915e+01,5.000000000000000000e+01,0.000000000000000000e+00
1.447000000000000000e+03,1.907589178103785343e+01,-1.056480669381153703e+01,2.900091557445563950e+01,6.397829003937494097e-01,0.000000000000000000e+00,4.985000000000000142e+01,5.338300000000000267e+01,5.000000000000000000e+01,0.000000000000000000e+00
1.448000000000000000e+03,1.992948671680388983e+01,-1.008336489429167493e+01,2.894057877713702709e+01,1.072272833958539229e+00,0.000000000000000000e+00,4.985000000000000142e+01,5.322200000000000131e+01,5.000000000000000000e+01,0.000000000000000000e+00
1.449000000000000000e+03,2.020375406384328443e+01,-9.888993981442027348e+00,2.888140505568606287e+01,1.211342989599250242e+00,0.000000000000000000e+00,4.985000000000000142e+01,5.315699999999999648e+01,5.000000000000000000e+01,0.000000000000000000e+00
1.450000000000000000e+03,1.971027516959970072e+01,-1.008336489429167493e+01,2.882106825836745045e+01,9.725718055239226389e-01,0.000000000000000000e+00,4.985000000000000142e+01,5.322200000000000131e+01,5.000000000000000000e+01,0.000000000000000000e+00
1.451000000000000000e+03,2.017667080466880947e+01,-9.793303685885296872e+00,2.876246712811286699e+01,1.207507362441239795e+00,0.000000000000000000e+00,4.985000000000000142e+01,5.312500000000000000e+01,5.000000000000000000e+01,0.000000000000000000e+00
1.452000000000000000e+03,1.987757535665768316e+01,-9.888993981442027348e+00,2.870329340666190276e+01,1.063275931437809074e+00,0.000000000000000000e+00,4.985000000000000142e+01,5.315699999999999648e+01,5.000000000000000000e+01,0.000000000000000000e+00
1.453000000000000000e+03,1.995975518356748424e+01,-9.793303685885296872e+00,2.864469227640731930e+01,1.108366593045463810e+00,0.000000000000000000e+00,4.985000000000000142e+01,5.312500000000000000e+01,5.000000000000000000e+01,0.000000000000000000e+00
1.454000000000000000e+03,1.985276356307841183e+01,-9.793303685885296872e+00,2.858609114615273583e+01,1.059976102810971543e+00,0.000000000000000000e+00,4.985000000000000142e+01,5.312500000000000000e+01,5.000000000000000000e+01,0.000000000000000000e+00
1.455000000000000000e+03,1.974788463667432836e+01,-9.793303685885296872e+00,2.852749001589815236e+01,1.013698306661475534e+00,0.000000000000000000e+00,4.985000000000000142e+01,5.312500000000000000e+01,5.000000000000000000e+01,0.000000000000000000e+00
1.456000000000000000e+03,1.964502616564729109e+01,-9.793303685885296872e+00,2.846888888564356890e+01,9.694409658890156267e-01,0.000000000000000000e+00,4.985000000000000142e+01,5.312500000000000000e+01,5.000000000000000000e+01,0.000000000000000000e+00
1.457000000000000000e+03,2.030106957065319762e+01,-9.407552181922188339e+00,2.841259601364939513e+01,1.296025738925990822e+00,0.000000000000000000e+00,4.985000000000000142e+01,5.299600000000000222e+01,5.000000000000000000e+01,0.000000000000000000e+00
1.458000000000000000e+03,1.943122351246680424e+01,-9.793303685885296872e+00,2.835399488339481167e+01,8.705323149572916641e-01,0.000000000000000000e+00,4.985000000000000142e+01,5.312500000000000000e+01,5.000000000000000000e+01,0.000000000000000000e+00
1.459000000000000000e+03,1.933461556592051167e+01,-9.793303685885296872e+00,2.829539375314022820e+01,8.325254986655786782e-01,0.000000000000000000e+00,4.985000000000000142e+01,5.312500000000000000e+01,5.000000000000000000e+01,0.000000000000000000e+00
1.460000000000000000e+03,1.923966696970482460e+01,-9.793303685885296872e+00,2.823679262288564473e+01,7.961780327044768457e-01,0.000000000000000000e+00,4.985000000000000142e+01,5.312500000000000000e+01,5.000000000000000000e+01,0.000000000000000000e+00
1.461000000000000000e+03,1.914630527777485014e+01,-9.793303685885296872e+00,2.817819149263106127e+01,7.614174710290827486e-01,0.000000000000000000e+00,4.985000000000000142e+01,5.312500000000000000e+01,5.000000000000000000e+01,0.000000000000000000e+00
1.462000000000000000e+03,1.905446120702801593e+01,-9.793303685885296872e+00,2.811959036237647780e+01,7.281745305368360066e-01,0.000000000000000000e+00,4.985000000000000142e+01,5.312500000000000000e+01,5.000000000000000000e+01,0.000000000000000000e+00
1.463000000000000000e+03,1.896406849921232407e+01,-9.793303685885296872e+00,2.806098923212189433e+01,6.963829529757254999e-01,0.000000000000000000e+00,4.985000000000000142e+01,5.312500000000000000e+01,5.000000000000000000e+01,0.000000000000000000e+00
1.464000000000000000e+03,1.887506378886349623e+01,-9.793303685885296872e+00,2.800238810186731087e+01,6.659793728814845659e-01,0.000000000000000000e+00,4.985000000000000142e+01,5.312500000000000000e+01,5.000000000000000000e+01,0.000000000000000000e+00
1.465000000000000000e+03,1.878738647700798481e+01,-9.793303685885296872e+00,2.794378697161272740e+01,6.369031912805538376e-01,0.000000000000000000e+00,4.985000000000000142e+01,5.312500000000000000e+01,5.000000000000000000e+01,0.000000000000000000e+00
1.466000000000000000e+03,1.870097861037992715e+01,-9.793303685885296872e+00,2.788518584135814393e+01,6.090964549070817524e-01,0.000000000000000000e+00,4.985000000000000142e+01,5.312500000000000000e+01,5.000000000000000000e+01,0.000000000000000000e+00
1.467000000000000000e+03,1.861578476591148856e+01,-9.793303685885296872e+00,2.782658471110356047e+01,5.825037406932241923e-01,0.000000000000000000e+00,4.985000000000000142e+01,5.312500000000000000e+01,5.000000000000000000e+01,0.000000000000000000e+00
1.468000000000000000e+03,1.871952735292678582e+01,-9.697613390328564620e+00,2.776855617204535775e+01,6.485845712099909122e-01,0.000000000000000000e+00,4.985000000000000142e+01,5.309300000000000352e+01,5.000000000000000000e+01,0.000000000000000000e+00
1.469000000000000000e+03,1.977157051608336502e+01,-9.117490973515810282e+00,2.771399896711521293e+01,1.175062522483962146e+00,0.000000000000000000e+00,4.985000000000000142e+01,5.289900000000000091e+01,5.000000000000000000e+01,0.000000000000000000e+00
1.470000000000000000e+03,1.985348633715228672e+01,-9.021800677959056713e+00,2.766001435338144887e+01,1.215272661729895232e+00,0.000000000000000000e+00,4.985000000000000142e+01,5.286699999999999733e+01,5.000000000000000000e+01,0.000000000000000000e+00
1.471000000000000000e+03,2.012199461624819818e+01,-8.830420086845572669e+00,2.760717492204044632e+01,1.345239781053326755e+00,0.000000000000000000e+00,4.985000000000000142e+01,5.280299999999999727e+01,5.000000000000000000e+01,0.000000000000000000e+00
1.472000000000000000e+03,2.019819839389386829e+01,-8.734729791288842193e+00,2.755490808189582452e+01,1.378020103286886178e+00,0.000000000000000000e+00,4.985000000000000142e+01,5.277100000000000080e+01,5.000000000000000000e+01,0.000000000000000000e+00
1.473000000000000000e+03,2.084273781701351780e+01,-8.348978287325733660e+00,2.750494950001161243e+01,1.686766604327641250e+00,0.000000000000000000e+00,4.985000000000000142e+01,5.264200000000000301e+01,5.000000000000000000e+01,0.000000000000000000e+00
1.474000000000000000e+03,2.053136080272530961e+01,-8.444668582882464136e+00,2.745441832693101958e+01,1.521611058676753947e+00,0.000000000000000000e+00,4.985000000000000142e+01,5.267399999999999949e+01,5.000000000000000000e+01,0.000000000000000000e+00
1.475000000000000000e+03,2.041439718253055702e+01,-8.444668582882464136e+00,2.740388715385042673e+01,1.455178611562595536e+00,0.000000000000000000e+00,4.985000000000000142e+01,5.267399999999999949e+01,5.000000000000000000e+01,0.000000000000000000e+00
1.476000000000000000e+03,2.086952817494111656e+01,-8.154607374476086079e+00,2.735509164783386282e+01,1.669043901583338929e+00,0.000000000000000000e+00,4.985000000000000142e+01,5.257699999999999818e+01,5.000000000000000000e+01,0.000000000000000000e+00
1.477000000000000000e+03,2.093563882232806606e+01,-8.058917078919355603e+00,2.730686873301367967e+01,1.687687168233743318e+00,0.000000000000000000e+00,4.985000000000000142e+01,5.254500000000000171e+01,5.000000000000000000e+01,0.000000000000000000e+00
1.478000000000000000e+03,2.100150810926543699e+01,-7.963226783362602923e+00,2.725921840938987728e+01,1.705516483238163739e+00,0.000000000000000000e+00,4.985000000000000142e+01,5.251299999999999812e+01,5.000000000000000000e+01,0.000000000000000000e+00
1.479000000000000000e+03,2.050384533431621747e+01,-8.154607374476086079e+00,2.721042290337331337e+01,1.448029805418989957e+00,0.000000000000000000e+00,4.985000000000000142e+01,5.257699999999999818e+01,5.000000000000000000e+01,0.000000000000000000e+00
1.480000000000000000e+03,2.076738071123173057e+01,-7.963226783362602923e+00,2.716277257974951098e+01,1.567834914844822958e+00,0.000000000000000000e+00,4.985000000000000142e+01,5.251299999999999812e+01,5.000000000000000000e+01,0.000000000000000000e+00
1.481000000000000000e+03,2.065127984009762230e+01,-7.963226783362602923e+00,2.711512225612570859e+01,1.499384367334517076e+00,0.000000000000000000e+00,4.985000000000000142e+01,5.251299999999999812e+01,5.000000000000000000e+01,0.000000000000000000e+00
1.482000000000000000e+03,1.978119783846860713e+01,-8.348978287325733660e+00,2.706516367424149649e+01,1.065012451552846739e+00,0.000000000000000000e+00,4.985000000000000142e+01,5.264200000000000301e+01,5.000000000000000000e+01,0.000000000000000000e+00
1.483000000000000000e+03,1.949696616440166252e+01,-8.444668582882464136e+00,2.701463250116090364e+01,9.270022461232246824e-01,0.000000000000000000e+00,4.985000000000000142e+01,5.267399999999999949e+01,5.000000000000000000e+01,0.000000000000000000e+00
1.484000000000000000e+03,1.883676851872256108e+01,-8.734729791288842193e+00,2.696236566101628185e+01,6.091326489951200962e-01,0.000000000000000000e+00,4.985000000000000142e+01,5.277100000000000080e+01,5.000000000000000000e+01,0.000000000000000000e+00
1.485000000000000000e+03,1.913932619112301126e+01,-8.540358878439217705e+00,2.691126189673930824e+01,7.684231728229218295e-01,0.000000000000000000e+00,4.985000000000000142e+01,5.270600000000000307e+01,5.000000000000000000e+01,0.000000000000000000e+00
1.486000000000000000e+03,1.867325481547299404e+01,-8.734729791288842193e+00,2.685899505659468645e+01,5.489895501671500089e-01,0.000000000000000000e+00,4.985000000000000142e+01,5.277100000000000080e+01,5.000000000000000000e+01,0.000000000000000000e+00
1.487000000000000000e+03,1.840924407279007369e+01,-8.830420086845572669e+00,2.680615562525368389e+01,4.335085343819641279e-01,0.000000000000000000e+00,4.985000000000000142e+01,5.280299999999999727e+01,5.000000000000000000e+01,0.000000000000000000e+00
1.488000000000000000e+03,1.833747796986657974e+01,-8.830420086845572669e+00,2.675331619391268134e+01,4.145818627994699579e-01,0.000000000000000000e+00,4.985000000000000142e+01,5.280299999999999727e+01,5.000000000000000000e+01,0.000000000000000000e+00
1.489000000000000000e+03,1.826653819184508620e+01,-8.830420086845572669e+00,2.670047676257167879e+01,3.964815161189809700e-01,0.000000000000000000e+00,4.985000000000000142e+01,5.280299999999999727e+01,5.000000000000000000e+01,0.000000000000000000e+00
1.490000000000000000e+03,1.800861324931261009e+01,-8.926110382402326238e+00,2.664706474003429548e+01,2.876588916806410712e-01,0.000000000000000000e+00,4.985000000000000142e+01,5.283500000000000085e+01,5.000000000000000000e+01,0.000000000000000000e+00
1.491000000000000000e+03,1.813041765861120780e+01,-8.830420086845572669e+00,2.659422530869329293e+01,3.666124367634909231e-01,0.000000000000000000e+00,4.985000000000000142e+01,5.280299999999999727e+01,5.000000000000000000e+01,0.000000000000000000e+00
1.492000000000000000e+03,1.749824595333205934e+01,-9.117490973515810282e+00,2.653966810376314811e+01,7.606882308472201482e-02,0.000000000000000000e+00,4.985000000000000142e+01,5.289900000000000091e+01,5.000000000000000000e+01,0.000000000000000000e+00
1.493000000000000000e+03,1.744036763816300351e+01,-9.117490973515810282e+00,2.648511089883300329e+01,7.274771284581069142e-02,0.000000000000000000e+00,4.985000000000000142e+01,5.289900000000000091e+01,5.000000000000000000e+01,0.000000000000000000e+00
1.494000000000000000e+03,1.662566468799612451e+01,-9.503242477478918815e+00,2.642824543564244877e+01,-2.993382701674086599e-01,0.000000000000000000e+00,4.985000000000000142e+01,5.302799999999999869e+01,5.000000000000000000e+01,0.000000000000000000e+00
1.495000000000000000e+03,1.658186811891536294e+01,-9.503242477478918815e+00,2.637137997245189425e+01,-2.862693760576133228e-01,0.000000000000000000e+00,4.985000000000000142e+01,5.302799999999999869e+01,5.000000000000000000e+01,0.000000000000000000e+00
1.496000000000000000e+03,1.615608216432739752e+01,-9.697613390328564620e+00,2.631335143339369154e+01,-4.596558787377299504e-01,0.000000000000000000e+00,4.985000000000000142e+01,5.309300000000000352e+01,5.000000000000000000e+01,0.000000000000000000e+00
1.497000000000000000e+03,1.593034645848578279e+01,-9.793303685885296872e+00,2.625475030313910807e+01,-5.311001587680294067e-01,0.000000000000000000e+00,4.985000000000000142e+01,5.312500000000000000e+01,5.000000000000000000e+01,0.000000000000000000e+00
1.498000000000000000e+03,1.589493278011549116e+01,-9.793303685885296872e+00,2.619614917288452460e+01,-5.079127068837344661e-01,0.000000000000000000e+00,4.985000000000000142e+01,5.312500000000000000e+01,5.000000000000000000e+01,0.000000000000000000e+00
1.499000000000000000e+03,1.585850675423219869e+01,-9.793303685885296872e+00,2.613754804262994114e+01,-4.857376025124466312e-01,0.000000000000000000e+00,4.985000000000000142e+01,5.312500000000000000e+01,5.000000000000000000e+01,0.000000000000000000e+00
1.500000000000000000e+03,1.582111257920198355e+01,-9.793303685885296872e+00,2.607894691237535767e+01,-4.645306472880752491e-01,0.000000000000000000e+00,4.985000000000000142e+01,5.312500000000000000e+01,5.000000000000000000e+01,0.000000000000000000e+00
1.501000000000000000e+03,1.578279252372199615e+01,-9.793303685885296872e+00,2.602034578212077420e+01,-4.442495725134822382e-01,0.000000000000000000e+00,4.985000000000000142e+01,5.312500000000000000e+01,5.000000000000000000e+01,0.000000000000000000e+00
1.502000000000000000e+03,1.574358701106837266e+01,-9.793303685885296872e+00,2.596174465186619074e+01,-4.248539549125201487e-01,0.000000000000000000e+00,4.985000000000000142e+01,5.312500000000000000e+01,5.000000000000000000e+01,0.000000000000000000e+00
1.503000000000000000e+03,1.570353469966603654e+01,-9.793303685885296872e+00,2.590314352161160727e+01,-4.063051360602756290e-01,0.000000000000000000e+00,4.985000000000000142e+01,5.312500000000000000e+01,5.000000000000000000e+01,0.000000000000000000e+00
1.504000000000000000e+03,1.623186677976827497e+01,-9.503242477478918815e+00,2.584627805842105275e+01,-1.111688011738595216e-01,0.000000000000000000e+00,4.985000000000000142e+01,5.302799999999999869e+01,5.000000000000000000e+01,0.000000000000000000e+00
1.505000000000000000e+03,1.750015073694680012e+01,-8.830420086845572669e+00,2.579343862708005020e+01,5.371321967123194874e-01,0.000000000000000000e+00,4.985000000000000142e+01,5.280299999999999727e+01,5.000000000000000000e+01,0.000000000000000000e+00
1.506000000000000000e+03,1.742386049927264580e+01,-8.830420086845572669e+00,2.574059919573904764e+01,5.136813903791727087e-01,0.000000000000000000e+00,4.985000000000000142e+01,5.280299999999999727e+01,5.000000000000000000e+01,0.000000000000000000e+00
1.507000000000000000e+03,1.734859410697779580e+01,-8.830420086845572669e+00,2.568775976439804509e+01,4.912544294253214927e-01,0.000000000000000000e+00,4.985000000000000142e+01,5.280299999999999727e+01,5.000000000000000000e+01,0.000000000000000000e+00
1.508000000000000000e+03,1.727430685970755064e+01,-8.830420086845572669e+00,2.563492033305704254e+01,4.698066134960823259e-01,0.000000000000000000e+00,4.985000000000000142e+01,5.280299999999999727e+01,5.000000000000000000e+01,0.000000000000000000e+00
1.509000000000000000e+03,1.720095600869265695e+01,-8.830420086845572669e+00,2.558208090171603999e+01,4.492951938221861341e-01,0.000000000000000000e+00,4.985000000000000142e+01,5.280299999999999727e+01,5.000000000000000000e+01,0.000000000000000000e+00
1.510000000000000000e+03,1.712850067154442257e+01,-8.830420086845572669e+00,2.552924147037503744e+01,4.296792880149592486e-01,0.000000000000000000e+00,4.985000000000000142e+01,5.280299999999999727e+01,5.000000000000000000e+01,0.000000000000000000e+00
1.511000000000000000e+03,1.743832055773679812e+01,-8.636049173995948181e+00,2.547756511490168307e+01,5.968046168310606747e-01,0.000000000000000000e+00,4.985000000000000142e+01,5.273799999999999955e+01,5.000000000000000000e+01,0.000000000000000000e+00
1.512000000000000000e+03,1.697916933391413252e+01,-8.830420086845572669e+00,2.542472568356068052e+01,3.848637371990233369e-01,0.000000000000000000e+00,4.985000000000000142e+01,5.280299999999999727e+01,5.000000000000000000e+01,0.000000000000000000e+00
1.513000000000000000e+03,1.804791546718945483e+01,-8.250297670032839648e+00,2.537535758634773586e+01,9.228555508745599489e-01,0.000000000000000000e+00,4.985000000000000142e+01,5.260900000000000176e+01,5.000000000000000000e+01,0.000000000000000000e+00
1.514000000000000000e+03,1.814603157140554401e+01,-8.154607374476086079e+00,2.532656208033117196e+01,9.740768655504575824e-01,0.000000000000000000e+00,4.985000000000000142e+01,5.257699999999999818e+01,5.000000000000000000e+01,0.000000000000000000e+00
1.515000000000000000e+03,1.843025939362951604e+01,-7.963226783362602923e+00,2.527891175670736956e+01,1.114574420284750289e+00,0.000000000000000000e+00,4.985000000000000142e+01,5.251299999999999812e+01,5.000000000000000000e+01,0.000000000000000000e+00
1.516000000000000000e+03,1.852759094479413449e+01,-7.864546166069708910e+00,2.523185191775483460e+01,1.160285193109008794e+00,0.000000000000000000e+00,4.985000000000000142e+01,5.247999999999999687e+01,5.000000000000000000e+01,0.000000000000000000e+00
1.517000000000000000e+03,1.842987388677828164e+01,-7.864546166069708910e+00,2.518479207880229964e+01,1.109627974045690912e+00,0.000000000000000000e+00,4.985000000000000142e+01,5.247999999999999687e+01,5.000000000000000000e+01,0.000000000000000000e+00
1.518000000000000000e+03,1.833436848660178597e+01,-7.864546166069708910e+00,2.513773223984976468e+01,1.061182412821729537e+00,0.000000000000000000e+00,4.985000000000000142e+01,5.247999999999999687e+01,5.000000000000000000e+01,0.000000000000000000e+00
1.519000000000000000e+03,1.824097818487017619e+01,-7.864546166069708910e+00,2.509067240089722972e+01,1.014851950042652939e+00,0.000000000000000000e+00,4.985000000000000142e+01,5.247999999999999687e+01,5.000000000000000000e+01,0.000000000000000000e+00
1.520000000000000000e+03,1.890071228854529650e+01,-7.481784983842740822e+00,2.504590292673021779e+01,1.336594345657818650e+00,0.000000000000000000e+00,4.985000000000000142e+01,5.235199999999999676e+01,5.000000000000000000e+01,0.000000000000000000e+00
1.521000000000000000e+03,1.936678228383834366e+01,-7.191723775436384969e+00,2.500286911962723480e+01,1.555636939647495165e+00,0.000000000000000000e+00,4.985000000000000142e+01,5.225500000000000256e+01,5.000000000000000000e+01,0.000000000000000000e+00
1.522000000000000000e+03,1.925583048407051479e+01,-7.191723775436384969e+00,2.495983531252425180e+01,1.487718946982644397e+00,0.000000000000000000e+00,4.985000000000000142e+01,5.225500000000000256e+01,5.000000000000000000e+01,0.000000000000000000e+00
1.523000000000000000e+03,1.952926274210031110e+01,-6.997352862586738276e+00,2.491796458128891700e+01,1.608651023398131041e+00,0.000000000000000000e+00,4.985000000000000142e+01,5.218999999999999773e+01,5.000000000000000000e+01,0.000000000000000000e+00
1.524000000000000000e+03,1.884796524171201781e+01,-7.287414070993116333e+00,2.487435818298955326e+01,1.261021129715579558e+00,0.000000000000000000e+00,4.985000000000000142e+01,5.228699999999999903e+01,5.000000000000000000e+01,0.000000000000000000e+00
1.525000000000000000e+03,1.931849778525941019e+01,-6.997352862586738276e+00,2.483248745175421845e+01,1.483363196091929348e+00,0.000000000000000000e+00,4.985000000000000142e+01,5.218999999999999773e+01,5.000000000000000000e+01,0.000000000000000000e+00
1.526000000000000000e+03,1.826125145455441512e+01,-7.481784983842740822e+00,2.478771797758720652e+01,9.553184608099498654e-01,0.000000000000000000e+00,4.985000000000000142e+01,5.235199999999999676e+01,5.000000000000000000e+01,0.000000000000000000e+00
1.527000000000000000e+03,1.761144722381728300e+01,-7.768855870512977546e+00,2.474123072983105232e+01,6.390723644992108987e-01,0.000000000000000000e+00,4.985000000000000142e+01,5.244800000000000040e+01,5.000000000000000000e+01,0.000000000000000000e+00
1.528000000000000000e+03,1.734928312248066007e+01,-7.864546166069708910e+00,2.469417089087851735e+01,5.196583976718490705e-01,0.000000000000000000e+00,4.985000000000000142e+01,5.247999999999999687e+01,5.000000000000000000e+01,0.000000000000000000e+00
1.529000000000000000e+03,1.727953537072418655e+01,-7.864546166069708910e+00,2.464711105192598239e+01,4.969704848679127318e-01,0.000000000000000000e+00,4.985000000000000142e+01,5.247999999999999687e+01,5.000000000000000000e+01,0.000000000000000000e+00
1.530000000000000000e+03,1.721077815696287772e+01,-7.864546166069708910e+00,2.460005121297344743e+01,4.752731100591384705e-01,0.000000000000000000e+00,4.985000000000000142e+01,5.247999999999999687e+01,5.000000000000000000e+01,0.000000000000000000e+00
1.531000000000000000e+03,1.714296823501854306e+01,-7.864546166069708910e+00,2.455299137402091247e+01,4.545230270673371042e-01,0.000000000000000000e+00,4.985000000000000142e+01,5.247999999999999687e+01,5.000000000000000000e+01,0.000000000000000000e+00
1.532000000000000000e+03,1.707606424681010182e+01,-7.864546166069708910e+00,2.450593153506837751e+01,4.346788778114314411e-01,0.000000000000000000e+00,4.985000000000000142e+01,5.247999999999999687e+01,5.000000000000000000e+01,0.000000000000000000e+00
1.533000000000000000e+03,1.701002663992062480e+01,-7.864546166069708910e+00,2.445887169611584255e+01,4.157011098744909927e-01,0.000000000000000000e+00,4.985000000000000142e+01,5.247999999999999687e+01,5.000000000000000000e+01,0.000000000000000000e+00
1.534000000000000000e+03,1.694481758876333188e+01,-7.864546166069708910e+00,2.441181185716330759e+01,3.975518976697308693e-01,0.000000000000000000e+00,4.985000000000000142e+01,5.247999999999999687e+01,5.000000000000000000e+01,0.000000000000000000e+00
1.535000000000000000e+03,1.688040091918941243e+01,-7.864546166069708910e+00,2.436475201821077263e+01,3.801950670483464911e-01,0.000000000000000000e+00,4.985000000000000142e+01,5.247999999999999687e+01,5.000000000000000000e+01,0.000000000000000000e+00
1.536000000000000000e+03,1.681674203638744558e+01,-7.864546166069708910e+00,2.431769217925823767e+01,3.635960231989163738e-01,0.000000000000000000e+00,4.985000000000000142e+01,5.247999999999999687e+01,5.000000000000000000e+01,0.000000000000000000e+00
1.537000000000000000e+03,1.675380785593065980e+01,-7.864546166069708910e+00,2.427063234030570271e+01,3.477216816946649414e-01,0.000000000000000000e+00,4.985000000000000142e+01,5.247999999999999687e+01,5.000000000000000000e+01,0.000000000000000000e+00
1.538000000000000000e+03,1.631014793086772485e+01,-8.058917078919355603e+00,2.422240942548551956e+01,1.466555843015573679e-01,0.000000000000000000e+00,4.985000000000000142e+01,5.254500000000000171e+01,5.000000000000000000e+01,0.000000000000000000e+00
1.539000000000000000e+03,1.644329755111829172e+01,-7.963226783362602923e+00,2.417475910186171717e+01,2.317652326191776413e-01,0.000000000000000000e+00,4.985000000000000142e+01,5.251299999999999812e+01,5.000000000000000000e+01,0.000000000000000000e+00
1.540000000000000000e+03,1.582220228574069054e+01,-8.250297670032839648e+00,2.412539100464877251e+01,-5.289104887524209708e-02,0.000000000000000000e+00,4.985000000000000142e+01,5.260900000000000176e+01,5.000000000000000000e+01,0.000000000000000000e+00
1.541000000000000000e+03,1.558149997946772913e+01,-8.348978287325733660e+00,2.407543242276456041e+01,-1.449541559710976479e-01,0.000000000000000000e+00,4.985000000000000142e+01,5.264200000000000301e+01,5.000000000000000000e+01,0.000000000000000000e+00
1.542000000000000000e+03,1.497454375405139970e+01,-8.636049173995948181e+00,2.402375606729120605e+01,-4.131631392438572803e-01,0.000000000000000000e+00,4.985000000000000142e+01,5.273799999999999955e+01,5.000000000000000000e+01,0.000000000000000000e+00
1.543000000000000000e+03,1.474726241049972586e+01,-8.734729791288842193e+00,2.397148922714658426e+01,-4.894970253580159802e-01,0.000000000000000000e+00,4.985000000000000142e+01,5.277100000000000080e+01,5.000000000000000000e+01,0.000000000000000000e+00
1.544000000000000000e+03,1.528556087891112547e+01,-8.444668582882464136e+00,2.392095805406599140e+01,-1.907285922724022420e-01,0.000000000000000000e+00,4.985000000000000142e+01,5.267399999999999949e+01,5.000000000000000000e+01,0.000000000000000000e+00
1.545000000000000000e+03,1.524335677932742961e+01,-8.444668582882464136e+00,2.387042688098539855e+01,-1.824015187755041456e-01,0.000000000000000000e+00,4.985000000000000142e+01,5.267399999999999949e+01,5.000000000000000000e+01,0.000000000000000000e+00
1.546000000000000000e+03,1.501301371302864140e+01,-8.540358878439217705e+00,2.381932311670842495e+01,-2.659505252405660047e-01,0.000000000000000000e+00,4.985000000000000142e+01,5.270600000000000307e+01,5.000000000000000000e+01,0.000000000000000000e+00
1.547000000000000000e+03,1.516129657053323498e+01,-8.444668582882464136e+00,2.376879194362783210e+01,-1.628267902121322552e-01,0.000000000000000000e+00,4.985000000000000142e+01,5.267399999999999949e+01,5.000000000000000000e+01,0.000000000000000000e+00
1.548000000000000000e+03,1.474232347296903001e+01,-8.636049173995948181e+00,2.371711558815447773e+01,-3.387429411895002684e-01,0.000000000000000000e+00,4.985000000000000142e+01,5.273799999999999955e+01,5.000000000000000000e+01,0.000000000000000000e+00
1.549000000000000000e+03,1.489321180393127975e+01,-8.540358878439217705e+00,2.366601182387750413e+01,-2.324411415070057885e-01,0.000000000000000000e+00,4.985000000000000142e+01,5.270600000000000307e+01,5.000000000000000000e+01,0.000000000000000000e+00
1.550000000000000000e+03,1.428306203349592174e+01,-8.830420086845572669e+00,2.361317239253650158e+01,-4.996902721950069459e-01,0.000000000000000000e+00,4.985000000000000142e+01,5.280299999999999727e+01,5.000000000000000000e+01,0.000000000000000000e+00
1.551000000000000000e+03,1.557820257284257792e+01,-8.154607374476086079e+00,2.356437688651993767e+01,1.684330607987261641e-01,0.000000000000000000e+00,4.985000000000000142e+01,5.257699999999999818e+01,5.000000000000000000e+01,0.000000000000000000e+00
1.552000000000000000e+03,1.589760422555813690e+01,-7.963226783362602923e+00,2.351672656289613528e+01,3.441044460246048264e-01,0.000000000000000000e+00,4.985000000000000142e+01,5.251299999999999812e+01,5.000000000000000000e+01,0.000000000000000000e+00
1.553000000000000000e+03,1.545937972338370869e+01,-8.154607374476086079e+00,2.346793105687957137e+01,1.460560409802228177e-01,0.000000000000000000e+00,4.985000000000000142e+01,5.257699999999999818e+01,5.000000000000000000e+01,0.000000000000000000e+00
1.554000000000000000e+03,1.559198292806911113e+01,-8.058917078919355603e+00,2.341970814205938822e+01,2.311918649290788941e-01,0.000000000000000000e+00,4.985000000000000142e+01,5.254500000000000171e+01,5.000000000000000000e+01,0.000000000000000000e+00
1.555000000000000000e+03,1.591508514926584539e+01,-7.864546166069708910e+00,2.337264830310685326e+01,4.069830122287001473e-01,0.000000000000000000e+00,4.985000000000000142e+01,5.247999999999999687e+01,5.000000000000000000e+01,0.000000000000000000e+00
1.556000000000000000e+03,1.565661332969054520e+01,-7.963226783362602923e+00,2.332499797948305087e+01,2.948421335700979751e-01,0.000000000000000000e+00,4.985000000000000142e+01,5.251299999999999812e+01,5.000000000000000000e+01,0.000000000000000000e+00
1.557000000000000000e+03,1.578973380436121232e+01,-7.864546166069708910e+00,2.327793814053051591e+01,3.763418299004046008e-01,0.000000000000000000e+00,4.985000000000000142e+01,5.247999999999999687e+01,5.000000000000000000e+01,0.000000000000000000e+00
1.558000000000000000e+03,1.572624315112855165e+01,-7.864546166069708910e+00,2.323087830157798095e+01,3.599110156202782185e-01,0.000000000000000000e+00,4.985000000000000142e+01,5.247999999999999687e+01,5.000000000000000000e+01,0.000000000000000000e+00
1.559000000000000000e+03,1.585124526811936008e+01,-7.768855870512977546e+00,2.318439105382182674e+01,4.357100848105102120e-01,0.000000000000000000e+00,4.985000000000000142e+01,5.244800000000000040e+01,5.000000000000000000e+01,0.000000000000000000e+00
1.560000000000000000e+03,1.691825568827782789e+01,-7.191723775436384969e+00,2.314135724671884375e+01,9.686222169953686567e-01,0.000000000000000000e+00,4.985000000000000142e+01,5.225500000000000256e+01,5.000000000000000000e+01,0.000000000000000000e+00
1.561000000000000000e+03,1.721435133710343379e+01,-6.997352862586738276e+00,2.309948651548350895e+01,1.112217684206661783e+00,0.000000000000000000e+00,4.985000000000000142e+01,5.218999999999999773e+01,5.000000000000000000e+01,0.000000000000000000e+00
1.562000000000000000e+03,1.731169739241713401e+01,-6.901662567030006912e+00,2.305818837544455491e+01,1.155171584002583574e+00,0.000000000000000000e+00,4.985000000000000142e+01,5.215800000000000125e+01,5.000000000000000000e+01,0.000000000000000000e+00
1.563000000000000000e+03,1.721996528981959429e+01,-6.901662567030006912e+00,2.301689023540560086e+01,1.104737621443999895e+00,0.000000000000000000e+00,4.985000000000000142e+01,5.215800000000000125e+01,5.000000000000000000e+01,0.000000000000000000e+00
1.564000000000000000e+03,1.731821051050322424e+01,-6.805972271473254231e+00,2.297616468656302757e+01,1.148018095413452011e+00,0.000000000000000000e+00,4.985000000000000142e+01,5.212599999999999767e+01,5.000000000000000000e+01,0.000000000000000000e+00
1.565000000000000000e+03,1.892907799251823064e+01,-5.938778967990283597e+00,2.294062824543765444e+01,1.927228715070860243e+00,0.000000000000000000e+00,4.985000000000000142e+01,5.183599999999999852e+01,5.000000000000000000e+01,0.000000000000000000e+00
1.566000000000000000e+03,1.824020590879085546e+01,-6.228840176396661654e+00,2.290335613724825237e+01,1.565689947939265858e+00,0.000000000000000000e+00,4.985000000000000142e+01,5.193299999999999983e+01,5.000000000000000000e+01,0.000000000000000000e+00
1.567000000000000000e+03,1.870377112043477652e+01,-5.938778967990283597e+00,2.286781969612287924e+01,1.774730392302182214e+00,0.000000000000000000e+00,4.985000000000000142e+01,5.183599999999999852e+01,5.000000000000000000e+01,0.000000000000000000e+00
1.568000000000000000e+03,1.840297581103362035e+01,-6.034469263547036277e+00,2.283171066380112535e+01,1.605734410779533938e+00,0.000000000000000000e+00,4.985000000000000142e+01,5.186800000000000210e+01,5.000000000000000000e+01,0.000000000000000000e+00
1.569000000000000000e+03,1.848453697906136739e+01,-5.938778967990283597e+00,2.279617422267575222e+01,1.627141724375901211e+00,0.000000000000000000e+00,4.985000000000000142e+01,5.183599999999999852e+01,5.000000000000000000e+01,0.000000000000000000e+00
1.570000000000000000e+03,1.837796069767231799e+01,-5.938778967990283597e+00,2.276063778155037909e+01,1.556101884112223166e+00,0.000000000000000000e+00,4.985000000000000142e+01,5.183599999999999852e+01,5.000000000000000000e+01,0.000000000000000000e+00
1.571000000000000000e+03,1.827448596474034659e+01,-5.938778967990283597e+00,2.272510134042500596e+01,1.488163592305625338e+00,0.000000000000000000e+00,4.985000000000000142e+01,5.183599999999999852e+01,5.000000000000000000e+01,0.000000000000000000e+00
1.572000000000000000e+03,1.817397736888508319e+01,-5.938778967990283597e+00,2.268956489929963283e+01,1.423191437575734186e+00,0.000000000000000000e+00,4.985000000000000142e+01,5.183599999999999852e+01,5.000000000000000000e+01,0.000000000000000000e+00
1.573000000000000000e+03,1.920882586829915084e+01,-5.361646872913691020e+00,2.265748189882743091e+01,1.912990842385410062e+00,0.000000000000000000e+00,4.985000000000000142e+01,5.164300000000000068e+01,5.000000000000000000e+01,0.000000000000000000e+00
1.574000000000000000e+03,1.909322306015864967e+01,-5.361646872913691020e+00,2.262539889835522899e+01,1.829471034717111699e+00,0.000000000000000000e+00,4.985000000000000142e+01,5.164300000000000068e+01,5.000000000000000000e+01,0.000000000000000000e+00
1.575000000000000000e+03,1.841794042891632799e+01,-5.648717759583906428e+00,2.259159812429388481e+01,1.475060064206349830e+00,0.000000000000000000e+00,4.985000000000000142e+01,5.173899999999999721e+01,5.000000000000000000e+01,0.000000000000000000e+00
1.576000000000000000e+03,1.775054537113306452e+01,-5.938778967990283597e+00,2.255606168316851168e+01,1.133262655954835774e+00,0.000000000000000000e+00,4.985000000000000142e+01,5.183599999999999852e+01,5.000000000000000000e+01,0.000000000000000000e+00
1.577000000000000000e+03,1.766553149552871105e+01,-5.938778967990283597e+00,2.252052524204313855e+01,1.083785221475855876e+00,0.000000000000000000e+00,4.985000000000000142e+01,5.183599999999999852e+01,5.000000000000000000e+01,0.000000000000000000e+00
1.578000000000000000e+03,1.890884162113076528e+01,-5.262966255620797007e+00,2.248903272624220406e+01,1.682775150509357331e+00,0.000000000000000000e+00,4.985000000000000142e+01,5.160999999999999943e+01,5.000000000000000000e+01,0.000000000000000000e+00
1.579000000000000000e+03,1.861023695529012301e+01,-5.361646872913691020e+00,2.245694972577000215e+01,1.514934102433812102e+00,0.000000000000000000e+00,4.985000000000000142e+01,5.164300000000000068e+01,5.000000000000000000e+01,0.000000000000000000e+00
1.580000000000000000e+03,1.889343182578967273e+01,-5.167275960064065643e+00,2.242602980116544842e+01,1.634677984688291064e+00,0.000000000000000000e+00,4.985000000000000142e+01,5.157800000000000296e+01,5.000000000000000000e+01,0.000000000000000000e+00
1.581000000000000000e+03,1.897891844586386156e+01,-5.071585664507312963e+00,2.239568246775727545e+01,1.654821642613898192e+00,0.000000000000000000e+00,4.985000000000000142e+01,5.154599999999999937e+01,5.000000000000000000e+01,0.000000000000000000e+00
1.582000000000000000e+03,1.906409819948179063e+01,-4.975895368950581599e+00,2.236590772554548323e+01,1.674085842886888775e+00,0.000000000000000000e+00,4.985000000000000142e+01,5.151400000000000290e+01,5.000000000000000000e+01,0.000000000000000000e+00
1.583000000000000000e+03,1.896123407047304710e+01,-4.975895368950581599e+00,2.233613298333369102e+01,1.600996456089936792e+00,0.000000000000000000e+00,4.985000000000000142e+01,5.151400000000000290e+01,5.000000000000000000e+01,0.000000000000000000e+00
1.584000000000000000e+03,1.867378555899195192e+01,-5.071585664507312963e+00,2.230578564992551804e+01,1.439585573573747057e+00,0.000000000000000000e+00,4.985000000000000142e+01,5.154599999999999937e+01,5.000000000000000000e+01,0.000000000000000000e+00
1.585000000000000000e+03,1.876836236495912402e+01,-4.975895368950581599e+00,2.227601090771372583e+01,1.468246826195978461e+00,0.000000000000000000e+00,4.985000000000000142e+01,5.151400000000000290e+01,5.000000000000000000e+01,0.000000000000000000e+00
1.586000000000000000e+03,1.867448501973613872e+01,-4.975895368950581599e+00,2.224623616550193361e+01,1.404144223184786489e+00,0.000000000000000000e+00,4.985000000000000142e+01,5.151400000000000290e+01,5.000000000000000000e+01,0.000000000000000000e+00
1.587000000000000000e+03,1.858340634816903858e+01,-4.975895368950581599e+00,2.221646142329014140e+01,1.342840293829478782e+00,0.000000000000000000e+00,4.985000000000000142e+01,5.151400000000000290e+01,5.000000000000000000e+01,0.000000000000000000e+00
1.588000000000000000e+03,1.849500416217396648e+01,-4.975895368950581599e+00,2.218668668107834918e+01,1.284212850046199117e+00,0.000000000000000000e+00,4.985000000000000142e+01,5.151400000000000290e+01,5.000000000000000000e+01,0.000000000000000000e+00
1.589000000000000000e+03,1.935390665325983406e+01,-4.494453569430720385e+00,2.215979278832334387e+01,1.688567434367210351e+00,0.000000000000000000e+00,4.985000000000000142e+01,5.135300000000000153e+01,5.000000000000000000e+01,0.000000000000000000e+00
1.590000000000000000e+03,1.963470992478082167e+01,-4.300082656581073692e+00,2.213406197143598675e+01,1.800730609925905501e+00,0.000000000000000000e+00,4.985000000000000142e+01,5.128799999999999670e+01,5.000000000000000000e+01,0.000000000000000000e+00
1.591000000000000000e+03,2.009955472105862739e+01,-4.010021448174716951e+00,2.211006682161265857e+01,1.999509347620684441e+00,0.000000000000000000e+00,4.985000000000000142e+01,5.119100000000000250e+01,5.000000000000000000e+01,0.000000000000000000e+00
1.592000000000000000e+03,1.979461903339649353e+01,-4.108702065467589648e+00,2.208548118711806296e+01,1.817839911746018666e+00,0.000000000000000000e+00,4.985000000000000142e+01,5.122399999999999665e+01,5.000000000000000000e+01,0.000000000000000000e+00
1.593000000000000000e+03,1.988431120690375664e+01,-4.010021448174716951e+00,2.206148603729473479e+01,1.832846617783740140e+00,0.000000000000000000e+00,4.985000000000000142e+01,5.119100000000000250e+01,5.000000000000000000e+01,0.000000000000000000e+00
1.594000000000000000e+03,1.978029528875730136e+01,-4.010021448174716951e+00,2.203749088747140661e+01,1.752825849460611707e+00,0.000000000000000000e+00,4.985000000000000142e+01,5.119100000000000250e+01,5.000000000000000000e+01,0.000000000000000000e+00
1.595000000000000000e+03,1.967977301994346817e+01,-4.010021448174716951e+00,2.201349573764807843e+01,1.676298730470108023e+00,0.000000000000000000e+00,4.985000000000000142e+01,5.119100000000000250e+01,5.000000000000000000e+01,0.000000000000000000e+00
1.596000000000000000e+03,2.071511232784830980e+01,-3.432889353098103058e+00,2.199295402847792147e+01,2.155047652468490060e+00,0.000000000000000000e+00,4.985000000000000142e+01,5.099799999999999756e+01,5.000000000000000000e+01,0.000000000000000000e+00
1.597000000000000000e+03,2.041270737168908056e+01,-3.528579648654855738e+00,2.197183972811138375e+01,1.969447292232551217e+00,0.000000000000000000e+00,4.985000000000000142e+01,5.103000000000000114e+01,5.000000000000000000e+01,0.000000000000000000e+00
1.598000000000000000e+03,2.106257804784769405e+01,-3.142828144691746761e+00,2.195303368600525573e+01,2.252372506534186414e+00,0.000000000000000000e+00,4.985000000000000142e+01,5.090100000000000335e+01,5.000000000000000000e+01,0.000000000000000000e+00
1.599000000000000000e+03,2.094543503811211238e+01,-3.142828144691746761e+00,2.193422764389912771e+01,2.154035538904731428e+00,0.000000000000000000e+00,4.985000000000000142e+01,5.090100000000000335e+01,5.000000000000000000e+01,0.000000000000000000e+00
1.600000000000000000e+03,2.102036076249020624e+01,-3.047137849134994081e+00,2.191599419298938045e+01,2.151504418635819871e+00,0.000000000000000000e+00,4.985000000000000142e+01,5.086899999999999977e+01,5.000000000000000000e+01,0.000000000000000000e+00
1.601000000000000000e+03,2.090819417229899102e+01,-3.047137849134994081e+00,2.189776074207963319e+01,2.057571279354353688e+00,0.000000000000000000e+00,4.985000000000000142e+01,5.086899999999999977e+01,5.000000000000000000e+01,0.000000000000000000e+00
1.602000000000000000e+03,2.004315900328669642e+01,-3.432889353098103058e+00,2.187721903290947623e+01,1.598829323475321029e+00,0.000000000000000000e+00,4.985000000000000142e+01,5.099799999999999756e+01,5.000000000000000000e+01,0.000000000000000000e+00
1.603000000000000000e+03,2.070978318525099482e+01,-3.047137849134994081e+00,2.185898558199972896e+01,1.897935452386260380e+00,0.000000000000000000e+00,4.985000000000000142e+01,5.086899999999999977e+01,5.000000000000000000e+01,0.000000000000000000e+00
1.604000000000000000e+03,2.060868723419854831e+01,-3.047137849134994081e+00,2.184075213108998170e+01,1.815072952243560245e+00,0.000000000000000000e+00,4.985000000000000142e+01,5.086899999999999977e+01,5.000000000000000000e+01,0.000000000000000000e+00
1.605000000000000000e+03,2.051120900045111384e+01,-3.047137849134994081e+00,2.182251868018023444e+01,1.735828169405874810e+00,0.000000000000000000e+00,4.985000000000000142e+01,5.086899999999999977e+01,5.000000000000000000e+01,0.000000000000000000e+00
1.606000000000000000e+03,2.041719053706675879e+01,-3.047137849134994081e+00,2.180428522927048718e+01,1.660043156931264807e+00,0.000000000000000000e+00,4.985000000000000142e+01,5.086899999999999977e+01,5.000000000000000000e+01,0.000000000000000000e+00
1.607000000000000000e+03,2.032648079295369925e+01,-3.047137849134994081e+00,2.178605177836073992e+01,1.587566863727953637e+00,0.000000000000000000e+00,4.985000000000000142e+01,5.086899999999999977e+01,5.000000000000000000e+01,0.000000000000000000e+00
1.608000000000000000e+03,2.042671072446304592e+01,-2.951447553578262717e+00,2.176839091864737341e+01,1.609767359393933894e+00,0.000000000000000000e+00,4.985000000000000142e+01,5.083700000000000330e+01,5.000000000000000000e+01,0.000000000000000000e+00
1.609000000000000000e+03,2.147128903440488301e+01,-2.374315458501648379e+00,2.175418349958717812e+01,2.091420993319353272e+00,0.000000000000000000e+00,4.985000000000000142e+01,5.064399999999999835e+01,5.000000000000000000e+01,0.000000000000000000e+00
1.610000000000000000e+03,2.099022084998336979e+01,-2.565696049615132424e+00,2.173883089813422131e+01,1.817086001464279787e+00,0.000000000000000000e+00,4.985000000000000142e+01,5.070799999999999841e+01,5.000000000000000000e+01,0.000000000000000000e+00
1.611000000000000000e+03,2.127108640272926721e+01,-2.374315458501648379e+00,2.172462347907402602e+01,1.920778382156889563e+00,0.000000000000000000e+00,4.985000000000000142e+01,5.064399999999999835e+01,5.000000000000000000e+01,0.000000000000000000e+00
1.612000000000000000e+03,2.004049871999233901e+01,-2.951447553578262717e+00,2.170696261936065952e+01,1.284983654209940651e+00,0.000000000000000000e+00,4.985000000000000142e+01,5.083700000000000330e+01,5.000000000000000000e+01,0.000000000000000000e+00
1.613000000000000000e+03,2.015451180853180801e+01,-2.855757258021510037e+00,2.168987435084367377e+01,1.320394715709642952e+00,0.000000000000000000e+00,4.985000000000000142e+01,5.080499999999999972e+01,5.000000000000000000e+01,0.000000000000000000e+00
1.614000000000000000e+03,2.027341944837452203e+01,-2.757076640728616468e+00,2.167337656699795545e+01,1.357119522105183940e+00,0.000000000000000000e+00,4.985000000000000142e+01,5.077199999999999847e+01,5.000000000000000000e+01,0.000000000000000000e+00
1.615000000000000000e+03,1.981625199291701023e+01,-2.951447553578262717e+00,2.165571570728458894e+01,1.111983839210685110e+00,0.000000000000000000e+00,4.985000000000000142e+01,5.083700000000000330e+01,5.000000000000000000e+01,0.000000000000000000e+00
1.616000000000000000e+03,1.993781812925746877e+01,-2.855757258021510037e+00,2.163862743876760319e+01,1.154947948511375166e+00,0.000000000000000000e+00,4.985000000000000142e+01,5.080499999999999972e+01,5.000000000000000000e+01,0.000000000000000000e+00
1.617000000000000000e+03,1.968253024928636563e+01,-2.951447553578262717e+00,2.162096657905423669e+01,1.013011223810389660e+00,0.000000000000000000e+00,4.985000000000000142e+01,5.083700000000000330e+01,5.000000000000000000e+01,0.000000000000000000e+00
1.618000000000000000e+03,1.980841745900548645e+01,-2.855757258021510037e+00,2.160387831053725094e+01,1.060296406489744658e+00,0.000000000000000000e+00,4.985000000000000142e+01,5.080499999999999972e+01,5.000000000000000000e+01,0.000000000000000000e+00
1.619000000000000000e+03,1.974503741011019642e+01,-2.855757258021510037e+00,2.158679004202026519e+01,1.014004626111441043e+00,0.000000000000000000e+00,4.985000000000000142e+01,5.080499999999999972e+01,5.000000000000000000e+01,0.000000000000000000e+00
1.620000000000000000e+03,2.006509723410018964e+01,-2.661386345171885104e+00,2.157086484937092763e+01,1.155618729901145114e+00,0.000000000000000000e+00,4.985000000000000142e+01,5.074000000000000199e+01,5.000000000000000000e+01,0.000000000000000000e+00
1.621000000000000000e+03,1.981094314416256097e+01,-2.757076640728616468e+00,2.155436706552520931e+01,1.013652719365967014e+00,0.000000000000000000e+00,4.985000000000000142e+01,5.077199999999999847e+01,5.000000000000000000e+01,0.000000000000000000e+00
1.622000000000000000e+03,1.975019000985299655e+01,-2.757076640728616468e+00,2.153786928167949100e+01,9.693973689021215812e-01,0.000000000000000000e+00,4.985000000000000142e+01,5.077199999999999847e+01,5.000000000000000000e+01,0.000000000000000000e+00
1.623000000000000000e+03,1.969136903239287406e+01,-2.757076640728616468e+00,2.152137149783377268e+01,9.270741752877175168e-01,0.000000000000000000e+00,4.985000000000000142e+01,5.077199999999999847e+01,5.000000000000000000e+01,0.000000000000000000e+00
1.624000000000000000e+03,2.000994668052162240e+01,-2.565696049615132424e+00,2.150601889638081587e+01,1.069623833755942055e+00,0.000000000000000000e+00,4.985000000000000142e+01,5.070799999999999841e+01,5.000000000000000000e+01,0.000000000000000000e+00
1.625000000000000000e+03,2.089264011485675354e+01,-2.084254250095270766e+00,2.149354714438464953e+01,1.483347220567373670e+00,0.000000000000000000e+00,4.985000000000000142e+01,5.054699999999999704e+01,5.000000000000000000e+01,0.000000000000000000e+00
1.626000000000000000e+03,2.043985566214397309e+01,-2.275634841208754811e+00,2.147993020999572167e+01,1.235560293357007788e+00,0.000000000000000000e+00,4.985000000000000142e+01,5.061099999999999710e+01,5.000000000000000000e+01,0.000000000000000000e+00
1.627000000000000000e+03,2.074784587714361805e+01,-2.084254250095270766e+00,2.146745845799955532e+01,1.364641669239331723e+00,0.000000000000000000e+00,4.985000000000000142e+01,5.054699999999999704e+01,5.000000000000000000e+01,0.000000000000000000e+00
1.628000000000000000e+03,2.067579484895557229e+01,-2.084254250095270766e+00,2.145498670600338897e+01,1.305062393047453195e+00,0.000000000000000000e+00,4.985000000000000142e+01,5.054699999999999704e+01,5.000000000000000000e+01,0.000000000000000000e+00
1.629000000000000000e+03,2.060634500921982237e+01,-2.084254250095270766e+00,2.144251495400722263e+01,1.248084305307871400e+00,0.000000000000000000e+00,4.985000000000000142e+01,5.054699999999999704e+01,5.000000000000000000e+01,0.000000000000000000e+00
1.630000000000000000e+03,2.035160737925418317e+01,-2.179944545652023447e+00,2.142947061081467552e+01,1.102081314091532649e+00,0.000000000000000000e+00,4.985000000000000142e+01,5.057900000000000063e+01,5.000000000000000000e+01,0.000000000000000000e+00
1.631000000000000000e+03,2.047822236925741635e+01,-2.084254250095270766e+00,2.141699885881850918e+01,1.145477760534177269e+00,0.000000000000000000e+00,4.985000000000000142e+01,5.054699999999999704e+01,5.000000000000000000e+01,0.000000000000000000e+00
1.632000000000000000e+03,2.041573988008028451e+01,-2.084254250095270766e+00,2.140452710682234283e+01,1.095467023353213332e+00,0.000000000000000000e+00,4.985000000000000142e+01,5.054699999999999704e+01,5.000000000000000000e+01,0.000000000000000000e+00
1.633000000000000000e+03,2.035544082380735986e+01,-2.084254250095270766e+00,2.139205535482617648e+01,1.047639719076452591e+00,0.000000000000000000e+00,4.985000000000000142e+01,5.054699999999999704e+01,5.000000000000000000e+01,0.000000000000000000e+00
1.634000000000000000e+03,2.029722987332458217e+01,-2.084254250095270766e+00,2.137958360283001014e+01,1.001900520589841692e+00,0.000000000000000000e+00,4.985000000000000142e+01,5.054699999999999704e+01,5.000000000000000000e+01,0.000000000000000000e+00
1.635000000000000000e+03,2.024101586343130421e+01,-2.084254250095270766e+00,2.136711185083384379e+01,9.581582626927320767e-01,0.000000000000000000e+00,4.985000000000000142e+01,5.054699999999999704e+01,5.000000000000000000e+01,0.000000000000000000e+00
1.636000000000000000e+03,2.018671160913413587e+01,-2.084254250095270766e+00,2.135464009883767744e+01,9.163257603917277505e-01,0.000000000000000000e+00,4.985000000000000142e+01,5.054699999999999704e+01,5.000000000000000000e+01,0.000000000000000000e+00
1.637000000000000000e+03,2.013423373187393395e+01,-2.084254250095270766e+00,2.134216834684151110e+01,8.763196351276918428e-01,0.000000000000000000e+00,4.985000000000000142e+01,5.054699999999999704e+01,5.000000000000000000e+01,0.000000000000000000e+00
1.638000000000000000e+03,2.008350249333963333e+01,-2.084254250095270766e+00,2.132969659484534475e+01,8.380601485895577962e-01,0.000000000000000000e+00,4.985000000000000142e+01,5.054699999999999704e+01,5.000000000000000000e+01,0.000000000000000000e+00
1.639000000000000000e+03,2.003444163653761834e+01,-2.084254250095270766e+00,2.131722484284917840e+01,8.014710437837107015e-01,0.000000000000000000e+00,4.985000000000000142e+01,5.054699999999999704e+01,5.000000000000000000e+01,0.000000000000000000e+00
1.640000000000000000e+03,1.998697823379990623e+01,-2.084254250095270766e+00,2.130475309085301205e+01,7.664793930421648360e-01,0.000000000000000000e+00,4.985000000000000142e+01,5.054699999999999704e+01,5.000000000000000000e+01,0.000000000000000000e+00
1.641000000000000000e+03,1.994104254142817112e+01,-2.084254250095270766e+00,2.129228133885684571e+01,7.330154526665954018e-01,0.000000000000000000e+00,4.985000000000000142e+01,5.054699999999999704e+01,5.000000000000000000e+01,0.000000000000000000e+00
1.642000000000000000e+03,1.989656786068391625e+01,-2.084254250095270766e+00,2.127980958686067936e+01,7.010125239185076573e-01,0.000000000000000000e+00,4.985000000000000142e+01,5.054699999999999704e+01,5.000000000000000000e+01,0.000000000000000000e+00
1.643000000000000000e+03,1.909652077255960734e+01,-2.470005754058401060e+00,2.126502957660410331e+01,3.014969500139072500e-01,0.000000000000000000e+00,4.985000000000000142e+01,5.067600000000000193e+01,5.000000000000000000e+01,0.000000000000000000e+00
1.644000000000000000e+03,1.831160798949185775e+01,-2.855757258021510037e+00,2.124794130808711756e+01,-8.057606057374949726e-02,0.000000000000000000e+00,4.985000000000000142e+01,5.080499999999999972e+01,5.000000000000000000e+01,0.000000000000000000e+00
1.645000000000000000e+03,1.811026220130812447e+01,-2.951447553578262717e+00,2.123028044837375106e+01,-1.685706934873636431e-01,0.000000000000000000e+00,4.985000000000000142e+01,5.083700000000000330e+01,5.000000000000000000e+01,0.000000000000000000e+00
1.646000000000000000e+03,1.791218560446770169e+01,-3.047137849134994081e+00,2.121204699746400379e+01,-2.527235438613069651e-01,0.000000000000000000e+00,4.985000000000000142e+01,5.086899999999999977e+01,5.000000000000000000e+01,0.000000000000000000e+00
1.647000000000000000e+03,1.790498588216181375e+01,-3.047137849134994081e+00,2.119381354655425653e+01,-2.416898152574485370e-01,0.000000000000000000e+00,4.985000000000000142e+01,5.086899999999999977e+01,5.000000000000000000e+01,0.000000000000000000e+00
1.648000000000000000e+03,1.789730443518142877e+01,-3.047137849134994081e+00,2.117558009564450927e+01,-2.311378113280842805e-01,0.000000000000000000e+00,4.985000000000000142e+01,5.086899999999999977e+01,5.000000000000000000e+01,0.000000000000000000e+00
1.649000000000000000e+03,1.788916229528021873e+01,-3.047137849134994081e+00,2.115734664473476201e+01,-2.210465003195479783e-01,0.000000000000000000e+00,4.985000000000000142e+01,5.086899999999999977e+01,5.000000000000000000e+01,0.000000000000000000e+00
1.650000000000000000e+03,1.788057957598057257e+01,-3.047137849134994081e+00,2.113911319382501475e+01,-2.113957687094488169e-01,0.000000000000000000e+00,4.985000000000000142e+01,5.086899999999999977e+01,5.000000000000000000e+01,0.000000000000000000e+00
1.651000000000000000e+03,1.787157551266292188e+01,-3.047137849134994081e+00,2.112087974291526749e+01,-2.021663811173527725e-01,0.000000000000000000e+00,4.985000000000000142e+01,5.086899999999999977e+01,5.000000000000000000e+01,0.000000000000000000e+00
1.652000000000000000e+03,1.767439308824415889e+01,-3.142828144691746761e+00,2.110207370080913947e+01,-2.848524678732313187e-01,0.000000000000000000e+00,4.985000000000000142e+01,5.090100000000000335e+01,5.000000000000000000e+01,0.000000000000000000e+00
1.653000000000000000e+03,1.785579891317339829e+01,-3.047137849134994081e+00,2.108384024989939221e+01,-1.809034875909996121e-01,0.000000000000000000e+00,4.985000000000000142e+01,5.086899999999999977e+01,5.000000000000000000e+01,0.000000000000000000e+00
1.654000000000000000e+03,1.784546357873935918e+01,-3.047137849134994081e+00,2.106560679898964494e+01,-1.730053711152906015e-01,0.000000000000000000e+00,4.985000000000000142e+01,5.086899999999999977e+01,5.000000000000000000e+01,0.000000000000000000e+00
1.655000000000000000e+03,1.783478341820664070e+01,-3.047137849134994081e+00,2.104737334807989768e+01,-1.654520807382630077e-01,0.000000000000000000e+00,4.985000000000000142e+01,5.086899999999999977e+01,5.000000000000000000e+01,0.000000000000000000e+00
1.656000000000000000e+03,1.782377348643530723e+01,-3.047137849134994081e+00,2.102913989717015042e+01,-1.582285615998501871e-01,0.000000000000000000e+00,4.985000000000000142e+01,5.086899999999999977e+01,5.000000000000000000e+01,0.000000000000000000e+00
1.657000000000000000e+03,1.781244818100103444e+01,-3.047137849134994081e+00,2.101090644626040316e+01,-1.513204161243746071e-01,0.000000000000000000e+00,4.985000000000000142e+01,5.086899999999999977e+01,5.000000000000000000e+01,0.000000000000000000e+00
1.658000000000000000e+03,1.780082127089167798e+01,-3.047137849134994081e+00,2.099267299535065590e+01,-1.447138753239830544e-01,0.000000000000000000e+00,4.985000000000000142e+01,5.086899999999999977e+01,5.000000000000000000e+01,0.000000000000000000e+00
1.659000000000000000e+03,1.816445674927217979e+01,-2.855757258021510037e+00,2.097558472683367015e+01,4.462928046001954363e-02,0.000000000000000000e+00,4.985000000000000142e+01,5.080499999999999972e+01,5.000000000000000000e+01,0.000000000000000000e+00
1.660000000000000000e+03,1.833906339269666219e+01,-2.757076640728616468e+00,2.095908694298795183e+01,1.370530904373269410e-01,0.000000000000000000e+00,4.985000000000000142e+01,5.077199999999999847e+01,5.000000000000000000e+01,0.000000000000000000e+00
1.661000000000000000e+03,1.963687783952360988e+01,-2.084254250095270766e+00,2.094661519099178548e+01,7.745168986270950517e-01,0.000000000000000000e+00,4.985000000000000142e+01,5.054699999999999704e+01,5.000000000000000000e+01,0.000000000000000000e+00
1.662000000000000000e+03,1.921504041010347308e+01,-2.275634841208754811e+00,2.093299825660285762e+01,5.576769947093702662e-01,0.000000000000000000e+00,4.985000000000000142e+01,5.061099999999999710e+01,5.000000000000000000e+01,0.000000000000000000e+00
1.663000000000000000e+03,1.955262652356230646e+01,-2.084254250095270766e+00,2.092052650460669128e+01,7.163542690508858390e-01,0.000000000000000000e+00,4.985000000000000142e+01,5.054699999999999704e+01,5.000000000000000000e+01,0.000000000000000000e+00
1.664000000000000000e+03,1.932110384548021287e+01,-2.179944545652023447e+00,2.090748216141414417e+01,5.935662297180926972e-01,0.000000000000000000e+00,4.985000000000000142e+01,5.057900000000000063e+01,5.000000000000000000e+01,0.000000000000000000e+00
1.665000000000000000e+03,1.946992023922374671e+01,-2.084254250095270766e+00,2.089501040941797783e+01,6.591640799010389795e-01,0.000000000000000000e+00,4.985000000000000142e+01,5.054699999999999704e+01,5.000000000000000000e+01,0.000000000000000000e+00
1.666000000000000000e+03,1.924089444376778957e+01,-2.179944545652023447e+00,2.088196606622543072e+01,5.388729231943815146e-01,0.000000000000000000e+00,4.985000000000000142e+01,5.057900000000000063e+01,5.000000000000000000e+01,0.000000000000000000e+00
1.667000000000000000e+03,1.882290448840595687e+01,-2.374315458501648379e+00,2.086775864716523543e+01,3.294612997423690404e-01,0.000000000000000000e+00,4.985000000000000142e+01,5.064399999999999835e+01,5.000000000000000000e+01,0.000000000000000000e+00
1.668000000000000000e+03,1.841876220005581999e+01,-2.565696049615132424e+00,2.085240604571227863e+01,1.320522039586764784e-01,0.000000000000000000e+00,4.985000000000000142e+01,5.070799999999999841e+01,5.000000000000000000e+01,0.000000000000000000e+00
1.669000000000000000e+03,1.858541970678188449e+01,-2.470005754058401060e+00,2.083762603545570258e+01,2.177994253845844108e-01,0.000000000000000000e+00,4.985000000000000142e+01,5.067600000000000193e+01,5.000000000000000000e+01,0.000000000000000000e+00
1.670000000000000000e+03,1.799780449189539056e+01,-2.757076640728616468e+00,2.082112825160998426e+01,-6.624711898597634985e-02,0.000000000000000000e+00,4.985000000000000142e+01,5.077199999999999847e+01,5.000000000000000000e+01,0.000000000000000000e+00
1.671000000000000000e+03,1.760278020276750510e+01,-2.951447553578262717e+00,2.080346739189661776e+01,-2.492396355508503802e-01,0.000000000000000000e+00,4.985000000000000142e+01,5.083700000000000330e+01,5.000000000000000000e+01,0.000000000000000000e+00
1.672000000000000000e+03,1.816519518634823527e+01,-2.661386345171885104e+00,2.078754219924728019e+01,3.903933227283867824e-02,0.000000000000000000e+00,4.985000000000000142e+01,5.074000000000000199e+01,5.000000000000000000e+01,0.000000000000000000e+00
1.673000000000000000e+03,1.833534097712197308e+01,-2.565696049615132424e+00,2.077218959779432339e+01,1.288474289427856134e-01,0.000000000000000000e+00,4.985000000000000142e+01,5.070799999999999841e+01,5.000000000000000000e+01,0.000000000000000000e+00
1.674000000000000000e+03,1.888355720899279788e+01,-2.275634841208754811e+00,2.075857266340539553e+01,4.006193867961582167e-01,0.000000000000000000e+00,4.985000000000000142e+01,5.061099999999999710e+01,5.000000000000000000e+01,0.000000000000000000e+00
1.675000000000000000e+03,1.847103071264116281e+01,-2.470005754058401060e+00,2.074379265314881948e+01,1.972438135507449120e-01,0.000000000000000000e+00,4.985000000000000142e+01,5.067600000000000193e+01,5.000000000000000000e+01,0.000000000000000000e+00
1.676000000000000000e+03,1.750289413405244687e+01,-2.951447553578262717e+00,2.072613179343545298e+01,-2.717901058047451635e-01,0.000000000000000000e+00,4.985000000000000142e+01,5.083700000000000330e+01,5.000000000000000000e+01,0.000000000000000000e+00
1.677000000000000000e+03,1.749709943535773604e+01,-2.951447553578262717e+00,2.070847093372208647e+01,-2.599239447860896002e-01,0.000000000000000000e+00,4.985000000000000142e+01,5.083700000000000330e+01,5.000000000000000000e+01,0.000000000000000000e+00
1.678000000000000000e+03,1.730301125592595568e+01,-3.047137849134994081e+00,2.069023748281233921e+01,-3.400883777513906137e-01,0.000000000000000000e+00,4.985000000000000142e+01,5.086899999999999977e+01,5.000000000000000000e+01,0.000000000000000000e+00
1.679000000000000000e+03,1.729962581958620760e+01,-3.047137849134994081e+00,2.067200403190259195e+01,-3.252403631813882146e-01,0.000000000000000000e+00,4.985000000000000142e+01,5.086899999999999977e+01,5.000000000000000000e+01,0.000000000000000000e+00
1.680000000000000000e+03,1.691417332261647033e+01,-3.241508761984619014e+00,2.065260750512519650e+01,-4.969254205241075972e-01,0.000000000000000000e+00,4.985000000000000142e+01,5.093399999999999750e+01,5.000000000000000000e+01,0.000000000000000000e+00
1.681000000000000000e+03,1.729789101013777852e+01,-3.047137849134994081e+00,2.063437405421544923e+01,-2.893451949426766312e-01,0.000000000000000000e+00,4.985000000000000142e+01,5.086899999999999977e+01,5.000000000000000000e+01,0.000000000000000000e+00
1.682000000000000000e+03,1.653532053055516471e+01,-3.432889353098103058e+00,2.061383234504529227e+01,-6.456224613920262811e-01,0.000000000000000000e+00,4.985000000000000142e+01,5.099799999999999756e+01,5.000000000000000000e+01,0.000000000000000000e+00
1.683000000000000000e+03,1.711216045446317935e+01,-3.142828144691746761e+00,2.059502630293916425e+01,-3.400377037842359784e-01,0.000000000000000000e+00,4.985000000000000142e+01,5.090100000000000335e+01,5.000000000000000000e+01,0.000000000000000000e+00
1.684000000000000000e+03,1.691455682023178753e+01,-3.241508761984619014e+00,2.057562977616176880e+01,-4.195641939453610414e-01,0.000000000000000000e+00,4.985000000000000142e+01,5.093399999999999750e+01,5.000000000000000000e+01,0.000000000000000000e+00
1.685000000000000000e+03,1.729489697210489396e+01,-3.047137849134994081e+00,2.055739632525202154e+01,-2.153615040121320823e-01,0.000000000000000000e+00,4.985000000000000142e+01,5.086899999999999977e+01,5.000000000000000000e+01,0.000000000000000000e+00
1.686000000000000000e+03,1.671687183031779256e+01,-3.337199057541371694e+00,2.053742720727824533e+01,-4.833563194190816370e-01,0.000000000000000000e+00,4.985000000000000142e+01,5.096600000000000108e+01,5.000000000000000000e+01,0.000000000000000000e+00
1.687000000000000000e+03,1.709942450942387282e+01,-3.142828144691746761e+00,2.051862116517211732e+01,-2.763685110564965131e-01,0.000000000000000000e+00,4.985000000000000142e+01,5.090100000000000335e+01,5.000000000000000000e+01,0.000000000000000000e+00
1.688000000000000000e+03,1.709268451822483215e+01,-3.142828144691746761e+00,2.049981512306598930e+01,-2.643024601494100567e-01,0.000000000000000000e+00,4.985000000000000142e+01,5.090100000000000335e+01,5.000000000000000000e+01,0.000000000000000000e+00
1.689000000000000000e+03,1.727319314456082466e+01,-3.047137849134994081e+00,2.048158167215624204e+01,-1.612506784604217369e-01,0.000000000000000000e+00,4.985000000000000142e+01,5.086899999999999977e+01,5.000000000000000000e+01,0.000000000000000000e+00
1.690000000000000000e+03,1.726199978258041412e+01,-3.047137849134994081e+00,2.046334822124649477e+01,-1.542105895310866004e-01,0.000000000000000000e+00,4.985000000000000142e+01,5.086899999999999977e+01,5.000000000000000000e+01,0.000000000000000000e+00
1.691000000000000000e+03,1.725049905536838679e+01,-3.047137849134994081e+00,2.044511477033674751e+01,-1.474778658333657233e-01,0.000000000000000000e+00,4.985000000000000142e+01,5.086899999999999977e+01,5.000000000000000000e+01,0.000000000000000000e+00
1.692000000000000000e+03,1.742647979493082389e+01,-2.951447553578262717e+00,2.042745391062338101e+01,-4.952656211429549982e-02,0.000000000000000000e+00,4.985000000000000142e+01,5.083700000000000330e+01,5.000000000000000000e+01,0.000000000000000000e+00
1.693000000000000000e+03,1.741098122938563009e+01,-2.951447553578262717e+00,2.040979305091001450e+01,-4.736426794612267482e-02,0.000000000000000000e+00,4.985000000000000142e+01,5.083700000000000330e+01,5.000000000000000000e+01,0.000000000000000000e+00
1.694000000000000000e+03,1.796458247925590967e+01,-2.661386345171885104e+00,2.039386785826067694e+01,2.321009661671166735e-01,0.000000000000000000e+00,4.985000000000000142e+01,5.074000000000000199e+01,5.000000000000000000e+01,0.000000000000000000e+00
1.695000000000000000e+03,1.775074851228820805e+01,-2.757076640728616468e+00,2.037737007441495862e+01,1.304550786018650599e-01,0.000000000000000000e+00,4.985000000000000142e+01,5.077199999999999847e+01,5.000000000000000000e+01,0.000000000000000000e+00
1.696000000000000000e+03,1.847965680395054733e+01,-2.374315458501648379e+00,2.036316265535476333e+01,4.908096070974337644e-01,0.000000000000000000e+00,4.985000000000000142e+01,5.064399999999999835e+01,5.000000000000000000e+01,0.000000000000000000e+00
1.697000000000000000e+03,1.863766438389106384e+01,-2.275634841208754811e+00,2.034954572096583547e+01,5.637535041339830633e-01,0.000000000000000000e+00,4.985000000000000142e+01,5.061099999999999710e+01,5.000000000000000000e+01,0.000000000000000000e+00
1.698000000000000000e+03,1.859943437598690252e+01,-2.275634841208754811e+00,2.033592878657690761e+01,5.391404306187501660e-01,0.000000000000000000e+00,4.985000000000000142e+01,5.061099999999999710e+01,5.000000000000000000e+01,0.000000000000000000e+00
1.699000000000000000e+03,1.893782978253453564e+01,-2.084254250095270766e+00,2.032345703458074127e+01,6.986269980490653619e-01,0.000000000000000000e+00,4.985000000000000142e+01,5.054699999999999704e+01,5.000000000000000000e+01,0.000000000000000000e+00
1.700000000000000000e+03,1.832566225741878085e+01,-2.374315458501648379e+00,2.030924961552054597e+01,3.907281003998820945e-01,0.000000000000000000e+00,4.985000000000000142e+01,5.064399999999999835e+01,5.000000000000000000e+01,0.000000000000000000e+00
1.701000000000000000e+03,1.829439592983014506e+01,-2.374315458501648379e+00,2.029504219646035068e+01,3.736691918714412641e-01,0.000000000000000000e+00,4.985000000000000142e+01,5.064399999999999835e+01,5.000000000000000000e+01,0.000000000000000000e+00
1.702000000000000000e+03,1.751277273130619605e+01,-2.757076640728616468e+00,2.027854441261463236e+01,-8.695040579818957838e-03,0.000000000000000000e+00,4.985000000000000142e+01,5.077199999999999847e+01,5.000000000000000000e+01,0.000000000000000000e+00
1.703000000000000000e+03,1.768442997935436622e+01,-2.661386345171885104e+00,2.026261921996529480e+01,8.319710456095630313e-02,0.000000000000000000e+00,4.985000000000000142e+01,5.074000000000000199e+01,5.000000000000000000e+01,0.000000000000000000e+00
1.704000000000000000e+03,1.860961750575987494e+01,-2.179944545652023447e+00,2.024957487677274770e+01,5.399871746391524674e-01,0.000000000000000000e+00,4.985000000000000142e+01,5.057900000000000063e+01,5.000000000000000000e+01,0.000000000000000000e+00
1.705000000000000000e+03,1.819157890297940483e+01,-2.374315458501648379e+00,2.023536745771255241e+01,3.305269037685013567e-01,0.000000000000000000e+00,4.985000000000000142e+01,5.064399999999999835e+01,5.000000000000000000e+01,0.000000000000000000e+00
1.706000000000000000e+03,1.816294091644324737e+01,-2.374315458501648379e+00,2.022116003865235712e+01,3.160963362925375830e-01,0.000000000000000000e+00,4.985000000000000142e+01,5.064399999999999835e+01,5.000000000000000000e+01,0.000000000000000000e+00
1.707000000000000000e+03,1.832857635243587069e+01,-2.275634841208754811e+00,2.020754310426342926e+01,3.966680893811987407e-01,0.000000000000000000e+00,4.985000000000000142e+01,5.061099999999999710e+01,5.000000000000000000e+01,0.000000000000000000e+00
1.708000000000000000e+03,1.848541658652192154e+01,-2.179944545652023447e+00,2.019449876107088215e+01,4.708623711030634484e-01,0.000000000000000000e+00,4.985000000000000142e+01,5.057900000000000063e+01,5.000000000000000000e+01,0.000000000000000000e+00
1.709000000000000000e+03,1.807039592306898257e+01,-2.374315458501648379e+00,2.018029134201068686e+01,2.644200395599440867e-01,0.000000000000000000e+00,4.985000000000000142e+01,5.064399999999999835e+01,5.000000000000000000e+01,0.000000000000000000e+00
1.710000000000000000e+03,1.861383833442206992e+01,-2.084254250095270766e+00,2.016781959001452051e+01,5.302729945028192837e-01,0.000000000000000000e+00,4.985000000000000142e+01,5.054699999999999704e+01,5.000000000000000000e+01,0.000000000000000000e+00
1.711000000000000000e+03,1.857821524393996171e+01,-2.084254250095270766e+00,2.015534783801835417e+01,5.071216560168793075e-01,0.000000000000000000e+00,4.985000000000000142e+01,5.054699999999999704e+01,5.000000000000000000e+01,0.000000000000000000e+00
1.712000000000000000e+03,1.854360292428580337e+01,-2.084254250095270766e+00,2.014287608602218782e+01,4.849810883588844823e-01,0.000000000000000000e+00,4.985000000000000142e+01,5.054699999999999704e+01,5.000000000000000000e+01,0.000000000000000000e+00
1.713000000000000000e+03,1.850995724593043334e+01,-2.084254250095270766e+00,2.013040433402602147e+01,4.638071619996826933e-01,0.000000000000000000e+00,4.985000000000000142e+01,5.054699999999999704e+01,5.000000000000000000e+01,0.000000000000000000e+00
1.714000000000000000e+03,1.866501141866887536e+01,-1.988563954538539402e+00,2.011850517322623588e+01,5.350701999811793286e-01,0.000000000000000000e+00,4.985000000000000142e+01,5.051500000000000057e+01,5.000000000000000000e+01,0.000000000000000000e+00
1.715000000000000000e+03,1.882339487114006715e+01,-1.889883337245645611e+00,2.010719649709771772e+01,6.060817112879957058e-01,0.000000000000000000e+00,4.985000000000000142e+01,5.048199999999999932e+01,5.000000000000000000e+01,0.000000000000000000e+00
1.716000000000000000e+03,1.916117592766233813e+01,-1.698502746132161789e+00,2.009703300336196108e+01,7.626456704325371705e-01,0.000000000000000000e+00,4.985000000000000142e+01,5.041799999999999926e+01,5.000000000000000000e+01,0.000000000000000000e+00
1.717000000000000000e+03,1.911771587112956894e+01,-1.698502746132161789e+00,2.008686950962620443e+01,7.293491076355297364e-01,0.000000000000000000e+00,4.985000000000000142e+01,5.041799999999999926e+01,5.000000000000000000e+01,0.000000000000000000e+00
1.718000000000000000e+03,1.850651529901182002e+01,-1.988563954538539402e+00,2.007497034882641884e+01,4.201089047239405239e-01,0.000000000000000000e+00,4.985000000000000142e+01,5.051500000000000057e+01,5.000000000000000000e+01,0.000000000000000000e+00
1.719000000000000000e+03,1.847627448484660206e+01,-1.988563954538539402e+00,2.006307118802663325e+01,4.017672513585064387e-01,0.000000000000000000e+00,4.985000000000000142e+01,5.051500000000000057e+01,5.000000000000000000e+01,0.000000000000000000e+00
1.720000000000000000e+03,1.825905904144717340e+01,-2.084254250095270766e+00,2.005059943603046690e+01,2.927138555119765395e-01,0.000000000000000000e+00,4.985000000000000142e+01,5.054699999999999704e+01,5.000000000000000000e+01,0.000000000000000000e+00
1.721000000000000000e+03,1.823380761253226012e+01,-2.084254250095270766e+00,2.003812768403430056e+01,2.799341785932299986e-01,0.000000000000000000e+00,4.985000000000000142e+01,5.054699999999999704e+01,5.000000000000000000e+01,0.000000000000000000e+00
1.722000000000000000e+03,1.820911413514260602e+01,-2.084254250095270766e+00,2.002565593203813421e+01,2.677124531997431278e-01,0.000000000000000000e+00,4.985000000000000142e+01,5.054699999999999704e+01,5.000000000000000000e+01,0.000000000000000000e+00
1.723000000000000000e+03,1.818495424951493433e+01,-2.084254250095270766e+00,2.001318418004196786e+01,2.560243195682355699e-01,0.000000000000000000e+00,4.985000000000000142e+01,5.054699999999999704e+01,5.000000000000000000e+01,0.000000000000000000e+00
1.724000000000000000e+03,1.816130465941574457e+01,-2.084254250095270766e+00,2.000071242804580152e+01,2.448464814652145105e-01,0.000000000000000000e+00,4.985000000000000142e+01,5.054699999999999704e+01,5.000000000000000000e+01,0.000000000000000000e+00
1.725000000000000000e+03,1.795036767304776149e+01,-2.179944545652023447e+00,1.998766808485325441e+01,1.426441338465305742e-01,0.000000000000000000e+00,4.985000000000000142e+01,5.057900000000000063e+01,5.000000000000000000e+01,0.000000000000000000e+00
1.726000000000000000e+03,1.774332017665352623e+01,-2.275634841208754811e+00,1.997405115046432655e+01,4.490386739795619586e-02,0.000000000000000000e+00,4.985000000000000142e+01,5.061099999999999710e+01,5.000000000000000000e+01,0.000000000000000000e+00
1.727000000000000000e+03,1.753409937732484636e+01,-2.374315458501648379e+00,1.995984373140413126e+01,-5.142889557763685726e-02,0.000000000000000000e+00,4.985000000000000142e+01,5.064399999999999835e+01,5.000000000000000000e+01,0.000000000000000000e+00
1.728000000000000000e+03,1.752213730694696991e+01,-2.374315458501648379e+00,1.994563631234393597e+01,-4.918354689531846680e-02,0.000000000000000000e+00,4.985000000000000142e+01,5.064399999999999835e+01,5.000000000000000000e+01,0.000000000000000000e+00
1.729000000000000000e+03,1.637755674864726174e+01,-2.951447553578262717e+00,1.992797545263056946e+01,-5.989711504050442281e-01,0.000000000000000000e+00,4.985000000000000142e+01,5.083700000000000330e+01,5.000000000000000000e+01,0.000000000000000000e+00
1.730000000000000000e+03,1.714301617190588800e+01,-2.565696049615132424e+00,1.991262285117761266e+01,-2.039106296565928456e-01,0.000000000000000000e+00,4.985000000000000142e+01,5.070799999999999841e+01,5.000000000000000000e+01,0.000000000000000000e+00
1.731000000000000000e+03,1.656737194261685175e+01,-2.855757258021510037e+00,1.989553458266062691e+01,-4.724053820222661182e-01,0.000000000000000000e+00,4.985000000000000142e+01,5.080499999999999972e+01,5.000000000000000000e+01,0.000000000000000000e+00
1.732000000000000000e+03,1.789707240605862282e+01,-2.179944545652023447e+00,1.988249023946807981e+01,1.945267122425683448e-01,0.000000000000000000e+00,4.985000000000000142e+01,5.057900000000000063e+01,5.000000000000000000e+01,0.000000000000000000e+00
1.733000000000000000e+03,1.787553516617631288e+01,-2.179944545652023447e+00,1.986944589627553270e+01,1.860338155528033777e-01,0.000000000000000000e+00,4.985000000000000142e+01,5.057900000000000063e+01,5.000000000000000000e+01,0.000000000000000000e+00
1.734000000000000000e+03,1.804214413273072282e+01,-2.084254250095270766e+00,1.985697414427936636e+01,2.694242385466260603e-01,0.000000000000000000e+00,4.985000000000000142e+01,5.054699999999999704e+01,5.000000000000000000e+01,0.000000000000000000e+00
1.735000000000000000e+03,1.801790951178295330e+01,-2.084254250095270766e+00,1.984450239228320001e+01,2.576613695950252803e-01,0.000000000000000000e+00,4.985000000000000142e+01,5.054699999999999704e+01,5.000000000000000000e+01,0.000000000000000000e+00
1.736000000000000000e+03,1.799418844925412841e+01,-2.084254250095270766e+00,1.983203064028703366e+01,2.464120590623660456e-01,0.000000000000000000e+00,4.985000000000000142e+01,5.054699999999999704e+01,5.000000000000000000e+01,0.000000000000000000e+00
1.737000000000000000e+03,1.797095852355213452e+01,-2.084254250095270766e+00,1.981955888829086732e+01,2.356538853565392500e-01,0.000000000000000000e+00,4.985000000000000142e+01,5.054699999999999704e+01,5.000000000000000000e+01,0.000000000000000000e+00
1.738000000000000000e+03,1.794819829199549233e+01,-2.084254250095270766e+00,1.980708713629470097e+01,2.253654057960604584e-01,0.000000000000000000e+00,4.985000000000000142e+01,5.054699999999999704e+01,5.000000000000000000e+01,0.000000000000000000e+00
1.739000000000000000e+03,1.792588724807479750e+01,-2.084254250095270766e+00,1.979461538429853462e+01,2.155261138715344471e-01,0.000000000000000000e+00,4.985000000000000142e+01,5.054699999999999704e+01,5.000000000000000000e+01,0.000000000000000000e+00
1.740000000000000000e+03,1.790400578058014958e+01,-2.084254250095270766e+00,1.978214363230236827e+01,2.061163983730534000e-01,0.000000000000000000e+00,4.985000000000000142e+01,5.054699999999999704e+01,5.000000000000000000e+01,0.000000000000000000e+00
1.741000000000000000e+03,1.788253513451299526e+01,-2.084254250095270766e+00,1.976967188030620193e+01,1.971175043020636231e-01,0.000000000000000000e+00,4.985000000000000142e+01,5.054699999999999704e+01,5.000000000000000000e+01,0.000000000000000000e+00
1.742000000000000000e+03,1.786145737370455677e+01,-2.084254250095270766e+00,1.975720012831003558e+01,1.885114954897922357e-01,0.000000000000000000e+00,4.985000000000000142e+01,5.054699999999999704e+01,5.000000000000000000e+01,0.000000000000000000e+00
1.743000000000000000e+03,1.897327580267560876e+01,-1.507122155018677967e+00,1.974818181696704045e+01,7.322161407272466116e-01,0.000000000000000000e+00,4.985000000000000142e+01,5.035399999999999920e+01,5.000000000000000000e+01,0.000000000000000000e+00
1.744000000000000000e+03,1.874451404730968562e+01,-1.602812450575430425e+00,1.973859091442766456e+01,6.087355834574533775e-01,0.000000000000000000e+00,4.985000000000000142e+01,5.038600000000000279e+01,5.000000000000000000e+01,0.000000000000000000e+00
1.745000000000000000e+03,1.927754040557250903e+01,-1.312751242169052812e+00,1.973073567895231761e+01,8.595559687892442291e-01,0.000000000000000000e+00,4.985000000000000142e+01,5.028900000000000148e+01,5.000000000000000000e+01,0.000000000000000000e+00
1.746000000000000000e+03,1.923215757320396690e+01,-1.312751242169052812e+00,1.972288044347697067e+01,8.220283718960480490e-01,0.000000000000000000e+00,4.985000000000000142e+01,5.028900000000000148e+01,5.000000000000000000e+01,0.000000000000000000e+00
1.747000000000000000e+03,1.956396399411213949e+01,-1.121370651055568768e+00,1.971617039039438524e+01,9.691642547733210211e-01,0.000000000000000000e+00,4.985000000000000142e+01,5.022500000000000142e+01,5.000000000000000000e+01,0.000000000000000000e+00
1.748000000000000000e+03,1.951494092501076238e+01,-1.121370651055568768e+00,1.970946033731179980e+01,9.268512387545283504e-01,0.000000000000000000e+00,4.985000000000000142e+01,5.022500000000000142e+01,5.000000000000000000e+01,0.000000000000000000e+00
1.749000000000000000e+03,1.946776521183051756e+01,-1.121370651055568768e+00,1.970275028422921437e+01,8.863855786568693995e-01,0.000000000000000000e+00,4.985000000000000142e+01,5.022500000000000142e+01,5.000000000000000000e+01,0.000000000000000000e+00
1.750000000000000000e+03,1.942235620033730825e+01,-1.121370651055568768e+00,1.969604023114662894e+01,8.476866202462467470e-01,0.000000000000000000e+00,4.985000000000000142e+01,5.022500000000000142e+01,5.000000000000000000e+01,0.000000000000000000e+00
1.751000000000000000e+03,1.937863675760303295e+01,-1.121370651055568768e+00,1.968933017806404351e+01,8.106772305945567636e-01,0.000000000000000000e+00,4.985000000000000142e+01,5.022500000000000142e+01,5.000000000000000000e+01,0.000000000000000000e+00
1.752000000000000000e+03,1.933653311826788723e+01,-1.121370651055568768e+00,1.968262012498145808e+01,7.752836443419963697e-01,0.000000000000000000e+00,4.985000000000000142e+01,5.022500000000000142e+01,5.000000000000000000e+01,0.000000000000000000e+00
1.753000000000000000e+03,1.929597473751475434e+01,-1.121370651055568768e+00,1.967591007189887264e+01,7.414353166714473531e-01,0.000000000000000000e+00,4.985000000000000142e+01,5.022500000000000142e+01,5.000000000000000000e+01,0.000000000000000000e+00
1.754000000000000000e+03,1.925689415046261388e+01,-1.121370651055568768e+00,1.966920001881628721e+01,7.090647827018931038e-01,0.000000000000000000e+00,4.985000000000000142e+01,5.022500000000000142e+01,5.000000000000000000e+01,0.000000000000000000e+00
1.755000000000000000e+03,1.921922683769875206e+01,-1.121370651055568768e+00,1.966248996573370178e+01,6.781075230206182747e-01,0.000000000000000000e+00,4.985000000000000142e+01,5.022500000000000142e+01,5.000000000000000000e+01,0.000000000000000000e+00
1.756000000000000000e+03,1.899513568402113606e+01,-1.217060946612300132e+00,1.965520732145473559e+01,5.569893091786998207e-01,0.000000000000000000e+00,4.985000000000000142e+01,5.025699999999999790e+01,5.000000000000000000e+01,0.000000000000000000e+00
1.757000000000000000e+03,1.915131069878617964e+01,-1.121370651055568768e+00,1.964849726837215016e+01,6.241840814695953643e-01,0.000000000000000000e+00,4.985000000000000142e+01,5.022500000000000142e+01,5.000000000000000000e+01,0.000000000000000000e+00
1.758000000000000000e+03,1.836037958425084327e+01,-1.507122155018677967e+00,1.963947895702915503e+01,2.280227822403643745e-01,0.000000000000000000e+00,4.985000000000000142e+01,5.035399999999999920e+01,5.000000000000000000e+01,0.000000000000000000e+00
1.759000000000000000e+03,1.834140596183434724e+01,-1.507122155018677967e+00,1.963046064568615989e+01,2.180674711668633692e-01,0.000000000000000000e+00,4.985000000000000142e+01,5.035399999999999920e+01,5.000000000000000000e+01,0.000000000000000000e+00
1.760000000000000000e+03,1.719034652354741510e+01,-2.084254250095270766e+00,1.961798889368999355e+01,-3.433881200473087869e-01,0.000000000000000000e+00,4.985000000000000142e+01,5.054699999999999704e+01,5.000000000000000000e+01,0.000000000000000000e+00
1.761000000000000000e+03,1.719286685050242980e+01,-2.084254250095270766e+00,1.960551714169382720e+01,-3.283960410961270227e-01,0.000000000000000000e+00,4.985000000000000142e+01,5.054699999999999704e+01,5.000000000000000000e+01,0.000000000000000000e+00
1.762000000000000000e+03,1.719473263404677610e+01,-2.084254250095270766e+00,1.959304538969766085e+01,-3.140585055556127658e-01,0.000000000000000000e+00,4.985000000000000142e+01,5.054699999999999704e+01,5.000000000000000000e+01,0.000000000000000000e+00
1.763000000000000000e+03,1.719597245107615535e+01,-2.084254250095270766e+00,1.958057363770149450e+01,-3.003469365300703853e-01,0.000000000000000000e+00,4.985000000000000142e+01,5.054699999999999704e+01,5.000000000000000000e+01,0.000000000000000000e+00
1.764000000000000000e+03,1.682106280551827027e+01,-2.275634841208754811e+00,1.956695670331256665e+01,-4.702590565855400140e-01,0.000000000000000000e+00,4.985000000000000142e+01,5.061099999999999710e+01,5.000000000000000000e+01,0.000000000000000000e+00
1.765000000000000000e+03,1.720352786946513035e+01,-2.084254250095270766e+00,1.955448495131640030e+01,-2.667028317559989592e-01,0.000000000000000000e+00,4.985000000000000142e+01,5.054699999999999704e+01,5.000000000000000000e+01,0.000000000000000000e+00
1.766000000000000000e+03,1.720270017175261046e+01,-2.084254250095270766e+00,1.954201319932023395e+01,-2.550587774723539480e-01,0.000000000000000000e+00,4.985000000000000142e+01,5.054699999999999704e+01,5.000000000000000000e+01,0.000000000000000000e+00
1.767000000000000000e+03,1.701358869032367238e+01,-2.179944545652023447e+00,1.952896885612768685e+01,-3.354356201519897440e-01,0.000000000000000000e+00,4.985000000000000142e+01,5.057900000000000063e+01,5.000000000000000000e+01,0.000000000000000000e+00
1.768000000000000000e+03,1.720296463830317535e+01,-2.084254250095270766e+00,1.951649710413152050e+01,-2.292782157330747195e-01,0.000000000000000000e+00,4.985000000000000142e+01,5.054699999999999704e+01,5.000000000000000000e+01,0.000000000000000000e+00
1.769000000000000000e+03,1.720050300870606819e+01,-2.084254250095270766e+00,1.950402535213535415e+01,-2.192680933340156735e-01,0.000000000000000000e+00,4.985000000000000142e+01,5.054699999999999704e+01,5.000000000000000000e+01,0.000000000000000000e+00
1.770000000000000000e+03,1.719760434434696350e+01,-2.084254250095270766e+00,1.949155360013918781e+01,-2.096950056969542620e-01,0.000000000000000000e+00,4.985000000000000142e+01,5.054699999999999704e+01,5.000000000000000000e+01,0.000000000000000000e+00
1.771000000000000000e+03,1.738206313851059903e+01,-1.988563954538539402e+00,1.947965443933940222e+01,-1.090273462902640461e-01,0.000000000000000000e+00,4.985000000000000142e+01,5.051500000000000057e+01,5.000000000000000000e+01,0.000000000000000000e+00
1.772000000000000000e+03,1.737492403342618630e+01,-1.988563954538539402e+00,1.946775527853961663e+01,-1.042672905748937007e-01,0.000000000000000000e+00,4.985000000000000142e+01,5.051500000000000057e+01,5.000000000000000000e+01,0.000000000000000000e+00
1.773000000000000000e+03,1.717980169506383703e+01,-2.084254250095270766e+00,1.945528352654345028e+01,-1.912275813843435923e-01,0.000000000000000000e+00,4.985000000000000142e+01,5.054699999999999704e+01,5.000000000000000000e+01,0.000000000000000000e+00
1.774000000000000000e+03,1.717567880207118591e+01,-2.084254250095270766e+00,1.944281177454728393e+01,-1.828787223808269746e-01,0.000000000000000000e+00,4.985000000000000142e+01,5.054699999999999704e+01,5.000000000000000000e+01,0.000000000000000000e+00
1.775000000000000000e+03,1.698341599122385404e+01,-2.179944545652023447e+00,1.942976743135473683e+01,-2.664068944788589022e-01,0.000000000000000000e+00,4.985000000000000142e+01,5.057900000000000063e+01,5.000000000000000000e+01,0.000000000000000000e+00
1.776000000000000000e+03,1.679422736924516713e+01,-2.275634841208754811e+00,1.941615049696580897e+01,-3.462882865118843689e-01,0.000000000000000000e+00,4.985000000000000142e+01,5.061099999999999710e+01,5.000000000000000000e+01,0.000000000000000000e+00
1.777000000000000000e+03,1.679572913299448800e+01,-2.275634841208754811e+00,1.940253356257688111e+01,-3.311695883736366919e-01,0.000000000000000000e+00,4.985000000000000142e+01,5.061099999999999710e+01,5.000000000000000000e+01,0.000000000000000000e+00
1.778000000000000000e+03,1.585182578028158318e+01,-2.757076640728616468e+00,1.938603577873116279e+01,-7.771333577209627030e-01,0.000000000000000000e+00,4.985000000000000142e+01,5.077199999999999847e+01,5.000000000000000000e+01,0.000000000000000000e+00
1.779000000000000000e+03,1.605703249392601961e+01,-2.661386345171885104e+00,1.937011058608182523e+01,-6.516917469839225152e-01,0.000000000000000000e+00,4.985000000000000142e+01,5.074000000000000199e+01,5.000000000000000000e+01,0.000000000000000000e+00
1.780000000000000000e+03,1.531259006309377568e+01,-3.047137849134994081e+00,1.935187713517207797e+01,-9.921492229433086507e-01,0.000000000000000000e+00,4.985000000000000142e+01,5.086899999999999977e+01,5.000000000000000000e+01,0.000000000000000000e+00
1.781000000000000000e+03,1.533767313542213628e+01,-3.047137849134994081e+00,1.933364368426233071e+01,-9.488326997051999001e-01,0.000000000000000000e+00,4.985000000000000142e+01,5.086899999999999977e+01,5.000000000000000000e+01,0.000000000000000000e+00
1.782000000000000000e+03,1.573641586474537313e+01,-2.855757258021510037e+00,1.931655541574534496e+01,-7.243822929784630160e-01,0.000000000000000000e+00,4.985000000000000142e+01,5.080499999999999972e+01,5.000000000000000000e+01,0.000000000000000000e+00
1.783000000000000000e+03,1.537540278209728939e+01,-3.047137849134994081e+00,1.929832196483559770e+01,-8.757813336033135609e-01,0.000000000000000000e+00,4.985000000000000142e+01,5.086899999999999977e+01,5.000000000000000000e+01,0.000000000000000000e+00
1.784000000000000000e+03,1.539540531586733607e+01,-3.047137849134994081e+00,1.928008851392585044e+01,-8.375453489235196169e-01,0.000000000000000000e+00,4.985000000000000142e+01,5.086899999999999977e+01,5.000000000000000000e+01,0.000000000000000000e+00
1.785000000000000000e+03,1.541373849397936979e+01,-3.047137849134994081e+00,1.926185506301610317e+01,-8.009787199017394110e-01,0.000000000000000000e+00,4.985000000000000142e+01,5.086899999999999977e+01,5.000000000000000000e+01,0.000000000000000000e+00
1.786000000000000000e+03,1.543047519930370726e+01,-3.047137849134994081e+00,1.924362161210635591e+01,-7.660085636676536858e-01,0.000000000000000000e+00,4.985000000000000142e+01,5.086899999999999977e+01,5.000000000000000000e+01,0.000000000000000000e+00
1.787000000000000000e+03,1.525790972003621349e+01,-3.142828144691746761e+00,1.922481557000022789e+01,-8.240777052722667584e-01,0.000000000000000000e+00,4.985000000000000142e+01,5.090100000000000335e+01,5.000000000000000000e+01,0.000000000000000000e+00
1.788000000000000000e+03,1.508143892498644156e+01,-3.241508761984619014e+00,1.920541904322283244e+01,-8.824713562517715326e-01,0.000000000000000000e+00,4.985000000000000142e+01,5.093399999999999750e+01,5.000000000000000000e+01,0.000000000000000000e+00
1.789000000000000000e+03,1.529421385878401018e+01,-3.142828144691746761e+00,1.918661300111670442e+01,-7.495709976409465902e-01,0.000000000000000000e+00,4.985000000000000142e+01,5.090100000000000335e+01,5.000000000000000000e+01,0.000000000000000000e+00
1.790000000000000000e+03,1.455116391635340634e+01,-3.528579648654855738e+00,1.916549870075016671e+01,-1.085755135741904631e+00,0.000000000000000000e+00,4.985000000000000142e+01,5.103000000000000114e+01,5.000000000000000000e+01,0.000000000000000000e+00
1.791000000000000000e+03,1.438380951191223112e+01,-3.627260265947749307e+00,1.914379391571236155e+01,-1.132724137852381352e+00,0.000000000000000000e+00,4.985000000000000142e+01,5.106300000000000239e+01,5.000000000000000000e+01,0.000000000000000000e+00
1.792000000000000000e+03,1.460520204434568292e+01,-3.528579648654855738e+00,1.912267961534582383e+01,-9.888979223452861733e-01,0.000000000000000000e+00,4.985000000000000142e+01,5.103000000000000114e+01,5.000000000000000000e+01,0.000000000000000000e+00
1.793000000000000000e+03,1.368251727281715269e+01,-4.010021448174716951e+00,1.909868446552249566e+01,-1.406145744530626240e+00,0.000000000000000000e+00,4.985000000000000142e+01,5.119100000000000250e+01,5.000000000000000000e+01,0.000000000000000000e+00
1.794000000000000000e+03,1.371991343733506241e+01,-4.010021448174716951e+00,1.907468931569916748e+01,-1.344754430189387451e+00,0.000000000000000000e+00,4.985000000000000142e+01,5.119100000000000250e+01,5.000000000000000000e+01,0.000000000000000000e+00
1.795000000000000000e+03,1.375462930111515547e+01,-4.010021448174716951e+00,1.905069416587583930e+01,-1.286043416585966437e+00,0.000000000000000000e+00,4.985000000000000142e+01,5.119100000000000250e+01,5.000000000000000000e+01,0.000000000000000000e+00
1.796000000000000000e+03,1.378678188416461303e+01,-4.010021448174716951e+00,1.902669901605251113e+01,-1.229895683713180699e+00,0.000000000000000000e+00,4.985000000000000142e+01,5.119100000000000250e+01,5.000000000000000000e+01,0.000000000000000000e+00
1.797000000000000000e+03,1.381648309748106307e+01,-4.010021448174716951e+00,1.900270386622918295e+01,-1.176199320573403595e+00,0.000000000000000000e+00,4.985000000000000142e+01,5.119100000000000250e+01,5.000000000000000000e+01,0.000000000000000000e+00
1.798000000000000000e+03,1.384383996610826628e+01,-4.010021448174716951e+00,1.897870871640585477e+01,-1.124847302122871762e+00,0.000000000000000000e+00,4.985000000000000142e+01,5.119100000000000250e+01,5.000000000000000000e+01,0.000000000000000000e+00
1.799000000000000000e+03,1.348753603548651370e+01,-4.204392361024342328e+00,1.895355049071487841e+01,-1.261622094204020827e+00,0.000000000000000000e+00,4.985000000000000142e+01,5.125600000000000023e+01,5.000000000000000000e+01,0.000000000000000000e+00
1.800000000000000000e+03,5.667000205474176155e+00,-4.010021448174716951e+00,1.892955534089155023e+01,-1.020655760495331910e+00,-8.231877926747324992e+00,4.985000000000000142e+01,5.119100000000000250e+01,6.000000000000000000e+01,0.000000000000000000e+00
1.801000000000000000e+03,5.557632332362912209e+00,-4.010021448174716951e+00,1.890556019106822205e+01,-9.760946622802383343e-01,-8.361811748250355336e+00,4.985000000000000142e+01,5.119100000000000250e+01,6.000000000000000000e+01,0.000000000000000000e+00
1.802000000000000000e+03,5.451452354552623447e+00,-4.010021448174716951e+00,1.888156504124489388e+01,-9.334790696420411926e-01,-8.486612168875511841e+00,4.985000000000000142e+01,5.119100000000000250e+01,6.000000000000000000e+01,0.000000000000000000e+00
1.803000000000000000e+03,4.779158184362541917e+00,-4.300082656581073692e+00,1.885583422435753675e+01,-1.170121387360143039e+00,-8.606471996053778994e+00,4.985000000000000142e+01,5.128799999999999670e+01,6.000000000000000000e+01,0.000000000000000000e+00
1.804000000000000000e+03,4.501633749508135551e+00,-4.395772952137826373e+00,1.882953081627379888e+01,-1.210547253020474390e+00,-8.721576861607363895e+00,4.985000000000000142e+01,5.132000000000000028e+01,6.000000000000000000e+01,0.000000000000000000e+00
1.805000000000000000e+03,4.793204164549976554e+00,-4.204392361024342328e+00,1.880437259058282251e+01,-9.746705766678828153e-01,-8.832105488340619814e+00,4.985000000000000142e+01,5.125600000000000023e+01,6.000000000000000000e+01,0.000000000000000000e+00
1.806000000000000000e+03,3.947505266263956258e+00,-4.590143864987451749e+00,1.877690610663143644e+01,-1.301027028650332484e+00,-8.938229946729695286e+00,4.985000000000000142e+01,5.138499999999999801e+01,6.000000000000000000e+01,0.000000000000000000e+00
1.807000000000000000e+03,3.499403908267659347e+00,-4.781524456100935794e+00,1.874829444028729242e+01,-1.427250173840055814e+00,-9.040115902078641241e+00,4.985000000000000142e+01,5.144899999999999807e+01,6.000000000000000000e+01,0.000000000000000000e+00
1.808000000000000000e+03,3.053879203122365382e+00,-4.975895368950581599e+00,1.871851969807550020e+01,-1.550822273506521132e+00,-9.137922852496032533e+00,4.985000000000000142e+01,5.151400000000000290e+01,6.000000000000000000e+01,0.000000000000000000e+00
1.809000000000000000e+03,2.997930743169101575e+00,-4.975895368950581599e+00,1.868874495586370799e+01,-1.483114485711015007e+00,-9.231804358033009805e+00,4.985000000000000142e+01,5.151400000000000290e+01,6.000000000000000000e+01,0.000000000000000000e+00
1.810000000000000000e+03,2.942803812037888989e+00,-4.975895368950581599e+00,1.865897021365191577e+01,-1.418362771352470686e+00,-9.321908261310975163e+00,4.985000000000000142e+01,5.151400000000000290e+01,6.000000000000000000e+01,0.000000000000000000e+00
1.811000000000000000e+03,3.645454764437106476e+00,-4.590143864987451749e+00,1.863150372970052970e+01,-9.875282003209513437e-01,-9.408376899955019468e+00,4.985000000000000142e+01,5.138499999999999801e+01,6.000000000000000000e+01,0.000000000000000000e+00
1.812000000000000000e+03,3.202581816687983363e+00,-4.781524456100935794e+00,1.860289206335638568e+01,-1.127438479430070251e+00,-9.491347311137396048e+00,4.985000000000000142e+01,5.144899999999999807e+01,6.000000000000000000e+01,0.000000000000000000e+00
1.813000000000000000e+03,3.331364600728340619e+00,-4.685834160544204430e+00,1.857485298820861885e+01,-9.867027984120234629e-01,-9.570951428524050897e+00,4.985000000000000142e+01,5.141700000000000159e+01,6.000000000000000000e+01,0.000000000000000000e+00
1.814000000000000000e+03,3.270039418448984492e+00,-4.685834160544204430e+00,1.854681391306085203e+01,-9.436240621613137813e-01,-9.647316271906349883e+00,4.985000000000000142e+01,5.141700000000000159e+01,6.000000000000000000e+01,0.000000000000000000e+00
1.815000000000000000e+03,3.022175022290955582e+00,-4.781524456100935794e+00,1.851820224671670800e+01,-9.939386385351595132e-01,-9.720564129789657670e+00,4.985000000000000142e+01,5.144899999999999807e+01,6.000000000000000000e+01,0.000000000000000000e+00
1.816000000000000000e+03,2.778933985714489907e+00,-4.877214751657687586e+00,1.848901798917618322e+01,-1.042056516603655947e+00,-9.790812735200349337e+00,4.985000000000000142e+01,5.148100000000000165e+01,6.000000000000000000e+01,0.000000000000000000e+00
1.817000000000000000e+03,2.727882468283640449e+00,-4.877214751657687586e+00,1.845983373163565844e+01,-9.965610767312366169e-01,-9.858175434963094119e+00,4.985000000000000142e+01,5.148100000000000165e+01,6.000000000000000000e+01,0.000000000000000000e+00
1.818000000000000000e+03,2.483978040318145730e+00,-4.975895368950581599e+00,1.843005898942386622e+01,-1.047424227464210933e+00,-9.922761352690928405e+00,4.985000000000000142e+01,5.151400000000000290e+01,6.000000000000000000e+01,0.000000000000000000e+00
1.819000000000000000e+03,2.438018895353119220e+00,-4.975895368950581599e+00,1.840028424721207401e+01,-1.001694437186781972e+00,-9.984675545721591661e+00,4.985000000000000142e+01,5.151400000000000290e+01,6.000000000000000000e+01,0.000000000000000000e+00
1.820000000000000000e+03,2.392633803081521293e+00,-4.975895368950581599e+00,1.837050950500028179e+01,-9.579611767431917002e-01,-1.004401915622498720e+01,4.985000000000000142e+01,5.151400000000000290e+01,6.000000000000000000e+01,0.000000000000000000e+00
1.821000000000000000e+03,2.541455952372629667e+00,-4.877214751657687586e+00,1.834132524745975701e+01,-8.217649867312426526e-01,-1.010088955669819732e+01,4.985000000000000142e+01,5.148100000000000165e+01,6.000000000000000000e+01,0.000000000000000000e+00
1.822000000000000000e+03,2.869209256525367735e+00,-4.685834160544204430e+00,1.831328617231199019e+01,-6.028622651858952519e-01,-1.015538049005652432e+01,4.985000000000000142e+01,5.141700000000000159e+01,6.000000000000000000e+01,0.000000000000000000e+00
1.823000000000000000e+03,2.439738175555124400e+00,-4.877214751657687586e+00,1.828410191477146540e+01,-7.595667830374039919e-01,-1.020758220452125009e+01,4.985000000000000142e+01,5.148100000000000165e+01,6.000000000000000000e+01,0.000000000000000000e+00
1.824000000000000000e+03,2.393716679820869331e+00,-4.877214751657687586e+00,1.825491765723094062e+01,-7.264046422550640703e-01,-1.025758158349731985e+01,4.985000000000000142e+01,5.148100000000000165e+01,6.000000000000000000e+01,0.000000000000000000e+00
1.825000000000000000e+03,2.348366040659174203e+00,-4.877214751657687586e+00,1.822573339969041584e+01,-6.946903367464969392e-01,-1.030546227062705711e+01,4.985000000000000142e+01,5.148100000000000165e+01,6.000000000000000000e+01,0.000000000000000000e+00
1.826000000000000000e+03,2.491444357891349881e+00,-4.781524456100935794e+00,1.819712173334627181e+01,-5.728481291549292198e-01,-1.035130479019905714e+01,4.985000000000000142e+01,5.144899999999999807e+01,6.000000000000000000e+01,0.000000000000000000e+00
1.827000000000000000e+03,2.256185544319444958e+00,-4.877214751657687586e+00,1.816793747580574703e+01,-6.393505167438832126e-01,-1.039518666308473094e+01,4.985000000000000142e+01,5.148100000000000165e+01,6.000000000000000000e+01,0.000000000000000000e+00
1.828000000000000000e+03,2.019275622036079909e+00,-4.975895368950581599e+00,1.813816273359395481e+01,-7.058092242386593274e-01,-1.043718251836863331e+01,4.985000000000000142e+01,5.151400000000000290e+01,6.000000000000000000e+01,0.000000000000000000e+00
1.829000000000000000e+03,2.173777716001236371e+00,-4.877214751657687586e+00,1.810897847605343003e+01,-5.806218075620305230e-01,-1.047736420083247566e+01,4.985000000000000142e+01,5.148100000000000165e+01,6.000000000000000000e+01,0.000000000000000000e+00
1.830000000000000000e+03,1.937862922080519468e+00,-4.975895368950581599e+00,1.807920373384163781e+01,-6.496445683637004365e-01,-1.051580087444683542e+01,4.985000000000000142e+01,5.151400000000000290e+01,6.000000000000000000e+01,0.000000000000000000e+00
1.831000000000000000e+03,1.899692948052162933e+00,-4.975895368950581599e+00,1.804942899162984560e+01,-6.212815526083120821e-01,-1.055255912201878843e+01,4.985000000000000142e+01,5.151400000000000290e+01,6.000000000000000000e+01,0.000000000000000000e+00
1.832000000000000000e+03,1.861898993557939974e+00,-4.975895368950581599e+00,1.801965424941805338e+01,-5.941568457712399498e-01,-1.058770304113829219e+01,4.985000000000000142e+01,5.151400000000000290e+01,6.000000000000000000e+01,0.000000000000000000e+00
1.833000000000000000e+03,2.393667637148887195e+00,-4.685834160544204430e+00,1.799161517427028656e+01,-2.908190400164861189e-01,-1.062129433656070887e+01,4.985000000000000142e+01,5.141700000000000159e+01,6.000000000000000000e+01,0.000000000000000000e+00
1.834000000000000000e+03,3.290972484986323110e+00,-4.204392361024342328e+00,1.796645694857931019e+01,1.823003065892414565e-01,-1.065339240915788466e+01,4.985000000000000142e+01,5.125600000000000023e+01,6.000000000000000000e+01,0.000000000000000000e+00
1.835000000000000000e+03,3.414968538957682043e+00,-4.108702065467589648e+00,1.794187131408471458e+01,2.658537319057390214e-01,-1.068405444156518236e+01,4.985000000000000142e+01,5.122399999999999665e+01,6.000000000000000000e+01,0.000000000000000000e+00
1.836000000000000000e+03,3.543138276493900563e+00,-4.010021448174716951e+00,1.791787616426138641e+01,3.486190410544325879e-01,-1.071333548064720098e+01,4.985000000000000142e+01,5.119100000000000250e+01,6.000000000000000000e+01,0.000000000000000000e+00
1.837000000000000000e+03,3.475969633208119802e+00,-4.010021448174716951e+00,1.789388101443805823e+01,3.333985838450996830e-01,-1.074128851690032072e+01,4.985000000000000142e+01,5.119100000000000250e+01,6.000000000000000000e+01,0.000000000000000000e+00
1.838000000000000000e+03,3.598517909072135978e+00,-3.914331152617964715e+00,1.787045845581111081e+01,4.103551667848274742e-01,-1.076796456090583654e+01,4.985000000000000142e+01,5.115899999999999892e+01,6.000000000000000000e+01,0.000000000000000000e+00
1.839000000000000000e+03,4.664251839852067150e+00,-3.337199057541371694e+00,1.785048933783733460e+01,9.443742764993376948e-01,-1.079341271694323190e+01,4.985000000000000142e+01,5.096600000000000108e+01,6.000000000000000000e+01,0.000000000000000000e+00
1.840000000000000000e+03,5.147978701226595177e+00,-3.047137849134994081e+00,1.783225588692758734e+01,1.180540917303035675e+00,-1.081768025386903354e+01,4.985000000000000142e+01,5.086899999999999977e+01,6.000000000000000000e+01,0.000000000000000000e+00
1.841000000000000000e+03,5.055071261374257219e+00,-3.047137849134994081e+00,1.781402243601784008e+01,1.128999347854246160e+00,-1.084081267336283538e+01,4.985000000000000142e+01,5.086899999999999977e+01,6.000000000000000000e+01,0.000000000000000000e+00
1.842000000000000000e+03,4.965505406683009326e+00,-3.047137849134994081e+00,1.779578898510809282e+01,1.079708046348149653e+00,-1.086285377563823928e+01,4.985000000000000142e+01,5.086899999999999977e+01,6.000000000000000000e+01,0.000000000000000000e+00
1.843000000000000000e+03,5.066916142711907156e+00,-2.951447553578262717e+00,1.777812812539472631e+01,1.124081293608340193e+00,-1.088384572271289663e+01,4.985000000000000142e+01,5.083700000000000330e+01,6.000000000000000000e+01,0.000000000000000000e+00
1.844000000000000000e+03,4.980195323596905865e+00,-2.951447553578262717e+00,1.776046726568135981e+01,1.075004710822071941e+00,-1.090382909932826294e+01,4.985000000000000142e+01,5.083700000000000330e+01,6.000000000000000000e+01,0.000000000000000000e+00
1.845000000000000000e+03,6.029107114822014779e+00,-2.374315458501648379e+00,1.774625984662116451e+01,1.580005698308901474e+00,-1.092284297160640349e+01,4.985000000000000142e+01,5.064399999999999835e+01,6.000000000000000000e+01,0.000000000000000000e+00
1.846000000000000000e+03,6.497030028283660386e+00,-2.084254250095270766e+00,1.773378809462499817e+01,1.788421127281776490e+00,-1.094092494352784328e+01,4.985000000000000142e+01,5.054699999999999704e+01,6.000000000000000000e+01,0.000000000000000000e+00
1.847000000000000000e+03,6.389290825222223802e+00,-2.084254250095270766e+00,1.772131634262883182e+01,1.710339944000083490e+00,-1.095811121131142052e+01,4.985000000000000142e+01,5.054699999999999704e+01,6.000000000000000000e+01,0.000000000000000000e+00
1.848000000000000000e+03,6.285821453923034596e+00,-2.084254250095270766e+00,1.770884459063266547e+01,1.635667729159697048e+00,-1.097443661577405649e+01,4.985000000000000142e+01,5.054699999999999704e+01,6.000000000000000000e+01,0.000000000000000000e+00
1.849000000000000000e+03,6.186439545440078902e+00,-2.084254250095270766e+00,1.769637283863649913e+01,1.564255649644296309e+00,-1.098993469274544488e+01,4.985000000000000142e+01,5.054699999999999704e+01,6.000000000000000000e+01,0.000000000000000000e+00
1.850000000000000000e+03,6.090970485219763475e+00,-2.084254250095270766e+00,1.768390108664033278e+01,1.495961370284636160e+00,-1.100463772160993514e+01,4.985000000000000142e+01,5.054699999999999704e+01,6.000000000000000000e+01,0.000000000000000000e+00
1.851000000000000000e+03,6.756216714954671687e+00,-1.698502746132161789e+00,1.767373759290457613e+01,1.799558640227387318e+00,-1.101857677204512953e+01,4.985000000000000142e+01,5.041799999999999926e+01,6.000000000000000000e+01,0.000000000000000000e+00
1.852000000000000000e+03,6.085086585506289225e+00,-1.988563954538539402e+00,1.766183843210479054e+01,1.443593856964229927e+00,-1.103178174902419073e+01,4.985000000000000142e+01,5.051500000000000057e+01,6.000000000000000000e+01,0.000000000000000000e+00
1.853000000000000000e+03,5.809886052861509498e+00,-2.084254250095270766e+00,1.764936668010862419e+01,1.289055058994496461e+00,-1.104428143614634017e+01,4.985000000000000142e+01,5.054699999999999704e+01,6.000000000000000000e+01,0.000000000000000000e+00
1.854000000000000000e+03,5.729312980634466257e+00,-2.084254250095270766e+00,1.763689492811245785e+01,1.232775839974912246e+00,-1.105610353735763418e+01,4.985000000000000142e+01,5.054699999999999704e+01,6.000000000000000000e+01,0.000000000000000000e+00
1.855000000000000000e+03,5.651847940178392093e+00,-2.084254250095270766e+00,1.762442317611629150e+01,1.178953731279168693e+00,-1.106727471712179778e+01,4.985000000000000142e+01,5.054699999999999704e+01,6.000000000000000000e+01,0.000000000000000000e+00
1.856000000000000000e+03,5.577357992159587496e+00,-2.084254250095270766e+00,1.761195142412012515e+01,1.127481457233425521e+00,-1.107782063909869308e+01,4.985000000000000142e+01,5.054699999999999704e+01,6.000000000000000000e+01,0.000000000000000000e+00
1.857000000000000000e+03,5.505715844385639102e+00,-2.084254250095270766e+00,1.759947967212395881e+01,1.078256425742795566e+00,-1.108776600338584650e+01,4.985000000000000142e+01,5.054699999999999704e+01,6.000000000000000000e+01,0.000000000000000000e+00
1.858000000000000000e+03,4.867605391838306872e+00,-2.374315458501648379e+00,1.758527225306376351e+01,7.537831796525764627e-01,-1.109713458237638406e+01,4.985000000000000142e+01,5.064399999999999835e+01,6.000000000000000000e+01,0.000000000000000000e+00
1.859000000000000000e+03,5.193092474028444983e+00,-2.179944545652023447e+00,1.757222790987121641e+01,9.067583650940410633e-01,-1.110594925528478960e+01,4.985000000000000142e+01,5.057900000000000063e+01,6.000000000000000000e+01,0.000000000000000000e+00
1.860000000000000000e+03,4.375207292793028557e+00,-2.565696049615132424e+00,1.755687530841825961e+01,4.982600753798518967e-01,-1.111423204138995047e+01,4.985000000000000142e+01,5.070799999999999841e+01,6.000000000000000000e+01,0.000000000000000000e+00
1.861000000000000000e+03,4.330328923281616227e+00,-2.565696049615132424e+00,1.754152270696530280e+01,4.765063979745666756e-01,-1.112200413204311999e+01,4.985000000000000142e+01,5.070799999999999841e+01,6.000000000000000000e+01,0.000000000000000000e+00
1.862000000000000000e+03,4.662441430248970065e+00,-2.374315458501648379e+00,1.752731528790510751e+01,6.387275223321953188e-01,-1.112928592148668372e+01,4.985000000000000142e+01,5.064399999999999835e+01,6.000000000000000000e+01,0.000000000000000000e+00
1.863000000000000000e+03,5.182730730416755804e+00,-2.084254250095270766e+00,1.751484353590894116e+01,8.882384811309798067e-01,-1.113609703652789484e+01,4.985000000000000142e+01,5.054699999999999704e+01,6.000000000000000000e+01,0.000000000000000000e+00
1.864000000000000000e+03,4.937344382374512008e+00,-2.179944545652023447e+00,1.750179919271639406e+01,7.579461004202396879e-01,-1.114245636511009963e+01,4.985000000000000142e+01,5.057900000000000063e+01,6.000000000000000000e+01,0.000000000000000000e+00
1.865000000000000000e+03,5.073058350188233590e+00,-2.084254250095270766e+00,1.748932744072022771e+01,8.163672433856732358e-01,-1.114838208382239770e+01,4.985000000000000142e+01,5.054699999999999704e+01,6.000000000000000000e+01,0.000000000000000000e+00
1.866000000000000000e+03,5.019434989498657629e+00,-2.084254250095270766e+00,1.747685568872406137e+01,7.807252352570563936e-01,-1.115389168438718848e+01,4.985000000000000142e+01,5.054699999999999704e+01,6.000000000000000000e+01,0.000000000000000000e+00
1.867000000000000000e+03,4.967767019100426396e+00,-2.084254250095270766e+00,1.746438393672789502e+01,7.466393316313246764e-01,-1.115900199916352342e+01,4.985000000000000142e+01,5.054699999999999704e+01,6.000000000000000000e+01,0.000000000000000000e+00
1.868000000000000000e+03,5.105745715696521358e+00,-1.988563954538539402e+00,1.745248477592810943e+01,8.055541200098139676e-01,-1.116372922570286264e+01,4.985000000000000142e+01,5.051500000000000057e+01,6.000000000000000000e+01,0.000000000000000000e+00
1.869000000000000000e+03,5.247960309593356243e+00,-1.889883337245645611e+00,1.744117609979959127e+01,8.647564974318129316e-01,-1.116808895039240213e+01,4.985000000000000142e+01,5.048199999999999932e+01,6.000000000000000000e+01,0.000000000000000000e+00
1.870000000000000000e+03,5.194889764394863718e+00,-1.889883337245645611e+00,1.742986742367107311e+01,8.270018491892965340e-01,-1.117209617121986120e+01,4.985000000000000142e+01,5.048199999999999932e+01,6.000000000000000000e+01,0.000000000000000000e+00
1.871000000000000000e+03,4.950162238099551359e+00,-1.988563954538539402e+00,1.741796826287128752e+01,6.965232494591870882e-01,-1.117576531969238474e+01,4.985000000000000142e+01,5.051500000000000057e+01,6.000000000000000000e+01,0.000000000000000000e+00
1.872000000000000000e+03,4.716732997052558218e+00,-2.084254250095270766e+00,1.740549651087512117e+01,5.746010182136603861e-01,-1.117911028194095380e+01,4.985000000000000142e+01,5.054699999999999704e+01,6.000000000000000000e+01,0.000000000000000000e+00
1.873000000000000000e+03,4.676140439759592482e+00,-2.084254250095270766e+00,1.739302475887895483e+01,5.495143500164559880e-01,-1.118214441904054723e+01,4.985000000000000142e+01,5.054699999999999704e+01,6.000000000000000000e+01,0.000000000000000000e+00
1.874000000000000000e+03,4.636941117966147274e+00,-2.084254250095270766e+00,1.738055300688278848e+01,5.255229477538528871e-01,-1.118488058657522366e+01,4.985000000000000142e+01,5.054699999999999704e+01,6.000000000000000000e+01,0.000000000000000000e+00
1.875000000000000000e+03,4.599074844216186619e+00,-2.084254250095270766e+00,1.736808125488662213e+01,5.025789929009648604e-01,-1.118733115347612994e+01,4.985000000000000142e+01,5.054699999999999704e+01,6.000000000000000000e+01,0.000000000000000000e+00
1.876000000000000000e+03,4.562483987291136245e+00,-2.084254250095270766e+00,1.735560950289045579e+01,4.806367546553941827e-01,-1.118950802015944390e+01,4.985000000000000142e+01,5.054699999999999704e+01,6.000000000000000000e+01,0.000000000000000000e+00
1.877000000000000000e+03,4.527113363597495166e+00,-2.084254250095270766e+00,1.734313775089428944e+01,4.596524987887651847e-01,-1.119142263599028908e+01,4.985000000000000142e+01,5.054699999999999704e+01,6.000000000000000000e+01,0.000000000000000000e+00
1.878000000000000000e+03,4.492910133182975940e+00,-2.084254250095270766e+00,1.733066599889812309e+01,4.395844004777352265e-01,-1.119308601609761133e+01,4.985000000000000142e+01,5.054699999999999704e+01,6.000000000000000000e+01,0.000000000000000000e+00
1.879000000000000000e+03,2.570333610285885584e+00,-3.047137849134994081e+00,1.731243254798837583e+01,-5.004523310033472949e-01,-1.119450875756414909e+01,4.985000000000000142e+01,5.086899999999999977e+01,6.000000000000000000e+01,0.000000000000000000e+00
1.880000000000000000e+03,2.384981838977887847e+00,-3.142828144691746761e+00,1.729362650588224781e+01,-5.701154671979106192e-01,-1.119570105501470358e+01,4.985000000000000142e+01,5.090100000000000335e+01,6.000000000000000000e+01,0.000000000000000000e+00
1.881000000000000000e+03,2.390094968519504093e+00,-3.142828144691746761e+00,1.727482046377611979e+01,-5.452246349398133241e-01,-1.119667271562505562e+01,4.985000000000000142e+01,5.090100000000000335e+01,6.000000000000000000e+01,0.000000000000000000e+00
1.882000000000000000e+03,2.582107997506097874e+00,-3.047137849134994081e+00,1.725658701286637253e+01,-4.299079926522254569e-01,-1.119743317357305479e+01,4.985000000000000142e+01,5.086899999999999977e+01,6.000000000000000000e+01,0.000000000000000000e+00
1.883000000000000000e+03,2.582085690730673733e+00,-3.047137849134994081e+00,1.723835356195662527e+01,-4.111385181383772069e-01,-1.119799150395257925e+01,4.985000000000000142e+01,5.086899999999999977e+01,6.000000000000000000e+01,0.000000000000000000e+00
1.884000000000000000e+03,2.581437320326230633e+00,-3.047137849134994081e+00,1.722012011104687801e+01,-3.931885054153009817e-01,-1.119835643617035181e+01,4.985000000000000142e+01,5.086899999999999977e+01,6.000000000000000000e+01,0.000000000000000000e+00
1.885000000000000000e+03,2.392414854127570933e+00,-3.142828144691746761e+00,1.720131406894074999e+01,-4.675347032766459798e-01,-1.119853636684478637e+01,4.985000000000000142e+01,5.090100000000000335e+01,6.000000000000000000e+01,0.000000000000000000e+00
1.886000000000000000e+03,2.012599229377736165e+00,-3.337199057541371694e+00,1.718134495096697378e+01,-6.330072918224818324e-01,-1.119853937222538320e+01,4.985000000000000142e+01,5.096600000000000108e+01,6.000000000000000000e+01,0.000000000000000000e+00
1.887000000000000000e+03,2.401851714644044122e+00,-3.142828144691746761e+00,1.716253890886084577e+01,-4.194858293745900024e-01,-1.119837322015046510e+01,4.985000000000000142e+01,5.090100000000000335e+01,6.000000000000000000e+01,0.000000000000000000e+00
1.888000000000000000e+03,2.401687961470667432e+00,-3.142828144691746761e+00,1.714373286675471775e+01,-4.011713790318717221e-01,-1.119804538156043172e+01,4.985000000000000142e+01,5.090100000000000335e+01,6.000000000000000000e+01,0.000000000000000000e+00
1.889000000000000000e+03,2.207235719616551961e+00,-3.241508761984619014e+00,1.712433633997732230e+01,-4.780288167931577847e-01,-1.119756304158299365e+01,4.985000000000000142e+01,5.093399999999999750e+01,6.000000000000000000e+01,0.000000000000000000e+00
1.890000000000000000e+03,2.590758326353336471e+00,-3.047137849134994081e+00,1.710610288906757503e+01,-2.712736033729064022e-01,-1.119693311020633786e+01,4.985000000000000142e+01,5.086899999999999977e+01,6.000000000000000000e+01,0.000000000000000000e+00
1.891000000000000000e+03,2.397363951326868303e+00,-3.142828144691746761e+00,1.708729684696144702e+01,-3.509425183873473020e-01,-1.119616223255548526e+01,4.985000000000000142e+01,5.090100000000000335e+01,6.000000000000000000e+01,0.000000000000000000e+00
1.892000000000000000e+03,2.201141847246056216e+00,-3.241508761984619014e+00,1.706790032018405157e+01,-4.299929121667591114e-01,-1.119525679878661784e+01,4.985000000000000142e+01,5.093399999999999750e+01,6.000000000000000000e+01,0.000000000000000000e+00
1.893000000000000000e+03,2.201552347680669541e+00,-3.241508761984619014e+00,1.704850379340665611e+01,-4.112197301278333605e-01,-1.119422295361353470e+01,4.985000000000000142e+01,5.093399999999999750e+01,6.000000000000000000e+01,0.000000000000000000e+00
1.894000000000000000e+03,1.825714902095937120e+00,-3.432889353098103058e+00,1.702796208423649915e+01,-5.762912235625371471e-01,-1.119306660547992216e+01,4.985000000000000142e+01,5.099799999999999756e+01,6.000000000000000000e+01,0.000000000000000000e+00
1.895000000000000000e+03,1.262412604737706445e+00,-3.722950561504480671e+00,1.700568470800231324e+01,-8.285281063695408843e-01,-1.119179343539058458e+01,4.985000000000000142e+01,5.109499999999999886e+01,6.000000000000000000e+01,0.000000000000000000e+00
1.896000000000000000e+03,7.143664631794113262e-01,-4.010021448174716951e+00,1.698168955817898507e+01,-1.066892741410551126e+00,-1.119040890541430500e+01,4.985000000000000142e+01,5.119100000000000250e+01,6.000000000000000000e+01,0.000000000000000000e+00
1.897000000000000000e+03,7.384417235281386382e-01,-4.010021448174716951e+00,1.695769440835565689e+01,-1.020312969782266155e+00,-1.118891826687053559e+01,4.985000000000000142e+01,5.119100000000000250e+01,6.000000000000000000e+01,0.000000000000000000e+00
1.898000000000000000e+03,7.605844045821736898e-01,-4.010021448174716951e+00,1.693369925853232871e+01,-9.757668375637635894e-01,-1.118732656821167382e+01,4.985000000000000142e+01,5.119100000000000250e+01,6.000000000000000000e+01,0.000000000000000000e+00
1.899000000000000000e+03,7.808784404046082983e-01,-4.010021448174716951e+00,1.690970410870900054e+01,-9.331655575174839790e-01,-1.118563866261219175e+01,4.985000000000000142e+01,5.119100000000000250e+01,6.000000000000000000e+01,0.000000000000000000e+00
1.900000000000000000e+03,7.994040766424301836e-01,-4.010021448174716951e+00,1.688570895888567236e+01,-8.924242187929578574e-01,-1.118385921527556803e+01,4.985000000000000142e+01,5.119100000000000250e+01,6.000000000000000000e+01,0.000000000000000000e+00
1.901000000000000000e+03,8.162380327316434148e-01,-4.010021448174716951e+00,1.686171380906234418e+01,-8.534616176865262860e-01,-1.118199271046945675e+01,4.985000000000000142e+01,5.119100000000000250e+01,6.000000000000000000e+01,0.000000000000000000e+00
1.902000000000000000e+03,1.019229069635755991e+00,-3.914331152617964715e+00,1.683829125043539676e+01,-7.246875698824746248e-01,-1.118004345829920076e+01,4.985000000000000142e+01,5.115899999999999892e+01,6.000000000000000000e+01,0.000000000000000000e+00
1.903000000000000000e+03,8.416982947786753044e-01,-4.010021448174716951e+00,1.681429610061206859e+01,-7.845607564292462754e-01,-1.117801560122943094e+01,4.985000000000000142e+01,5.119100000000000250e+01,6.000000000000000000e+01,0.000000000000000000e+00
1.904000000000000000e+03,8.540589855499423066e-01,-4.010021448174716951e+00,1.679030095078874041e+01,-7.503073967010015499e-01,-1.117591312036307905e+01,4.985000000000000142e+01,5.119100000000000250e+01,6.000000000000000000e+01,0.000000000000000000e+00
1.905000000000000000e+03,8.649949972210677629e-01,-4.010021448174716951e+00,1.676630580096541223e+01,-7.175495140827928831e-01,-1.117373984148683519e+01,4.985000000000000142e+01,5.119100000000000250e+01,6.000000000000000000e+01,0.000000000000000000e+00
1.906000000000000000e+03,8.745679449586969412e-01,-4.010021448174716951e+00,1.674231065114208405e+01,-6.862218171169536252e-01,-1.117149944089171676e+01,4.985000000000000142e+01,5.119100000000000250e+01,6.000000000000000000e+01,0.000000000000000000e+00
1.907000000000000000e+03,8.828367372429148929e-01,-4.010021448174716951e+00,1.671831550131875588e+01,-6.562618649240140600e-01,-1.116919545097711008e+01,4.985000000000000142e+01,5.119100000000000250e+01,6.000000000000000000e+01,0.000000000000000000e+00
1.908000000000000000e+03,6.962143006196637174e-01,-4.108702065467589648e+00,1.669372986682416027e+01,-7.219822350905812369e-01,-1.116683126564632644e+01,4.985000000000000142e+01,5.122399999999999665e+01,6.000000000000000000e+01,0.000000000000000000e+00
1.909000000000000000e+03,7.055710126546888006e-01,-4.108702065467589648e+00,1.666914423232956466e+01,-6.904610087058785650e-01,-1.116441014550140842e+01,4.985000000000000142e+01,5.122399999999999665e+01,6.000000000000000000e+01,0.000000000000000000e+00
1.910000000000000000e+03,5.258299204124234905e-01,-4.204392361024342328e+00,1.664398600663858829e+01,-7.518285023571484871e-01,-1.116193522284467221e+01,4.985000000000000142e+01,5.125600000000000023e+01,6.000000000000000000e+01,0.000000000000000000e+00
1.911000000000000000e+03,3.482462914112236518e-01,-4.300082656581073692e+00,1.661825518975123117e+01,-8.105167352648137147e-01,-1.115940950649411967e+01,4.985000000000000142e+01,5.128799999999999670e+01,6.000000000000000000e+01,0.000000000000000000e+00
1.912000000000000000e+03,7.360264990611380398e-01,-4.108702065467589648e+00,1.659366955525663556e+01,-5.921051043082269372e-01,-1.115683588641968171e+01,4.985000000000000142e+01,5.122399999999999665e+01,6.000000000000000000e+01,0.000000000000000000e+00
1.913000000000000000e+03,9.335538911229868120e-01,-4.010021448174716951e+00,1.656967440543330738e+01,-4.718819279286818880e-01,-1.115421713820692240e+01,4.985000000000000142e+01,5.119100000000000250e+01,6.000000000000000000e+01,0.000000000000000000e+00
1.914000000000000000e+03,9.328219785650091467e-01,-4.010021448174716951e+00,1.654567925560997921e+01,-4.512799015156306881e-01,-1.115155592735462164e+01,4.985000000000000142e+01,5.119100000000000250e+01,6.000000000000000000e+01,0.000000000000000000e+00
1.915000000000000000e+03,5.498116924382081550e-01,-4.204392361024342328e+00,1.652052102991900284e+01,-6.174621630440477738e-01,-1.114885481341240414e+01,4.985000000000000142e+01,5.125600000000000023e+01,6.000000000000000000e+01,0.000000000000000000e+00
1.916000000000000000e+03,9.357687881911012084e-01,-4.010021448174716951e+00,1.649652588009567467e+01,-4.046193897654856153e-01,-1.114611625396437056e+01,4.985000000000000142e+01,5.119100000000000250e+01,6.000000000000000000e+01,0.000000000000000000e+00
1.917000000000000000e+03,7.385692818170817020e-01,-4.108702065467589648e+00,1.647194024560107906e+01,-4.813262898519804489e-01,-1.114334260846442781e+01,4.985000000000000142e+01,5.122399999999999665e+01,6.000000000000000000e+01,0.000000000000000000e+00
1.918000000000000000e+03,9.314478686428611098e-01,-4.010021448174716951e+00,1.644794509577775088e+01,-3.659396370313096614e-01,-1.114053614192886243e+01,4.985000000000000142e+01,5.119100000000000250e+01,6.000000000000000000e+01,0.000000000000000000e+00
1.919000000000000000e+03,9.262664942596856577e-01,-4.010021448174716951e+00,1.642394994595442270e+01,-3.499629750286045171e-01,-1.113769902849141502e+01,4.985000000000000142e+01,5.119100000000000250e+01,6.000000000000000000e+01,0.000000000000000000e+00
1.920000000000000000e+03,9.204161505041668079e-01,-4.010021448174716951e+00,1.639995479613109453e+01,-3.346838426261892763e-01,-1.113483335482602143e+01,4.985000000000000142e+01,5.119100000000000250e+01,6.000000000000000000e+01,0.000000000000000000e+00
1.921000000000000000e+03,9.139252885087891798e-01,-4.010021448174716951e+00,1.637595964630776635e+01,-3.200717861821706367e-01,-1.113194112344208975e+01,4.985000000000000142e+01,5.119100000000000250e+01,6.000000000000000000e+01,0.000000000000000000e+00
1.922000000000000000e+03,1.282371936135065837e+00,-3.818640857061233351e+00,1.635310967887719968e+01,-1.230726298238381811e-01,-1.112902425585706290e+01,4.985000000000000142e+01,5.112700000000000244e+01,6.000000000000000000e+01,0.000000000000000000e+00
1.923000000000000000e+03,1.837029111255594316e+00,-3.528579648654855738e+00,1.633199537851066196e+01,1.596979770506340435e-01,-1.112608459565084651e+01,4.985000000000000142e+01,5.103000000000000114e+01,6.000000000000000000e+01,0.000000000000000000e+00
1.924000000000000000e+03,2.375229434015492913e+00,-3.241508761984619014e+00,1.631259885173326651e+01,4.272632556733053644e-01,-1.112312391140645929e+01,4.985000000000000142e+01,5.093399999999999750e+01,6.000000000000000000e+01,0.000000000000000000e+00
1.925000000000000000e+03,2.721577718875373364e+00,-3.047137849134994081e+00,1.629436540082351925e+01,5.944940667280168567e-01,-1.112014389954116744e+01,4.985000000000000142e+01,5.086899999999999977e+01,6.000000000000000000e+01,0.000000000000000000e+00
1.926000000000000000e+03,2.680386796051951848e+00,-3.047137849134994081e+00,1.627613194991377199e+01,5.685388823053069141e-01,-1.111714618703213198e+01,4.985000000000000142e+01,5.086899999999999977e+01,6.000000000000000000e+01,0.000000000000000000e+00
1.927000000000000000e+03,3.015896023762184797e+00,-2.855757258021510037e+00,1.625904368139678624e+01,7.267419344274436144e-01,-1.111413233404053535e+01,4.985000000000000142e+01,5.080499999999999972e+01,6.000000000000000000e+01,0.000000000000000000e+00
1.928000000000000000e+03,3.163750615711258263e+00,-2.757076640728616468e+00,1.624254589755106792e+01,7.893851953267255750e-01,-1.111110383643791799e+01,4.985000000000000142e+01,5.077199999999999847e+01,6.000000000000000000e+01,0.000000000000000000e+00
1.929000000000000000e+03,4.436126419065859139e+00,-2.084254250095270766e+00,1.623007414555490158e+01,1.398368651844615673e+00,-1.110806212823838734e+01,4.985000000000000142e+01,5.054699999999999704e+01,6.000000000000000000e+01,0.000000000000000000e+00
1.930000000000000000e+03,3.420911394364811287e+00,-2.565696049615132424e+00,1.621472154410194477e+01,8.768944838181864654e-01,-1.110500858394018664e+01,4.985000000000000142e+01,5.070799999999999841e+01,6.000000000000000000e+01,0.000000000000000000e+00
1.931000000000000000e+03,3.745889097373751753e+00,-2.374315458501648379e+00,1.620051412504174948e+01,1.021634951613633824e+00,-1.110194452077998406e+01,4.985000000000000142e+01,5.064399999999999835e+01,6.000000000000000000e+01,0.000000000000000000e+00
1.932000000000000000e+03,3.126824911211771862e+00,-2.661386345171885104e+00,1.618458893239241192e+01,7.024935248943846577e-01,-1.109887120090314028e+01,4.985000000000000142e+01,5.074000000000000199e+01,6.000000000000000000e+01,0.000000000000000000e+00
1.933000000000000000e+03,2.326341090444369542e+00,-3.047137849134994081e+00,1.616635548148266466e+01,3.029132915497689260e-01,-1.109578983345307002e+01,4.985000000000000142e+01,5.086899999999999977e+01,6.000000000000000000e+01,0.000000000000000000e+00
1.934000000000000000e+03,2.297970919426603587e+00,-3.047137849134994081e+00,1.614812203057291740e+01,2.896883145713841645e-01,-1.109270157658270328e+01,4.985000000000000142e+01,5.086899999999999977e+01,6.000000000000000000e+01,0.000000000000000000e+00
1.935000000000000000e+03,2.270183921736608212e+00,-3.047137849134994081e+00,1.612988857966317013e+01,2.770407305993742297e-01,-1.108960753939094168e+01,4.985000000000000142e+01,5.086899999999999977e+01,6.000000000000000000e+01,0.000000000000000000e+00
1.936000000000000000e+03,2.242953826900864200e+00,-3.047137849134994081e+00,1.611165512875342287e+01,2.649453310693419272e-01,-1.108650878378690585e+01,4.985000000000000142e+01,5.086899999999999977e+01,6.000000000000000000e+01,0.000000000000000000e+00
1.937000000000000000e+03,2.216255510428775111e+00,-3.047137849134994081e+00,1.609342167784367561e+01,2.533780080047253191e-01,-1.108340632628463140e+01,4.985000000000000142e+01,5.086899999999999977e+01,6.000000000000000000e+01,0.000000000000000000e+00
1.938000000000000000e+03,2.190064944034004313e+00,-3.047137849134994081e+00,1.607518822693392835e+01,2.423157059659225010e-01,-1.108030113973085129e+01,4.985000000000000142e+01,5.086899999999999977e+01,6.000000000000000000e+01,0.000000000000000000e+00
1.939000000000000000e+03,2.164359148018192514e+00,-3.047137849134994081e+00,1.605695477602418109e+01,2.317363760972830089e-01,-1.107719415496827686e+01,4.985000000000000142e+01,5.086899999999999977e+01,6.000000000000000000e+01,0.000000000000000000e+00
1.940000000000000000e+03,2.139116145722958606e+00,-3.047137849134994081e+00,1.603872132511443382e+01,2.216189321803747336e-01,-1.107408626243685568e+01,4.985000000000000142e+01,5.086899999999999977e+01,6.000000000000000000e+01,0.000000000000000000e+00
1.941000000000000000e+03,1.926539507299757759e+00,-3.142828144691746761e+00,1.601991528300830581e+01,1.204306826984370832e-01,-1.107097831371523888e+01,4.985000000000000142e+01,5.090100000000000335e+01,6.000000000000000000e+01,0.000000000000000000e+00
1.942000000000000000e+03,2.093358151363336361e+00,-3.047137849134994081e+00,1.600168183209855854e+01,2.066852914045145262e-01,-1.106787112300474263e+01,4.985000000000000142e+01,5.086899999999999977e+01,6.000000000000000000e+01,0.000000000000000000e+00
1.943000000000000000e+03,2.069206623367863429e+00,-3.047137849134994081e+00,1.598344838118881128e+01,1.976615598719338729e-01,-1.106476546855788712e+01,4.985000000000000142e+01,5.086899999999999977e+01,6.000000000000000000e+01,0.000000000000000000e+00
1.944000000000000000e+03,2.233222197734868075e+00,-2.951447553578262717e+00,1.596578752147544478e+01,2.805443238913007398e-01,-1.106166209405361478e+01,4.985000000000000142e+01,5.083700000000000330e+01,6.000000000000000000e+01,0.000000000000000000e+00
1.945000000000000000e+03,2.775607577882006183e+00,-2.661386345171885104e+00,1.594986232882610722e+01,5.456933041489313574e-01,-1.105856170992114862e+01,4.985000000000000142e+01,5.074000000000000199e+01,6.000000000000000000e+01,0.000000000000000000e+00
1.946000000000000000e+03,3.683699567346591763e+00,-2.179944545652023447e+00,1.593681798563356011e+01,9.822911219794692173e-01,-1.105546499461441279e+01,4.985000000000000142e+01,5.057900000000000063e+01,6.000000000000000000e+01,0.000000000000000000e+00
1.947000000000000000e+03,3.630861497306726804e+00,-2.179944545652023447e+00,1.592377364244101301e+01,9.394049963565669348e-01,-1.105237259583882903e+01,4.985000000000000142e+01,5.057900000000000063e+01,6.000000000000000000e+01,0.000000000000000000e+00
1.948000000000000000e+03,3.767666282733708627e+00,-2.084254250095270766e+00,1.591130189044484666e+01,9.899037741164222748e-01,-1.104928513173229021e+01,4.985000000000000142e+01,5.054699999999999704e+01,6.000000000000000000e+01,0.000000000000000000e+00
1.949000000000000000e+03,3.715057981914464236e+00,-2.084254250095270766e+00,1.589883013844868032e+01,9.466852855630570884e-01,-1.104620319200200207e+01,4.985000000000000142e+01,5.054699999999999704e+01,6.000000000000000000e+01,0.000000000000000000e+00
1.950000000000000000e+03,3.664330482550454349e+00,-2.084254250095270766e+00,1.588635838645251397e+01,9.053536852120371847e-01,-1.104312733901882737e+01,4.985000000000000142e+01,5.054699999999999704e+01,6.000000000000000000e+01,0.000000000000000000e+00
1.951000000000000000e+03,3.239850043047381334e+00,-2.275634841208754811e+00,1.587274145206358611e+01,6.828015410632579663e-01,-1.104005810887070815e+01,4.985000000000000142e+01,5.061099999999999710e+01,6.000000000000000000e+01,0.000000000000000000e+00
1.952000000000000000e+03,3.575035405079280082e+00,-2.084254250095270766e+00,1.586026970006741976e+01,8.360159674838557597e-01,-1.103699601237672567e+01,4.985000000000000142e+01,5.054699999999999704e+01,6.000000000000000000e+01,0.000000000000000000e+00
1.953000000000000000e+03,2.959924052443751563e+00,-2.374315458501648379e+00,1.584606228100722447e+01,5.221187660013770770e-01,-1.103394153606320138e+01,4.985000000000000142e+01,5.064399999999999835e+01,6.000000000000000000e+01,0.000000000000000000e+00
1.954000000000000000e+03,3.495161915250960760e+00,-2.084254250095270766e+00,1.583359052901105812e+01,7.767207794384811681e-01,-1.103089514310330799e+01,4.985000000000000142e+01,5.054699999999999704e+01,6.000000000000000000e+01,0.000000000000000000e+00
1.955000000000000000e+03,2.507071915230131509e+00,-2.565696049615132424e+00,1.581823792755810132e+01,2.823873115086744101e-01,-1.102785727422151218e+01,4.985000000000000142e+01,5.070799999999999841e+01,6.000000000000000000e+01,0.000000000000000000e+00
1.956000000000000000e+03,2.670194824678585377e+00,-2.470005754058401060e+00,1.580345791730152527e+01,3.615710099996204407e-01,-1.102482834856415828e+01,4.985000000000000142e+01,5.067600000000000193e+01,6.000000000000000000e+01,0.000000000000000000e+00
1.957000000000000000e+03,2.079322229586026083e+00,-2.757076640728616468e+00,1.578696013345580695e+01,7.124750139631869095e-02,-1.102180876453748226e+01,4.985000000000000142e+01,5.077199999999999847e+01,6.000000000000000000e+01,0.000000000000000000e+00
1.958000000000000000e+03,1.681304887903531053e+00,-2.951447553578262717e+00,1.576929927374244045e+01,-1.177479316464176001e-01,-1.101879890061422884e+01,4.985000000000000142e+01,5.083700000000000330e+01,6.000000000000000000e+01,0.000000000000000000e+00
1.959000000000000000e+03,1.484009190249020449e+00,-3.047137849134994081e+00,1.575106582283269319e+01,-2.041196673386171390e-01,-1.101579911611006146e+01,4.985000000000000142e+01,5.086899999999999977e+01,6.000000000000000000e+01,0.000000000000000000e+00
1.960000000000000000e+03,1.477676821745058433e+00,-3.047137849134994081e+00,1.573283237192294592e+01,-1.952079491119996790e-01,-1.101280975193089340e+01,4.985000000000000142e+01,5.086899999999999977e+01,6.000000000000000000e+01,0.000000000000000000e+00
1.961000000000000000e+03,1.470944630476729742e+00,-3.047137849134994081e+00,1.571459892101319866e+01,-1.866853101092811884e-01,-1.100983113129219326e+01,4.985000000000000142e+01,5.086899999999999977e+01,6.000000000000000000e+01,0.000000000000000000e+00
1.962000000000000000e+03,1.463829297146409303e+00,-3.047137849134994081e+00,1.569636547010345140e+01,-1.785347634106982384e-01,-1.100686356041134850e+01,4.985000000000000142e+01,5.086899999999999977e+01,6.000000000000000000e+01,0.000000000000000000e+00
1.963000000000000000e+03,1.456346777151440008e+00,-3.047137849134994081e+00,1.567813201919370414e+01,-1.707400637332167070e-01,-1.100390732917405323e+01,4.985000000000000142e+01,5.086899999999999977e+01,6.000000000000000000e+01,0.000000000000000000e+00
1.964000000000000000e+03,1.448512332322058782e+00,-3.047137849134994081e+00,1.565989856828395688e+01,-1.632856750512042543e-01,-1.100096271177569918e+01,4.985000000000000142e+01,5.086899999999999977e+01,6.000000000000000000e+01,0.000000000000000000e+00
1.965000000000000000e+03,1.440340561269731978e+00,-3.047137849134994081e+00,1.564166511737420961e+01,-1.561567396307610434e-01,-1.099802996733872185e+01,4.985000000000000142e+01,5.086899999999999977e+01,6.000000000000000000e+01,0.000000000000000000e+00
1.966000000000000000e+03,1.431845428406727905e+00,-3.047137849134994081e+00,1.562343166646446235e+01,-1.493390484159893561e-01,-1.099510934050675104e+01,4.985000000000000142e+01,5.086899999999999977e+01,6.000000000000000000e+01,0.000000000000000000e+00
1.967000000000000000e+03,1.423040291695075510e+00,-3.047137849134994081e+00,1.560519821555471509e+01,-1.428190127081774008e-01,-1.099220106201646807e+01,4.985000000000000142e+01,5.086899999999999977e+01,6.000000000000000000e+01,0.000000000000000000e+00
1.968000000000000000e+03,1.413937929180539399e+00,-3.047137849134994081e+00,1.558696476464496783e+01,-1.365836370814497158e-01,-1.098930534924798330e+01,4.985000000000000142e+01,5.086899999999999977e+01,6.000000000000000000e+01,0.000000000000000000e+00
1.969000000000000000e+03,1.973744783992264828e+00,-2.757076640728616468e+00,1.557046698079924951e+01,1.467768506761707170e-01,-1.098642240675453863e+01,4.985000000000000142e+01,5.077199999999999847e+01,6.000000000000000000e+01,0.000000000000000000e+00
1.970000000000000000e+03,2.898453853084706822e+00,-2.275634841208754811e+00,1.555685004641032165e+01,6.007910746554276926e-01,-1.098355242677228816e+01,4.985000000000000142e+01,5.061099999999999710e+01,6.000000000000000000e+01,0.000000000000000000e+00
1.971000000000000000e+03,3.237014473807430903e+00,-2.084254250095270766e+00,1.554437829441415531e+01,7.575860191994830961e-01,-1.098069558971093684e+01,4.985000000000000142e+01,5.054699999999999704e+01,6.000000000000000000e+01,0.000000000000000000e+00
1.972000000000000000e+03,3.194310584841991485e+00,-2.084254250095270766e+00,1.553190654241798896e+01,7.245103571451715352e-01,-1.097785206462589791e+01,4.985000000000000142e+01,5.054699999999999704e+01,6.000000000000000000e+01,0.000000000000000000e+00
1.973000000000000000e+03,3.153037285419268088e+00,-2.084254250095270766e+00,1.551943479042182261e+01,6.928787547654128298e-01,-1.097502200967269737e+01,4.985000000000000142e+01,5.054699999999999704e+01,6.000000000000000000e+01,0.000000000000000000e+00
1.974000000000000000e+03,3.300906793897583569e+00,-1.988563954538539402e+00,1.550753562962203702e+01,7.541406913583592608e-01,-1.097220557254427220e+01,4.985000000000000142e+01,5.051500000000000057e+01,6.000000000000000000e+01,0.000000000000000000e+00
1.975000000000000000e+03,4.203630118186289621e+00,-1.507122155018677967e+00,1.549851731827904189e+01,1.181637845817721910e+00,-1.096940289089179643e+01,4.985000000000000142e+01,5.035399999999999920e+01,6.000000000000000000e+01,0.000000000000000000e+00
1.976000000000000000e+03,4.527229951411550601e+00,-1.312751242169052812e+00,1.549066208280369494e+01,1.315933203506567395e+00,-1.096661409272965848e+01,4.985000000000000142e+01,5.028900000000000148e+01,6.000000000000000000e+01,0.000000000000000000e+00
1.977000000000000000e+03,4.652472224976564874e+00,-1.217060946612300132e+00,1.548337943852472876e+01,1.349993029889298812e+00,-1.096383929682516367e+01,4.985000000000000142e+01,5.025699999999999790e+01,6.000000000000000000e+01,0.000000000000000000e+00
1.978000000000000000e+03,4.776785950002015113e+00,-1.121370651055568768e+00,1.547666938544214332e+01,1.382565828688985032e+00,-1.096107861307354447e+01,4.985000000000000142e+01,5.022500000000000142e+01,6.000000000000000000e+01,0.000000000000000000e+00
1.979000000000000000e+03,4.712460535000708717e+00,-1.121370651055568768e+00,1.546995933235955789e+01,1.322203996555550543e+00,-1.095833214285883095e+01,4.985000000000000142e+01,5.022500000000000142e+01,6.000000000000000000e+01,0.000000000000000000e+00
1.980000000000000000e+03,4.650756167525686990e+00,-1.121370651055568768e+00,1.546324927927697246e+01,1.264477518705361847e+00,-1.095559997940107877e+01,4.985000000000000142e+01,5.022500000000000142e+01,6.000000000000000000e+01,0.000000000000000000e+00
1.981000000000000000e+03,4.028231466527705251e+00,-1.408441537725784176e+00,1.545482145260524476e+01,9.347337597387468389e-01,-1.095288220809050195e+01,4.985000000000000142e+01,5.032099999999999795e+01,6.000000000000000000e+01,0.000000000000000000e+00
1.982000000000000000e+03,4.169472548489729036e+00,-1.312751242169052812e+00,1.544696621712989781e+01,9.854364803378518056e-01,-1.095017890680896677e+01,4.985000000000000142e+01,5.028900000000000148e+01,6.000000000000000000e+01,0.000000000000000000e+00
1.983000000000000000e+03,3.176537578923175786e+00,-1.794193041688914469e+00,1.543623013219776041e+01,4.819906346536733666e-01,-1.094749014623934436e+01,4.985000000000000142e+01,5.045000000000000284e+01,6.000000000000000000e+01,0.000000000000000000e+00
1.984000000000000000e+03,3.710758522753106803e+00,-1.507122155018677967e+00,1.542721182085476528e+01,7.354848470801546023e-01,-1.094481599016313567e+01,4.985000000000000142e+01,5.035399999999999920e+01,6.000000000000000000e+01,0.000000000000000000e+00
1.985000000000000000e+03,3.484513552429284289e+00,-1.602812450575430425e+00,1.541762091831538939e+01,6.118615804361865473e-01,-1.094215649574686111e+01,4.985000000000000142e+01,5.038600000000000279e+01,6.000000000000000000e+01,0.000000000000000000e+00
1.986000000000000000e+03,3.075303168887403515e+00,-1.794193041688914469e+00,1.540688483338325199e+01,4.021230910106454726e-01,-1.093951171381758058e+01,4.985000000000000142e+01,5.045000000000000284e+01,6.000000000000000000e+01,0.000000000000000000e+00
1.987000000000000000e+03,2.668221896035063878e+00,-1.988563954538539402e+00,1.539498567258346640e+01,1.986818671181080631e-01,-1.093688168912797032e+01,4.985000000000000142e+01,5.051500000000000057e+01,6.000000000000000000e+01,0.000000000000000000e+00
1.988000000000000000e+03,2.843907050287697302e+00,-1.889883337245645611e+00,1.538367699645494824e+01,2.843798516897676487e-01,-1.093426646061137220e+01,4.985000000000000142e+01,5.048199999999999932e+01,6.000000000000000000e+01,0.000000000000000000e+00
1.989000000000000000e+03,2.441364145885321690e+00,-2.084254250095270766e+00,1.537120524445878189e+01,8.607921314894037557e-02,-1.093166606162712995e+01,4.985000000000000142e+01,5.054699999999999704e+01,6.000000000000000000e+01,0.000000000000000000e+00
1.990000000000000000e+03,2.427719778632669190e+00,-2.084254250095270766e+00,1.535873349246261554e+01,8.232105646196261062e-02,-1.092908052019663856e+01,4.985000000000000142e+01,5.054699999999999704e+01,6.000000000000000000e+01,0.000000000000000000e+00
1.991000000000000000e+03,2.414224609340358541e+00,-2.084254250095270766e+00,1.534626174046644920e+01,7.872697819958007770e-02,-1.092650985923039997e+01,4.985000000000000142e+01,5.054699999999999704e+01,6.000000000000000000e+01,0.000000000000000000e+00
1.992000000000000000e+03,2.400871456444049201e+00,-2.084254250095270766e+00,1.533378998847028285e+01,7.528981481549602839e-02,-1.092395409674645990e+01,4.985000000000000142e+01,5.054699999999999704e+01,6.000000000000000000e+01,0.000000000000000000e+00
1.993000000000000000e+03,2.387653455817030590e+00,-2.084254250095270766e+00,1.532131823647411650e+01,7.200271551870537912e-02,-1.092141324608052066e+01,4.985000000000000142e+01,5.054699999999999704e+01,6.000000000000000000e+01,0.000000000000000000e+00
1.994000000000000000e+03,2.374564046913443249e+00,-2.084254250095270766e+00,1.530884648447795016e+01,6.885912861882313718e-02,-1.091888731608806040e+01,4.985000000000000142e+01,5.054699999999999704e+01,6.000000000000000000e+01,0.000000000000000000e+00
1.995000000000000000e+03,2.361596959515340544e+00,-2.084254250095270766e+00,1.529637473248178381e+01,6.585278846756587035e-02,-1.091637631133873931e+01,4.985000000000000142e+01,5.054699999999999704e+01,6.000000000000000000e+01,0.000000000000000000e+00
1.996000000000000000e+03,2.348746201057315020e+00,-2.084254250095270766e+00,1.528390298048561746e+01,6.297770297035878984e-02,-1.091388023230339144e+01,4.985000000000000142e+01,5.054699999999999704e+01,6.000000000000000000e+01,0.000000000000000000e+00
1.997000000000000000e+03,1.960455219182257736e+00,-2.275634841208754811e+00,1.527028604609668960e+01,-1.227969101717955314e-01,-1.091139907553388255e+01,4.985000000000000142e+01,5.061099999999999710e+01,6.000000000000000000e+01,0.000000000000000000e+00
1.998000000000000000e+03,2.330216576807561779e+00,-2.084254250095270766e+00,1.525781429410052326e+01,6.558936663838983716e-02,-1.090893283383608114e+01,4.985000000000000142e+01,5.054699999999999704e+01,6.000000000000000000e+01,0.000000000000000000e+00
1.999000000000000000e+03,1.560362945233999099e+00,-2.470005754058401060e+00,1.524303428384394721e+01,-3.061840881153201632e-01,-1.090648149643622666e+01,4.985000000000000142e+01,5.067600000000000193e+01,6.000000000000000000e+01,0.000000000000000000e+00
2.000000000000000000e+03,1.373611747221884727e+00,-2.565696049615132424e+00,1.522768168239099040e+01,-3.843288364130523771e-01,-1.090404504914092065e+01,4.985000000000000142e+01,5.070799999999999841e+01,6.000000000000000000e+01,0.000000000000000000e+00
2.001000000000000000e+03,1.946654461300392214e+00,-2.275634841208754811e+00,1.521406474800206254e+01,-9.015197100193611535e-02,-1.090162347449098057e+01,4.985000000000000142e+01,5.061099999999999710e+01,6.000000000000000000e+01,0.000000000000000000e+00
2.002000000000000000e+03,1.939380219865796562e+00,-2.275634841208754811e+00,1.520044781361313468e+01,-8.621600062917111895e-02,-1.089921675190941208e+01,4.985000000000000142e+01,5.061099999999999710e+01,6.000000000000000000e+01,0.000000000000000000e+00
2.003000000000000000e+03,1.362725088645360572e+00,-2.565696049615132424e+00,1.518509521216017788e+01,-3.598492160560186059e-01,-1.089682485784366683e+01,4.985000000000000142e+01,5.070799999999999841e+01,6.000000000000000000e+01,0.000000000000000000e+00
2.004000000000000000e+03,9.899095124050045769e-01,-2.757076640728616468e+00,1.516859742831445956e+01,-5.271635092783835130e-01,-1.089444776590245567e+01,4.985000000000000142e+01,5.077199999999999847e+01,6.000000000000000000e+01,0.000000000000000000e+00
2.005000000000000000e+03,6.173708210995592083e-01,-2.951447553578262717e+00,1.515093656860109306e+01,-6.900327469359806010e-01,-1.089208544698729142e+01,4.985000000000000142e+01,5.083700000000000330e+01,6.000000000000000000e+01,0.000000000000000000e+00
2.006000000000000000e+03,4.444084609485621229e-01,-3.047137849134994081e+00,1.513270311769134580e+01,-7.514189381888396468e-01,-1.088973786941894950e+01,4.985000000000000142e+01,5.086899999999999977e+01,6.000000000000000000e+01,0.000000000000000000e+00
2.007000000000000000e+03,4.613142921207664671e-01,-3.047137849134994081e+00,1.511446966678159853e+01,-7.186125264667677648e-01,-1.088740499905907022e+01,4.985000000000000142e+01,5.086899999999999977e+01,6.000000000000000000e+01,0.000000000000000000e+00
2.008000000000000000e+03,4.767731481668882054e-01,-3.047137849134994081e+00,1.509623621587185127e+01,-6.872384191429218303e-01,-1.088508679942704660e+01,4.985000000000000142e+01,5.086899999999999977e+01,6.000000000000000000e+01,0.000000000000000000e+00
2.009000000000000000e+03,4.908476011798050820e-01,-3.047137849134994081e+00,1.507800276496210401e+01,-6.572340828349081399e-01,-1.088278323181239671e+01,4.985000000000000142e+01,5.086899999999999977e+01,6.000000000000000000e+01,0.000000000000000000e+00
2.010000000000000000e+03,5.035974952116255565e-01,-3.047137849134994081e+00,1.505976931405235675e+01,-6.285397143229427552e-01,-1.088049425538279458e+01,4.985000000000000142e+01,5.086899999999999977e+01,6.000000000000000000e+01,0.000000000000000000e+00
2.011000000000000000e+03,1.647600522976093274e+00,-2.470005754058401060e+00,1.504498930379578070e+01,-4.916319947339031771e-02,-1.087821982728789472e+01,4.985000000000000142e+01,5.067600000000000193e+01,6.000000000000000000e+01,0.000000000000000000e+00
2.012000000000000000e+03,2.206421086891728223e+00,-2.179944545652023447e+00,1.503194496060323360e+01,2.303805746996532289e-01,-1.087595990275913493e+01,4.985000000000000142e+01,5.057900000000000063e+01,6.000000000000000000e+01,0.000000000000000000e+00
2.013000000000000000e+03,2.373339373312655098e+00,-2.084254250095270766e+00,1.501947320860706725e+01,3.118348500065174500e-01,-1.087371443520565961e+01,4.985000000000000142e+01,5.054699999999999704e+01,6.000000000000000000e+01,0.000000000000000000e+00
2.014000000000000000e+03,2.349484194395976999e+00,-2.084254250095270766e+00,1.500700145661090090e+01,2.982203641868462762e-01,-1.087148337630650019e+01,4.985000000000000142e+01,5.054699999999999704e+01,6.000000000000000000e+01,0.000000000000000000e+00
2.015000000000000000e+03,2.513984468130987082e+00,-1.988563954538539402e+00,1.499510229581111531e+01,3.767128029575763648e-01,-1.086926667609916386e+01,4.985000000000000142e+01,5.051500000000000057e+01,6.000000000000000000e+01,0.000000000000000000e+00
2.016000000000000000e+03,2.300065277007380615e+00,-2.084254250095270766e+00,1.498263054381494896e+01,2.687532663524590526e-01,-1.086706428306475658e+01,4.985000000000000142e+01,5.054699999999999704e+01,6.000000000000000000e+01,0.000000000000000000e+00
2.017000000000000000e+03,2.278048089079174332e+00,-2.084254250095270766e+00,1.497015879181878262e+01,2.570196915654543446e-01,-1.086487614420979142e+01,4.985000000000000142e+01,5.054699999999999704e+01,6.000000000000000000e+01,0.000000000000000000e+00
2.018000000000000000e+03,2.256528980817765984e+00,-2.084254250095270766e+00,1.495768703982261627e+01,2.457983962351825424e-01,-1.086270220514476215e+01,4.985000000000000142e+01,5.054699999999999704e+01,6.000000000000000000e+01,0.000000000000000000e+00
2.019000000000000000e+03,2.235485642179629195e+00,-2.084254250095270766e+00,1.494521528782644992e+01,2.350670146081069722e-01,-1.086054241015965793e+01,4.985000000000000142e+01,5.054699999999999704e+01,6.000000000000000000e+01,0.000000000000000000e+00
2.020000000000000000e+03,2.402672153502555474e+00,-1.988563954538539402e+00,1.493331612702666433e+01,3.163166833109197773e-01,-1.085839670229648846e+01,4.985000000000000142e+01,5.051500000000000057e+01,6.000000000000000000e+01,0.000000000000000000e+00
2.021000000000000000e+03,2.760513319100979857e+00,-1.794193041688914469e+00,1.492258004209452693e+01,4.883913421143265543e-01,-1.085626502341895971e+01,4.985000000000000142e+01,5.045000000000000284e+01,6.000000000000000000e+01,0.000000000000000000e+00
2.022000000000000000e+03,2.349153320750135165e+00,-1.988563954538539402e+00,1.491068088129474134e+01,2.811837082733361637e-01,-1.085414731427940183e+01,4.985000000000000142e+01,5.051500000000000057e+01,6.000000000000000000e+01,0.000000000000000000e+00
2.023000000000000000e+03,2.520725074990155079e+00,-1.889883337245645611e+00,1.489937220516622318e+01,3.632797216526125195e-01,-1.085204351458303407e+01,4.985000000000000142e+01,5.048199999999999932e+01,6.000000000000000000e+01,0.000000000000000000e+00
2.024000000000000000e+03,2.495645818389302661e+00,-1.889883337245645611e+00,1.488806352903770502e+01,3.474191896469363550e-01,-1.084995356304969327e+01,4.985000000000000142e+01,5.048199999999999932e+01,6.000000000000000000e+01,0.000000000000000000e+00
2.025000000000000000e+03,2.277601840973368041e+00,-1.988563954538539402e+00,1.487616436823791943e+01,2.378788247471006478e-01,-1.084787739747311264e+01,4.985000000000000142e+01,5.051500000000000057e+01,6.000000000000000000e+01,0.000000000000000000e+00
2.026000000000000000e+03,2.451022898357186008e+00,-1.889883337245645611e+00,1.486485569210940128e+01,3.218654982712521595e-01,-1.084581495477782198e+01,4.985000000000000142e+01,5.048199999999999932e+01,6.000000000000000000e+01,0.000000000000000000e+00
2.027000000000000000e+03,3.748006459476368235e+00,-1.217060946612300132e+00,1.485757304783043509e+01,9.512605293320314237e-01,-1.084376617107379914e+01,4.985000000000000142e+01,5.025699999999999790e+01,6.000000000000000000e+01,0.000000000000000000e+00
2.028000000000000000e+03,3.889003065011490179e+00,-1.121370651055568768e+00,1.485086299474784965e+01,1.001241703028126651e+00,-1.084173098170891691e+01,4.985000000000000142e+01,5.022500000000000142e+01,6.000000000000000000e+01,0.000000000000000000e+00
2.029000000000000000e+03,3.840601177923490539e+00,-1.121370651055568768e+00,1.484415294166526422e+01,9.575282086330808573e-01,-1.083970932131928500e+01,4.985000000000000142e+01,5.022500000000000142e+01,6.000000000000000000e+01,0.000000000000000000e+00
2.030000000000000000e+03,3.794094327689794710e+00,-1.121370651055568768e+00,1.483744288858267879e+01,9.157232140402771225e-01,-1.083770112387759177e+01,4.985000000000000142e+01,5.022500000000000142e+01,6.000000000000000000e+01,0.000000000000000000e+00
2.031000000000000000e+03,3.749399257222702175e+00,-1.121370651055568768e+00,1.483073283550009336e+01,8.757433955176375795e-01,-1.083570632273946011e+01,4.985000000000000142e+01,5.022500000000000142e+01,6.000000000000000000e+01,0.000000000000000000e+00
2.032000000000000000e+03,3.706436347861414404e+00,-1.121370651055568768e+00,1.482402278241750793e+01,8.375090671874448889e-01,-1.083372485068796998e+01,4.985000000000000142e+01,5.022500000000000142e+01,6.000000000000000000e+01,0.000000000000000000e+00
2.033000000000000000e+03,4.422099092791357933e+00,-7.356191470924384745e-01,1.481962098759533220e+01,1.169853892264798523e+00,-1.083175663997633364e+01,4.985000000000000142e+01,5.009599999999999653e+01,6.000000000000000000e+01,0.000000000000000000e+00
2.034000000000000000e+03,4.749996140940274003e+00,-5.412482342428134308e-01,1.481638226864080465e+01,1.304663728911151788e+00,-1.082980162236886912e+01,4.985000000000000142e+01,5.003099999999999881e+01,6.000000000000000000e+01,0.000000000000000000e+00
2.035000000000000000e+03,5.448708265112983895e+00,-1.554967302797043427e-01,1.481545180794668681e+01,1.616612916626279706e+00,-1.082785972918027895e+01,4.985000000000000142e+01,4.990200000000000102e+01,6.000000000000000000e+01,0.000000000000000000e+00
2.036000000000000000e+03,4.052962630298843294e+00,-8.313094426491911548e-01,1.481047742192813033e+01,8.997255423332453095e-01,-1.082593089131334096e+01,4.985000000000000142e+01,5.012800000000000011e+01,6.000000000000000000e+01,0.000000000000000000e+00
2.037000000000000000e+03,4.955367769593554073e+00,-3.498676431293294975e-01,1.480838388536636430e+01,1.320866566651556884e+00,-1.082401503929503761e+01,4.985000000000000142e+01,4.996699999999999875e+01,6.000000000000000000e+01,0.000000000000000000e+00
2.038000000000000000e+03,4.897509082395481883e+00,-3.498676431293294975e-01,1.480629034880459827e+01,1.263198480031413107e+00,-1.082211210331120022e+01,4.985000000000000142e+01,4.996699999999999875e+01,6.000000000000000000e+01,0.000000000000000000e+00
2.039000000000000000e+03,5.029930709232445452e+00,-2.541773475725981335e-01,1.480476940343921299e+01,1.299560666605558135e+00,-1.082022201323972688e+01,4.985000000000000142e+01,4.993500000000000227e+01,6.000000000000000000e+01,0.000000000000000000e+00
2.040000000000000000e+03,4.410222954132123618e+00,-5.412482342428134308e-01,1.480153068448468545e+01,9.682852025726664813e-01,-1.081834469868241477e+01,4.985000000000000142e+01,5.003099999999999881e+01,6.000000000000000000e+01,0.000000000000000000e+00
2.041000000000000000e+03,3.985155400667286685e+00,-7.356191470924384745e-01,1.479712888966250972e+01,7.401257470926874138e-01,-1.081648008899547087e+01,4.985000000000000142e+01,5.009599999999999653e+01,6.000000000000000000e+01,0.000000000000000000e+00
2.042000000000000000e+03,3.950292222420515031e+00,-7.356191470924384745e-01,1.479272709484033399e+01,7.078123879913671423e-01,-1.081462811331874718e+01,4.985000000000000142e+01,5.009599999999999653e+01,6.000000000000000000e+01,0.000000000000000000e+00
2.043000000000000000e+03,4.486021478914009819e+00,-4.455579386860820668e-01,1.479006096708218720e+01,9.543071511216514313e-01,-1.081278870060374686e+01,4.985000000000000142e+01,4.999900000000000233e+01,6.000000000000000000e+01,0.000000000000000000e+00
2.044000000000000000e+03,5.012712126213774155e+00,-1.554967302797043427e-01,1.478913050638806936e+01,1.190040129745861597e+00,-1.081096177964045246e+01,4.985000000000000142e+01,4.990200000000000102e+01,6.000000000000000000e+01,0.000000000000000000e+00
2.045000000000000000e+03,4.204670235540369561e+00,-5.412482342428134308e-01,1.478589178743354182e+01,7.691739614326542629e-01,-1.080914727908301387e+01,4.985000000000000142e+01,5.003099999999999881e+01,6.000000000000000000e+01,0.000000000000000000e+00
2.046000000000000000e+03,4.926621717184339388e+00,-1.554967302797043427e-01,1.478496132673942398e+01,1.104502248198971026e+00,-1.080734512747435083e+01,4.985000000000000142e+01,4.990200000000000102e+01,6.000000000000000000e+01,0.000000000000000000e+00
2.047000000000000000e+03,4.685615960677576908e+00,-2.541773475725981335e-01,1.478344038137403871e+01,9.619081801458330139e-01,-1.080555525326969679e+01,4.985000000000000142e+01,4.993500000000000227e+01,6.000000000000000000e+01,0.000000000000000000e+00
2.048000000000000000e+03,4.837519857022455128e+00,-1.554967302797043427e-01,1.478250992067992087e+01,1.014284251481371912e+00,-1.080377758485913375e+01,4.985000000000000142e+01,4.990200000000000102e+01,6.000000000000000000e+01,0.000000000000000000e+00
2.049000000000000000e+03,4.794072007895408660e+00,-1.554967302797043427e-01,1.478157945998580303e+01,9.700013287784722271e-01,-1.080201205058916258e+01,4.985000000000000142e+01,4.990200000000000102e+01,6.000000000000000000e+01,0.000000000000000000e+00
2.050000000000000000e+03,4.940320869598474829e+00,-5.980643472295177343e-02,1.478122159048806594e+01,1.019164292616685286e+00,-1.080025857878332474e+01,4.985000000000000142e+01,4.986999999999999744e+01,6.000000000000000000e+01,0.000000000000000000e+00
2.051000000000000000e+03,4.709433086663905144e+00,-1.554967302797043427e-01,1.478029112979394810e+01,8.831557849115960757e-01,-1.079851709776193402e+01,4.985000000000000142e+01,4.990200000000000102e+01,6.000000000000000000e+01,0.000000000000000000e+00
2.052000000000000000e+03,4.671674239937805950e+00,-1.554967302797043427e-01,1.477936066909983026e+01,8.445978369786174556e-01,-1.079678753586093798e+01,4.985000000000000142e+01,4.990200000000000102e+01,6.000000000000000000e+01,0.000000000000000000e+00
2.053000000000000000e+03,4.441943563758083968e+00,-2.541773475725981335e-01,1.477783972373444499e+01,7.133510090461893105e-01,-1.079506982144995142e+01,4.985000000000000142e+01,4.993500000000000227e+01,6.000000000000000000e+01,0.000000000000000000e+00
2.054000000000000000e+03,4.410984163644934952e+00,-2.541773475725981335e-01,1.477631877836905971e+01,6.822066157979539414e-01,-1.079336388294948001e+01,4.985000000000000142e+01,4.993500000000000227e+01,6.000000000000000000e+01,0.000000000000000000e+00
2.055000000000000000e+03,4.381372800997509032e+00,-2.541773475725981335e-01,1.477479783300367444e+01,6.524219644138222751e-01,-1.079166964884738888e+01,4.985000000000000142e+01,4.993500000000000227e+01,6.000000000000000000e+01,0.000000000000000000e+00
2.056000000000000000e+03,4.165274769230062901e+00,-3.498676431293294975e-01,1.477270429644190841e+01,5.324251636321030157e-01,-1.078998704771461981e+01,4.985000000000000142e+01,4.996699999999999875e+01,6.000000000000000000e+01,0.000000000000000000e+00
2.057000000000000000e+03,3.953831558856077066e+00,-4.455579386860820668e-01,1.477003816868376163e+01,4.176673370785951578e-01,-1.078831600822019787e+01,4.985000000000000142e+01,4.999900000000000233e+01,6.000000000000000000e+01,0.000000000000000000e+00
2.058000000000000000e+03,3.934589923898787589e+00,-4.455579386860820668e-01,1.476737204092561484e+01,3.994322808048094697e-01,-1.078665645914555427e+01,4.985000000000000142e+01,4.999900000000000233e+01,6.000000000000000000e+01,0.000000000000000000e+00
2.059000000000000000e+03,4.485327218715536191e+00,-1.554967302797043427e-01,1.476644158023149700e+01,6.593906981619342966e-01,-1.078500832939818999e+01,4.985000000000000142e+01,4.990200000000000102e+01,6.000000000000000000e+01,0.000000000000000000e+00
2.060000000000000000e+03,4.457245014605051736e+00,-1.554967302797043427e-01,1.476551111953737916e+01,6.306021733720941214e-01,-1.078337154802471609e+01,4.985000000000000142e+01,4.990200000000000102e+01,6.000000000000000000e+01,0.000000000000000000e+00
2.061000000000000000e+03,4.430408419260013275e+00,-1.554967302797043427e-01,1.476458065884326132e+01,6.030705349197249543e-01,-1.078174604422326865e+01,4.985000000000000142e+01,4.990200000000000102e+01,6.000000000000000000e+01,0.000000000000000000e+00
2.062000000000000000e+03,4.404762628563192450e+00,-1.554967302797043427e-01,1.476365019814914348e+01,5.767409080491089357e-01,-1.078013174735535529e+01,4.985000000000000142e+01,4.990200000000000102e+01,6.000000000000000000e+01,0.000000000000000000e+00
2.063000000000000000e+03,4.380255234015198340e+00,-1.554967302797043427e-01,1.476271973745502564e+01,5.515608137969919555e-01,-1.077852858695711546e+01,4.985000000000000142e+01,4.990200000000000102e+01,6.000000000000000000e+01,0.000000000000000000e+00
2.064000000000000000e+03,4.356836118125123392e+00,-1.554967302797043427e-01,1.476178927676090780e+01,5.274800643940035227e-01,-1.077693649275008347e+01,4.985000000000000142e+01,4.990200000000000102e+01,6.000000000000000000e+01,0.000000000000000000e+00
2.065000000000000000e+03,5.091426986656552245e+00,2.302547736834046899e-01,1.476316707432719788e+01,8.733605332973233271e-01,-1.077535539465137227e+01,4.985000000000000142e+01,4.977300000000000324e+01,6.000000000000000000e+01,0.000000000000000000e+00
2.066000000000000000e+03,6.000989706764215725e+00,7.116965732032662917e-01,1.476742572135027842e+01,1.295652634994085561e+00,-1.077378522278341322e+01,4.985000000000000142e+01,4.961200000000000188e+01,6.000000000000000000e+01,0.000000000000000000e+00
2.067000000000000000e+03,6.138015817293982934e+00,8.073868687600188609e-01,1.477225695956973972e+01,1.330597896447407225e+00,-1.077222590748318254e+01,4.985000000000000142e+01,4.957999999999999829e+01,6.000000000000000000e+01,0.000000000000000000e+00
2.068000000000000000e+03,6.086302634188545113e+00,8.073868687600188609e-01,1.477708819778920102e+01,1.272504946950297144e+00,-1.077067737931097113e+01,4.985000000000000142e+01,4.957999999999999829e+01,6.000000000000000000e+01,0.000000000000000000e+00
2.069000000000000000e+03,6.037115029658339793e+00,8.073868687600188609e-01,1.478191943600866232e+01,1.216948293948382220e+00,-1.076913956905872460e+01,4.985000000000000142e+01,4.957999999999999829e+01,6.000000000000000000e+01,0.000000000000000000e+00
2.070000000000000000e+03,5.990342339786597137e+00,8.073868687600188609e-01,1.478675067422812361e+01,1.163817204556394813e+00,-1.076761240775794093e+01,4.985000000000000142e+01,4.957999999999999829e+01,6.000000000000000000e+01,0.000000000000000000e+00
2.071000000000000000e+03,6.133654147588414318e+00,9.030771643167502249e-01,1.479215450364396567e+01,1.204518306314866560e+00,-1.076609582668716847e+01,4.985000000000000142e+01,4.954800000000000182e+01,6.000000000000000000e+01,0.000000000000000000e+00
2.072000000000000000e+03,6.275751053922919098e+00,9.987674598735027942e-01,1.479813092425618848e+01,1.243442427172332998e+00,-1.076458975737910428e+01,4.985000000000000142e+01,4.951599999999999824e+01,6.000000000000000000e+01,0.000000000000000000e+00
2.073000000000000000e+03,5.853384470725867317e+00,8.073868687600188609e-01,1.480296216247564978e+01,1.006129571117515331e+00,-1.076309413162731587e+01,4.985000000000000142e+01,4.957999999999999829e+01,6.000000000000000000e+01,0.000000000000000000e+00
2.074000000000000000e+03,5.815774063871101518e+00,8.073868687600188609e-01,1.480779340069511107e+01,9.622026759085771097e-01,-1.076160888149260764e+01,4.985000000000000142e+01,4.957999999999999829e+01,6.000000000000000000e+01,0.000000000000000000e+00
2.075000000000000000e+03,5.592295753133242897e+00,7.116965732032662917e-01,1.481205204771819162e+01,8.286810715208107192e-01,-1.076013393930902495e+01,4.985000000000000142e+01,4.961200000000000188e+01,6.000000000000000000e+01,0.000000000000000000e+00
2.076000000000000000e+03,5.561839480745604192e+00,7.116965732032662917e-01,1.481631069474127216e+01,7.925014504905948387e-01,-1.075866923768952788e+01,4.985000000000000142e+01,4.961200000000000188e+01,6.000000000000000000e+01,0.000000000000000000e+00
2.077000000000000000e+03,4.775982978905030762e+00,3.259450692401572591e-01,1.481826108350394300e+01,3.889915356922801215e-01,-1.075721470953135039e+01,4.985000000000000142e+01,4.974099999999999966e+01,6.000000000000000000e+01,0.000000000000000000e+00
2.078000000000000000e+03,4.193200478191293712e+00,3.588386083377956282e-02,1.481847580520258489e+01,9.461110017597162969e-02,-1.075577028802104174e+01,4.985000000000000142e+01,4.983800000000000097e+01,6.000000000000000000e+01,0.000000000000000000e+00
2.079000000000000000e+03,3.815168103197331462e+00,-1.554967302797043427e-01,1.481754534450846705e+01,-9.254460439222067514e-02,-1.075433590663921102e+01,4.985000000000000142e+01,4.990200000000000102e+01,6.000000000000000000e+01,0.000000000000000000e+00
2.080000000000000000e+03,3.819702481007380968e+00,-1.554967302797043427e-01,1.481661488381434921e+01,-8.850417336227442422e-02,-1.075291149916498945e+01,4.985000000000000142e+01,4.990200000000000102e+01,6.000000000000000000e+01,0.000000000000000000e+00
2.081000000000000000e+03,3.824050548508090230e+00,-1.554967302797043427e-01,1.481568442312023137e+01,-8.464014465221453287e-02,-1.075149699968022254e+01,4.985000000000000142e+01,4.990200000000000102e+01,6.000000000000000000e+01,0.000000000000000000e+00
2.082000000000000000e+03,3.828220072909703120e+00,-1.554967302797043427e-01,1.481475396242611353e+01,-8.094481666331782010e-02,-1.075009234257338875e+01,4.985000000000000142e+01,4.990200000000000102e+01,6.000000000000000000e+01,0.000000000000000000e+00
2.083000000000000000e+03,3.832218484865881791e+00,-1.554967302797043427e-01,1.481382350173199569e+01,-7.741082404313572030e-02,-1.074869746254327296e+01,4.985000000000000142e+01,4.990200000000000102e+01,6.000000000000000000e+01,0.000000000000000000e+00
2.084000000000000000e+03,3.642409498844285665e+00,-2.541773475725981335e-01,1.481230255636661042e+01,-1.684034153473219497e-01,-1.074731229460240378e+01,4.985000000000000142e+01,4.993500000000000227e+01,6.000000000000000000e+01,0.000000000000000000e+00
2.085000000000000000e+03,3.843259840597283983e+00,-1.554967302797043427e-01,1.481137209567249258e+01,-6.667875071526778441e-02,-1.074593677408023673e+01,4.985000000000000142e+01,4.990200000000000102e+01,6.000000000000000000e+01,0.000000000000000000e+00
2.086000000000000000e+03,3.846606463773595053e+00,-1.554967302797043427e-01,1.481044163497837474e+01,-6.376760429892776305e-02,-1.074457083662614743e+01,4.985000000000000142e+01,4.990200000000000102e+01,6.000000000000000000e+01,0.000000000000000000e+00
2.087000000000000000e+03,2.905071424397215551e+00,-6.369385297995660000e-01,1.480663032482746644e+01,-5.214059524185140626e-01,-1.074321441821217071e+01,4.985000000000000142e+01,5.006300000000000239e+01,6.000000000000000000e+01,0.000000000000000000e+00
2.088000000000000000e+03,2.168401654825199643e+00,-1.022690033762674977e+00,1.480051075641614844e+01,-8.675516126927009797e-01,-1.074186745513557284e+01,4.985000000000000142e+01,5.019200000000000017e+01,6.000000000000000000e+01,0.000000000000000000e+00
2.089000000000000000e+03,2.007852944191393263e+00,-1.121370651055568768e+00,1.479380070333356301e+01,-9.240472240653995195e-01,-1.074052988402120157e+01,4.985000000000000142e+01,5.022500000000000142e+01,6.000000000000000000e+01,0.000000000000000000e+00
2.090000000000000000e+03,2.424233179101369373e+00,-9.269997382059224078e-01,1.478825372611862576e+01,-6.978191669876810943e-01,-1.073920164182365333e+01,4.985000000000000142e+01,5.015999999999999659e+01,6.000000000000000000e+01,0.000000000000000000e+00
2.091000000000000000e+03,2.262696049387756148e+00,-1.022690033762674977e+00,1.478213415770730776e+01,-7.588654087276126559e-01,-1.073788266582926454e+01,4.985000000000000142e+01,5.019200000000000017e+01,6.000000000000000000e+01,0.000000000000000000e+00
2.092000000000000000e+03,2.854344010412818378e+00,-7.356191470924384745e-01,1.477773236288513203e+01,-4.511963117219552344e-01,-1.073657289365791989e+01,4.985000000000000142e+01,5.009599999999999653e+01,6.000000000000000000e+01,0.000000000000000000e+00
2.093000000000000000e+03,3.440135972862032432e+00,-4.455579386860820668e-01,1.477506623512698525e+01,-1.541000603141650660e-01,-1.073527226326470441e+01,4.985000000000000142e+01,4.999900000000000233e+01,6.000000000000000000e+01,0.000000000000000000e+00
2.094000000000000000e+03,3.445489293498617656e+00,-4.455579386860820668e-01,1.477240010736883846e+01,-1.473721622427537903e-01,-1.073398071294138489e+01,4.985000000000000142e+01,4.999900000000000233e+01,6.000000000000000000e+01,0.000000000000000000e+00
2.095000000000000000e+03,4.019734079860251441e+00,-1.554967302797043427e-01,1.477146964667472062e+01,1.364593447829845763e-01,-1.073269818131774933e+01,4.985000000000000142e+01,4.990200000000000102e+01,6.000000000000000000e+01,0.000000000000000000e+00
2.096000000000000000e+03,4.014119476033121359e+00,-1.554967302797043427e-01,1.477053918598060278e+01,1.305016276950108078e-01,-1.073142460736278814e+01,4.985000000000000142e+01,4.990200000000000102e+01,6.000000000000000000e+01,0.000000000000000000e+00
2.097000000000000000e+03,4.008756084881666126e+00,-1.554967302797043427e-01,1.476960872528648494e+01,1.248040202606249538e-01,-1.073015993038573868e+01,4.985000000000000142e+01,4.990200000000000102e+01,6.000000000000000000e+01,0.000000000000000000e+00
2.098000000000000000e+03,4.003632610554626936e+00,-1.554967302797043427e-01,1.476867826459236710e+01,1.193551662789717749e-01,-1.072890409003700718e+01,4.985000000000000142e+01,4.990200000000000102e+01,6.000000000000000000e+01,0.000000000000000000e+00
2.099000000000000000e+03,4.755707884950451714e+00,2.302547736834046899e-01,1.477005606215865718e+01,4.830540754173253126e-01,-1.072765702630893436e+01,4.985000000000000142e+01,4.977300000000000324e+01,6.000000000000000000e+01,0.000000000000000000e+00
2.100000000000000000e+03,4.925009647593093121e+00,3.259450692401572591e-01,1.477200645092132802e+01,5.534768069680778835e-01,-1.072641867953647044e+01,4.985000000000000142e+01,4.974099999999999966e+01,6.000000000000000000e+01,0.000000000000000000e+00
2.101000000000000000e+03,5.279576150525574718e+00,5.173256603536411369e-01,1.477510202207676038e+01,7.123374584928767739e-01,-1.072518899039770446e+01,4.985000000000000142e+01,4.967699999999999960e+01,6.000000000000000000e+01,0.000000000000000000e+00
2.102000000000000000e+03,5.821986889433624413e+00,8.073868687600188609e-01,1.477993326029622168e+01,9.586346602916802073e-01,-1.072396789991429600e+01,4.985000000000000142e+01,4.957999999999999829e+01,6.000000000000000000e+01,0.000000000000000000e+00
2.103000000000000000e+03,5.786177376637219538e+00,8.073868687600188609e-01,1.478476449851568297e+01,9.167813588133060243e-01,-1.072275534945178777e+01,4.985000000000000142e+01,4.957999999999999829e+01,6.000000000000000000e+01,0.000000000000000000e+00
2.104000000000000000e+03,4.619666209615070684e+00,2.302547736834046899e-01,1.478614229608197306e+01,3.248204205695207625e-01,-1.072155128071982766e+01,4.985000000000000142e+01,4.977300000000000324e+01,6.000000000000000000e+01,0.000000000000000000e+00
2.105000000000000000e+03,4.226639418648348467e+00,3.588386083377956282e-02,1.478635701778061495e+01,1.247541758062288564e-01,-1.072035563577227535e+01,4.985000000000000142e+01,4.983800000000000097e+01,6.000000000000000000e+01,0.000000000000000000e+00
2.106000000000000000e+03,3.847043915982283124e+00,-1.554967302797043427e-01,1.478542655708649711e+01,-6.371755381727986500e-02,-1.071916835700722892e+01,4.985000000000000142e+01,4.990200000000000102e+01,6.000000000000000000e+01,0.000000000000000000e+00
2.107000000000000000e+03,3.656430893506520619e+00,-2.541773475725981335e-01,1.478390561172111184e+01,-1.553079834750399346e-01,-1.071798938716695204e+01,4.985000000000000142e+01,4.993500000000000227e+01,6.000000000000000000e+01,0.000000000000000000e+00
2.108000000000000000e+03,3.662861301100337030e+00,-2.541773475725981335e-01,1.478238466635572657e+01,-1.485273483450714194e-01,-1.071681866933771943e+01,4.985000000000000142e+01,4.993500000000000227e+01,6.000000000000000000e+01,0.000000000000000000e+00
2.109000000000000000e+03,3.105661237606380354e+00,-5.412482342428134308e-01,1.477914594740119902e+01,-4.165803286024355456e-01,-1.071565614694956992e+01,4.985000000000000142e+01,5.003099999999999881e+01,6.000000000000000000e+01,0.000000000000000000e+00
2.110000000000000000e+03,2.740345693122192117e+00,-7.356191470924384745e-01,1.477474415257902329e+01,-5.842775485883998643e-01,-1.071450176377599384e+01,4.985000000000000142e+01,5.009599999999999653e+01,6.000000000000000000e+01,0.000000000000000000e+00
2.111000000000000000e+03,2.956242731019459669e+00,-6.369385297995660000e-01,1.477093284242811499e+01,-4.643961176755595499e-01,-1.071335546393352978e+01,4.985000000000000142e+01,5.006300000000000239e+01,6.000000000000000000e+01,0.000000000000000000e+00
2.112000000000000000e+03,2.023231867634677883e+00,-1.121370651055568768e+00,1.476422278934552956e+01,-9.074030787739746362e-01,-1.071221719188130805e+01,4.985000000000000142e+01,5.022500000000000142e+01,6.000000000000000000e+01,0.000000000000000000e+00
2.113000000000000000e+03,2.057268681399241572e+00,-1.121370651055568768e+00,1.475751273626294413e+01,-8.677865113876287451e-01,-1.071108689242050538e+01,4.985000000000000142e+01,5.022500000000000142e+01,6.000000000000000000e+01,0.000000000000000000e+00
2.114000000000000000e+03,2.089567946521304620e+00,-1.121370651055568768e+00,1.475080268318035870e+01,-8.298995749097403118e-01,-1.070996451069374444e+01,4.985000000000000142e+01,5.022500000000000142e+01,6.000000000000000000e+01,0.000000000000000000e+00
2.115000000000000000e+03,2.120205231961969972e+00,-1.121370651055568768e+00,1.474409263009777327e+01,-7.936667548958012963e-01,-1.070884999218443312e+01,4.985000000000000142e+01,5.022500000000000142e+01,6.000000000000000000e+01,0.000000000000000000e+00
2.116000000000000000e+03,2.342896203742071748e+00,-1.022690033762674977e+00,1.473797306168645527e+01,-6.646435414656730600e-01,-1.070774328271603437e+01,4.985000000000000142e+01,5.019200000000000017e+01,6.000000000000000000e+01,0.000000000000000000e+00
2.117000000000000000e+03,2.366893449755236745e+00,-1.022690033762674977e+00,1.473185349327513727e+01,-6.356256813059399935e-01,-1.070664432845128466e+01,4.985000000000000142e+01,5.019200000000000017e+01,6.000000000000000000e+01,0.000000000000000000e+00
2.118000000000000000e+03,3.146585727396461252e+00,-6.369385297995660000e-01,1.472804218312422897e+01,-2.389648500368391493e-01,-1.070555307589136262e+01,4.985000000000000142e+01,5.006300000000000239e+01,6.000000000000000000e+01,0.000000000000000000e+00
2.119000000000000000e+03,4.099036100113520931e+00,-1.554967302797043427e-01,1.472711172243011113e+01,2.318905798381134808e-01,-1.070446947187499909e+01,4.985000000000000142e+01,4.990200000000000102e+01,6.000000000000000000e+01,0.000000000000000000e+00
2.120000000000000000e+03,4.089057471375268094e+00,-1.554967302797043427e-01,1.472618126173599329e+01,2.217664034965168285e-01,-1.070339346357753740e+01,4.985000000000000142e+01,4.990200000000000102e+01,6.000000000000000000e+01,0.000000000000000000e+00
2.121000000000000000e+03,4.079513313682436859e+00,-1.554967302797043427e-01,1.472525080104187545e+01,2.120842414302188950e-01,-1.070232499850995289e+01,4.985000000000000142e+01,4.990200000000000102e+01,6.000000000000000000e+01,0.000000000000000000e+00
2.122000000000000000e+03,4.070384381163322018e+00,-1.554967302797043427e-01,1.472432034034775761e+01,2.028247956130913854e-01,-1.070126402451782255e+01,4.985000000000000142e+01,4.990200000000000102e+01,6.000000000000000000e+01,0.000000000000000000e+00
2.123000000000000000e+03,4.061652270150654331e+00,-1.554967302797043427e-01,1.472338987965363977e+01,1.939696105569810036e-01,-1.070021048978026101e+01,4.985000000000000142e+01,4.990200000000000102e+01,6.000000000000000000e+01,0.000000000000000000e+00
2.124000000000000000e+03,4.053299382398124706e+00,-1.554967302797043427e-01,1.472245941895952193e+01,1.855010365271060058e-01,-1.069916434280879791e+01,4.985000000000000142e+01,4.990200000000000102e+01,6.000000000000000000e+01,0.000000000000000000e+00
2.125000000000000000e+03,4.990053934851594875e+00,3.259450692401572591e-01,1.472440980772219277e+01,6.378245903354862190e-01,-1.069812553244624098e+01,4.985000000000000142e+01,4.974099999999999966e+01,6.000000000000000000e+01,0.000000000000000000e+00
2.126000000000000000e+03,5.722158516487953150e+00,7.116965732032662917e-01,1.472866845474527331e+01,9.788874964048981386e-01,-1.069709400786548592e+01,4.985000000000000142e+01,4.961200000000000188e+01,6.000000000000000000e+01,0.000000000000000000e+00
2.127000000000000000e+03,5.872479339696543121e+00,8.073868687600188609e-01,1.473349969296473461e+01,1.027662496540084902e+00,-1.069606971856829603e+01,4.985000000000000142e+01,4.957999999999999829e+01,6.000000000000000000e+01,0.000000000000000000e+00
2.128000000000000000e+03,5.833460674816548064e+00,8.073868687600188609e-01,1.473833093118419590e+01,9.827954892563882661e-01,-1.069505261438405519e+01,4.985000000000000142e+01,4.957999999999999829e+01,6.000000000000000000e+01,0.000000000000000000e+00
2.129000000000000000e+03,5.984169148675821504e+00,9.030771643167502249e-01,1.474373476060003796e+01,1.031399869227519472e+00,-1.069404264546848538e+01,4.985000000000000142e+01,4.954800000000000182e+01,6.000000000000000000e+01,0.000000000000000000e+00
2.130000000000000000e+03,6.133321095624665986e+00,9.987674598735027942e-01,1.474971118121226077e+01,1.077882216841232310e+00,-1.069303976230233033e+01,4.985000000000000142e+01,4.951599999999999824e+01,6.000000000000000000e+01,0.000000000000000000e+00
2.131000000000000000e+03,6.286877192914463564e+00,1.097448077166396585e+00,1.475627808649575101e+01,1.125194944942342845e+00,-1.069204391569002510e+01,4.985000000000000142e+01,4.948299999999999699e+01,6.000000000000000000e+01,0.000000000000000000e+00
2.132000000000000000e+03,6.433083165785742352e+00,1.193138372723127949e+00,1.476341758297562201e+01,1.167582266845317740e+00,-1.069105505675832646e+01,4.985000000000000142e+01,4.945100000000000051e+01,6.000000000000000000e+01,0.000000000000000000e+00
2.133000000000000000e+03,7.334973822950479061e+00,1.674580172242989606e+00,1.477343792891228347e+01,1.577028858750135765e+00,-1.069007313695493089e+01,4.985000000000000142e+01,4.928999999999999915e+01,6.000000000000000000e+01,0.000000000000000000e+00
2.134000000000000000e+03,6.707923029662689274e+00,1.384518963836611771e+00,1.478172260778491598e+01,1.230779566088215704e+00,-1.068909810804705351e+01,4.985000000000000142e+01,4.938700000000000045e+01,6.000000000000000000e+01,0.000000000000000000e+00
2.135000000000000000e+03,7.044859748619101580e+00,1.578889876686236926e+00,1.479117036252519668e+01,1.362929431527676982e+00,-1.068812992212000701e+01,4.985000000000000142e+01,4.932200000000000273e+01,6.000000000000000000e+01,0.000000000000000000e+00
2.136000000000000000e+03,7.183539785442416559e+00,1.674580172242989606e+00,1.480119070846185814e+01,1.394937436313309576e+00,-1.068716853157573965e+01,4.985000000000000142e+01,4.928999999999999915e+01,6.000000000000000000e+01,0.000000000000000000e+00
2.137000000000000000e+03,6.945837393516745450e+00,1.578889876686236926e+00,1.481063846320213884e+01,1.242522942759736626e+00,-1.068621388913136805e+01,4.985000000000000142e+01,4.932200000000000273e+01,6.000000000000000000e+01,0.000000000000000000e+00
2.138000000000000000e+03,7.277536254681830741e+00,1.770270467799720970e+00,1.482123140033518105e+01,1.371300334364617513e+00,-1.068526594781768679e+01,4.985000000000000142e+01,4.925800000000000267e+01,6.000000000000000000e+01,0.000000000000000000e+00
2.139000000000000000e+03,7.229200489921030481e+00,1.770270467799720970e+00,1.483182433746822326e+01,1.311430345630750116e+00,-1.068432466097766564e+01,4.985000000000000142e+01,4.925800000000000267e+01,6.000000000000000000e+01,0.000000000000000000e+00
2.140000000000000000e+03,7.183471997786250896e+00,1.770270467799720970e+00,1.484241727460126548e+01,1.254174237650185431e+00,-1.068338998226492187e+01,4.985000000000000142e+01,4.925800000000000267e+01,6.000000000000000000e+01,0.000000000000000000e+00
2.141000000000000000e+03,7.521655511123341853e+00,1.964641380649367219e+00,1.485417328760195588e+01,1.385302708514206449e+00,-1.068246186564218903e+01,4.985000000000000142e+01,4.919299999999999784e+01,6.000000000000000000e+01,0.000000000000000000e+00
2.142000000000000000e+03,7.280208407737216447e+00,1.865960763356473429e+00,1.486533881593137885e+01,1.230449093829128371e+00,-1.068154026537976620e+01,4.985000000000000142e+01,4.922599999999999909e+01,6.000000000000000000e+01,0.000000000000000000e+00
2.143000000000000000e+03,7.050793128103432394e+00,1.770270467799720970e+00,1.487593175306442106e+01,1.085216043293246724e+00,-1.068062513605395836e+01,4.985000000000000142e+01,4.925800000000000267e+01,6.000000000000000000e+01,0.000000000000000000e+00
2.144000000000000000e+03,7.014915014902829427e+00,1.770270467799720970e+00,1.488652469019746327e+01,1.037836289451151250e+00,-1.067971643254550429e+01,4.985000000000000142e+01,4.925800000000000267e+01,6.000000000000000000e+01,0.000000000000000000e+00
2.145000000000000000e+03,6.981099086760567118e+00,1.770270467799720970e+00,1.489711762733050548e+01,9.925251016683310779e-01,-1.067881411003799208e+01,4.985000000000000142e+01,4.925800000000000267e+01,6.000000000000000000e+01,0.000000000000000000e+00
2.146000000000000000e+03,6.949255076081774618e+00,1.770270467799720970e+00,1.490771056446354770e+01,9.491921678347688962e-01,-1.067791812401626395e+01,4.985000000000000142e+01,4.925800000000000267e+01,6.000000000000000000e+01,0.000000000000000000e+00
2.147000000000000000e+03,5.974551612985207427e+00,1.288828668279880629e+00,1.491542265213979945e+01,4.473287228303508001e-01,-1.067702843026482107e+01,4.985000000000000142e+01,4.941899999999999693e+01,6.000000000000000000e+01,0.000000000000000000e+00
2.148000000000000000e+03,5.775841682304841740e+00,1.193138372723127949e+00,1.492256214861967045e+01,3.362861458282503935e-01,-1.067614498486620711e+01,4.985000000000000142e+01,4.945100000000000051e+01,6.000000000000000000e+01,0.000000000000000000e+00
2.149000000000000000e+03,5.199982187971826875e+00,9.030771643167502249e-01,1.492796597803551251e+01,4.420678981896003501e-02,-1.067526774419939528e+01,4.985000000000000142e+01,4.954800000000000182e+01,6.000000000000000000e+01,0.000000000000000000e+00
2.150000000000000000e+03,5.016551647261783486e+00,8.073868687600188609e-01,1.493279721625497380e+01,-4.923577281504249586e-02,-1.067439666493816830e+01,4.985000000000000142e+01,4.957999999999999829e+01,6.000000000000000000e+01,0.000000000000000000e+00
2.151000000000000000e+03,5.024397444885927655e+00,8.073868687600188609e-01,1.493762845447443510e+01,-4.708617429904295854e-02,-1.067353170404948415e+01,4.985000000000000142e+01,4.957999999999999829e+01,6.000000000000000000e+01,0.000000000000000000e+00
2.152000000000000000e+03,4.462949097322610470e+00,5.173256603536411369e-01,1.494072402562986746e+01,-3.224277698690546923e-01,-1.067267281879184360e+01,4.985000000000000142e+01,4.967699999999999960e+01,6.000000000000000000e+01,0.000000000000000000e+00
2.153000000000000000e+03,4.668749898317605229e+00,6.130159559103725009e-01,1.494439218798168056e+01,-2.168382788607929879e-01,-1.067181996671365418e+01,4.985000000000000142e+01,4.964500000000000313e+01,6.000000000000000000e+01,0.000000000000000000e+00
2.154000000000000000e+03,3.931630274769522870e+00,2.302547736834046899e-01,1.494576998554797065e+01,-5.734213788102630049e-01,-1.067097310565158885e+01,4.985000000000000142e+01,4.977300000000000324e+01,6.000000000000000000e+01,0.000000000000000000e+00
2.155000000000000000e+03,3.201914517957604289e+00,-1.554967302797043427e-01,1.494483952485385281e+01,-9.172960828876046691e-01,-1.067013219372893928e+01,4.985000000000000142e+01,4.990200000000000102e+01,6.000000000000000000e+01,0.000000000000000000e+00
2.156000000000000000e+03,3.617418375807710973e+00,3.588386083377956282e-02,1.494505424655249470e+01,-6.942225422246016686e-01,-1.066929718935396210e+01,4.985000000000000142e+01,4.983800000000000097e+01,6.000000000000000000e+01,0.000000000000000000e+00
2.157000000000000000e+03,3.648771493752946071e+00,3.588386083377956282e-02,1.494526896825113660e+01,-6.639132841137286301e-01,-1.066846805121824104e+01,4.985000000000000142e+01,4.983800000000000097e+01,6.000000000000000000e+01,0.000000000000000000e+00
2.158000000000000000e+03,3.678795506022487061e+00,3.588386083377956282e-02,1.494548368994977849e+01,-6.349273064660450050e-01,-1.066764473829502613e+01,4.985000000000000142e+01,4.983800000000000097e+01,6.000000000000000000e+01,0.000000000000000000e+00
2.159000000000000000e+03,4.276742446466151648e+00,3.259450692401572591e-01,1.494743407871244933e+01,-3.298094916488682471e-01,-1.066682720983758692e+01,4.985000000000000142e+01,4.974099999999999966e+01,6.000000000000000000e+01,0.000000000000000000e+00
2.160000000000000000e+03,3.724709645838919059e+00,3.588386083377956282e-02,1.494764880041109123e+01,-5.928075900283986677e-01,-1.066601542537755343e+01,4.985000000000000142e+01,4.983800000000000097e+01,6.000000000000000000e+01,0.000000000000000000e+00
2.161000000000000000e+03,3.563836589591257820e+00,-5.980643472295177343e-02,1.494729093091335415e+01,-6.584385618758766823e-01,-1.066520934472326942e+01,4.985000000000000142e+01,4.986999999999999744e+01,6.000000000000000000e+01,0.000000000000000000e+00
2.162000000000000000e+03,3.405250679400742442e+00,-1.554967302797043427e-01,1.494636047021923630e+01,-7.212041325806546332e-01,-1.066440892795813511e+01,4.985000000000000142e+01,4.990200000000000102e+01,6.000000000000000000e+01,0.000000000000000000e+00
2.163000000000000000e+03,3.436602266213185430e+00,-1.554967302797043427e-01,1.494543000952511846e+01,-6.897168775932714935e-01,-1.066361413543895686e+01,4.985000000000000142e+01,4.990200000000000102e+01,6.000000000000000000e+01,0.000000000000000000e+00
2.164000000000000000e+03,3.466573557189470023e+00,-1.554967302797043427e-01,1.494449954883100062e+01,-6.596043335675308983e-01,-1.066282492779429525e+01,4.985000000000000142e+01,4.990200000000000102e+01,6.000000000000000000e+01,0.000000000000000000e+00
2.165000000000000000e+03,3.495224610325202264e+00,-1.554967302797043427e-01,1.494356908813688278e+01,-6.308064816091589755e-01,-1.066204126592281654e+01,4.985000000000000142e+01,4.990200000000000102e+01,6.000000000000000000e+01,0.000000000000000000e+00
2.166000000000000000e+03,2.765643230677605757e+00,-5.412482342428134308e-01,1.494033036918235524e+01,-9.721757932702919103e-01,-1.066126311099164425e+01,4.985000000000000142e+01,5.003099999999999881e+01,6.000000000000000000e+01,0.000000000000000000e+00
2.167000000000000000e+03,3.562591328196958784e+00,-1.554967302797043427e-01,1.493939990848823740e+01,-5.608214255768573242e-01,-1.066049042443471606e+01,4.985000000000000142e+01,4.990200000000000102e+01,6.000000000000000000e+01,0.000000000000000000e+00
2.168000000000000000e+03,2.642168140106825547e+00,-6.369385297995660000e-01,1.493558859833732910e+01,-9.967587604797991663e-01,-1.065972316795113706e+01,4.985000000000000142e+01,5.006300000000000239e+01,6.000000000000000000e+01,0.000000000000000000e+00
2.169000000000000000e+03,2.113442247115830952e+00,-9.269997382059224078e-01,1.493004162112239186e+01,-1.230638332297095294e+00,-1.065896130350354376e+01,4.985000000000000142e+01,5.015999999999999659e+01,6.000000000000000000e+01,0.000000000000000000e+00
2.170000000000000000e+03,2.350155979392685168e+00,-8.313094426491911548e-01,1.492506723510383537e+01,-1.085397019745494962e+00,-1.065820479331646453e+01,4.985000000000000142e+01,5.012800000000000011e+01,6.000000000000000000e+01,0.000000000000000000e+00
2.171000000000000000e+03,1.824126222332582259e+00,-1.121370651055568768e+00,1.491835718202124994e+01,-1.315406708758410481e+00,-1.065745359987468710e+01,4.985000000000000142e+01,5.022500000000000142e+01,6.000000000000000000e+01,0.000000000000000000e+00
2.172000000000000000e+03,1.875591796344858508e+00,-1.121370651055568768e+00,1.491164712893866451e+01,-1.257976995616606697e+00,-1.065670768592162965e+01,4.985000000000000142e+01,5.022500000000000142e+01,6.000000000000000000e+01,0.000000000000000000e+00
2.173000000000000000e+03,1.924544787796218515e+00,-1.121370651055568768e+00,1.490493707585607908e+01,-1.203054622546576580e+00,-1.065596701445771544e+01,4.985000000000000142e+01,5.022500000000000142e+01,6.000000000000000000e+01,0.000000000000000000e+00
2.174000000000000000e+03,1.783319289438864530e+00,-1.217060946612300132e+00,1.489765443157711289e+01,-1.242042646787199667e+00,-1.065523154873874923e+01,4.985000000000000142e+01,5.025699999999999790e+01,6.000000000000000000e+01,0.000000000000000000e+00
2.175000000000000000e+03,1.830993632456868525e+00,-1.217060946612300132e+00,1.489037178729814670e+01,-1.187815955954671487e+00,-1.065450125227430611e+01,4.985000000000000142e+01,5.025699999999999790e+01,6.000000000000000000e+01,0.000000000000000000e+00
2.176000000000000000e+03,2.064070756703396015e+00,-1.121370651055568768e+00,1.488366173421556127e+01,-1.044444237630484773e+00,-1.065377608882611149e+01,4.985000000000000142e+01,5.022500000000000142e+01,6.000000000000000000e+01,0.000000000000000000e+00
2.177000000000000000e+03,1.915905043439227740e+00,-1.217060946612300132e+00,1.487637908993659508e+01,-1.090357077478624426e+00,-1.065305602240644234e+01,4.985000000000000142e+01,5.025699999999999790e+01,6.000000000000000000e+01,0.000000000000000000e+00
2.178000000000000000e+03,2.338360418963134180e+00,-1.022690033762674977e+00,1.487025952152527708e+01,-8.568680515229494254e-01,-1.065234101727651783e+01,4.985000000000000142e+01,5.019200000000000017e+01,6.000000000000000000e+01,0.000000000000000000e+00
2.179000000000000000e+03,2.176717679931012839e+00,-1.121370651055568768e+00,1.486354946844269165e+01,-9.138300995112029756e-01,-1.065163103794490596e+01,4.985000000000000142e+01,5.022500000000000142e+01,6.000000000000000000e+01,0.000000000000000000e+00
2.180000000000000000e+03,2.210609782127951561e+00,-1.121370651055568768e+00,1.485683941536010622e+01,-8.739329330106532234e-01,-1.065092604916593189e+01,4.985000000000000142e+01,5.022500000000000142e+01,6.000000000000000000e+01,0.000000000000000000e+00
2.181000000000000000e+03,3.193368073703618748e+00,-6.369385297995660000e-01,1.485302810520919792e+01,-3.724954857679197429e-01,-1.065022601593809348e+01,4.985000000000000142e+01,5.006300000000000239e+01,6.000000000000000000e+01,0.000000000000000000e+00
2.182000000000000000e+03,2.637320542015821445e+00,-9.269997382059224078e-01,1.484748112799426067e+01,-6.336299442700388251e-01,-1.064953090350247855e+01,4.985000000000000142e+01,5.015999999999999659e+01,6.000000000000000000e+01,0.000000000000000000e+00
2.183000000000000000e+03,2.847903032380196819e+00,-8.313094426491911548e-01,1.484250674197570419e+01,-5.144535896051187773e-01,-1.064884067734119810e+01,4.985000000000000142e+01,5.012800000000000011e+01,6.000000000000000000e+01,0.000000000000000000e+00
2.184000000000000000e+03,3.998595152754337079e+00,-2.541773475725981335e-01,1.484098579661031891e+01,5.994200689242912272e-02,-1.064815530317581249e+01,4.985000000000000142e+01,4.993500000000000227e+01,6.000000000000000000e+01,0.000000000000000000e+00
2.185000000000000000e+03,3.995137738584558562e+00,-2.541773475725981335e-01,1.483946485124493364e+01,5.732498187799422995e-02,-1.064747474696577001e+01,4.985000000000000142e+01,4.993500000000000227e+01,6.000000000000000000e+01,0.000000000000000000e+00
2.186000000000000000e+03,4.185433192004415659e+00,-1.554967302797043427e-01,1.483853439055081580e+01,1.491945066401559050e-01,-1.064679897490685079e+01,4.985000000000000142e+01,4.990200000000000102e+01,6.000000000000000000e+01,0.000000000000000000e+00
2.187000000000000000e+03,4.178660027669936383e+00,-1.554967302797043427e-01,1.483760392985669796e+01,1.426807815225727138e-01,-1.064612795342963025e+01,4.985000000000000142e+01,4.990200000000000102e+01,6.000000000000000000e+01,0.000000000000000000e+00
2.188000000000000000e+03,3.790747723688337345e+00,-3.498676431293294975e-01,1.483551039329493193e+01,-4.943337727934291048e-02,-1.064546164919792304e+01,4.985000000000000142e+01,4.996699999999999875e+01,6.000000000000000000e+01,0.000000000000000000e+00
2.189000000000000000e+03,3.791474033002375066e+00,-3.498676431293294975e-01,1.483341685673316590e+01,-4.727515149420695451e-02,-1.064480002910725531e+01,4.985000000000000142e+01,4.996699999999999875e+01,6.000000000000000000e+01,0.000000000000000000e+00
2.190000000000000000e+03,3.604326051799713326e+00,-4.455579386860820668e-01,1.483075072897501911e+01,-1.367236782058879885e-01,-1.064414306028333534e+01,4.985000000000000142e+01,4.999900000000000233e+01,6.000000000000000000e+01,0.000000000000000000e+00
2.191000000000000000e+03,3.232730706618717420e+00,-6.369385297995660000e-01,1.482693941882411082e+01,-3.137794723252937956e-01,-1.064349071008053293e+01,4.985000000000000142e+01,5.006300000000000239e+01,6.000000000000000000e+01,0.000000000000000000e+00
2.192000000000000000e+03,2.861847740136031604e+00,-8.313094426491911548e-01,1.482196503280555433e+01,-4.859649039399646098e-01,-1.064284294608036774e+01,4.985000000000000142e+01,5.012800000000000011e+01,6.000000000000000000e+01,0.000000000000000000e+00
2.193000000000000000e+03,2.503182617828242584e+00,-1.022690033762674977e+00,1.481584546439423633e+01,-6.477730767133220713e-01,-1.064219973608999581e+01,4.985000000000000142e+01,5.019200000000000017e+01,6.000000000000000000e+01,0.000000000000000000e+00
2.194000000000000000e+03,2.713758457799507084e+00,-9.269997382059224078e-01,1.481029848717929909e+01,-5.279792430331569086e-01,-1.064156104814071391e+01,4.985000000000000142e+01,5.015999999999999659e+01,6.000000000000000000e+01,0.000000000000000000e+00
2.195000000000000000e+03,2.350478066214385819e+00,-1.121370651055568768e+00,1.480358843409671366e+01,-6.908128663402837155e-01,-1.064092685048647446e+01,4.985000000000000142e+01,5.022500000000000142e+01,6.000000000000000000e+01,0.000000000000000000e+00
2.196000000000000000e+03,2.374558146123986191e+00,-1.121370651055568768e+00,1.479687838101412822e+01,-6.606524722321857057e-01,-1.064029711160238634e+01,4.985000000000000142e+01,5.022500000000000142e+01,6.000000000000000000e+01,0.000000000000000000e+00
2.197000000000000000e+03,2.397317017401000783e+00,-1.121370651055568768e+00,1.479016832793154279e+01,-6.318088592917211477e-01,-1.063967180018325109e+01,4.985000000000000142e+01,5.022500000000000142e+01,6.000000000000000000e+01,0.000000000000000000e+00
2.198000000000000000e+03,2.418812200853444949e+00,-1.121370651055568768e+00,1.478345827484895736e+01,-6.042245377978598952e-01,-1.063905088514208330e+01,4.985000000000000142e+01,5.022500000000000142e+01,6.000000000000000000e+01,0.000000000000000000e+00
2.199000000000000000e+03,2.439098707112606235e+00,-1.121370651055568768e+00,1.477674822176637193e+01,-5.778445279895449982e-01,-1.063843433560865215e+01,4.985000000000000142e+01,5.022500000000000142e+01,6.000000000000000000e+01,0.000000000000000000e+00
2.200000000000000000e+03,2.458229146217549399e+00,-1.121370651055568768e+00,1.477003816868378649e+01,-5.526162504826408473e-01,-1.063782212092802659e+01,4.985000000000000142e+01,5.022500000000000142e+01,6.000000000000000000e+01,0.000000000000000000e+00
2.201000000000000000e+03,2.288478419754715887e+00,-1.217060946612300132e+00,1.476275552440482031e+01,-6.200019473786754221e-01,-1.063721421065912942e+01,4.985000000000000142e+01,5.025699999999999790e+01,6.000000000000000000e+01,0.000000000000000000e+00
2.202000000000000000e+03,2.496643664412996344e+00,-1.121370651055568768e+00,1.475604547132223487e+01,-5.014205812803768092e-01,-1.063661057457329306e+01,4.985000000000000142e+01,5.022500000000000142e+01,6.000000000000000000e+01,0.000000000000000000e+00
2.203000000000000000e+03,2.512424666076210400e+00,-1.121370651055568768e+00,1.474933541823964944e+01,-4.795289184550373673e-01,-1.063601118265283318e+01,4.985000000000000142e+01,5.022500000000000142e+01,6.000000000000000000e+01,0.000000000000000000e+00
2.204000000000000000e+03,2.151694853768574944e+00,-1.312751242169052812e+00,1.474148018276430250e+01,-6.416180817370512601e-01,-1.063541600508962226e+01,4.985000000000000142e+01,5.028900000000000148e+01,6.000000000000000000e+01,0.000000000000000000e+00
2.205000000000000000e+03,2.172443196207195726e+00,-1.312751242169052812e+00,1.473362494728895555e+01,-6.136054966290328538e-01,-1.063482501228367383e+01,4.985000000000000142e+01,5.028900000000000148e+01,6.000000000000000000e+01,0.000000000000000000e+00
2.206000000000000000e+03,1.247219328965437413e+00,-1.794193041688914469e+00,1.472288886235681815e+01,-1.047238316860733320e+00,-1.063423817484173384e+01,4.985000000000000142e+01,5.045000000000000284e+01,6.000000000000000000e+01,0.000000000000000000e+00
2.207000000000000000e+03,1.282787628853016670e+00,-1.794193041688914469e+00,1.471215277742468075e+01,-1.001516643306867183e+00,-1.063365546357588265e+01,4.985000000000000142e+01,5.045000000000000284e+01,6.000000000000000000e+01,0.000000000000000000e+00
2.208000000000000000e+03,9.349368491181326846e-01,-1.988563954538539402e+00,1.470025361662489516e+01,-1.143675963466087353e+00,-1.063307684950213527e+01,4.985000000000000142e+01,5.051500000000000057e+01,6.000000000000000000e+01,0.000000000000000000e+00
2.209000000000000000e+03,9.735443059951176537e-01,-1.988563954538539402e+00,1.468835445582510957e+01,-1.093743891452384043e+00,-1.063250230383906825e+01,4.985000000000000142e+01,5.051500000000000057e+01,6.000000000000000000e+01,0.000000000000000000e+00
2.210000000000000000e+03,1.009967724602232053e+00,-1.988563954538539402e+00,1.467645529502532398e+01,-1.045991817878121122e+00,-1.063193179800643051e+01,4.985000000000000142e+01,5.051500000000000057e+01,6.000000000000000000e+01,0.000000000000000000e+00
2.211000000000000000e+03,8.565268978271181055e-01,-2.084254250095270766e+00,1.466398354302915763e+01,-1.091837091482988686e+00,-1.063136530362378096e+01,4.985000000000000142e+01,5.054699999999999704e+01,6.000000000000000000e+01,0.000000000000000000e+00
2.212000000000000000e+03,1.080061893661861561e+00,-1.988563954538539402e+00,1.465208438222937204e+01,-9.526557415198450007e-01,-1.063080279250912596e+01,4.985000000000000142e+01,5.051500000000000057e+01,6.000000000000000000e+01,0.000000000000000000e+00
2.213000000000000000e+03,9.225381422075251692e-01,-2.084254250095270766e+00,1.463961263023320569e+01,-1.002576001252840854e+00,-1.063024423667756935e+01,4.985000000000000142e+01,5.054699999999999704e+01,6.000000000000000000e+01,0.000000000000000000e+00
2.214000000000000000e+03,9.543927674471852640e-01,-2.084254250095270766e+00,1.462714087823703935e+01,-9.588042523546206342e-01,-1.062968960833996235e+01,4.985000000000000142e+01,5.054699999999999704e+01,6.000000000000000000e+01,0.000000000000000000e+00
2.215000000000000000e+03,9.843324496355769782e-01,-2.084254250095270766e+00,1.461466912624087300e+01,-9.169435466084553399e-01,-1.062913887990156958e+01,4.985000000000000142e+01,5.054699999999999704e+01,6.000000000000000000e+01,0.000000000000000000e+00
2.216000000000000000e+03,1.012440650947258547e+00,-2.084254250095270766e+00,1.460219737424470665e+01,-8.769104492414391272e-01,-1.062859202396073854e+01,4.985000000000000142e+01,5.054699999999999704e+01,6.000000000000000000e+01,0.000000000000000000e+00
2.217000000000000000e+03,1.038797190662702263e+00,-2.084254250095270766e+00,1.458972562224854030e+01,-8.386251681829892668e-01,-1.062804901330757801e+01,4.985000000000000142e+01,5.054699999999999704e+01,6.000000000000000000e+01,0.000000000000000000e+00
2.218000000000000000e+03,1.063478404207378603e+00,-2.084254250095270766e+00,1.457725387025237396e+01,-8.020113950270766345e-01,-1.062750982092264884e+01,4.985000000000000142e+01,5.054699999999999704e+01,6.000000000000000000e+01,0.000000000000000000e+00
2.219000000000000000e+03,1.086557295247356336e+00,-2.084254250095270766e+00,1.456478211825620761e+01,-7.669961529379303311e-01,-1.062697441997565129e+01,4.985000000000000142e+01,5.054699999999999704e+01,6.000000000000000000e+01,0.000000000000000000e+00
2.220000000000000000e+03,1.295879093805158533e+00,-1.988563954538539402e+00,1.455288295745642202e+01,-6.419971252885944279e-01,-1.062644278382412999e+01,4.985000000000000142e+01,5.051500000000000057e+01,6.000000000000000000e+01,0.000000000000000000e+00
2.221000000000000000e+03,1.124761552034254208e+00,-2.084254250095270766e+00,1.454041120546025567e+01,-7.054805173185435541e-01,-1.062591488601218792e+01,4.985000000000000142e+01,5.054699999999999704e+01,6.000000000000000000e+01,0.000000000000000000e+00
2.222000000000000000e+03,1.143614759007308024e+00,-2.084254250095270766e+00,1.452793945346408933e+01,-6.746797440923090194e-01,-1.062539070026920207e+01,4.985000000000000142e+01,5.054699999999999704e+01,6.000000000000000000e+01,0.000000000000000000e+00
2.223000000000000000e+03,1.161119540337550049e+00,-2.084254250095270766e+00,1.451546770146792298e+01,-6.452237105265541395e-01,-1.062487020050854802e+01,4.985000000000000142e+01,5.054699999999999704e+01,6.000000000000000000e+01,0.000000000000000000e+00
2.224000000000000000e+03,1.177334632297638350e+00,-2.084254250095270766e+00,1.450299594947175663e+01,-6.170537062525103256e-01,-1.062435336082633697e+01,4.985000000000000142e+01,5.054699999999999704e+01,6.000000000000000000e+01,0.000000000000000000e+00
2.225000000000000000e+03,1.573735014693024681e+00,-1.889883337245645611e+00,1.449168727334323847e+01,-4.042287659044119241e-01,-1.062384015550015626e+01,4.985000000000000142e+01,5.048199999999999932e+01,6.000000000000000000e+01,0.000000000000000000e+00
2.226000000000000000e+03,1.580584272974915550e+00,-1.889883337245645611e+00,1.448037859721472032e+01,-3.865804280063425691e-01,-1.062333055898781708e+01,4.985000000000000142e+01,5.048199999999999932e+01,6.000000000000000000e+01,0.000000000000000000e+00
2.227000000000000000e+03,1.586659434035661675e+00,-1.889883337245645611e+00,1.446906992108620216e+01,-3.697026038787802893e-01,-1.062282454592611458e+01,4.985000000000000142e+01,5.048199999999999932e+01,6.000000000000000000e+01,0.000000000000000000e+00
2.228000000000000000e+03,1.398350768832859359e+00,-1.988563954538539402e+00,1.445717076028641657e+01,-4.479339457854226714e-01,-1.062232209112959502e+01,4.985000000000000142e+01,5.051500000000000057e+01,6.000000000000000000e+01,0.000000000000000000e+00
2.229000000000000000e+03,1.218731591607348008e+00,-2.084254250095270766e+00,1.444469900829025022e+01,-5.198899969983047376e-01,-1.062182316958932660e+01,4.985000000000000142e+01,5.054699999999999704e+01,6.000000000000000000e+01,0.000000000000000000e+00
2.230000000000000000e+03,1.229453276993194066e+00,-2.084254250095270766e+00,1.443222725629408387e+01,-4.971919727339405015e-01,-1.062132775647167904e+01,4.985000000000000142e+01,5.054699999999999704e+01,6.000000000000000000e+01,0.000000000000000000e+00
2.231000000000000000e+03,1.239180499161689042e+00,-2.084254250095270766e+00,1.441975550429791753e+01,-4.754849279238460014e-01,-1.062083582711711216e+01,4.985000000000000142e+01,5.054699999999999704e+01,6.000000000000000000e+01,0.000000000000000000e+00
2.232000000000000000e+03,1.247956548051464054e+00,-2.084254250095270766e+00,1.440728375230175118e+01,-4.547255971160441002e-01,-1.062034735703897326e+01,4.985000000000000142e+01,5.054699999999999704e+01,6.000000000000000000e+01,0.000000000000000000e+00
2.233000000000000000e+03,1.255822824490856249e+00,-2.084254250095270766e+00,1.439481200030558483e+01,-4.348726037971494818e-01,-1.061986232192230872e+01,4.985000000000000142e+01,5.054699999999999704e+01,6.000000000000000000e+01,0.000000000000000000e+00
2.234000000000000000e+03,1.262818922668826005e+00,-2.084254250095270766e+00,1.438234024830941848e+01,-4.158863779226648627e-01,-1.061938069762265791e+01,4.985000000000000142e+01,5.054699999999999704e+01,6.000000000000000000e+01,0.000000000000000000e+00
2.235000000000000000e+03,1.268982709005245013e+00,-2.084254250095270766e+00,1.436986849631325214e+01,-3.977290770478454363e-01,-1.061890246016489137e+01,4.985000000000000142e+01,5.054699999999999704e+01,6.000000000000000000e+01,0.000000000000000000e+00
2.236000000000000000e+03,1.086574984917225706e+00,-2.179944545652023447e+00,1.435682415312070503e+01,-4.718770368094296619e-01,-1.061842758574202605e+01,4.985000000000000142e+01,5.057900000000000063e+01,6.000000000000000000e+01,0.000000000000000000e+00
2.237000000000000000e+03,1.282379402283563508e+00,-2.084254250095270766e+00,1.434435240112453869e+01,-3.597626980316392942e-01,-1.061795605071406534e+01,4.985000000000000142e+01,5.054699999999999704e+01,6.000000000000000000e+01,0.000000000000000000e+00
2.238000000000000000e+03,1.286082850672361388e+00,-2.084254250095270766e+00,1.433188064912837234e+01,-3.440557167539019523e-01,-1.061748783160683907e+01,4.985000000000000142e+01,5.054699999999999704e+01,6.000000000000000000e+01,0.000000000000000000e+00
2.239000000000000000e+03,7.199030312891139261e-01,-2.374315458501648379e+00,1.431767323006817705e+01,-6.064318351665611839e-01,-1.061702290511085423e+01,4.985000000000000142e+01,5.064399999999999835e+01,6.000000000000000000e+01,0.000000000000000000e+00
2.240000000000000000e+03,1.301827867714866471e+00,-2.084254250095270766e+00,1.430520147807201070e+01,-3.025581121817231822e-01,-1.061656124808015100e+01,4.985000000000000142e+01,5.054699999999999704e+01,6.000000000000000000e+01,0.000000000000000000e+00
2.241000000000000000e+03,1.303023996369688575e+00,-2.084254250095270766e+00,1.429272972607584435e+01,-2.893486420797173886e-01,-1.061610283753116768e+01,4.985000000000000142e+01,5.054699999999999704e+01,6.000000000000000000e+01,0.000000000000000000e+00
2.242000000000000000e+03,1.303640185377805238e+00,-2.084254250095270766e+00,1.428025797407967801e+01,-2.767158879649893599e-01,-1.061564765064161264e+01,4.985000000000000142e+01,5.054699999999999704e+01,6.000000000000000000e+01,0.000000000000000000e+00
2.243000000000000000e+03,1.303701636407586406e+00,-2.084254250095270766e+00,1.426778622208351166e+01,-2.646346708313100371e-01,-1.061519566474934528e+01,4.985000000000000142e+01,5.054699999999999704e+01,6.000000000000000000e+01,0.000000000000000000e+00
2.244000000000000000e+03,1.303232451671018310e+00,-2.084254250095270766e+00,1.425531447008734531e+01,-2.530809109697970682e-01,-1.061474685735126045e+01,4.985000000000000142e+01,5.054699999999999704e+01,6.000000000000000000e+01,0.000000000000000000e+00
2.245000000000000000e+03,1.683674488886191867e+00,-1.889883337245645611e+00,1.424400579395882716e+01,-5.614676172480659311e-02,-1.061430120610218353e+01,4.985000000000000142e+01,5.048199999999999932e+01,6.000000000000000000e+01,0.000000000000000000e+00
2.246000000000000000e+03,2.807780114988750242e+00,-1.312751242169052812e+00,1.423615055848348021e+01,4.982394874880982094e-01,-1.061385868881377448e+01,4.985000000000000142e+01,5.028900000000000148e+01,6.000000000000000000e+01,0.000000000000000000e+00
2.247000000000000000e+03,2.966386918981671172e+00,-1.217060946612300132e+00,1.422886791420451402e+01,5.679992348428922755e-01,-1.061341928345343533e+01,4.985000000000000142e+01,5.025699999999999790e+01,6.000000000000000000e+01,0.000000000000000000e+00
2.248000000000000000e+03,2.934742150941112016e+00,-1.217060946612300132e+00,1.422158526992554783e+01,5.432007957710854873e-01,-1.061298296814322129e+01,4.985000000000000142e+01,5.025699999999999790e+01,6.000000000000000000e+01,0.000000000000000000e+00
2.249000000000000000e+03,2.528626171311348259e+00,-1.408441537725784176e+00,1.421315744325382013e+01,3.364599869420876743e-01,-1.061254972115877493e+01,4.985000000000000142e+01,5.032099999999999795e+01,6.000000000000000000e+01,0.000000000000000000e+00
2.250000000000000000e+03,2.693714355900217683e+00,-1.312751242169052812e+00,1.420530220777847319e+01,4.132829112190402610e-01,-1.061211952092824262e+01,4.985000000000000142e+01,5.028900000000000148e+01,6.000000000000000000e+01,0.000000000000000000e+00
2.251000000000000000e+03,3.043793485256662379e+00,-1.121370651055568768e+00,1.419859215469588776e+01,5.782643276475689653e-01,-1.061169234603122469e+01,4.985000000000000142e+01,5.022500000000000142e+01,6.000000000000000000e+01,0.000000000000000000e+00
2.252000000000000000e+03,3.012260997348811031e+00,-1.121370651055568768e+00,1.419188210161330232e+01,5.530177219887884021e-01,-1.061126817519771137e+01,4.985000000000000142e+01,5.022500000000000142e+01,6.000000000000000000e+01,0.000000000000000000e+00
2.253000000000000000e+03,2.418501537205736795e+00,-1.408441537725784176e+00,1.418345427494157462e+01,2.543357872969826405e-01,-1.061084698730703657e+01,4.985000000000000142e+01,5.032099999999999795e+01,6.000000000000000000e+01,0.000000000000000000e+00
2.254000000000000000e+03,2.962714056440484356e+00,-1.121370651055568768e+00,1.417674422185898919e+01,5.177692470239050326e-01,-1.061042876138684043e+01,4.985000000000000142e+01,5.022500000000000142e+01,6.000000000000000000e+01,0.000000000000000000e+00
2.255000000000000000e+03,2.558263028969436803e+00,-1.312751242169052812e+00,1.416888898638364225e+01,3.121387613668795691e-01,-1.061001347661203198e+01,4.985000000000000142e+01,5.028900000000000148e+01,6.000000000000000000e+01,0.000000000000000000e+00
2.256000000000000000e+03,2.912743228751962121e+00,-1.121370651055568768e+00,1.416217893330105682e+01,4.815360588102344241e-01,-1.060960111230376057e+01,4.985000000000000142e+01,5.022500000000000142e+01,6.000000000000000000e+01,0.000000000000000000e+00
2.257000000000000000e+03,2.885419121203931070e+00,-1.121370651055568768e+00,1.415546888021847138e+01,4.605125399694273147e-01,-1.060919164792839808e+01,4.985000000000000142e+01,5.022500000000000142e+01,6.000000000000000000e+01,0.000000000000000000e+00
2.258000000000000000e+03,2.859010005861293280e+00,-1.121370651055568768e+00,1.414875882713588595e+01,4.404068928775018987e-01,-1.060878506309652458e+01,4.985000000000000142e+01,5.022500000000000142e+01,6.000000000000000000e+01,0.000000000000000000e+00
2.259000000000000000e+03,2.833475829348257591e+00,-1.121370651055568768e+00,1.414204877405330052e+01,4.211790439124459273e-01,-1.060838133756191937e+01,4.985000000000000142e+01,5.022500000000000142e+01,6.000000000000000000e+01,0.000000000000000000e+00
2.260000000000000000e+03,2.808778287732414114e+00,-1.121370651055568768e+00,1.413533872097071509e+01,4.027906690378326160e-01,-1.060798045122056443e+01,4.985000000000000142e+01,5.022500000000000142e+01,6.000000000000000000e+01,0.000000000000000000e+00
2.261000000000000000e+03,2.784880750140077410e+00,-1.121370651055568768e+00,1.412862866788812966e+01,3.852051174171692294e-01,-1.060758238410965149e+01,4.985000000000000142e+01,5.022500000000000142e+01,6.000000000000000000e+01,0.000000000000000000e+00
2.262000000000000000e+03,2.761748185706572656e+00,-1.121370651055568768e+00,1.412191861480554422e+01,3.683873383631885434e-01,-1.060718711640659073e+01,4.985000000000000142e+01,5.022500000000000142e+01,6.000000000000000000e+01,0.000000000000000000e+00
2.263000000000000000e+03,2.739347093715835513e+00,-1.121370651055568768e+00,1.411520856172295879e+01,3.523038114764816542e-01,-1.060679462842803567e+01,4.985000000000000142e+01,5.022500000000000142e+01,6.000000000000000000e+01,0.000000000000000000e+00
2.264000000000000000e+03,2.717645436790125046e+00,-1.121370651055568768e+00,1.410849850864037336e+01,3.369224798342280169e-01,-1.060640490062890784e+01,4.985000000000000142e+01,5.022500000000000142e+01,6.000000000000000000e+01,0.000000000000000000e+00
2.265000000000000000e+03,2.321061751675424389e+00,-1.312751242169052812e+00,1.410064327316502641e+01,1.391876342808849587e-01,-1.060601791360143409e+01,4.985000000000000142e+01,5.028900000000000148e+01,6.000000000000000000e+01,0.000000000000000000e+00
2.266000000000000000e+03,2.495289362137972589e+00,-1.217060946612300132e+00,1.409336062888606023e+01,2.246233279383905157e-01,-1.060563364807417841e+01,4.985000000000000142e+01,5.025699999999999790e+01,6.000000000000000000e+01,0.000000000000000000e+00
2.267000000000000000e+03,2.478581387684410942e+00,-1.217060946612300132e+00,1.408607798460709404e+01,2.148164346007130632e-01,-1.060525208491109694e+01,4.985000000000000142e+01,5.025699999999999790e+01,6.000000000000000000e+01,0.000000000000000000e+00
2.268000000000000000e+03,2.650074304455849017e+00,-1.121370651055568768e+00,1.407936793152450861e+01,2.969502290974998515e-01,-1.060487320511058940e+01,4.985000000000000142e+01,5.022500000000000142e+01,6.000000000000000000e+01,0.000000000000000000e+00
2.269000000000000000e+03,2.443000420068685230e+00,-1.217060946612300132e+00,1.407208528724554242e+01,1.924730692399968524e-01,-1.060449698980455402e+01,4.985000000000000142e+01,5.025699999999999790e+01,6.000000000000000000e+01,0.000000000000000000e+00
2.270000000000000000e+03,2.615463521887706477e+00,-1.121370651055568768e+00,1.406537523416295699e+01,2.755823590377766141e-01,-1.060412342025745858e+01,4.985000000000000142e+01,5.022500000000000142e+01,6.000000000000000000e+01,0.000000000000000000e+00
2.271000000000000000e+03,2.221541857801959452e+00,-1.312751242169052812e+00,1.405751999868761004e+01,8.052557914881566803e-02,-1.060375247786541308e+01,4.985000000000000142e+01,5.028900000000000148e+01,6.000000000000000000e+01,0.000000000000000000e+00
2.272000000000000000e+03,2.586090092346912783e+00,-1.121370651055568768e+00,1.405080994560502461e+01,2.600349419526997718e-01,-1.060338414415524255e+01,4.985000000000000142e+01,5.022500000000000142e+01,6.000000000000000000e+01,0.000000000000000000e+00
2.273000000000000000e+03,2.568392843637157696e+00,-1.121370651055568768e+00,1.404409989252243918e+01,2.486820029538673593e-01,-1.060301840078357927e+01,4.985000000000000142e+01,5.022500000000000142e+01,6.000000000000000000e+01,0.000000000000000000e+00
2.274000000000000000e+03,2.551188683974684679e+00,-1.121370651055568768e+00,1.403738983943985374e+01,2.378247251263503614e-01,-1.060265522953594974e+01,4.985000000000000142e+01,5.022500000000000142e+01,6.000000000000000000e+01,0.000000000000000000e+00
2.275000000000000000e+03,2.534455991234855432e+00,-1.121370651055568768e+00,1.403067978635726831e+01,2.274414682590303050e-01,-1.060229461232587411e+01,4.985000000000000142e+01,5.022500000000000142e+01,6.000000000000000000e+01,0.000000000000000000e+00
2.276000000000000000e+03,3.275143720250131452e+00,-7.356191470924384745e-01,1.402627799153509258e+01,5.864214070014479585e-01,-1.060193653119396906e+01,4.985000000000000142e+01,5.009599999999999653e+01,6.000000000000000000e+01,0.000000000000000000e+00
2.277000000000000000e+03,3.057719337763312950e+00,-8.313094426491911548e-01,1.402130360551653609e+01,4.693061432030263269e-01,-1.060158096830705787e+01,4.985000000000000142e+01,5.012800000000000011e+01,6.000000000000000000e+01,0.000000000000000000e+00
2.278000000000000000e+03,4.358772296510100119e+00,-1.554967302797043427e-01,1.402037314482241825e+01,1.095123787924672465e+00,-1.060122790595728581e+01,4.985000000000000142e+01,4.990200000000000102e+01,6.000000000000000000e+01,0.000000000000000000e+00
2.279000000000000000e+03,4.310380096347813605e+00,-1.554967302797043427e-01,1.401944268412830041e+01,1.047311469060461464e+00,-1.060087732656124437e+01,4.985000000000000142e+01,4.990200000000000102e+01,6.000000000000000000e+01,0.000000000000000000e+00
2.280000000000000000e+03,4.264072882229418937e+00,-1.554967302797043427e-01,1.401851222343418257e+01,1.001586601734039572e+00,-1.060052921265909909e+01,4.985000000000000142e+01,4.990200000000000102e+01,6.000000000000000000e+01,0.000000000000000000e+00
2.281000000000000000e+03,4.219759534855588967e+00,-1.554967302797043427e-01,1.401758176274006473e+01,9.578580493089474679e-01,-1.060018354691371911e+01,4.985000000000000142e+01,4.990200000000000102e+01,6.000000000000000000e+01,0.000000000000000000e+00
2.282000000000000000e+03,4.177352913765306042e+00,-1.554967302797043427e-01,1.401665130204594689e+01,9.160386541088856305e-01,-1.059984031210982103e+01,4.985000000000000142e+01,4.990200000000000102e+01,6.000000000000000000e+01,0.000000000000000000e+00
2.283000000000000000e+03,4.136769683618171101e+00,-1.554967302797043427e-01,1.401572084135182905e+01,8.760450636991689022e-01,-1.059949949115312151e+01,4.985000000000000142e+01,4.990200000000000102e+01,6.000000000000000000e+01,0.000000000000000000e+00
2.284000000000000000e+03,3.904286753754876216e+00,-2.541773475725981335e-01,1.401419989598644378e+01,7.434252724105091525e-01,-1.059916106706947758e+01,4.985000000000000142e+01,4.993500000000000227e+01,6.000000000000000000e+01,0.000000000000000000e+00
2.285000000000000000e+03,4.064287832751787732e+00,-1.554967302797043427e-01,1.401326943529232594e+01,8.053401507432162987e-01,-1.059882502300404994e+01,4.985000000000000142e+01,4.990200000000000102e+01,6.000000000000000000e+01,0.000000000000000000e+00
2.286000000000000000e+03,4.028530479665819897e+00,-1.554967302797043427e-01,1.401233897459820810e+01,7.701795775677799938e-01,-1.059849134222046452e+01,4.985000000000000142e+01,4.990200000000000102e+01,6.000000000000000000e+01,0.000000000000000000e+00
2.287000000000000000e+03,4.182081277975616018e+00,-5.980643472295177343e-02,1.401198110510047101e+01,8.280666156980837078e-01,-1.059816000809998826e+01,4.985000000000000142e+01,4.986999999999999744e+01,6.000000000000000000e+01,0.000000000000000000e+00
2.288000000000000000e+03,3.958124205446694077e+00,-1.554967302797043427e-01,1.401105064440635317e+01,7.004012954607390373e-01,-1.059783100414069423e+01,4.985000000000000142e+01,4.990200000000000102e+01,6.000000000000000000e+01,0.000000000000000000e+00
2.289000000000000000e+03,3.926941416892512748e+00,-1.554967302797043427e-01,1.401012018371223533e+01,6.698222774166356919e-01,-1.059750431395665338e+01,4.985000000000000142e+01,4.990200000000000102e+01,6.000000000000000000e+01,0.000000000000000000e+00
2.290000000000000000e+03,4.272642214143379746e+00,3.588386083377956282e-02,1.401033490541087723e+01,8.236033691758350983e-01,-1.059717992127711206e+01,4.985000000000000142e+01,4.983800000000000097e+01,6.000000000000000000e+01,0.000000000000000000e+00
2.291000000000000000e+03,4.237221114984517811e+00,3.588386083377956282e-02,1.401054962710951912e+01,7.876454369869104744e-01,-1.059685780994569093e+01,4.985000000000000142e+01,4.983800000000000097e+01,6.000000000000000000e+01,0.000000000000000000e+00
2.292000000000000000e+03,3.827816822719825041e+00,-1.554967302797043427e-01,1.400961916641540128e+01,5.702323505037060203e-01,-1.059653796391957847e+01,4.985000000000000142e+01,4.990200000000000102e+01,6.000000000000000000e+01,0.000000000000000000e+00
2.293000000000000000e+03,4.365634261359030432e+00,1.315741563905321321e-01,1.401040647931042393e+01,8.198739929268068494e-01,-1.059622036726873162e+01,4.985000000000000142e+01,4.980599999999999739e+01,6.000000000000000000e+01,0.000000000000000000e+00
2.294000000000000000e+03,3.955391001728877143e+00,-5.980643472295177343e-02,1.401004860981268685e+01,6.010538308142330255e-01,-1.059590500417509240e+01,4.985000000000000142e+01,4.986999999999999744e+01,6.000000000000000000e+01,0.000000000000000000e+00
2.295000000000000000e+03,3.929104698458143474e+00,-5.980643472295177343e-02,1.400969074031494976e+01,5.748122517979415980e-01,-1.059559185893179745e+01,4.985000000000000142e+01,4.986999999999999744e+01,6.000000000000000000e+01,0.000000000000000000e+00
2.296000000000000000e+03,3.334767661818382578e+00,-3.498676431293294975e-01,1.400759720375318373e+01,2.723190171369294643e-01,-1.059528091594240173e+01,4.985000000000000142e+01,4.996699999999999875e+01,6.000000000000000000e+01,0.000000000000000000e+00
2.297000000000000000e+03,3.508869041231568175e+00,-2.541773475725981335e-01,1.400607625838779846e+01,3.519422901364639977e-01,-1.059497215972009521e+01,4.985000000000000142e+01,4.993500000000000227e+01,6.000000000000000000e+01,0.000000000000000000e+00
2.298000000000000000e+03,3.116738307498188476e+00,-4.455579386860820668e-01,1.400341013062965168e+01,1.535516904415627770e-01,-1.059466557488694249e+01,4.985000000000000142e+01,4.999900000000000233e+01,6.000000000000000000e+01,0.000000000000000000e+00
2.299000000000000000e+03,3.107672651817656728e+00,-4.455579386860820668e-01,1.400074400287150489e+01,1.468477338053513215e-01,-1.059436114617311731e+01,4.985000000000000142e+01,4.999900000000000233e+01,6.000000000000000000e+01,0.000000000000000000e+00
2.300000000000000000e+03,2.911122132456549494e+00,-5.412482342428134308e-01,1.399750528391697735e+01,4.892394119852445933e-02,-1.059405885841613859e+01,4.985000000000000142e+01,5.003099999999999881e+01,6.000000000000000000e+01,0.000000000000000000e+00
2.301000000000000000e+03,2.906047591186688095e+00,-5.412482342428134308e-01,1.399426656496244981e+01,4.678795702717280375e-02,-1.059375869656012092e+01,4.985000000000000142e+01,5.003099999999999881e+01,6.000000000000000000e+01,0.000000000000000000e+00
2.302000000000000000e+03,3.276615019823543307e+00,-3.498676431293294975e-01,1.399217302840068378e+01,2.277702802072141264e-01,-1.059346064565502488e+01,4.985000000000000142e+01,4.996699999999999875e+01,6.000000000000000000e+01,0.000000000000000000e+00
2.303000000000000000e+03,3.452648563705574603e+00,-2.541773475725981335e-01,1.399065208303529850e+01,3.093385190987944511e-01,-1.059316469085591983e+01,4.985000000000000142e+01,4.993500000000000227e+01,6.000000000000000000e+01,0.000000000000000000e+00
2.304000000000000000e+03,2.305395536361308118e+00,-8.313094426491911548e-01,1.398567769701674202e+01,-2.561019005840041163e-01,-1.059287081742223791e+01,4.985000000000000142e+01,5.012800000000000011e+01,6.000000000000000000e+01,0.000000000000000000e+00
2.305000000000000000e+03,1.742699962654977952e+00,-1.121370651055568768e+00,1.397896764393415658e+01,-5.223180195065679765e-01,-1.059257901071704211e+01,4.985000000000000142e+01,5.022500000000000142e+01,6.000000000000000000e+01,0.000000000000000000e+00
2.306000000000000000e+03,1.952727088374432540e+00,-1.022690033762674977e+00,1.397284807552283858e+01,-4.051416971794233324e-01,-1.059228925620630690e+01,4.985000000000000142e+01,5.019200000000000017e+01,6.000000000000000000e+01,0.000000000000000000e+00
2.307000000000000000e+03,2.527909670515620988e+00,-7.356191470924384745e-01,1.396844628070066285e+01,-1.129159236344170480e-01,-1.059200153945818634e+01,4.985000000000000142e+01,5.009599999999999653e+01,6.000000000000000000e+01,0.000000000000000000e+00
2.308000000000000000e+03,3.097917616849052536e+00,-4.455579386860820668e-01,1.396578015294251607e+01,1.694112487349192508e-01,-1.059171584614229999e+01,4.985000000000000142e+01,4.999900000000000233e+01,6.000000000000000000e+01,0.000000000000000000e+00
2.309000000000000000e+03,3.657333019259093376e+00,-1.554967302797043427e-01,1.396484969224839823e+01,4.394122193194213155e-01,-1.059143216202902238e+01,4.985000000000000142e+01,4.990200000000000102e+01,6.000000000000000000e+01,0.000000000000000000e+00
2.310000000000000000e+03,3.637499825374066020e+00,-1.554967302797043427e-01,1.396391923155428039e+01,4.202277970882644098e-01,-1.059115047298877421e+01,4.985000000000000142e+01,4.990200000000000102e+01,6.000000000000000000e+01,0.000000000000000000e+00
2.311000000000000000e+03,3.618502228556645051e+00,-1.554967302797043427e-01,1.396298877086016255e+01,4.018809529675054226e-01,-1.059087076499131896e+01,4.985000000000000142e+01,4.990200000000000102e+01,6.000000000000000000e+01,0.000000000000000000e+00
2.312000000000000000e+03,3.600303674679054211e+00,-1.554967302797043427e-01,1.396205831016604471e+01,3.843351188977801036e-01,-1.059059302410506653e+01,4.985000000000000142e+01,4.990200000000000102e+01,6.000000000000000000e+01,0.000000000000000000e+00
2.313000000000000000e+03,3.582869206050801836e+00,-1.554967302797043427e-01,1.396112784947192687e+01,3.675553233549596066e-01,-1.059031723649638046e+01,4.985000000000000142e+01,4.990200000000000102e+01,6.000000000000000000e+01,0.000000000000000000e+00
2.314000000000000000e+03,3.753940804376417972e+00,-5.980643472295177343e-02,1.396076997997418978e+01,4.430206475540640620e-01,-1.059004338842888515e+01,4.985000000000000142e+01,4.986999999999999744e+01,6.000000000000000000e+01,0.000000000000000000e+00
2.315000000000000000e+03,4.110063718747042572e+00,1.315741563905321321e-01,1.396155729286921243e+01,6.067037357500881800e-01,-1.058977146626278909e+01,4.985000000000000142e+01,4.980599999999999739e+01,6.000000000000000000e+01,0.000000000000000000e+00
2.316000000000000000e+03,4.653827011265921243e+00,4.216353647968886231e-01,1.396408027282826403e+01,8.576128300949759087e-01,-1.058950145645420626e+01,4.985000000000000142e+01,4.970900000000000318e+01,6.000000000000000000e+01,0.000000000000000000e+00
2.317000000000000000e+03,4.806950753933385556e+00,5.173256603536411369e-01,1.396717584398369638e+01,9.116825951505275194e-01,-1.058923334555447937e+01,4.985000000000000142e+01,4.967699999999999960e+01,6.000000000000000000e+01,0.000000000000000000e+00
2.318000000000000000e+03,5.339703362060335579e+00,8.073868687600188609e-01,1.397200708220315768e+01,1.149276531306670179e+00,-1.058896712020951192e+01,4.985000000000000142e+01,4.957999999999999829e+01,6.000000000000000000e+01,0.000000000000000000e+00
2.319000000000000000e+03,4.913203557575922531e+00,6.130159559103725009e-01,1.397567524455497079e+01,9.132151242696814331e-01,-1.058870276715910208e+01,4.985000000000000142e+01,4.964500000000000313e+01,6.000000000000000000e+01,0.000000000000000000e+00
2.320000000000000000e+03,5.070907291034078668e+00,7.116965732032662917e-01,1.397993389157805133e+01,9.677170994890500477e-01,-1.058844027323628900e+01,4.985000000000000142e+01,4.961200000000000188e+01,6.000000000000000000e+01,0.000000000000000000e+00
2.321000000000000000e+03,5.033176751669387272e+00,7.116965732032662917e-01,1.398419253860113187e+01,9.254672652316806580e-01,-1.058817962536669199e+01,4.985000000000000142e+01,4.961200000000000188e+01,6.000000000000000000e+01,0.000000000000000000e+00
2.322000000000000000e+03,4.997288976684691519e+00,7.116965732032662917e-01,1.398845118562421241e+01,8.850620284250720893e-01,-1.058792081056785861e+01,4.985000000000000142e+01,4.961200000000000188e+01,6.000000000000000000e+01,0.000000000000000000e+00
2.323000000000000000e+03,4.963163445169897159e+00,7.116965732032662917e-01,1.399270983264729296e+01,8.464208552679644004e-01,-1.058766381594862693e+01,4.985000000000000142e+01,4.961200000000000188e+01,6.000000000000000000e+01,0.000000000000000000e+00
2.324000000000000000e+03,4.549304345205394284e+00,5.173256603536411369e-01,1.399580540380272531e+01,6.235819097575050485e-01,-1.058740862870847721e+01,4.985000000000000142e+01,4.967699999999999960e+01,6.000000000000000000e+01,0.000000000000000000e+00
2.325000000000000000e+03,3.580683125203934836e+00,3.588386083377956282e-02,1.399602012550136720e+01,1.359343750056883349e-01,-1.058715523613689946e+01,4.985000000000000142e+01,4.983800000000000097e+01,6.000000000000000000e+01,0.000000000000000000e+00
2.326000000000000000e+03,3.387439247481990989e+00,-5.980643472295177343e-02,1.399566225600363012e+01,3.848705181406598952e-02,-1.058690362561275400e+01,4.985000000000000142e+01,4.986999999999999744e+01,6.000000000000000000e+01,0.000000000000000000e+00
2.327000000000000000e+03,3.197875489263761750e+00,-1.554967302797043427e-01,1.399473179530951228e+01,-5.470579116239376871e-02,-1.058665378460365147e+01,4.985000000000000142e+01,4.990200000000000102e+01,6.000000000000000000e+01,0.000000000000000000e+00
2.328000000000000000e+03,3.199581528100448935e+00,-1.554967302797043427e-01,1.399380133461539444e+01,-5.231737556991352539e-02,-1.058640570066532760e+01,4.985000000000000142e+01,4.990200000000000102e+01,6.000000000000000000e+01,0.000000000000000000e+00
2.329000000000000000e+03,3.201181545711966336e+00,-1.554967302797043427e-01,1.399287087392127660e+01,-5.003323648858854639e-02,-1.058615936144101788e+01,4.985000000000000142e+01,4.990200000000000102e+01,6.000000000000000000e+01,0.000000000000000000e+00
2.330000000000000000e+03,3.390455519666478068e+00,-5.980643472295177343e-02,1.399251300442353951e+01,4.366370462673961617e-02,-1.058591475466085008e+01,4.985000000000000142e+01,4.986999999999999744e+01,6.000000000000000000e+01,0.000000000000000000e+00
2.331000000000000000e+03,4.145403842959741070e+00,3.259450692401572591e-01,1.399446339318621035e+01,4.106672486746067996e-01,-1.058567186814123318e+01,4.985000000000000142e+01,4.974099999999999966e+01,6.000000000000000000e+01,0.000000000000000000e+00
2.332000000000000000e+03,4.886635604931059973e+00,7.116965732032662917e-01,1.399872204020929090e+01,7.616476813027455162e-01,-1.058543068978424273e+01,4.985000000000000142e+01,4.961200000000000188e+01,6.000000000000000000e+01,0.000000000000000000e+00
2.333000000000000000e+03,5.045656155514357977e+00,8.073868687600188609e-01,1.400355327842875219e+01,8.199072159026157269e-01,-1.058519120757702936e+01,4.985000000000000142e+01,4.957999999999999829e+01,6.000000000000000000e+01,0.000000000000000000e+00
2.334000000000000000e+03,4.633509823963855467e+00,6.130159559103725009e-01,1.400722144078056530e+01,5.982258368641319990e-01,-1.058495340959121478e+01,4.985000000000000142e+01,4.964500000000000313e+01,6.000000000000000000e+01,0.000000000000000000e+00
2.335000000000000000e+03,4.804939395401415680e+00,7.116965732032662917e-01,1.401148008780364584e+01,6.664800183768048170e-01,-1.058471728398230027e+01,4.985000000000000142e+01,4.961200000000000188e+01,6.000000000000000000e+01,0.000000000000000000e+00
2.336000000000000000e+03,4.780334467993663239e+00,7.116965732032662917e-01,1.401573873482672639e+01,6.373819789527457313e-01,-1.058448281898907517e+01,4.985000000000000142e+01,4.961200000000000188e+01,6.000000000000000000e+01,0.000000000000000000e+00
2.337000000000000000e+03,4.944773703833691414e+00,8.073868687600188609e-01,1.402056997304618768e+01,7.010668649605172886e-01,-1.058425000293303242e+01,4.985000000000000142e+01,4.957999999999999829e+01,6.000000000000000000e+01,0.000000000000000000e+00
2.338000000000000000e+03,4.919228044437456759e+00,8.073868687600188609e-01,1.402540121126564898e+01,6.704587886295786392e-01,-1.058401882421779128e+01,4.985000000000000142e+01,4.957999999999999829e+01,6.000000000000000000e+01,0.000000000000000000e+00
2.339000000000000000e+03,4.895017085867541695e+00,8.073868687600188609e-01,1.403023244948511028e+01,6.411870389509248813e-01,-1.058378927132851288e+01,4.985000000000000142e+01,4.957999999999999829e+01,6.000000000000000000e+01,0.000000000000000000e+00
2.340000000000000000e+03,4.872082496494947179e+00,8.073868687600188609e-01,1.403506368770457158e+01,6.131932728616892314e-01,-1.058356133283133360e+01,4.985000000000000142e+01,4.957999999999999829e+01,6.000000000000000000e+01,0.000000000000000000e+00
2.341000000000000000e+03,5.038143904487119684e+00,9.030771643167502249e-01,1.404046751712041363e+01,6.779342204227466473e-01,-1.058333499737279126e+01,4.985000000000000142e+01,4.954800000000000182e+01,6.000000000000000000e+01,0.000000000000000000e+00
2.342000000000000000e+03,4.826398943268545239e+00,8.073868687600188609e-01,1.404529875533987493e+01,5.568235728479121738e-01,-1.058311025367926206e+01,4.985000000000000142e+01,4.957999999999999829e+01,6.000000000000000000e+01,0.000000000000000000e+00
2.343000000000000000e+03,4.807142826923580969e+00,8.073868687600188609e-01,1.405012999355933623e+01,5.325130551606231943e-01,-1.058288709055639742e+01,4.985000000000000142e+01,4.957999999999999829e+01,6.000000000000000000e+01,0.000000000000000000e+00
2.344000000000000000e+03,4.788946520883779812e+00,8.073868687600188609e-01,1.405496123177879753e+01,5.092639172335359232e-01,-1.058266549688857339e+01,4.985000000000000142e+01,4.957999999999999829e+01,6.000000000000000000e+01,0.000000000000000000e+00
2.345000000000000000e+03,4.771763697107777702e+00,8.073868687600188609e-01,1.405979246999825882e+01,4.870298199878263512e-01,-1.058244546163832744e+01,4.985000000000000142e+01,4.957999999999999829e+01,6.000000000000000000e+01,0.000000000000000000e+00
2.346000000000000000e+03,4.567774637946893534e+00,7.116965732032662917e-01,1.406405111702133937e+01,3.742539215681084386e-01,-1.058222697384582034e+01,4.985000000000000142e+01,4.961200000000000188e+01,6.000000000000000000e+01,0.000000000000000000e+00
2.347000000000000000e+03,4.362267184180909751e+00,6.130159559103725009e-01,1.406771927937315247e+01,2.635419715256633322e-01,-1.058201002262827828e+01,4.985000000000000142e+01,4.964500000000000313e+01,6.000000000000000000e+01,0.000000000000000000e+00
2.348000000000000000e+03,4.354644718587739050e+00,6.130159559103725009e-01,1.407138744172496558e+01,2.520359181318577724e-01,-1.058179459717945647e+01,4.985000000000000142e+01,4.964500000000000313e+01,6.000000000000000000e+01,0.000000000000000000e+00
2.349000000000000000e+03,4.728941890958932248e+00,8.073868687600188609e-01,1.407621867994442688e+01,4.269170290235927423e-01,-1.058158068676910624e+01,4.985000000000000142e+01,4.957999999999999829e+01,6.000000000000000000e+01,0.000000000000000000e+00
2.350000000000000000e+03,4.146152424389843105e+00,5.173256603536411369e-01,1.407931425109985923e+01,1.308807936787775850e-01,-1.058136828074243496e+01,4.985000000000000142e+01,4.967699999999999960e+01,6.000000000000000000e+01,0.000000000000000000e+00
2.351000000000000000e+03,3.955969333558305934e+00,4.216353647968886231e-01,1.408183723105891083e+01,3.365410622208354907e-02,-1.058115736851957678e+01,4.985000000000000142e+01,4.970900000000000318e+01,6.000000000000000000e+01,0.000000000000000000e+00
2.352000000000000000e+03,3.957232428309966465e+00,4.216353647968886231e-01,1.408436021101796243e+01,3.218479209018107468e-02,-1.058094793959506497e+01,4.985000000000000142e+01,4.970900000000000318e+01,6.000000000000000000e+01,0.000000000000000000e+00
2.353000000000000000e+03,4.334109024716900294e+00,6.130159559103725009e-01,1.408802837336977554e+01,2.138046789740638554e-01,-1.058073998353731149e+01,4.985000000000000142e+01,4.964500000000000313e+01,6.000000000000000000e+01,0.000000000000000000e+00
2.354000000000000000e+03,4.140873709071421160e+00,5.173256603536411369e-01,1.409112394452520789e+01,1.129575941806552491e-01,-1.058053348998808296e+01,4.985000000000000142e+01,4.967699999999999960e+01,6.000000000000000000e+01,0.000000000000000000e+00
2.355000000000000000e+03,4.139242674034505853e+00,5.173256603536411369e-01,1.409421951568064024e+01,1.080259466622186110e-01,-1.058032844866199440e+01,4.985000000000000142e+01,4.967699999999999960e+01,6.000000000000000000e+01,0.000000000000000000e+00
2.356000000000000000e+03,3.950050096519230891e+00,4.216353647968886231e-01,1.409674249563969184e+01,1.179708542863976140e-02,-1.058012484934598874e+01,4.985000000000000142e+01,4.970900000000000318e+01,6.000000000000000000e+01,0.000000000000000000e+00
2.357000000000000000e+03,3.952260191639666687e+00,4.216353647968886231e-01,1.409926547559874344e+01,1.128203314285993603e-02,-1.057992268189882523e+01,4.985000000000000142e+01,4.970900000000000318e+01,6.000000000000000000e+01,0.000000000000000000e+00
2.358000000000000000e+03,3.385297132147004007e+00,1.315741563905321321e-01,1.410005278849376609e+01,-2.666078764867075845e-01,-1.057972193625058566e+01,4.985000000000000142e+01,4.980599999999999739e+01,6.000000000000000000e+01,0.000000000000000000e+00
2.359000000000000000e+03,2.834597449513315937e+00,-1.554967302797043427e-01,1.409912232779964825e+01,-5.295055456044616138e-01,-1.057952260240216624e+01,4.985000000000000142e+01,4.990200000000000102e+01,6.000000000000000000e+01,0.000000000000000000e+00
2.360000000000000000e+03,2.856982753014245091e+00,-1.554967302797043427e-01,1.409819186710553041e+01,-5.063877133868036617e-01,-1.057932467042477676e+01,4.985000000000000142e+01,4.990200000000000102e+01,6.000000000000000000e+01,0.000000000000000000e+00
2.361000000000000000e+03,2.684713962228537198e+00,-2.541773475725981335e-01,1.409667092174014513e+01,-5.786514814795561401e-01,-1.057912813045945377e+01,4.985000000000000142e+01,4.993500000000000227e+01,6.000000000000000000e+01,0.000000000000000000e+00
2.362000000000000000e+03,2.902295077429613457e+00,-1.554967302797043427e-01,1.409574046104602729e+01,-4.590156806201428630e-01,-1.057893297271656685e+01,4.985000000000000142e+01,4.990200000000000102e+01,6.000000000000000000e+01,0.000000000000000000e+00
2.363000000000000000e+03,2.921598697263419808e+00,-1.554967302797043427e-01,1.409481000035190945e+01,-4.389753853334581457e-01,-1.057873918747532649e+01,4.985000000000000142e+01,4.990200000000000102e+01,6.000000000000000000e+01,0.000000000000000000e+00
2.364000000000000000e+03,2.940026009334067325e+00,-1.554967302797043427e-01,1.409387953965779161e+01,-4.198100349607138959e-01,-1.057854676508330627e+01,4.985000000000000142e+01,4.990200000000000102e+01,6.000000000000000000e+01,0.000000000000000000e+00
2.365000000000000000e+03,2.576196415726450084e+00,-3.498676431293294975e-01,1.409178600309602558e+01,-5.873662482842876287e-01,-1.057835569595595970e+01,4.985000000000000142e+01,4.996699999999999875e+01,6.000000000000000000e+01,0.000000000000000000e+00
2.366000000000000000e+03,2.412161180867311572e+00,-4.455579386860820668e-01,1.408911987533787880e+01,-6.532347852083437711e-01,-1.057816597057614061e+01,4.985000000000000142e+01,4.999900000000000233e+01,6.000000000000000000e+01,0.000000000000000000e+00
2.367000000000000000e+03,2.625978618899258876e+00,-3.498676431293294975e-01,1.408702633877611277e+01,-5.332024972538885743e-01,-1.057797757949363593e+01,4.985000000000000142e+01,4.996699999999999875e+01,6.000000000000000000e+01,0.000000000000000000e+00
2.368000000000000000e+03,3.028770193947513789e+00,-1.554967302797043427e-01,1.408609587808199493e+01,-3.240384405300872350e-01,-1.057779051332468967e+01,4.985000000000000142e+01,4.990200000000000102e+01,6.000000000000000000e+01,0.000000000000000000e+00
2.369000000000000000e+03,3.042172769652793818e+00,-1.554967302797043427e-01,1.408516541738787708e+01,-3.098911547038460945e-01,-1.057760476275153216e+01,4.985000000000000142e+01,4.990200000000000102e+01,6.000000000000000000e+01,0.000000000000000000e+00
2.370000000000000000e+03,3.054956378665576011e+00,-1.554967302797043427e-01,1.408423495669375924e+01,-2.963615292265497914e-01,-1.057742031852192888e+01,4.985000000000000142e+01,4.990200000000000102e+01,6.000000000000000000e+01,0.000000000000000000e+00
2.371000000000000000e+03,3.067147996780716923e+00,-1.554967302797043427e-01,1.408330449599964140e+01,-2.834225974905151269e-01,-1.057723717144870434e+01,4.985000000000000142e+01,4.990200000000000102e+01,6.000000000000000000e+01,0.000000000000000000e+00
2.372000000000000000e+03,3.078773422385719272e+00,-1.554967302797043427e-01,1.408237403530552356e+01,-2.710485702308026434e-01,-1.057705531240929631e+01,4.985000000000000142e+01,4.990200000000000102e+01,6.000000000000000000e+01,0.000000000000000000e+00
2.373000000000000000e+03,3.089857327863130720e+00,-1.554967302797043427e-01,1.408144357461140572e+01,-2.592147841232771976e-01,-1.057687473234529385e+01,4.985000000000000142e+01,4.990200000000000102e+01,6.000000000000000000e+01,0.000000000000000000e+00
2.374000000000000000e+03,2.906779914442489954e+00,-2.541773475725981335e-01,1.407992262924602045e+01,-3.422699449689389217e-01,-1.057669542226199333e+01,4.985000000000000142e+01,4.993500000000000227e+01,6.000000000000000000e+01,0.000000000000000000e+00
2.375000000000000000e+03,2.920380278340671154e+00,-2.541773475725981335e-01,1.407840168388063518e+01,-3.273266847394236123e-01,-1.057651737322794183e+01,4.985000000000000142e+01,4.993500000000000227e+01,6.000000000000000000e+01,0.000000000000000000e+00
2.376000000000000000e+03,3.126970372344196392e+00,-1.554967302797043427e-01,1.407747122318651734e+01,-2.186635441881150110e-01,-1.057634057637450198e+01,4.985000000000000142e+01,4.990200000000000102e+01,6.000000000000000000e+01,0.000000000000000000e+00
2.377000000000000000e+03,3.135762158584272541e+00,-1.554967302797043427e-01,1.407654076249239949e+01,-2.091168507330187776e-01,-1.057616502289540428e+01,4.985000000000000142e+01,4.990200000000000102e+01,6.000000000000000000e+01,0.000000000000000000e+00
2.378000000000000000e+03,2.574941688780070237e+00,-4.455579386860820668e-01,1.407387463473425271e+01,-4.773843032217938154e-01,-1.057599070404630659e+01,4.985000000000000142e+01,4.999900000000000233e+01,6.000000000000000000e+01,0.000000000000000000e+00
2.379000000000000000e+03,2.593290910094435020e+00,-4.455579386860820668e-01,1.407120850697610592e+01,-4.565420470512250861e-01,-1.057581761114436247e+01,4.985000000000000142e+01,4.999900000000000233e+01,6.000000000000000000e+01,0.000000000000000000e+00
2.380000000000000000e+03,2.422953543472091908e+00,-5.412482342428134308e-01,1.406796978802157838e+01,-5.281222747388818473e-01,-1.057564573556779131e+01,4.985000000000000142e+01,5.003099999999999881e+01,6.000000000000000000e+01,0.000000000000000000e+00
2.381000000000000000e+03,2.442942930934030699e+00,-5.412482342428134308e-01,1.406473106906705084e+01,-5.050648351347621912e-01,-1.057547506875544485e+01,4.985000000000000142e+01,5.003099999999999881e+01,6.000000000000000000e+01,0.000000000000000000e+00
2.382000000000000000e+03,1.704954814574486832e+00,-9.269997382059224078e-01,1.405918409185211360e+01,-8.519239368653244160e-01,-1.057530560220638094e+01,4.985000000000000142e+01,5.015999999999999659e+01,6.000000000000000000e+01,0.000000000000000000e+00
2.383000000000000000e+03,1.548995087280998106e+00,-1.022690033762674977e+00,1.405306452344079560e+01,-9.062420749176821611e-01,-1.057513732747944069e+01,4.985000000000000142e+01,5.019200000000000017e+01,6.000000000000000000e+01,0.000000000000000000e+00
2.384000000000000000e+03,1.388965094640992604e+00,-1.121370651055568768e+00,1.404635447035821016e+01,-9.610484884688174079e-01,-1.057497023619283105e+01,4.985000000000000142e+01,5.022500000000000142e+01,6.000000000000000000e+01,0.000000000000000000e+00
2.385000000000000000e+03,1.618023039518540429e+00,-1.022690033762674977e+00,1.404023490194689217e+01,-8.247175086419757939e-01,-1.057480432002370030e+01,4.985000000000000142e+01,5.019200000000000017e+01,6.000000000000000000e+01,0.000000000000000000e+00
2.386000000000000000e+03,1.454431400835588306e+00,-1.121370651055568768e+00,1.403352484886430673e+01,-8.830832262654180198e-01,-1.057463957070773120e+01,4.985000000000000142e+01,5.022500000000000142e+01,6.000000000000000000e+01,0.000000000000000000e+00
2.387000000000000000e+03,1.486439718496553652e+00,-1.121370651055568768e+00,1.402681479578172130e+01,-8.445284461908729723e-01,-1.057447598003872535e+01,4.985000000000000142e+01,5.022500000000000142e+01,6.000000000000000000e+01,0.000000000000000000e+00
2.388000000000000000e+03,1.516763611622822694e+00,-1.121370651055568768e+00,1.402010474269913587e+01,-8.076569401525508507e-01,-1.057431353986819289e+01,4.985000000000000142e+01,5.022500000000000142e+01,6.000000000000000000e+01,0.000000000000000000e+00
2.389000000000000000e+03,1.545476578842301052e+00,-1.121370651055568768e+00,1.401339468961655044e+01,-7.723952176137258707e-01,-1.057415224210495452e+01,4.985000000000000142e+01,5.022500000000000142e+01,6.000000000000000000e+01,0.000000000000000000e+00
2.390000000000000000e+03,1.572648910181886350e+00,-1.121370651055568768e+00,1.400668463653396500e+01,-7.386729965817785404e-01,-1.057399207871473124e+01,4.985000000000000142e+01,5.022500000000000142e+01,6.000000000000000000e+01,0.000000000000000000e+00
2.391000000000000000e+03,1.598347827150602640e+00,-1.121370651055568768e+00,1.399997458345137957e+01,-7.064230635254621360e-01,-1.057383304171974636e+01,4.985000000000000142e+01,5.022500000000000142e+01,6.000000000000000000e+01,0.000000000000000000e+00
2.392000000000000000e+03,1.622637616706819941e+00,-1.121370651055568768e+00,1.399326453036879414e+01,-6.755811394080805110e-01,-1.057367512319832414e+01,4.985000000000000142e+01,5.022500000000000142e+01,6.000000000000000000e+01,0.000000000000000000e+00
2.393000000000000000e+03,1.457804346715988686e+00,-1.217060946612300132e+00,1.398598188608982795e+01,-7.375982774770377670e-01,-1.057351831528450248e+01,4.985000000000000142e+01,5.025699999999999790e+01,6.000000000000000000e+01,0.000000000000000000e+00
2.394000000000000000e+03,1.670655831805753166e+00,-1.121370651055568768e+00,1.397927183300724252e+01,-6.138827399782813554e-01,-1.057336261016763856e+01,4.985000000000000142e+01,5.022500000000000142e+01,6.000000000000000000e+01,0.000000000000000000e+00
2.395000000000000000e+03,1.503126656124262439e+00,-1.217060946612300132e+00,1.397198918872827633e+01,-6.785935858996990921e-01,-1.057320800009201456e+01,4.985000000000000142e+01,5.025699999999999790e+01,6.000000000000000000e+01,0.000000000000000000e+00
2.396000000000000000e+03,9.564302240443787184e-01,-1.507122155018677967e+00,1.396297087738528120e+01,-9.263640209657624247e-01,-1.057305447735646275e+01,4.985000000000000142e+01,5.035399999999999920e+01,6.000000000000000000e+01,0.000000000000000000e+00
2.397000000000000000e+03,8.002333316018077625e-01,-1.602812450575430425e+00,1.395337997484590531e+01,-9.774321583546942138e-01,-1.057290203431397124e+01,4.985000000000000142e+01,5.038600000000000279e+01,6.000000000000000000e+01,0.000000000000000000e+00
2.398000000000000000e+03,6.456923741017082108e-01,-1.698502746132161789e+00,1.394321648111014866e+01,-1.026270697504973572e+00,-1.057275066337130554e+01,4.985000000000000142e+01,5.041799999999999926e+01,6.000000000000000000e+01,0.000000000000000000e+00
2.399000000000000000e+03,3.049346037638009932e-01,-1.889883337245645611e+00,1.393190780498163051e+01,-1.164489506983550804e+00,-1.057260035698863376e+01,4.985000000000000142e+01,5.048199999999999932e+01,6.000000000000000000e+01,0.000000000000000000e+00
2.400000000000000000e+03,5.323913659959753630e-01,-1.794193041688914469e+00,1.392117172004949310e+01,-1.022136204685455851e+00,-1.057245110767914831e+01,4.985000000000000142e+01,5.045000000000000284e+01,6.000000000000000000e+01,0.000000000000000000e+00
2.401000000000000000e+03,1.850104071137010919e-01,-1.988563954538539402e+00,1.390927255924970751e+01,-1.163395289588768255e+00,-1.057230290800869810e+01,4.985000000000000142e+01,5.051500000000000057e+01,6.000000000000000000e+01,0.000000000000000000e+00
2.402000000000000000e+03,3.627599471084685945e-02,-2.084254250095270766e+00,1.389680080725354117e+01,-1.204114811852015965e+00,-1.057215575059540846e+01,4.985000000000000142e+01,5.054699999999999704e+01,6.000000000000000000e+01,0.000000000000000000e+00
2.403000000000000000e+03,7.652115397204717340e-02,-2.084254250095270766e+00,1.388432905525737482e+01,-1.151544023080739443e+00,-1.057200962810931877e+01,4.985000000000000142e+01,5.054699999999999704e+01,6.000000000000000000e+01,0.000000000000000000e+00
2.404000000000000000e+03,1.144700826645710379e-01,-2.084254250095270766e+00,1.387185730326120847e+01,-1.101268437229343533e+00,-1.057186453327202358e+01,4.985000000000000142e+01,5.054699999999999704e+01,6.000000000000000000e+01,0.000000000000000000e+00
2.405000000000000000e+03,1.502229949283897525e-01,-2.084254250095270766e+00,1.385938555126504212e+01,-1.053187847385081533e+00,-1.057172045885629963e+01,4.985000000000000142e+01,5.054699999999999704e+01,6.000000000000000000e+01,0.000000000000000000e+00
2.406000000000000000e+03,1.838757298907314208e-01,-2.084254250095270766e+00,1.384691379926887578e+01,-1.007206421597121926e+00,-1.057157739768575233e+01,4.985000000000000142e+01,5.054699999999999704e+01,6.000000000000000000e+01,0.000000000000000000e+00
2.407000000000000000e+03,2.155199426741347679e-01,-2.084254250095270766e+00,1.383444204727270943e+01,-9.632325118688501719e-01,-1.057143534263445339e+01,4.985000000000000142e+01,5.054699999999999704e+01,6.000000000000000000e+01,0.000000000000000000e+00
2.408000000000000000e+03,2.452432870652501151e-01,-2.084254250095270766e+00,1.382197029527654308e+01,-9.211784714894293291e-01,-1.057129428662659265e+01,4.985000000000000142e+01,5.054699999999999704e+01,6.000000000000000000e+01,0.000000000000000000e+00
2.409000000000000000e+03,2.731295902084518445e-01,-2.084254250095270766e+00,1.380949854328037674e+01,-8.809604803405339801e-01,-1.057115422263612103e+01,4.985000000000000142e+01,5.054699999999999704e+01,6.000000000000000000e+01,0.000000000000000000e+00
2.410000000000000000e+03,2.992590196724744800e-01,-2.084254250095270766e+00,1.379702679128421039e+01,-8.424983778300665360e-01,-1.057101514368639883e+01,4.985000000000000142e+01,5.054699999999999704e+01,6.000000000000000000e+01,0.000000000000000000e+00
2.411000000000000000e+03,3.237082432230504736e-01,-2.084254250095270766e+00,1.378455503928804404e+01,-8.057155031198676154e-01,-1.057087704284985641e+01,4.985000000000000142e+01,5.054699999999999704e+01,6.000000000000000000e+01,0.000000000000000000e+00
2.412000000000000000e+03,3.465505816199971889e-01,-2.084254250095270766e+00,1.377208328729187770e+01,-7.705385423289701219e-01,-1.057073991324764073e+01,4.985000000000000142e+01,5.054699999999999704e+01,6.000000000000000000e+01,0.000000000000000000e+00
2.413000000000000000e+03,3.678561547433165657e-01,-2.084254250095270766e+00,1.375961153529571135e+01,-7.368973824078496326e-01,-1.057060374804927427e+01,4.985000000000000142e+01,5.054699999999999704e+01,6.000000000000000000e+01,0.000000000000000000e+00
2.414000000000000000e+03,3.876920213395358417e-01,-2.084254250095270766e+00,1.374713978329954500e+01,-7.047249713924201853e-01,-1.057046854047231932e+01,4.985000000000000142e+01,5.054699999999999704e+01,6.000000000000000000e+01,0.000000000000000000e+00
2.415000000000000000e+03,4.061223126668362937e-01,-2.084254250095270766e+00,1.373466803130337865e+01,-6.739571847592399356e-01,-1.057033428378203155e+01,4.985000000000000142e+01,5.054699999999999704e+01,6.000000000000000000e+01,0.000000000000000000e+00
2.416000000000000000e+03,2.354329476447194480e-01,-2.179944545652023447e+00,1.372162368811083155e+01,-7.360452235230499074e-01,-1.057020097129103853e+01,4.985000000000000142e+01,5.057900000000000063e+01,6.000000000000000000e+01,0.000000000000000000e+00
2.417000000000000000e+03,4.424315984147675351e-01,-2.084254250095270766e+00,1.370915193611466520e+01,-6.123974912456373598e-01,-1.057006859635898977e+01,4.985000000000000142e+01,5.054699999999999704e+01,6.000000000000000000e+01,0.000000000000000000e+00
2.418000000000000000e+03,2.690527128167268245e-01,-2.179944545652023447e+00,1.369610759292211810e+01,-6.771731820611238684e-01,-1.056993715239224407e+01,4.985000000000000142e+01,5.057900000000000063e+01,6.000000000000000000e+01,0.000000000000000000e+00
2.419000000000000000e+03,4.734791971120415610e-01,-2.084254250095270766e+00,1.368363584092595175e+01,-5.560957608751166958e-01,-1.056980663284352318e+01,4.985000000000000142e+01,5.054699999999999704e+01,6.000000000000000000e+01,0.000000000000000000e+00
2.420000000000000000e+03,1.098649633653216995e-01,-2.275634841208754811e+00,1.367001890653702389e+01,-7.148420707513506445e-01,-1.056967703121159730e+01,4.985000000000000142e+01,5.061099999999999710e+01,6.000000000000000000e+01,0.000000000000000000e+00
2.421000000000000000e+03,0.000000000000000000e+00,-2.374315458501648379e+00,1.372186867070355909e+01,-7.780048711609561796e-01,-1.056954834104095475e+01,4.985000000000000142e+01,5.064399999999999835e+01,6.000000000000000000e+01,0.000000000000000000e+00
2.422000000000000000e+03,2.135308948465990397e-01,-2.275634841208754811e+00,1.370825173631463123e+01,-6.496654443377865018e-01,-1.056942055592149110e+01,4.985000000000000142e+01,5.061099999999999710e+01,6.000000000000000000e+01,0.000000000000000000e+00
2.423000000000000000e+03,2.284047740764254542e-01,-2.275634841208754811e+00,1.369463480192570337e+01,-6.213015171523473823e-01,-1.056929366948817695e+01,4.985000000000000142e+01,5.061099999999999710e+01,6.000000000000000000e+01,0.000000000000000000e+00
2.424000000000000000e+03,2.420394122296691819e-01,-2.275634841208754811e+00,1.368101786753677551e+01,-5.941759386776065410e-01,-1.056916767542074531e+01,4.985000000000000142e+01,5.061099999999999710e+01,6.000000000000000000e+01,0.000000000000000000e+00
2.425000000000000000e+03,4.422642936589671336e-01,-2.179944545652023447e+00,1.366797352434422841e+01,-4.767221175898546104e-01,-1.056904256744338255e+01,4.985000000000000142e+01,5.057900000000000063e+01,6.000000000000000000e+01,0.000000000000000000e+00
2.426000000000000000e+03,6.873871723952262869e-02,-2.374315458501648379e+00,1.365376610528403312e+01,-6.417935902184540575e-01,-1.056891833932440861e+01,4.985000000000000142e+01,5.064399999999999835e+01,6.000000000000000000e+01,0.000000000000000000e+00
2.427000000000000000e+03,4.640937072770103811e-01,-2.179944545652023447e+00,1.364072176209148601e+01,-4.278885242864844951e-01,-1.056879498487596791e+01,4.985000000000000142e+01,5.057900000000000063e+01,6.000000000000000000e+01,0.000000000000000000e+00
2.428000000000000000e+03,4.698531569806085884e-01,-2.179944545652023447e+00,1.362767741889893891e+01,-4.092072183125800011e-01,-1.056867249795372565e+01,4.985000000000000142e+01,5.057900000000000063e+01,6.000000000000000000e+01,0.000000000000000000e+00
2.429000000000000000e+03,2.870207201829710897e-01,-2.275634841208754811e+00,1.361406048451001105e+01,-4.828540506617278738e-01,-1.056855087245655689e+01,4.985000000000000142e+01,5.061099999999999710e+01,6.000000000000000000e+01,0.000000000000000000e+00
2.430000000000000000e+03,2.946056173437856529e-01,-2.275634841208754811e+00,1.360044355012108319e+01,-4.617729892423018678e-01,-1.056843010232624103e+01,4.985000000000000142e+01,5.061099999999999710e+01,6.000000000000000000e+01,0.000000000000000000e+00
2.431000000000000000e+03,1.076258868305153271e-01,-2.374315458501648379e+00,1.358623613106088790e+01,-5.359846041815539142e-01,-1.056831018154717050e+01,4.985000000000000142e+01,5.064399999999999835e+01,6.000000000000000000e+01,0.000000000000000000e+00
2.432000000000000000e+03,1.169382484380658838e-01,-2.374315458501648379e+00,1.357202871200069261e+01,-5.125839009149391057e-01,-1.056819110414603990e+01,4.985000000000000142e+01,5.064399999999999835e+01,6.000000000000000000e+01,0.000000000000000000e+00
2.433000000000000000e+03,1.252281146836171644e-01,-2.374315458501648379e+00,1.355782129294049732e+01,-4.902048555636824290e-01,-1.056807286419154934e+01,4.985000000000000142e+01,5.064399999999999835e+01,6.000000000000000000e+01,0.000000000000000000e+00
2.434000000000000000e+03,0.000000000000000000e+00,-2.661386345171885104e+00,1.397268224196468012e+01,-7.433404409986756889e-01,-1.056795545579412021e+01,4.985000000000000142e+01,5.074000000000000199e+01,6.000000000000000000e+01,0.000000000000000000e+00
2.435000000000000000e+03,0.000000000000000000e+00,-2.757076640728616468e+00,1.412731477040954076e+01,-8.023992565753370609e-01,-1.056783887310558789e+01,4.985000000000000142e+01,5.077199999999999847e+01,6.000000000000000000e+01,0.000000000000000000e+00
2.436000000000000000e+03,9.633951997357126373e-01,-2.275634841208754811e+00,1.411369783602061290e+01,-3.069446847572279702e-01,-1.056772311031891753e+01,4.985000000000000142e+01,5.061099999999999710e+01,6.000000000000000000e+01,0.000000000000000000e+00
2.437000000000000000e+03,9.632941987112122462e-01,-2.275634841208754811e+00,1.410008090163168504e+01,-2.935437000438023136e-01,-1.056760816166791628e+01,4.985000000000000142e+01,5.061099999999999710e+01,6.000000000000000000e+01,0.000000000000000000e+00
2.438000000000000000e+03,1.150382724559467107e+00,-2.179944545652023447e+00,1.408703655843913793e+01,-1.892152668007072158e-01,-1.056749402142694017e+01,4.985000000000000142e+01,5.057900000000000063e+01,6.000000000000000000e+01,0.000000000000000000e+00
2.439000000000000000e+03,7.642939147089666818e-01,-2.374315458501648379e+00,1.407282913937894264e+01,-3.668390822577152210e-01,-1.056738068391061169e+01,4.985000000000000142e+01,5.064399999999999835e+01,6.000000000000000000e+01,0.000000000000000000e+00
2.440000000000000000e+03,0.000000000000000000e+00,-2.951447553578262717e+00,1.442147377005309394e+01,-9.027580730012891852e-01,-1.056726814347354271e+01,4.985000000000000142e+01,5.083700000000000330e+01,6.000000000000000000e+01,0.000000000000000000e+00
2.441000000000000000e+03,2.096400716777164774e-01,-2.855757258021510037e+00,1.440438550153610819e+01,-7.718317773268379423e-01,-1.056715639451004307e+01,4.985000000000000142e+01,5.080499999999999972e+01,6.000000000000000000e+01,0.000000000000000000e+00
2.442000000000000000e+03,3.858497518957193506e-02,-2.951447553578262717e+00,1.438672464182274169e+01,-8.296466816010621415e-01,-1.056704543145384534e+01,4.985000000000000142e+01,5.083700000000000330e+01,6.000000000000000000e+01,0.000000000000000000e+00
2.443000000000000000e+03,8.142257093138525192e-01,-2.565696049615132424e+00,1.437137204036978488e+01,-4.245150326629692494e-01,-1.056693524877783119e+01,4.985000000000000142e+01,5.070799999999999841e+01,6.000000000000000000e+01,0.000000000000000000e+00
2.444000000000000000e+03,6.297411247343411844e-01,-2.661386345171885104e+00,1.435544684772044732e+01,-4.974935368204706498e-01,-1.056682584099375077e+01,4.985000000000000142e+01,5.074000000000000199e+01,6.000000000000000000e+01,0.000000000000000000e+00
2.445000000000000000e+03,4.478693686479573444e-01,-2.757076640728616468e+00,1.433894906387472901e+01,-5.672858518461970645e-01,-1.056671720265195802e+01,4.985000000000000142e+01,5.077199999999999847e+01,6.000000000000000000e+01,0.000000000000000000e+00
2.446000000000000000e+03,4.562467523950743953e-01,-2.757076640728616468e+00,1.432245128002901069e+01,-5.425185585641962849e-01,-1.056660932834112288e+01,4.985000000000000142e+01,5.077199999999999847e+01,6.000000000000000000e+01,0.000000000000000000e+00
2.447000000000000000e+03,0.000000000000000000e+00,-3.047137849134994081e+00,1.440986999351718545e+01,-7.962299316942118566e-01,-1.056650221268797907e+01,4.985000000000000142e+01,5.086899999999999977e+01,6.000000000000000000e+01,0.000000000000000000e+00
2.448000000000000000e+03,2.044111516298237063e-01,-2.951447553578262717e+00,1.439220913380381894e+01,-6.699545782386856496e-01,-1.056639585035704698e+01,4.985000000000000142e+01,5.083700000000000330e+01,6.000000000000000000e+01,0.000000000000000000e+00
2.449000000000000000e+03,4.038810550985054704e-01,-2.855757258021510037e+00,1.437512086528683319e+01,-5.491923161164468103e-01,-1.056629023605037077e+01,4.985000000000000142e+01,5.080499999999999972e+01,6.000000000000000000e+01,0.000000000000000000e+00
2.450000000000000000e+03,3.532417529699749537e-02,-3.047137849134994081e+00,1.435688741437708771e+01,-7.082400254378415916e-01,-1.056618536450725365e+01,4.985000000000000142e+01,5.086899999999999977e+01,6.000000000000000000e+01,0.000000000000000000e+00
2.451000000000000000e+03,4.811610976137004059e-02,-3.047137849134994081e+00,1.433865396346734045e+01,-6.773187740669780466e-01,-1.056608123050399861e+01,4.985000000000000142e+01,5.086899999999999977e+01,6.000000000000000000e+01,0.000000000000000000e+00
2.452000000000000000e+03,5.955731222300819638e-02,-3.047137849134994081e+00,1.432042051255759318e+01,-6.477475223459493447e-01,-1.056597782885364190e+01,4.985000000000000142e+01,5.086899999999999977e+01,6.000000000000000000e+01,0.000000000000000000e+00
2.453000000000000000e+03,6.970672784852816051e-02,-3.047137849134994081e+00,1.430218706164784592e+01,-6.194673302586256591e-01,-1.056587515440569724e+01,4.985000000000000142e+01,5.086899999999999977e+01,6.000000000000000000e+01,0.000000000000000000e+00
2.454000000000000000e+03,7.862072848950596438e-02,-3.047137849134994081e+00,1.428395361073809866e+01,-5.924218310676937493e-01,-1.056577320204590364e+01,4.985000000000000142e+01,5.086899999999999977e+01,6.000000000000000000e+01,0.000000000000000000e+00
2.455000000000000000e+03,4.619040503514550977e-01,-2.855757258021510037e+00,1.426686534222111291e+01,-3.835320671521775804e-01,-1.056567196669596953e+01,4.985000000000000142e+01,5.080499999999999972e+01,6.000000000000000000e+01,0.000000000000000000e+00
2.456000000000000000e+03,1.030855259724377859e+00,-2.565696049615132424e+00,1.425151274076815611e+01,-8.938998811533444000e-02,-1.056557144331331166e+01,4.985000000000000142e+01,5.070799999999999841e+01,6.000000000000000000e+01,0.000000000000000000e+00
2.457000000000000000e+03,1.964250222389246403e+00,-2.084254250095270766e+00,1.423904098877198976e+01,3.749351106033441683e-01,-1.056547162689081709e+01,4.985000000000000142e+01,5.054699999999999704e+01,6.000000000000000000e+01,0.000000000000000000e+00
2.458000000000000000e+03,1.935508186902424654e+00,-2.084254250095270766e+00,1.422656923677582341e+01,3.585657126784509430e-01,-1.056537251245658027e+01,4.985000000000000142e+01,5.054699999999999704e+01,6.000000000000000000e+01,0.000000000000000000e+00
2.459000000000000000e+03,1.907480130533155460e+00,-2.084254250095270766e+00,1.421409748477965707e+01,3.429109909224347663e-01,-1.056527409507366677e+01,4.985000000000000142e+01,5.054699999999999704e+01,6.000000000000000000e+01,0.000000000000000000e+00
2.460000000000000000e+03,1.880134855934878502e+00,-2.084254250095270766e+00,1.420162573278349072e+01,3.279397430865200191e-01,-1.056517636983986108e+01,4.985000000000000142e+01,5.054699999999999704e+01,6.000000000000000000e+01,0.000000000000000000e+00
2.461000000000000000e+03,2.610412160282422178e+00,-1.698502746132161789e+00,1.419146223904773407e+01,6.825319992542735470e-01,-1.056507933188742321e+01,4.985000000000000142e+01,5.041799999999999926e+01,6.000000000000000000e+01,0.000000000000000000e+00
2.462000000000000000e+03,2.946096989980077296e+00,-1.507122155018677967e+00,1.418244392770473894e+01,8.357581936768638808e-01,-1.056498297638284711e+01,4.985000000000000142e+01,5.035399999999999920e+01,6.000000000000000000e+01,0.000000000000000000e+00
2.463000000000000000e+03,3.282104560354222045e+00,-1.312751242169052812e+00,1.417458869222939200e+01,9.851544088205003158e-01,-1.056488729852661734e+01,4.985000000000000142e+01,5.028900000000000148e+01,6.000000000000000000e+01,0.000000000000000000e+00
2.464000000000000000e+03,3.606884020501668786e+00,-1.121370651055568768e+00,1.416787863914680656e+01,1.125168325963408877e+00,-1.056479229355297811e+01,4.985000000000000142e+01,5.022500000000000142e+01,6.000000000000000000e+01,0.000000000000000000e+00
2.465000000000000000e+03,3.551144262403395757e+00,-1.121370651055568768e+00,1.416116858606422113e+01,1.076044284124429540e+00,-1.056469795672968637e+01,4.985000000000000142e+01,5.022500000000000142e+01,6.000000000000000000e+01,0.000000000000000000e+00
2.466000000000000000e+03,3.497548561275484857e+00,-1.121370651055568768e+00,1.415445853298163570e+01,1.029064962707198383e+00,-1.056460428335777912e+01,4.985000000000000142e+01,5.022500000000000142e+01,6.000000000000000000e+01,0.000000000000000000e+00
2.467000000000000000e+03,3.639646679135267959e+00,-1.022690033762674977e+00,1.414833896457031770e+01,1.078509017098969291e+00,-1.056451126877134428e+01,4.985000000000000142e+01,5.019200000000000017e+01,6.000000000000000000e+01,0.000000000000000000e+00
2.468000000000000000e+03,3.962083366588698752e+00,-8.313094426491911548e-01,1.414336457855176121e+01,1.214447139023410172e+00,-1.056441890833728081e+01,4.985000000000000142e+01,5.012800000000000011e+01,6.000000000000000000e+01,0.000000000000000000e+00
2.469000000000000000e+03,3.904178800689892981e+00,-8.313094426491911548e-01,1.413839019253320473e+01,1.161425248260947729e+00,-1.056432719745506787e+01,4.985000000000000142e+01,5.012800000000000011e+01,6.000000000000000000e+01,0.000000000000000000e+00
2.470000000000000000e+03,4.036363900177189379e+00,-7.356191470924384745e-01,1.413398839771102899e+01,1.202230781115146030e+00,-1.056423613155654628e+01,4.985000000000000142e+01,5.009599999999999653e+01,6.000000000000000000e+01,0.000000000000000000e+00
2.471000000000000000e+03,3.604013172143627486e+00,-9.269997382059224078e-01,1.412844142049609175e+01,9.667171959591364105e-01,-1.056414570610567871e+01,4.985000000000000142e+01,5.015999999999999659e+01,6.000000000000000000e+01,0.000000000000000000e+00
2.472000000000000000e+03,3.368574392588755018e+00,-1.022690033762674977e+00,1.412232185208477375e+01,8.329984908649875619e-01,-1.056405591659833121e+01,4.985000000000000142e+01,5.019200000000000017e+01,6.000000000000000000e+01,0.000000000000000000e+00
2.473000000000000000e+03,3.132532471446291211e+00,-1.121370651055568768e+00,1.411561179900218832e+01,7.022580820617175812e-01,-1.056396675856204581e+01,4.985000000000000142e+01,5.022500000000000142e+01,6.000000000000000000e+01,0.000000000000000000e+00
2.474000000000000000e+03,3.095250865355017922e+00,-1.121370651055568768e+00,1.410890174591960289e+01,6.715979980468009813e-01,-1.056387822755581674e+01,4.985000000000000142e+01,5.022500000000000142e+01,6.000000000000000000e+01,0.000000000000000000e+00
2.475000000000000000e+03,3.059307233913912683e+00,-1.121370651055568768e+00,1.410219169283701746e+01,6.422765113023378714e-01,-1.056379031916987365e+01,4.985000000000000142e+01,5.022500000000000142e+01,6.000000000000000000e+01,0.000000000000000000e+00
2.476000000000000000e+03,3.024643139305306150e+00,-1.121370651055568768e+00,1.409548163975443202e+01,6.142351796319014401e-01,-1.056370302902545788e+01,4.985000000000000142e+01,5.022500000000000142e+01,6.000000000000000000e+01,0.000000000000000000e+00
2.477000000000000000e+03,2.991202695225101849e+00,-1.121370651055568768e+00,1.408877158667184659e+01,5.874181123834302243e-01,-1.056361635277460564e+01,4.985000000000000142e+01,5.022500000000000142e+01,6.000000000000000000e+01,0.000000000000000000e+00
2.478000000000000000e+03,2.958932455484392321e+00,-1.121370651055568768e+00,1.408206153358926116e+01,5.617718590506322052e-01,-1.056353028609993139e+01,4.985000000000000142e+01,5.022500000000000142e+01,6.000000000000000000e+01,0.000000000000000000e+00
2.479000000000000000e+03,2.927781307474665695e+00,-1.121370651055568768e+00,1.407535148050667573e+01,5.372453027379708868e-01,-1.056344482471441104e+01,4.985000000000000142e+01,5.022500000000000142e+01,6.000000000000000000e+01,0.000000000000000000e+00
2.480000000000000000e+03,2.897700370284244542e+00,-1.121370651055568768e+00,1.406864142742409030e+01,5.137895582768942093e-01,-1.056335996436117064e+01,4.985000000000000142e+01,5.022500000000000142e+01,6.000000000000000000e+01,0.000000000000000000e+00
2.481000000000000000e+03,2.868642897262892788e+00,-1.121370651055568768e+00,1.406193137434150486e+01,4.913578747902354604e-01,-1.056327570081327849e+01,4.985000000000000142e+01,5.022500000000000142e+01,6.000000000000000000e+01,0.000000000000000000e+00
2.482000000000000000e+03,2.840564182840406460e+00,-1.121370651055568768e+00,1.405522132125891943e+01,4.699055425105829187e-01,-1.056319202987352668e+01,4.985000000000000142e+01,5.022500000000000142e+01,6.000000000000000000e+01,0.000000000000000000e+00
2.483000000000000000e+03,2.813421473413434626e+00,-1.121370651055568768e+00,1.404851126817633400e+01,4.493898036668920737e-01,-1.056310894737422146e+01,4.985000000000000142e+01,5.022500000000000142e+01,6.000000000000000000e+01,0.000000000000000000e+00
2.484000000000000000e+03,2.787173882122916169e+00,-1.121370651055568768e+00,1.404180121509374857e+01,4.297697672617248887e-01,-1.056302644917698785e+01,4.985000000000000142e+01,5.022500000000000142e+01,6.000000000000000000e+01,0.000000000000000000e+00
2.485000000000000000e+03,2.761782307352300236e+00,-1.121370651055568768e+00,1.403509116201116314e+01,4.110063275692535378e-01,-1.056294453117254761e+01,4.985000000000000142e+01,5.022500000000000142e+01,6.000000000000000000e+01,0.000000000000000000e+00
2.486000000000000000e+03,2.737209354784063464e+00,-1.121370651055568768e+00,1.402838110892857770e+01,3.930620861915826714e-01,-1.056286318928052737e+01,4.985000000000000142e+01,5.022500000000000142e+01,6.000000000000000000e+01,0.000000000000000000e+00
2.487000000000000000e+03,2.713419262859211756e+00,-1.121370651055568768e+00,1.402167105584599227e+01,3.759012775180369248e-01,-1.056278241944924901e+01,4.985000000000000142e+01,5.022500000000000142e+01,6.000000000000000000e+01,0.000000000000000000e+00
2.488000000000000000e+03,2.502602418830569775e+00,-1.217060946612300132e+00,1.401438841156702608e+01,2.679771715313661873e-01,-1.056270221765552364e+01,4.985000000000000142e+01,5.025699999999999790e+01,6.000000000000000000e+01,0.000000000000000000e+00
2.489000000000000000e+03,2.108148895937503653e+00,-1.408441537725784176e+00,1.400596058489529838e+01,7.325242867245432277e-02,-1.056262257990446507e+01,4.985000000000000142e+01,5.032099999999999795e+01,6.000000000000000000e+01,0.000000000000000000e+00
2.490000000000000000e+03,1.715183191494528359e+00,-1.602812450575430425e+00,1.399636968235592249e+01,-1.158305380566863191e-01,-1.056254350222927663e+01,4.985000000000000142e+01,5.038600000000000279e+01,6.000000000000000000e+01,0.000000000000000000e+00
2.491000000000000000e+03,1.898503301340815241e+00,-1.507122155018677967e+00,1.398735137101292736e+01,-1.926093396237177346e-02,-1.056246498069106288e+01,4.985000000000000142e+01,5.035399999999999920e+01,6.000000000000000000e+01,0.000000000000000000e+00
2.492000000000000000e+03,1.702628465207315145e+00,-1.602812450575430425e+00,1.397776046847355147e+01,-1.099325413121802764e-01,-1.056238701137862535e+01,4.985000000000000142e+01,5.038600000000000279e+01,6.000000000000000000e+01,0.000000000000000000e+00
2.493000000000000000e+03,1.510139146858280768e+00,-1.698502746132161789e+00,1.396759697473779482e+01,-1.966454913390779380e-01,-1.056230959040827422e+01,4.985000000000000142e+01,5.041799999999999926e+01,6.000000000000000000e+01,0.000000000000000000e+00
2.494000000000000000e+03,1.320862518011496789e+00,-1.794193041688914469e+00,1.395686088980565742e+01,-2.795726161816126654e-01,-1.056223271392363472e+01,4.985000000000000142e+01,5.045000000000000284e+01,6.000000000000000000e+01,0.000000000000000000e+00
2.495000000000000000e+03,1.322408708745546946e+00,-1.794193041688914469e+00,1.394612480487352002e+01,-2.673666763436074456e-01,-1.056215637809545171e+01,4.985000000000000142e+01,5.045000000000000284e+01,6.000000000000000000e+01,0.000000000000000000e+00
2.496000000000000000e+03,1.886747698031360443e+00,-1.507122155018677967e+00,1.393710649353052489e+01,1.884393864091432613e-02,-1.056208057912140141e+01,4.985000000000000142e+01,5.035399999999999920e+01,6.000000000000000000e+01,0.000000000000000000e+00
2.497000000000000000e+03,2.633951572030799326e+00,-1.121370651055568768e+00,1.393039644044793945e+01,3.869310958643278342e-01,-1.056200531322589953e+01,4.985000000000000142e+01,5.022500000000000142e+01,6.000000000000000000e+01,0.000000000000000000e+00
2.498000000000000000e+03,2.610423121479549025e+00,-1.121370651055568768e+00,1.392368638736535402e+01,3.700379618296789630e-01,-1.056193057665991475e+01,4.985000000000000142e+01,5.022500000000000142e+01,6.000000000000000000e+01,0.000000000000000000e+00
2.499000000000000000e+03,2.587631687433111338e+00,-1.121370651055568768e+00,1.391697633428276859e+01,3.538823699066950823e-01,-1.056185636570078223e+01,4.985000000000000142e+01,5.022500000000000142e+01,6.000000000000000000e+01,0.000000000000000000e+00
2.500000000000000000e+03,2.565545073028543399e+00,-1.121370651055568768e+00,1.391026628120018316e+01,3.384321195359439316e-01,-1.056178267665201531e+01,4.985000000000000142e+01,5.022500000000000142e+01,6.000000000000000000e+01,0.000000000000000000e+00
2.501000000000000000e+03,2.544132487230214679e+00,-1.121370651055568768e+00,1.390355622811759773e+01,3.236564160113151734e-01,-1.056170950584312962e+01,4.985000000000000142e+01,5.022500000000000142e+01,6.000000000000000000e+01,0.000000000000000000e+00
2.502000000000000000e+03,2.717007877757726675e+00,-1.022690033762674977e+00,1.389743665970627973e+01,4.038981014435719108e-01,-1.056163684962944949e+01,4.985000000000000142e+01,5.019200000000000017e+01,6.000000000000000000e+01,0.000000000000000000e+00
2.503000000000000000e+03,3.068877378580189941e+00,-8.313094426491911548e-01,1.389246227368772324e+01,5.692892519335942536e-01,-1.056156470439193562e+01,4.985000000000000142e+01,5.012800000000000011e+01,6.000000000000000000e+01,0.000000000000000000e+00
2.504000000000000000e+03,2.469925650496653802e+00,-1.121370651055568768e+00,1.388575222060513781e+01,2.670371474840823045e-01,-1.056149306653699682e+01,4.985000000000000142e+01,5.022500000000000142e+01,6.000000000000000000e+01,0.000000000000000000e+00
2.505000000000000000e+03,2.451628081186276731e+00,-1.121370651055568768e+00,1.387904216752255238e+01,2.553784972156100674e-01,-1.056142193249631589e+01,4.985000000000000142e+01,5.022500000000000142e+01,6.000000000000000000e+01,0.000000000000000000e+00
2.506000000000000000e+03,2.433839019910873702e+00,-1.121370651055568768e+00,1.387233211443996694e+01,2.442288552531475809e-01,-1.056135129872667200e+01,4.985000000000000142e+01,5.022500000000000142e+01,6.000000000000000000e+01,0.000000000000000000e+00
2.507000000000000000e+03,2.416536247251301006e+00,-1.121370651055568768e+00,1.386562206135738151e+01,2.335659986592517889e-01,-1.056128116170976305e+01,4.985000000000000142e+01,5.022500000000000142e+01,6.000000000000000000e+01,0.000000000000000000e+00
2.508000000000000000e+03,2.399698514001181948e+00,-1.121370651055568768e+00,1.385891200827479608e+01,2.233686747339840850e-01,-1.056121151795202984e+01,4.985000000000000142e+01,5.022500000000000142e+01,6.000000000000000000e+01,0.000000000000000000e+00
2.509000000000000000e+03,2.383305498807196443e+00,-1.121370651055568768e+00,1.385220195519221065e+01,2.136165586550371198e-01,-1.056114236398448192e+01,4.985000000000000142e+01,5.022500000000000142e+01,6.000000000000000000e+01,0.000000000000000000e+00
2.510000000000000000e+03,2.179562354998203944e+00,-1.217060946612300132e+00,1.384491931091324446e+01,1.127776870597868714e-01,-1.056107369636252713e+01,4.985000000000000142e+01,5.025699999999999790e+01,6.000000000000000000e+01,0.000000000000000000e+00
2.511000000000000000e+03,2.355199515173937996e+00,-1.121370651055568768e+00,1.383820925783065903e+01,1.993664200646458884e-01,-1.056100551166579748e+01,4.985000000000000142e+01,5.022500000000000142e+01,6.000000000000000000e+01,0.000000000000000000e+00
2.512000000000000000e+03,2.339852972398231756e+00,-1.121370651055568768e+00,1.383149920474807359e+01,1.906622252037058762e-01,-1.056093780649797864e+01,4.985000000000000142e+01,5.022500000000000142e+01,6.000000000000000000e+01,0.000000000000000000e+00
2.513000000000000000e+03,1.761559734386880294e+00,-1.408441537725784176e+00,1.382307137807634589e+01,-9.219952847703807852e-02,-1.056087057748664293e+01,4.985000000000000142e+01,5.032099999999999795e+01,6.000000000000000000e+01,0.000000000000000000e+00
2.514000000000000000e+03,1.757224029181784886e+00,-1.408441537725784176e+00,1.381464355140461819e+01,-8.817416321396767676e-02,-1.056080382128308237e+01,4.985000000000000142e+01,5.032099999999999795e+01,6.000000000000000000e+01,0.000000000000000000e+00
2.515000000000000000e+03,1.752712109934758899e+00,-1.408441537725784176e+00,1.380621572473289049e+01,-8.432454251021104241e-02,-1.056073753456213637e+01,4.985000000000000142e+01,5.032099999999999795e+01,6.000000000000000000e+01,0.000000000000000000e+00
2.516000000000000000e+03,1.554388258522688915e+00,-1.507122155018677967e+00,1.379719741338989536e+01,-1.750152858264984457e-01,-1.056067171402203009e+01,4.985000000000000142e+01,5.035399999999999920e+01,6.000000000000000000e+01,0.000000000000000000e+00
2.517000000000000000e+03,1.553076346628783355e+00,-1.507122155018677967e+00,1.378817910204690023e+01,-1.673742440152295452e-01,-1.056060635638420919e+01,4.985000000000000142e+01,5.035399999999999920e+01,6.000000000000000000e+01,0.000000000000000000e+00
2.518000000000000000e+03,1.363654960024183183e+00,-1.602812450575430425e+00,1.377858819950752434e+01,-2.515793305147320247e-01,-1.056054145839317826e+01,4.985000000000000142e+01,5.038600000000000279e+01,6.000000000000000000e+01,0.000000000000000000e+00
2.519000000000000000e+03,1.365112272131730364e+00,-1.602812450575430425e+00,1.376899729696814845e+01,-2.405955574446482781e-01,-1.056047701681633910e+01,4.985000000000000142e+01,5.038600000000000279e+01,6.000000000000000000e+01,0.000000000000000000e+00
2.520000000000000000e+03,9.905387620620071942e-01,-1.794193041688914469e+00,1.375826121203601105e+01,-4.131163798412682553e-01,-1.056041302844382201e+01,4.985000000000000142e+01,5.045000000000000284e+01,6.000000000000000000e+01,0.000000000000000000e+00
2.521000000000000000e+03,8.101271675707373277e-01,-1.889883337245645611e+00,1.374695253590749289e+01,-4.865925410027729936e-01,-1.056034949008833657e+01,4.985000000000000142e+01,5.048199999999999932e+01,6.000000000000000000e+01,0.000000000000000000e+00
2.522000000000000000e+03,8.201258641710182928e-01,-1.889883337245645611e+00,1.373564385977897473e+01,-4.653482597773052065e-01,-1.056028639858500462e+01,4.985000000000000142e+01,5.048199999999999932e+01,6.000000000000000000e+01,0.000000000000000000e+00
2.523000000000000000e+03,4.477778000187129237e-01,-2.084254250095270766e+00,1.372317210778280838e+01,-6.309163068776183492e-01,-1.056022375079120756e+01,4.985000000000000142e+01,5.054699999999999704e+01,6.000000000000000000e+01,0.000000000000000000e+00
2.524000000000000000e+03,4.629136085231646547e-01,-2.084254250095270766e+00,1.371070035578664204e+01,-6.033709535817788350e-01,-1.056016154358642822e+01,4.985000000000000142e+01,5.054699999999999704e+01,6.000000000000000000e+01,0.000000000000000000e+00
2.525000000000000000e+03,4.768463691751936295e-01,-2.084254250095270766e+00,1.369822860379047569e+01,-5.770282106479184270e-01,-1.056009977387209275e+01,4.985000000000000142e+01,5.054699999999999704e+01,6.000000000000000000e+01,0.000000000000000000e+00
2.526000000000000000e+03,4.896285901571477694e-01,-2.084254250095270766e+00,1.368575685179430934e+01,-5.518355729704679247e-01,-1.056003843857142321e+01,4.985000000000000142e+01,5.054699999999999704e+01,6.000000000000000000e+01,0.000000000000000000e+00
2.527000000000000000e+03,5.013104872944964541e-01,-2.084254250095270766e+00,1.367328509979814299e+01,-5.277428277790965350e-01,-1.055997753462927946e+01,4.985000000000000142e+01,5.054699999999999704e+01,6.000000000000000000e+01,0.000000000000000000e+00
2.528000000000000000e+03,1.363892588164841158e-01,-2.275634841208754811e+00,1.365966816540921513e+01,-6.877270063719725934e-01,-1.055991705901200461e+01,4.985000000000000142e+01,5.061099999999999710e+01,6.000000000000000000e+01,0.000000000000000000e+00
2.529000000000000000e+03,5.284088677293894420e-01,-2.084254250095270766e+00,1.364719641341304879e+01,-4.746762868811117420e-01,-1.055985700870727761e+01,4.985000000000000142e+01,5.054699999999999704e+01,6.000000000000000000e+01,0.000000000000000000e+00
2.530000000000000000e+03,3.489453571759550954e-01,-2.179944545652023447e+00,1.363415207022050168e+01,-5.454647866685577995e-01,-1.055979738072396579e+01,4.985000000000000142e+01,5.057900000000000063e+01,6.000000000000000000e+01,0.000000000000000000e+00
2.531000000000000000e+03,0.000000000000000000e+00,-2.565696049615132424e+00,1.401599427720793756e+01,-8.905600555008383878e-01,-1.055973817209196675e+01,4.985000000000000142e+01,5.070799999999999841e+01,6.000000000000000000e+01,0.000000000000000000e+00
2.532000000000000000e+03,5.927816234789915484e-01,-2.275634841208754811e+00,1.400237734281900970e+01,-5.742814982691912817e-01,-1.055967937986207161e+01,4.985000000000000142e+01,5.061099999999999710e+01,6.000000000000000000e+01,0.000000000000000000e+00
2.533000000000000000e+03,7.920711986925912385e-01,-2.179944545652023447e+00,1.398933299962646259e+01,-4.576962541760408731e-01,-1.055962100110580693e+01,4.985000000000000142e+01,5.057900000000000063e+01,6.000000000000000000e+01,0.000000000000000000e+00
2.534000000000000000e+03,9.868429264259628297e-01,-2.084254250095270766e+00,1.397686124763029625e+01,-3.462010381937625225e-01,-1.055956303291530141e+01,4.985000000000000142e+01,5.054699999999999704e+01,6.000000000000000000e+01,0.000000000000000000e+00
2.535000000000000000e+03,9.895436238812429508e-01,-2.084254250095270766e+00,1.396438949563412990e+01,-3.310861492544861506e-01,-1.055950547240312964e+01,4.985000000000000142e+01,5.054699999999999704e+01,6.000000000000000000e+01,0.000000000000000000e+00
2.536000000000000000e+03,2.346143790305657006e-01,-2.470005754058401060e+00,1.394960948537755385e+01,-6.855410355864131056e-01,-1.055944831670217354e+01,4.985000000000000142e+01,5.067600000000000193e+01,6.000000000000000000e+01,0.000000000000000000e+00
2.537000000000000000e+03,4.375967649310670282e-01,-2.374315458501648379e+00,1.393540206631735856e+01,-5.640982799191612829e-01,-1.055939156296548198e+01,4.985000000000000142e+01,5.064399999999999835e+01,6.000000000000000000e+01,0.000000000000000000e+00
2.538000000000000000e+03,-1.776356839400250465e-15,-2.661386345171885104e+00,1.403472928500098682e+01,-8.140077314629823313e-01,-1.055933520836611983e+01,4.985000000000000142e+01,5.074000000000000199e+01,6.000000000000000000e+01,0.000000000000000000e+00
2.539000000000000000e+03,0.000000000000000000e+00,-2.855757258021510037e+00,1.437939006430015887e+01,-9.643535561816101165e-01,-1.055927925009703827e+01,4.985000000000000142e+01,5.080499999999999972e+01,6.000000000000000000e+01,0.000000000000000000e+00
2.540000000000000000e+03,0.000000000000000000e+00,-2.951447553578262717e+00,1.452443433666849515e+01,-1.013763097719304396e+00,-1.055922368537092915e+01,4.985000000000000142e+01,5.083700000000000330e+01,6.000000000000000000e+01,0.000000000000000000e+00
2.541000000000000000e+03,5.958487033685155865e-01,-2.661386345171885104e+00,1.450850914401915759e+01,-6.921055840586738395e-01,-1.055916851142008461e+01,4.985000000000000142e+01,5.074000000000000199e+01,6.000000000000000000e+01,0.000000000000000000e+00
2.542000000000000000e+03,0.000000000000000000e+00,-3.047137849134994081e+00,1.463705019551827924e+01,-1.030798620887022565e+00,-1.055911372549626215e+01,4.985000000000000142e+01,5.086899999999999977e+01,6.000000000000000000e+01,0.000000000000000000e+00
2.543000000000000000e+03,2.682487793858179259e-02,-3.047137849134994081e+00,1.461881674460853375e+01,-9.857946926644083341e-01,-1.055905932487054955e+01,4.985000000000000142e+01,5.086899999999999977e+01,6.000000000000000000e+01,0.000000000000000000e+00
2.544000000000000000e+03,5.168453407146422762e-02,-3.047137849134994081e+00,1.460058329369878649e+01,-9.427556036591024924e-01,-1.055900530683322458e+01,4.985000000000000142e+01,5.086899999999999977e+01,6.000000000000000000e+01,0.000000000000000000e+00
2.545000000000000000e+03,7.466475455983712095e-02,-3.047137849134994081e+00,1.458234984278903923e+01,-9.015955704005871318e-01,-1.055895166869362001e+01,4.985000000000000142e+01,5.086899999999999977e+01,6.000000000000000000e+01,0.000000000000000000e+00
2.546000000000000000e+03,9.584758030118400995e-02,-3.047137849134994081e+00,1.456411639187929197e+01,-8.622325546631203208e-01,-1.055889840777999389e+01,4.985000000000000142e+01,5.086899999999999977e+01,6.000000000000000000e+01,0.000000000000000000e+00
2.547000000000000000e+03,1.153114704441193794e-01,-3.047137849134994081e+00,1.454588294096954471e+01,-8.245880999510361020e-01,-1.055884552143939459e+01,4.985000000000000142e+01,5.086899999999999977e+01,6.000000000000000000e+01,0.000000000000000000e+00
2.548000000000000000e+03,1.331314587642946634e-01,-3.047137849134994081e+00,1.452764949005979744e+01,-7.885871751229793780e-01,-1.055879300703752932e+01,4.985000000000000142e+01,5.086899999999999977e+01,6.000000000000000000e+01,0.000000000000000000e+00
2.549000000000000000e+03,1.493793032130348308e-01,-3.047137849134994081e+00,1.450941603915005018e+01,-7.541580248433940037e-01,-1.055874086195862738e+01,4.985000000000000142e+01,5.086899999999999977e+01,6.000000000000000000e+01,0.000000000000000000e+00
2.550000000000000000e+03,1.641236289367995482e-01,-3.047137849134994081e+00,1.449118258824030292e+01,-7.212320265631920746e-01,-1.055868908360531755e+01,4.985000000000000142e+01,5.086899999999999977e+01,6.000000000000000000e+01,0.000000000000000000e+00
2.551000000000000000e+03,0.000000000000000000e+00,-3.142828144691746761e+00,1.448272189374227992e+01,-7.812560796520409134e-01,-1.055863766939849313e+01,4.985000000000000142e+01,5.090100000000000335e+01,6.000000000000000000e+01,0.000000000000000000e+00
2.552000000000000000e+03,2.031295030869593177e-01,-3.047137849134994081e+00,1.446448844283253266e+01,-6.556344738333917954e-01,-1.055858661677718757e+01,4.985000000000000142e+01,5.086899999999999977e+01,6.000000000000000000e+01,0.000000000000000000e+00
2.553000000000000000e+03,2.135712764865829172e-01,-3.047137849134994081e+00,1.444625499192278539e+01,-6.270099431027639225e-01,-1.055853592319844481e+01,4.985000000000000142e+01,5.086899999999999977e+01,6.000000000000000000e+01,0.000000000000000000e+00
2.554000000000000000e+03,2.227629668942086028e-01,-3.047137849134994081e+00,1.442802154101303813e+01,-5.996351388466424348e-01,-1.055848558613719312e+01,4.985000000000000142e+01,5.086899999999999977e+01,6.000000000000000000e+01,0.000000000000000000e+00
2.555000000000000000e+03,2.307591389783887337e-01,-3.047137849134994081e+00,1.440978809010329087e+01,-5.734554989037895512e-01,-1.055843560308611728e+01,4.985000000000000142e+01,5.086899999999999977e+01,6.000000000000000000e+01,0.000000000000000000e+00
2.556000000000000000e+03,4.983656258460378297e-02,-3.142828144691746761e+00,1.439098204799716463e+01,-6.399313691652768199e-01,-1.055838597155553771e+01,4.985000000000000142e+01,5.090100000000000335e+01,6.000000000000000000e+01,0.000000000000000000e+00
2.557000000000000000e+03,5.901874740803059183e-02,-3.142828144691746761e+00,1.437217600589103839e+01,-6.119924247179793220e-01,-1.055833668907328260e+01,4.985000000000000142e+01,5.090100000000000335e+01,6.000000000000000000e+01,0.000000000000000000e+00
2.558000000000000000e+03,2.547562040292792318e-01,-3.047137849134994081e+00,1.435394255498129112e+01,-4.937607486324480099e-01,-1.055828775318456891e+01,4.985000000000000142e+01,5.086899999999999977e+01,6.000000000000000000e+01,0.000000000000000000e+00
2.559000000000000000e+03,2.581285848798469118e-01,-3.047137849134994081e+00,1.433570910407154386e+01,-4.722035086048301800e-01,-1.055823916145187269e+01,4.985000000000000142e+01,5.086899999999999977e+01,6.000000000000000000e+01,0.000000000000000000e+00
2.560000000000000000e+03,0.000000000000000000e+00,-3.337199057541371694e+00,1.462437475536344245e+01,-7.289847863672537231e-01,-1.055819091145481714e+01,4.985000000000000142e+01,5.096600000000000108e+01,6.000000000000000000e+01,0.000000000000000000e+00
2.561000000000000000e+03,3.933245524071775634e-01,-3.142828144691746761e+00,1.460556871325731620e+01,-5.112730153683450185e-01,-1.055814300079004653e+01,4.985000000000000142e+01,5.090100000000000335e+01,6.000000000000000000e+01,0.000000000000000000e+00
2.562000000000000000e+03,1.546909008195562762e-02,-3.337199057541371694e+00,1.458559959528354177e+01,-6.748360205891087427e-01,-1.055809542707110715e+01,4.985000000000000142e+01,5.096600000000000108e+01,6.000000000000000000e+01,0.000000000000000000e+00
2.563000000000000000e+03,5.942042873639206135e-01,-3.047137849134994081e+00,1.456736614437379629e+01,-3.679758199465555379e-01,-1.055804818792832478e+01,4.985000000000000142e+01,5.086899999999999977e+01,6.000000000000000000e+01,0.000000000000000000e+00
2.564000000000000000e+03,0.000000000000000000e+00,-3.432889353098103058e+00,1.471171076383001797e+01,-7.208201297232150750e-01,-1.055800128100869983e+01,4.985000000000000142e+01,5.099799999999999756e+01,6.000000000000000000e+01,0.000000000000000000e+00
2.565000000000000000e+03,3.865261828821271450e-01,-3.241508761984619014e+00,1.469231423705262429e+01,-5.063245882101052864e-01,-1.055795470397577240e+01,4.985000000000000142e+01,5.093399999999999750e+01,6.000000000000000000e+01,0.000000000000000000e+00
2.566000000000000000e+03,3.892816738204114557e-01,-3.241508761984619014e+00,1.467291771027523062e+01,-4.842188199606833332e-01,-1.055790845450951743e+01,4.985000000000000142e+01,5.093399999999999750e+01,6.000000000000000000e+01,0.000000000000000000e+00
2.567000000000000000e+03,2.032963048535183503e-01,-3.337199057541371694e+00,1.465294859230145619e+01,-5.545906996003401312e-01,-1.055786253030622568e+01,4.985000000000000142e+01,5.096600000000000108e+01,6.000000000000000000e+01,0.000000000000000000e+00
2.568000000000000000e+03,3.953612328115259089e-01,-3.241508761984619014e+00,1.463355206552406251e+01,-4.388651416495279456e-01,-1.055781692907839009e+01,4.985000000000000142e+01,5.093399999999999750e+01,6.000000000000000000e+01,0.000000000000000000e+00
2.569000000000000000e+03,1.961969844930955276e-02,-3.432889353098103058e+00,1.461301035635390733e+01,-6.027296562519004475e-01,-1.055777164855459382e+01,4.985000000000000142e+01,5.099799999999999756e+01,6.000000000000000000e+01,0.000000000000000000e+00
2.570000000000000000e+03,4.009885210281289858e-01,-3.241508761984619014e+00,1.459361382957651365e+01,-3.933898600843793725e-01,-1.055772668647938595e+01,4.985000000000000142e+01,5.093399999999999750e+01,6.000000000000000000e+01,0.000000000000000000e+00
2.571000000000000000e+03,5.924551534696895772e-01,-3.142828144691746761e+00,1.457480778747038741e+01,-2.818424486957630815e-01,-1.055768204061318905e+01,4.985000000000000142e+01,5.090100000000000335e+01,6.000000000000000000e+01,0.000000000000000000e+00
2.572000000000000000e+03,5.859984823416262145e-01,-3.142828144691746761e+00,1.455600174536426117e+01,-2.695374095987228547e-01,-1.055763770873216600e+01,4.985000000000000142e+01,5.090100000000000335e+01,6.000000000000000000e+01,0.000000000000000000e+00
2.573000000000000000e+03,1.975854632912295017e-01,-3.337199057541371694e+00,1.453603262739048674e+01,-4.436544179297591262e-01,-1.055759368862812586e+01,4.985000000000000142e+01,5.096600000000000108e+01,6.000000000000000000e+01,0.000000000000000000e+00
2.574000000000000000e+03,1.970296894160199486e-01,-3.337199057541371694e+00,1.451606350941671231e+01,-4.242847843509178207e-01,-1.055754997810840301e+01,4.985000000000000142e+01,5.096600000000000108e+01,6.000000000000000000e+01,0.000000000000000000e+00
2.575000000000000000e+03,3.834033564894081536e-01,-3.241508761984619014e+00,1.449666698263931863e+01,-3.142482891695345670e-01,-1.055750657499575773e+01,4.985000000000000142e+01,5.093399999999999750e+01,6.000000000000000000e+01,0.000000000000000000e+00
2.576000000000000000e+03,1.776356839400250465e-15,-3.528579648654855738e+00,1.466110913783315439e+01,-5.750660120500412642e-01,-1.055746347712825717e+01,4.985000000000000142e+01,5.103000000000000114e+01,6.000000000000000000e+01,0.000000000000000000e+00
2.577000000000000000e+03,3.795862892182455539e-01,-3.337199057541371694e+00,1.464114001985937996e+01,-3.669339907405861911e-01,-1.055742068235917763e+01,4.985000000000000142e+01,5.096600000000000108e+01,6.000000000000000000e+01,0.000000000000000000e+00
2.578000000000000000e+03,1.879043271584048824e-01,-3.432889353098103058e+00,1.462059831068922477e+01,-4.424264418758274142e-01,-1.055737818855688914e+01,4.985000000000000142e+01,5.099799999999999756e+01,6.000000000000000000e+01,0.000000000000000000e+00
2.579000000000000000e+03,3.744962466263341838e-01,-3.337199057541371694e+00,1.460062919271545034e+01,-3.315978949429907452e-01,-1.055733599360475417e+01,4.985000000000000142e+01,5.096600000000000108e+01,6.000000000000000000e+01,0.000000000000000000e+00
2.580000000000000000e+03,0.000000000000000000e+00,-3.528579648654855738e+00,1.458601936463159987e+01,-5.001456205757236484e-01,-1.055729409540102104e+01,4.985000000000000142e+01,5.103000000000000114e+01,6.000000000000000000e+01,0.000000000000000000e+00
2.581000000000000000e+03,7.577329344195486982e-01,-3.142828144691746761e+00,1.456721332252547363e+01,-1.093997515554578914e-01,-1.055725249185872094e+01,4.985000000000000142e+01,5.090100000000000335e+01,6.000000000000000000e+01,0.000000000000000000e+00
2.582000000000000000e+03,7.437445179286434893e-01,-3.142828144691746761e+00,1.454840728041934739e+01,-1.046234368933981473e-01,-1.055721118090555954e+01,4.985000000000000142e+01,5.090100000000000335e+01,6.000000000000000000e+01,0.000000000000000000e+00
2.583000000000000000e+03,9.173226930956559499e-01,-3.047137849134994081e+00,1.453017382950960013e+01,-8.543126795133165752e-03,-1.055717016048381574e+01,4.985000000000000142e+01,5.086899999999999977e+01,6.000000000000000000e+01,0.000000000000000000e+00
2.584000000000000000e+03,8.995029609059344011e-01,-3.047137849134994081e+00,1.451194037859985286e+01,-8.170140008680135818e-03,-1.055712942855024394e+01,4.985000000000000142e+01,5.086899999999999977e+01,6.000000000000000000e+01,0.000000000000000000e+00
2.585000000000000000e+03,8.816666579214285093e-01,-3.047137849134994081e+00,1.449370692769010560e+01,-7.813437557717456752e-03,-1.055708898307596577e+01,4.985000000000000142e+01,5.086899999999999977e+01,6.000000000000000000e+01,0.000000000000000000e+00
2.586000000000000000e+03,6.760390844585231207e-01,-3.142828144691746761e+00,1.447490088558397936e+01,-9.898483438733760020e-02,-1.055704882204637229e+01,4.985000000000000142e+01,5.090100000000000335e+01,6.000000000000000000e+01,0.000000000000000000e+00
2.587000000000000000e+03,8.493699404492467409e-01,-3.047137849134994081e+00,1.445666743467423387e+01,-3.150701628968785584e-03,-1.055700894346102459e+01,4.985000000000000142e+01,5.086899999999999977e+01,6.000000000000000000e+01,0.000000000000000000e+00
2.588000000000000000e+03,6.435382323789387016e-01,-3.142828144691746761e+00,1.443786139256810763e+01,-9.452567016387297683e-02,-1.055696934533354892e+01,4.985000000000000142e+01,5.090100000000000335e+01,6.000000000000000000e+01,0.000000000000000000e+00
2.589000000000000000e+03,6.288984328550046854e-01,-3.142828144691746761e+00,1.441905535046198139e+01,-9.039874722368823612e-02,-1.055693002569154260e+01,4.985000000000000142e+01,5.090100000000000335e+01,6.000000000000000000e+01,0.000000000000000000e+00
2.590000000000000000e+03,6.140781783094961810e-01,-3.142828144691746761e+00,1.440024930835585515e+01,-8.645200277813566703e-02,-1.055689098257647629e+01,4.985000000000000142e+01,5.090100000000000335e+01,6.000000000000000000e+01,0.000000000000000000e+00
2.591000000000000000e+03,5.990853371509814451e-01,-3.142828144691746761e+00,1.438144326624972891e+01,-8.267757036341197296e-02,-1.055685221404358920e+01,4.985000000000000142e+01,5.090100000000000335e+01,6.000000000000000000e+01,0.000000000000000000e+00
2.592000000000000000e+03,7.717028469907987187e-01,-3.047137849134994081e+00,1.436320981533998165e+01,1.244459894761691665e-02,-1.055681371816180558e+01,4.985000000000000142e+01,5.086899999999999977e+01,6.000000000000000000e+01,0.000000000000000000e+00
2.593000000000000000e+03,5.651888863071583557e-01,-3.142828144691746761e+00,1.434440377323385540e+01,-7.961124922132753468e-02,-1.055677549301362284e+01,4.985000000000000142e+01,5.090100000000000335e+01,6.000000000000000000e+01,0.000000000000000000e+00
2.594000000000000000e+03,7.376719832027109902e-01,-3.047137849134994081e+00,1.432617032232410992e+01,1.537704670862609369e-02,-1.055673753669502979e+01,4.985000000000000142e+01,5.086899999999999977e+01,6.000000000000000000e+01,0.000000000000000000e+00
2.595000000000000000e+03,7.188048708458367742e-01,-3.047137849134994081e+00,1.430793687141436266e+01,1.470569588187072702e-02,-1.055669984731540190e+01,4.985000000000000142e+01,5.086899999999999977e+01,6.000000000000000000e+01,0.000000000000000000e+00
2.596000000000000000e+03,6.999668041227433690e-01,-3.047137849134994081e+00,1.428970342050461539e+01,1.406365575053857703e-02,-1.055666242299741597e+01,4.985000000000000142e+01,5.086899999999999977e+01,6.000000000000000000e+01,0.000000000000000000e+00
2.597000000000000000e+03,6.811565052136252518e-01,-3.047137849134994081e+00,1.427146996959486813e+01,1.344964663069695907e-02,-1.055662526187694539e+01,4.985000000000000142e+01,5.086899999999999977e+01,6.000000000000000000e+01,0.000000000000000000e+00
2.598000000000000000e+03,4.745973394950198099e-01,-3.142828144691746761e+00,1.425266392748874189e+01,-7.865008119900093742e-02,-1.055658836210297480e+01,4.985000000000000142e+01,5.090100000000000335e+01,6.000000000000000000e+01,0.000000000000000000e+00
2.599000000000000000e+03,6.470371564311978574e-01,-3.047137849134994081e+00,1.423443047657899641e+01,1.629625082470548270e-02,-1.055655172183750956e+01,4.985000000000000142e+01,5.086899999999999977e+01,6.000000000000000000e+01,0.000000000000000000e+00
2.600000000000000000e+03,4.403531928238884063e-01,-3.142828144691746761e+00,1.421562443447287016e+01,-7.592775770175461125e-02,-1.055651533925548158e+01,4.985000000000000142e+01,5.090100000000000335e+01,6.000000000000000000e+01,0.000000000000000000e+00
2.601000000000000000e+03,6.126736415147178150e-01,-3.047137849134994081e+00,1.419739098356312468e+01,1.889971963124278953e-02,-1.055647921254465516e+01,4.985000000000000142e+01,5.086899999999999977e+01,6.000000000000000000e+01,0.000000000000000000e+00
2.602000000000000000e+03,5.936509150449342798e-01,-3.047137849134994081e+00,1.417915753265337742e+01,1.807457143209205766e-02,-1.055644333990553996e+01,4.985000000000000142e+01,5.086899999999999977e+01,6.000000000000000000e+01,0.000000000000000000e+00
2.603000000000000000e+03,5.746639616686319840e-01,-3.047137849134994081e+00,1.416092408174363015e+01,1.728544861129859000e-02,-1.055640771955130219e+01,4.985000000000000142e+01,5.086899999999999977e+01,6.000000000000000000e+01,0.000000000000000000e+00
2.604000000000000000e+03,3.679357976572763533e-01,-3.142828144691746761e+00,1.414211803963750391e+01,-7.498174758080611291e-02,-1.055637234970767580e+01,4.985000000000000142e+01,5.090100000000000335e+01,6.000000000000000000e+01,0.000000000000000000e+00
2.605000000000000000e+03,3.524385259483082677e-01,-3.142828144691746761e+00,1.412331199753137767e+01,-7.170809827845356366e-02,-1.055633722861287005e+01,4.985000000000000142e+01,5.090100000000000335e+01,6.000000000000000000e+01,0.000000000000000000e+00
2.606000000000000000e+03,5.245734947207445487e-01,-3.047137849134994081e+00,1.410507854662163041e+01,2.293515175159430153e-02,-1.055630235451748611e+01,4.985000000000000142e+01,5.086899999999999977e+01,6.000000000000000000e+01,0.000000000000000000e+00
2.607000000000000000e+03,5.053733403738238650e-01,-3.047137849134994081e+00,1.408684509571188315e+01,2.193381948136356382e-02,-1.055626772568442817e+01,4.985000000000000142e+01,5.086899999999999977e+01,6.000000000000000000e+01,0.000000000000000000e+00
2.608000000000000000e+03,4.862166599379520449e-01,-3.047137849134994081e+00,1.406861164480213588e+01,2.097620465962695899e-02,-1.055623334038881644e+01,4.985000000000000142e+01,5.086899999999999977e+01,6.000000000000000000e+01,0.000000000000000000e+00
2.609000000000000000e+03,2.793261337928143462e-01,-3.142828144691746761e+00,1.404980560269600964e+01,-7.145212729354737113e-02,-1.055619919691790187e+01,4.985000000000000142e+01,5.090100000000000335e+01,6.000000000000000000e+01,0.000000000000000000e+00
2.610000000000000000e+03,7.003014934038986894e-02,-3.241508761984619014e+00,1.403040907591861597e+01,-1.627048710226243755e-01,-1.055616529357098266e+01,4.985000000000000142e+01,5.093399999999999750e+01,6.000000000000000000e+01,0.000000000000000000e+00
2.611000000000000000e+03,4.391896723747752418e-01,-3.047137849134994081e+00,1.401217562500886871e+01,3.028352516021445839e-02,-1.055613162865931365e+01,4.985000000000000142e+01,5.086899999999999977e+01,6.000000000000000000e+01,0.000000000000000000e+00
2.612000000000000000e+03,4.196674926372825354e-01,-3.047137849134994081e+00,1.399394217409912144e+01,2.896136817918819328e-02,-1.055609820050603176e+01,4.985000000000000142e+01,5.086899999999999977e+01,6.000000000000000000e+01,0.000000000000000000e+00
2.613000000000000000e+03,4.002028022316661549e-01,-3.047137849134994081e+00,1.397570872318937418e+01,2.769693562334784101e-02,-1.055606500744606180e+01,4.985000000000000142e+01,5.086899999999999977e+01,6.000000000000000000e+01,0.000000000000000000e+00
2.614000000000000000e+03,0.000000000000000000e+00,-3.337199057541371694e+00,1.414414074223878259e+01,-2.509096368713662484e-01,-1.055603204782604365e+01,4.985000000000000142e+01,5.096600000000000108e+01,6.000000000000000000e+01,0.000000000000000000e+00
2.615000000000000000e+03,3.724369515409780007e-01,-3.142828144691746761e+00,1.412533470013265635e+01,-5.407028389569296101e-02,-1.055599932000423991e+01,4.985000000000000142e+01,5.090100000000000335e+01,6.000000000000000000e+01,0.000000000000000000e+00
2.616000000000000000e+03,5.437994895504303372e-01,-3.047137849134994081e+00,1.410710124922291087e+01,3.980291181297591907e-02,-1.055596682235046124e+01,4.985000000000000142e+01,5.086899999999999977e+01,6.000000000000000000e+01,0.000000000000000000e+00
2.617000000000000000e+03,5.238605411727341732e-01,-3.047137849134994081e+00,1.408886779831316360e+01,3.806514524054805532e-02,-1.055593455324598295e+01,4.985000000000000142e+01,5.086899999999999977e+01,6.000000000000000000e+01,0.000000000000000000e+00
2.618000000000000000e+03,5.039972354948325517e-01,-3.047137849134994081e+00,1.407063434740341634e+01,3.640324830987999583e-02,-1.055590251108346855e+01,4.985000000000000142e+01,5.086899999999999977e+01,6.000000000000000000e+01,0.000000000000000000e+00
2.619000000000000000e+03,4.842062616986435586e-01,-3.047137849134994081e+00,1.405240089649366908e+01,3.481390860684657057e-02,-1.055587069426687741e+01,4.985000000000000142e+01,5.086899999999999977e+01,6.000000000000000000e+01,0.000000000000000000e+00
2.620000000000000000e+03,4.644844535724725887e-01,-3.047137849134994081e+00,1.403416744558392182e+01,3.329395833494676327e-02,-1.055583910121140079e+01,4.985000000000000142e+01,5.086899999999999977e+01,6.000000000000000000e+01,0.000000000000000000e+00
2.621000000000000000e+03,4.448287831972095319e-01,-3.047137849134994081e+00,1.401593399467417456e+01,3.184036800140199741e-02,-1.055580773034337305e+01,4.985000000000000142e+01,5.086899999999999977e+01,6.000000000000000000e+01,0.000000000000000000e+00
2.622000000000000000e+03,4.252363549081525917e-01,-3.047137849134994081e+00,1.399770054376442729e+01,3.045024037891484042e-02,-1.055577658010019526e+01,4.985000000000000142e+01,5.086899999999999977e+01,6.000000000000000000e+01,0.000000000000000000e+00
2.623000000000000000e+03,4.057043995204789866e-01,-3.047137849134994081e+00,1.397946709285468003e+01,2.912080473105299952e-02,-1.055574564893025880e+01,4.985000000000000142e+01,5.086899999999999977e+01,6.000000000000000000e+01,0.000000000000000000e+00
2.624000000000000000e+03,1.984548561461956240e-01,-3.142828144691746761e+00,1.396066105074855379e+01,-6.366311461774759595e-02,-1.055571493529286364e+01,4.985000000000000142e+01,5.090100000000000335e+01,6.000000000000000000e+01,0.000000000000000000e+00
2.625000000000000000e+03,3.702342102433551219e-01,-3.047137849134994081e+00,1.394242759983880831e+01,3.062889719769443242e-02,-1.055568443765815267e+01,4.985000000000000142e+01,5.086899999999999977e+01,6.000000000000000000e+01,0.000000000000000000e+00
2.626000000000000000e+03,3.506938068083513826e-01,-3.047137849134994081e+00,1.392419414892906104e+01,2.929166152130527334e-02,-1.055565415450702105e+01,4.985000000000000142e+01,5.086899999999999977e+01,6.000000000000000000e+01,0.000000000000000000e+00
2.627000000000000000e+03,3.312115731483924463e-01,-3.047137849134994081e+00,1.390596069801931378e+01,2.801280859512308638e-02,-1.055562408433105048e+01,4.985000000000000142e+01,5.086899999999999977e+01,6.000000000000000000e+01,0.000000000000000000e+00
2.628000000000000000e+03,1.240095491516743920e-01,-3.142828144691746761e+00,1.388715465591318754e+01,-6.472273643733489346e-02,-1.055559422563243110e+01,4.985000000000000142e+01,5.090100000000000335e+01,6.000000000000000000e+01,0.000000000000000000e+00
2.629000000000000000e+03,2.958343166510655209e-01,-3.047137849134994081e+00,1.386892120500344205e+01,2.961553770650527523e-02,-1.055556457692388683e+01,4.985000000000000142e+01,5.086899999999999977e+01,6.000000000000000000e+01,0.000000000000000000e+00
2.630000000000000000e+03,2.763373128085504504e-01,-3.047137849134994081e+00,1.385068775409369479e+01,2.832254457844814513e-02,-1.055553513672859722e+01,4.985000000000000142e+01,5.086899999999999977e+01,6.000000000000000000e+01,0.000000000000000000e+00
2.631000000000000000e+03,2.568965530714990564e-01,-3.047137849134994081e+00,1.383245430318394753e+01,2.708600260268043125e-02,-1.055550590358013352e+01,4.985000000000000142e+01,5.086899999999999977e+01,6.000000000000000000e+01,0.000000000000000000e+00
2.632000000000000000e+03,2.375095742792208142e-01,-3.047137849134994081e+00,1.381422085227420027e+01,2.590344716239509348e-02,-1.055547687602238049e+01,4.985000000000000142e+01,5.086899999999999977e+01,6.000000000000000000e+01,0.000000000000000000e+00
2.633000000000000000e+03,2.181740208641862466e-01,-3.047137849134994081e+00,1.379598740136445301e+01,2.477252124418659676e-02,-1.055544805260945829e+01,4.985000000000000142e+01,5.086899999999999977e+01,6.000000000000000000e+01,0.000000000000000000e+00
2.634000000000000000e+03,1.111222749358908857e-02,-3.142828144691746761e+00,1.377718135925832676e+01,-6.782155516733287537e-02,-1.055541943190565846e+01,4.985000000000000142e+01,5.090100000000000335e+01,6.000000000000000000e+01,0.000000000000000000e+00
2.635000000000000000e+03,1.830710579071723743e-01,-3.047137849134994081e+00,1.375894790834858128e+01,2.665201117895486804e-02,-1.055539101248536937e+01,4.985000000000000142e+01,5.086899999999999977e+01,6.000000000000000000e+01,0.000000000000000000e+00
2.636000000000000000e+03,1.637022188636869657e-01,-3.047137849134994081e+00,1.374071445743883402e+01,2.548840349285430920e-02,-1.055536279293300694e+01,4.985000000000000142e+01,5.086899999999999977e+01,6.000000000000000000e+01,0.000000000000000000e+00
2.637000000000000000e+03,1.443839836346274552e-01,-3.047137849134994081e+00,1.372248100652908676e+01,2.437559808347729631e-02,-1.055533477184294178e+01,4.985000000000000142e+01,5.086899999999999977e+01,6.000000000000000000e+01,0.000000000000000000e+00
2.638000000000000000e+03,0.000000000000000000e+00,-3.142828144691746761e+00,1.376633624145880042e+01,-6.820114894762538404e-02,-1.055530694781942813e+01,4.985000000000000142e+01,5.090100000000000335e+01,6.000000000000000000e+01,0.000000000000000000e+00
2.639000000000000000e+03,1.776356839400250465e-15,-3.142828144691746761e+00,1.376333099988501729e+01,-6.522353571673306094e-02,-1.055527931947653641e+01,4.985000000000000142e+01,5.090100000000000335e+01,6.000000000000000000e+01,0.000000000000000000e+00
2.640000000000000000e+03,0.000000000000000000e+00,-3.241508761984619014e+00,1.395350886270794177e+01,-1.567482152852369137e-01,-1.055525188543808568e+01,4.985000000000000142e+01,5.093399999999999750e+01,6.000000000000000000e+01,0.000000000000000000e+00
2.641000000000000000e+03,3.688930359074422682e-01,-3.047137849134994081e+00,1.393527541179819451e+01,3.598011758181912656e-02,-1.055522464433757612e+01,4.985000000000000142e+01,5.086899999999999977e+01,6.000000000000000000e+01,0.000000000000000000e+00
2.642000000000000000e+03,0.000000000000000000e+00,-3.337199057541371694e+00,1.413538474505376641e+01,-2.429880926942814823e-01,-1.055519759481811271e+01,4.985000000000000142e+01,5.096600000000000108e+01,6.000000000000000000e+01,0.000000000000000000e+00
2.643000000000000000e+03,5.598606467302538192e-01,-3.047137849134994081e+00,1.411715129414401915e+01,4.501793725357347564e-02,-1.055517073553234475e+01,4.985000000000000142e+01,5.086899999999999977e+01,6.000000000000000000e+01,0.000000000000000000e+00
2.644000000000000000e+03,5.396884153689036623e-01,-3.047137849134994081e+00,1.409891784323427188e+01,4.305248641202445020e-02,-1.055514406514239845e+01,4.985000000000000142e+01,5.086899999999999977e+01,6.000000000000000000e+01,0.000000000000000000e+00
2.645000000000000000e+03,5.196018066137888525e-01,-3.047137849134994081e+00,1.408068439232452462e+01,4.117284574406882003e-02,-1.055511758231980934e+01,4.985000000000000142e+01,5.086899999999999977e+01,6.000000000000000000e+01,0.000000000000000000e+00
2.646000000000000000e+03,1.181782684065773026e-01,-3.241508761984619014e+00,1.406128786554713095e+01,-1.465095494104813878e-01,-1.055509128574545308e+01,4.985000000000000142e+01,5.093399999999999750e+01,6.000000000000000000e+01,0.000000000000000000e+00
2.647000000000000000e+03,2.988477493826771081e-01,-3.142828144691746761e+00,1.404248182344100471e+01,-4.574075525709569989e-02,-1.055506517410948497e+01,4.985000000000000142e+01,5.090100000000000335e+01,6.000000000000000000e+01,0.000000000000000000e+00
2.648000000000000000e+03,8.842124952553120920e-02,-3.241508761984619014e+00,1.402308529666361103e+01,-1.381160390421903306e-01,-1.055503924611127076e+01,4.985000000000000142e+01,5.093399999999999750e+01,6.000000000000000000e+01,0.000000000000000000e+00
2.649000000000000000e+03,7.508051557079120641e-02,-3.241508761984619014e+00,1.400368876988621736e+01,-1.320859918714852310e-01,-1.055501350045932263e+01,4.985000000000000142e+01,5.093399999999999750e+01,6.000000000000000000e+01,0.000000000000000000e+00
2.650000000000000000e+03,6.147633301907795556e-02,-3.241508761984619014e+00,1.398429224310882368e+01,-1.263192122338855361e-01,-1.055498793587124062e+01,4.985000000000000142e+01,5.093399999999999750e+01,6.000000000000000000e+01,0.000000000000000000e+00
2.651000000000000000e+03,4.762019721539090256e-02,-3.241508761984619014e+00,1.396489571633143001e+01,-1.208042060577819848e-01,-1.055496255107363801e+01,4.985000000000000142e+01,5.093399999999999750e+01,6.000000000000000000e+01,0.000000000000000000e+00
2.652000000000000000e+03,0.000000000000000000e+00,-3.337199057541371694e+00,1.409917890934544005e+01,-2.070425070019816238e-01,-1.055493734480208623e+01,4.985000000000000142e+01,5.096600000000000108e+01,6.000000000000000000e+01,0.000000000000000000e+00
2.653000000000000000e+03,5.582894579640154120e-01,-3.047137849134994081e+00,1.408094545843569279e+01,7.939416446436503572e-02,-1.055491231580104738e+01,4.985000000000000142e+01,5.086899999999999977e+01,6.000000000000000000e+01,0.000000000000000000e+00
2.654000000000000000e+03,5.366145677737819142e-01,-3.047137849134994081e+00,1.406271200752594552e+01,7.592787220664544423e-02,-1.055488746282381385e+01,4.985000000000000142e+01,5.086899999999999977e+01,6.000000000000000000e+01,0.000000000000000000e+00
2.655000000000000000e+03,5.150908386306998210e-01,-3.047137849134994081e+00,1.404447855661619826e+01,7.261291578194314922e-02,-1.055486278463244787e+01,4.985000000000000142e+01,5.086899999999999977e+01,6.000000000000000000e+01,0.000000000000000000e+00
2.656000000000000000e+03,4.937116645501085088e-01,-3.047137849134994081e+00,1.402624510570645100e+01,6.944268797636728163e-02,-1.055483827999771584e+01,4.985000000000000142e+01,5.086899999999999977e+01,6.000000000000000000e+01,0.000000000000000000e+00
2.657000000000000000e+03,4.724707280049251779e-01,-3.047137849134994081e+00,1.400801165479670374e+01,6.641087004224496826e-02,-1.055481394769902970e+01,4.985000000000000142e+01,5.086899999999999977e+01,6.000000000000000000e+01,0.000000000000000000e+00
2.658000000000000000e+03,1.020556206958946888e+00,-2.757076640728616468e+00,1.399151387095098542e+01,3.409087632609646978e-01,-1.055478978652438649e+01,4.985000000000000142e+01,5.077199999999999847e+01,6.000000000000000000e+01,0.000000000000000000e+00
2.659000000000000000e+03,1.176973995015149654e+00,-2.661386345171885104e+00,1.397558867830164786e+01,4.175374571556910164e-01,-1.055476579527030445e+01,4.985000000000000142e+01,5.074000000000000199e+01,6.000000000000000000e+01,0.000000000000000000e+00
2.660000000000000000e+03,1.330618651745441028e+00,-2.565696049615132424e+00,1.396023607684869106e+01,4.908205972536510697e-01,-1.055474197274176795e+01,4.985000000000000142e+01,5.070799999999999841e+01,6.000000000000000000e+01,0.000000000000000000e+00
2.661000000000000000e+03,2.238605875102898324e+00,-2.084254250095270766e+00,1.394776432485252471e+01,9.298141180978103382e-01,-1.055471831775216707e+01,4.985000000000000142e+01,5.054699999999999704e+01,6.000000000000000000e+01,0.000000000000000000e+00
2.662000000000000000e+03,1.997787181791018440e+00,-2.179944545652023447e+00,1.393471998165997761e+01,7.977065749062991484e-01,-1.055469482912323365e+01,4.985000000000000142e+01,5.057900000000000063e+01,6.000000000000000000e+01,0.000000000000000000e+00
2.663000000000000000e+03,1.949938865305476554e+00,-2.179944545652023447e+00,1.392167563846743050e+01,7.628792781750540763e-01,-1.055467150568498447e+01,4.985000000000000142e+01,5.057900000000000063e+01,6.000000000000000000e+01,0.000000000000000000e+00
2.664000000000000000e+03,2.091386332239432377e+00,-2.084254250095270766e+00,1.390920388647126416e+01,8.210850421391109322e-01,-1.055464834627567150e+01,4.985000000000000142e+01,5.054699999999999704e+01,6.000000000000000000e+01,0.000000000000000000e+00
2.665000000000000000e+03,2.043089592939908883e+00,-2.084254250095270766e+00,1.389673213447509781e+01,7.852370583017900252e-01,-1.055462534974170907e+01,4.985000000000000142e+01,5.054699999999999704e+01,6.000000000000000000e+01,0.000000000000000000e+00
2.666000000000000000e+03,1.808582376504412892e+00,-2.179944545652023447e+00,1.388368779128255071e+01,6.594416458115187618e-01,-1.055460251493763302e+01,4.985000000000000142e+01,5.057900000000000063e+01,6.000000000000000000e+01,0.000000000000000000e+00
2.667000000000000000e+03,1.954545371056433112e+00,-2.084254250095270766e+00,1.387121603928638436e+01,7.221634225913474703e-01,-1.055457984072602784e+01,4.985000000000000142e+01,5.054699999999999704e+01,6.000000000000000000e+01,0.000000000000000000e+00
2.668000000000000000e+03,1.910566996907826720e+00,-2.084254250095270766e+00,1.385874428729021801e+01,6.906342856903576743e-01,-1.055455732597747875e+01,4.985000000000000142e+01,5.054699999999999704e+01,6.000000000000000000e+01,0.000000000000000000e+00
2.669000000000000000e+03,1.867965003913571564e+00,-2.084254250095270766e+00,1.384627253529405166e+01,6.604816882853095095e-01,-1.055453496957051840e+01,4.985000000000000142e+01,5.054699999999999704e+01,6.000000000000000000e+01,0.000000000000000000e+00
2.670000000000000000e+03,1.826679294460486602e+00,-2.084254250095270766e+00,1.383380078329788532e+01,6.316455316494334893e-01,-1.055451277039156111e+01,4.985000000000000142e+01,5.054699999999999704e+01,6.000000000000000000e+01,0.000000000000000000e+00
2.671000000000000000e+03,2.543622027082911075e+00,-1.698502746132161789e+00,1.382363728956212867e+01,9.729782109877997964e-01,-1.055449072733485494e+01,4.985000000000000142e+01,5.041799999999999926e+01,6.000000000000000000e+01,0.000000000000000000e+00
2.672000000000000000e+03,3.435745935717559263e+00,-1.217060946612300132e+00,1.381635464528316248e+01,1.390921076349119767e+00,-1.055446883930242308e+01,4.985000000000000142e+01,5.025699999999999790e+01,6.000000000000000000e+01,0.000000000000000000e+00
2.673000000000000000e+03,3.555533821945941142e+00,-1.121370651055568768e+00,1.380964459220057705e+01,1.421706986004945161e+00,-1.055444710520401230e+01,4.985000000000000142e+01,5.022500000000000142e+01,6.000000000000000000e+01,0.000000000000000000e+00
2.674000000000000000e+03,3.486774643131020923e+00,-1.121370651055568768e+00,1.380293453911799162e+01,1.359636279025634664e+00,-1.055442552395703615e+01,4.985000000000000142e+01,5.022500000000000142e+01,6.000000000000000000e+01,0.000000000000000000e+00
2.675000000000000000e+03,3.420725275072591387e+00,-1.121370651055568768e+00,1.379622448603540619e+01,1.300275534579277581e+00,-1.055440409448652339e+01,4.985000000000000142e+01,5.022500000000000142e+01,6.000000000000000000e+01,0.000000000000000000e+00
2.676000000000000000e+03,3.357267403818188001e+00,-1.121370651055568768e+00,1.378951443295282075e+01,1.243506437645997220e+00,-1.055438281572506121e+01,4.985000000000000142e+01,5.022500000000000142e+01,6.000000000000000000e+01,0.000000000000000000e+00
2.677000000000000000e+03,3.677706687923611995e+00,-9.269997382059224078e-01,1.378396745573788351e+01,1.375100657004392879e+00,-1.055436168661274188e+01,4.985000000000000142e+01,5.015999999999999659e+01,6.000000000000000000e+01,0.000000000000000000e+00
2.678000000000000000e+03,3.424369370469962703e+00,-1.022690033762674977e+00,1.377784788732656551e+01,1.223552223003187223e+00,-1.055434070609711483e+01,4.985000000000000142e+01,5.019200000000000017e+01,6.000000000000000000e+01,0.000000000000000000e+00
2.679000000000000000e+03,4.121820855114282978e+00,-6.369385297995660000e-01,1.377403657717565721e+01,1.539042680871324231e+00,-1.055431987313313158e+01,4.985000000000000142e+01,5.006300000000000239e+01,6.000000000000000000e+01,0.000000000000000000e+00
2.680000000000000000e+03,4.238612144841511054e+00,-5.412482342428134308e-01,1.377079785822112967e+01,1.563361707546283341e+00,-1.055429918668308886e+01,4.985000000000000142e+01,5.003099999999999881e+01,6.000000000000000000e+01,0.000000000000000000e+00
2.681000000000000000e+03,4.542689541685666299e+00,-3.498676431293294975e-01,1.376870432165936364e+01,1.678131508872220179e+00,-1.055427864571658780e+01,4.985000000000000142e+01,4.996699999999999875e+01,6.000000000000000000e+01,0.000000000000000000e+00
2.682000000000000000e+03,4.848769190925631634e+00,-1.554967302797043427e-01,1.376777386096524580e+01,1.790750309450560573e+00,-1.055425824921046996e+01,4.985000000000000142e+01,4.990200000000000102e+01,6.000000000000000000e+01,0.000000000000000000e+00
2.683000000000000000e+03,4.769676109589140012e+00,-1.554967302797043427e-01,1.376684340027112796e+01,1.712567435746492839e+00,-1.055423799614877645e+01,4.985000000000000142e+01,4.990200000000000102e+01,6.000000000000000000e+01,0.000000000000000000e+00
2.684000000000000000e+03,4.693996293989227908e+00,-1.554967302797043427e-01,1.376591293957701012e+01,1.637797970214612819e+00,-1.055421788552269113e+01,4.985000000000000142e+01,4.990200000000000102e+01,6.000000000000000000e+01,0.000000000000000000e+00
2.685000000000000000e+03,4.621580718175827940e+00,-1.554967302797043427e-01,1.376498247888289228e+01,1.566292885903134868e+00,-1.055419791633049442e+01,4.985000000000000142e+01,4.990200000000000102e+01,6.000000000000000000e+01,0.000000000000000000e+00
2.686000000000000000e+03,4.552286862601622630e+00,-1.554967302797043427e-01,1.376405201818877444e+01,1.497909662270066278e+00,-1.055417808757751352e+01,4.985000000000000142e+01,4.990200000000000102e+01,6.000000000000000000e+01,0.000000000000000000e+00
2.687000000000000000e+03,4.673753842717541573e+00,-5.980643472295177343e-02,1.376369414869103736e+01,1.524024527025520159e+00,-1.055415839827606561e+01,4.985000000000000142e+01,4.986999999999999744e+01,6.000000000000000000e+01,0.000000000000000000e+00
2.688000000000000000e+03,4.982428531960989559e+00,1.315741563905321321e-01,1.376448146158606001e+01,1.640511761429814142e+00,-1.055413884744541519e+01,4.985000000000000142e+01,4.980599999999999739e+01,6.000000000000000000e+01,0.000000000000000000e+00
2.689000000000000000e+03,5.668581323988894027e+00,5.173256603536411369e-01,1.376757703274149236e+01,1.937798065005487347e+00,-1.055411943411172793e+01,4.985000000000000142e+01,4.967699999999999960e+01,6.000000000000000000e+01,0.000000000000000000e+00
2.690000000000000000e+03,5.968512105705391591e+00,7.116965732032662917e-01,1.377183567976457290e+01,2.039080010045566826e+00,-1.055410015730801554e+01,4.985000000000000142e+01,4.961200000000000188e+01,6.000000000000000000e+01,0.000000000000000000e+00
2.691000000000000000e+03,6.071540536359663065e+00,8.073868687600188609e-01,1.377666691798403420e+01,2.041567765689700664e+00,-1.055408101607409321e+01,4.985000000000000142e+01,4.957999999999999829e+01,6.000000000000000000e+01,0.000000000000000000e+00
2.692000000000000000e+03,5.605838590339901728e+00,6.130159559103725009e-01,1.378033508033584731e+01,1.766549563550205537e+00,-1.055406200945652451e+01,4.985000000000000142e+01,4.964500000000000313e+01,6.000000000000000000e+01,0.000000000000000000e+00
2.693000000000000000e+03,5.726042733444593580e+00,7.116965732032662917e-01,1.378459372735892785e+01,1.783795569390978608e+00,-1.055404313650857873e+01,4.985000000000000142e+01,4.961200000000000188e+01,6.000000000000000000e+01,0.000000000000000000e+00
2.694000000000000000e+03,5.458797491636932619e+00,6.130159559103725009e-01,1.378826188971074096e+01,1.611544042306008118e+00,-1.055402439629018829e+01,4.985000000000000142e+01,4.964500000000000313e+01,6.000000000000000000e+01,0.000000000000000000e+00
2.695000000000000000e+03,5.773544212722585556e+00,8.073868687600188609e-01,1.379309312793020226e+01,1.727070003900254669e+00,-1.055400578786789190e+01,4.985000000000000142e+01,4.957999999999999829e+01,6.000000000000000000e+01,0.000000000000000000e+00
2.696000000000000000e+03,5.702991291242806682e+00,8.073868687600188609e-01,1.379792436614966356e+01,1.651667366647914026e+00,-1.055398731031479187e+01,4.985000000000000142e+01,4.957999999999999829e+01,6.000000000000000000e+01,0.000000000000000000e+00
2.697000000000000000e+03,5.635730264857638616e+00,8.073868687600188609e-01,1.380275560436912485e+01,1.579556754439010113e+00,-1.055396896271051688e+01,4.985000000000000142e+01,4.957999999999999829e+01,6.000000000000000000e+01,0.000000000000000000e+00
2.698000000000000000e+03,5.571617407029513913e+00,8.073868687600188609e-01,1.380758684258858615e+01,1.510594439822070090e+00,-1.055395074414116152e+01,4.985000000000000142e+01,4.957999999999999829e+01,6.000000000000000000e+01,0.000000000000000000e+00
2.699000000000000000e+03,5.510515266251848843e+00,8.073868687600188609e-01,1.381241808080804745e+01,1.444642970383032576e+00,-1.055393265369925082e+01,4.985000000000000142e+01,4.957999999999999829e+01,6.000000000000000000e+01,0.000000000000000000e+00
2.700000000000000000e+03,5.452292392085457351e+00,8.073868687600188609e-01,1.381724931902750875e+01,1.381570894781616099e+00,-1.055391469048368691e+01,4.985000000000000142e+01,4.957999999999999829e+01,6.000000000000000000e+01,0.000000000000000000e+00
2.701000000000000000e+03,5.396823073156014061e+00,8.073868687600188609e-01,1.382208055724697005e+01,1.321252500748743897e+00,-1.055389685359971885e+01,4.985000000000000142e+01,4.957999999999999829e+01,6.000000000000000000e+01,0.000000000000000000e+00
2.702000000000000000e+03,5.719537911911602990e+00,9.987674598735027942e-01,1.382805697785919286e+01,1.446592616337785131e+00,-1.055387914215887868e+01,4.985000000000000142e+01,4.951599999999999824e+01,6.000000000000000000e+01,0.000000000000000000e+00
2.703000000000000000e+03,6.419344355946828173e+00,1.384518963836611771e+00,1.383634165673182537e+01,1.752345290657340904e+00,-1.055386155527895120e+01,4.985000000000000142e+01,4.938700000000000045e+01,6.000000000000000000e+01,0.000000000000000000e+00
2.704000000000000000e+03,6.351140359876547237e+00,1.384518963836611771e+00,1.384462633560445788e+01,1.675839152519402520e+00,-1.055384409208392604e+01,4.985000000000000142e+01,4.938700000000000045e+01,6.000000000000000000e+01,0.000000000000000000e+00
2.705000000000000000e+03,6.286276444091589255e+00,1.384518963836611771e+00,1.385291101447709039e+01,1.602673217481839218e+00,-1.055382675170395324e+01,4.985000000000000142e+01,4.938700000000000045e+01,6.000000000000000000e+01,0.000000000000000000e+00
2.706000000000000000e+03,6.981576410872879279e+00,1.770270467799720970e+00,1.386350395161013260e+01,1.901611524738326064e+00,-1.055380953327529880e+01,4.985000000000000142e+01,4.925800000000000267e+01,6.000000000000000000e+01,0.000000000000000000e+00
2.707000000000000000e+03,6.909163450516789595e+00,1.770270467799720970e+00,1.387409688874317482e+01,1.818588529914199947e+00,-1.055379243594030569e+01,4.985000000000000142e+01,4.925800000000000267e+01,6.000000000000000000e+01,0.000000000000000000e+00
2.708000000000000000e+03,6.840375094306322623e+00,1.770270467799720970e+00,1.388468982587621703e+01,1.739190259477729983e+00,-1.055377545884734580e+01,4.985000000000000142e+01,4.925800000000000267e+01,6.000000000000000000e+01,0.000000000000000000e+00
2.709000000000000000e+03,6.775053090220973573e+00,1.770270467799720970e+00,1.389528276300925924e+01,1.663258460562775820e+00,-1.055375860115078090e+01,4.985000000000000142e+01,4.925800000000000267e+01,6.000000000000000000e+01,0.000000000000000000e+00
2.710000000000000000e+03,6.713046095440891037e+00,1.770270467799720970e+00,1.390587570014230145e+01,1.590641789509791293e+00,-1.055374186201092357e+01,4.985000000000000142e+01,4.925800000000000267e+01,6.000000000000000000e+01,0.000000000000000000e+00
2.711000000000000000e+03,7.035628181662787028e+00,1.964641380649367219e+00,1.391763171314299186e+01,1.707080328464417374e+00,-1.055372524059398742e+01,4.985000000000000142e+01,4.919299999999999784e+01,6.000000000000000000e+01,0.000000000000000000e+00
2.712000000000000000e+03,7.160646209481235758e+00,2.060331676206098805e+00,1.392996031734006301e+01,1.724062952007123561e+00,-1.055370873607204985e+01,4.985000000000000142e+01,4.916100000000000136e+01,6.000000000000000000e+01,0.000000000000000000e+00
2.713000000000000000e+03,7.097719850603191105e+00,2.060331676206098805e+00,1.394228892153713417e+01,1.648791600482972797e+00,-1.055369234762301289e+01,4.985000000000000142e+01,4.916100000000000136e+01,6.000000000000000000e+01,0.000000000000000000e+00
2.714000000000000000e+03,7.038079669671303051e+00,2.060331676206098805e+00,1.395461752573420533e+01,1.576806542161559355e+00,-1.055367607443056066e+01,4.985000000000000142e+01,4.916100000000000136e+01,6.000000000000000000e+01,0.000000000000000000e+00
2.715000000000000000e+03,6.600163383325869049e+00,1.865960763356473429e+00,1.396578305406362830e+01,1.322079481589887973e+00,-1.055365991568412021e+01,4.985000000000000142e+01,4.922599999999999909e+01,6.000000000000000000e+01,0.000000000000000000e+00
2.716000000000000000e+03,7.122818134771954135e+00,2.156021971762851042e+00,1.397868424945708021e+01,1.541755784130836027e+00,-1.055364387057881359e+01,4.985000000000000142e+01,4.912899999999999778e+01,6.000000000000000000e+01,0.000000000000000000e+00
2.717000000000000000e+03,6.880647898393887019e+00,2.060331676206098805e+00,1.399101285365415137e+01,1.382931306849057407e+00,-1.055362793831542412e+01,4.985000000000000142e+01,4.916100000000000136e+01,6.000000000000000000e+01,0.000000000000000000e+00
2.718000000000000000e+03,7.020389946818967886e+00,2.156021971762851042e+00,1.400391404904760329e+01,1.414066044108869713e+00,-1.055361211810035904e+01,4.985000000000000142e+01,4.912899999999999778e+01,6.000000000000000000e+01,0.000000000000000000e+00
2.719000000000000000e+03,6.214600109940800365e+00,1.770270467799720970e+00,1.401450698618064550e+01,9.834190651060406019e-01,-1.055359640914560515e+01,4.985000000000000142e+01,4.925800000000000267e+01,6.000000000000000000e+01,0.000000000000000000e+00
2.720000000000000000e+03,6.182273274740207825e+00,1.770270467799720970e+00,1.402509992331368771e+01,9.404836942954957202e-01,-1.055358081066869502e+01,4.985000000000000142e+01,4.925800000000000267e+01,6.000000000000000000e+01,0.000000000000000000e+00
2.721000000000000000e+03,5.588494619341759062e+00,1.483199581129505562e+00,1.403397508685758766e+01,6.248852732473237914e-01,-1.055356532189265906e+01,4.985000000000000142e+01,4.935399999999999920e+01,6.000000000000000000e+01,0.000000000000000000e+00
2.722000000000000000e+03,5.188684313070860199e+00,1.288828668279880629e+00,1.404168717453383941e+01,4.117184123031326637e-01,-1.055354994204599173e+01,4.985000000000000142e+01,4.941899999999999693e+01,6.000000000000000000e+01,0.000000000000000000e+00
2.723000000000000000e+03,4.421466709656124650e+00,9.030771643167502249e-01,1.404709100394968146e+01,2.483321175231090194e-02,-1.055353467036261783e+01,4.985000000000000142e+01,4.954800000000000182e+01,6.000000000000000000e+01,0.000000000000000000e+00
2.724000000000000000e+03,4.238026090484090957e+00,8.073868687600188609e-01,1.405192224216914276e+01,-6.776351436322945732e-02,-1.055351950608184275e+01,4.985000000000000142e+01,4.957999999999999829e+01,6.000000000000000000e+01,0.000000000000000000e+00
2.725000000000000000e+03,4.245830892755989794e+00,8.073868687600188609e-01,1.405675348038860406e+01,-6.480500794430292533e-02,-1.055350444844833113e+01,4.985000000000000142e+01,4.957999999999999829e+01,6.000000000000000000e+01,0.000000000000000000e+00
2.726000000000000000e+03,4.065731010202410900e+00,7.116965732032662917e-01,1.406101212741168460e+01,-1.534881937004887176e-01,-1.055348949671205183e+01,4.985000000000000142e+01,4.961200000000000188e+01,6.000000000000000000e+01,0.000000000000000000e+00
2.727000000000000000e+03,4.076705688223343671e+00,7.116965732032662917e-01,1.406527077443476514e+01,-1.467870092864356490e-01,-1.055347465012825126e+01,4.985000000000000142e+01,4.961200000000000188e+01,6.000000000000000000e+01,0.000000000000000000e+00
2.728000000000000000e+03,4.275163105588310586e+00,8.073868687600188609e-01,1.407010201265422644e+01,-4.886586786851639108e-02,-1.055345990795741962e+01,4.985000000000000142e+01,4.957999999999999829e+01,6.000000000000000000e+01,0.000000000000000000e+00
2.729000000000000000e+03,4.282142431031386920e+00,8.073868687600188609e-01,1.407493325087368774e+01,-4.673241913708711670e-02,-1.055344526946523409e+01,4.985000000000000142e+01,4.957999999999999829e+01,6.000000000000000000e+01,0.000000000000000000e+00
2.730000000000000000e+03,4.101253096023398825e+00,7.116965732032662917e-01,1.407919189789676828e+01,-1.362046411540867585e-01,-1.055343073392254816e+01,4.985000000000000142e+01,4.961200000000000188e+01,6.000000000000000000e+01,0.000000000000000000e+00
2.731000000000000000e+03,4.299248185934597899e+00,8.073868687600188609e-01,1.408402313611622958e+01,-3.874551833631241504e-02,-1.055341630060533831e+01,4.985000000000000142e+01,4.957999999999999829e+01,6.000000000000000000e+01,0.000000000000000000e+00
2.732000000000000000e+03,4.305785357496606736e+00,8.073868687600188609e-01,1.408885437433569088e+01,-3.705391680442939734e-02,-1.055340196879467385e+01,4.985000000000000142e+01,4.957999999999999829e+01,6.000000000000000000e+01,0.000000000000000000e+00
2.733000000000000000e+03,4.312248574156733127e+00,8.073868687600188609e-01,1.409368561255515218e+01,-3.543616938175795511e-02,-1.055338773777668138e+01,4.985000000000000142e+01,4.957999999999999829e+01,6.000000000000000000e+01,0.000000000000000000e+00
2.734000000000000000e+03,4.506416473701836622e+00,9.030771643167502249e-01,1.409908944197099423e+01,5.762347425659828520e-02,-1.055337360684250569e+01,4.985000000000000142e+01,4.954800000000000182e+01,6.000000000000000000e+01,0.000000000000000000e+00
2.735000000000000000e+03,4.509318535128878480e+00,9.030771643167502249e-01,1.410449327138683628e+01,5.510767471357014280e-02,-1.055335957528827784e+01,4.985000000000000142e+01,4.954800000000000182e+01,6.000000000000000000e+01,0.000000000000000000e+00
2.736000000000000000e+03,4.512330335877935639e+00,9.030771643167502249e-01,1.410989710080267834e+01,5.270171317358424146e-02,-1.055334564241507778e+01,4.985000000000000142e+01,4.954800000000000182e+01,6.000000000000000000e+01,0.000000000000000000e+00
2.737000000000000000e+03,5.653835520449556284e+00,1.483199581129505562e+00,1.411877226434657828e+01,6.051954825023759810e-01,-1.055333180752890421e+01,4.985000000000000142e+01,4.935399999999999920e+01,6.000000000000000000e+01,0.000000000000000000e+00
2.738000000000000000e+03,6.011852846345451695e+00,1.674580172242989606e+00,1.412879261028323974e+01,7.617981337598566105e-01,-1.055331806994063371e+01,4.985000000000000142e+01,4.928999999999999915e+01,6.000000000000000000e+01,0.000000000000000000e+00
2.739000000000000000e+03,5.800851860642167068e+00,1.578889876686236926e+00,1.413824036502352044e+01,6.370260478984012265e-01,-1.055330442896599230e+01,4.985000000000000142e+01,4.932200000000000273e+01,6.000000000000000000e+01,0.000000000000000000e+00
2.740000000000000000e+03,5.782501060217665412e+00,1.578889876686236926e+00,1.414768811976380114e+01,6.092139476931397457e-01,-1.055329088392551284e+01,4.985000000000000142e+01,4.932200000000000273e+01,6.000000000000000000e+01,0.000000000000000000e+00
2.741000000000000000e+03,5.953139833534976333e+00,1.674580172242989606e+00,1.415770846570046260e+01,6.741286297360367108e-01,-1.055327743414451191e+01,4.985000000000000142e+01,4.928999999999999915e+01,6.000000000000000000e+01,0.000000000000000000e+00
2.742000000000000000e+03,6.121516975015321549e+00,1.770270467799720970e+00,1.416830140283350481e+01,7.362091833351457337e-01,-1.055326407895304897e+01,4.985000000000000142e+01,4.925800000000000267e+01,6.000000000000000000e+01,0.000000000000000000e+00
2.743000000000000000e+03,5.724429983356619900e+00,1.578889876686236926e+00,1.417774915757378551e+01,5.210417667824968069e-01,-1.055325081768589790e+01,4.985000000000000142e+01,4.932200000000000273e+01,6.000000000000000000e+01,0.000000000000000000e+00
2.744000000000000000e+03,5.329723789426664027e+00,1.384518963836611771e+00,1.418603383644641802e+01,3.124086388261381186e-01,-1.055323764968250444e+01,4.985000000000000142e+01,4.938700000000000045e+01,6.000000000000000000e+01,0.000000000000000000e+00
2.745000000000000000e+03,5.324382006666976253e+00,1.384518963836611771e+00,1.419431851531905053e+01,2.987691017982775921e-01,-1.055322457428696481e+01,4.985000000000000142e+01,4.938700000000000045e+01,6.000000000000000000e+01,0.000000000000000000e+00
2.746000000000000000e+03,5.701054431318278048e+00,1.578889876686236926e+00,1.420376627005933123e+01,4.716098754206932142e-01,-1.055321159084798488e+01,4.985000000000000142e+01,4.932200000000000273e+01,6.000000000000000000e+01,0.000000000000000000e+00
2.747000000000000000e+03,4.932955297103879033e+00,1.193138372723127949e+00,1.421090576653920223e+01,8.210985656040409308e-02,-1.055319869871885530e+01,4.985000000000000142e+01,4.945100000000000051e+01,6.000000000000000000e+01,0.000000000000000000e+00
2.748000000000000000e+03,5.124298150279610553e+00,1.288828668279880629e+00,1.421861785421545399e+01,1.700375250416908679e-01,-1.055318589725741418e+01,4.985000000000000142e+01,4.941899999999999693e+01,6.000000000000000000e+01,0.000000000000000000e+00
2.749000000000000000e+03,4.749048407719254072e+00,1.097448077166396585e+00,1.422518475949894423e+01,-2.041124312007144836e-02,-1.055317318582601516e+01,4.985000000000000142e+01,4.948299999999999699e+01,6.000000000000000000e+01,0.000000000000000000e+00
2.750000000000000000e+03,4.944294487928058146e+00,1.193138372723127949e+00,1.423232425597881523e+01,7.199242301760755414e-02,-1.055316056379149359e+01,4.985000000000000142e+01,4.945100000000000051e+01,6.000000000000000000e+01,0.000000000000000000e+00
2.751000000000000000e+03,5.893048425086309550e+00,1.674580172242989606e+00,1.424234460191547669e+01,5.292716814529827563e-01,-1.055314803052513994e+01,4.985000000000000142e+01,4.928999999999999915e+01,6.000000000000000000e+01,0.000000000000000000e+00
2.752000000000000000e+03,5.879973594268854242e+00,1.674580172242989606e+00,1.425236494785213814e+01,5.061640595763883255e-01,-1.055313558540266428e+01,4.985000000000000142e+01,4.928999999999999915e+01,6.000000000000000000e+01,0.000000000000000000e+00
2.753000000000000000e+03,5.110937905831493211e+00,1.288828668279880629e+00,1.426007703552838990e+01,1.151554298273926302e-01,-1.055312322780416956e+01,4.985000000000000142e+01,4.941899999999999693e+01,6.000000000000000000e+01,0.000000000000000000e+00
2.754000000000000000e+03,4.356665028463792666e+00,9.030771643167502249e-01,1.426548086494423195e+01,-2.587820436830711168e-01,-1.055311095711411795e+01,4.985000000000000142e+01,4.954800000000000182e+01,6.000000000000000000e+01,0.000000000000000000e+00
2.755000000000000000e+03,4.185603867971160241e+00,8.073868687600188609e-01,1.427031210316369325e+01,-3.389963312312521126e-01,-1.055309877272130059e+01,4.985000000000000142e+01,4.957999999999999829e+01,6.000000000000000000e+01,0.000000000000000000e+00
2.756000000000000000e+03,4.393022954156142745e+00,9.030771643167502249e-01,1.427571593257953531e+01,-2.326834687213340525e-01,-1.055308667401880918e+01,4.985000000000000142e+01,4.954800000000000182e+01,6.000000000000000000e+01,0.000000000000000000e+00
2.757000000000000000e+03,4.596373003148791270e+00,9.987674598735027942e-01,1.428169235319175812e+01,-1.310121495124721425e-01,-1.055307466040399689e+01,4.985000000000000142e+01,4.951599999999999824e+01,6.000000000000000000e+01,0.000000000000000000e+00
2.758000000000000000e+03,4.801724643643460411e+00,1.097448077166396585e+00,1.428825925847524836e+01,-3.091996071972034910e-02,-1.055306273127846417e+01,4.985000000000000142e+01,4.948299999999999699e+01,6.000000000000000000e+01,0.000000000000000000e+00
2.759000000000000000e+03,5.185204162779552206e+00,1.288828668279880629e+00,1.429597134615150011e+01,1.534550343961842978e-01,-1.055305088604801256e+01,4.985000000000000142e+01,4.941899999999999693e+01,6.000000000000000000e+01,0.000000000000000000e+00
2.760000000000000000e+03,4.810677450357356832e+00,1.097448077166396585e+00,1.430253825143499036e+01,-3.626975412140623356e-02,-1.055303912412262335e+01,4.985000000000000142e+01,4.948299999999999699e+01,6.000000000000000000e+01,0.000000000000000000e+00
2.761000000000000000e+03,4.818839546289579445e+00,1.097448077166396585e+00,1.430910515671848060e+01,-3.468624267886372819e-02,-1.055302744491643274e+01,4.985000000000000142e+01,4.948299999999999699e+01,6.000000000000000000e+01,0.000000000000000000e+00
2.762000000000000000e+03,4.445513618144003587e+00,9.030771643167502249e-01,1.431450898613432265e+01,-2.190566844593786755e-01,-1.055301584784769098e+01,4.985000000000000142e+01,4.954800000000000182e+01,6.000000000000000000e+01,0.000000000000000000e+00
2.763000000000000000e+03,4.272717408085478397e+00,8.073868687600188609e-01,1.431934022435378395e+01,-3.010053526895808962e-01,-1.055300433233874458e+01,4.985000000000000142e+01,4.957999999999999829e+01,6.000000000000000000e+01,0.000000000000000000e+00
2.764000000000000000e+03,4.290701758564315682e+00,8.073868687600188609e-01,1.432417146257324525e+01,-2.878636749529463468e-01,-1.055299289781600258e+01,4.985000000000000142e+01,4.957999999999999829e+01,6.000000000000000000e+01,0.000000000000000000e+00
2.765000000000000000e+03,4.308112272405271170e+00,8.073868687600188609e-01,1.432900270079270655e+01,-2.752957534375563564e-01,-1.055298154370989927e+01,4.985000000000000142e+01,4.957999999999999829e+01,6.000000000000000000e+01,0.000000000000000000e+00
2.766000000000000000e+03,4.324973999958858784e+00,8.073868687600188609e-01,1.433383393901216785e+01,-2.632765383584432795e-01,-1.055297026945488525e+01,4.985000000000000142e+01,4.957999999999999829e+01,6.000000000000000000e+01,0.000000000000000000e+00
2.767000000000000000e+03,4.341310897915986899e+00,8.073868687600188609e-01,1.433866517723162914e+01,-2.517820735862786874e-01,-1.055295907448938308e+01,4.985000000000000142e+01,4.957999999999999829e+01,6.000000000000000000e+01,0.000000000000000000e+00
2.768000000000000000e+03,4.357145877056188610e+00,8.073868687600188609e-01,1.434349641545109044e+01,-2.407894488991529358e-01,-1.055294795825576770e+01,4.985000000000000142e+01,4.957999999999999829e+01,6.000000000000000000e+01,0.000000000000000000e+00
2.769000000000000000e+03,4.372500847911233279e+00,8.073868687600188609e-01,1.434832765367055174e+01,-2.302767543190075705e-01,-1.055293692020033092e+01,4.985000000000000142e+01,4.957999999999999829e+01,6.000000000000000000e+01,0.000000000000000000e+00
2.770000000000000000e+03,4.199621351774434075e+00,7.116965732032662917e-01,1.435258630069363228e+01,-3.117355623492029659e-01,-1.055292595977326187e+01,4.985000000000000142e+01,4.961200000000000188e+01,6.000000000000000000e+01,0.000000000000000000e+00
2.771000000000000000e+03,3.836082226167096820e+00,5.173256603536411369e-01,1.435568187184906463e+01,-4.840102296069893617e-01,-1.055291507642862037e+01,4.985000000000000142e+01,4.967699999999999960e+01,6.000000000000000000e+01,0.000000000000000000e+00
2.772000000000000000e+03,4.429514363116984654e+00,8.073868687600188609e-01,1.436051311006852593e+01,-1.854813460872635211e-01,-1.055290426962429784e+01,4.985000000000000142e+01,4.957999999999999829e+01,6.000000000000000000e+01,0.000000000000000000e+00
2.773000000000000000e+03,4.442454314631927303e+00,8.073868687600188609e-01,1.436534434828798723e+01,-1.773833635940758879e-01,-1.055289353882200309e+01,4.985000000000000142e+01,4.957999999999999829e+01,6.000000000000000000e+01,0.000000000000000000e+00
2.774000000000000000e+03,4.267265225913112303e+00,7.116965732032662917e-01,1.436960299531106777e+01,-2.611514591139917352e-01,-1.055288288348723036e+01,4.985000000000000142e+01,4.961200000000000188e+01,6.000000000000000000e+01,0.000000000000000000e+00
2.775000000000000000e+03,3.713741919043741291e+00,4.216353647968886231e-01,1.437212597527011937e+01,-5.271471179340343483e-01,-1.055287230308923085e+01,4.985000000000000142e+01,4.970900000000000318e+01,6.000000000000000000e+01,0.000000000000000000e+00
2.776000000000000000e+03,3.739290269948698509e+00,4.216353647968886231e-01,1.437464895522917097e+01,-5.041322529763702098e-01,-1.055286179710098970e+01,4.985000000000000142e+01,4.970900000000000318e+01,6.000000000000000000e+01,0.000000000000000000e+00
2.777000000000000000e+03,3.388282909154371580e+00,2.302547736834046899e-01,1.437602675279546105e+01,-6.651472523252948132e-01,-1.055285136499919929e+01,4.985000000000000142e+01,4.977300000000000324e+01,6.000000000000000000e+01,0.000000000000000000e+00
2.778000000000000000e+03,2.661741284982033662e+00,-1.554967302797043427e-01,1.437509629210134321e+01,-1.005017270575374821e+00,-1.055284100626423083e+01,4.985000000000000142e+01,4.990200000000000102e+01,6.000000000000000000e+01,0.000000000000000000e+00
2.779000000000000000e+03,2.704699443137345227e+00,-1.554967302797043427e-01,1.437416583140722537e+01,-9.611389376100660797e-01,-1.055283072038010950e+01,4.985000000000000142e+01,4.990200000000000102e+01,6.000000000000000000e+01,0.000000000000000000e+00
2.780000000000000000e+03,2.745741832418200801e+00,-1.554967302797043427e-01,1.437323537071310753e+01,-9.191763011807106976e-01,-1.055282050683449135e+01,4.985000000000000142e+01,4.990200000000000102e+01,6.000000000000000000e+01,0.000000000000000000e+00
2.781000000000000000e+03,2.784952091269650154e+00,-1.554967302797043427e-01,1.437230491001898969e+01,-8.790457233510003965e-01,-1.055281036511863491e+01,4.985000000000000142e+01,4.990200000000000102e+01,6.000000000000000000e+01,0.000000000000000000e+00
2.782000000000000000e+03,2.822410206560872936e+00,-1.554967302797043427e-01,1.437137444932487185e+01,-8.406672177569185500e-01,-1.055280029472737624e+01,4.985000000000000142e+01,4.990200000000000102e+01,6.000000000000000000e+01,0.000000000000000000e+00
2.783000000000000000e+03,2.858192673010231388e+00,-1.554967302797043427e-01,1.437044398863075401e+01,-8.039642901817140030e-01,-1.055279029515910416e+01,4.985000000000000142e+01,4.990200000000000102e+01,6.000000000000000000e+01,0.000000000000000000e+00
2.784000000000000000e+03,3.080148058310570036e+00,-5.980643472295177343e-02,1.437008611913301692e+01,-6.773512601837600178e-01,-1.055278036591573532e+01,4.985000000000000142e+01,4.986999999999999744e+01,6.000000000000000000e+01,0.000000000000000000e+00
2.785000000000000000e+03,4.054117763216110504e+00,4.216353647968886231e-01,1.437260909909206852e+01,-1.873561941701566425e-01,-1.055277050650268933e+01,4.985000000000000142e+01,4.970900000000000318e+01,6.000000000000000000e+01,0.000000000000000000e+00
2.786000000000000000e+03,4.064830370264331805e+00,4.216353647968886231e-01,1.437513207905112012e+01,-1.791763571548139200e-01,-1.055276071642886215e+01,4.985000000000000142e+01,4.970900000000000318e+01,6.000000000000000000e+01,0.000000000000000000e+00
2.787000000000000000e+03,3.699634957324446916e+00,2.302547736834046899e-01,1.437650987661741020e+01,-3.543786977697601648e-01,-1.055275099520660653e+01,4.985000000000000142e+01,4.977300000000000324e+01,6.000000000000000000e+01,0.000000000000000000e+00
2.788000000000000000e+03,4.849014785044120757e+00,8.073868687600188609e-01,1.438134111483687150e+01,2.130281437989335891e-01,-1.055274134235170358e+01,4.985000000000000142e+01,4.957999999999999829e+01,6.000000000000000000e+01,0.000000000000000000e+00
2.789000000000000000e+03,4.463136145347727179e+00,6.130159559103725009e-01,1.438500927718868461e+01,1.784266963201272538e-02,-1.055273175738334146e+01,4.985000000000000142e+01,4.964500000000000313e+01,6.000000000000000000e+01,0.000000000000000000e+00
2.790000000000000000e+03,3.902708589122408256e+00,3.259450692401572591e-01,1.438695966595135545e+01,-2.574739062450203120e-01,-1.055272223982408519e+01,4.985000000000000142e+01,4.974099999999999966e+01,6.000000000000000000e+01,0.000000000000000000e+00
2.791000000000000000e+03,3.534490747559747348e+00,1.315741563905321321e-01,1.438774697884637810e+01,-4.321175984772982481e-01,-1.055271278919986422e+01,4.985000000000000142e+01,4.980599999999999739e+01,6.000000000000000000e+01,0.000000000000000000e+00
2.792000000000000000e+03,3.554153388933549707e+00,1.315741563905321321e-01,1.438853429174140075e+01,-4.132516541584493885e-01,-1.055270340503993332e+01,4.985000000000000142e+01,4.980599999999999739e+01,6.000000000000000000e+01,0.000000000000000000e+00
2.793000000000000000e+03,3.009666052735399333e+00,-1.554967302797043427e-01,1.438760383104728291e+01,-6.697469611553139579e-01,-1.055269408687686550e+01,4.985000000000000142e+01,4.990200000000000102e+01,6.000000000000000000e+01,0.000000000000000000e+00
2.794000000000000000e+03,3.037985516473469261e+00,-1.554967302797043427e-01,1.438667337035316507e+01,-6.405062893534729795e-01,-1.055268483424651826e+01,4.985000000000000142e+01,4.990200000000000102e+01,6.000000000000000000e+01,0.000000000000000000e+00
2.795000000000000000e+03,3.065028288388084832e+00,-1.554967302797043427e-01,1.438574290965904723e+01,-6.125422443032458863e-01,-1.055267564668801228e+01,4.985000000000000142e+01,4.990200000000000102e+01,6.000000000000000000e+01,0.000000000000000000e+00
2.796000000000000000e+03,3.090850105544912907e+00,-1.554967302797043427e-01,1.438481244896492939e+01,-5.857990893965964174e-01,-1.055266652374371539e+01,4.985000000000000142e+01,4.990200000000000102e+01,6.000000000000000000e+01,0.000000000000000000e+00
2.797000000000000000e+03,2.921860877279836899e+00,-2.541773475725981335e-01,1.438329150359954411e+01,-6.545958137879046568e-01,-1.055265746495920354e+01,4.985000000000000142e+01,4.993500000000000227e+01,6.000000000000000000e+01,0.000000000000000000e+00
2.798000000000000000e+03,2.197826459926211840e+00,-6.369385297995660000e-01,1.437948019344863582e+01,-9.920667338396025325e-01,-1.055264846988325544e+01,4.985000000000000142e+01,5.006300000000000239e+01,6.000000000000000000e+01,0.000000000000000000e+00
2.799000000000000000e+03,1.855918196446911139e+00,-8.313094426491911548e-01,1.437450580743007933e+01,-1.134638630266153303e+00,-1.055263953806782418e+01,4.985000000000000142e+01,5.012800000000000011e+01,6.000000000000000000e+01,0.000000000000000000e+00
2.800000000000000000e+03,1.900490187958361332e+00,-8.313094426491911548e-01,1.436953142141152284e+01,-1.085101121735959184e+00,-1.055263066906801050e+01,4.985000000000000142e+01,5.012800000000000011e+01,6.000000000000000000e+01,0.000000000000000000e+00
2.801000000000000000e+03,1.373705125387651549e+00,-1.121370651055568768e+00,1.436282136832893741e+01,-1.315123729443673728e+00,-1.055262186244204337e+01,4.985000000000000142e+01,5.022500000000000142e+01,6.000000000000000000e+01,0.000000000000000000e+00
2.802000000000000000e+03,1.424421175463798761e+00,-1.121370651055568768e+00,1.435611131524635198e+01,-1.257706370975722576e+00,-1.055261311775126210e+01,4.985000000000000142e+01,5.022500000000000142e+01,6.000000000000000000e+01,0.000000000000000000e+00
2.803000000000000000e+03,1.472630363364761052e+00,-1.121370651055568768e+00,1.434940126216376655e+01,-1.202795813183348717e+00,-1.055260443456008801e+01,4.985000000000000142e+01,5.022500000000000142e+01,6.000000000000000000e+01,0.000000000000000000e+00
2.804000000000000000e+03,1.518442134641995622e+00,-1.121370651055568768e+00,1.434269120908118111e+01,-1.150282610947606532e+00,-1.055259581243601019e+01,4.985000000000000142e+01,5.022500000000000142e+01,6.000000000000000000e+01,0.000000000000000000e+00
2.805000000000000000e+03,1.561961156548552054e+00,-1.121370651055568768e+00,1.433598115599859568e+01,-1.100062097444920006e+00,-1.055258725094955352e+01,4.985000000000000142e+01,5.022500000000000142e+01,6.000000000000000000e+01,0.000000000000000000e+00
2.806000000000000000e+03,1.796930920962299894e+00,-1.022690033762674977e+00,1.432986158758727768e+01,-9.576618831880366889e-01,-1.055257874967426623e+01,4.985000000000000142e+01,5.019200000000000017e+01,6.000000000000000000e+01,0.000000000000000000e+00
2.807000000000000000e+03,1.638987230460257294e+00,-1.121370651055568768e+00,1.432315153450469225e+01,-1.010223344802169576e+00,-1.055257030818669683e+01,4.985000000000000142e+01,5.022500000000000142e+01,6.000000000000000000e+01,0.000000000000000000e+00
2.808000000000000000e+03,1.676391185928856942e+00,-1.121370651055568768e+00,1.431644148142210682e+01,-9.661177183713121064e-01,-1.055256192606636922e+01,4.985000000000000142e+01,5.022500000000000142e+01,6.000000000000000000e+01,0.000000000000000000e+00
2.809000000000000000e+03,1.711869462442146883e+00,-1.121370651055568768e+00,1.430973142833952139e+01,-9.239377119460379095e-01,-1.055255360289576672e+01,4.985000000000000142e+01,5.022500000000000142e+01,6.000000000000000000e+01,0.000000000000000000e+00
2.810000000000000000e+03,1.745506131602585498e+00,-1.121370651055568768e+00,1.430302137525693595e+01,-8.835992543384746378e-01,-1.055254533826030716e+01,4.985000000000000142e+01,5.022500000000000142e+01,6.000000000000000000e+01,0.000000000000000000e+00
2.811000000000000000e+03,1.777381594521960650e+00,-1.121370651055568768e+00,1.429631132217435052e+01,-8.450219448484936891e-01,-1.055253713174832697e+01,4.985000000000000142e+01,5.022500000000000142e+01,6.000000000000000000e+01,0.000000000000000000e+00
2.812000000000000000e+03,1.807572742072293792e+00,-1.121370651055568768e+00,1.428960126909176509e+01,-8.081288930128495140e-01,-1.055252898295105268e+01,4.985000000000000142e+01,5.022500000000000142e+01,6.000000000000000000e+01,0.000000000000000000e+00
2.813000000000000000e+03,1.836153108140264223e+00,-1.121370651055568768e+00,1.428289121600917966e+01,-7.728465653507551325e-01,-1.055252089146259031e+01,4.985000000000000142e+01,5.022500000000000142e+01,6.000000000000000000e+01,0.000000000000000000e+00
2.814000000000000000e+03,1.863193016190686890e+00,-1.121370651055568768e+00,1.427618116292659423e+01,-7.391046388004368639e-01,-1.055251285687990048e+01,4.985000000000000142e+01,5.022500000000000142e+01,6.000000000000000000e+01,0.000000000000000000e+00
2.815000000000000000e+03,1.513208894109903113e+00,-1.312751242169052812e+00,1.426832592745124728e+01,-8.898609123695161438e-01,-1.055250487880277532e+01,4.985000000000000142e+01,5.028900000000000148e+01,6.000000000000000000e+01,0.000000000000000000e+00
2.816000000000000000e+03,1.544212269590584441e+00,-1.312751242169052812e+00,1.426047069197590034e+01,-8.510102233824410334e-01,-1.055249695683382072e+01,4.985000000000000142e+01,5.028900000000000148e+01,6.000000000000000000e+01,0.000000000000000000e+00
2.817000000000000000e+03,8.165497638625893728e-01,-1.698502746132161789e+00,1.425030719824014369e+01,-1.182765597666952218e+00,-1.055248909057844031e+01,4.985000000000000142e+01,5.041799999999999926e+01,6.000000000000000000e+01,0.000000000000000000e+00
2.818000000000000000e+03,8.580327784577992389e-01,-1.698502746132161789e+00,1.424014370450438705e+01,-1.131126900269611602e+00,-1.055248127964481419e+01,4.985000000000000142e+01,5.041799999999999926e+01,6.000000000000000000e+01,0.000000000000000000e+00
2.819000000000000000e+03,1.272812054962301431e+00,-1.507122155018677967e+00,1.423112539316139191e+01,-8.987176595365388154e-01,-1.055247352364387403e+01,4.985000000000000142e+01,5.035399999999999920e+01,6.000000000000000000e+01,0.000000000000000000e+00
2.820000000000000000e+03,2.060008445575908453e+00,-1.121370651055568768e+00,1.422441534007880648e+01,-4.905704212580390133e-01,-1.055246582218929063e+01,4.985000000000000142e+01,5.022500000000000142e+01,6.000000000000000000e+01,0.000000000000000000e+00
2.821000000000000000e+03,2.074723992408571860e+00,-1.121370651055568768e+00,1.421770528699622105e+01,-4.691524686346292272e-01,-1.055245817489745086e+01,4.985000000000000142e+01,5.022500000000000142e+01,6.000000000000000000e+01,0.000000000000000000e+00
2.822000000000000000e+03,2.088504393014574134e+00,-1.121370651055568768e+00,1.421099523391363562e+01,-4.486696084560558573e-01,-1.055245058138743630e+01,4.985000000000000142e+01,5.022500000000000142e+01,6.000000000000000000e+01,0.000000000000000000e+00
2.823000000000000000e+03,2.295033867543649464e+00,-1.022690033762674977e+00,1.420487566550231762e+01,-3.347087229149778298e-01,-1.055244304128101440e+01,4.985000000000000142e+01,5.019200000000000017e+01,6.000000000000000000e+01,0.000000000000000000e+00
2.824000000000000000e+03,3.811606211840818048e+00,-2.541773475725981335e-01,1.420335472013693234e+01,4.148643934790914312e-01,-1.055243555420260648e+01,4.985000000000000142e+01,4.993500000000000227e+01,6.000000000000000000e+01,0.000000000000000000e+00
2.825000000000000000e+03,3.985623413437767937e+00,-1.554967302797043427e-01,1.420242425944281450e+01,4.911240040539357476e-01,-1.055242811977927708e+01,4.985000000000000142e+01,4.990200000000000102e+01,6.000000000000000000e+01,0.000000000000000000e+00
2.826000000000000000e+03,3.963258213231110716e+00,-1.554967302797043427e-01,1.420149379874869666e+01,4.696818824028352046e-01,-1.055242073764071620e+01,4.985000000000000142e+01,4.990200000000000102e+01,6.000000000000000000e+01,0.000000000000000000e+00
2.827000000000000000e+03,3.941829108754641098e+00,-1.554967302797043427e-01,1.420056333805457882e+01,4.491759083989795842e-01,-1.055241340741921263e+01,4.985000000000000142e+01,4.990200000000000102e+01,6.000000000000000000e+01,0.000000000000000000e+00
2.828000000000000000e+03,4.678264861126917751e+00,2.302547736834046899e-01,1.420194113562086891e+01,7.984750805722939937e-01,-1.055240612874964867e+01,4.985000000000000142e+01,4.977300000000000324e+01,6.000000000000000000e+01,0.000000000000000000e+00
2.829000000000000000e+03,5.208115275017995316e+00,5.173256603536411369e-01,1.420503670677630126e+01,1.038151809157519256e+00,-1.055239890126946634e+01,4.985000000000000142e+01,4.967699999999999960e+01,6.000000000000000000e+01,0.000000000000000000e+00
2.830000000000000000e+03,4.978117647016775393e+00,4.216353647968886231e-01,1.420755968673535286e+01,9.013143201031980078e-01,-1.055239172461866382e+01,4.985000000000000142e+01,4.970900000000000318e+01,6.000000000000000000e+01,0.000000000000000000e+00
2.831000000000000000e+03,5.129072429264082800e+00,5.173256603536411369e-01,1.421065525789078521e+01,9.534761094594235153e-01,-1.055238459843976706e+01,4.985000000000000142e+01,4.967699999999999960e+01,6.000000000000000000e+01,0.000000000000000000e+00
2.832000000000000000e+03,5.471965800598175278e+00,7.116965732032662917e-01,1.421491390491386575e+01,1.097732844858863910e+00,-1.055237752237781912e+01,4.985000000000000142e+01,4.961200000000000188e+01,6.000000000000000000e+01,0.000000000000000000e+00
2.833000000000000000e+03,5.616080658161308747e+00,8.073868687600188609e-01,1.421974514313332705e+01,1.141319142348317994e+00,-1.055237049608035704e+01,4.985000000000000142e+01,4.957999999999999829e+01,6.000000000000000000e+01,0.000000000000000000e+00
2.834000000000000000e+03,5.001895478741607448e+00,5.173256603536411369e-01,1.422284071428875940e+01,8.140926232966005927e-01,-1.055236351919739413e+01,4.985000000000000142e+01,4.967699999999999960e+01,6.000000000000000000e+01,0.000000000000000000e+00
2.835000000000000000e+03,5.157230690526112937e+00,6.130159559103725009e-01,1.422650887664057251e+01,8.700624493565810580e-01,-1.055235659138141280e+01,4.985000000000000142e+01,4.964500000000000313e+01,6.000000000000000000e+01,0.000000000000000000e+00
2.836000000000000000e+03,4.935144017014717832e+00,5.173256603536411369e-01,1.422960444779600486e+01,7.405636211524052603e-01,-1.055234971228733443e+01,4.985000000000000142e+01,4.967699999999999960e+01,6.000000000000000000e+01,0.000000000000000000e+00
2.837000000000000000e+03,4.905913942516370696e+00,5.173256603536411369e-01,1.423270001895143722e+01,7.082311447837984497e-01,-1.055234288157250688e+01,4.985000000000000142e+01,4.967699999999999960e+01,6.000000000000000000e+01,0.000000000000000000e+00
2.838000000000000000e+03,4.502544607378522912e+00,3.259450692401572591e-01,1.423465040771410806e+01,4.942852293209462067e-01,-1.055233609889668855e+01,4.985000000000000142e+01,4.974099999999999966e+01,6.000000000000000000e+01,0.000000000000000000e+00
2.839000000000000000e+03,3.913727373010193133e+00,3.588386083377956282e-02,1.423486512941274995e+01,1.953077466856953937e-01,-1.055232936392203236e+01,4.985000000000000142e+01,4.983800000000000097e+01,6.000000000000000000e+01,0.000000000000000000e+00
2.840000000000000000e+03,4.474616005852096734e+00,3.259450692401572591e-01,1.423681551817542079e+01,4.641780947495823817e-01,-1.055232267631306442e+01,4.985000000000000142e+01,4.974099999999999966e+01,6.000000000000000000e+01,0.000000000000000000e+00
2.841000000000000000e+03,3.511562307658756765e+00,-1.554967302797043427e-01,1.423588505748130295e+01,-1.650998380616941485e-02,-1.055231603573667165e+01,4.985000000000000142e+01,4.990200000000000102e+01,6.000000000000000000e+01,0.000000000000000000e+00
2.842000000000000000e+03,3.699134667547445687e+00,-5.980643472295177343e-02,1.423552718798356587e+01,7.572335614891476108e-02,-1.055230944186208397e+01,4.985000000000000142e+01,4.986999999999999744e+01,6.000000000000000000e+01,0.000000000000000000e+00
2.843000000000000000e+03,3.507701905489948757e+00,-1.554967302797043427e-01,1.423459672728944803e+01,-1.909519715893728820e-02,-1.055230289436085656e+01,4.985000000000000142e+01,4.990200000000000102e+01,6.000000000000000000e+01,0.000000000000000000e+00
2.844000000000000000e+03,3.507611628857592478e+00,-1.554967302797043427e-01,1.423366626659533019e+01,-1.826151455117634020e-02,-1.055229639290685739e+01,4.985000000000000142e+01,4.990200000000000102e+01,6.000000000000000000e+01,0.000000000000000000e+00
2.845000000000000000e+03,3.507484908517334077e+00,-1.554967302797043427e-01,1.423273580590121234e+01,-1.746422992792941165e-02,-1.055228993717624419e+01,4.985000000000000142e+01,4.990200000000000102e+01,6.000000000000000000e+01,0.000000000000000000e+00
2.846000000000000000e+03,3.507323333900629336e+00,-1.554967302797043427e-01,1.423180534520709450e+01,-1.670175417930701636e-02,-1.055228352684745374e+01,4.985000000000000142e+01,4.990200000000000102e+01,6.000000000000000000e+01,0.000000000000000000e+00
2.847000000000000000e+03,2.937934205429792556e+00,-4.455579386860820668e-01,1.422913921744894772e+01,-2.933699117318887550e-01,-1.055227716160118412e+01,4.985000000000000142e+01,4.999900000000000233e+01,6.000000000000000000e+01,0.000000000000000000e+00
2.848000000000000000e+03,2.760307305354469776e+00,-5.412482342428134308e-01,1.422590049849442018e+01,-3.720741177767565300e-01,-1.055227084112038050e+01,4.985000000000000142e+01,5.003099999999999881e+01,6.000000000000000000e+01,0.000000000000000000e+00
2.849000000000000000e+03,2.585543938800231700e+00,-6.369385297995660000e-01,1.422208918834351188e+01,-4.473421546534970261e-01,-1.055226456509021560e+01,4.985000000000000142e+01,5.006300000000000239e+01,6.000000000000000000e+01,0.000000000000000000e+00
2.850000000000000000e+03,2.789044910720459569e+00,-5.412482342428134308e-01,1.421885046938898434e+01,-3.362989912276349580e-01,-1.055225833319807727e+01,4.985000000000000142e+01,5.003099999999999881e+01,6.000000000000000000e+01,0.000000000000000000e+00
2.851000000000000000e+03,1.662106513248639672e+00,-1.121370651055568768e+00,1.421214041630639890e+01,-8.764111068686379902e-01,-1.055225214513355247e+01,4.985000000000000142e+01,5.022500000000000142e+01,6.000000000000000000e+01,0.000000000000000000e+00
2.852000000000000000e+03,1.693666084839913211e+00,-1.121370651055568768e+00,1.420543036322381347e+01,-8.381476267399223801e-01,-1.055224600058840956e+01,4.985000000000000142e+01,5.022500000000000142e+01,6.000000000000000000e+01,0.000000000000000000e+00
2.853000000000000000e+03,1.723555057128278278e+00,-1.121370651055568768e+00,1.419872031014122804e+01,-8.015547027007932090e-01,-1.055223989925658756e+01,4.985000000000000142e+01,5.022500000000000142e+01,6.000000000000000000e+01,0.000000000000000000e+00
2.854000000000000000e+03,1.751846365697950603e+00,-1.121370651055568768e+00,1.419201025705864261e+01,-7.665593994709501979e-01,-1.055223384083417315e+01,4.985000000000000142e+01,5.022500000000000142e+01,6.000000000000000000e+01,0.000000000000000000e+00
2.855000000000000000e+03,1.778609761828990443e+00,-1.121370651055568768e+00,1.418530020397605718e+01,-7.330919660721021414e-01,-1.055222782501939527e+01,4.985000000000000142e+01,5.022500000000000142e+01,6.000000000000000000e+01,0.000000000000000000e+00
2.856000000000000000e+03,1.803911951521675050e+00,-1.121370651055568768e+00,1.417859015089347174e+01,-7.010856968036258685e-01,-1.055222185151260206e+01,4.985000000000000142e+01,5.022500000000000142e+01,6.000000000000000000e+01,0.000000000000000000e+00
2.857000000000000000e+03,1.827816728451136186e+00,-1.121370651055568768e+00,1.417188009781088631e+01,-6.704767982879282773e-01,-1.055221592001625197e+01,4.985000000000000142e+01,5.022500000000000142e+01,6.000000000000000000e+01,0.000000000000000000e+00
2.858000000000000000e+03,1.850385101117325348e+00,-1.121370651055568768e+00,1.416517004472830088e+01,-6.412042623205123082e-01,-1.055221003023489423e+01,4.985000000000000142e+01,5.022500000000000142e+01,6.000000000000000000e+01,0.000000000000000000e+00
2.859000000000000000e+03,1.871675414443672025e+00,-1.121370651055568768e+00,1.415845999164571545e+01,-6.132097442713176916e-01,-1.055220418187515641e+01,4.985000000000000142e+01,5.022500000000000142e+01,6.000000000000000000e+01,0.000000000000000000e+00
2.860000000000000000e+03,1.516192640745645193e+00,-1.312751242169052812e+00,1.415060475617036850e+01,-7.694624986099448671e-01,-1.055219837464572485e+01,4.985000000000000142e+01,5.028900000000000148e+01,6.000000000000000000e+01,0.000000000000000000e+00
2.861000000000000000e+03,1.917488177604274924e+00,-1.121370651055568768e+00,1.414389470308778307e+01,-5.528432661705972029e-01,-1.055219260825734118e+01,4.985000000000000142e+01,5.022500000000000142e+01,6.000000000000000000e+01,0.000000000000000000e+00
2.862000000000000000e+03,1.371594352727946386e+00,-1.408441537725784176e+00,1.413546687641605537e+01,-8.032441035395447848e-01,-1.055218688242278091e+01,4.985000000000000142e+01,5.032099999999999795e+01,6.000000000000000000e+01,0.000000000000000000e+00
2.863000000000000000e+03,1.773792098201754541e+00,-1.217060946612300132e+00,1.412818423213708918e+01,-5.851499904662007534e-01,-1.055218119685683398e+01,4.985000000000000142e+01,5.025699999999999790e+01,6.000000000000000000e+01,0.000000000000000000e+00
2.864000000000000000e+03,1.604286915599889340e+00,-1.312751242169052812e+00,1.412032899666174224e+01,-6.511152876164999492e-01,-1.055217555127629936e+01,4.985000000000000142e+01,5.028900000000000148e+01,6.000000000000000000e+01,0.000000000000000000e+00
2.865000000000000000e+03,1.812639924964274840e+00,-1.217060946612300132e+00,1.411304635238277605e+01,-5.311755354062323020e-01,-1.055216994539996911e+01,4.985000000000000142e+01,5.025699999999999790e+01,6.000000000000000000e+01,0.000000000000000000e+00
2.866000000000000000e+03,1.453002764589685469e+00,-1.408441537725784176e+00,1.410461852571104835e+01,-6.910098444469664480e-01,-1.055216437894861237e+01,4.985000000000000142e+01,5.032099999999999795e+01,6.000000000000000000e+01,0.000000000000000000e+00
2.867000000000000000e+03,2.038075697234322803e+00,-1.121370651055568768e+00,1.409790847262846292e+01,-3.863032726936073691e-01,-1.055215885164496292e+01,4.985000000000000142e+01,5.022500000000000142e+01,6.000000000000000000e+01,0.000000000000000000e+00
2.868000000000000000e+03,1.672686030987241779e+00,-1.312751242169052812e+00,1.409005323715311597e+01,-5.524626007831215935e-01,-1.055215336321369968e+01,4.985000000000000142e+01,5.028900000000000148e+01,6.000000000000000000e+01,0.000000000000000000e+00
2.869000000000000000e+03,1.119762146492472965e+00,-1.602812450575430425e+00,1.408046233461374008e+01,-8.057398241643936032e-01,-1.055214791338144309e+01,4.985000000000000142e+01,5.038600000000000279e+01,6.000000000000000000e+01,0.000000000000000000e+00
2.870000000000000000e+03,7.698038527668398245e-01,-1.794193041688914469e+00,1.406972624968160268e+01,-9.535868533491143051e-01,-1.055214250187673386e+01,4.985000000000000142e+01,5.045000000000000284e+01,6.000000000000000000e+01,0.000000000000000000e+00
2.871000000000000000e+03,1.176256884451538198e+00,-1.602812450575430425e+00,1.406013534714222679e+01,-7.289288836852384490e-01,-1.055213712843002050e+01,4.985000000000000142e+01,5.038600000000000279e+01,6.000000000000000000e+01,0.000000000000000000e+00
2.872000000000000000e+03,8.229450043256569813e-01,-1.794193041688914469e+00,1.404939926221008939e+01,-8.801294234218657309e-01,-1.055213179277365043e+01,4.985000000000000142e+01,5.045000000000000284e+01,6.000000000000000000e+01,0.000000000000000000e+00
2.873000000000000000e+03,8.506400366869737439e-01,-1.794193041688914469e+00,1.403866317727795199e+01,-8.417036042602104029e-01,-1.055212649464185226e+01,4.985000000000000142e+01,5.045000000000000284e+01,6.000000000000000000e+01,0.000000000000000000e+00
2.874000000000000000e+03,4.952385811254842451e-01,-1.988563954538539402e+00,1.402676401647816640e+01,-9.908402470434214404e-01,-1.055212123377072153e+01,4.985000000000000142e+01,5.051500000000000057e+01,6.000000000000000000e+01,0.000000000000000000e+00
2.875000000000000000e+03,3.388286058270857382e-01,-2.084254250095270766e+00,1.401429226448200005e+01,-1.039093398661429246e+00,-1.055211600989821541e+01,4.985000000000000142e+01,5.054699999999999704e+01,6.000000000000000000e+01,0.000000000000000000e+00
2.876000000000000000e+03,3.717281132340115590e-01,-2.084254250095270766e+00,1.400182051248583370e+01,-9.937273263924243372e-01,-1.055211082276412782e+01,4.985000000000000142e+01,5.054699999999999704e+01,6.000000000000000000e+01,0.000000000000000000e+00
2.877000000000000000e+03,4.026469339943457015e-01,-2.084254250095270766e+00,1.398934876048966736e+01,-9.503419042899663438e-01,-1.055210567211008588e+01,4.985000000000000142e+01,5.054699999999999704e+01,6.000000000000000000e+01,0.000000000000000000e+00
2.878000000000000000e+03,4.316715421298624733e-01,-2.084254250095270766e+00,1.397687700849350101e+01,-9.088506585888375122e-01,-1.055210055767953037e+01,4.985000000000000142e+01,5.054699999999999704e+01,6.000000000000000000e+01,0.000000000000000000e+00
2.879000000000000000e+03,4.588846362779843702e-01,-2.084254250095270766e+00,1.396440525649733466e+01,-8.691708909063673438e-01,-1.055209547921771218e+01,4.985000000000000142e+01,5.054699999999999704e+01,6.000000000000000000e+01,0.000000000000000000e+00
2.880000000000000000e+03,4.843653045222886533e-01,-2.084254250095270766e+00,1.395193350450116831e+01,-8.312235134119391189e-01,-1.055209043647167100e+01,4.985000000000000142e+01,5.054699999999999704e+01,6.000000000000000000e+01,0.000000000000000000e+00
2.881000000000000000e+03,5.081891820266317694e-01,-2.084254250095270766e+00,1.393946175250500197e+01,-7.949328911928780217e-01,-1.055208542919022108e+01,4.985000000000000142e+01,5.054699999999999704e+01,6.000000000000000000e+01,0.000000000000000000e+00
2.882000000000000000e+03,5.304286017870811776e-01,-2.084254250095270766e+00,1.392699000050883562e+01,-7.602266915025308602e-01,-1.055208045712395304e+01,4.985000000000000142e+01,5.054699999999999704e+01,6.000000000000000000e+01,0.000000000000000000e+00
2.883000000000000000e+03,5.511527388021306706e-01,-2.084254250095270766e+00,1.391451824851266927e+01,-7.270357395900668429e-01,-1.055207552002520188e+01,4.985000000000000142e+01,5.054699999999999704e+01,6.000000000000000000e+01,0.000000000000000000e+00
2.884000000000000000e+03,5.704277479485391211e-01,-2.084254250095270766e+00,1.390204649651650293e+01,-6.952938808246458269e-01,-1.055207061764804699e+01,4.985000000000000142e+01,5.054699999999999704e+01,6.000000000000000000e+01,0.000000000000000000e+00
2.885000000000000000e+03,5.883168958376199242e-01,-2.084254250095270766e+00,1.388957474452033658e+01,-6.649378488391463060e-01,-1.055206574974829969e+01,4.985000000000000142e+01,5.054699999999999704e+01,6.000000000000000000e+01,0.000000000000000000e+00
2.886000000000000000e+03,9.862994938816154189e-01,-1.889883337245645611e+00,1.387826606839181842e+01,-4.500223211810687740e-01,-1.055206091608348906e+01,4.985000000000000142e+01,5.048199999999999932e+01,6.000000000000000000e+01,0.000000000000000000e+00
2.887000000000000000e+03,2.127163726699048851e+00,-1.312751242169052812e+00,1.387041083291647148e+01,1.215602523644764288e-01,-1.055205611641284591e+01,4.985000000000000142e+01,5.028900000000000148e+01,6.000000000000000000e+01,0.000000000000000000e+00
2.888000000000000000e+03,1.926230611076054089e+00,-1.408441537725784176e+00,1.386198300624474378e+01,2.474049305439235402e-02,-1.055205135049729748e+01,4.985000000000000142e+01,5.032099999999999795e+01,6.000000000000000000e+01,0.000000000000000000e+00
2.889000000000000000e+03,2.480053602607743102e+00,-1.121370651055568768e+00,1.385527295316215834e+01,2.981979186006054050e-01,-1.055204661809945144e+01,4.985000000000000142e+01,5.022500000000000142e+01,6.000000000000000000e+01,0.000000000000000000e+00
2.890000000000000000e+03,2.272553728801883111e+00,-1.217060946612300132e+00,1.384799030888319216e+01,1.936662855145744877e-01,-1.055204191898358346e+01,4.985000000000000142e+01,5.025699999999999790e+01,6.000000000000000000e+01,0.000000000000000000e+00
2.891000000000000000e+03,2.444595832175309624e+00,-1.121370651055568768e+00,1.384128025580060672e+01,2.767234803459010517e-01,-1.055203725291562833e+01,4.985000000000000142e+01,5.022500000000000142e+01,6.000000000000000000e+01,0.000000000000000000e+00
2.892000000000000000e+03,2.619452258039860482e+00,-1.022690033762674977e+00,1.383516068738928873e+01,3.590142240764171433e-01,-1.055203261966316930e+01,4.985000000000000142e+01,5.019200000000000017e+01,6.000000000000000000e+01,0.000000000000000000e+00
2.893000000000000000e+03,2.404019592548175766e+00,-1.121370651055568768e+00,1.382845063430670329e+01,2.489676282924597195e-01,-1.055202801899541853e+01,4.985000000000000142e+01,5.022500000000000142e+01,6.000000000000000000e+01,0.000000000000000000e+00
2.894000000000000000e+03,3.143413992041027782e+00,-7.356191470924384745e-01,1.382404883948452756e+01,6.070077503321548162e-01,-1.055202345068321712e+01,4.985000000000000142e+01,5.009599999999999653e+01,6.000000000000000000e+01,0.000000000000000000e+00
2.895000000000000000e+03,3.493934017499205069e+00,-5.412482342428134308e-01,1.382081012053000002e+01,7.663910457110342245e-01,-1.055201891449901552e+01,4.985000000000000142e+01,5.003099999999999881e+01,6.000000000000000000e+01,0.000000000000000000e+00
2.896000000000000000e+03,3.832790544953571299e+00,-3.498676431293294975e-01,1.381871658396823399e+01,9.159560143315281788e-01,-1.055201441021686115e+01,4.985000000000000142e+01,4.996699999999999875e+01,6.000000000000000000e+01,0.000000000000000000e+00
2.897000000000000000e+03,3.978486911240530333e+00,-2.541773475725981335e-01,1.381719563860284872e+01,9.674785578226756666e-01,-1.055200993761239481e+01,4.985000000000000142e+01,4.993500000000000227e+01,6.000000000000000000e+01,0.000000000000000000e+00
2.898000000000000000e+03,4.128374381631603640e+00,-1.554967302797043427e-01,1.381626517790873088e+01,1.019611430465412916e+00,-1.055200549646283470e+01,4.985000000000000142e+01,4.990200000000000102e+01,6.000000000000000000e+01,0.000000000000000000e+00
2.899000000000000000e+03,4.082932827338096260e+00,-1.554967302797043427e-01,1.381533471721461304e+01,9.750959269501519033e-01,-1.055200108654696400e+01,4.985000000000000142e+01,4.990200000000000102e+01,6.000000000000000000e+01,0.000000000000000000e+00
2.900000000000000000e+03,3.470240537348093568e+00,-4.455579386860820668e-01,1.381266858945646625e+01,6.551265942228339245e-01,-1.055199670764512376e+01,4.985000000000000142e+01,4.999900000000000233e+01,6.000000000000000000e+01,0.000000000000000000e+00
2.901000000000000000e+03,3.814527225945875344e+00,-2.541773475725981335e-01,1.381114764409108098e+01,8.095492889665881764e-01,-1.055199235953919512e+01,4.985000000000000142e+01,4.993500000000000227e+01,6.000000000000000000e+01,0.000000000000000000e+00
2.902000000000000000e+03,3.971309651283000619e+00,-1.554967302797043427e-01,1.381021718339696314e+01,8.685772401783413699e-01,-1.055198804201259932e+01,4.985000000000000142e+01,4.990200000000000102e+01,6.000000000000000000e+01,0.000000000000000000e+00
2.903000000000000000e+03,3.932462018621633248e+00,-1.554967302797043427e-01,1.380928672270284530e+01,8.306557810487732452e-01,-1.055198375485027995e+01,4.985000000000000142e+01,4.990200000000000102e+01,6.000000000000000000e+01,0.000000000000000000e+00
2.904000000000000000e+03,3.701626585201429620e+00,-2.541773475725981335e-01,1.380776577733746002e+01,7.000176532752592218e-01,-1.055197949783869049e+01,4.985000000000000142e+01,4.993500000000000227e+01,6.000000000000000000e+01,0.000000000000000000e+00
2.905000000000000000e+03,3.863190992713674277e+00,-1.554967302797043427e-01,1.380683531664334218e+01,7.638276771158215572e-01,-1.055197527076578545e+01,4.985000000000000142e+01,4.990200000000000102e+01,6.000000000000000000e+01,0.000000000000000000e+00
2.906000000000000000e+03,3.635273166697320590e+00,-2.541773475725981335e-01,1.380531437127795691e+01,6.361072164129755180e-01,-1.055197107342101326e+01,4.985000000000000142e+01,4.993500000000000227e+01,6.000000000000000000e+01,0.000000000000000000e+00
2.907000000000000000e+03,3.799627798782069021e+00,-1.554967302797043427e-01,1.380438391058383907e+01,7.027075240732340022e-01,-1.055196690559530026e+01,4.985000000000000142e+01,4.990200000000000102e+01,6.000000000000000000e+01,0.000000000000000000e+00
2.908000000000000000e+03,3.768021770271523962e+00,-1.554967302797043427e-01,1.380345344988972123e+01,6.720278177425550448e-01,-1.055196276708104719e+01,4.985000000000000142e+01,4.990200000000000102e+01,6.000000000000000000e+01,0.000000000000000000e+00
2.909000000000000000e+03,3.737755166622344305e+00,-1.554967302797043427e-01,1.380252298919560339e+01,6.426875653785573128e-01,-1.055195865767211139e+01,4.985000000000000142e+01,4.990200000000000102e+01,6.000000000000000000e+01,0.000000000000000000e+00
2.910000000000000000e+03,3.515126114133790836e+00,-2.541773475725981335e-01,1.380100204383021811e+01,5.202559950399726629e-01,-1.055195457716380147e+01,4.985000000000000142e+01,4.993500000000000227e+01,6.000000000000000000e+01,0.000000000000000000e+00
2.911000000000000000e+03,3.303119804442481211e+00,-3.498676431293294975e-01,1.379890850726845208e+01,4.060294656562250526e-01,-1.055195052535286671e+01,4.985000000000000142e+01,4.996699999999999875e+01,6.000000000000000000e+01,0.000000000000000000e+00
2.912000000000000000e+03,2.150782878429525979e+00,-9.269997382059224078e-01,1.379336153005351484e+01,-1.636324113805838198e-01,-1.055194650203748274e+01,4.985000000000000142e+01,5.015999999999999659e+01,6.000000000000000000e+01,0.000000000000000000e+00
2.913000000000000000e+03,2.527934795235854182e+00,-7.356191470924384745e-01,1.378895973523133911e+01,2.653671411420044368e-02,-1.055194250701724812e+01,4.985000000000000142e+01,5.009599999999999653e+01,6.000000000000000000e+01,0.000000000000000000e+00
2.914000000000000000e+03,2.146827568117565477e+00,-9.269997382059224078e-01,1.378341275801640187e+01,-1.576469115997475856e-01,-1.055193854009316645e+01,4.985000000000000142e+01,5.015999999999999659e+01,6.000000000000000000e+01,0.000000000000000000e+00
2.915000000000000000e+03,1.960391868321304187e+00,-1.022690033762674977e+00,1.377729318960508387e+01,-2.422766864534575681e-01,-1.055193460106764647e+01,4.985000000000000142e+01,5.019200000000000017e+01,6.000000000000000000e+01,0.000000000000000000e+00
2.916000000000000000e+03,1.964853837537875236e+00,-1.022690033762674977e+00,1.377117362119376587e+01,-2.316990601487370349e-01,-1.055193068974447890e+01,4.985000000000000142e+01,5.019200000000000017e+01,6.000000000000000000e+01,0.000000000000000000e+00
2.917000000000000000e+03,1.968853967671563510e+00,-1.022690033762674977e+00,1.376505405278244787e+01,-2.215832454193692458e-01,-1.055192680592884003e+01,4.985000000000000142e+01,5.019200000000000017e+01,6.000000000000000000e+01,0.000000000000000000e+00
2.918000000000000000e+03,2.160187833938499224e+00,-9.269997382059224078e-01,1.375950707556751063e+01,-1.203965539958129910e-01,-1.055192294942727749e+01,4.985000000000000142e+01,5.015999999999999659e+01,6.000000000000000000e+01,0.000000000000000000e+00
2.919000000000000000e+03,1.778482306302999305e+00,-1.121370651055568768e+00,1.375279702248492519e+01,-3.010249450786595116e-01,-1.055191912004769783e+01,4.985000000000000142e+01,5.022500000000000142e+01,6.000000000000000000e+01,0.000000000000000000e+00
2.920000000000000000e+03,1.784918588795042282e+00,-1.121370651055568768e+00,1.374608696940233976e+01,-2.878824119523747394e-01,-1.055191531759935408e+01,4.985000000000000142e+01,5.022500000000000142e+01,6.000000000000000000e+01,0.000000000000000000e+00
2.921000000000000000e+03,1.790781050978308642e+00,-1.121370651055568768e+00,1.373937691631975433e+01,-2.753136723930328933e-01,-1.055191154189284397e+01,4.985000000000000142e+01,5.022500000000000142e+01,6.000000000000000000e+01,0.000000000000000000e+00
2.922000000000000000e+03,1.796094744456318892e+00,-1.121370651055568768e+00,1.373266686323716890e+01,-2.632936749851799707e-01,-1.055190779274010104e+01,4.985000000000000142e+01,5.022500000000000142e+01,6.000000000000000000e+01,0.000000000000000000e+00
2.923000000000000000e+03,1.237557389122645901e+00,-1.408441537725784176e+00,1.372423903656544120e+01,-5.263360397626358766e-01,-1.055190406995437513e+01,4.985000000000000142e+01,5.032099999999999795e+01,6.000000000000000000e+01,0.000000000000000000e+00
2.924000000000000000e+03,1.058469318615420818e+00,-1.507122155018677967e+00,1.371522072522244606e+01,-5.977288782381109389e-01,-1.055190037335023590e+01,4.985000000000000142e+01,5.035399999999999920e+01,6.000000000000000000e+01,0.000000000000000000e+00
2.925000000000000000e+03,3.244494412090386248e-01,-1.889883337245645611e+00,1.370391204909392791e+01,-9.376825678956903776e-01,-1.055189670274355329e+01,4.985000000000000142e+01,5.048199999999999932e+01,6.000000000000000000e+01,0.000000000000000000e+00
2.926000000000000000e+03,3.540829580294122536e-01,-1.889883337245645611e+00,1.369260337296540975e+01,-8.967440197388634182e-01,-1.055189305795148869e+01,4.985000000000000142e+01,5.048199999999999932e+01,6.000000000000000000e+01,0.000000000000000000e+00
2.927000000000000000e+03,1.882857072700367951e-01,-1.988563954538539402e+00,1.368070421216562416e+01,-9.519651115645525463e-01,-1.055188943879249486e+01,4.985000000000000142e+01,5.051500000000000057e+01,6.000000000000000000e+01,0.000000000000000000e+00
2.928000000000000000e+03,3.017684128199604743e-02,-2.084254250095270766e+00,1.366823246016945781e+01,-1.001915523705891209e+00,-1.055188584508630001e+01,4.985000000000000142e+01,5.054699999999999704e+01,6.000000000000000000e+01,0.000000000000000000e+00
2.929000000000000000e+03,6.145157064061912422e-02,-2.084254250095270766e+00,1.365576070817329146e+01,-9.581726107834991346e-01,-1.055188227665390244e+01,4.985000000000000142e+01,5.054699999999999704e+01,6.000000000000000000e+01,0.000000000000000000e+00
2.930000000000000000e+03,9.081649070915354116e-02,-2.084254250095270766e+00,1.364328895617712512e+01,-9.163394820551462594e-01,-1.055187873331755455e+01,4.985000000000000142e+01,5.054699999999999704e+01,6.000000000000000000e+01,0.000000000000000000e+00
2.931000000000000000e+03,1.183549814717963500e-01,-2.084254250095270766e+00,1.363081720418095877e+01,-8.763327577131303503e-01,-1.055187521490076108e+01,4.985000000000000142e+01,5.054699999999999704e+01,6.000000000000000000e+01,0.000000000000000000e+00
2.932000000000000000e+03,1.441467826089244397e-01,-2.084254250095270766e+00,1.361834545218479242e+01,-8.380726982523311053e-01,-1.055187172122826667e+01,4.985000000000000142e+01,5.054699999999999704e+01,6.000000000000000000e+01,0.000000000000000000e+00
2.933000000000000000e+03,1.682681524300946307e-01,-2.084254250095270766e+00,1.360587370018862607e+01,-8.014830455372113915e-01,-1.055186825212605051e+01,4.985000000000000142e+01,5.054699999999999704e+01,6.000000000000000000e+01,0.000000000000000000e+00
2.934000000000000000e+03,1.907920198681551938e-01,-2.084254250095270766e+00,1.359340194819245973e+01,-7.664908708077186050e-01,-1.055186480742131572e+01,4.985000000000000142e+01,5.054699999999999704e+01,6.000000000000000000e+01,0.000000000000000000e+00
2.935000000000000000e+03,2.117881298374033605e-01,-2.084254250095270766e+00,1.358093019619629338e+01,-7.330264293211400384e-01,-1.055186138694248044e+01,4.985000000000000142e+01,5.054699999999999704e+01,6.000000000000000000e+01,0.000000000000000000e+00
2.936000000000000000e+03,2.313231822454984155e-01,-2.084254250095270766e+00,1.356845844420012703e+01,-7.010230213401902333e-01,-1.055185799051916895e+01,4.985000000000000142e+01,5.054699999999999704e+01,6.000000000000000000e+01,0.000000000000000000e+00
2.937000000000000000e+03,2.494609649362313775e-01,-2.084254250095270766e+00,1.355598669220396069e+01,-6.704168591902586183e-01,-1.055185461798220103e+01,4.985000000000000142e+01,5.054699999999999704e+01,6.000000000000000000e+01,0.000000000000000000e+00
2.938000000000000000e+03,2.662624808280913413e-01,-2.084254250095270766e+00,1.354351494020779434e+01,-6.411469401208425012e-01,-1.055185126916359017e+01,4.985000000000000142e+01,5.054699999999999704e+01,6.000000000000000000e+01,0.000000000000000000e+00
2.939000000000000000e+03,2.817860695020684147e-01,-2.084254250095270766e+00,1.353104318821162799e+01,-6.131549247177586759e-01,-1.055184794389653113e+01,4.985000000000000142e+01,5.054699999999999704e+01,6.000000000000000000e+01,0.000000000000000000e+00
2.940000000000000000e+03,2.960875234810096401e-01,-2.084254250095270766e+00,1.351857143621546165e+01,-5.863850206237902762e-01,-1.055184464201539107e+01,4.985000000000000142e+01,5.054699999999999704e+01,6.000000000000000000e+01,0.000000000000000000e+00
2.941000000000000000e+03,3.092201994323175995e-01,-2.084254250095270766e+00,1.350609968421929530e+01,-5.607838713360076000e-01,-1.055184136335569889e+01,4.985000000000000142e+01,5.054699999999999704e+01,6.000000000000000000e+01,0.000000000000000000e+00
2.942000000000000000e+03,1.334597118549663008e-01,-2.179944545652023447e+00,1.349305534102674820e+01,-6.278129757656134569e-01,-1.055183810775414521e+01,4.985000000000000142e+01,5.057900000000000063e+01,6.000000000000000000e+01,0.000000000000000000e+00
2.943000000000000000e+03,3.356038781146608585e-01,-2.084254250095270766e+00,1.348058358903058185e+01,-5.088905857720859016e-01,-1.055183487504856465e+01,4.985000000000000142e+01,5.054699999999999704e+01,6.000000000000000000e+01,0.000000000000000000e+00
2.944000000000000000e+03,3.453531339510753639e-01,-2.084254250095270766e+00,1.346811183703441550e+01,-4.866727879101297449e-01,-1.055183166507793935e+01,4.985000000000000142e+01,5.054699999999999704e+01,6.000000000000000000e+01,0.000000000000000000e+00
2.945000000000000000e+03,3.541323540983416507e-01,-2.084254250095270766e+00,1.345564008503824915e+01,-4.654250031622613748e-01,-1.055182847768237586e+01,4.985000000000000142e+01,5.054699999999999704e+01,6.000000000000000000e+01,0.000000000000000000e+00
2.946000000000000000e+03,3.619838887918316317e-01,-2.084254250095270766e+00,1.344316833304208281e+01,-4.451048814518733798e-01,-1.055182531270310697e+01,4.985000000000000142e+01,5.054699999999999704e+01,6.000000000000000000e+01,0.000000000000000000e+00
2.947000000000000000e+03,3.689482392918428388e-01,-2.084254250095270766e+00,1.343069658104591646e+01,-4.256719216763181213e-01,-1.055182216998248457e+01,4.985000000000000142e+01,5.054699999999999704e+01,6.000000000000000000e+01,0.000000000000000000e+00
2.948000000000000000e+03,1.872887259478481781e-01,-2.179944545652023447e+00,1.341765223785336936e+01,-4.985999168895278721e-01,-1.055181904936396897e+01,4.985000000000000142e+01,5.057900000000000063e+01,6.000000000000000000e+01,0.000000000000000000e+00
2.949000000000000000e+03,3.837914087295519749e-01,-2.084254250095270766e+00,1.340518048585720301e+01,-3.853188763402591865e-01,-1.055181595069212186e+01,4.985000000000000142e+01,5.054699999999999704e+01,6.000000000000000000e+01,0.000000000000000000e+00
2.950000000000000000e+03,3.881454792998582093e-01,-2.084254250095270766e+00,1.339270873386103666e+01,-3.684961306533147685e-01,-1.055181287381259381e+01,4.985000000000000142e+01,5.054699999999999704e+01,6.000000000000000000e+01,0.000000000000000000e+00
2.951000000000000000e+03,3.917650592241983531e-01,-2.084254250095270766e+00,1.338023698186487032e+01,-3.524078539732759530e-01,-1.055180981857212608e+01,4.985000000000000142e+01,5.054699999999999704e+01,6.000000000000000000e+01,0.000000000000000000e+00
2.952000000000000000e+03,3.946822150446394062e-01,-2.084254250095270766e+00,1.336776522986870397e+01,-3.370219799102594505e-01,-1.055180678481853462e+01,4.985000000000000142e+01,5.054699999999999704e+01,6.000000000000000000e+01,0.000000000000000000e+00
2.953000000000000000e+03,3.969276133066035328e-01,-2.084254250095270766e+00,1.335529347787253762e+01,-3.223078420699576618e-01,-1.055180377240070655e+01,4.985000000000000142e+01,5.054699999999999704e+01,6.000000000000000000e+01,0.000000000000000000e+00
2.954000000000000000e+03,2.107551690210414108e-01,-2.179944545652023447e+00,1.334224913467999052e+01,-3.997486388383327816e-01,-1.055180078116859299e+01,4.985000000000000142e+01,5.057900000000000063e+01,6.000000000000000000e+01,0.000000000000000000e+00
2.955000000000000000e+03,4.029419474492321740e-01,-2.084254250095270766e+00,1.332977738268382417e+01,-2.907833741661228766e-01,-1.055179781097319847e+01,4.985000000000000142e+01,5.054699999999999704e+01,6.000000000000000000e+01,0.000000000000000000e+00
2.956000000000000000e+03,2.153931255873047235e-01,-2.179944545652023447e+00,1.331673303949127707e+01,-3.696005065853736338e-01,-1.055179486166657554e+01,4.985000000000000142e+01,5.057900000000000063e+01,6.000000000000000000e+01,0.000000000000000000e+00
2.957000000000000000e+03,2.184882039003905874e-01,-2.179944545652023447e+00,1.330368869629872997e+01,-3.534640136444958114e-01,-1.055179193310181951e+01,4.985000000000000142e+01,5.057900000000000063e+01,6.000000000000000000e+01,0.000000000000000000e+00
2.958000000000000000e+03,1.776356839400250465e-15,-2.470005754058401060e+00,1.363722415175652181e+01,-6.154293725650663571e-01,-1.055178902513305417e+01,4.985000000000000142e+01,5.067600000000000193e+01,6.000000000000000000e+01,0.000000000000000000e+00
2.959000000000000000e+03,5.812863017436580293e-01,-2.179944545652023447e+00,1.362417980856397470e+01,-3.111628235528572373e-01,-1.055178613761543538e+01,4.985000000000000142e+01,5.057900000000000063e+01,6.000000000000000000e+01,0.000000000000000000e+00
2.960000000000000000e+03,2.004111644214301435e-01,-2.374315458501648379e+00,1.360997238950377941e+01,-4.834624961755701333e-01,-1.055178327040513153e+01,4.985000000000000142e+01,5.064399999999999835e+01,6.000000000000000000e+01,0.000000000000000000e+00
2.961000000000000000e+03,7.765084377485376166e-01,-2.084254250095270766e+00,1.359750063750761306e+01,-1.849575263044787032e-01,-1.055178042335932709e+01,4.985000000000000142e+01,5.054699999999999704e+01,6.000000000000000000e+01,0.000000000000000000e+00
2.962000000000000000e+03,2.029204060453047020e-01,-2.374315458501648379e+00,1.358329321844741777e+01,-4.542797575642548158e-01,-1.055177759633621015e+01,4.985000000000000142e+01,5.064399999999999835e+01,6.000000000000000000e+01,0.000000000000000000e+00
2.963000000000000000e+03,5.899681293771426027e-01,-2.179944545652023447e+00,1.357024887525487067e+01,-2.485614110307406144e-01,-1.055177478919496359e+01,4.985000000000000142e+01,5.057900000000000063e+01,6.000000000000000000e+01,0.000000000000000000e+00
2.964000000000000000e+03,0.000000000000000000e+00,-2.565696049615132424e+00,1.372408731963550999e+01,-6.066192682246140944e-01,-1.055177200179576325e+01,4.985000000000000142e+01,5.070799999999999841e+01,6.000000000000000000e+01,0.000000000000000000e+00
2.965000000000000000e+03,5.803289479911217796e-01,-2.275634841208754811e+00,1.371047038524658213e+01,-3.027373620469387405e-01,-1.055176923399976729e+01,4.985000000000000142e+01,5.061099999999999710e+01,6.000000000000000000e+01,0.000000000000000000e+00
2.966000000000000000e+03,9.554828832765860369e-01,-2.084254250095270766e+00,1.369799863325041578e+01,-1.064950142094510388e-01,-1.055176648566910913e+01,4.985000000000000142e+01,5.054699999999999704e+01,6.000000000000000000e+01,0.000000000000000000e+00
2.967000000000000000e+03,1.329082163163072039e+00,-1.889883337245645611e+00,1.368668995712189762e+01,8.403929995371391126e-02,-1.055176375666689381e+01,4.985000000000000142e+01,5.048199999999999932e+01,6.000000000000000000e+01,0.000000000000000000e+00
2.968000000000000000e+03,9.326882943369643186e-01,-2.084254250095270766e+00,1.367421820512573127e+01,-1.055146138363082242e-01,-1.055176104685718919e+01,4.985000000000000142e+01,5.054699999999999704e+01,6.000000000000000000e+01,0.000000000000000000e+00
2.969000000000000000e+03,1.681795557717737921e+00,-1.698502746132161789e+00,1.366405471138997463e+01,2.680019485649441369e-01,-1.055175835610501878e+01,4.985000000000000142e+01,5.041799999999999926e+01,6.000000000000000000e+01,0.000000000000000000e+00
2.970000000000000000e+03,2.416903595307262620e+00,-1.312751242169052812e+00,1.365619947591462768e+01,6.252110458380433222e-01,-1.055175568427635469e+01,4.985000000000000142e+01,5.028900000000000148e+01,6.000000000000000000e+01,0.000000000000000000e+00
2.971000000000000000e+03,2.569530159838596006e+00,-1.217060946612300132e+00,1.364891683163566150e+01,6.894273060533443465e-01,-1.055175303123811048e+01,4.985000000000000142e+01,5.025699999999999790e+01,6.000000000000000000e+01,0.000000000000000000e+00
2.972000000000000000e+03,2.719925661060125677e+00,-1.121370651055568768e+00,1.364220677855307606e+01,7.508399304207546976e-01,-1.055175039685813587e+01,4.985000000000000142e+01,5.022500000000000142e+01,6.000000000000000000e+01,0.000000000000000000e+00
2.973000000000000000e+03,2.680437091172125363e+00,-1.121370651055568768e+00,1.363549672547049063e+01,7.180587977624177665e-01,-1.055174778100521316e+01,4.985000000000000142e+01,5.022500000000000142e+01,6.000000000000000000e+01,0.000000000000000000e+00
2.974000000000000000e+03,2.642379703619811337e+00,-1.121370651055568768e+00,1.362878667238790520e+01,6.867088658365209097e-01,-1.055174518354904478e+01,4.985000000000000142e+01,5.022500000000000142e+01,6.000000000000000000e+01,0.000000000000000000e+00
2.975000000000000000e+03,2.605691013335427186e+00,-1.121370651055568768e+00,1.362207661930531977e+01,6.567276494459269864e-01,-1.055174260436024980e+01,4.985000000000000142e+01,5.022500000000000142e+01,6.000000000000000000e+01,0.000000000000000000e+00
2.976000000000000000e+03,2.570311263309180916e+00,-1.121370651055568768e+00,1.361536656622273433e+01,6.280553914523746561e-01,-1.055174004331035853e+01,4.985000000000000142e+01,5.022500000000000142e+01,6.000000000000000000e+01,0.000000000000000000e+00
2.977000000000000000e+03,2.917602112451051610e+00,-9.269997382059224078e-01,1.360981958900779709e+01,7.865197619209804980e-01,-1.055173750027180368e+01,4.985000000000000142e+01,5.015999999999999659e+01,6.000000000000000000e+01,0.000000000000000000e+00
2.978000000000000000e+03,4.010239229496798785e+00,-3.498676431293294975e-01,1.360772605244603106e+01,1.304115795298011360e+00,-1.055173497511791503e+01,4.985000000000000142e+01,4.996699999999999875e+01,6.000000000000000000e+01,0.000000000000000000e+00
2.979000000000000000e+03,4.332630247335885088e+00,-1.554967302797043427e-01,1.360679559175191322e+01,1.433063853586591163e+00,-1.055173246772291407e+01,4.985000000000000142e+01,4.990200000000000102e+01,6.000000000000000000e+01,0.000000000000000000e+00
2.980000000000000000e+03,4.269135736733044695e+00,-1.554967302797043427e-01,1.360586513105779538e+01,1.370497313916858140e+00,-1.055172997796190515e+01,4.985000000000000142e+01,4.990200000000000102e+01,6.000000000000000000e+01,0.000000000000000000e+00
2.981000000000000000e+03,4.396148231513329563e+00,-5.980643472295177343e-02,1.360550726156005830e+01,1.402174910387094631e+00,-1.055172750571087192e+01,4.985000000000000142e+01,4.986999999999999744e+01,6.000000000000000000e+01,0.000000000000000000e+00
2.982000000000000000e+03,5.091544498596379142e+00,3.259450692401572591e-01,1.360745765032272914e+01,1.709866829880162475e+00,-1.055172505084667023e+01,4.985000000000000142e+01,4.974099999999999966e+01,6.000000000000000000e+01,0.000000000000000000e+00
2.983000000000000000e+03,5.206621178601929856e+00,4.216353647968886231e-01,1.360998063028178073e+01,1.726727796770283652e+00,-1.055172261324702276e+01,4.985000000000000142e+01,4.970900000000000318e+01,6.000000000000000000e+01,0.000000000000000000e+00
2.984000000000000000e+03,5.509309707604142403e+00,6.130159559103725009e-01,1.361364879263359384e+01,1.834365151850687603e+00,-1.055172019279051199e+01,4.985000000000000142e+01,4.964500000000000313e+01,6.000000000000000000e+01,0.000000000000000000e+00
2.985000000000000000e+03,5.057342381637683459e+00,4.216353647968886231e-01,1.361617177259264544e+01,1.571253033604723459e+00,-1.055171778935657301e+01,4.985000000000000142e+01,4.970900000000000318e+01,6.000000000000000000e+01,0.000000000000000000e+00
2.986000000000000000e+03,5.560462187632326803e+00,7.116965732032662917e-01,1.362043041961572598e+01,1.780050597638823451e+00,-1.055171540282548825e+01,4.985000000000000142e+01,4.961200000000000188e+01,6.000000000000000000e+01,0.000000000000000000e+00
2.987000000000000000e+03,5.674782885100070118e+00,8.073868687600188609e-01,1.362526165783518728e+01,1.793847391583248907e+00,-1.055171303307838748e+01,4.985000000000000142e+01,4.957999999999999829e+01,6.000000000000000000e+01,0.000000000000000000e+00
2.988000000000000000e+03,5.601298386312766553e+00,8.073868687600188609e-01,1.363009289605464858e+01,1.715529301495326342e+00,-1.055171067999722823e+01,4.985000000000000142e+01,4.957999999999999829e+01,6.000000000000000000e+01,0.000000000000000000e+00
2.989000000000000000e+03,5.719008595259809979e+00,9.030771643167502249e-01,1.363549672547049063e+01,1.732143048937373253e+00,-1.055170834346480468e+01,4.985000000000000142e+01,4.954800000000000182e+01,6.000000000000000000e+01,0.000000000000000000e+00
2.990000000000000000e+03,5.648790622016814922e+00,9.030771643167502249e-01,1.364090055488633269e+01,1.656518926178460971e+00,-1.055170602336472996e+01,4.985000000000000142e+01,4.954800000000000182e+01,6.000000000000000000e+01,0.000000000000000000e+00
2.991000000000000000e+03,6.151068547026252276e+00,1.193138372723127949e+00,1.364804005136620368e+01,1.861593842518364905e+00,-1.055170371958144315e+01,4.985000000000000142e+01,4.945100000000000051e+01,6.000000000000000000e+01,0.000000000000000000e+00
2.992000000000000000e+03,5.695515672590710565e+00,9.987674598735027942e-01,1.365401647197842649e+01,1.594433172738969784e+00,-1.055170143200018806e+01,4.985000000000000142e+01,4.951599999999999824e+01,6.000000000000000000e+01,0.000000000000000000e+00
2.993000000000000000e+03,5.631882556329541600e+00,9.987674598735027942e-01,1.365999289259064930e+01,1.524821364372411781e+00,-1.055169916050702206e+01,4.985000000000000142e+01,4.951599999999999824e+01,6.000000000000000000e+01,0.000000000000000000e+00
2.994000000000000000e+03,5.383513213041821288e+00,9.030771643167502249e-01,1.366539672200649136e+01,1.366736231707376792e+00,-1.055169690498879653e+01,4.985000000000000142e+01,4.954800000000000182e+01,6.000000000000000000e+01,0.000000000000000000e+00
2.995000000000000000e+03,5.141473146166253727e+00,8.073868687600188609e-01,1.367022796022595266e+01,1.215552982513449232e+00,-1.055169466533316758e+01,4.985000000000000142e+01,4.957999999999999829e+01,6.000000000000000000e+01,0.000000000000000000e+00
2.996000000000000000e+03,5.093236437194477162e+00,8.073868687600188609e-01,1.367505919844541395e+01,1.162482811417619111e+00,-1.055169244142857465e+01,4.985000000000000142e+01,4.957999999999999829e+01,6.000000000000000000e+01,0.000000000000000000e+00
2.997000000000000000e+03,5.047316718176318773e+00,8.073868687600188609e-01,1.367989043666487525e+01,1.111729645915668696e+00,-1.055169023316424415e+01,4.985000000000000142e+01,4.957999999999999829e+01,6.000000000000000000e+01,0.000000000000000000e+00
2.998000000000000000e+03,4.815837417759290418e+00,7.116965732032662917e-01,1.368414908368795579e+01,9.716798012982506005e-01,-1.055168804043018227e+01,4.985000000000000142e+01,4.961200000000000188e+01,6.000000000000000000e+01,0.000000000000000000e+00
2.999000000000000000e+03,4.396256592153292786e+00,5.173256603536411369e-01,1.368724465484338815e+01,7.433721400734294438e-01,-1.055168586311716616e+01,4.985000000000000142e+01,4.967699999999999960e+01,6.000000000000000000e+01,0.000000000000000000e+00
3.000000000000000000e+03,4.179123818358840836e+00,4.216353647968886231e-01,1.368976763480243974e+01,6.194045198762575533e-01,-1.055168370111674392e+01,4.985000000000000142e+01,4.970900000000000318e+01,6.000000000000000000e+01,0.000000000000000000e+00
